phase,machine,reader,revision,implementation,storage_type,content_id,workload,selection_shape,cache_policy,timing_policy,output_dtype,output_device,decode_workers,file_workers,read_buffer_chunks,queries_per_pass,samples_per_batch,query_reference_sha256,seed,byte_domain,comparison_group,configuration_id,raw_chunk_bytes,chunk_shape,shard_shape,shard_grid,shard_count,raw_shard_bytes,codec,codec_level,shuffle,block_bytes,effective_block_bytes,array_shape,array_count,source_dtype,input_kind,content,frontier_objective,winner_selection,summary_id,repetitions,source_run_ids,source_locators,variation_definition,primary_gib_s_median,primary_gib_s_min,primary_gib_s_max,output_active_gib_s_median,output_active_gib_s_min,output_active_gib_s_max,output_wall_gib_s_median,output_wall_gib_s_min,output_wall_gib_s_max,useful_active_gib_s_median,useful_active_gib_s_min,useful_active_gib_s_max,useful_wall_gib_s_median,useful_wall_gib_s_min,useful_wall_gib_s_max,storage_active_gib_s_median,storage_active_gib_s_min,storage_active_gib_s_max,storage_wall_gib_s_median,storage_wall_gib_s_min,storage_wall_gib_s_max,decoded_amplification_median,decoded_amplification_min,decoded_amplification_max,modeled_decoded_amplification_median,modeled_decoded_amplification_min,modeled_decoded_amplification_max,encoded_amplification_median,encoded_amplification_min,encoded_amplification_max,storage_amplification_median,storage_amplification_min,storage_amplification_max,nfs_payload_gib_s_median,nfs_payload_gib_s_min,nfs_payload_gib_s_max,compression_ratio_median,compression_ratio_min,compression_ratio_max,seconds_median,seconds_min,seconds_max,active_seconds_median,active_seconds_min,active_seconds_max,samples_per_second_median,samples_per_second_min,samples_per_second_max,process_peak_rss_bytes_median,process_peak_rss_bytes_min,process_peak_rss_bytes_max,fastest_median_among_tested,figure,panel,source_file,source_record,study_id,study_kind,archive_disposition,study_status,input_id,dataset_version,input_sha256,hostname,backend,allocated_cpus,worker_threads,sink,nconnect,dtype,raw_shard_capacity_bytes,concurrent_shard_target,actual_layer_shards_geometry,blosc_block_requested_bytes,gpu_block_model_bytes,io_workers,output_buffers,requested_duration_s,requested_warmup_s,minimum_logical_gib,current_report_selected,data_issue,comparison_group_definition,role,attempts,valid_observations,failure_records,excluded_records,run_ids,median_logical_gibs,min_logical_gibs,max_logical_gibs,logical_byte_sum,sink_write_byte_sum,summed_logical_fold,sink_write_bytes_per_logical_byte,sink_write_bytes_per_logical_gib,minimum_measurement_s,maximum_measurement_s,median_drain_fraction,minimum_logical_bytes,maximum_logical_bytes,cycles_have_partial_tails,proxy_frontier_eligible,strict_final_stored_size_winner,proxy_frontier,proxy_within_10pct,proxy_10pct_winner,proxy_size_penalty_percent,size_basis,tested_configurations_in_group,tested_chunk_bytes_in_group,raw_source_file
cpu-small-chunks,cpu-turin-gp-l-244-025,damacy,8d0931e7d131fd5d4c565458736ab586012c78c1,chunks256-random,local block storage,740d0d35e921091ce2e4b15fcaa7c94ee42c2adc719b21808e09cb251a2dda22,random-1x256x256,"[1,256,256]",zero client file residency before every pass; within-pass reuse allowed,"active planning, reads, decode, dtype conversion and assembly; preparation/cache control excluded",float32,host memory,32,16,256,16384,128,24c5fbbf13d9b91cd7083cd7f55229ee2eef4221274a0c30c81d26a308260ddc,20262916,returned float32 output,9577427ed99ded0e5478,smooth4-zstd-16-16,16384,"[1,64,128]","[512,1024,1024]","[1,4,4]",16,1073741824,zstd,3,bitshuffle,16384,[16384],"[512,4096,4096]",1,uint16,synthetic,smooth4,maximize compression and output throughput; original traffic frontier retained separately,undefined; no recorded scalar read winner rule,7570ff4d4cc287bd501d,3,"[""b2cc4577ad9765ecca08b0f0"",""91d0833c9d6782728787e62a"",""49542856c45b6443772fb8c9""]","[""/mnt/main0/home/nclack/tmp/2026-09-24-damacy-cold-chunks/job-3811387/results/smooth4-zstd-c16-b16/random-1x256x256/cold/repeat-1/chunks256-random/measurements.json#/measurements/0"",""/mnt/main0/home/nclack/tmp/2026-09-24-damacy-cold-chunks/job-3811387/results/smooth4-zstd-c16-b16/random-1x256x256/cold/repeat-2/chunks256-random/measurements.json#/measurements/0"",""/mnt/main0/home/nclack/tmp/2026-09-24-damacy-cold-chunks/job-3811387/results/smooth4-zstd-c16-b16/random-1x256x256/cold/repeat-3/chunks256-random/measurements.json#/measurements/0""]",observed min/max; not a confidence interval,3.871399624138299,3.8648597372223,3.8793649549319795,3.871399624138299,3.8648597372223,3.8793649549319795,3.192048009572665,3.1728857529105805,3.1933636867824644,1.9356998120691495,1.93242986861115,1.9396824774659898,1.5960240047863326,1.5864428764552903,1.5966818433912322,1.995440944155123,1.9920700810592644,1.9995465257903404,1.645281787572602,1.6354049587152752,1.6459599289242093,1.8616943359375,1.8616943359375,1.8616943359375,1.8616943359375,1.8616943359375,1.8616943359375,1.0136786745861173,1.0136786745861173,1.0136786745861173,1.030862808227539,1.030862808227539,1.030862808227539,,,,1.8333944608562351,1.8333944608562351,1.8333944608562351,12.53113984502852,12.525976970791817,12.60682013630867,10.332180576398969,10.310965960845351,10.349664080888033,15857.252860470473,15830.465483662541,15889.878855401388,210984960.0,208883712.0,211886080.0,False,read-workloads,1,read-summary.csv,summary_id=7570ff4d4cc287bd501d,,,,,,,,,,,,,,,,,,,,,,,,,,,,,,,,,,,,,,,,,,,,,,,,,,,,,,,,,
cpu-small-chunks,cpu-turin-gp-l-244-025,damacy,8d0931e7d131fd5d4c565458736ab586012c78c1,chunks256-random,local block storage,740d0d35e921091ce2e4b15fcaa7c94ee42c2adc719b21808e09cb251a2dda22,random-1x256x256,"[1,256,256]",zero client file residency before every pass; within-pass reuse allowed,"active planning, reads, decode, dtype conversion and assembly; preparation/cache control excluded",float32,host memory,32,16,256,16384,128,24c5fbbf13d9b91cd7083cd7f55229ee2eef4221274a0c30c81d26a308260ddc,20262916,returned float32 output,9577427ed99ded0e5478,smooth4-zstd-32-16,32768,"[1,128,128]","[512,1024,1024]","[1,4,4]",16,1073741824,zstd,3,bitshuffle,16384,[16384],"[512,4096,4096]",1,uint16,synthetic,smooth4,maximize compression and output throughput; original traffic frontier retained separately,undefined; no recorded scalar read winner rule,6107d0ef007c625a3731,3,"[""4ae5a4da3e5e32941b547579"",""806a9d912c736620ec3e5244"",""0ab5af6c633b366caa37c837""]","[""/mnt/main0/home/nclack/tmp/2026-09-24-damacy-cold-chunks/job-3811387/results/smooth4-zstd-c32-b16/random-1x256x256/cold/repeat-1/chunks256-random/measurements.json#/measurements/0"",""/mnt/main0/home/nclack/tmp/2026-09-24-damacy-cold-chunks/job-3811387/results/smooth4-zstd-c32-b16/random-1x256x256/cold/repeat-2/chunks256-random/measurements.json#/measurements/0"",""/mnt/main0/home/nclack/tmp/2026-09-24-damacy-cold-chunks/job-3811387/results/smooth4-zstd-c32-b16/random-1x256x256/cold/repeat-3/chunks256-random/measurements.json#/measurements/0""]",observed min/max; not a confidence interval,3.9322356744163263,3.9082646269967105,3.942837714713081,3.9322356744163263,3.9082646269967105,3.942837714713081,3.205022599475194,3.1816837030888125,3.225796794766758,1.9661178372081631,1.9541323134983553,1.9714188573565405,1.602511299737597,1.5908418515444063,1.612898397383379,2.2100975325068597,2.1966246999657226,2.216056367388463,1.8013702954821649,1.7882527609329084,1.8130463499090188,2.2350616455078125,2.2350616455078125,2.2350616455078125,2.2350616455078125,2.2350616455078125,2.2350616455078125,1.215849784668535,1.215849784668535,1.215849784668535,1.1240921020507812,1.1240921020507812,1.1240921020507812,,,,1.8366829025162181,1.8366829025162181,1.8366829025162181,12.48041121661663,12.400037121027708,12.571959922090173,10.172330275177956,10.144977524876595,10.234721498563886,16106.437322409272,16008.251912178526,16149.86327946478,132202496.0,131780608.0,136384512.0,True,read-workloads,1,read-summary.csv,summary_id=6107d0ef007c625a3731,,,,,,,,,,,,,,,,,,,,,,,,,,,,,,,,,,,,,,,,,,,,,,,,,,,,,,,,,
cpu-small-chunks,cpu-turin-gp-l-244-025,damacy,8d0931e7d131fd5d4c565458736ab586012c78c1,chunks256-random,local block storage,740d0d35e921091ce2e4b15fcaa7c94ee42c2adc719b21808e09cb251a2dda22,random-1x256x256,"[1,256,256]",zero client file residency before every pass; within-pass reuse allowed,"active planning, reads, decode, dtype conversion and assembly; preparation/cache control excluded",float32,host memory,32,16,256,16384,128,24c5fbbf13d9b91cd7083cd7f55229ee2eef4221274a0c30c81d26a308260ddc,20262916,returned float32 output,9577427ed99ded0e5478,smooth4-zstd-64-16,65536,"[1,128,256]","[512,1024,1024]","[1,4,4]",16,1073741824,zstd,3,bitshuffle,16384,[16384],"[512,4096,4096]",1,uint16,synthetic,smooth4,maximize compression and output throughput; original traffic frontier retained separately,undefined; no recorded scalar read winner rule,f6decb78377080b06ebd,3,"[""1dee2c9513f8bde53845985d"",""16ec380bff0b984ea309464d"",""fb28d3b41398986e789633d1""]","[""/mnt/main0/home/nclack/tmp/2026-09-24-damacy-cold-chunks/job-3811387/results/smooth4-zstd-c64-b16/random-1x256x256/cold/repeat-1/chunks256-random/measurements.json#/measurements/0"",""/mnt/main0/home/nclack/tmp/2026-09-24-damacy-cold-chunks/job-3811387/results/smooth4-zstd-c64-b16/random-1x256x256/cold/repeat-2/chunks256-random/measurements.json#/measurements/0"",""/mnt/main0/home/nclack/tmp/2026-09-24-damacy-cold-chunks/job-3811387/results/smooth4-zstd-c64-b16/random-1x256x256/cold/repeat-3/chunks256-random/measurements.json#/measurements/0""]",observed min/max; not a confidence interval,3.221722040313703,3.213135355190138,3.2308830061665472,3.221722040313703,3.213135355190138,3.2308830061665472,2.638852918450647,2.6251185003507347,2.6590548357783446,1.6108610201568514,1.606567677595069,1.6154415030832736,1.3194264592253235,1.3125592501753673,1.3295274178891723,2.2614357901135778,2.2554085050735018,2.267866182243128,1.8523002170754894,1.8426595639530674,1.8664806269004544,2.98046875,2.98046875,2.98046875,2.98046875,2.98046875,2.98046875,1.627149775158614,1.627149775158614,1.627149775158614,1.4038677215576172,1.4038677215576172,1.4038677215576172,,,,1.8309433434379625,1.8309433434379625,1.8309433434379625,13.642291219905019,13.538645204156637,13.713666638359427,11.174148343503475,11.142464747652411,11.204009797424078,13196.173477124927,13161.002414858805,13233.696793258177,131821568.0,128684032.0,134537216.0,False,read-workloads,1,read-summary.csv,summary_id=f6decb78377080b06ebd,,,,,,,,,,,,,,,,,,,,,,,,,,,,,,,,,,,,,,,,,,,,,,,,,,,,,,,,,
cpu-small-chunks,cpu-turin-gp-l-244-025,damacy,8d0931e7d131fd5d4c565458736ab586012c78c1,chunks256-random,local block storage,740d0d35e921091ce2e4b15fcaa7c94ee42c2adc719b21808e09cb251a2dda22,random-1x256x256,"[1,256,256]",zero client file residency before every pass; within-pass reuse allowed,"active planning, reads, decode, dtype conversion and assembly; preparation/cache control excluded",float32,host memory,32,16,256,16384,128,24c5fbbf13d9b91cd7083cd7f55229ee2eef4221274a0c30c81d26a308260ddc,20262916,returned float32 output,9577427ed99ded0e5478,smooth4-zstd-128-16,131072,"[1,256,256]","[512,1024,1024]","[1,4,4]",16,1073741824,zstd,3,bitshuffle,16384,[16384],"[512,4096,4096]",1,uint16,synthetic,smooth4,maximize compression and output throughput; original traffic frontier retained separately,undefined; no recorded scalar read winner rule,ac019b78cdf5a2e01fdc,3,"[""7a044b224c6a6b07ce94595c"",""1b570242ad5ff574e62834f9"",""450e51486de6c5117b105e83""]","[""/mnt/main0/home/nclack/tmp/2026-09-24-damacy-cold-chunks/job-3811387/results/smooth4-zstd-c128-b16/random-1x256x256/cold/repeat-1/chunks256-random/measurements.json#/measurements/0"",""/mnt/main0/home/nclack/tmp/2026-09-24-damacy-cold-chunks/job-3811387/results/smooth4-zstd-c128-b16/random-1x256x256/cold/repeat-2/chunks256-random/measurements.json#/measurements/0"",""/mnt/main0/home/nclack/tmp/2026-09-24-damacy-cold-chunks/job-3811387/results/smooth4-zstd-c128-b16/random-1x256x256/cold/repeat-3/chunks256-random/measurements.json#/measurements/0""]",observed min/max; not a confidence interval,3.500600013025718,3.495149446564383,3.5316734275075,3.500600013025718,3.495149446564383,3.5316734275075,2.78496065362859,2.779969290183646,2.8114054477854076,1.750300006512859,1.7475747232821914,1.76583671375375,1.392480326814295,1.389984645091823,1.4057027238927038,3.0033972716507877,2.9987208686404427,3.0300572179251954,2.389402730286012,2.385120308045088,2.412091475736625,3.97491455078125,3.97491455078125,3.97491455078125,3.97491455078125,3.97491455078125,3.97491455078125,2.1697093159891665,2.1697093159891665,2.1697093159891665,1.715932846069336,1.715932846069336,1.715932846069336,,,,1.8317621551383316,1.8317621551383316,1.8317621551383316,12.926574008539319,12.80498336814344,12.949783340096474,10.283951284363866,10.193467980250716,10.299988755956292,14338.457653353342,14316.132133127712,14465.73435907072,148217856.0,145907712.0,150130688.0,False,read-workloads,1,read-summary.csv,summary_id=ac019b78cdf5a2e01fdc,,,,,,,,,,,,,,,,,,,,,,,,,,,,,,,,,,,,,,,,,,,,,,,,,,,,,,,,,
cpu-small-chunks,cpu-turin-gp-l-244-025,tensorstore,0.1.85,tensorstore,local block storage,740d0d35e921091ce2e4b15fcaa7c94ee42c2adc719b21808e09cb251a2dda22,random-1x256x256,"[1,256,256]",zero client file residency before every pass; within-pass reuse allowed,"active planning, reads, decode, dtype conversion and assembly; preparation/cache control excluded",float32,host memory,32,16,,16384,128,24c5fbbf13d9b91cd7083cd7f55229ee2eef4221274a0c30c81d26a308260ddc,20262916,returned float32 output,d02545ec5d020d2381ed,smooth4-zstd-16-16,16384,"[1,64,128]","[512,1024,1024]","[1,4,4]",16,1073741824,zstd,3,bitshuffle,16384,[16384],"[512,4096,4096]",1,uint16,synthetic,smooth4,maximize compression and output throughput; original traffic frontier retained separately,undefined; no recorded scalar read winner rule,eab44d95242612caf841,3,"[""672693e056dc26ad33f1daae"",""41ae1d76edd4f2b7f695ba4b"",""8d1bb5014f567fc09149bc71""]","[""/mnt/main0/home/nclack/tmp/2026-09-24-damacy-cold-chunks/job-3811387/results/smooth4-zstd-c16-b16/random-1x256x256/cold/repeat-1/tensorstore/measurements.json#/measurements/0"",""/mnt/main0/home/nclack/tmp/2026-09-24-damacy-cold-chunks/job-3811387/results/smooth4-zstd-c16-b16/random-1x256x256/cold/repeat-2/tensorstore/measurements.json#/measurements/0"",""/mnt/main0/home/nclack/tmp/2026-09-24-damacy-cold-chunks/job-3811387/results/smooth4-zstd-c16-b16/random-1x256x256/cold/repeat-3/tensorstore/measurements.json#/measurements/0""]",observed min/max; not a confidence interval,2.518256178080527,2.4718462650215884,2.5192123701324256,2.518256178080527,2.4718462650215884,2.5192123701324256,2.0908478254496843,2.00932808859666,2.094605162919878,1.2591280890402634,1.2359231325107942,1.2596061850662128,1.0454239127248421,1.00466404429833,1.047302581459939,1.6214674985543025,1.591046416317063,1.6217454482772298,1.3523433683165265,1.2996704466317757,1.3555166800998915,,,,1.8616943359375,1.8616943359375,1.8616943359375,,,,1.2873344421386719,1.2872813088553292,1.2879908425467355,,,,1.8333944608562351,1.8333944608562351,1.8333944608562351,13.391696736216545,13.367674488574266,13.935006512328982,11.11880524456501,11.114584991708398,11.327565308660269,10314.777305417838,10124.682301528426,10318.693868062415,504025088.0,501190656.0,506114048.0,False,read-workloads,1,read-summary.csv,summary_id=eab44d95242612caf841,,,,,,,,,,,,,,,,,,,,,,,,,,,,,,,,,,,,,,,,,,,,,,,,,,,,,,,,,
cpu-small-chunks,cpu-turin-gp-l-244-025,tensorstore,0.1.85,tensorstore,local block storage,740d0d35e921091ce2e4b15fcaa7c94ee42c2adc719b21808e09cb251a2dda22,random-1x256x256,"[1,256,256]",zero client file residency before every pass; within-pass reuse allowed,"active planning, reads, decode, dtype conversion and assembly; preparation/cache control excluded",float32,host memory,32,16,,16384,128,24c5fbbf13d9b91cd7083cd7f55229ee2eef4221274a0c30c81d26a308260ddc,20262916,returned float32 output,d02545ec5d020d2381ed,smooth4-zstd-32-16,32768,"[1,128,128]","[512,1024,1024]","[1,4,4]",16,1073741824,zstd,3,bitshuffle,16384,[16384],"[512,4096,4096]",1,uint16,synthetic,smooth4,maximize compression and output throughput; original traffic frontier retained separately,undefined; no recorded scalar read winner rule,2ed41f5de31097d9b6ab,3,"[""144123816ba2bdcc575a23d6"",""c2b6a986144a6890bcdf0f88"",""e876d2a8f8b391442ecffd86""]","[""/mnt/main0/home/nclack/tmp/2026-09-24-damacy-cold-chunks/job-3811387/results/smooth4-zstd-c32-b16/random-1x256x256/cold/repeat-1/tensorstore/measurements.json#/measurements/0"",""/mnt/main0/home/nclack/tmp/2026-09-24-damacy-cold-chunks/job-3811387/results/smooth4-zstd-c32-b16/random-1x256x256/cold/repeat-2/tensorstore/measurements.json#/measurements/0"",""/mnt/main0/home/nclack/tmp/2026-09-24-damacy-cold-chunks/job-3811387/results/smooth4-zstd-c32-b16/random-1x256x256/cold/repeat-3/tensorstore/measurements.json#/measurements/0""]",observed min/max; not a confidence interval,2.6853015622851006,2.630441480009933,2.699626552773488,2.6853015622851006,2.630441480009933,2.699626552773488,2.1922584456732515,2.145343052897756,2.203541402565473,1.3426507811425503,1.3152207400049665,1.349813276386744,1.0961292228366257,1.072671526448878,1.1017707012827365,1.9806829676277677,1.9425073408096425,1.991749673705107,1.6202571047052532,1.5874499010666288,1.6290047105786833,,,,2.2350616455078125,2.2350616455078125,2.2350616455078125,,,,1.475574220929827,1.475203377859933,1.4769439697265625,,,,1.8366829025162181,1.8366829025162181,1.8366829025162181,12.77221673168242,12.706818200647831,13.051525704562664,10.427134290337563,10.371804933995008,10.644600996747613,10998.995199119772,10774.288302120685,11057.670360160208,381140992.0,377413632.0,384012288.0,False,read-workloads,1,read-summary.csv,summary_id=2ed41f5de31097d9b6ab,,,,,,,,,,,,,,,,,,,,,,,,,,,,,,,,,,,,,,,,,,,,,,,,,,,,,,,,,
cpu-small-chunks,cpu-turin-gp-l-244-025,tensorstore,0.1.85,tensorstore,local block storage,740d0d35e921091ce2e4b15fcaa7c94ee42c2adc719b21808e09cb251a2dda22,random-1x256x256,"[1,256,256]",zero client file residency before every pass; within-pass reuse allowed,"active planning, reads, decode, dtype conversion and assembly; preparation/cache control excluded",float32,host memory,32,16,,16384,128,24c5fbbf13d9b91cd7083cd7f55229ee2eef4221274a0c30c81d26a308260ddc,20262916,returned float32 output,d02545ec5d020d2381ed,smooth4-zstd-64-16,65536,"[1,128,256]","[512,1024,1024]","[1,4,4]",16,1073741824,zstd,3,bitshuffle,16384,[16384],"[512,4096,4096]",1,uint16,synthetic,smooth4,maximize compression and output throughput; original traffic frontier retained separately,undefined; no recorded scalar read winner rule,47096854b7057272bacc,3,"[""9f237ca4fdc822dcfd773ac3"",""2b02b92486e4606acd0f7039"",""fa54a390839da9e8b4b42f31""]","[""/mnt/main0/home/nclack/tmp/2026-09-24-damacy-cold-chunks/job-3811387/results/smooth4-zstd-c64-b16/random-1x256x256/cold/repeat-1/tensorstore/measurements.json#/measurements/0"",""/mnt/main0/home/nclack/tmp/2026-09-24-damacy-cold-chunks/job-3811387/results/smooth4-zstd-c64-b16/random-1x256x256/cold/repeat-2/tensorstore/measurements.json#/measurements/0"",""/mnt/main0/home/nclack/tmp/2026-09-24-damacy-cold-chunks/job-3811387/results/smooth4-zstd-c64-b16/random-1x256x256/cold/repeat-3/tensorstore/measurements.json#/measurements/0""]",observed min/max; not a confidence interval,2.4972368843186956,2.492535519889434,2.507417711725836,2.4972368843186956,2.492535519889434,2.507417711725836,2.0273671299758327,2.0130538986928594,2.0385865388563262,1.2486184421593478,1.246267759944717,1.253708855862918,1.0136835649879163,1.0065269493464297,1.0192932694281631,2.240157527286531,2.232291156671107,2.241097706624624,1.8210030476364611,1.8044418132453803,1.8228878037529719,,,,2.98046875,2.98046875,2.98046875,,,,1.7911810193743025,1.7868243626185827,1.7948619297572546,,,,1.8309433434379625,1.8309433434379625,1.8309433434379625,13.81101606413722,13.73500681295991,13.90921525657177,11.212392454966903,11.166866960003972,11.233541017398238,10228.682278169377,10209.425489467121,10270.382947229024,377679872.0,368586752.0,382353408.0,False,read-workloads,1,read-summary.csv,summary_id=47096854b7057272bacc,,,,,,,,,,,,,,,,,,,,,,,,,,,,,,,,,,,,,,,,,,,,,,,,,,,,,,,,,
cpu-small-chunks,cpu-turin-gp-l-244-025,tensorstore,0.1.85,tensorstore,local block storage,740d0d35e921091ce2e4b15fcaa7c94ee42c2adc719b21808e09cb251a2dda22,random-1x256x256,"[1,256,256]",zero client file residency before every pass; within-pass reuse allowed,"active planning, reads, decode, dtype conversion and assembly; preparation/cache control excluded",float32,host memory,32,16,,16384,128,24c5fbbf13d9b91cd7083cd7f55229ee2eef4221274a0c30c81d26a308260ddc,20262916,returned float32 output,d02545ec5d020d2381ed,smooth4-zstd-128-16,131072,"[1,256,256]","[512,1024,1024]","[1,4,4]",16,1073741824,zstd,3,bitshuffle,16384,[16384],"[512,4096,4096]",1,uint16,synthetic,smooth4,maximize compression and output throughput; original traffic frontier retained separately,undefined; no recorded scalar read winner rule,94f7c74db6b0d14d5c4c,3,"[""551f81cb990d07e46cb40c45"",""7e2767ec0449d740c94d97ed"",""4121ad6da52ee251f7abc0a9""]","[""/mnt/main0/home/nclack/tmp/2026-09-24-damacy-cold-chunks/job-3811387/results/smooth4-zstd-c128-b16/random-1x256x256/cold/repeat-1/tensorstore/measurements.json#/measurements/0"",""/mnt/main0/home/nclack/tmp/2026-09-24-damacy-cold-chunks/job-3811387/results/smooth4-zstd-c128-b16/random-1x256x256/cold/repeat-2/tensorstore/measurements.json#/measurements/0"",""/mnt/main0/home/nclack/tmp/2026-09-24-damacy-cold-chunks/job-3811387/results/smooth4-zstd-c128-b16/random-1x256x256/cold/repeat-3/tensorstore/measurements.json#/measurements/0""]",observed min/max; not a confidence interval,2.7751541917132,2.735033271084782,2.7817883619806585,2.7751541917132,2.735033271084782,2.7817883619806585,2.1427323129634255,2.137534287622796,2.1649578909769094,1.3875770958566,1.367516635542391,1.3908941809903292,1.0713661564817127,1.068767143811398,1.0824789454884547,3.1325422080194816,3.0882720840294207,3.1328068340104482,2.419366314369324,2.4142925170664107,2.438839207728839,,,,3.97491455078125,3.97491455078125,3.97491455078125,,,,2.2575626373291016,2.252368927001953,2.2583067757742747,,,,1.8317621551383316,1.8317621551383316,1.8317621551383316,13.067427895963192,12.933276955038309,13.099205080419779,10.08952946960926,10.065467374399304,10.237535424530506,11367.031569257268,11202.696278363266,11394.205130672777,409948160.0,401481728.0,417214464.0,True,read-workloads,1,read-summary.csv,summary_id=94f7c74db6b0d14d5c4c,,,,,,,,,,,,,,,,,,,,,,,,,,,,,,,,,,,,,,,,,,,,,,,,,,,,,,,,,
cpu-nfs-local-spot,cpu-turin-gp-l-244-025,damacy,8d0931e7d131fd5d4c565458736ab586012c78c1,chunks256-random,NFS,740d0d35e921091ce2e4b15fcaa7c94ee42c2adc719b21808e09cb251a2dda22,random-1x256x256,"[1,256,256]",zero client file residency before every pass; within-pass reuse allowed; server cache uncontrolled,"active planning, reads, decode, dtype conversion and assembly; preparation/cache control excluded",float32,host memory,32,16,256,16384,128,24c5fbbf13d9b91cd7083cd7f55229ee2eef4221274a0c30c81d26a308260ddc,20262916,returned float32 output,f133cf89e48900458342,smooth4-zstd-32-32,32768,"[1,128,128]","[512,1024,1024]","[1,4,4]",16,1073741824,zstd,3,bitshuffle,32768,[32768],"[512,4096,4096]",1,uint16,synthetic,smooth4,no recorded winner; exploratory compression/output frontier over four encodings,undefined; no recorded scalar read winner rule,f0fad72a82593ff60ac3,3,"[""95b3a17fc060a82df3dee2eb"",""1a82d0940c027bfd27120fff"",""aad28a7aefecb04276b6cf6b""]","[""/mnt/main0/home/nclack/tmp/2026-09-25-damacy-nfs-spot/job-3832563/results/smooth4-zstd-c32-b32/nfs/random-1x256x256/repeat-1/chunks256-random/measurements.json#/measurements/0"",""/mnt/main0/home/nclack/tmp/2026-09-25-damacy-nfs-spot/job-3832563/results/smooth4-zstd-c32-b32/nfs/random-1x256x256/repeat-2/chunks256-random/measurements.json#/measurements/0"",""/mnt/main0/home/nclack/tmp/2026-09-25-damacy-nfs-spot/job-3832563/results/smooth4-zstd-c32-b32/nfs/random-1x256x256/repeat-3/chunks256-random/measurements.json#/measurements/0""]",observed min/max; not a confidence interval,0.9315935721483636,0.6982255648570417,1.121682863078328,0.9315935721483636,0.6982255648570417,1.121682863078328,0.8788368044634429,0.6450035417128823,1.0386790663766192,0.4657967860741818,0.34911278242852084,0.560841431539164,0.43941840223172146,0.32250177085644116,0.5193395331883096,,,,,,,2.2350616455078125,2.2350616455078125,2.2350616455078125,2.2350616455078125,2.2350616455078125,2.2350616455078125,1.2103052278980613,1.2103052278980613,1.2103052278980613,,,,0.5214031412336553,0.39081943750809744,0.6651200142347338,1.8451430092694745,1.8451430092694745,1.8451430092694745,12.40303266979754,11.553135504946113,13.654412217438221,11.457615422084928,10.69821104966104,12.881153712049127,3815.807271519697,2859.9319136544427,4594.413007168831,139358208.0,138620928.0,145932288.0,False,read-workloads,2,read-summary.csv,summary_id=f0fad72a82593ff60ac3,,,,,,,,,,,,,,,,,,,,,,,,,,,,,,,,,,,,,,,,,,,,,,,,,,,,,,,,,
cpu-nfs-local-spot,cpu-turin-gp-l-244-025,damacy,8d0931e7d131fd5d4c565458736ab586012c78c1,chunks256-random,NFS,740d0d35e921091ce2e4b15fcaa7c94ee42c2adc719b21808e09cb251a2dda22,random-1x256x256,"[1,256,256]",zero client file residency before every pass; within-pass reuse allowed; server cache uncontrolled,"active planning, reads, decode, dtype conversion and assembly; preparation/cache control excluded",float32,host memory,32,16,256,16384,128,24c5fbbf13d9b91cd7083cd7f55229ee2eef4221274a0c30c81d26a308260ddc,20262916,returned float32 output,f133cf89e48900458342,smooth4-zstd-128-128,131072,"[1,256,256]","[512,1024,1024]","[1,4,4]",16,1073741824,zstd,3,bitshuffle,131072,[131072],"[512,4096,4096]",1,uint16,synthetic,smooth4,no recorded winner; exploratory compression/output frontier over four encodings,undefined; no recorded scalar read winner rule,6da07ec4d503f861d4b4,3,"[""596d6c88913b83a96e0548ce"",""f190c163444984eae653004b"",""591695c0cd19c964ef3f76d8""]","[""/mnt/main0/home/nclack/tmp/2026-09-25-damacy-nfs-spot/job-3832563/results/smooth4-zstd-c128-b128/nfs/random-1x256x256/repeat-1/chunks256-random/measurements.json#/measurements/0"",""/mnt/main0/home/nclack/tmp/2026-09-25-damacy-nfs-spot/job-3832563/results/smooth4-zstd-c128-b128/nfs/random-1x256x256/repeat-2/chunks256-random/measurements.json#/measurements/0"",""/mnt/main0/home/nclack/tmp/2026-09-25-damacy-nfs-spot/job-3832563/results/smooth4-zstd-c128-b128/nfs/random-1x256x256/repeat-3/chunks256-random/measurements.json#/measurements/0""]",observed min/max; not a confidence interval,1.1908955711329807,1.075858780743591,1.3887122682221293,1.1908955711329807,1.075858780743591,1.3887122682221293,1.0781636071841056,0.9527270349663087,1.2265494078864896,0.5954477855664904,0.5379293903717955,0.6943561341110647,0.5390818035920528,0.47636351748315436,0.6132747039432448,,,,,,,3.97491455078125,3.97491455078125,3.97491455078125,3.97491455078125,3.97491455078125,3.97491455078125,2.1317356233485043,2.1317356233485043,2.1317356233485043,,,,1.0054787722684084,0.9071320705978883,1.307386772876745,1.8644857768631582,1.8644857768631582,1.8644857768631582,13.044725224375725,12.595422990620136,14.840048294514418,11.52146514877677,11.153880244120955,13.43526702746749,4877.908259360689,4406.717565925749,5688.165450637842,201588736.0,200519680.0,201666560.0,False,read-workloads,2,read-summary.csv,summary_id=6da07ec4d503f861d4b4,,,,,,,,,,,,,,,,,,,,,,,,,,,,,,,,,,,,,,,,,,,,,,,,,,,,,,,,,
cpu-nfs-local-spot,cpu-turin-gp-l-244-025,damacy,8d0931e7d131fd5d4c565458736ab586012c78c1,chunks256-random,NFS,740d0d35e921091ce2e4b15fcaa7c94ee42c2adc719b21808e09cb251a2dda22,random-1x256x256,"[1,256,256]",zero client file residency before every pass; within-pass reuse allowed; server cache uncontrolled,"active planning, reads, decode, dtype conversion and assembly; preparation/cache control excluded",float32,host memory,32,16,256,16384,128,24c5fbbf13d9b91cd7083cd7f55229ee2eef4221274a0c30c81d26a308260ddc,20262916,returned float32 output,f133cf89e48900458342,smooth4-zstd-512-512,524288,"[1,512,512]","[512,1024,1024]","[1,4,4]",16,1073741824,zstd,3,bitshuffle,524288,[524288],"[512,4096,4096]",1,uint16,synthetic,smooth4,no recorded winner; exploratory compression/output frontier over four encodings,undefined; no recorded scalar read winner rule,ecb0c9ee0a0a6bc8048f,3,"[""880c56368bf8c56becb9cdd1"",""21b25691077ee1581aecb61f"",""721fb10cdb596bd8ee85dadc""]","[""/mnt/main0/home/nclack/tmp/2026-09-25-damacy-nfs-spot/job-3832563/results/smooth4-zstd-c512-b512/nfs/random-1x256x256/repeat-1/chunks256-random/measurements.json#/measurements/0"",""/mnt/main0/home/nclack/tmp/2026-09-25-damacy-nfs-spot/job-3832563/results/smooth4-zstd-c512-b512/nfs/random-1x256x256/repeat-2/chunks256-random/measurements.json#/measurements/0"",""/mnt/main0/home/nclack/tmp/2026-09-25-damacy-nfs-spot/job-3832563/results/smooth4-zstd-c512-b512/nfs/random-1x256x256/repeat-3/chunks256-random/measurements.json#/measurements/0""]",observed min/max; not a confidence interval,1.1988820767423807,0.9475204448263749,1.482753090087442,1.1988820767423807,0.9475204448263749,1.482753090087442,1.0521109025539515,0.85380098427245,1.241314311780268,0.5994410383711903,0.47376022241318744,0.741376545043721,0.5260554512769757,0.426900492136225,0.620657155890134,,,,,,,8.433349609375,8.433349609375,8.433349609375,8.433349609375,8.433349609375,8.433349609375,4.278482188936323,4.278482188936323,4.278482188936323,,,,1.5655546310656585,1.236671254749466,1.9542692733645888,1.970907362204299,1.970907362204299,1.970907362204299,14.054797571152449,12.889563785865903,15.20752228796482,12.664634378626943,10.790737923234701,13.345766285434365,4910.620986336791,3881.0437420088315,6073.356656998162,521850880.0,516374528.0,527925248.0,False,read-workloads,2,read-summary.csv,summary_id=ecb0c9ee0a0a6bc8048f,,,,,,,,,,,,,,,,,,,,,,,,,,,,,,,,,,,,,,,,,,,,,,,,,,,,,,,,,
cpu-nfs-local-spot,cpu-turin-gp-l-244-025,tensorstore,0.1.85,tensorstore,NFS,740d0d35e921091ce2e4b15fcaa7c94ee42c2adc719b21808e09cb251a2dda22,random-1x256x256,"[1,256,256]",zero client file residency before every pass; within-pass reuse allowed; server cache uncontrolled,"active planning, reads, decode, dtype conversion and assembly; preparation/cache control excluded",float32,host memory,32,16,,16384,128,24c5fbbf13d9b91cd7083cd7f55229ee2eef4221274a0c30c81d26a308260ddc,20262916,returned float32 output,ac3c4db9649423b13eec,smooth4-zstd-32-32,32768,"[1,128,128]","[512,1024,1024]","[1,4,4]",16,1073741824,zstd,3,bitshuffle,32768,[32768],"[512,4096,4096]",1,uint16,synthetic,smooth4,no recorded winner; exploratory compression/output frontier over four encodings,undefined; no recorded scalar read winner rule,58f4d442e1750143af89,3,"[""09ca523036a5d9346b2f405f"",""04bd8c1c5ab0e34ef4feb22f"",""b982c5ad87faacc405f64b8e""]","[""/mnt/main0/home/nclack/tmp/2026-09-25-damacy-nfs-spot/job-3832563/results/smooth4-zstd-c32-b32/nfs/random-1x256x256/repeat-1/tensorstore/measurements.json#/measurements/0"",""/mnt/main0/home/nclack/tmp/2026-09-25-damacy-nfs-spot/job-3832563/results/smooth4-zstd-c32-b32/nfs/random-1x256x256/repeat-2/tensorstore/measurements.json#/measurements/0"",""/mnt/main0/home/nclack/tmp/2026-09-25-damacy-nfs-spot/job-3832563/results/smooth4-zstd-c32-b32/nfs/random-1x256x256/repeat-3/tensorstore/measurements.json#/measurements/0""]",observed min/max; not a confidence interval,0.6577383870659211,0.6288441610028849,0.7225114330129268,0.6577383870659211,0.6288441610028849,0.7225114330129268,0.5993448647733571,0.5958993767455807,0.6757329044583168,0.32886919353296057,0.31442208050144244,0.3612557165064634,0.29967243238667857,0.29794968837279034,0.3378664522291584,,,,,,,,,,2.2350616455078125,2.2350616455078125,2.2350616455078125,,,,,,,0.42588753668698165,0.40986151659615794,0.49415768132810134,1.8451430092694745,1.8451430092694745,1.8451430092694745,13.425085362046957,13.347907807677984,17.758495880290866,12.721752854064107,12.162890531122684,16.608733719214797,2694.096433422013,2575.7456834678164,2959.406829620948,325312512.0,318365696.0,325943296.0,False,read-workloads,2,read-summary.csv,summary_id=58f4d442e1750143af89,,,,,,,,,,,,,,,,,,,,,,,,,,,,,,,,,,,,,,,,,,,,,,,,,,,,,,,,,
cpu-nfs-local-spot,cpu-turin-gp-l-244-025,tensorstore,0.1.85,tensorstore,NFS,740d0d35e921091ce2e4b15fcaa7c94ee42c2adc719b21808e09cb251a2dda22,random-1x256x256,"[1,256,256]",zero client file residency before every pass; within-pass reuse allowed; server cache uncontrolled,"active planning, reads, decode, dtype conversion and assembly; preparation/cache control excluded",float32,host memory,32,16,,16384,128,24c5fbbf13d9b91cd7083cd7f55229ee2eef4221274a0c30c81d26a308260ddc,20262916,returned float32 output,ac3c4db9649423b13eec,smooth4-zstd-128-128,131072,"[1,256,256]","[512,1024,1024]","[1,4,4]",16,1073741824,zstd,3,bitshuffle,131072,[131072],"[512,4096,4096]",1,uint16,synthetic,smooth4,no recorded winner; exploratory compression/output frontier over four encodings,undefined; no recorded scalar read winner rule,5b69b75dd23e7eb24d1a,3,"[""57e80559fde46144bfb5ac60"",""c463dd4c71a1dead4b80c294"",""133642aace584089a38b1d4b""]","[""/mnt/main0/home/nclack/tmp/2026-09-25-damacy-nfs-spot/job-3832563/results/smooth4-zstd-c128-b128/nfs/random-1x256x256/repeat-1/tensorstore/measurements.json#/measurements/0"",""/mnt/main0/home/nclack/tmp/2026-09-25-damacy-nfs-spot/job-3832563/results/smooth4-zstd-c128-b128/nfs/random-1x256x256/repeat-2/tensorstore/measurements.json#/measurements/0"",""/mnt/main0/home/nclack/tmp/2026-09-25-damacy-nfs-spot/job-3832563/results/smooth4-zstd-c128-b128/nfs/random-1x256x256/repeat-3/tensorstore/measurements.json#/measurements/0""]",observed min/max; not a confidence interval,0.6925474780090995,0.6915233685069683,1.1372751748977086,0.6925474780090995,0.6915233685069683,1.1372751748977086,0.6378682260769979,0.6365840523563331,0.9682642265879289,0.3462737390045498,0.34576168425348414,0.5686375874488543,0.31893411303849895,0.31829202617816654,0.48413211329396444,,,,,,,,,,3.97491455078125,3.97491455078125,3.97491455078125,,,,,,,0.7356123026632433,0.7351474269993179,1.2305388940577013,1.8644857768631582,1.8644857768631582,1.8644857768631582,12.541775358840823,12.393311319872737,12.567075738683343,11.551554592326283,10.551536044105887,11.568661833181977,2836.6744699252718,2832.479717404542,4658.279116381014,379121664.0,375087104.0,379133952.0,False,read-workloads,2,read-summary.csv,summary_id=5b69b75dd23e7eb24d1a,,,,,,,,,,,,,,,,,,,,,,,,,,,,,,,,,,,,,,,,,,,,,,,,,,,,,,,,,
cpu-nfs-local-spot,cpu-turin-gp-l-244-025,tensorstore,0.1.85,tensorstore,NFS,740d0d35e921091ce2e4b15fcaa7c94ee42c2adc719b21808e09cb251a2dda22,random-1x256x256,"[1,256,256]",zero client file residency before every pass; within-pass reuse allowed; server cache uncontrolled,"active planning, reads, decode, dtype conversion and assembly; preparation/cache control excluded",float32,host memory,32,16,,16384,128,24c5fbbf13d9b91cd7083cd7f55229ee2eef4221274a0c30c81d26a308260ddc,20262916,returned float32 output,ac3c4db9649423b13eec,smooth4-zstd-512-512,524288,"[1,512,512]","[512,1024,1024]","[1,4,4]",16,1073741824,zstd,3,bitshuffle,524288,[524288],"[512,4096,4096]",1,uint16,synthetic,smooth4,no recorded winner; exploratory compression/output frontier over four encodings,undefined; no recorded scalar read winner rule,29f20cff58b766176b79,3,"[""bd80d6af74c3498b550db50a"",""8f0fb17bea10aa1368d1b298"",""43b5218b8dd638a21824ec43""]","[""/mnt/main0/home/nclack/tmp/2026-09-25-damacy-nfs-spot/job-3832563/results/smooth4-zstd-c512-b512/nfs/random-1x256x256/repeat-1/tensorstore/measurements.json#/measurements/0"",""/mnt/main0/home/nclack/tmp/2026-09-25-damacy-nfs-spot/job-3832563/results/smooth4-zstd-c512-b512/nfs/random-1x256x256/repeat-2/tensorstore/measurements.json#/measurements/0"",""/mnt/main0/home/nclack/tmp/2026-09-25-damacy-nfs-spot/job-3832563/results/smooth4-zstd-c512-b512/nfs/random-1x256x256/repeat-3/tensorstore/measurements.json#/measurements/0""]",observed min/max; not a confidence interval,1.396484194408053,1.204623816482341,1.661644938311781,1.396484194408053,1.204623816482341,1.661644938311781,1.1589697911615209,1.0228748410646549,1.3190908690167098,0.6982420972040265,0.6023119082411705,0.8308224691558905,0.5794848955807604,0.5114374205323274,0.6595454345083549,,,,,,,,,,8.433349609375,8.433349609375,8.433349609375,,,,,,,2.263915749257552,1.9538108651053518,2.808953235056718,1.970907362204299,1.970907362204299,1.970907362204299,15.161957731470466,13.805364144966006,15.642187448218465,12.036265714094043,11.457344138994813,13.2821547947824,5719.999260295385,4934.139152311669,6806.097667325055,562589696.0,530173952.0,567439360.0,False,read-workloads,2,read-summary.csv,summary_id=29f20cff58b766176b79,,,,,,,,,,,,,,,,,,,,,,,,,,,,,,,,,,,,,,,,,,,,,,,,,,,,,,,,,
cpu-small-chunks,cpu-turin-gp-l-244-025,damacy,8d0931e7d131fd5d4c565458736ab586012c78c1,chunks256-default,local block storage,740d0d35e921091ce2e4b15fcaa7c94ee42c2adc719b21808e09cb251a2dda22,full-scan,"[8,256,256]",zero client file residency before every pass; within-pass reuse allowed,"active planning, reads, decode, dtype conversion and assembly; preparation/cache control excluded",float32,host memory,32,16,256,16384,128,24c5fbbf13d9b91cd7083cd7f55229ee2eef4221274a0c30c81d26a308260ddc,20262916,returned float32 output,f94ac526b988eb241a63,smooth4-zstd-16-16,16384,"[1,64,128]","[512,1024,1024]","[1,4,4]",16,1073741824,zstd,3,bitshuffle,16384,[16384],"[512,4096,4096]",1,uint16,synthetic,smooth4,maximize compression and output throughput; original traffic frontier retained separately,undefined; no recorded scalar read winner rule,65dca62f94faac206554,3,"[""078a4be4b07b274cf7504e0b"",""bf16b727cd78a75f4ec6ef0c"",""0b857d4bdf22661c8aac2ba7""]","[""/mnt/main0/home/nclack/tmp/2026-09-24-damacy-cold-chunks/job-3811387/results/smooth4-zstd-c16-b16/full-scan/cold/repeat-1/chunks256-default/measurements.json#/measurements/0"",""/mnt/main0/home/nclack/tmp/2026-09-24-damacy-cold-chunks/job-3811387/results/smooth4-zstd-c16-b16/full-scan/cold/repeat-2/chunks256-default/measurements.json#/measurements/0"",""/mnt/main0/home/nclack/tmp/2026-09-24-damacy-cold-chunks/job-3811387/results/smooth4-zstd-c16-b16/full-scan/cold/repeat-3/chunks256-default/measurements.json#/measurements/0""]",observed min/max; not a confidence interval,12.097161572992546,12.033813727442324,12.182185437216289,12.097161572992546,12.033813727442324,12.182185437216289,10.50272429239692,10.477127693123549,10.569227422270647,6.048580786496273,6.016906863721162,6.091092718608144,5.25136214619846,5.2385638465617745,5.284613711135323,3.2991275589500106,3.2818513886852902,3.3223151944905003,2.864293987314984,2.85731330465082,2.882430664022078,1.0,1.0,1.0,1.0,1.0,1.0,0.5444597931345925,0.5444597931345925,0.5444597931345925,0.545438289642334,0.545438289642334,0.545438289642334,,,,1.8333944608562351,1.8333944608562351,1.8333944608562351,12.187314113602042,12.110629744827747,12.217088857665658,10.580994494259357,10.507145918905735,10.636694476008415,6193.746725372183,6161.31262845047,6237.27894385474,630464512.0,628232192.0,638857216.0,False,read-workloads,3,read-summary.csv,summary_id=65dca62f94faac206554,,,,,,,,,,,,,,,,,,,,,,,,,,,,,,,,,,,,,,,,,,,,,,,,,,,,,,,,,
cpu-small-chunks,cpu-turin-gp-l-244-025,damacy,8d0931e7d131fd5d4c565458736ab586012c78c1,chunks256-default,local block storage,740d0d35e921091ce2e4b15fcaa7c94ee42c2adc719b21808e09cb251a2dda22,full-scan,"[8,256,256]",zero client file residency before every pass; within-pass reuse allowed,"active planning, reads, decode, dtype conversion and assembly; preparation/cache control excluded",float32,host memory,32,16,256,16384,128,24c5fbbf13d9b91cd7083cd7f55229ee2eef4221274a0c30c81d26a308260ddc,20262916,returned float32 output,f94ac526b988eb241a63,smooth4-zstd-32-16,32768,"[1,128,128]","[512,1024,1024]","[1,4,4]",16,1073741824,zstd,3,bitshuffle,16384,[16384],"[512,4096,4096]",1,uint16,synthetic,smooth4,maximize compression and output throughput; original traffic frontier retained separately,undefined; no recorded scalar read winner rule,ff72122aea68e14dc0f3,3,"[""d1f229a2381f6291d8907af5"",""33064437c16bf04bc02acf86"",""afa19e83cfd37baf6eae620a""]","[""/mnt/main0/home/nclack/tmp/2026-09-24-damacy-cold-chunks/job-3811387/results/smooth4-zstd-c32-b16/full-scan/cold/repeat-1/chunks256-default/measurements.json#/measurements/0"",""/mnt/main0/home/nclack/tmp/2026-09-24-damacy-cold-chunks/job-3811387/results/smooth4-zstd-c32-b16/full-scan/cold/repeat-2/chunks256-default/measurements.json#/measurements/0"",""/mnt/main0/home/nclack/tmp/2026-09-24-damacy-cold-chunks/job-3811387/results/smooth4-zstd-c32-b16/full-scan/cold/repeat-3/chunks256-default/measurements.json#/measurements/0""]",observed min/max; not a confidence interval,15.45615080648425,15.43992425750338,15.602239350195545,15.45615080648425,15.43992425750338,15.602239350195545,13.408706991358398,13.407043804917114,13.575418697318359,7.728075403242125,7.71996212875169,7.801119675097772,6.704353495679199,6.703521902458557,6.787709348659179,4.2076412815353965,4.203223914093554,4.247411091947777,3.6502638836302412,3.6498111129490503,3.6956479553111437,1.0,1.0,1.0,1.0,1.0,1.0,0.5439715118845925,0.5439715118845925,0.5439715118845925,0.544461727142334,0.544461727142334,0.544461727142334,,,,1.8366829025162181,1.8366829025162181,1.8366829025162181,11.932545032352209,11.78600848838687,11.934025302529335,10.351865869015455,10.254938179627061,10.362745136022568,7913.549212919936,7905.2412198417305,7988.346547300119,614797312.0,613351424.0,618471424.0,False,read-workloads,3,read-summary.csv,summary_id=ff72122aea68e14dc0f3,,,,,,,,,,,,,,,,,,,,,,,,,,,,,,,,,,,,,,,,,,,,,,,,,,,,,,,,,
cpu-small-chunks,cpu-turin-gp-l-244-025,damacy,8d0931e7d131fd5d4c565458736ab586012c78c1,chunks256-default,local block storage,740d0d35e921091ce2e4b15fcaa7c94ee42c2adc719b21808e09cb251a2dda22,full-scan,"[8,256,256]",zero client file residency before every pass; within-pass reuse allowed,"active planning, reads, decode, dtype conversion and assembly; preparation/cache control excluded",float32,host memory,32,16,256,16384,128,24c5fbbf13d9b91cd7083cd7f55229ee2eef4221274a0c30c81d26a308260ddc,20262916,returned float32 output,f94ac526b988eb241a63,smooth4-zstd-64-16,65536,"[1,128,256]","[512,1024,1024]","[1,4,4]",16,1073741824,zstd,3,bitshuffle,16384,[16384],"[512,4096,4096]",1,uint16,synthetic,smooth4,maximize compression and output throughput; original traffic frontier retained separately,undefined; no recorded scalar read winner rule,3738bdc3761056b6e51f,3,"[""6dc4ef1df8ccada8f74675c5"",""d3060e8c98d58890ef8f60f9"",""13593acb6cfb56dda6c774e5""]","[""/mnt/main0/home/nclack/tmp/2026-09-24-damacy-cold-chunks/job-3811387/results/smooth4-zstd-c64-b16/full-scan/cold/repeat-1/chunks256-default/measurements.json#/measurements/0"",""/mnt/main0/home/nclack/tmp/2026-09-24-damacy-cold-chunks/job-3811387/results/smooth4-zstd-c64-b16/full-scan/cold/repeat-2/chunks256-default/measurements.json#/measurements/0"",""/mnt/main0/home/nclack/tmp/2026-09-24-damacy-cold-chunks/job-3811387/results/smooth4-zstd-c64-b16/full-scan/cold/repeat-3/chunks256-default/measurements.json#/measurements/0""]",observed min/max; not a confidence interval,19.144293491902808,18.80383782276513,19.233819487725576,19.144293491902808,18.80383782276513,19.233819487725576,16.152197115942197,16.138209994669182,16.16893671639482,9.572146745951404,9.401918911382564,9.616909743862788,8.076098557971099,8.069104997334591,8.08446835819741,5.2280056593859765,5.135032567128765,5.252453801753913,4.410911166263704,4.407091503281376,4.415482488048924,1.0,1.0,1.0,1.0,1.0,1.0,0.5459224006626755,0.5459224006626755,0.5459224006626755,0.5461685657501221,0.5461685657501221,0.5461685657501221,,,,1.8309433434379625,1.8309433434379625,1.8309433434379625,11.886927742511034,11.874621279537678,13.880101948976517,10.210681553930044,10.029098231345415,11.646152764558792,9801.878267854237,9627.564965255746,9847.715577715495,608276480.0,606879744.0,610799616.0,False,read-workloads,3,read-summary.csv,summary_id=3738bdc3761056b6e51f,,,,,,,,,,,,,,,,,,,,,,,,,,,,,,,,,,,,,,,,,,,,,,,,,,,,,,,,,
cpu-small-chunks,cpu-turin-gp-l-244-025,damacy,8d0931e7d131fd5d4c565458736ab586012c78c1,chunks256-default,local block storage,740d0d35e921091ce2e4b15fcaa7c94ee42c2adc719b21808e09cb251a2dda22,full-scan,"[8,256,256]",zero client file residency before every pass; within-pass reuse allowed,"active planning, reads, decode, dtype conversion and assembly; preparation/cache control excluded",float32,host memory,32,16,256,16384,128,24c5fbbf13d9b91cd7083cd7f55229ee2eef4221274a0c30c81d26a308260ddc,20262916,returned float32 output,f94ac526b988eb241a63,smooth4-zstd-128-16,131072,"[1,256,256]","[512,1024,1024]","[1,4,4]",16,1073741824,zstd,3,bitshuffle,16384,[16384],"[512,4096,4096]",1,uint16,synthetic,smooth4,maximize compression and output throughput; original traffic frontier retained separately,undefined; no recorded scalar read winner rule,5ad87abdc01425726a22,3,"[""f81070a4d6b77848d33e0518"",""564d066daba613823fc439d3"",""34523b2e9f784dd5ab53d472""]","[""/mnt/main0/home/nclack/tmp/2026-09-24-damacy-cold-chunks/job-3811387/results/smooth4-zstd-c128-b16/full-scan/cold/repeat-1/chunks256-default/measurements.json#/measurements/0"",""/mnt/main0/home/nclack/tmp/2026-09-24-damacy-cold-chunks/job-3811387/results/smooth4-zstd-c128-b16/full-scan/cold/repeat-2/chunks256-default/measurements.json#/measurements/0"",""/mnt/main0/home/nclack/tmp/2026-09-24-damacy-cold-chunks/job-3811387/results/smooth4-zstd-c128-b16/full-scan/cold/repeat-3/chunks256-default/measurements.json#/measurements/0""]",observed min/max; not a confidence interval,21.19102193697656,21.110820743188803,21.2972565737486,21.19102193697656,21.110820743188803,21.2972565737486,17.015461145895127,16.920780168127887,17.02715353663922,10.59551096848828,10.555410371594402,10.6486282868743,8.507730572947564,8.460390084063944,8.51357676831961,5.78434823437889,5.762456339072425,5.813346275882966,4.6445779221558245,4.618733592976892,4.647769503003477,1.0,1.0,1.0,1.0,1.0,1.0,0.5458003303501755,0.5458003303501755,0.5458003303501755,0.5459244251251221,0.5459244251251221,0.5459244251251221,,,,1.8317621551383316,1.8317621551383316,1.8317621551383316,13.164497751742601,13.155457811430097,13.238160284236073,10.570514280349016,10.517786609008908,10.610672257840633,10849.803231732,10808.740220512667,10904.195365759284,611753984.0,611495936.0,617852928.0,False,read-workloads,3,read-summary.csv,summary_id=5ad87abdc01425726a22,,,,,,,,,,,,,,,,,,,,,,,,,,,,,,,,,,,,,,,,,,,,,,,,,,,,,,,,,
cpu-small-chunks,cpu-turin-gp-l-244-025,tensorstore,0.1.85,tensorstore,local block storage,740d0d35e921091ce2e4b15fcaa7c94ee42c2adc719b21808e09cb251a2dda22,full-scan,"[8,256,256]",zero client file residency before every pass; within-pass reuse allowed,"active planning, reads, decode, dtype conversion and assembly; preparation/cache control excluded",float32,host memory,32,16,,16384,128,24c5fbbf13d9b91cd7083cd7f55229ee2eef4221274a0c30c81d26a308260ddc,20262916,returned float32 output,26c6b410061d58a3bda5,smooth4-zstd-16-16,16384,"[1,64,128]","[512,1024,1024]","[1,4,4]",16,1073741824,zstd,3,bitshuffle,16384,[16384],"[512,4096,4096]",1,uint16,synthetic,smooth4,maximize compression and output throughput; original traffic frontier retained separately,undefined; no recorded scalar read winner rule,bf83fad371573ba0b24c,3,"[""bc8a26a6006a1881270904a2"",""957cddc0f0cfc6e4b3616059"",""906074252ad0a758deba1bf6""]","[""/mnt/main0/home/nclack/tmp/2026-09-24-damacy-cold-chunks/job-3811387/results/smooth4-zstd-c16-b16/full-scan/cold/repeat-1/tensorstore/measurements.json#/measurements/0"",""/mnt/main0/home/nclack/tmp/2026-09-24-damacy-cold-chunks/job-3811387/results/smooth4-zstd-c16-b16/full-scan/cold/repeat-2/tensorstore/measurements.json#/measurements/0"",""/mnt/main0/home/nclack/tmp/2026-09-24-damacy-cold-chunks/job-3811387/results/smooth4-zstd-c16-b16/full-scan/cold/repeat-3/tensorstore/measurements.json#/measurements/0""]",observed min/max; not a confidence interval,4.883686162259403,4.86035997945238,4.970260298873708,4.883686162259403,4.86035997945238,4.970260298873708,4.504471483140396,4.4518115408194445,4.5170625029441,2.4418430811297016,2.43017998972619,2.485130149436854,2.252235741570198,2.2259057704097223,2.25853125147205,1.331755366691004,1.3251458774811673,1.3552819103361402,1.2283253943533956,1.2140462082124455,1.2317736506071308,,,,1.0,1.0,1.0,,,,0.5453565120697021,0.5452871322631836,0.5453894138336182,,,,1.8333944608562351,1.8333944608562351,1.8333944608562351,14.208104155957699,14.168499983847141,14.376170108094811,13.104855200275779,12.876589182764292,13.16774894669652,2500.4473150768144,2488.5043094796188,2544.7732730233383,1698979840.0,1659252736.0,1729503232.0,False,read-workloads,3,read-summary.csv,summary_id=bf83fad371573ba0b24c,,,,,,,,,,,,,,,,,,,,,,,,,,,,,,,,,,,,,,,,,,,,,,,,,,,,,,,,,
cpu-small-chunks,cpu-turin-gp-l-244-025,tensorstore,0.1.85,tensorstore,local block storage,740d0d35e921091ce2e4b15fcaa7c94ee42c2adc719b21808e09cb251a2dda22,full-scan,"[8,256,256]",zero client file residency before every pass; within-pass reuse allowed,"active planning, reads, decode, dtype conversion and assembly; preparation/cache control excluded",float32,host memory,32,16,,16384,128,24c5fbbf13d9b91cd7083cd7f55229ee2eef4221274a0c30c81d26a308260ddc,20262916,returned float32 output,26c6b410061d58a3bda5,smooth4-zstd-32-16,32768,"[1,128,128]","[512,1024,1024]","[1,4,4]",16,1073741824,zstd,3,bitshuffle,16384,[16384],"[512,4096,4096]",1,uint16,synthetic,smooth4,maximize compression and output throughput; original traffic frontier retained separately,undefined; no recorded scalar read winner rule,1837639dd821dcbc7785,3,"[""1863e1a32fdea85e756e86fd"",""08d91bb7771f3499b0624a58"",""6ff2f0accbbaf227dee5e457""]","[""/mnt/main0/home/nclack/tmp/2026-09-24-damacy-cold-chunks/job-3811387/results/smooth4-zstd-c32-b16/full-scan/cold/repeat-1/tensorstore/measurements.json#/measurements/0"",""/mnt/main0/home/nclack/tmp/2026-09-24-damacy-cold-chunks/job-3811387/results/smooth4-zstd-c32-b16/full-scan/cold/repeat-2/tensorstore/measurements.json#/measurements/0"",""/mnt/main0/home/nclack/tmp/2026-09-24-damacy-cold-chunks/job-3811387/results/smooth4-zstd-c32-b16/full-scan/cold/repeat-3/tensorstore/measurements.json#/measurements/0""]",observed min/max; not a confidence interval,8.567692056629987,8.526068161492018,8.601983800737587,8.567692056629987,8.526068161492018,8.601983800737587,7.341922335133929,7.314828847094961,7.4835200880149975,4.2838460283149935,4.263034080746009,4.3009919003687935,3.6709611675669644,3.6574144235474804,3.7417600440074987,2.3323466298529274,2.3210588984696043,2.3417254784999826,1.9986978575659484,1.9913221739199451,2.0372451361124986,,,,1.0,1.0,1.0,,,,0.544461727142334,0.5444515546162924,0.544461727142334,,,,1.8366829025162181,1.8366829025162181,1.8366829025162181,13.075594594702125,12.828187653794885,13.124025456607342,11.204884508624673,11.160216320306063,11.259586269035935,4386.658332994553,4365.346898683913,4404.215705977645,1458503680.0,1448255488.0,1476890624.0,False,read-workloads,3,read-summary.csv,summary_id=1837639dd821dcbc7785,,,,,,,,,,,,,,,,,,,,,,,,,,,,,,,,,,,,,,,,,,,,,,,,,,,,,,,,,
cpu-small-chunks,cpu-turin-gp-l-244-025,tensorstore,0.1.85,tensorstore,local block storage,740d0d35e921091ce2e4b15fcaa7c94ee42c2adc719b21808e09cb251a2dda22,full-scan,"[8,256,256]",zero client file residency before every pass; within-pass reuse allowed,"active planning, reads, decode, dtype conversion and assembly; preparation/cache control excluded",float32,host memory,32,16,,16384,128,24c5fbbf13d9b91cd7083cd7f55229ee2eef4221274a0c30c81d26a308260ddc,20262916,returned float32 output,26c6b410061d58a3bda5,smooth4-zstd-64-16,65536,"[1,128,256]","[512,1024,1024]","[1,4,4]",16,1073741824,zstd,3,bitshuffle,16384,[16384],"[512,4096,4096]",1,uint16,synthetic,smooth4,maximize compression and output throughput; original traffic frontier retained separately,undefined; no recorded scalar read winner rule,599f58740de174de1632,3,"[""3b12b1e0084b3f43a0b80aea"",""b2e8ec9ea942860af085532b"",""6491c6195282de8abb7d7836""]","[""/mnt/main0/home/nclack/tmp/2026-09-24-damacy-cold-chunks/job-3811387/results/smooth4-zstd-c64-b16/full-scan/cold/repeat-1/tensorstore/measurements.json#/measurements/0"",""/mnt/main0/home/nclack/tmp/2026-09-24-damacy-cold-chunks/job-3811387/results/smooth4-zstd-c64-b16/full-scan/cold/repeat-2/tensorstore/measurements.json#/measurements/0"",""/mnt/main0/home/nclack/tmp/2026-09-24-damacy-cold-chunks/job-3811387/results/smooth4-zstd-c64-b16/full-scan/cold/repeat-3/tensorstore/measurements.json#/measurements/0""]",observed min/max; not a confidence interval,10.487161993827895,9.44541062404734,10.552127826620769,10.487161993827895,9.44541062404734,10.552127826620769,8.667358823433789,7.948251548562246,8.727123444205416,5.2435809969139475,4.72270531202367,5.276063913310384,4.333679411716894,3.974125774281123,4.363561722102708,2.863819104456813,2.57932112396429,2.881580007165542,2.366919468718249,2.1705021473517827,2.3832402473229686,,,,1.0,1.0,1.0,,,,0.5461571216583252,0.5461533069610596,0.5461609363555908,,,,1.8309433434379625,1.8309433434379625,1.8309433434379625,14.666917549446225,12.0781280528754,14.768051330000162,12.130254874005914,10.163666125386953,12.20539933256805,5369.426940839882,4836.0502395122385,5402.689447229834,1354047488.0,1353121792.0,1366491136.0,False,read-workloads,3,read-summary.csv,summary_id=599f58740de174de1632,,,,,,,,,,,,,,,,,,,,,,,,,,,,,,,,,,,,,,,,,,,,,,,,,,,,,,,,,
cpu-small-chunks,cpu-turin-gp-l-244-025,tensorstore,0.1.85,tensorstore,local block storage,740d0d35e921091ce2e4b15fcaa7c94ee42c2adc719b21808e09cb251a2dda22,full-scan,"[8,256,256]",zero client file residency before every pass; within-pass reuse allowed,"active planning, reads, decode, dtype conversion and assembly; preparation/cache control excluded",float32,host memory,32,16,,16384,128,24c5fbbf13d9b91cd7083cd7f55229ee2eef4221274a0c30c81d26a308260ddc,20262916,returned float32 output,26c6b410061d58a3bda5,smooth4-zstd-128-16,131072,"[1,256,256]","[512,1024,1024]","[1,4,4]",16,1073741824,zstd,3,bitshuffle,16384,[16384],"[512,4096,4096]",1,uint16,synthetic,smooth4,maximize compression and output throughput; original traffic frontier retained separately,undefined; no recorded scalar read winner rule,6eb002f6882aaa5c4062,3,"[""b42ee03df35296d52dae6e7d"",""a3f6c3943622ea3b16f671c0"",""ba63dadb462ca8751d3428a8""]","[""/mnt/main0/home/nclack/tmp/2026-09-24-damacy-cold-chunks/job-3811387/results/smooth4-zstd-c128-b16/full-scan/cold/repeat-1/tensorstore/measurements.json#/measurements/0"",""/mnt/main0/home/nclack/tmp/2026-09-24-damacy-cold-chunks/job-3811387/results/smooth4-zstd-c128-b16/full-scan/cold/repeat-2/tensorstore/measurements.json#/measurements/0"",""/mnt/main0/home/nclack/tmp/2026-09-24-damacy-cold-chunks/job-3811387/results/smooth4-zstd-c128-b16/full-scan/cold/repeat-3/tensorstore/measurements.json#/measurements/0""]",observed min/max; not a confidence interval,10.350832788136119,10.146789892308258,10.420492657152353,10.350832788136119,10.146789892308258,10.420492657152353,8.612170126904669,8.445536189283038,8.68769797952853,5.175416394068059,5.073394946154129,5.210246328576177,4.306085063452334,4.222768094641519,4.343848989764265,2.8253467344212035,2.7696902194118924,2.8443538379011044,2.3507970128050903,2.3053122445038783,2.3714132625673985,,,,1.0,1.0,1.0,,,,0.5459167957305908,0.545915424823761,0.5459244251251221,,,,1.8317621551383316,1.8317621551383316,1.8317621551383316,14.862688278779387,14.733477188274264,15.155935293063521,12.366154745221138,12.283488335087895,12.61482708901167,5299.626387525693,5195.156424861828,5335.292240462005,1109934080.0,1090752512.0,1139499008.0,False,read-workloads,3,read-summary.csv,summary_id=6eb002f6882aaa5c4062,,,,,,,,,,,,,,,,,,,,,,,,,,,,,,,,,,,,,,,,,,,,,,,,,,,,,,,,,
,reef-turin,,,,nfs,,,,,,,,,,,,,,,,642cee45065213ddaed8,0bf3b82e7dd842f4,16384,"[1,64,128]","[16384,128,256]",,,,blosc-lz4,3,bit,,,,,,,,,,87fc2c8f2324f937894e,,,,,,,,,,,,,,,,,,,,,,,,,,,,,,,,,,,,,,,,,,,,,,,,,,,,,,,,,write-tradeoffs,1,write-summary.csv,summary_id=87fc2c8f2324f937894e,reef-turin-microscopy-pareto-transfer-3710982,retained_study,partially_selected_in_current_report,complete,bbbc010-brightfield,1,98f9957085aca90efdcb07c37ee421ac0b2b458074ff21883b0cfca2fe148f71,cpu-turin-gp-l-243-179,cpu,40,32,fs,16,u16,1073741824,16,15,4096,,32,4,3.0,2.0,32.0,true,,"{""allocated_cpus"":40,""arrival_bytes_per_s"":null,""backend"":""cpu"",""chunk_depth"":1,""completion_pause_ms"":null,""data_issue"":null,""dataset_version"":1,""dtype"":""u16"",""hostname"":""cpu-turin-gp-l-243-179"",""input_id"":""bbbc010-brightfield"",""input_sha256"":""98f9957085aca90efdcb07c37ee421ac0b2b458074ff21883b0cfca2fe148f71"",""io_workers"":32,""logical_spatial_shape"":[520,696],""memory_budget_bytes"":0,""minimum_logical_gib"":32.0,""nconnect"":16,""output_buffers"":4,""requested_duration_s"":3.0,""requested_warmup_s"":2.0,""sink"":""fs"",""source_order"":""cyclic"",""storage_type"":""nfs"",""study_id"":""reef-turin-microscopy-pareto-transfer-3710982"",""timing_policy"":""coverage-qualified-through-final-close-v2"",""worker_threads"":32}",sample,3,3,0,0,"[""reef-turin-microscopy-pareto-transfer-3710982/execution-0018"",""reef-turin-microscopy-pareto-transfer-3710982/execution-0154"",""reef-turin-microscopy-pareto-transfer-3710982/execution-0261""]",7.427498733325534,6.2032973206121955,8.33768012447925,103082054400,36316139520,2.8384639932124593,0.3523032183572779,378282700.28001386,3.8381037840000003,5.158689157,0.024077063537550434,34360684800,34360684800,false,true,,true,false,false,19.72264704778268,measured_shard_write_bytes_per_logical_byte,8,"[16384,65536]",/mnt/main0/home/nclack/tmp/2026-09-07-chucky-microscopy-pr/worktree/build-microscopy-unified-corrected-20260916/turin-3710982/transfer/study.json
,reef-turin,,,,nfs,,,,,,,,,,,,,,,,642cee45065213ddaed8,29aaec91f2e0be2c,65536,"[1,128,256]","[16384,128,256]",,,,blosc-zstd,3,bit,,,,,,,,,,40f4c4355b56d83cd951,,,,,,,,,,,,,,,,,,,,,,,,,,,,,,,,,,,,,,,,,,,,,,,,,,,,,,,,,write-tradeoffs,1,write-summary.csv,summary_id=40f4c4355b56d83cd951,reef-turin-microscopy-pareto-transfer-3710982,retained_study,partially_selected_in_current_report,complete,bbbc010-brightfield,1,98f9957085aca90efdcb07c37ee421ac0b2b458074ff21883b0cfca2fe148f71,cpu-turin-gp-l-243-179,cpu,40,32,fs,16,u16,1073741824,16,15,65536,,32,4,3.0,2.0,32.0,true,,"{""allocated_cpus"":40,""arrival_bytes_per_s"":null,""backend"":""cpu"",""chunk_depth"":1,""completion_pause_ms"":null,""data_issue"":null,""dataset_version"":1,""dtype"":""u16"",""hostname"":""cpu-turin-gp-l-243-179"",""input_id"":""bbbc010-brightfield"",""input_sha256"":""98f9957085aca90efdcb07c37ee421ac0b2b458074ff21883b0cfca2fe148f71"",""io_workers"":32,""logical_spatial_shape"":[520,696],""memory_budget_bytes"":0,""minimum_logical_gib"":32.0,""nconnect"":16,""output_buffers"":4,""requested_duration_s"":3.0,""requested_warmup_s"":2.0,""sink"":""fs"",""source_order"":""cyclic"",""storage_type"":""nfs"",""study_id"":""reef-turin-microscopy-pareto-transfer-3710982"",""timing_policy"":""coverage-qualified-through-final-close-v2"",""worker_threads"":32}",sample,3,3,0,0,"[""reef-turin-microscopy-pareto-transfer-3710982/execution-0037"",""reef-turin-microscopy-pareto-transfer-3710982/execution-0108"",""reef-turin-microscopy-pareto-transfer-3710982/execution-0203""]",5.6015768681300075,5.109222859601763,5.654218644395044,103082054400,30333558784,3.398284228172151,0.2942661451652248,315965867.4511573,5.659647123,6.263355936000001,0.014610718336829427,34360684800,34360684800,false,true,,true,true,true,0.0,measured_shard_write_bytes_per_logical_byte,8,"[16384,65536]",/mnt/main0/home/nclack/tmp/2026-09-07-chucky-microscopy-pr/worktree/build-microscopy-unified-corrected-20260916/turin-3710982/transfer/study.json
,reef-turin,,,,nfs,,,,,,,,,,,,,,,,642cee45065213ddaed8,6b462d1451567dc7,65536,"[1,128,256]","[16384,128,256]",,,,zstd,3,none,,,,,,,,,,940685f05cfd1ce9dd3d,,,,,,,,,,,,,,,,,,,,,,,,,,,,,,,,,,,,,,,,,,,,,,,,,,,,,,,,,write-tradeoffs,1,write-summary.csv,summary_id=940685f05cfd1ce9dd3d,reef-turin-microscopy-pareto-transfer-3710982,retained_study,partially_selected_in_current_report,complete,bbbc010-brightfield,1,98f9957085aca90efdcb07c37ee421ac0b2b458074ff21883b0cfca2fe148f71,cpu-turin-gp-l-243-179,cpu,40,32,fs,16,u16,1073741824,16,15,,,32,4,3.0,2.0,32.0,true,,"{""allocated_cpus"":40,""arrival_bytes_per_s"":null,""backend"":""cpu"",""chunk_depth"":1,""completion_pause_ms"":null,""data_issue"":null,""dataset_version"":1,""dtype"":""u16"",""hostname"":""cpu-turin-gp-l-243-179"",""input_id"":""bbbc010-brightfield"",""input_sha256"":""98f9957085aca90efdcb07c37ee421ac0b2b458074ff21883b0cfca2fe148f71"",""io_workers"":32,""logical_spatial_shape"":[520,696],""memory_budget_bytes"":0,""minimum_logical_gib"":32.0,""nconnect"":16,""output_buffers"":4,""requested_duration_s"":3.0,""requested_warmup_s"":2.0,""sink"":""fs"",""source_order"":""cyclic"",""storage_type"":""nfs"",""study_id"":""reef-turin-microscopy-pareto-transfer-3710982"",""timing_policy"":""coverage-qualified-through-final-close-v2"",""worker_threads"":32}",sample,3,3,0,0,"[""reef-turin-microscopy-pareto-transfer-3710982/execution-0056"",""reef-turin-microscopy-pareto-transfer-3710982/execution-0127"",""reef-turin-microscopy-pareto-transfer-3710982/execution-0246""]",4.474848934704568,4.456379947589289,4.590776767074388,103082054400,34158649344,3.0177438622322597,0.33137338543380834,355809463.3007524,6.970689646000001,7.180913988,0.008248584664707447,34360684800,34360684800,false,true,,false,false,false,12.6100949355722,measured_shard_write_bytes_per_logical_byte,8,"[16384,65536]",/mnt/main0/home/nclack/tmp/2026-09-07-chucky-microscopy-pr/worktree/build-microscopy-unified-corrected-20260916/turin-3710982/transfer/study.json
,reef-turin,,,,nfs,,,,,,,,,,,,,,,,642cee45065213ddaed8,8eee0c96ecf4e615,16384,"[1,64,128]","[16384,128,256]",,,,zstd,3,none,,,,,,,,,,b4353662b128d042887c,,,,,,,,,,,,,,,,,,,,,,,,,,,,,,,,,,,,,,,,,,,,,,,,,,,,,,,,,write-tradeoffs,1,write-summary.csv,summary_id=b4353662b128d042887c,reef-turin-microscopy-pareto-transfer-3710982,retained_study,partially_selected_in_current_report,complete,bbbc010-brightfield,1,98f9957085aca90efdcb07c37ee421ac0b2b458074ff21883b0cfca2fe148f71,cpu-turin-gp-l-243-179,cpu,40,32,fs,16,u16,1073741824,16,15,,,32,4,3.0,2.0,32.0,true,,"{""allocated_cpus"":40,""arrival_bytes_per_s"":null,""backend"":""cpu"",""chunk_depth"":1,""completion_pause_ms"":null,""data_issue"":null,""dataset_version"":1,""dtype"":""u16"",""hostname"":""cpu-turin-gp-l-243-179"",""input_id"":""bbbc010-brightfield"",""input_sha256"":""98f9957085aca90efdcb07c37ee421ac0b2b458074ff21883b0cfca2fe148f71"",""io_workers"":32,""logical_spatial_shape"":[520,696],""memory_budget_bytes"":0,""minimum_logical_gib"":32.0,""nconnect"":16,""output_buffers"":4,""requested_duration_s"":3.0,""requested_warmup_s"":2.0,""sink"":""fs"",""source_order"":""cyclic"",""storage_type"":""nfs"",""study_id"":""reef-turin-microscopy-pareto-transfer-3710982"",""timing_policy"":""coverage-qualified-through-final-close-v2"",""worker_threads"":32}",sample,3,3,0,0,"[""reef-turin-microscopy-pareto-transfer-3710982/execution-0046"",""reef-turin-microscopy-pareto-transfer-3710982/execution-0158"",""reef-turin-microscopy-pareto-transfer-3710982/execution-0257""]",4.009939229445544,3.9146377997028416,4.05948409846587,103082054400,35517972480,2.9022505284625977,0.3445601922345855,369968689.2877545,7.882992237,8.174672272,0.014049733882484036,34360684800,34360684800,false,true,,false,false,false,17.091346692675625,measured_shard_write_bytes_per_logical_byte,8,"[16384,65536]",/mnt/main0/home/nclack/tmp/2026-09-07-chucky-microscopy-pr/worktree/build-microscopy-unified-corrected-20260916/turin-3710982/transfer/study.json
,reef-turin,,,,nfs,,,,,,,,,,,,,,,,642cee45065213ddaed8,bffb9260718c8525,16384,"[1,64,128]","[16384,128,256]",,,,none,0,none,,,,,,,,,,1c48700c2a601d5b50fe,,,,,,,,,,,,,,,,,,,,,,,,,,,,,,,,,,,,,,,,,,,,,,,,,,,,,,,,,write-tradeoffs,1,write-summary.csv,summary_id=1c48700c2a601d5b50fe,reef-turin-microscopy-pareto-transfer-3710982,retained_study,partially_selected_in_current_report,complete,bbbc010-brightfield,1,98f9957085aca90efdcb07c37ee421ac0b2b458074ff21883b0cfca2fe148f71,cpu-turin-gp-l-243-179,cpu,40,32,fs,16,u16,1073741824,16,15,,,32,4,3.0,2.0,32.0,true,,"{""allocated_cpus"":40,""arrival_bytes_per_s"":null,""backend"":""cpu"",""chunk_depth"":1,""completion_pause_ms"":null,""data_issue"":null,""dataset_version"":1,""dtype"":""u16"",""hostname"":""cpu-turin-gp-l-243-179"",""input_id"":""bbbc010-brightfield"",""input_sha256"":""98f9957085aca90efdcb07c37ee421ac0b2b458074ff21883b0cfca2fe148f71"",""io_workers"":32,""logical_spatial_shape"":[520,696],""memory_budget_bytes"":0,""minimum_logical_gib"":32.0,""nconnect"":16,""output_buffers"":4,""requested_duration_s"":3.0,""requested_warmup_s"":2.0,""sink"":""fs"",""source_order"":""cyclic"",""storage_type"":""nfs"",""study_id"":""reef-turin-microscopy-pareto-transfer-3710982"",""timing_policy"":""coverage-qualified-through-final-close-v2"",""worker_threads"":32}",sample,3,3,0,0,"[""reef-turin-microscopy-pareto-transfer-3710982/execution-0064"",""reef-turin-microscopy-pareto-transfer-3710982/execution-0148"",""reef-turin-microscopy-pareto-transfer-3710982/execution-0220""]",3.5191684676982917,3.1891233517622197,3.6742995597297887,103082054400,126184734720,0.8169138258184389,1.2241193237219765,1314388115.4468815,8.709383329000001,10.034382151,0.012417565140030314,34360684800,34360684800,false,true,,false,false,false,315.9905391205152,measured_shard_write_bytes_per_logical_byte,8,"[16384,65536]",/mnt/main0/home/nclack/tmp/2026-09-07-chucky-microscopy-pr/worktree/build-microscopy-unified-corrected-20260916/turin-3710982/transfer/study.json
,reef-turin,,,,nfs,,,,,,,,,,,,,,,,642cee45065213ddaed8,e876861c10b64b08,16384,"[1,64,128]","[16384,128,256]",,,,lz4,1,none,,,,,,,,,,e2d0b429e574394a6484,,,,,,,,,,,,,,,,,,,,,,,,,,,,,,,,,,,,,,,,,,,,,,,,,,,,,,,,,write-tradeoffs,1,write-summary.csv,summary_id=e2d0b429e574394a6484,reef-turin-microscopy-pareto-transfer-3710982,retained_study,partially_selected_in_current_report,complete,bbbc010-brightfield,1,98f9957085aca90efdcb07c37ee421ac0b2b458074ff21883b0cfca2fe148f71,cpu-turin-gp-l-243-179,cpu,40,32,fs,16,u16,1073741824,16,15,,,32,4,3.0,2.0,32.0,true,,"{""allocated_cpus"":40,""arrival_bytes_per_s"":null,""backend"":""cpu"",""chunk_depth"":1,""completion_pause_ms"":null,""data_issue"":null,""dataset_version"":1,""dtype"":""u16"",""hostname"":""cpu-turin-gp-l-243-179"",""input_id"":""bbbc010-brightfield"",""input_sha256"":""98f9957085aca90efdcb07c37ee421ac0b2b458074ff21883b0cfca2fe148f71"",""io_workers"":32,""logical_spatial_shape"":[520,696],""memory_budget_bytes"":0,""minimum_logical_gib"":32.0,""nconnect"":16,""output_buffers"":4,""requested_duration_s"":3.0,""requested_warmup_s"":2.0,""sink"":""fs"",""source_order"":""cyclic"",""storage_type"":""nfs"",""study_id"":""reef-turin-microscopy-pareto-transfer-3710982"",""timing_policy"":""coverage-qualified-through-final-close-v2"",""worker_threads"":32}",sample,3,3,0,0,"[""reef-turin-microscopy-pareto-transfer-3710982/execution-0085"",""reef-turin-microscopy-pareto-transfer-3710982/execution-0097"",""reef-turin-microscopy-pareto-transfer-3710982/execution-0197""]",4.3296306402631775,3.776715084602706,4.819049809186094,103082054400,53470175232,1.9278420905250568,0.5187146835909394,556965650.4945182,6.640496464,8.473204919,0.012073657057819648,34360684800,34360684800,false,true,,false,false,false,76.27399281683968,measured_shard_write_bytes_per_logical_byte,8,"[16384,65536]",/mnt/main0/home/nclack/tmp/2026-09-07-chucky-microscopy-pr/worktree/build-microscopy-unified-corrected-20260916/turin-3710982/transfer/study.json
,reef-turin,,,,nfs,,,,,,,,,,,,,,,,642cee45065213ddaed8,f15833fef0428801,65536,"[1,128,256]","[16384,128,256]",,,,none,0,none,,,,,,,,,,49811b1adee6445989f9,,,,,,,,,,,,,,,,,,,,,,,,,,,,,,,,,,,,,,,,,,,,,,,,,,,,,,,,,write-tradeoffs,1,write-summary.csv,summary_id=49811b1adee6445989f9,reef-turin-microscopy-pareto-transfer-3710982,retained_study,partially_selected_in_current_report,complete,bbbc010-brightfield,1,98f9957085aca90efdcb07c37ee421ac0b2b458074ff21883b0cfca2fe148f71,cpu-turin-gp-l-243-179,cpu,40,32,fs,16,u16,1073741824,16,15,,,32,4,3.0,2.0,32.0,true,,"{""allocated_cpus"":40,""arrival_bytes_per_s"":null,""backend"":""cpu"",""chunk_depth"":1,""completion_pause_ms"":null,""data_issue"":null,""dataset_version"":1,""dtype"":""u16"",""hostname"":""cpu-turin-gp-l-243-179"",""input_id"":""bbbc010-brightfield"",""input_sha256"":""98f9957085aca90efdcb07c37ee421ac0b2b458074ff21883b0cfca2fe148f71"",""io_workers"":32,""logical_spatial_shape"":[520,696],""memory_budget_bytes"":0,""minimum_logical_gib"":32.0,""nconnect"":16,""output_buffers"":4,""requested_duration_s"":3.0,""requested_warmup_s"":2.0,""sink"":""fs"",""source_order"":""cyclic"",""storage_type"":""nfs"",""study_id"":""reef-turin-microscopy-pareto-transfer-3710982"",""timing_policy"":""coverage-qualified-through-final-close-v2"",""worker_threads"":32}",sample,3,3,0,0,"[""reef-turin-microscopy-pareto-transfer-3710982/execution-0065"",""reef-turin-microscopy-pareto-transfer-3710982/execution-0169"",""reef-turin-microscopy-pareto-transfer-3710982/execution-0180""]",3.6699873778098686,2.6415970087358307,3.790038767703512,103082054400,140042649600,0.7360761503329911,1.3585550890999705,1458737419.3746848,8.443418023000001,12.114217348,0.008828227758290725,34360684800,34360684800,false,true,,false,false,false,361.675633239144,measured_shard_write_bytes_per_logical_byte,8,"[16384,65536]",/mnt/main0/home/nclack/tmp/2026-09-07-chucky-microscopy-pr/worktree/build-microscopy-unified-corrected-20260916/turin-3710982/transfer/study.json
,reef-turin,,,,nfs,,,,,,,,,,,,,,,,642cee45065213ddaed8,f4a3d7e8fb58436d,65536,"[1,128,256]","[16384,128,256]",,,,lz4,1,none,,,,,,,,,,4a80d21558bc0f346011,,,,,,,,,,,,,,,,,,,,,,,,,,,,,,,,,,,,,,,,,,,,,,,,,,,,,,,,,write-tradeoffs,1,write-summary.csv,summary_id=4a80d21558bc0f346011,reef-turin-microscopy-pareto-transfer-3710982,retained_study,partially_selected_in_current_report,complete,bbbc010-brightfield,1,98f9957085aca90efdcb07c37ee421ac0b2b458074ff21883b0cfca2fe148f71,cpu-turin-gp-l-243-179,cpu,40,32,fs,16,u16,1073741824,16,15,,,32,4,3.0,2.0,32.0,true,,"{""allocated_cpus"":40,""arrival_bytes_per_s"":null,""backend"":""cpu"",""chunk_depth"":1,""completion_pause_ms"":null,""data_issue"":null,""dataset_version"":1,""dtype"":""u16"",""hostname"":""cpu-turin-gp-l-243-179"",""input_id"":""bbbc010-brightfield"",""input_sha256"":""98f9957085aca90efdcb07c37ee421ac0b2b458074ff21883b0cfca2fe148f71"",""io_workers"":32,""logical_spatial_shape"":[520,696],""memory_budget_bytes"":0,""minimum_logical_gib"":32.0,""nconnect"":16,""output_buffers"":4,""requested_duration_s"":3.0,""requested_warmup_s"":2.0,""sink"":""fs"",""source_order"":""cyclic"",""storage_type"":""nfs"",""study_id"":""reef-turin-microscopy-pareto-transfer-3710982"",""timing_policy"":""coverage-qualified-through-final-close-v2"",""worker_threads"":32}",sample,3,3,0,0,"[""reef-turin-microscopy-pareto-transfer-3710982/execution-0058"",""reef-turin-microscopy-pareto-transfer-3710982/execution-0116"",""reef-turin-microscopy-pareto-transfer-3710982/execution-0193""]",4.880175553387271,4.842698661354735,4.904524345169537,103082054400,49603731456,2.0781108875133087,0.481206275376677,516691303.84319943,6.524767376000001,6.608067864000001,0.008753130444545325,34360684800,34360684800,false,true,,false,false,false,63.52756961100262,measured_shard_write_bytes_per_logical_byte,8,"[16384,65536]",/mnt/main0/home/nclack/tmp/2026-09-07-chucky-microscopy-pr/worktree/build-microscopy-unified-corrected-20260916/turin-3710982/transfer/study.json
,reef-l40,,,,nfs,,,,,,,,,,,,,,,,8ebded0249162343ab38,2ec8565636a50c45,16384,"[1,64,128]","[16384,128,256]",,,,zstd,3,none,,,,,,,,,,acad45db0a30c8ed1dc4,,,,,,,,,,,,,,,,,,,,,,,,,,,,,,,,,,,,,,,,,,,,,,,,,,,,,,,,,write-tradeoffs,1,write-summary.csv,summary_id=acad45db0a30c8ed1dc4,reef-l40-final-transfer-3702747,retained_study,partially_selected_in_current_report,complete,bbbc010-brightfield,1,98f9957085aca90efdcb07c37ee421ac0b2b458074ff21883b0cfca2fe148f71,cw-us-e4a2-l40-234-163,gpu,8,4,fs,16,u16,1073741824,16,15,,,32,4,3.0,2.0,32.0,true,,"{""allocated_cpus"":8,""arrival_bytes_per_s"":null,""backend"":""gpu"",""chunk_depth"":1,""completion_pause_ms"":null,""data_issue"":null,""dataset_version"":1,""dtype"":""u16"",""hostname"":""cw-us-e4a2-l40-234-163"",""input_id"":""bbbc010-brightfield"",""input_sha256"":""98f9957085aca90efdcb07c37ee421ac0b2b458074ff21883b0cfca2fe148f71"",""io_workers"":32,""logical_spatial_shape"":[520,696],""memory_budget_bytes"":0,""minimum_logical_gib"":32.0,""nconnect"":16,""output_buffers"":4,""requested_duration_s"":3.0,""requested_warmup_s"":2.0,""sink"":""fs"",""source_order"":""cyclic"",""storage_type"":""nfs"",""study_id"":""reef-l40-final-transfer-3702747"",""timing_policy"":""coverage-qualified-through-final-close-v2"",""worker_threads"":4}",sample,2,2,0,0,"[""reef-l40-final-transfer-3702747/execution-0069"",""reef-l40-final-transfer-3702747/execution-0196""]",5.5596019376548895,5.534153191383933,5.585050683925846,68721369600,23693991936,2.9003711061278215,0.34478346508390895,370208426.6842367,5.7297388080000005,5.782434989,0.01748481464412759,34360684800,34360684800,false,true,,false,false,false,17.10954920039016,measured_shard_write_bytes_per_logical_byte,5,"[16384,65536]",/mnt/main0/home/nclack/tmp/2026-09-07-chucky-microscopy-pr/worktree/build-microscopy-final-20260916/run-3702747/transfer/study.json
,reef-l40,,,,nfs,,,,,,,,,,,,,,,,8ebded0249162343ab38,6a7864f68157d457,16384,"[1,64,128]","[16384,128,256]",,,,lz4,1,none,,,,,,,,,,a31043621228286a26cc,,,,,,,,,,,,,,,,,,,,,,,,,,,,,,,,,,,,,,,,,,,,,,,,,,,,,,,,,write-tradeoffs,1,write-summary.csv,summary_id=a31043621228286a26cc,reef-l40-final-transfer-3702747,retained_study,partially_selected_in_current_report,complete,bbbc010-brightfield,1,98f9957085aca90efdcb07c37ee421ac0b2b458074ff21883b0cfca2fe148f71,cw-us-e4a2-l40-234-163,gpu,8,4,fs,16,u16,1073741824,16,15,,,32,4,3.0,2.0,32.0,true,,"{""allocated_cpus"":8,""arrival_bytes_per_s"":null,""backend"":""gpu"",""chunk_depth"":1,""completion_pause_ms"":null,""data_issue"":null,""dataset_version"":1,""dtype"":""u16"",""hostname"":""cw-us-e4a2-l40-234-163"",""input_id"":""bbbc010-brightfield"",""input_sha256"":""98f9957085aca90efdcb07c37ee421ac0b2b458074ff21883b0cfca2fe148f71"",""io_workers"":32,""logical_spatial_shape"":[520,696],""memory_budget_bytes"":0,""minimum_logical_gib"":32.0,""nconnect"":16,""output_buffers"":4,""requested_duration_s"":3.0,""requested_warmup_s"":2.0,""sink"":""fs"",""source_order"":""cyclic"",""storage_type"":""nfs"",""study_id"":""reef-l40-final-transfer-3702747"",""timing_policy"":""coverage-qualified-through-final-close-v2"",""worker_threads"":4}",sample,2,2,0,0,"[""reef-l40-final-transfer-3702747/execution-0027"",""reef-l40-final-transfer-3702747/execution-0194""]",5.789633044398126,5.786089663006927,5.793176425789325,68721369600,46448336896,1.479522716903091,0.6758936436563686,725735273.7695953,5.52389201,5.530657758,0.014945472979163673,34360684800,34360684800,false,true,,false,false,false,129.5748141423867,measured_shard_write_bytes_per_logical_byte,5,"[16384,65536]",/mnt/main0/home/nclack/tmp/2026-09-07-chucky-microscopy-pr/worktree/build-microscopy-final-20260916/run-3702747/transfer/study.json
,reef-l40,,,,nfs,,,,,,,,,,,,,,,,8ebded0249162343ab38,7ae0582ee63991b7,65536,"[1,128,256]","[16384,128,256]",,,,blosc-zstd,3,bit,,,,,,,,,,5037fcd42f2a780a5655,,,,,,,,,,,,,,,,,,,,,,,,,,,,,,,,,,,,,,,,,,,,,,,,,,,,,,,,,write-tradeoffs,1,write-summary.csv,summary_id=5037fcd42f2a780a5655,reef-l40-final-transfer-3702747,retained_study,partially_selected_in_current_report,complete,bbbc010-brightfield,1,98f9957085aca90efdcb07c37ee421ac0b2b458074ff21883b0cfca2fe148f71,cw-us-e4a2-l40-234-163,gpu,8,4,fs,16,u16,1073741824,16,15,65536,65536,32,4,3.0,2.0,32.0,true,,"{""allocated_cpus"":8,""arrival_bytes_per_s"":null,""backend"":""gpu"",""chunk_depth"":1,""completion_pause_ms"":null,""data_issue"":null,""dataset_version"":1,""dtype"":""u16"",""hostname"":""cw-us-e4a2-l40-234-163"",""input_id"":""bbbc010-brightfield"",""input_sha256"":""98f9957085aca90efdcb07c37ee421ac0b2b458074ff21883b0cfca2fe148f71"",""io_workers"":32,""logical_spatial_shape"":[520,696],""memory_budget_bytes"":0,""minimum_logical_gib"":32.0,""nconnect"":16,""output_buffers"":4,""requested_duration_s"":3.0,""requested_warmup_s"":2.0,""sink"":""fs"",""source_order"":""cyclic"",""storage_type"":""nfs"",""study_id"":""reef-l40-final-transfer-3702747"",""timing_policy"":""coverage-qualified-through-final-close-v2"",""worker_threads"":4}",sample,2,2,0,0,"[""reef-l40-final-transfer-3702747/execution-0118"",""reef-l40-final-transfer-3702747/execution-0168""]",6.412002562680552,6.392648693148366,6.4313564322127394,68721369600,20232331264,3.3966115275246613,0.2944110599332409,316121468.4984914,4.975759679,5.005887386,0.015726444931998682,34360684800,34360684800,false,true,,true,true,true,0.0,measured_shard_write_bytes_per_logical_byte,5,"[16384,65536]",/mnt/main0/home/nclack/tmp/2026-09-07-chucky-microscopy-pr/worktree/build-microscopy-final-20260916/run-3702747/transfer/study.json
,reef-l40,,,,nfs,,,,,,,,,,,,,,,,8ebded0249162343ab38,d2e5b10034882ba6,16384,"[1,64,128]","[16384,128,256]",,,,blosc-lz4,3,bit,,,,,,,,,,ca9e52aa3f4e8ac11b0f,,,,,,,,,,,,,,,,,,,,,,,,,,,,,,,,,,,,,,,,,,,,,,,,,,,,,,,,,write-tradeoffs,1,write-summary.csv,summary_id=ca9e52aa3f4e8ac11b0f,reef-l40-final-transfer-3702747,retained_study,partially_selected_in_current_report,complete,bbbc010-brightfield,1,98f9957085aca90efdcb07c37ee421ac0b2b458074ff21883b0cfca2fe148f71,cw-us-e4a2-l40-234-163,gpu,8,4,fs,16,u16,1073741824,16,15,4096,4096,32,4,3.0,2.0,32.0,true,,"{""allocated_cpus"":8,""arrival_bytes_per_s"":null,""backend"":""gpu"",""chunk_depth"":1,""completion_pause_ms"":null,""data_issue"":null,""dataset_version"":1,""dtype"":""u16"",""hostname"":""cw-us-e4a2-l40-234-163"",""input_id"":""bbbc010-brightfield"",""input_sha256"":""98f9957085aca90efdcb07c37ee421ac0b2b458074ff21883b0cfca2fe148f71"",""io_workers"":32,""logical_spatial_shape"":[520,696],""memory_budget_bytes"":0,""minimum_logical_gib"":32.0,""nconnect"":16,""output_buffers"":4,""requested_duration_s"":3.0,""requested_warmup_s"":2.0,""sink"":""fs"",""source_order"":""cyclic"",""storage_type"":""nfs"",""study_id"":""reef-l40-final-transfer-3702747"",""timing_policy"":""coverage-qualified-through-final-close-v2"",""worker_threads"":4}",sample,2,2,0,0,"[""reef-l40-final-transfer-3702747/execution-0046"",""reef-l40-final-transfer-3702747/execution-0125""]",7.338189015365852,6.6782436115917205,7.998134419139984,68721369600,35779772416,1.9206765431875463,0.5206498738930838,559043545.2593298,4.001043518,4.7918108980000005,0.021405619060641277,34360684800,34360684800,false,true,,true,false,false,76.84453634695095,measured_shard_write_bytes_per_logical_byte,5,"[16384,65536]",/mnt/main0/home/nclack/tmp/2026-09-07-chucky-microscopy-pr/worktree/build-microscopy-final-20260916/run-3702747/transfer/study.json
,reef-l40,,,,nfs,,,,,,,,,,,,,,,,8ebded0249162343ab38,d3afa0d420c3622f,16384,"[1,64,128]","[16384,128,256]",,,,none,0,none,,,,,,,,,,c25201bd6d13ee3578fa,,,,,,,,,,,,,,,,,,,,,,,,,,,,,,,,,,,,,,,,,,,,,,,,,,,,,,,,,write-tradeoffs,1,write-summary.csv,summary_id=c25201bd6d13ee3578fa,reef-l40-final-transfer-3702747,retained_study,partially_selected_in_current_report,complete,bbbc010-brightfield,1,98f9957085aca90efdcb07c37ee421ac0b2b458074ff21883b0cfca2fe148f71,cw-us-e4a2-l40-234-163,gpu,8,4,fs,16,u16,1073741824,16,15,,,32,4,3.0,2.0,32.0,true,,"{""allocated_cpus"":8,""arrival_bytes_per_s"":null,""backend"":""gpu"",""chunk_depth"":1,""completion_pause_ms"":null,""data_issue"":null,""dataset_version"":1,""dtype"":""u16"",""hostname"":""cw-us-e4a2-l40-234-163"",""input_id"":""bbbc010-brightfield"",""input_sha256"":""98f9957085aca90efdcb07c37ee421ac0b2b458074ff21883b0cfca2fe148f71"",""io_workers"":32,""logical_spatial_shape"":[520,696],""memory_budget_bytes"":0,""minimum_logical_gib"":32.0,""nconnect"":16,""output_buffers"":4,""requested_duration_s"":3.0,""requested_warmup_s"":2.0,""sink"":""fs"",""source_order"":""cyclic"",""storage_type"":""nfs"",""study_id"":""reef-l40-final-transfer-3702747"",""timing_policy"":""coverage-qualified-through-final-close-v2"",""worker_threads"":4}",sample,2,2,0,0,"[""reef-l40-final-transfer-3702747/execution-0068"",""reef-l40-final-transfer-3702747/execution-0124""]",4.355007791601325,4.288881424083357,4.421134159119292,68721369600,84123156480,0.8169138258184389,1.2241193237219765,1314388115.4468815,7.238160912000001,7.4613586320000005,0.014287487530576366,34360684800,34360684800,false,true,,false,false,false,315.78578060197583,measured_shard_write_bytes_per_logical_byte,5,"[16384,65536]",/mnt/main0/home/nclack/tmp/2026-09-07-chucky-microscopy-pr/worktree/build-microscopy-final-20260916/run-3702747/transfer/study.json
,reef-turin,,,,nfs,,,,,,,,,,,,,,,,1c3b0561cd4734fecc81,37df3fdae2c6f550,65536,"[4,64,128]","[16384,128,256]",,,,blosc-lz4,3,bit,,,,,,,,,,9521fa62464f68d4f2df,,,,,,,,,,,,,,,,,,,,,,,,,,,,,,,,,,,,,,,,,,,,,,,,,,,,,,,,,write-tradeoffs,2,write-summary.csv,summary_id=9521fa62464f68d4f2df,reef-turin-microscopy-pareto-core-3710982,retained_study,partially_selected_in_current_report,complete,bbbc022-mito,1,1eff677d3f7d6785bdc8e65079613d6ba2c801a19f33503517a12b8df54affc7,cpu-turin-gp-l-243-179,cpu,40,32,fs,16,u16,1073741824,16,15,65536,,32,4,3.0,2.0,32.0,true,,"{""allocated_cpus"":40,""arrival_bytes_per_s"":null,""backend"":""cpu"",""chunk_depth"":4,""completion_pause_ms"":null,""data_issue"":null,""dataset_version"":1,""dtype"":""u16"",""hostname"":""cpu-turin-gp-l-243-179"",""input_id"":""bbbc022-mito"",""input_sha256"":""1eff677d3f7d6785bdc8e65079613d6ba2c801a19f33503517a12b8df54affc7"",""io_workers"":32,""logical_spatial_shape"":[520,696],""memory_budget_bytes"":0,""minimum_logical_gib"":32.0,""nconnect"":16,""output_buffers"":4,""requested_duration_s"":3.0,""requested_warmup_s"":2.0,""sink"":""fs"",""source_order"":""cyclic"",""storage_type"":""nfs"",""study_id"":""reef-turin-microscopy-pareto-core-3710982"",""timing_policy"":""coverage-qualified-through-final-close-v2"",""worker_threads"":32}",sample,3,3,0,0,"[""reef-turin-microscopy-pareto-core-3710982/execution-0046"",""reef-turin-microscopy-pareto-core-3710982/execution-0085"",""reef-turin-microscopy-pareto-core-3710982/execution-0148""]",5.581637821485618,5.575247621574603,6.031755039572293,103082054400,62278328320,1.6551833869133628,0.6041626613138203,648714717.9517957,5.305401209,5.739813324000001,0.010394687532872801,34360684800,34360684800,true,true,,false,false,false,14.141881776171807,measured_shard_write_bytes_per_logical_byte,14,"[16384,65536,262144]",/mnt/main0/home/nclack/tmp/2026-09-07-chucky-microscopy-pr/worktree/build-microscopy-unified-corrected-20260916/turin-3710982/core/study.json
,reef-turin,,,,nfs,,,,,,,,,,,,,,,,1c3b0561cd4734fecc81,5477a774266663a4,16384,"[4,32,64]","[16384,128,256]",,,,blosc-lz4,3,bit,,,,,,,,,,99e3598d8c8d96d71f3e,,,,,,,,,,,,,,,,,,,,,,,,,,,,,,,,,,,,,,,,,,,,,,,,,,,,,,,,,write-tradeoffs,2,write-summary.csv,summary_id=99e3598d8c8d96d71f3e,reef-turin-microscopy-pareto-core-3710982,retained_study,partially_selected_in_current_report,complete,bbbc022-mito,1,1eff677d3f7d6785bdc8e65079613d6ba2c801a19f33503517a12b8df54affc7,cpu-turin-gp-l-243-179,cpu,40,32,fs,16,u16,1073741824,16,15,16384,,32,4,3.0,2.0,32.0,true,,"{""allocated_cpus"":40,""arrival_bytes_per_s"":null,""backend"":""cpu"",""chunk_depth"":4,""completion_pause_ms"":null,""data_issue"":null,""dataset_version"":1,""dtype"":""u16"",""hostname"":""cpu-turin-gp-l-243-179"",""input_id"":""bbbc022-mito"",""input_sha256"":""1eff677d3f7d6785bdc8e65079613d6ba2c801a19f33503517a12b8df54affc7"",""io_workers"":32,""logical_spatial_shape"":[520,696],""memory_budget_bytes"":0,""minimum_logical_gib"":32.0,""nconnect"":16,""output_buffers"":4,""requested_duration_s"":3.0,""requested_warmup_s"":2.0,""sink"":""fs"",""source_order"":""cyclic"",""storage_type"":""nfs"",""study_id"":""reef-turin-microscopy-pareto-core-3710982"",""timing_policy"":""coverage-qualified-through-final-close-v2"",""worker_threads"":32}",sample,3,3,0,0,"[""reef-turin-microscopy-pareto-core-3710982/execution-0026"",""reef-turin-microscopy-pareto-core-3710982/execution-0071"",""reef-turin-microscopy-pareto-core-3710982/execution-0111""]",5.924794309195655,5.19779619836519,6.021102376436177,103086397440,61224079360,1.6837557790595417,0.5939103594694404,637706392.6692126,5.315011679,6.156884007,0.02821139196426638,34362132480,34362132480,false,true,,true,false,false,12.204957997217859,measured_shard_write_bytes_per_logical_byte,14,"[16384,65536,262144]",/mnt/main0/home/nclack/tmp/2026-09-07-chucky-microscopy-pr/worktree/build-microscopy-unified-corrected-20260916/turin-3710982/core/study.json
,reef-turin,,,,nfs,,,,,,,,,,,,,,,,1c3b0561cd4734fecc81,7bfca38211ecf304,65536,"[4,64,128]","[16384,128,256]",,,,zstd,3,none,,,,,,,,,,946d09eb0f8f08676e35,,,,,,,,,,,,,,,,,,,,,,,,,,,,,,,,,,,,,,,,,,,,,,,,,,,,,,,,,write-tradeoffs,2,write-summary.csv,summary_id=946d09eb0f8f08676e35,reef-turin-microscopy-pareto-core-3710982,retained_study,partially_selected_in_current_report,complete,bbbc022-mito,1,1eff677d3f7d6785bdc8e65079613d6ba2c801a19f33503517a12b8df54affc7,cpu-turin-gp-l-243-179,cpu,40,32,fs,16,u16,1073741824,16,15,,,32,4,3.0,2.0,32.0,true,,"{""allocated_cpus"":40,""arrival_bytes_per_s"":null,""backend"":""cpu"",""chunk_depth"":4,""completion_pause_ms"":null,""data_issue"":null,""dataset_version"":1,""dtype"":""u16"",""hostname"":""cpu-turin-gp-l-243-179"",""input_id"":""bbbc022-mito"",""input_sha256"":""1eff677d3f7d6785bdc8e65079613d6ba2c801a19f33503517a12b8df54affc7"",""io_workers"":32,""logical_spatial_shape"":[520,696],""memory_budget_bytes"":0,""minimum_logical_gib"":32.0,""nconnect"":16,""output_buffers"":4,""requested_duration_s"":3.0,""requested_warmup_s"":2.0,""sink"":""fs"",""source_order"":""cyclic"",""storage_type"":""nfs"",""study_id"":""reef-turin-microscopy-pareto-core-3710982"",""timing_policy"":""coverage-qualified-through-final-close-v2"",""worker_threads"":32}",sample,3,3,0,0,"[""reef-turin-microscopy-pareto-core-3710982/execution-0016"",""reef-turin-microscopy-pareto-core-3710982/execution-0103"",""reef-turin-microscopy-pareto-core-3710982/execution-0107""]",3.7212025925841257,3.53206081339829,3.8067755192194728,103082054400,64753737728,1.5919089463684588,0.6281766317610371,674499522.3812723,8.406295856000002,9.06011621,0.009043563691773001,34360684800,34360684800,true,true,,false,false,false,18.678739068547497,measured_shard_write_bytes_per_logical_byte,14,"[16384,65536,262144]",/mnt/main0/home/nclack/tmp/2026-09-07-chucky-microscopy-pr/worktree/build-microscopy-unified-corrected-20260916/turin-3710982/core/study.json
,reef-turin,,,,nfs,,,,,,,,,,,,,,,,1c3b0561cd4734fecc81,8533403b20b68a26,262144,"[4,128,256]","[16384,128,256]",,,,blosc-lz4,3,bit,,,,,,,,,,d7a1ef0da526cf5419b1,,,,,,,,,,,,,,,,,,,,,,,,,,,,,,,,,,,,,,,,,,,,,,,,,,,,,,,,,write-tradeoffs,2,write-summary.csv,summary_id=d7a1ef0da526cf5419b1,reef-turin-microscopy-pareto-core-3710982,retained_study,partially_selected_in_current_report,complete,bbbc022-mito,1,1eff677d3f7d6785bdc8e65079613d6ba2c801a19f33503517a12b8df54affc7,cpu-turin-gp-l-243-179,cpu,40,32,fs,16,u16,1073741824,16,15,65536,,32,4,3.0,2.0,32.0,true,,"{""allocated_cpus"":40,""arrival_bytes_per_s"":null,""backend"":""cpu"",""chunk_depth"":4,""completion_pause_ms"":null,""data_issue"":null,""dataset_version"":1,""dtype"":""u16"",""hostname"":""cpu-turin-gp-l-243-179"",""input_id"":""bbbc022-mito"",""input_sha256"":""1eff677d3f7d6785bdc8e65079613d6ba2c801a19f33503517a12b8df54affc7"",""io_workers"":32,""logical_spatial_shape"":[520,696],""memory_budget_bytes"":0,""minimum_logical_gib"":32.0,""nconnect"":16,""output_buffers"":4,""requested_duration_s"":3.0,""requested_warmup_s"":2.0,""sink"":""fs"",""source_order"":""cyclic"",""storage_type"":""nfs"",""study_id"":""reef-turin-microscopy-pareto-core-3710982"",""timing_policy"":""coverage-qualified-through-final-close-v2"",""worker_threads"":32}",sample,3,3,0,0,"[""reef-turin-microscopy-pareto-core-3710982/execution-0005"",""reef-turin-microscopy-pareto-core-3710982/execution-0057"",""reef-turin-microscopy-pareto-core-3710982/execution-0132""]",5.1961122499143535,5.069292069516233,5.903275560762967,103082054400,63603073024,1.620708709484886,0.6170140224135852,662513761.8599398,5.420868824,6.312691946,0.01284128896309187,34360684800,34360684800,true,true,,false,false,false,16.56983476506118,measured_shard_write_bytes_per_logical_byte,14,"[16384,65536,262144]",/mnt/main0/home/nclack/tmp/2026-09-07-chucky-microscopy-pr/worktree/build-microscopy-unified-corrected-20260916/turin-3710982/core/study.json
,reef-turin,,,,nfs,,,,,,,,,,,,,,,,1c3b0561cd4734fecc81,8d73b93a95337f24,65536,"[4,64,128]","[16384,128,256]",,,,none,0,none,,,,,,,,,,ddef292151d7c165f769,,,,,,,,,,,,,,,,,,,,,,,,,,,,,,,,,,,,,,,,,,,,,,,,,,,,,,,,,write-tradeoffs,2,write-summary.csv,summary_id=ddef292151d7c165f769,reef-turin-microscopy-pareto-core-3710982,retained_study,partially_selected_in_current_report,complete,bbbc022-mito,1,1eff677d3f7d6785bdc8e65079613d6ba2c801a19f33503517a12b8df54affc7,cpu-turin-gp-l-243-179,cpu,40,32,fs,16,u16,1073741824,16,15,,,32,4,3.0,2.0,32.0,true,,"{""allocated_cpus"":40,""arrival_bytes_per_s"":null,""backend"":""cpu"",""chunk_depth"":4,""completion_pause_ms"":null,""data_issue"":null,""dataset_version"":1,""dtype"":""u16"",""hostname"":""cpu-turin-gp-l-243-179"",""input_id"":""bbbc022-mito"",""input_sha256"":""1eff677d3f7d6785bdc8e65079613d6ba2c801a19f33503517a12b8df54affc7"",""io_workers"":32,""logical_spatial_shape"":[520,696],""memory_budget_bytes"":0,""minimum_logical_gib"":32.0,""nconnect"":16,""output_buffers"":4,""requested_duration_s"":3.0,""requested_warmup_s"":2.0,""sink"":""fs"",""source_order"":""cyclic"",""storage_type"":""nfs"",""study_id"":""reef-turin-microscopy-pareto-core-3710982"",""timing_policy"":""coverage-qualified-through-final-close-v2"",""worker_threads"":32}",sample,3,3,0,0,"[""reef-turin-microscopy-pareto-core-3710982/execution-0018"",""reef-turin-microscopy-pareto-core-3710982/execution-0098"",""reef-turin-microscopy-pareto-core-3710982/execution-0126""]",3.1566022482359837,2.409984405392414,4.433921677013592,103082054400,126048485376,0.8177968508904203,1.222797567526943,1312968890.5391428,7.21728603,13.278459588,0.011402784739016365,34360684800,34360684800,true,true,,false,false,false,131.0179432229968,measured_shard_write_bytes_per_logical_byte,14,"[16384,65536,262144]",/mnt/main0/home/nclack/tmp/2026-09-07-chucky-microscopy-pr/worktree/build-microscopy-unified-corrected-20260916/turin-3710982/core/study.json
,reef-turin,,,,nfs,,,,,,,,,,,,,,,,1c3b0561cd4734fecc81,8d9626095a2f1ecf,16384,"[4,32,64]","[16384,128,256]",,,,blosc-zstd,3,bit,,,,,,,,,,a4c3765daf1352dbc4b8,,,,,,,,,,,,,,,,,,,,,,,,,,,,,,,,,,,,,,,,,,,,,,,,,,,,,,,,,write-tradeoffs,2,write-summary.csv,summary_id=a4c3765daf1352dbc4b8,reef-turin-microscopy-pareto-core-3710982,retained_study,partially_selected_in_current_report,complete,bbbc022-mito,1,1eff677d3f7d6785bdc8e65079613d6ba2c801a19f33503517a12b8df54affc7,cpu-turin-gp-l-243-179,cpu,40,32,fs,16,u16,1073741824,16,15,16384,,32,4,3.0,2.0,32.0,true,,"{""allocated_cpus"":40,""arrival_bytes_per_s"":null,""backend"":""cpu"",""chunk_depth"":4,""completion_pause_ms"":null,""data_issue"":null,""dataset_version"":1,""dtype"":""u16"",""hostname"":""cpu-turin-gp-l-243-179"",""input_id"":""bbbc022-mito"",""input_sha256"":""1eff677d3f7d6785bdc8e65079613d6ba2c801a19f33503517a12b8df54affc7"",""io_workers"":32,""logical_spatial_shape"":[520,696],""memory_budget_bytes"":0,""minimum_logical_gib"":32.0,""nconnect"":16,""output_buffers"":4,""requested_duration_s"":3.0,""requested_warmup_s"":2.0,""sink"":""fs"",""source_order"":""cyclic"",""storage_type"":""nfs"",""study_id"":""reef-turin-microscopy-pareto-core-3710982"",""timing_policy"":""coverage-qualified-through-final-close-v2"",""worker_threads"":32}",sample,3,3,0,0,"[""reef-turin-microscopy-pareto-core-3710982/execution-0027"",""reef-turin-microscopy-pareto-core-3710982/execution-0088"",""reef-turin-microscopy-pareto-core-3710982/execution-0142""]",4.687599404553426,4.65252665765061,5.044659273406778,103086397440,54774161408,1.8820260281509995,0.5313422795658422,570524428.4293454,6.343784262000001,6.878462368000001,0.011604418215812502,34362132480,34362132480,false,true,,false,true,false,0.38423679642687875,measured_shard_write_bytes_per_logical_byte,14,"[16384,65536,262144]",/mnt/main0/home/nclack/tmp/2026-09-07-chucky-microscopy-pr/worktree/build-microscopy-unified-corrected-20260916/turin-3710982/core/study.json
,reef-turin,,,,nfs,,,,,,,,,,,,,,,,1c3b0561cd4734fecc81,8f814487e9fda8be,262144,"[4,128,256]","[16384,128,256]",,,,blosc-lz4,3,bit,,,,,,,,,,7a039dc4943892667a07,,,,,,,,,,,,,,,,,,,,,,,,,,,,,,,,,,,,,,,,,,,,,,,,,,,,,,,,,write-tradeoffs,2,write-summary.csv,summary_id=7a039dc4943892667a07,reef-turin-microscopy-pareto-core-3710982,retained_study,partially_selected_in_current_report,complete,bbbc022-mito,1,1eff677d3f7d6785bdc8e65079613d6ba2c801a19f33503517a12b8df54affc7,cpu-turin-gp-l-243-179,cpu,40,32,fs,16,u16,1073741824,16,15,16384,,32,4,3.0,2.0,32.0,true,,"{""allocated_cpus"":40,""arrival_bytes_per_s"":null,""backend"":""cpu"",""chunk_depth"":4,""completion_pause_ms"":null,""data_issue"":null,""dataset_version"":1,""dtype"":""u16"",""hostname"":""cpu-turin-gp-l-243-179"",""input_id"":""bbbc022-mito"",""input_sha256"":""1eff677d3f7d6785bdc8e65079613d6ba2c801a19f33503517a12b8df54affc7"",""io_workers"":32,""logical_spatial_shape"":[520,696],""memory_budget_bytes"":0,""minimum_logical_gib"":32.0,""nconnect"":16,""output_buffers"":4,""requested_duration_s"":3.0,""requested_warmup_s"":2.0,""sink"":""fs"",""source_order"":""cyclic"",""storage_type"":""nfs"",""study_id"":""reef-turin-microscopy-pareto-core-3710982"",""timing_policy"":""coverage-qualified-through-final-close-v2"",""worker_threads"":32}",sample,3,3,0,0,"[""reef-turin-microscopy-pareto-core-3710982/execution-0008"",""reef-turin-microscopy-pareto-core-3710982/execution-0061"",""reef-turin-microscopy-pareto-core-3710982/execution-0149""]",6.384152313770773,4.941781703604059,6.685365900450328,103082054400,63891656704,1.6133883470507417,0.6198135754655661,665519759.0603586,4.7867058160000004,6.475575855000001,0.012429690121652598,34360684800,34360684800,true,true,,true,false,false,17.09874241518053,measured_shard_write_bytes_per_logical_byte,14,"[16384,65536,262144]",/mnt/main0/home/nclack/tmp/2026-09-07-chucky-microscopy-pr/worktree/build-microscopy-unified-corrected-20260916/turin-3710982/core/study.json
,reef-turin,,,,nfs,,,,,,,,,,,,,,,,1c3b0561cd4734fecc81,a7deef5fc28e1566,16384,"[4,32,64]","[16384,128,256]",,,,none,0,none,,,,,,,,,,2f864ada2bd41a866e3c,,,,,,,,,,,,,,,,,,,,,,,,,,,,,,,,,,,,,,,,,,,,,,,,,,,,,,,,,write-tradeoffs,2,write-summary.csv,summary_id=2f864ada2bd41a866e3c,reef-turin-microscopy-pareto-core-3710982,retained_study,partially_selected_in_current_report,complete,bbbc022-mito,1,1eff677d3f7d6785bdc8e65079613d6ba2c801a19f33503517a12b8df54affc7,cpu-turin-gp-l-243-179,cpu,40,32,fs,16,u16,1073741824,16,15,,,32,4,3.0,2.0,32.0,true,,"{""allocated_cpus"":40,""arrival_bytes_per_s"":null,""backend"":""cpu"",""chunk_depth"":4,""completion_pause_ms"":null,""data_issue"":null,""dataset_version"":1,""dtype"":""u16"",""hostname"":""cpu-turin-gp-l-243-179"",""input_id"":""bbbc022-mito"",""input_sha256"":""1eff677d3f7d6785bdc8e65079613d6ba2c801a19f33503517a12b8df54affc7"",""io_workers"":32,""logical_spatial_shape"":[520,696],""memory_budget_bytes"":0,""minimum_logical_gib"":32.0,""nconnect"":16,""output_buffers"":4,""requested_duration_s"":3.0,""requested_warmup_s"":2.0,""sink"":""fs"",""source_order"":""cyclic"",""storage_type"":""nfs"",""study_id"":""reef-turin-microscopy-pareto-core-3710982"",""timing_policy"":""coverage-qualified-through-final-close-v2"",""worker_threads"":32}",sample,3,3,0,0,"[""reef-turin-microscopy-pareto-core-3710982/execution-0021"",""reef-turin-microscopy-pareto-core-3710982/execution-0082"",""reef-turin-microscopy-pareto-core-3710982/execution-0109""]",2.9679485343084457,2.958056369138143,3.098726365737422,103086397440,109273300992,0.9433813795699926,1.0600166821776946,1138184245.791906,10.327543093000001,10.818668267000001,0.016542084062161365,34362132480,34362132480,false,true,,false,false,false,100.26444294783929,measured_shard_write_bytes_per_logical_byte,14,"[16384,65536,262144]",/mnt/main0/home/nclack/tmp/2026-09-07-chucky-microscopy-pr/worktree/build-microscopy-unified-corrected-20260916/turin-3710982/core/study.json
,reef-turin,,,,nfs,,,,,,,,,,,,,,,,1c3b0561cd4734fecc81,af4320268d963541,65536,"[4,64,128]","[16384,128,256]",,,,lz4,1,none,,,,,,,,,,920331ed1f4f9feeda17,,,,,,,,,,,,,,,,,,,,,,,,,,,,,,,,,,,,,,,,,,,,,,,,,,,,,,,,,write-tradeoffs,2,write-summary.csv,summary_id=920331ed1f4f9feeda17,reef-turin-microscopy-pareto-core-3710982,retained_study,partially_selected_in_current_report,complete,bbbc022-mito,1,1eff677d3f7d6785bdc8e65079613d6ba2c801a19f33503517a12b8df54affc7,cpu-turin-gp-l-243-179,cpu,40,32,fs,16,u16,1073741824,16,15,,,32,4,3.0,2.0,32.0,true,,"{""allocated_cpus"":40,""arrival_bytes_per_s"":null,""backend"":""cpu"",""chunk_depth"":4,""completion_pause_ms"":null,""data_issue"":null,""dataset_version"":1,""dtype"":""u16"",""hostname"":""cpu-turin-gp-l-243-179"",""input_id"":""bbbc022-mito"",""input_sha256"":""1eff677d3f7d6785bdc8e65079613d6ba2c801a19f33503517a12b8df54affc7"",""io_workers"":32,""logical_spatial_shape"":[520,696],""memory_budget_bytes"":0,""minimum_logical_gib"":32.0,""nconnect"":16,""output_buffers"":4,""requested_duration_s"":3.0,""requested_warmup_s"":2.0,""sink"":""fs"",""source_order"":""cyclic"",""storage_type"":""nfs"",""study_id"":""reef-turin-microscopy-pareto-core-3710982"",""timing_policy"":""coverage-qualified-through-final-close-v2"",""worker_threads"":32}",sample,3,3,0,0,"[""reef-turin-microscopy-pareto-core-3710982/execution-0030"",""reef-turin-microscopy-pareto-core-3710982/execution-0093"",""reef-turin-microscopy-pareto-core-3710982/execution-0130""]",2.818631752987951,2.649830414707142,2.836845089556288,103082054400,87139328000,1.1829567287918492,0.8453394580385856,907676331.5735223,11.280446779000002,12.076577536,0.0091333626328485,34360684800,34360684800,true,true,,false,false,false,59.70638812790564,measured_shard_write_bytes_per_logical_byte,14,"[16384,65536,262144]",/mnt/main0/home/nclack/tmp/2026-09-07-chucky-microscopy-pr/worktree/build-microscopy-unified-corrected-20260916/turin-3710982/core/study.json
,reef-turin,,,,nfs,,,,,,,,,,,,,,,,1c3b0561cd4734fecc81,b84b5c213874fbb8,65536,"[4,64,128]","[16384,128,256]",,,,blosc-zstd,3,bit,,,,,,,,,,afbbe6ca18aa45e79689,,,,,,,,,,,,,,,,,,,,,,,,,,,,,,,,,,,,,,,,,,,,,,,,,,,,,,,,,write-tradeoffs,2,write-summary.csv,summary_id=afbbe6ca18aa45e79689,reef-turin-microscopy-pareto-core-3710982,retained_study,partially_selected_in_current_report,complete,bbbc022-mito,1,1eff677d3f7d6785bdc8e65079613d6ba2c801a19f33503517a12b8df54affc7,cpu-turin-gp-l-243-179,cpu,40,32,fs,16,u16,1073741824,16,15,65536,,32,4,3.0,2.0,32.0,true,,"{""allocated_cpus"":40,""arrival_bytes_per_s"":null,""backend"":""cpu"",""chunk_depth"":4,""completion_pause_ms"":null,""data_issue"":null,""dataset_version"":1,""dtype"":""u16"",""hostname"":""cpu-turin-gp-l-243-179"",""input_id"":""bbbc022-mito"",""input_sha256"":""1eff677d3f7d6785bdc8e65079613d6ba2c801a19f33503517a12b8df54affc7"",""io_workers"":32,""logical_spatial_shape"":[520,696],""memory_budget_bytes"":0,""minimum_logical_gib"":32.0,""nconnect"":16,""output_buffers"":4,""requested_duration_s"":3.0,""requested_warmup_s"":2.0,""sink"":""fs"",""source_order"":""cyclic"",""storage_type"":""nfs"",""study_id"":""reef-turin-microscopy-pareto-core-3710982"",""timing_policy"":""coverage-qualified-through-final-close-v2"",""worker_threads"":32}",sample,3,3,0,0,"[""reef-turin-microscopy-pareto-core-3710982/execution-0036"",""reef-turin-microscopy-pareto-core-3710982/execution-0059"",""reef-turin-microscopy-pareto-core-3710982/execution-0139""]",5.215286599366573,4.460477827217275,5.245388615619332,103082054400,54602940416,1.8878480465457577,0.5297036495229183,568764962.818195,6.100764879000001,7.174316797,0.013238405118349422,34360684800,34360684800,true,true,,true,true,true,0.07465739238431539,measured_shard_write_bytes_per_logical_byte,14,"[16384,65536,262144]",/mnt/main0/home/nclack/tmp/2026-09-07-chucky-microscopy-pr/worktree/build-microscopy-unified-corrected-20260916/turin-3710982/core/study.json
,reef-turin,,,,nfs,,,,,,,,,,,,,,,,1c3b0561cd4734fecc81,c2335c669519104a,65536,"[4,64,128]","[16384,128,256]",,,,blosc-lz4,3,bit,,,,,,,,,,e6efd7366b3270f4578e,,,,,,,,,,,,,,,,,,,,,,,,,,,,,,,,,,,,,,,,,,,,,,,,,,,,,,,,,write-tradeoffs,2,write-summary.csv,summary_id=e6efd7366b3270f4578e,reef-turin-microscopy-pareto-core-3710982,retained_study,partially_selected_in_current_report,complete,bbbc022-mito,1,1eff677d3f7d6785bdc8e65079613d6ba2c801a19f33503517a12b8df54affc7,cpu-turin-gp-l-243-179,cpu,40,32,fs,16,u16,1073741824,16,15,16384,,32,4,3.0,2.0,32.0,true,,"{""allocated_cpus"":40,""arrival_bytes_per_s"":null,""backend"":""cpu"",""chunk_depth"":4,""completion_pause_ms"":null,""data_issue"":null,""dataset_version"":1,""dtype"":""u16"",""hostname"":""cpu-turin-gp-l-243-179"",""input_id"":""bbbc022-mito"",""input_sha256"":""1eff677d3f7d6785bdc8e65079613d6ba2c801a19f33503517a12b8df54affc7"",""io_workers"":32,""logical_spatial_shape"":[520,696],""memory_budget_bytes"":0,""minimum_logical_gib"":32.0,""nconnect"":16,""output_buffers"":4,""requested_duration_s"":3.0,""requested_warmup_s"":2.0,""sink"":""fs"",""source_order"":""cyclic"",""storage_type"":""nfs"",""study_id"":""reef-turin-microscopy-pareto-core-3710982"",""timing_policy"":""coverage-qualified-through-final-close-v2"",""worker_threads"":32}",sample,3,3,0,0,"[""reef-turin-microscopy-pareto-core-3710982/execution-0048"",""reef-turin-microscopy-pareto-core-3710982/execution-0075"",""reef-turin-microscopy-pareto-core-3710982/execution-0117""]",5.209585129036242,4.566530860601193,6.4760696249002105,103082054400,62286069760,1.6549776667109457,0.6042377610976291,648795355.7306445,4.941404687,7.007700552,0.01685940019235365,34360684800,34360684800,true,true,,false,false,false,14.156070058887378,measured_shard_write_bytes_per_logical_byte,14,"[16384,65536,262144]",/mnt/main0/home/nclack/tmp/2026-09-07-chucky-microscopy-pr/worktree/build-microscopy-unified-corrected-20260916/turin-3710982/core/study.json
,reef-turin,,,,nfs,,,,,,,,,,,,,,,,1c3b0561cd4734fecc81,e3091980e0d56c8e,16384,"[4,32,64]","[16384,128,256]",,,,blosc-lz4,3,bit,,,,,,,,,,e738488802a5acce7128,,,,,,,,,,,,,,,,,,,,,,,,,,,,,,,,,,,,,,,,,,,,,,,,,,,,,,,,,write-tradeoffs,2,write-summary.csv,summary_id=e738488802a5acce7128,reef-turin-microscopy-pareto-core-3710982,retained_study,partially_selected_in_current_report,complete,bbbc022-mito,1,1eff677d3f7d6785bdc8e65079613d6ba2c801a19f33503517a12b8df54affc7,cpu-turin-gp-l-243-179,cpu,40,32,fs,16,u16,1073741824,16,15,4096,,32,4,3.0,2.0,32.0,true,,"{""allocated_cpus"":40,""arrival_bytes_per_s"":null,""backend"":""cpu"",""chunk_depth"":4,""completion_pause_ms"":null,""data_issue"":null,""dataset_version"":1,""dtype"":""u16"",""hostname"":""cpu-turin-gp-l-243-179"",""input_id"":""bbbc022-mito"",""input_sha256"":""1eff677d3f7d6785bdc8e65079613d6ba2c801a19f33503517a12b8df54affc7"",""io_workers"":32,""logical_spatial_shape"":[520,696],""memory_budget_bytes"":0,""minimum_logical_gib"":32.0,""nconnect"":16,""output_buffers"":4,""requested_duration_s"":3.0,""requested_warmup_s"":2.0,""sink"":""fs"",""source_order"":""cyclic"",""storage_type"":""nfs"",""study_id"":""reef-turin-microscopy-pareto-core-3710982"",""timing_policy"":""coverage-qualified-through-final-close-v2"",""worker_threads"":32}",sample,3,3,0,0,"[""reef-turin-microscopy-pareto-core-3710982/execution-0042"",""reef-turin-microscopy-pareto-core-3710982/execution-0063"",""reef-turin-microscopy-pareto-core-3710982/execution-0144""]",5.35961937105811,5.359358165268127,6.7036876413615385,103086397440,61224083456,1.6837556664132873,0.5939103992031017,637706435.3329066,4.773824557,5.971280145000001,0.023564054444277106,34362132480,34362132480,false,true,,false,false,false,12.204965503929479,measured_shard_write_bytes_per_logical_byte,14,"[16384,65536,262144]",/mnt/main0/home/nclack/tmp/2026-09-07-chucky-microscopy-pr/worktree/build-microscopy-unified-corrected-20260916/turin-3710982/core/study.json
,reef-turin,,,,nfs,,,,,,,,,,,,,,,,1c3b0561cd4734fecc81,f14e3b2aac2e55b5,262144,"[4,128,256]","[16384,128,256]",,,,blosc-zstd,3,bit,,,,,,,,,,b9340dd03e15f0699ead,,,,,,,,,,,,,,,,,,,,,,,,,,,,,,,,,,,,,,,,,,,,,,,,,,,,,,,,,write-tradeoffs,2,write-summary.csv,summary_id=b9340dd03e15f0699ead,reef-turin-microscopy-pareto-core-3710982,retained_study,partially_selected_in_current_report,complete,bbbc022-mito,1,1eff677d3f7d6785bdc8e65079613d6ba2c801a19f33503517a12b8df54affc7,cpu-turin-gp-l-243-179,cpu,40,32,fs,16,u16,1073741824,16,15,262144,,32,4,3.0,2.0,32.0,true,,"{""allocated_cpus"":40,""arrival_bytes_per_s"":null,""backend"":""cpu"",""chunk_depth"":4,""completion_pause_ms"":null,""data_issue"":null,""dataset_version"":1,""dtype"":""u16"",""hostname"":""cpu-turin-gp-l-243-179"",""input_id"":""bbbc022-mito"",""input_sha256"":""1eff677d3f7d6785bdc8e65079613d6ba2c801a19f33503517a12b8df54affc7"",""io_workers"":32,""logical_spatial_shape"":[520,696],""memory_budget_bytes"":0,""minimum_logical_gib"":32.0,""nconnect"":16,""output_buffers"":4,""requested_duration_s"":3.0,""requested_warmup_s"":2.0,""sink"":""fs"",""source_order"":""cyclic"",""storage_type"":""nfs"",""study_id"":""reef-turin-microscopy-pareto-core-3710982"",""timing_policy"":""coverage-qualified-through-final-close-v2"",""worker_threads"":32}",sample,3,3,0,0,"[""reef-turin-microscopy-pareto-core-3710982/execution-0038"",""reef-turin-microscopy-pareto-core-3710982/execution-0065"",""reef-turin-microscopy-pareto-core-3710982/execution-0128""]",4.342556429168754,4.043204211278329,4.400820402157485,103082054400,54562205696,1.8892574646694869,0.5293084816128771,568340654.5056812,7.271571512,7.914732886,0.011043006022492377,34360684800,34360684800,true,true,,true,true,false,0.0,measured_shard_write_bytes_per_logical_byte,14,"[16384,65536,262144]",/mnt/main0/home/nclack/tmp/2026-09-07-chucky-microscopy-pr/worktree/build-microscopy-unified-corrected-20260916/turin-3710982/core/study.json
,reef-turin,,,,nfs,,,,,,,,,,,,,,,,1c3b0561cd4734fecc81,f38913939de66e66,262144,"[4,128,256]","[16384,128,256]",,,,blosc-zstd,3,bit,,,,,,,,,,8d2ee38a4d45662cef02,,,,,,,,,,,,,,,,,,,,,,,,,,,,,,,,,,,,,,,,,,,,,,,,,,,,,,,,,write-tradeoffs,2,write-summary.csv,summary_id=8d2ee38a4d45662cef02,reef-turin-microscopy-pareto-core-3710982,retained_study,partially_selected_in_current_report,complete,bbbc022-mito,1,1eff677d3f7d6785bdc8e65079613d6ba2c801a19f33503517a12b8df54affc7,cpu-turin-gp-l-243-179,cpu,40,32,fs,16,u16,1073741824,16,15,65536,,32,4,3.0,2.0,32.0,true,,"{""allocated_cpus"":40,""arrival_bytes_per_s"":null,""backend"":""cpu"",""chunk_depth"":4,""completion_pause_ms"":null,""data_issue"":null,""dataset_version"":1,""dtype"":""u16"",""hostname"":""cpu-turin-gp-l-243-179"",""input_id"":""bbbc022-mito"",""input_sha256"":""1eff677d3f7d6785bdc8e65079613d6ba2c801a19f33503517a12b8df54affc7"",""io_workers"":32,""logical_spatial_shape"":[520,696],""memory_budget_bytes"":0,""minimum_logical_gib"":32.0,""nconnect"":16,""output_buffers"":4,""requested_duration_s"":3.0,""requested_warmup_s"":2.0,""sink"":""fs"",""source_order"":""cyclic"",""storage_type"":""nfs"",""study_id"":""reef-turin-microscopy-pareto-core-3710982"",""timing_policy"":""coverage-qualified-through-final-close-v2"",""worker_threads"":32}",sample,3,3,0,0,"[""reef-turin-microscopy-pareto-core-3710982/execution-0010"",""reef-turin-microscopy-pareto-core-3710982/execution-0056"",""reef-turin-microscopy-pareto-core-3710982/execution-0154""]",4.38091296335647,4.2651783625853135,4.553525882164453,103082054400,54975459328,1.8750558096291965,0.5333174590668616,572645261.2694973,7.027714899000001,7.502823641000001,0.004599733123009832,34360684800,34360684800,true,true,,false,true,false,0.7573990580631823,measured_shard_write_bytes_per_logical_byte,14,"[16384,65536,262144]",/mnt/main0/home/nclack/tmp/2026-09-07-chucky-microscopy-pr/worktree/build-microscopy-unified-corrected-20260916/turin-3710982/core/study.json
,reef-l40,,,,nfs,,,,,,,,,,,,,,,,15f36c0c355c6df9491c,02d08e0342f338b3,262144,"[4,128,256]","[16384,128,256]",,,,blosc-zstd,3,bit,,,,,,,,,,f881343f300fb40229fd,,,,,,,,,,,,,,,,,,,,,,,,,,,,,,,,,,,,,,,,,,,,,,,,,,,,,,,,,write-tradeoffs,2,write-summary.csv,summary_id=f881343f300fb40229fd,reef-l40-final-confirmation-3704091,retained_study,partially_selected_in_current_report,complete,bbbc022-mito,1,1eff677d3f7d6785bdc8e65079613d6ba2c801a19f33503517a12b8df54affc7,cw-us-e4a2-l40-202-189,gpu,8,4,fs,16,u16,1073741824,16,15,65536,65536,32,4,3.0,2.0,32.0,true,,"{""allocated_cpus"":8,""arrival_bytes_per_s"":null,""backend"":""gpu"",""chunk_depth"":4,""completion_pause_ms"":null,""data_issue"":null,""dataset_version"":1,""dtype"":""u16"",""hostname"":""cw-us-e4a2-l40-202-189"",""input_id"":""bbbc022-mito"",""input_sha256"":""1eff677d3f7d6785bdc8e65079613d6ba2c801a19f33503517a12b8df54affc7"",""io_workers"":32,""logical_spatial_shape"":[520,696],""memory_budget_bytes"":0,""minimum_logical_gib"":32.0,""nconnect"":16,""output_buffers"":4,""requested_duration_s"":3.0,""requested_warmup_s"":2.0,""sink"":""fs"",""source_order"":""cyclic"",""storage_type"":""nfs"",""study_id"":""reef-l40-final-confirmation-3704091"",""timing_policy"":""coverage-qualified-through-final-close-v2"",""worker_threads"":4}",sample,3,3,0,0,"[""reef-l40-final-confirmation-3704091/execution-0068"",""reef-l40-final-confirmation-3704091/execution-0121"",""reef-l40-final-confirmation-3704091/execution-0190""]",4.2144755799346205,4.172451208461743,4.224535807671163,103082054400,54661369856,1.8858300600873987,0.5302704740816652,569373586.0537919,7.575005340000001,7.669563727000001,0.010001720717727595,34360684800,34360684800,true,true,,true,true,true,2.2970939326027358,measured_shard_write_bytes_per_logical_byte,13,"[16384,65536,262144]",/mnt/main0/home/nclack/tmp/2026-09-07-chucky-microscopy-pr/worktree/build-microscopy-confirmation-3rounds-20260916/run-3704091/confirmation/study.json
,reef-l40,,,,nfs,,,,,,,,,,,,,,,,15f36c0c355c6df9491c,0af03e8507bcc1ad,262144,"[4,128,256]","[16384,128,256]",,,,blosc-zstd,3,bit,,,,,,,,,,76d8bc12b1c3224e58fe,,,,,,,,,,,,,,,,,,,,,,,,,,,,,,,,,,,,,,,,,,,,,,,,,,,,,,,,,write-tradeoffs,2,write-summary.csv,summary_id=76d8bc12b1c3224e58fe,reef-l40-final-confirmation-3704091,retained_study,partially_selected_in_current_report,complete,bbbc022-mito,1,1eff677d3f7d6785bdc8e65079613d6ba2c801a19f33503517a12b8df54affc7,cw-us-e4a2-l40-202-189,gpu,8,4,fs,16,u16,1073741824,16,15,262144,262144,32,4,3.0,2.0,32.0,true,,"{""allocated_cpus"":8,""arrival_bytes_per_s"":null,""backend"":""gpu"",""chunk_depth"":4,""completion_pause_ms"":null,""data_issue"":null,""dataset_version"":1,""dtype"":""u16"",""hostname"":""cw-us-e4a2-l40-202-189"",""input_id"":""bbbc022-mito"",""input_sha256"":""1eff677d3f7d6785bdc8e65079613d6ba2c801a19f33503517a12b8df54affc7"",""io_workers"":32,""logical_spatial_shape"":[520,696],""memory_budget_bytes"":0,""minimum_logical_gib"":32.0,""nconnect"":16,""output_buffers"":4,""requested_duration_s"":3.0,""requested_warmup_s"":2.0,""sink"":""fs"",""source_order"":""cyclic"",""storage_type"":""nfs"",""study_id"":""reef-l40-final-confirmation-3704091"",""timing_policy"":""coverage-qualified-through-final-close-v2"",""worker_threads"":4}",sample,3,3,0,0,"[""reef-l40-final-confirmation-3704091/execution-0022"",""reef-l40-final-confirmation-3704091/execution-0174"",""reef-l40-final-confirmation-3704091/execution-0185""]",2.758598671475221,2.749373469871716,2.762141678749773,103082054400,53433942016,1.9291493479768649,0.5183631848144462,556588231.5571126,11.58553245,11.63933526,0.00655749913332641,34360684800,34360684800,true,true,,true,true,false,0.0,measured_shard_write_bytes_per_logical_byte,13,"[16384,65536,262144]",/mnt/main0/home/nclack/tmp/2026-09-07-chucky-microscopy-pr/worktree/build-microscopy-confirmation-3rounds-20260916/run-3704091/confirmation/study.json
,reef-l40,,,,nfs,,,,,,,,,,,,,,,,15f36c0c355c6df9491c,0b11036a3711bbe2,262144,"[4,128,256]","[16384,128,256]",,,,blosc-lz4,3,bit,,,,,,,,,,f47205abd78e84b47971,,,,,,,,,,,,,,,,,,,,,,,,,,,,,,,,,,,,,,,,,,,,,,,,,,,,,,,,,write-tradeoffs,2,write-summary.csv,summary_id=f47205abd78e84b47971,reef-l40-final-confirmation-3704091,retained_study,partially_selected_in_current_report,complete,bbbc022-mito,1,1eff677d3f7d6785bdc8e65079613d6ba2c801a19f33503517a12b8df54affc7,cw-us-e4a2-l40-202-189,gpu,8,4,fs,16,u16,1073741824,16,15,65536,65536,32,4,3.0,2.0,32.0,true,,"{""allocated_cpus"":8,""arrival_bytes_per_s"":null,""backend"":""gpu"",""chunk_depth"":4,""completion_pause_ms"":null,""data_issue"":null,""dataset_version"":1,""dtype"":""u16"",""hostname"":""cw-us-e4a2-l40-202-189"",""input_id"":""bbbc022-mito"",""input_sha256"":""1eff677d3f7d6785bdc8e65079613d6ba2c801a19f33503517a12b8df54affc7"",""io_workers"":32,""logical_spatial_shape"":[520,696],""memory_budget_bytes"":0,""minimum_logical_gib"":32.0,""nconnect"":16,""output_buffers"":4,""requested_duration_s"":3.0,""requested_warmup_s"":2.0,""sink"":""fs"",""source_order"":""cyclic"",""storage_type"":""nfs"",""study_id"":""reef-l40-final-confirmation-3704091"",""timing_policy"":""coverage-qualified-through-final-close-v2"",""worker_threads"":4}",sample,3,3,0,0,"[""reef-l40-final-confirmation-3704091/execution-0053"",""reef-l40-final-confirmation-3704091/execution-0094"",""reef-l40-final-confirmation-3704091/execution-0211""]",5.41813507198253,5.362269709908287,5.552166372651899,103082054400,75449954304,1.3662308393808407,0.7319407315188317,785915376.1209246,5.763674716000001,5.967786881,0.009601701818177346,34360684800,34360684800,true,true,,false,false,false,41.20229849672636,measured_shard_write_bytes_per_logical_byte,13,"[16384,65536,262144]",/mnt/main0/home/nclack/tmp/2026-09-07-chucky-microscopy-pr/worktree/build-microscopy-confirmation-3rounds-20260916/run-3704091/confirmation/study.json
,reef-l40,,,,nfs,,,,,,,,,,,,,,,,15f36c0c355c6df9491c,162326c020058f16,65536,"[4,64,128]","[16384,128,256]",,,,blosc-lz4,3,bit,,,,,,,,,,7c97bc39e038f1b9a35a,,,,,,,,,,,,,,,,,,,,,,,,,,,,,,,,,,,,,,,,,,,,,,,,,,,,,,,,,write-tradeoffs,2,write-summary.csv,summary_id=7c97bc39e038f1b9a35a,reef-l40-final-confirmation-3704091,retained_study,partially_selected_in_current_report,complete,bbbc022-mito,1,1eff677d3f7d6785bdc8e65079613d6ba2c801a19f33503517a12b8df54affc7,cw-us-e4a2-l40-202-189,gpu,8,4,fs,16,u16,1073741824,16,15,65536,65536,32,4,3.0,2.0,32.0,true,,"{""allocated_cpus"":8,""arrival_bytes_per_s"":null,""backend"":""gpu"",""chunk_depth"":4,""completion_pause_ms"":null,""data_issue"":null,""dataset_version"":1,""dtype"":""u16"",""hostname"":""cw-us-e4a2-l40-202-189"",""input_id"":""bbbc022-mito"",""input_sha256"":""1eff677d3f7d6785bdc8e65079613d6ba2c801a19f33503517a12b8df54affc7"",""io_workers"":32,""logical_spatial_shape"":[520,696],""memory_budget_bytes"":0,""minimum_logical_gib"":32.0,""nconnect"":16,""output_buffers"":4,""requested_duration_s"":3.0,""requested_warmup_s"":2.0,""sink"":""fs"",""source_order"":""cyclic"",""storage_type"":""nfs"",""study_id"":""reef-l40-final-confirmation-3704091"",""timing_policy"":""coverage-qualified-through-final-close-v2"",""worker_threads"":4}",sample,3,3,0,0,"[""reef-l40-final-confirmation-3704091/execution-0014"",""reef-l40-final-confirmation-3704091/execution-0171"",""reef-l40-final-confirmation-3704091/execution-0215""]",5.925741407118782,5.580457253132811,6.485854808751552,103082054400,72460075008,1.4226048536193092,0.7029358837458327,754771657.9683024,4.933950149,5.734455228000001,0.011244166435403198,34360684800,34360684800,true,true,,false,false,false,35.60683017978143,measured_shard_write_bytes_per_logical_byte,13,"[16384,65536,262144]",/mnt/main0/home/nclack/tmp/2026-09-07-chucky-microscopy-pr/worktree/build-microscopy-confirmation-3rounds-20260916/run-3704091/confirmation/study.json
,reef-l40,,,,nfs,,,,,,,,,,,,,,,,15f36c0c355c6df9491c,51513cfd80e88103,65536,"[4,64,128]","[16384,128,256]",,,,lz4,1,none,,,,,,,,,,0105a2f1375d76a918dc,,,,,,,,,,,,,,,,,,,,,,,,,,,,,,,,,,,,,,,,,,,,,,,,,,,,,,,,,write-tradeoffs,2,write-summary.csv,summary_id=0105a2f1375d76a918dc,reef-l40-final-confirmation-3704091,retained_study,partially_selected_in_current_report,complete,bbbc022-mito,1,1eff677d3f7d6785bdc8e65079613d6ba2c801a19f33503517a12b8df54affc7,cw-us-e4a2-l40-202-189,gpu,8,4,fs,16,u16,1073741824,16,15,,,32,4,3.0,2.0,32.0,true,,"{""allocated_cpus"":8,""arrival_bytes_per_s"":null,""backend"":""gpu"",""chunk_depth"":4,""completion_pause_ms"":null,""data_issue"":null,""dataset_version"":1,""dtype"":""u16"",""hostname"":""cw-us-e4a2-l40-202-189"",""input_id"":""bbbc022-mito"",""input_sha256"":""1eff677d3f7d6785bdc8e65079613d6ba2c801a19f33503517a12b8df54affc7"",""io_workers"":32,""logical_spatial_shape"":[520,696],""memory_budget_bytes"":0,""minimum_logical_gib"":32.0,""nconnect"":16,""output_buffers"":4,""requested_duration_s"":3.0,""requested_warmup_s"":2.0,""sink"":""fs"",""source_order"":""cyclic"",""storage_type"":""nfs"",""study_id"":""reef-l40-final-confirmation-3704091"",""timing_policy"":""coverage-qualified-through-final-close-v2"",""worker_threads"":4}",sample,3,3,0,0,"[""reef-l40-final-confirmation-3704091/execution-0092"",""reef-l40-final-confirmation-3704091/execution-0115"",""reef-l40-final-confirmation-3704091/execution-0196""]",5.0889932102901785,4.9341743124171185,5.1094510996353915,103082054400,89221627904,1.1553482806984137,0.8655398694110621,929366358.1261556,6.2630762650000005,6.4855594750000005,0.013847244227145106,34360684800,34360684800,true,true,,false,false,false,66.97556747223311,measured_shard_write_bytes_per_logical_byte,13,"[16384,65536,262144]",/mnt/main0/home/nclack/tmp/2026-09-07-chucky-microscopy-pr/worktree/build-microscopy-confirmation-3rounds-20260916/run-3704091/confirmation/study.json
,reef-l40,,,,nfs,,,,,,,,,,,,,,,,15f36c0c355c6df9491c,7456d44092f38131,16384,"[4,32,64]","[16384,128,256]",,,,blosc-lz4,3,bit,,,,,,,,,,7b53c0b34f5e549f7743,,,,,,,,,,,,,,,,,,,,,,,,,,,,,,,,,,,,,,,,,,,,,,,,,,,,,,,,,write-tradeoffs,2,write-summary.csv,summary_id=7b53c0b34f5e549f7743,reef-l40-final-confirmation-3704091,retained_study,partially_selected_in_current_report,complete,bbbc022-mito,1,1eff677d3f7d6785bdc8e65079613d6ba2c801a19f33503517a12b8df54affc7,cw-us-e4a2-l40-202-189,gpu,8,4,fs,16,u16,1073741824,16,15,4096,4096,32,4,3.0,2.0,32.0,true,,"{""allocated_cpus"":8,""arrival_bytes_per_s"":null,""backend"":""gpu"",""chunk_depth"":4,""completion_pause_ms"":null,""data_issue"":null,""dataset_version"":1,""dtype"":""u16"",""hostname"":""cw-us-e4a2-l40-202-189"",""input_id"":""bbbc022-mito"",""input_sha256"":""1eff677d3f7d6785bdc8e65079613d6ba2c801a19f33503517a12b8df54affc7"",""io_workers"":32,""logical_spatial_shape"":[520,696],""memory_budget_bytes"":0,""minimum_logical_gib"":32.0,""nconnect"":16,""output_buffers"":4,""requested_duration_s"":3.0,""requested_warmup_s"":2.0,""sink"":""fs"",""source_order"":""cyclic"",""storage_type"":""nfs"",""study_id"":""reef-l40-final-confirmation-3704091"",""timing_policy"":""coverage-qualified-through-final-close-v2"",""worker_threads"":4}",sample,3,3,0,0,"[""reef-l40-final-confirmation-3704091/execution-0075"",""reef-l40-final-confirmation-3704091/execution-0143"",""reef-l40-final-confirmation-3704091/execution-0236""]",5.889656293471111,5.442829968611402,6.3211384901106475,103086397440,70873206784,1.4545185990267946,0.6875126936631069,738211133.7169776,5.06273173,5.879704162,0.01892889849014378,34362132480,34362132480,false,true,,true,false,false,32.63146647060005,measured_shard_write_bytes_per_logical_byte,13,"[16384,65536,262144]",/mnt/main0/home/nclack/tmp/2026-09-07-chucky-microscopy-pr/worktree/build-microscopy-confirmation-3rounds-20260916/run-3704091/confirmation/study.json
,reef-l40,,,,nfs,,,,,,,,,,,,,,,,15f36c0c355c6df9491c,7e7a2cd69de82a1f,65536,"[4,64,128]","[16384,128,256]",,,,zstd,3,none,,,,,,,,,,21b2cb6cdde95118af87,,,,,,,,,,,,,,,,,,,,,,,,,,,,,,,,,,,,,,,,,,,,,,,,,,,,,,,,,write-tradeoffs,2,write-summary.csv,summary_id=21b2cb6cdde95118af87,reef-l40-final-confirmation-3704091,retained_study,partially_selected_in_current_report,complete,bbbc022-mito,1,1eff677d3f7d6785bdc8e65079613d6ba2c801a19f33503517a12b8df54affc7,cw-us-e4a2-l40-202-189,gpu,8,4,fs,16,u16,1073741824,16,15,,,32,4,3.0,2.0,32.0,true,,"{""allocated_cpus"":8,""arrival_bytes_per_s"":null,""backend"":""gpu"",""chunk_depth"":4,""completion_pause_ms"":null,""data_issue"":null,""dataset_version"":1,""dtype"":""u16"",""hostname"":""cw-us-e4a2-l40-202-189"",""input_id"":""bbbc022-mito"",""input_sha256"":""1eff677d3f7d6785bdc8e65079613d6ba2c801a19f33503517a12b8df54affc7"",""io_workers"":32,""logical_spatial_shape"":[520,696],""memory_budget_bytes"":0,""minimum_logical_gib"":32.0,""nconnect"":16,""output_buffers"":4,""requested_duration_s"":3.0,""requested_warmup_s"":2.0,""sink"":""fs"",""source_order"":""cyclic"",""storage_type"":""nfs"",""study_id"":""reef-l40-final-confirmation-3704091"",""timing_policy"":""coverage-qualified-through-final-close-v2"",""worker_threads"":4}",sample,3,3,0,0,"[""reef-l40-final-confirmation-3704091/execution-0086"",""reef-l40-final-confirmation-3704091/execution-0095"",""reef-l40-final-confirmation-3704091/execution-0218""]",2.941481373874051,2.931614652506648,2.9459978432353577,103082054400,65059995648,1.5844153288560638,0.6311476427850472,677689621.177317,10.862493404,10.915786471,0.009882174691892476,34360684800,34360684800,true,true,,false,false,false,21.75780635559089,measured_shard_write_bytes_per_logical_byte,13,"[16384,65536,262144]",/mnt/main0/home/nclack/tmp/2026-09-07-chucky-microscopy-pr/worktree/build-microscopy-confirmation-3rounds-20260916/run-3704091/confirmation/study.json
,reef-l40,,,,nfs,,,,,,,,,,,,,,,,15f36c0c355c6df9491c,85a0a2497e75ba9a,65536,"[4,64,128]","[16384,128,256]",,,,none,0,none,,,,,,,,,,3d60802ff01537082c19,,,,,,,,,,,,,,,,,,,,,,,,,,,,,,,,,,,,,,,,,,,,,,,,,,,,,,,,,write-tradeoffs,2,write-summary.csv,summary_id=3d60802ff01537082c19,reef-l40-final-confirmation-3704091,retained_study,partially_selected_in_current_report,complete,bbbc022-mito,1,1eff677d3f7d6785bdc8e65079613d6ba2c801a19f33503517a12b8df54affc7,cw-us-e4a2-l40-202-189,gpu,8,4,fs,16,u16,1073741824,16,15,,,32,4,3.0,2.0,32.0,true,,"{""allocated_cpus"":8,""arrival_bytes_per_s"":null,""backend"":""gpu"",""chunk_depth"":4,""completion_pause_ms"":null,""data_issue"":null,""dataset_version"":1,""dtype"":""u16"",""hostname"":""cw-us-e4a2-l40-202-189"",""input_id"":""bbbc022-mito"",""input_sha256"":""1eff677d3f7d6785bdc8e65079613d6ba2c801a19f33503517a12b8df54affc7"",""io_workers"":32,""logical_spatial_shape"":[520,696],""memory_budget_bytes"":0,""minimum_logical_gib"":32.0,""nconnect"":16,""output_buffers"":4,""requested_duration_s"":3.0,""requested_warmup_s"":2.0,""sink"":""fs"",""source_order"":""cyclic"",""storage_type"":""nfs"",""study_id"":""reef-l40-final-confirmation-3704091"",""timing_policy"":""coverage-qualified-through-final-close-v2"",""worker_threads"":4}",sample,3,3,0,0,"[""reef-l40-final-confirmation-3704091/execution-0018"",""reef-l40-final-confirmation-3704091/execution-0138"",""reef-l40-final-confirmation-3704091/execution-0258""]",3.678596696661158,3.390725737690242,4.037841968937226,103082054400,126048485376,0.8177968508904203,1.222797567526943,1312968890.5391428,7.925244054000001,9.437767730000001,0.01487406312763749,34360684800,34360684800,true,true,,false,false,false,135.8959130102298,measured_shard_write_bytes_per_logical_byte,13,"[16384,65536,262144]",/mnt/main0/home/nclack/tmp/2026-09-07-chucky-microscopy-pr/worktree/build-microscopy-confirmation-3rounds-20260916/run-3704091/confirmation/study.json
,reef-l40,,,,nfs,,,,,,,,,,,,,,,,15f36c0c355c6df9491c,9bdf045da4a44e94,262144,"[4,128,256]","[16384,128,256]",,,,blosc-lz4,3,bit,,,,,,,,,,765fa5c206f94e4ca5cf,,,,,,,,,,,,,,,,,,,,,,,,,,,,,,,,,,,,,,,,,,,,,,,,,,,,,,,,,write-tradeoffs,2,write-summary.csv,summary_id=765fa5c206f94e4ca5cf,reef-l40-final-confirmation-3704091,retained_study,partially_selected_in_current_report,complete,bbbc022-mito,1,1eff677d3f7d6785bdc8e65079613d6ba2c801a19f33503517a12b8df54affc7,cw-us-e4a2-l40-202-189,gpu,8,4,fs,16,u16,1073741824,16,15,16384,16384,32,4,3.0,2.0,32.0,true,,"{""allocated_cpus"":8,""arrival_bytes_per_s"":null,""backend"":""gpu"",""chunk_depth"":4,""completion_pause_ms"":null,""data_issue"":null,""dataset_version"":1,""dtype"":""u16"",""hostname"":""cw-us-e4a2-l40-202-189"",""input_id"":""bbbc022-mito"",""input_sha256"":""1eff677d3f7d6785bdc8e65079613d6ba2c801a19f33503517a12b8df54affc7"",""io_workers"":32,""logical_spatial_shape"":[520,696],""memory_budget_bytes"":0,""minimum_logical_gib"":32.0,""nconnect"":16,""output_buffers"":4,""requested_duration_s"":3.0,""requested_warmup_s"":2.0,""sink"":""fs"",""source_order"":""cyclic"",""storage_type"":""nfs"",""study_id"":""reef-l40-final-confirmation-3704091"",""timing_policy"":""coverage-qualified-through-final-close-v2"",""worker_threads"":4}",sample,3,3,0,0,"[""reef-l40-final-confirmation-3704091/execution-0033"",""reef-l40-final-confirmation-3704091/execution-0118"",""reef-l40-final-confirmation-3704091/execution-0224""]",6.172926391536313,5.059534525437461,6.336643392124533,103082054400,75012435968,1.3741995319812623,0.7276963619382425,781358018.9857327,5.050131481,6.324866738,0.011066956016552203,34360684800,34360684800,true,true,,false,false,false,40.38349621582971,measured_shard_write_bytes_per_logical_byte,13,"[16384,65536,262144]",/mnt/main0/home/nclack/tmp/2026-09-07-chucky-microscopy-pr/worktree/build-microscopy-confirmation-3rounds-20260916/run-3704091/confirmation/study.json
,reef-l40,,,,nfs,,,,,,,,,,,,,,,,15f36c0c355c6df9491c,cf33c61c7af2356a,16384,"[4,32,64]","[16384,128,256]",,,,blosc-lz4,3,bit,,,,,,,,,,c95c83a860feaeb0aa5f,,,,,,,,,,,,,,,,,,,,,,,,,,,,,,,,,,,,,,,,,,,,,,,,,,,,,,,,,write-tradeoffs,2,write-summary.csv,summary_id=c95c83a860feaeb0aa5f,reef-l40-final-confirmation-3704091,retained_study,partially_selected_in_current_report,complete,bbbc022-mito,1,1eff677d3f7d6785bdc8e65079613d6ba2c801a19f33503517a12b8df54affc7,cw-us-e4a2-l40-202-189,gpu,8,4,fs,16,u16,1073741824,16,15,16384,16384,32,4,3.0,2.0,32.0,true,,"{""allocated_cpus"":8,""arrival_bytes_per_s"":null,""backend"":""gpu"",""chunk_depth"":4,""completion_pause_ms"":null,""data_issue"":null,""dataset_version"":1,""dtype"":""u16"",""hostname"":""cw-us-e4a2-l40-202-189"",""input_id"":""bbbc022-mito"",""input_sha256"":""1eff677d3f7d6785bdc8e65079613d6ba2c801a19f33503517a12b8df54affc7"",""io_workers"":32,""logical_spatial_shape"":[520,696],""memory_budget_bytes"":0,""minimum_logical_gib"":32.0,""nconnect"":16,""output_buffers"":4,""requested_duration_s"":3.0,""requested_warmup_s"":2.0,""sink"":""fs"",""source_order"":""cyclic"",""storage_type"":""nfs"",""study_id"":""reef-l40-final-confirmation-3704091"",""timing_policy"":""coverage-qualified-through-final-close-v2"",""worker_threads"":4}",sample,3,3,0,0,"[""reef-l40-final-confirmation-3704091/execution-0039"",""reef-l40-final-confirmation-3704091/execution-0107"",""reef-l40-final-confirmation-3704091/execution-0229""]",6.3285697021378295,5.2296540691328115,6.383567511316514,103086397440,71711744000,1.4375106738444403,0.6956470085370752,746945287.8067427,5.013220154000001,6.119378087,0.015128795227847474,34362132480,34362132480,false,true,,true,false,false,34.2006972941355,measured_shard_write_bytes_per_logical_byte,13,"[16384,65536,262144]",/mnt/main0/home/nclack/tmp/2026-09-07-chucky-microscopy-pr/worktree/build-microscopy-confirmation-3rounds-20260916/run-3704091/confirmation/study.json
,reef-l40,,,,nfs,,,,,,,,,,,,,,,,15f36c0c355c6df9491c,d3a0f611bae43d1c,65536,"[4,64,128]","[16384,128,256]",,,,blosc-lz4,3,bit,,,,,,,,,,093f364bf110e822c271,,,,,,,,,,,,,,,,,,,,,,,,,,,,,,,,,,,,,,,,,,,,,,,,,,,,,,,,,write-tradeoffs,2,write-summary.csv,summary_id=093f364bf110e822c271,reef-l40-final-confirmation-3704091,retained_study,partially_selected_in_current_report,complete,bbbc022-mito,1,1eff677d3f7d6785bdc8e65079613d6ba2c801a19f33503517a12b8df54affc7,cw-us-e4a2-l40-202-189,gpu,8,4,fs,16,u16,1073741824,16,15,16384,16384,32,4,3.0,2.0,32.0,true,,"{""allocated_cpus"":8,""arrival_bytes_per_s"":null,""backend"":""gpu"",""chunk_depth"":4,""completion_pause_ms"":null,""data_issue"":null,""dataset_version"":1,""dtype"":""u16"",""hostname"":""cw-us-e4a2-l40-202-189"",""input_id"":""bbbc022-mito"",""input_sha256"":""1eff677d3f7d6785bdc8e65079613d6ba2c801a19f33503517a12b8df54affc7"",""io_workers"":32,""logical_spatial_shape"":[520,696],""memory_budget_bytes"":0,""minimum_logical_gib"":32.0,""nconnect"":16,""output_buffers"":4,""requested_duration_s"":3.0,""requested_warmup_s"":2.0,""sink"":""fs"",""source_order"":""cyclic"",""storage_type"":""nfs"",""study_id"":""reef-l40-final-confirmation-3704091"",""timing_policy"":""coverage-qualified-through-final-close-v2"",""worker_threads"":4}",sample,3,3,0,0,"[""reef-l40-final-confirmation-3704091/execution-0056"",""reef-l40-final-confirmation-3704091/execution-0146"",""reef-l40-final-confirmation-3704091/execution-0226""]",5.890867633756004,4.890105135243561,6.335209456132111,103082054400,76628369408,1.3452205129297483,0.74337254776327,798190195.3468606,5.051274157000001,6.5440066770000005,0.006738519956913365,34360684800,34360684800,true,true,,false,false,false,43.40766658214132,measured_shard_write_bytes_per_logical_byte,13,"[16384,65536,262144]",/mnt/main0/home/nclack/tmp/2026-09-07-chucky-microscopy-pr/worktree/build-microscopy-confirmation-3rounds-20260916/run-3704091/confirmation/study.json
,reef-l40,,,,nfs,,,,,,,,,,,,,,,,15f36c0c355c6df9491c,e2a47905f25a33f3,16384,"[4,32,64]","[16384,128,256]",,,,none,0,none,,,,,,,,,,c8f0513b1a77a15f8b46,,,,,,,,,,,,,,,,,,,,,,,,,,,,,,,,,,,,,,,,,,,,,,,,,,,,,,,,,write-tradeoffs,2,write-summary.csv,summary_id=c8f0513b1a77a15f8b46,reef-l40-final-confirmation-3704091,retained_study,partially_selected_in_current_report,complete,bbbc022-mito,1,1eff677d3f7d6785bdc8e65079613d6ba2c801a19f33503517a12b8df54affc7,cw-us-e4a2-l40-202-189,gpu,8,4,fs,16,u16,1073741824,16,15,,,32,4,3.0,2.0,32.0,true,,"{""allocated_cpus"":8,""arrival_bytes_per_s"":null,""backend"":""gpu"",""chunk_depth"":4,""completion_pause_ms"":null,""data_issue"":null,""dataset_version"":1,""dtype"":""u16"",""hostname"":""cw-us-e4a2-l40-202-189"",""input_id"":""bbbc022-mito"",""input_sha256"":""1eff677d3f7d6785bdc8e65079613d6ba2c801a19f33503517a12b8df54affc7"",""io_workers"":32,""logical_spatial_shape"":[520,696],""memory_budget_bytes"":0,""minimum_logical_gib"":32.0,""nconnect"":16,""output_buffers"":4,""requested_duration_s"":3.0,""requested_warmup_s"":2.0,""sink"":""fs"",""source_order"":""cyclic"",""storage_type"":""nfs"",""study_id"":""reef-l40-final-confirmation-3704091"",""timing_policy"":""coverage-qualified-through-final-close-v2"",""worker_threads"":4}",sample,3,3,0,0,"[""reef-l40-final-confirmation-3704091/execution-0031"",""reef-l40-final-confirmation-3704091/execution-0103"",""reef-l40-final-confirmation-3704091/execution-0201""]",4.921679692002685,4.706922384228054,5.174048825282391,103086397440,109257510912,0.9435177186402275,1.0598635089134025,1138019777.251717,6.1851424790000005,6.798971066000001,0.01152881505732238,34362132480,34362132480,false,true,,false,false,false,104.46349971647626,measured_shard_write_bytes_per_logical_byte,13,"[16384,65536,262144]",/mnt/main0/home/nclack/tmp/2026-09-07-chucky-microscopy-pr/worktree/build-microscopy-confirmation-3rounds-20260916/run-3704091/confirmation/study.json
,reef-l40,,,,nfs,,,,,,,,,,,,,,,,15f36c0c355c6df9491c,faba1d726dd769ab,65536,"[4,64,128]","[16384,128,256]",,,,blosc-zstd,3,bit,,,,,,,,,,c45d85eaa0d226045586,,,,,,,,,,,,,,,,,,,,,,,,,,,,,,,,,,,,,,,,,,,,,,,,,,,,,,,,,write-tradeoffs,2,write-summary.csv,summary_id=c45d85eaa0d226045586,reef-l40-final-confirmation-3704091,retained_study,partially_selected_in_current_report,complete,bbbc022-mito,1,1eff677d3f7d6785bdc8e65079613d6ba2c801a19f33503517a12b8df54affc7,cw-us-e4a2-l40-202-189,gpu,8,4,fs,16,u16,1073741824,16,15,65536,65536,32,4,3.0,2.0,32.0,true,,"{""allocated_cpus"":8,""arrival_bytes_per_s"":null,""backend"":""gpu"",""chunk_depth"":4,""completion_pause_ms"":null,""data_issue"":null,""dataset_version"":1,""dtype"":""u16"",""hostname"":""cw-us-e4a2-l40-202-189"",""input_id"":""bbbc022-mito"",""input_sha256"":""1eff677d3f7d6785bdc8e65079613d6ba2c801a19f33503517a12b8df54affc7"",""io_workers"":32,""logical_spatial_shape"":[520,696],""memory_budget_bytes"":0,""minimum_logical_gib"":32.0,""nconnect"":16,""output_buffers"":4,""requested_duration_s"":3.0,""requested_warmup_s"":2.0,""sink"":""fs"",""source_order"":""cyclic"",""storage_type"":""nfs"",""study_id"":""reef-l40-final-confirmation-3704091"",""timing_policy"":""coverage-qualified-through-final-close-v2"",""worker_threads"":4}",sample,3,3,0,0,"[""reef-l40-final-confirmation-3704091/execution-0066"",""reef-l40-final-confirmation-3704091/execution-0123"",""reef-l40-final-confirmation-3704091/execution-0255""]",4.192151342613172,4.171846968917442,4.198813707361538,103082054400,54055919616,1.906952191957322,0.5243969954871214,563066986.4344615,7.621410375,7.6706748870000006,0.013117534236856531,34360684800,34360684800,true,true,,true,true,false,1.1640121925007105,measured_shard_write_bytes_per_logical_byte,13,"[16384,65536,262144]",/mnt/main0/home/nclack/tmp/2026-09-07-chucky-microscopy-pr/worktree/build-microscopy-confirmation-3rounds-20260916/run-3704091/confirmation/study.json
,reef-turin,,,,nfs,,,,,,,,,,,,,,,,70f48a18352617ca0ad4,0f17be60f8764e4e,16384,"[4,64,64]","[16384,256,256]",,,,zstd,3,none,,,,,,,,,,133cbdfc229ab2c16d2d,,,,,,,,,,,,,,,,,,,,,,,,,,,,,,,,,,,,,,,,,,,,,,,,,,,,,,,,,write-tradeoffs,3,write-summary.csv,summary_id=133cbdfc229ab2c16d2d,reef-turin-microscopy-pareto-core-3710982,retained_study,partially_selected_in_current_report,complete,cosem-cos7-em,2,38fa12d66991e8f677a2f1c36de79d1c071a268944e690f572f4e265f59eacb2,cpu-turin-gp-l-243-179,cpu,40,32,fs,16,u8,1073741824,16,16,,,32,4,3.0,2.0,32.0,true,,"{""allocated_cpus"":40,""arrival_bytes_per_s"":null,""backend"":""cpu"",""chunk_depth"":4,""completion_pause_ms"":null,""data_issue"":null,""dataset_version"":2,""dtype"":""u8"",""hostname"":""cpu-turin-gp-l-243-179"",""input_id"":""cosem-cos7-em"",""input_sha256"":""38fa12d66991e8f677a2f1c36de79d1c071a268944e690f572f4e265f59eacb2"",""io_workers"":32,""logical_spatial_shape"":[1024,1024],""memory_budget_bytes"":0,""minimum_logical_gib"":32.0,""nconnect"":16,""output_buffers"":4,""requested_duration_s"":3.0,""requested_warmup_s"":2.0,""sink"":""fs"",""source_order"":""cyclic"",""storage_type"":""nfs"",""study_id"":""reef-turin-microscopy-pareto-core-3710982"",""timing_policy"":""coverage-qualified-through-final-close-v2"",""worker_threads"":32}",sample,3,3,0,0,"[""reef-turin-microscopy-pareto-core-3710982/execution-0040"",""reef-turin-microscopy-pareto-core-3710982/execution-0068"",""reef-turin-microscopy-pareto-core-3710982/execution-0133""]",4.86611645652631,4.059282521071124,5.350922400520983,103079215104,82424561664,1.2505885748497851,0.7996234893798828,858589184.0,5.98027771,7.883166399,0.017162979734544826,34359738368,34359738368,false,true,,true,true,false,0.0,measured_shard_write_bytes_per_logical_byte,11,"[16384,65536,262144]",/mnt/main0/home/nclack/tmp/2026-09-07-chucky-microscopy-pr/worktree/build-microscopy-unified-corrected-20260916/turin-3710982/core/study.json
,reef-turin,,,,nfs,,,,,,,,,,,,,,,,70f48a18352617ca0ad4,0f4178cec170d138,16384,"[4,64,64]","[16384,256,256]",,,,none,0,none,,,,,,,,,,10c38dea21363d65e70a,,,,,,,,,,,,,,,,,,,,,,,,,,,,,,,,,,,,,,,,,,,,,,,,,,,,,,,,,write-tradeoffs,3,write-summary.csv,summary_id=10c38dea21363d65e70a,reef-turin-microscopy-pareto-core-3710982,retained_study,partially_selected_in_current_report,complete,cosem-cos7-em,2,38fa12d66991e8f677a2f1c36de79d1c071a268944e690f572f4e265f59eacb2,cpu-turin-gp-l-243-179,cpu,40,32,fs,16,u8,1073741824,16,16,,,32,4,3.0,2.0,32.0,true,,"{""allocated_cpus"":40,""arrival_bytes_per_s"":null,""backend"":""cpu"",""chunk_depth"":4,""completion_pause_ms"":null,""data_issue"":null,""dataset_version"":2,""dtype"":""u8"",""hostname"":""cpu-turin-gp-l-243-179"",""input_id"":""cosem-cos7-em"",""input_sha256"":""38fa12d66991e8f677a2f1c36de79d1c071a268944e690f572f4e265f59eacb2"",""io_workers"":32,""logical_spatial_shape"":[1024,1024],""memory_budget_bytes"":0,""minimum_logical_gib"":32.0,""nconnect"":16,""output_buffers"":4,""requested_duration_s"":3.0,""requested_warmup_s"":2.0,""sink"":""fs"",""source_order"":""cyclic"",""storage_type"":""nfs"",""study_id"":""reef-turin-microscopy-pareto-core-3710982"",""timing_policy"":""coverage-qualified-through-final-close-v2"",""worker_threads"":32}",sample,3,3,0,0,"[""reef-turin-microscopy-pareto-core-3710982/execution-0031"",""reef-turin-microscopy-pareto-core-3710982/execution-0070"",""reef-turin-microscopy-pareto-core-3710982/execution-0145""]",4.595108638111496,3.4426695397604274,5.115117859773995,103079215104,103230799872,0.9985315935923391,1.0014705657958984,1075320832.0,6.2559651480000005,9.295112353,0.016239881552485912,34359738368,34359738368,false,true,,false,false,false,25.242764763270067,measured_shard_write_bytes_per_logical_byte,11,"[16384,65536,262144]",/mnt/main0/home/nclack/tmp/2026-09-07-chucky-microscopy-pr/worktree/build-microscopy-unified-corrected-20260916/turin-3710982/core/study.json
,reef-turin,,,,nfs,,,,,,,,,,,,,,,,70f48a18352617ca0ad4,11451cd673c1ab3b,262144,"[4,256,256]","[16384,256,256]",,,,blosc-zstd,3,bit,,,,,,,,,,46157156b57303754794,,,,,,,,,,,,,,,,,,,,,,,,,,,,,,,,,,,,,,,,,,,,,,,,,,,,,,,,,write-tradeoffs,3,write-summary.csv,summary_id=46157156b57303754794,reef-turin-microscopy-pareto-core-3710982,retained_study,partially_selected_in_current_report,complete,cosem-cos7-em,2,38fa12d66991e8f677a2f1c36de79d1c071a268944e690f572f4e265f59eacb2,cpu-turin-gp-l-243-179,cpu,40,32,fs,16,u8,1073741824,16,16,262144,,32,4,3.0,2.0,32.0,true,,"{""allocated_cpus"":40,""arrival_bytes_per_s"":null,""backend"":""cpu"",""chunk_depth"":4,""completion_pause_ms"":null,""data_issue"":null,""dataset_version"":2,""dtype"":""u8"",""hostname"":""cpu-turin-gp-l-243-179"",""input_id"":""cosem-cos7-em"",""input_sha256"":""38fa12d66991e8f677a2f1c36de79d1c071a268944e690f572f4e265f59eacb2"",""io_workers"":32,""logical_spatial_shape"":[1024,1024],""memory_budget_bytes"":0,""minimum_logical_gib"":32.0,""nconnect"":16,""output_buffers"":4,""requested_duration_s"":3.0,""requested_warmup_s"":2.0,""sink"":""fs"",""source_order"":""cyclic"",""storage_type"":""nfs"",""study_id"":""reef-turin-microscopy-pareto-core-3710982"",""timing_policy"":""coverage-qualified-through-final-close-v2"",""worker_threads"":32}",sample,3,3,0,0,"[""reef-turin-microscopy-pareto-core-3710982/execution-0054"",""reef-turin-microscopy-pareto-core-3710982/execution-0095"",""reef-turin-microscopy-pareto-core-3710982/execution-0113""]",4.618416513714271,4.283385534698031,4.910683276289551,103079215104,99823583232,1.0326138550289623,0.9684162139892578,1039828992.0,6.516404641,7.4707258240000005,0.0172433071901374,34359738368,34359738368,false,true,,false,false,false,21.109025291425056,measured_shard_write_bytes_per_logical_byte,11,"[16384,65536,262144]",/mnt/main0/home/nclack/tmp/2026-09-07-chucky-microscopy-pr/worktree/build-microscopy-unified-corrected-20260916/turin-3710982/core/study.json
,reef-turin,,,,nfs,,,,,,,,,,,,,,,,70f48a18352617ca0ad4,27aa3df71dddd188,65536,"[4,128,128]","[16384,256,256]",,,,lz4,1,none,,,,,,,,,,c440e41e0f72ed9e30e1,,,,,,,,,,,,,,,,,,,,,,,,,,,,,,,,,,,,,,,,,,,,,,,,,,,,,,,,,write-tradeoffs,3,write-summary.csv,summary_id=c440e41e0f72ed9e30e1,reef-turin-microscopy-pareto-core-3710982,retained_study,partially_selected_in_current_report,complete,cosem-cos7-em,2,38fa12d66991e8f677a2f1c36de79d1c071a268944e690f572f4e265f59eacb2,cpu-turin-gp-l-243-179,cpu,40,32,fs,16,u8,1073741824,16,16,,,32,4,3.0,2.0,32.0,true,,"{""allocated_cpus"":40,""arrival_bytes_per_s"":null,""backend"":""cpu"",""chunk_depth"":4,""completion_pause_ms"":null,""data_issue"":null,""dataset_version"":2,""dtype"":""u8"",""hostname"":""cpu-turin-gp-l-243-179"",""input_id"":""cosem-cos7-em"",""input_sha256"":""38fa12d66991e8f677a2f1c36de79d1c071a268944e690f572f4e265f59eacb2"",""io_workers"":32,""logical_spatial_shape"":[1024,1024],""memory_budget_bytes"":0,""minimum_logical_gib"":32.0,""nconnect"":16,""output_buffers"":4,""requested_duration_s"":3.0,""requested_warmup_s"":2.0,""sink"":""fs"",""source_order"":""cyclic"",""storage_type"":""nfs"",""study_id"":""reef-turin-microscopy-pareto-core-3710982"",""timing_policy"":""coverage-qualified-through-final-close-v2"",""worker_threads"":32}",sample,3,3,0,0,"[""reef-turin-microscopy-pareto-core-3710982/execution-0019"",""reef-turin-microscopy-pareto-core-3710982/execution-0091"",""reef-turin-microscopy-pareto-core-3710982/execution-0106""]",3.9068538231827925,3.7324185748876846,4.181507383133486,103079215104,103582728192,0.995139024654123,1.0048847198486328,1078986752.0,7.652742903,8.573529664,0.017388983882868067,34359738368,34359738368,false,true,,false,false,false,25.669734968382738,measured_shard_write_bytes_per_logical_byte,11,"[16384,65536,262144]",/mnt/main0/home/nclack/tmp/2026-09-07-chucky-microscopy-pr/worktree/build-microscopy-unified-corrected-20260916/turin-3710982/core/study.json
,reef-turin,,,,nfs,,,,,,,,,,,,,,,,70f48a18352617ca0ad4,4092785a80227240,262144,"[4,256,256]","[16384,256,256]",,,,blosc-lz4,3,bit,,,,,,,,,,8539ac17d2f757880167,,,,,,,,,,,,,,,,,,,,,,,,,,,,,,,,,,,,,,,,,,,,,,,,,,,,,,,,,write-tradeoffs,3,write-summary.csv,summary_id=8539ac17d2f757880167,reef-turin-microscopy-pareto-core-3710982,retained_study,partially_selected_in_current_report,complete,cosem-cos7-em,2,38fa12d66991e8f677a2f1c36de79d1c071a268944e690f572f4e265f59eacb2,cpu-turin-gp-l-243-179,cpu,40,32,fs,16,u8,1073741824,16,16,65536,,32,4,3.0,2.0,32.0,true,,"{""allocated_cpus"":40,""arrival_bytes_per_s"":null,""backend"":""cpu"",""chunk_depth"":4,""completion_pause_ms"":null,""data_issue"":null,""dataset_version"":2,""dtype"":""u8"",""hostname"":""cpu-turin-gp-l-243-179"",""input_id"":""cosem-cos7-em"",""input_sha256"":""38fa12d66991e8f677a2f1c36de79d1c071a268944e690f572f4e265f59eacb2"",""io_workers"":32,""logical_spatial_shape"":[1024,1024],""memory_budget_bytes"":0,""minimum_logical_gib"":32.0,""nconnect"":16,""output_buffers"":4,""requested_duration_s"":3.0,""requested_warmup_s"":2.0,""sink"":""fs"",""source_order"":""cyclic"",""storage_type"":""nfs"",""study_id"":""reef-turin-microscopy-pareto-core-3710982"",""timing_policy"":""coverage-qualified-through-final-close-v2"",""worker_threads"":32}",sample,3,3,0,0,"[""reef-turin-microscopy-pareto-core-3710982/execution-0013"",""reef-turin-microscopy-pareto-core-3710982/execution-0100"",""reef-turin-microscopy-pareto-core-3710982/execution-0116""]",4.363594137805307,4.185702749192251,4.409072829896011,103079215104,103126597632,0.9995405401798566,1.0004596710205078,1074235392.0,7.2577621070000005,7.645072572,0.014229192067399903,34359738368,34359738368,false,true,,false,false,false,25.116343417622183,measured_shard_write_bytes_per_logical_byte,11,"[16384,65536,262144]",/mnt/main0/home/nclack/tmp/2026-09-07-chucky-microscopy-pr/worktree/build-microscopy-unified-corrected-20260916/turin-3710982/core/study.json
,reef-turin,,,,nfs,,,,,,,,,,,,,,,,70f48a18352617ca0ad4,673c3dec141a9436,65536,"[4,128,128]","[16384,256,256]",,,,none,0,none,,,,,,,,,,a8522d684d9911724144,,,,,,,,,,,,,,,,,,,,,,,,,,,,,,,,,,,,,,,,,,,,,,,,,,,,,,,,,write-tradeoffs,3,write-summary.csv,summary_id=a8522d684d9911724144,reef-turin-microscopy-pareto-core-3710982,retained_study,partially_selected_in_current_report,complete,cosem-cos7-em,2,38fa12d66991e8f677a2f1c36de79d1c071a268944e690f572f4e265f59eacb2,cpu-turin-gp-l-243-179,cpu,40,32,fs,16,u8,1073741824,16,16,,,32,4,3.0,2.0,32.0,true,,"{""allocated_cpus"":40,""arrival_bytes_per_s"":null,""backend"":""cpu"",""chunk_depth"":4,""completion_pause_ms"":null,""data_issue"":null,""dataset_version"":2,""dtype"":""u8"",""hostname"":""cpu-turin-gp-l-243-179"",""input_id"":""cosem-cos7-em"",""input_sha256"":""38fa12d66991e8f677a2f1c36de79d1c071a268944e690f572f4e265f59eacb2"",""io_workers"":32,""logical_spatial_shape"":[1024,1024],""memory_budget_bytes"":0,""minimum_logical_gib"":32.0,""nconnect"":16,""output_buffers"":4,""requested_duration_s"":3.0,""requested_warmup_s"":2.0,""sink"":""fs"",""source_order"":""cyclic"",""storage_type"":""nfs"",""study_id"":""reef-turin-microscopy-pareto-core-3710982"",""timing_policy"":""coverage-qualified-through-final-close-v2"",""worker_threads"":32}",sample,3,3,0,0,"[""reef-turin-microscopy-pareto-core-3710982/execution-0050"",""reef-turin-microscopy-pareto-core-3710982/execution-0084"",""reef-turin-microscopy-pareto-core-3710982/execution-0121""]",4.233426004124128,3.442618541728302,5.132880723572019,103079215104,103117553664,0.9996282052993138,1.0003719329833984,1074141184.0,6.2343158,9.295250140000002,0.010629830141103858,34359738368,34359738368,false,true,,false,false,false,25.105370998943307,measured_shard_write_bytes_per_logical_byte,11,"[16384,65536,262144]",/mnt/main0/home/nclack/tmp/2026-09-07-chucky-microscopy-pr/worktree/build-microscopy-unified-corrected-20260916/turin-3710982/core/study.json
,reef-turin,,,,nfs,,,,,,,,,,,,,,,,70f48a18352617ca0ad4,6bcd56939def5e3c,262144,"[4,256,256]","[16384,256,256]",,,,zstd,3,none,,,,,,,,,,dd201c35f97383efb19b,,,,,,,,,,,,,,,,,,,,,,,,,,,,,,,,,,,,,,,,,,,,,,,,,,,,,,,,,write-tradeoffs,3,write-summary.csv,summary_id=dd201c35f97383efb19b,reef-turin-microscopy-pareto-core-3710982,retained_study,partially_selected_in_current_report,complete,cosem-cos7-em,2,38fa12d66991e8f677a2f1c36de79d1c071a268944e690f572f4e265f59eacb2,cpu-turin-gp-l-243-179,cpu,40,32,fs,16,u8,1073741824,16,16,,,32,4,3.0,2.0,32.0,true,,"{""allocated_cpus"":40,""arrival_bytes_per_s"":null,""backend"":""cpu"",""chunk_depth"":4,""completion_pause_ms"":null,""data_issue"":null,""dataset_version"":2,""dtype"":""u8"",""hostname"":""cpu-turin-gp-l-243-179"",""input_id"":""cosem-cos7-em"",""input_sha256"":""38fa12d66991e8f677a2f1c36de79d1c071a268944e690f572f4e265f59eacb2"",""io_workers"":32,""logical_spatial_shape"":[1024,1024],""memory_budget_bytes"":0,""minimum_logical_gib"":32.0,""nconnect"":16,""output_buffers"":4,""requested_duration_s"":3.0,""requested_warmup_s"":2.0,""sink"":""fs"",""source_order"":""cyclic"",""storage_type"":""nfs"",""study_id"":""reef-turin-microscopy-pareto-core-3710982"",""timing_policy"":""coverage-qualified-through-final-close-v2"",""worker_threads"":32}",sample,3,3,0,0,"[""reef-turin-microscopy-pareto-core-3710982/execution-0044"",""reef-turin-microscopy-pareto-core-3710982/execution-0080"",""reef-turin-microscopy-pareto-core-3710982/execution-0120""]",4.9249852068582465,4.463331027751164,5.177546814863832,103079215104,82616451072,1.2476838906353742,0.8014850616455078,860588032.0,6.180533197,7.169533082,0.011694994523832627,34359738368,34359738368,false,true,,true,true,true,0.23280610066478546,measured_shard_write_bytes_per_logical_byte,11,"[16384,65536,262144]",/mnt/main0/home/nclack/tmp/2026-09-07-chucky-microscopy-pr/worktree/build-microscopy-unified-corrected-20260916/turin-3710982/core/study.json
,reef-turin,,,,nfs,,,,,,,,,,,,,,,,70f48a18352617ca0ad4,80e25f95c5f860a2,262144,"[4,256,256]","[16384,256,256]",,,,none,0,none,,,,,,,,,,cf94e0fb0200fef2ffe0,,,,,,,,,,,,,,,,,,,,,,,,,,,,,,,,,,,,,,,,,,,,,,,,,,,,,,,,,write-tradeoffs,3,write-summary.csv,summary_id=cf94e0fb0200fef2ffe0,reef-turin-microscopy-pareto-core-3710982,retained_study,partially_selected_in_current_report,complete,cosem-cos7-em,2,38fa12d66991e8f677a2f1c36de79d1c071a268944e690f572f4e265f59eacb2,cpu-turin-gp-l-243-179,cpu,40,32,fs,16,u8,1073741824,16,16,,,32,4,3.0,2.0,32.0,true,,"{""allocated_cpus"":40,""arrival_bytes_per_s"":null,""backend"":""cpu"",""chunk_depth"":4,""completion_pause_ms"":null,""data_issue"":null,""dataset_version"":2,""dtype"":""u8"",""hostname"":""cpu-turin-gp-l-243-179"",""input_id"":""cosem-cos7-em"",""input_sha256"":""38fa12d66991e8f677a2f1c36de79d1c071a268944e690f572f4e265f59eacb2"",""io_workers"":32,""logical_spatial_shape"":[1024,1024],""memory_budget_bytes"":0,""minimum_logical_gib"":32.0,""nconnect"":16,""output_buffers"":4,""requested_duration_s"":3.0,""requested_warmup_s"":2.0,""sink"":""fs"",""source_order"":""cyclic"",""storage_type"":""nfs"",""study_id"":""reef-turin-microscopy-pareto-core-3710982"",""timing_policy"":""coverage-qualified-through-final-close-v2"",""worker_threads"":32}",sample,3,3,0,0,"[""reef-turin-microscopy-pareto-core-3710982/execution-0012"",""reef-turin-microscopy-pareto-core-3710982/execution-0090"",""reef-turin-microscopy-pareto-core-3710982/execution-0124""]",4.579213489897865,4.243861986935049,5.0259595843398905,103079215104,103089242112,0.9999027346811891,1.0000972747802734,1073846272.0,6.366943554000001,7.5403016460000005,0.01588577849672578,34359738368,34359738368,false,true,,false,false,false,25.071022557861617,measured_shard_write_bytes_per_logical_byte,11,"[16384,65536,262144]",/mnt/main0/home/nclack/tmp/2026-09-07-chucky-microscopy-pr/worktree/build-microscopy-unified-corrected-20260916/turin-3710982/core/study.json
,reef-turin,,,,nfs,,,,,,,,,,,,,,,,70f48a18352617ca0ad4,82d320d982235e13,16384,"[4,64,64]","[16384,256,256]",,,,blosc-lz4,3,bit,,,,,,,,,,b4b1b3010dd3911ca176,,,,,,,,,,,,,,,,,,,,,,,,,,,,,,,,,,,,,,,,,,,,,,,,,,,,,,,,,write-tradeoffs,3,write-summary.csv,summary_id=b4b1b3010dd3911ca176,reef-turin-microscopy-pareto-core-3710982,retained_study,partially_selected_in_current_report,complete,cosem-cos7-em,2,38fa12d66991e8f677a2f1c36de79d1c071a268944e690f572f4e265f59eacb2,cpu-turin-gp-l-243-179,cpu,40,32,fs,16,u8,1073741824,16,16,4096,,32,4,3.0,2.0,32.0,true,,"{""allocated_cpus"":40,""arrival_bytes_per_s"":null,""backend"":""cpu"",""chunk_depth"":4,""completion_pause_ms"":null,""data_issue"":null,""dataset_version"":2,""dtype"":""u8"",""hostname"":""cpu-turin-gp-l-243-179"",""input_id"":""cosem-cos7-em"",""input_sha256"":""38fa12d66991e8f677a2f1c36de79d1c071a268944e690f572f4e265f59eacb2"",""io_workers"":32,""logical_spatial_shape"":[1024,1024],""memory_budget_bytes"":0,""minimum_logical_gib"":32.0,""nconnect"":16,""output_buffers"":4,""requested_duration_s"":3.0,""requested_warmup_s"":2.0,""sink"":""fs"",""source_order"":""cyclic"",""storage_type"":""nfs"",""study_id"":""reef-turin-microscopy-pareto-core-3710982"",""timing_policy"":""coverage-qualified-through-final-close-v2"",""worker_threads"":32}",sample,3,3,0,0,"[""reef-turin-microscopy-pareto-core-3710982/execution-0033"",""reef-turin-microscopy-pareto-core-3710982/execution-0073"",""reef-turin-microscopy-pareto-core-3710982/execution-0137""]",4.4276255567552,4.088713656719123,4.664712407269481,103079215104,103287128064,0.997987039005759,1.0020170211791992,1075907584.0,6.860015708000001,7.826422041000001,0.014409144486359804,34359738368,34359738368,false,true,,false,false,false,25.311103849172177,measured_shard_write_bytes_per_logical_byte,11,"[16384,65536,262144]",/mnt/main0/home/nclack/tmp/2026-09-07-chucky-microscopy-pr/worktree/build-microscopy-unified-corrected-20260916/turin-3710982/core/study.json
,reef-turin,,,,nfs,,,,,,,,,,,,,,,,70f48a18352617ca0ad4,8897e1592748d848,65536,"[4,128,128]","[16384,256,256]",,,,blosc-lz4,3,bit,,,,,,,,,,3c5c76ac55dbdbbeb614,,,,,,,,,,,,,,,,,,,,,,,,,,,,,,,,,,,,,,,,,,,,,,,,,,,,,,,,,write-tradeoffs,3,write-summary.csv,summary_id=3c5c76ac55dbdbbeb614,reef-turin-microscopy-pareto-core-3710982,retained_study,partially_selected_in_current_report,complete,cosem-cos7-em,2,38fa12d66991e8f677a2f1c36de79d1c071a268944e690f572f4e265f59eacb2,cpu-turin-gp-l-243-179,cpu,40,32,fs,16,u8,1073741824,16,16,65536,,32,4,3.0,2.0,32.0,true,,"{""allocated_cpus"":40,""arrival_bytes_per_s"":null,""backend"":""cpu"",""chunk_depth"":4,""completion_pause_ms"":null,""data_issue"":null,""dataset_version"":2,""dtype"":""u8"",""hostname"":""cpu-turin-gp-l-243-179"",""input_id"":""cosem-cos7-em"",""input_sha256"":""38fa12d66991e8f677a2f1c36de79d1c071a268944e690f572f4e265f59eacb2"",""io_workers"":32,""logical_spatial_shape"":[1024,1024],""memory_budget_bytes"":0,""minimum_logical_gib"":32.0,""nconnect"":16,""output_buffers"":4,""requested_duration_s"":3.0,""requested_warmup_s"":2.0,""sink"":""fs"",""source_order"":""cyclic"",""storage_type"":""nfs"",""study_id"":""reef-turin-microscopy-pareto-core-3710982"",""timing_policy"":""coverage-qualified-through-final-close-v2"",""worker_threads"":32}",sample,3,3,0,0,"[""reef-turin-microscopy-pareto-core-3710982/execution-0023"",""reef-turin-microscopy-pareto-core-3710982/execution-0102"",""reef-turin-microscopy-pareto-core-3710982/execution-0151""]",4.133040567884415,3.4278212340177365,5.363104937917494,103079215104,103154909184,0.9992662096200872,1.0007343292236328,1074530304.0,5.966692869,9.335376099,0.01453767453838087,34359738368,34359738368,false,true,,false,false,false,25.150691858703873,measured_shard_write_bytes_per_logical_byte,11,"[16384,65536,262144]",/mnt/main0/home/nclack/tmp/2026-09-07-chucky-microscopy-pr/worktree/build-microscopy-unified-corrected-20260916/turin-3710982/core/study.json
,reef-turin,,,,nfs,,,,,,,,,,,,,,,,70f48a18352617ca0ad4,b2cc4cee0893dadf,65536,"[4,128,128]","[16384,256,256]",,,,zstd,3,none,,,,,,,,,,a1e30ff33a6e1dd57dd2,,,,,,,,,,,,,,,,,,,,,,,,,,,,,,,,,,,,,,,,,,,,,,,,,,,,,,,,,write-tradeoffs,3,write-summary.csv,summary_id=a1e30ff33a6e1dd57dd2,reef-turin-microscopy-pareto-core-3710982,retained_study,partially_selected_in_current_report,complete,cosem-cos7-em,2,38fa12d66991e8f677a2f1c36de79d1c071a268944e690f572f4e265f59eacb2,cpu-turin-gp-l-243-179,cpu,40,32,fs,16,u8,1073741824,16,16,,,32,4,3.0,2.0,32.0,true,,"{""allocated_cpus"":40,""arrival_bytes_per_s"":null,""backend"":""cpu"",""chunk_depth"":4,""completion_pause_ms"":null,""data_issue"":null,""dataset_version"":2,""dtype"":""u8"",""hostname"":""cpu-turin-gp-l-243-179"",""input_id"":""cosem-cos7-em"",""input_sha256"":""38fa12d66991e8f677a2f1c36de79d1c071a268944e690f572f4e265f59eacb2"",""io_workers"":32,""logical_spatial_shape"":[1024,1024],""memory_budget_bytes"":0,""minimum_logical_gib"":32.0,""nconnect"":16,""output_buffers"":4,""requested_duration_s"":3.0,""requested_warmup_s"":2.0,""sink"":""fs"",""source_order"":""cyclic"",""storage_type"":""nfs"",""study_id"":""reef-turin-microscopy-pareto-core-3710982"",""timing_policy"":""coverage-qualified-through-final-close-v2"",""worker_threads"":32}",sample,3,3,0,0,"[""reef-turin-microscopy-pareto-core-3710982/execution-0052"",""reef-turin-microscopy-pareto-core-3710982/execution-0077"",""reef-turin-microscopy-pareto-core-3710982/execution-0136""]",4.542856677432983,3.6591942112190794,5.714907094826595,103079215104,82424561664,1.2505885748497851,0.7996234893798828,858589184.0,5.599390949,8.745093968,0.012146564049361853,34359738368,34359738368,false,true,,false,true,false,0.0,measured_shard_write_bytes_per_logical_byte,11,"[16384,65536,262144]",/mnt/main0/home/nclack/tmp/2026-09-07-chucky-microscopy-pr/worktree/build-microscopy-unified-corrected-20260916/turin-3710982/core/study.json
,reef-l40,,,,nfs,,,,,,,,,,,,,,,,91430c836e1e3a6b7f02,4357064f92d3e5ba,65536,"[4,128,128]","[16384,256,256]",,,,zstd,3,none,,,,,,,,,,1b70d2cad3e0e075973f,,,,,,,,,,,,,,,,,,,,,,,,,,,,,,,,,,,,,,,,,,,,,,,,,,,,,,,,,write-tradeoffs,3,write-summary.csv,summary_id=1b70d2cad3e0e075973f,reef-l40-final-confirmation-3704091,retained_study,partially_selected_in_current_report,complete,cosem-cos7-em,2,38fa12d66991e8f677a2f1c36de79d1c071a268944e690f572f4e265f59eacb2,cw-us-e4a2-l40-202-189,gpu,8,4,fs,16,u8,1073741824,16,16,,,32,4,3.0,2.0,32.0,true,,"{""allocated_cpus"":8,""arrival_bytes_per_s"":null,""backend"":""gpu"",""chunk_depth"":4,""completion_pause_ms"":null,""data_issue"":null,""dataset_version"":2,""dtype"":""u8"",""hostname"":""cw-us-e4a2-l40-202-189"",""input_id"":""cosem-cos7-em"",""input_sha256"":""38fa12d66991e8f677a2f1c36de79d1c071a268944e690f572f4e265f59eacb2"",""io_workers"":32,""logical_spatial_shape"":[1024,1024],""memory_budget_bytes"":0,""minimum_logical_gib"":32.0,""nconnect"":16,""output_buffers"":4,""requested_duration_s"":3.0,""requested_warmup_s"":2.0,""sink"":""fs"",""source_order"":""cyclic"",""storage_type"":""nfs"",""study_id"":""reef-l40-final-confirmation-3704091"",""timing_policy"":""coverage-qualified-through-final-close-v2"",""worker_threads"":4}",sample,3,3,0,0,"[""reef-l40-final-confirmation-3704091/execution-0015"",""reef-l40-final-confirmation-3704091/execution-0126"",""reef-l40-final-confirmation-3704091/execution-0179""]",2.433742749945113,2.430775781556578,2.434165618198062,103079215104,82588139520,1.2481116017759157,0.8012104034423828,860293120.0,13.146189026,13.164521455000001,0.0058974011286972656,34359738368,34359738368,false,true,,true,true,false,0.05335353145595594,measured_shard_write_bytes_per_logical_byte,11,"[16384,65536,262144]",/mnt/main0/home/nclack/tmp/2026-09-07-chucky-microscopy-pr/worktree/build-microscopy-confirmation-3rounds-20260916/run-3704091/confirmation/study.json
,reef-l40,,,,nfs,,,,,,,,,,,,,,,,91430c836e1e3a6b7f02,473aa37bedc9b72b,16384,"[4,64,64]","[16384,256,256]",,,,zstd,3,none,,,,,,,,,,f3f4b49f319ec41435a3,,,,,,,,,,,,,,,,,,,,,,,,,,,,,,,,,,,,,,,,,,,,,,,,,,,,,,,,,write-tradeoffs,3,write-summary.csv,summary_id=f3f4b49f319ec41435a3,reef-l40-final-confirmation-3704091,retained_study,partially_selected_in_current_report,complete,cosem-cos7-em,2,38fa12d66991e8f677a2f1c36de79d1c071a268944e690f572f4e265f59eacb2,cw-us-e4a2-l40-202-189,gpu,8,4,fs,16,u8,1073741824,16,16,,,32,4,3.0,2.0,32.0,true,,"{""allocated_cpus"":8,""arrival_bytes_per_s"":null,""backend"":""gpu"",""chunk_depth"":4,""completion_pause_ms"":null,""data_issue"":null,""dataset_version"":2,""dtype"":""u8"",""hostname"":""cw-us-e4a2-l40-202-189"",""input_id"":""cosem-cos7-em"",""input_sha256"":""38fa12d66991e8f677a2f1c36de79d1c071a268944e690f572f4e265f59eacb2"",""io_workers"":32,""logical_spatial_shape"":[1024,1024],""memory_budget_bytes"":0,""minimum_logical_gib"":32.0,""nconnect"":16,""output_buffers"":4,""requested_duration_s"":3.0,""requested_warmup_s"":2.0,""sink"":""fs"",""source_order"":""cyclic"",""storage_type"":""nfs"",""study_id"":""reef-l40-final-confirmation-3704091"",""timing_policy"":""coverage-qualified-through-final-close-v2"",""worker_threads"":4}",sample,3,3,0,0,"[""reef-l40-final-confirmation-3704091/execution-0027"",""reef-l40-final-confirmation-3704091/execution-0151"",""reef-l40-final-confirmation-3704091/execution-0233""]",2.077693881531376,2.074946684166431,2.0811938715801506,103079215104,82544099328,1.2487775133919745,0.8007831573486328,859834368.0,15.375790024,15.422083335000002,0.0075664133562181905,34359738368,34359738368,false,true,,true,true,false,0.0,measured_shard_write_bytes_per_logical_byte,11,"[16384,65536,262144]",/mnt/main0/home/nclack/tmp/2026-09-07-chucky-microscopy-pr/worktree/build-microscopy-confirmation-3rounds-20260916/run-3704091/confirmation/study.json
,reef-l40,,,,nfs,,,,,,,,,,,,,,,,91430c836e1e3a6b7f02,4c68c812d6eb2765,262144,"[4,256,256]","[16384,256,256]",,,,none,0,none,,,,,,,,,,66ffb4c5eed816aadb96,,,,,,,,,,,,,,,,,,,,,,,,,,,,,,,,,,,,,,,,,,,,,,,,,,,,,,,,,write-tradeoffs,3,write-summary.csv,summary_id=66ffb4c5eed816aadb96,reef-l40-final-confirmation-3704091,retained_study,partially_selected_in_current_report,complete,cosem-cos7-em,2,38fa12d66991e8f677a2f1c36de79d1c071a268944e690f572f4e265f59eacb2,cw-us-e4a2-l40-202-189,gpu,8,4,fs,16,u8,1073741824,16,16,,,32,4,3.0,2.0,32.0,true,,"{""allocated_cpus"":8,""arrival_bytes_per_s"":null,""backend"":""gpu"",""chunk_depth"":4,""completion_pause_ms"":null,""data_issue"":null,""dataset_version"":2,""dtype"":""u8"",""hostname"":""cw-us-e4a2-l40-202-189"",""input_id"":""cosem-cos7-em"",""input_sha256"":""38fa12d66991e8f677a2f1c36de79d1c071a268944e690f572f4e265f59eacb2"",""io_workers"":32,""logical_spatial_shape"":[1024,1024],""memory_budget_bytes"":0,""minimum_logical_gib"":32.0,""nconnect"":16,""output_buffers"":4,""requested_duration_s"":3.0,""requested_warmup_s"":2.0,""sink"":""fs"",""source_order"":""cyclic"",""storage_type"":""nfs"",""study_id"":""reef-l40-final-confirmation-3704091"",""timing_policy"":""coverage-qualified-through-final-close-v2"",""worker_threads"":4}",sample,3,3,0,0,"[""reef-l40-final-confirmation-3704091/execution-0049"",""reef-l40-final-confirmation-3704091/execution-0113"",""reef-l40-final-confirmation-3704091/execution-0240""]",5.054715194071569,4.7884324751817795,6.2363144082214745,103079215104,103089242112,0.9999027346811891,1.0000972747802734,1073846272.0,5.131235438,6.6827715340000005,0.013592839817707885,34359738368,34359738368,false,true,,true,false,false,24.88989879502002,measured_shard_write_bytes_per_logical_byte,11,"[16384,65536,262144]",/mnt/main0/home/nclack/tmp/2026-09-07-chucky-microscopy-pr/worktree/build-microscopy-confirmation-3rounds-20260916/run-3704091/confirmation/study.json
,reef-l40,,,,nfs,,,,,,,,,,,,,,,,91430c836e1e3a6b7f02,5d7b39cb87cd70a1,262144,"[4,256,256]","[16384,256,256]",,,,zstd,3,none,,,,,,,,,,8d47c40ab906d42b6664,,,,,,,,,,,,,,,,,,,,,,,,,,,,,,,,,,,,,,,,,,,,,,,,,,,,,,,,,write-tradeoffs,3,write-summary.csv,summary_id=8d47c40ab906d42b6664,reef-l40-final-confirmation-3704091,retained_study,partially_selected_in_current_report,complete,cosem-cos7-em,2,38fa12d66991e8f677a2f1c36de79d1c071a268944e690f572f4e265f59eacb2,cw-us-e4a2-l40-202-189,gpu,8,4,fs,16,u8,1073741824,16,16,,,32,4,3.0,2.0,32.0,true,,"{""allocated_cpus"":8,""arrival_bytes_per_s"":null,""backend"":""gpu"",""chunk_depth"":4,""completion_pause_ms"":null,""data_issue"":null,""dataset_version"":2,""dtype"":""u8"",""hostname"":""cw-us-e4a2-l40-202-189"",""input_id"":""cosem-cos7-em"",""input_sha256"":""38fa12d66991e8f677a2f1c36de79d1c071a268944e690f572f4e265f59eacb2"",""io_workers"":32,""logical_spatial_shape"":[1024,1024],""memory_budget_bytes"":0,""minimum_logical_gib"":32.0,""nconnect"":16,""output_buffers"":4,""requested_duration_s"":3.0,""requested_warmup_s"":2.0,""sink"":""fs"",""source_order"":""cyclic"",""storage_type"":""nfs"",""study_id"":""reef-l40-final-confirmation-3704091"",""timing_policy"":""coverage-qualified-through-final-close-v2"",""worker_threads"":4}",sample,3,3,0,0,"[""reef-l40-final-confirmation-3704091/execution-0041"",""reef-l40-final-confirmation-3704091/execution-0127"",""reef-l40-final-confirmation-3704091/execution-0228""]",4.357737710682282,4.277872129378477,4.366193420316537,103079215104,82767446016,1.2454077063592548,0.8029499053955078,862160896.0,7.3290385460000005,7.480354232,0.007598081201304682,34359738368,34359738368,false,true,,true,true,true,0.270578623812348,measured_shard_write_bytes_per_logical_byte,11,"[16384,65536,262144]",/mnt/main0/home/nclack/tmp/2026-09-07-chucky-microscopy-pr/worktree/build-microscopy-confirmation-3rounds-20260916/run-3704091/confirmation/study.json
,reef-l40,,,,nfs,,,,,,,,,,,,,,,,91430c836e1e3a6b7f02,5f2273ae3e484c62,262144,"[4,256,256]","[16384,256,256]",,,,blosc-zstd,3,bit,,,,,,,,,,29e53c40cc305d7c12ef,,,,,,,,,,,,,,,,,,,,,,,,,,,,,,,,,,,,,,,,,,,,,,,,,,,,,,,,,write-tradeoffs,3,write-summary.csv,summary_id=29e53c40cc305d7c12ef,reef-l40-final-confirmation-3704091,retained_study,partially_selected_in_current_report,complete,cosem-cos7-em,2,38fa12d66991e8f677a2f1c36de79d1c071a268944e690f572f4e265f59eacb2,cw-us-e4a2-l40-202-189,gpu,8,4,fs,16,u8,1073741824,16,16,262144,262144,32,4,3.0,2.0,32.0,true,,"{""allocated_cpus"":8,""arrival_bytes_per_s"":null,""backend"":""gpu"",""chunk_depth"":4,""completion_pause_ms"":null,""data_issue"":null,""dataset_version"":2,""dtype"":""u8"",""hostname"":""cw-us-e4a2-l40-202-189"",""input_id"":""cosem-cos7-em"",""input_sha256"":""38fa12d66991e8f677a2f1c36de79d1c071a268944e690f572f4e265f59eacb2"",""io_workers"":32,""logical_spatial_shape"":[1024,1024],""memory_budget_bytes"":0,""minimum_logical_gib"":32.0,""nconnect"":16,""output_buffers"":4,""requested_duration_s"":3.0,""requested_warmup_s"":2.0,""sink"":""fs"",""source_order"":""cyclic"",""storage_type"":""nfs"",""study_id"":""reef-l40-final-confirmation-3704091"",""timing_policy"":""coverage-qualified-through-final-close-v2"",""worker_threads"":4}",sample,3,3,0,0,"[""reef-l40-final-confirmation-3704091/execution-0036"",""reef-l40-final-confirmation-3704091/execution-0119"",""reef-l40-final-confirmation-3704091/execution-0238""]",3.529954195052376,3.5053404880733057,3.5651260001349105,103079215104,97193754624,1.0605538956980134,0.9429035186767578,1012434944.0,8.975839221,9.128927962,0.00939829779956795,34359738368,34359738368,false,true,,false,false,false,17.74767114217049,measured_shard_write_bytes_per_logical_byte,11,"[16384,65536,262144]",/mnt/main0/home/nclack/tmp/2026-09-07-chucky-microscopy-pr/worktree/build-microscopy-confirmation-3rounds-20260916/run-3704091/confirmation/study.json
,reef-l40,,,,nfs,,,,,,,,,,,,,,,,91430c836e1e3a6b7f02,9dc13433db6f89e2,65536,"[4,128,128]","[16384,256,256]",,,,none,0,none,,,,,,,,,,5ec9a6d1d2cbc1a1a25f,,,,,,,,,,,,,,,,,,,,,,,,,,,,,,,,,,,,,,,,,,,,,,,,,,,,,,,,,write-tradeoffs,3,write-summary.csv,summary_id=5ec9a6d1d2cbc1a1a25f,reef-l40-final-confirmation-3704091,retained_study,partially_selected_in_current_report,complete,cosem-cos7-em,2,38fa12d66991e8f677a2f1c36de79d1c071a268944e690f572f4e265f59eacb2,cw-us-e4a2-l40-202-189,gpu,8,4,fs,16,u8,1073741824,16,16,,,32,4,3.0,2.0,32.0,true,,"{""allocated_cpus"":8,""arrival_bytes_per_s"":null,""backend"":""gpu"",""chunk_depth"":4,""completion_pause_ms"":null,""data_issue"":null,""dataset_version"":2,""dtype"":""u8"",""hostname"":""cw-us-e4a2-l40-202-189"",""input_id"":""cosem-cos7-em"",""input_sha256"":""38fa12d66991e8f677a2f1c36de79d1c071a268944e690f572f4e265f59eacb2"",""io_workers"":32,""logical_spatial_shape"":[1024,1024],""memory_budget_bytes"":0,""minimum_logical_gib"":32.0,""nconnect"":16,""output_buffers"":4,""requested_duration_s"":3.0,""requested_warmup_s"":2.0,""sink"":""fs"",""source_order"":""cyclic"",""storage_type"":""nfs"",""study_id"":""reef-l40-final-confirmation-3704091"",""timing_policy"":""coverage-qualified-through-final-close-v2"",""worker_threads"":4}",sample,3,3,0,0,"[""reef-l40-final-confirmation-3704091/execution-0078"",""reef-l40-final-confirmation-3704091/execution-0175"",""reef-l40-final-confirmation-3704091/execution-0194""]",5.066034855272159,4.892631026967254,5.271795163858343,103079215104,103117553664,0.9996282052993138,1.0003719329833984,1074141184.0,6.07003889,6.540448216000001,0.013470493625264413,34359738368,34359738368,false,true,,true,false,false,24.924197493813136,measured_shard_write_bytes_per_logical_byte,11,"[16384,65536,262144]",/mnt/main0/home/nclack/tmp/2026-09-07-chucky-microscopy-pr/worktree/build-microscopy-confirmation-3rounds-20260916/run-3704091/confirmation/study.json
,reef-l40,,,,nfs,,,,,,,,,,,,,,,,91430c836e1e3a6b7f02,a7f03d085c7ea882,65536,"[4,128,128]","[16384,256,256]",,,,blosc-lz4,3,bit,,,,,,,,,,710fe8700af6e5ef94b6,,,,,,,,,,,,,,,,,,,,,,,,,,,,,,,,,,,,,,,,,,,,,,,,,,,,,,,,,write-tradeoffs,3,write-summary.csv,summary_id=710fe8700af6e5ef94b6,reef-l40-final-confirmation-3704091,retained_study,partially_selected_in_current_report,complete,cosem-cos7-em,2,38fa12d66991e8f677a2f1c36de79d1c071a268944e690f572f4e265f59eacb2,cw-us-e4a2-l40-202-189,gpu,8,4,fs,16,u8,1073741824,16,16,65536,65536,32,4,3.0,2.0,32.0,true,,"{""allocated_cpus"":8,""arrival_bytes_per_s"":null,""backend"":""gpu"",""chunk_depth"":4,""completion_pause_ms"":null,""data_issue"":null,""dataset_version"":2,""dtype"":""u8"",""hostname"":""cw-us-e4a2-l40-202-189"",""input_id"":""cosem-cos7-em"",""input_sha256"":""38fa12d66991e8f677a2f1c36de79d1c071a268944e690f572f4e265f59eacb2"",""io_workers"":32,""logical_spatial_shape"":[1024,1024],""memory_budget_bytes"":0,""minimum_logical_gib"":32.0,""nconnect"":16,""output_buffers"":4,""requested_duration_s"":3.0,""requested_warmup_s"":2.0,""sink"":""fs"",""source_order"":""cyclic"",""storage_type"":""nfs"",""study_id"":""reef-l40-final-confirmation-3704091"",""timing_policy"":""coverage-qualified-through-final-close-v2"",""worker_threads"":4}",sample,3,3,0,0,"[""reef-l40-final-confirmation-3704091/execution-0011"",""reef-l40-final-confirmation-3704091/execution-0150"",""reef-l40-final-confirmation-3704091/execution-0213""]",4.989628795859193,4.163971367359728,5.317099477449911,103079215104,101928075264,1.0112936483595758,0.9888324737548828,1061750784.0,6.018318447,7.684971447000001,0.012510147559547198,34359738368,34359738368,false,true,,true,false,false,23.48317577368575,measured_shard_write_bytes_per_logical_byte,11,"[16384,65536,262144]",/mnt/main0/home/nclack/tmp/2026-09-07-chucky-microscopy-pr/worktree/build-microscopy-confirmation-3rounds-20260916/run-3704091/confirmation/study.json
,reef-l40,,,,nfs,,,,,,,,,,,,,,,,91430c836e1e3a6b7f02,b79edc78910af106,262144,"[4,256,256]","[16384,256,256]",,,,blosc-lz4,3,bit,,,,,,,,,,5f6bbedaeba6b5f37dcb,,,,,,,,,,,,,,,,,,,,,,,,,,,,,,,,,,,,,,,,,,,,,,,,,,,,,,,,,write-tradeoffs,3,write-summary.csv,summary_id=5f6bbedaeba6b5f37dcb,reef-l40-final-confirmation-3704091,retained_study,partially_selected_in_current_report,complete,cosem-cos7-em,2,38fa12d66991e8f677a2f1c36de79d1c071a268944e690f572f4e265f59eacb2,cw-us-e4a2-l40-202-189,gpu,8,4,fs,16,u8,1073741824,16,16,65536,65536,32,4,3.0,2.0,32.0,true,,"{""allocated_cpus"":8,""arrival_bytes_per_s"":null,""backend"":""gpu"",""chunk_depth"":4,""completion_pause_ms"":null,""data_issue"":null,""dataset_version"":2,""dtype"":""u8"",""hostname"":""cw-us-e4a2-l40-202-189"",""input_id"":""cosem-cos7-em"",""input_sha256"":""38fa12d66991e8f677a2f1c36de79d1c071a268944e690f572f4e265f59eacb2"",""io_workers"":32,""logical_spatial_shape"":[1024,1024],""memory_budget_bytes"":0,""minimum_logical_gib"":32.0,""nconnect"":16,""output_buffers"":4,""requested_duration_s"":3.0,""requested_warmup_s"":2.0,""sink"":""fs"",""source_order"":""cyclic"",""storage_type"":""nfs"",""study_id"":""reef-l40-final-confirmation-3704091"",""timing_policy"":""coverage-qualified-through-final-close-v2"",""worker_threads"":4}",sample,3,3,0,0,"[""reef-l40-final-confirmation-3704091/execution-0064"",""reef-l40-final-confirmation-3704091/execution-0148"",""reef-l40-final-confirmation-3704091/execution-0241""]",4.43490249859819,4.4284635820767235,5.571604675876727,103079215104,101899763712,1.011574623424383,0.9885578155517578,1061455872.0,5.743408056,7.225982173000001,0.010891649219389682,34359738368,34359738368,false,true,,true,false,false,23.44887707489264,measured_shard_write_bytes_per_logical_byte,11,"[16384,65536,262144]",/mnt/main0/home/nclack/tmp/2026-09-07-chucky-microscopy-pr/worktree/build-microscopy-confirmation-3rounds-20260916/run-3704091/confirmation/study.json
,reef-l40,,,,nfs,,,,,,,,,,,,,,,,91430c836e1e3a6b7f02,b7e319d6abcbb92d,16384,"[4,64,64]","[16384,256,256]",,,,none,0,none,,,,,,,,,,d24e2886d7269615509e,,,,,,,,,,,,,,,,,,,,,,,,,,,,,,,,,,,,,,,,,,,,,,,,,,,,,,,,,write-tradeoffs,3,write-summary.csv,summary_id=d24e2886d7269615509e,reef-l40-final-confirmation-3704091,retained_study,partially_selected_in_current_report,complete,cosem-cos7-em,2,38fa12d66991e8f677a2f1c36de79d1c071a268944e690f572f4e265f59eacb2,cw-us-e4a2-l40-202-189,gpu,8,4,fs,16,u8,1073741824,16,16,,,32,4,3.0,2.0,32.0,true,,"{""allocated_cpus"":8,""arrival_bytes_per_s"":null,""backend"":""gpu"",""chunk_depth"":4,""completion_pause_ms"":null,""data_issue"":null,""dataset_version"":2,""dtype"":""u8"",""hostname"":""cw-us-e4a2-l40-202-189"",""input_id"":""cosem-cos7-em"",""input_sha256"":""38fa12d66991e8f677a2f1c36de79d1c071a268944e690f572f4e265f59eacb2"",""io_workers"":32,""logical_spatial_shape"":[1024,1024],""memory_budget_bytes"":0,""minimum_logical_gib"":32.0,""nconnect"":16,""output_buffers"":4,""requested_duration_s"":3.0,""requested_warmup_s"":2.0,""sink"":""fs"",""source_order"":""cyclic"",""storage_type"":""nfs"",""study_id"":""reef-l40-final-confirmation-3704091"",""timing_policy"":""coverage-qualified-through-final-close-v2"",""worker_threads"":4}",sample,3,3,0,0,"[""reef-l40-final-confirmation-3704091/execution-0087"",""reef-l40-final-confirmation-3704091/execution-0142"",""reef-l40-final-confirmation-3704091/execution-0210""]",4.78121714718862,4.770779673345437,5.263128307223551,103079215104,103230799872,0.9985315935923391,1.0014705657958984,1075320832.0,6.080034166,6.707499221000001,0.013492485353804857,34359738368,34359738368,false,true,,false,false,false,25.06139228898559,measured_shard_write_bytes_per_logical_byte,11,"[16384,65536,262144]",/mnt/main0/home/nclack/tmp/2026-09-07-chucky-microscopy-pr/worktree/build-microscopy-confirmation-3rounds-20260916/run-3704091/confirmation/study.json
,reef-l40,,,,nfs,,,,,,,,,,,,,,,,91430c836e1e3a6b7f02,ed8f95a4691e56d6,16384,"[4,64,64]","[16384,256,256]",,,,blosc-lz4,3,bit,,,,,,,,,,81e5097d261bfcfe32a3,,,,,,,,,,,,,,,,,,,,,,,,,,,,,,,,,,,,,,,,,,,,,,,,,,,,,,,,,write-tradeoffs,3,write-summary.csv,summary_id=81e5097d261bfcfe32a3,reef-l40-final-confirmation-3704091,retained_study,partially_selected_in_current_report,complete,cosem-cos7-em,2,38fa12d66991e8f677a2f1c36de79d1c071a268944e690f572f4e265f59eacb2,cw-us-e4a2-l40-202-189,gpu,8,4,fs,16,u8,1073741824,16,16,4096,4096,32,4,3.0,2.0,32.0,true,,"{""allocated_cpus"":8,""arrival_bytes_per_s"":null,""backend"":""gpu"",""chunk_depth"":4,""completion_pause_ms"":null,""data_issue"":null,""dataset_version"":2,""dtype"":""u8"",""hostname"":""cw-us-e4a2-l40-202-189"",""input_id"":""cosem-cos7-em"",""input_sha256"":""38fa12d66991e8f677a2f1c36de79d1c071a268944e690f572f4e265f59eacb2"",""io_workers"":32,""logical_spatial_shape"":[1024,1024],""memory_budget_bytes"":0,""minimum_logical_gib"":32.0,""nconnect"":16,""output_buffers"":4,""requested_duration_s"":3.0,""requested_warmup_s"":2.0,""sink"":""fs"",""source_order"":""cyclic"",""storage_type"":""nfs"",""study_id"":""reef-l40-final-confirmation-3704091"",""timing_policy"":""coverage-qualified-through-final-close-v2"",""worker_threads"":4}",sample,3,3,0,0,"[""reef-l40-final-confirmation-3704091/execution-0070"",""reef-l40-final-confirmation-3704091/execution-0156"",""reef-l40-final-confirmation-3704091/execution-0183""]",4.512925182716108,4.512324548061806,5.412641660013326,103079215104,102211190784,1.008492458735114,0.9915790557861328,1064699904.0,5.912085407,7.0916883980000005,0.013754099956490394,34359738368,34359738368,false,true,,false,false,false,23.8261627616169,measured_shard_write_bytes_per_logical_byte,11,"[16384,65536,262144]",/mnt/main0/home/nclack/tmp/2026-09-07-chucky-microscopy-pr/worktree/build-microscopy-confirmation-3rounds-20260916/run-3704091/confirmation/study.json
,reef-l40,,,,nfs,,,,,,,,,,,,,,,,91430c836e1e3a6b7f02,efbd1e89eb654b5c,65536,"[4,128,128]","[16384,256,256]",,,,lz4,1,none,,,,,,,,,,5b4bcdf9c254770e8733,,,,,,,,,,,,,,,,,,,,,,,,,,,,,,,,,,,,,,,,,,,,,,,,,,,,,,,,,write-tradeoffs,3,write-summary.csv,summary_id=5b4bcdf9c254770e8733,reef-l40-final-confirmation-3704091,retained_study,partially_selected_in_current_report,complete,cosem-cos7-em,2,38fa12d66991e8f677a2f1c36de79d1c071a268944e690f572f4e265f59eacb2,cw-us-e4a2-l40-202-189,gpu,8,4,fs,16,u8,1073741824,16,16,,,32,4,3.0,2.0,32.0,true,,"{""allocated_cpus"":8,""arrival_bytes_per_s"":null,""backend"":""gpu"",""chunk_depth"":4,""completion_pause_ms"":null,""data_issue"":null,""dataset_version"":2,""dtype"":""u8"",""hostname"":""cw-us-e4a2-l40-202-189"",""input_id"":""cosem-cos7-em"",""input_sha256"":""38fa12d66991e8f677a2f1c36de79d1c071a268944e690f572f4e265f59eacb2"",""io_workers"":32,""logical_spatial_shape"":[1024,1024],""memory_budget_bytes"":0,""minimum_logical_gib"":32.0,""nconnect"":16,""output_buffers"":4,""requested_duration_s"":3.0,""requested_warmup_s"":2.0,""sink"":""fs"",""source_order"":""cyclic"",""storage_type"":""nfs"",""study_id"":""reef-l40-final-confirmation-3704091"",""timing_policy"":""coverage-qualified-through-final-close-v2"",""worker_threads"":4}",sample,3,3,0,0,"[""reef-l40-final-confirmation-3704091/execution-0038"",""reef-l40-final-confirmation-3704091/execution-0106"",""reef-l40-final-confirmation-3704091/execution-0203""]",5.033594805910203,4.629992028071587,5.25957219909683,103079215104,103507230720,0.9958648723087005,1.0041522979736328,1078200320.0,6.084145194,6.911458863000001,0.010722516109693292,34359738368,34359738368,false,true,,false,false,false,25.39628097303503,measured_shard_write_bytes_per_logical_byte,11,"[16384,65536,262144]",/mnt/main0/home/nclack/tmp/2026-09-07-chucky-microscopy-pr/worktree/build-microscopy-confirmation-3rounds-20260916/run-3704091/confirmation/study.json
,reef-turin,,,,nfs,,,,,,,,,,,,,,,,4d1b3c942be41d7ac938,04abc698dcf904e0,262144,"[1,256,256]","[4096,256,256]",,,,zstd,3,none,,,,,,,,,,56f90fb9bdfab71226ba,,,,,,,,,,,,,,,,,,,,,,,,,,,,,,,,,,,,,,,,,,,,,,,,,,,,,,,,,write-tradeoffs,4,write-summary.csv,summary_id=56f90fb9bdfab71226ba,reef-turin-microscopy-pareto-transfer-3710982,retained_study,partially_selected_in_current_report,complete,dynacell-a549-phase,1,920cadc14fb62b66fa23671f25c599904db55815e24e19705b6dc01fdfea1f79,cpu-turin-gp-l-243-179,cpu,40,32,fs,16,f32,1073741824,16,4,,,32,4,3.0,2.0,32.0,true,,"{""allocated_cpus"":40,""arrival_bytes_per_s"":null,""backend"":""cpu"",""chunk_depth"":1,""completion_pause_ms"":null,""data_issue"":null,""dataset_version"":1,""dtype"":""f32"",""hostname"":""cpu-turin-gp-l-243-179"",""input_id"":""dynacell-a549-phase"",""input_sha256"":""920cadc14fb62b66fa23671f25c599904db55815e24e19705b6dc01fdfea1f79"",""io_workers"":32,""logical_spatial_shape"":[512,512],""memory_budget_bytes"":0,""minimum_logical_gib"":32.0,""nconnect"":16,""output_buffers"":4,""requested_duration_s"":3.0,""requested_warmup_s"":2.0,""sink"":""fs"",""source_order"":""cyclic"",""storage_type"":""nfs"",""study_id"":""reef-turin-microscopy-pareto-transfer-3710982"",""timing_policy"":""coverage-qualified-through-final-close-v2"",""worker_threads"":32}",sample,3,3,0,0,"[""reef-turin-microscopy-pareto-transfer-3710982/execution-0061"",""reef-turin-microscopy-pareto-transfer-3710982/execution-0130"",""reef-turin-microscopy-pareto-transfer-3710982/execution-0250""]",2.8042907497001917,2.803332070887138,2.890702968889921,103079215104,95970705408,1.0740695784800123,0.9310383796691895,999694848.0,11.069972146000001,11.414987584,0.010216857956672223,34359738368,34359738368,false,true,,false,true,false,7.339316392023199,measured_shard_write_bytes_per_logical_byte,10,"[16384,65536,131072,262144]",/mnt/main0/home/nclack/tmp/2026-09-07-chucky-microscopy-pr/worktree/build-microscopy-unified-corrected-20260916/turin-3710982/transfer/study.json
,reef-turin,,,,nfs,,,,,,,,,,,,,,,,4d1b3c942be41d7ac938,1bd6ece716ecc8d3,262144,"[1,256,256]","[4096,256,256]",,,,blosc-zstd,3,bit,,,,,,,,,,490cb4af04ea1489b21d,,,,,,,,,,,,,,,,,,,,,,,,,,,,,,,,,,,,,,,,,,,,,,,,,,,,,,,,,write-tradeoffs,4,write-summary.csv,summary_id=490cb4af04ea1489b21d,reef-turin-microscopy-pareto-transfer-3710982,retained_study,partially_selected_in_current_report,complete,dynacell-a549-phase,1,920cadc14fb62b66fa23671f25c599904db55815e24e19705b6dc01fdfea1f79,cpu-turin-gp-l-243-179,cpu,40,32,fs,16,f32,1073741824,16,4,262144,,32,4,3.0,2.0,32.0,true,,"{""allocated_cpus"":40,""arrival_bytes_per_s"":null,""backend"":""cpu"",""chunk_depth"":1,""completion_pause_ms"":null,""data_issue"":null,""dataset_version"":1,""dtype"":""f32"",""hostname"":""cpu-turin-gp-l-243-179"",""input_id"":""dynacell-a549-phase"",""input_sha256"":""920cadc14fb62b66fa23671f25c599904db55815e24e19705b6dc01fdfea1f79"",""io_workers"":32,""logical_spatial_shape"":[512,512],""memory_budget_bytes"":0,""minimum_logical_gib"":32.0,""nconnect"":16,""output_buffers"":4,""requested_duration_s"":3.0,""requested_warmup_s"":2.0,""sink"":""fs"",""source_order"":""cyclic"",""storage_type"":""nfs"",""study_id"":""reef-turin-microscopy-pareto-transfer-3710982"",""timing_policy"":""coverage-qualified-through-final-close-v2"",""worker_threads"":32}",sample,3,3,0,0,"[""reef-turin-microscopy-pareto-transfer-3710982/execution-0026"",""reef-turin-microscopy-pareto-transfer-3710982/execution-0095"",""reef-turin-microscopy-pareto-transfer-3710982/execution-0182""]",3.052805864726267,2.1558819496731045,3.2679236657391195,103079215104,89408716800,1.1528989431151304,0.8673787117004395,931340800.0,9.792150738,14.843113380000002,0.010062051617906593,34359738368,34359738368,false,true,,true,true,false,0.0,measured_shard_write_bytes_per_logical_byte,10,"[16384,65536,131072,262144]",/mnt/main0/home/nclack/tmp/2026-09-07-chucky-microscopy-pr/worktree/build-microscopy-unified-corrected-20260916/turin-3710982/transfer/study.json
,reef-turin,,,,nfs,,,,,,,,,,,,,,,,4d1b3c942be41d7ac938,4a85360f8af34272,262144,"[1,256,256]","[4096,256,256]",,,,lz4,1,none,,,,,,,,,,6001ce21b1eaa946841c,,,,,,,,,,,,,,,,,,,,,,,,,,,,,,,,,,,,,,,,,,,,,,,,,,,,,,,,,write-tradeoffs,4,write-summary.csv,summary_id=6001ce21b1eaa946841c,reef-turin-microscopy-pareto-transfer-3710982,retained_study,partially_selected_in_current_report,complete,dynacell-a549-phase,1,920cadc14fb62b66fa23671f25c599904db55815e24e19705b6dc01fdfea1f79,cpu-turin-gp-l-243-179,cpu,40,32,fs,16,f32,1073741824,16,4,,,32,4,3.0,2.0,32.0,true,,"{""allocated_cpus"":40,""arrival_bytes_per_s"":null,""backend"":""cpu"",""chunk_depth"":1,""completion_pause_ms"":null,""data_issue"":null,""dataset_version"":1,""dtype"":""f32"",""hostname"":""cpu-turin-gp-l-243-179"",""input_id"":""dynacell-a549-phase"",""input_sha256"":""920cadc14fb62b66fa23671f25c599904db55815e24e19705b6dc01fdfea1f79"",""io_workers"":32,""logical_spatial_shape"":[512,512],""memory_budget_bytes"":0,""minimum_logical_gib"":32.0,""nconnect"":16,""output_buffers"":4,""requested_duration_s"":3.0,""requested_warmup_s"":2.0,""sink"":""fs"",""source_order"":""cyclic"",""storage_type"":""nfs"",""study_id"":""reef-turin-microscopy-pareto-transfer-3710982"",""timing_policy"":""coverage-qualified-through-final-close-v2"",""worker_threads"":32}",sample,3,3,0,0,"[""reef-turin-microscopy-pareto-transfer-3710982/execution-0016"",""reef-turin-microscopy-pareto-transfer-3710982/execution-0114"",""reef-turin-microscopy-pareto-transfer-3710982/execution-0256""]",2.336158591859876,2.2175069220959256,2.4594405838469364,103079215104,103513882624,0.9958008770516428,1.0042168299357097,1078269610.6666667,13.011089151,14.430619979000001,0.00946261481810978,34359738368,34359738368,false,true,,false,false,false,15.776052189130624,measured_shard_write_bytes_per_logical_byte,10,"[16384,65536,131072,262144]",/mnt/main0/home/nclack/tmp/2026-09-07-chucky-microscopy-pr/worktree/build-microscopy-unified-corrected-20260916/turin-3710982/transfer/study.json
,reef-turin,,,,nfs,,,,,,,,,,,,,,,,4d1b3c942be41d7ac938,8aa40b9e1fc12872,131072,"[1,128,256]","[8192,128,256]",,,,blosc-lz4,3,bit,,,,,,,,,,b2ca9bd6ac828e633217,,,,,,,,,,,,,,,,,,,,,,,,,,,,,,,,,,,,,,,,,,,,,,,,,,,,,,,,,write-tradeoffs,4,write-summary.csv,summary_id=b2ca9bd6ac828e633217,reef-turin-microscopy-pareto-transfer-3710982,retained_study,partially_selected_in_current_report,complete,dynacell-a549-phase,1,920cadc14fb62b66fa23671f25c599904db55815e24e19705b6dc01fdfea1f79,cpu-turin-gp-l-243-179,cpu,40,32,fs,16,f32,1073741824,16,8,32768,,32,4,3.0,2.0,32.0,true,,"{""allocated_cpus"":40,""arrival_bytes_per_s"":null,""backend"":""cpu"",""chunk_depth"":1,""completion_pause_ms"":null,""data_issue"":null,""dataset_version"":1,""dtype"":""f32"",""hostname"":""cpu-turin-gp-l-243-179"",""input_id"":""dynacell-a549-phase"",""input_sha256"":""920cadc14fb62b66fa23671f25c599904db55815e24e19705b6dc01fdfea1f79"",""io_workers"":32,""logical_spatial_shape"":[512,512],""memory_budget_bytes"":0,""minimum_logical_gib"":32.0,""nconnect"":16,""output_buffers"":4,""requested_duration_s"":3.0,""requested_warmup_s"":2.0,""sink"":""fs"",""source_order"":""cyclic"",""storage_type"":""nfs"",""study_id"":""reef-turin-microscopy-pareto-transfer-3710982"",""timing_policy"":""coverage-qualified-through-final-close-v2"",""worker_threads"":32}",sample,3,3,0,0,"[""reef-turin-microscopy-pareto-transfer-3710982/execution-0047"",""reef-turin-microscopy-pareto-transfer-3710982/execution-0164"",""reef-turin-microscopy-pareto-transfer-3710982/execution-0234""]",3.8952722393262493,3.695995775231392,4.200290859374665,103079215104,90348552192,1.140906108655134,0.8764963150024414,941130752.0,7.618520376,8.658017685,0.012529510327513265,34359738368,34359738368,false,true,,true,true,false,1.0511675210621074,measured_shard_write_bytes_per_logical_byte,10,"[16384,65536,131072,262144]",/mnt/main0/home/nclack/tmp/2026-09-07-chucky-microscopy-pr/worktree/build-microscopy-unified-corrected-20260916/turin-3710982/transfer/study.json
,reef-turin,,,,nfs,,,,,,,,,,,,,,,,4d1b3c942be41d7ac938,8d15411ba812240b,16384,"[1,64,64]","[16384,128,128]",,,,blosc-lz4,3,bit,,,,,,,,,,82fd4b8ee41259ea32b1,,,,,,,,,,,,,,,,,,,,,,,,,,,,,,,,,,,,,,,,,,,,,,,,,,,,,,,,,write-tradeoffs,4,write-summary.csv,summary_id=82fd4b8ee41259ea32b1,reef-turin-microscopy-pareto-transfer-3710982,retained_study,partially_selected_in_current_report,complete,dynacell-a549-phase,1,920cadc14fb62b66fa23671f25c599904db55815e24e19705b6dc01fdfea1f79,cpu-turin-gp-l-243-179,cpu,40,32,fs,16,f32,1073741824,16,16,4096,,32,4,3.0,2.0,32.0,true,,"{""allocated_cpus"":40,""arrival_bytes_per_s"":null,""backend"":""cpu"",""chunk_depth"":1,""completion_pause_ms"":null,""data_issue"":null,""dataset_version"":1,""dtype"":""f32"",""hostname"":""cpu-turin-gp-l-243-179"",""input_id"":""dynacell-a549-phase"",""input_sha256"":""920cadc14fb62b66fa23671f25c599904db55815e24e19705b6dc01fdfea1f79"",""io_workers"":32,""logical_spatial_shape"":[512,512],""memory_budget_bytes"":0,""minimum_logical_gib"":32.0,""nconnect"":16,""output_buffers"":4,""requested_duration_s"":3.0,""requested_warmup_s"":2.0,""sink"":""fs"",""source_order"":""cyclic"",""storage_type"":""nfs"",""study_id"":""reef-turin-microscopy-pareto-transfer-3710982"",""timing_policy"":""coverage-qualified-through-final-close-v2"",""worker_threads"":32}",sample,3,3,0,0,"[""reef-turin-microscopy-pareto-transfer-3710982/execution-0082"",""reef-turin-microscopy-pareto-transfer-3710982/execution-0132"",""reef-turin-microscopy-pareto-transfer-3710982/execution-0195""]",4.738254733681757,2.9943107364973653,5.345153744127843,103079215104,90873987072,1.1343093708690224,0.8815937042236328,946604032.0,5.986731756,10.686933958000001,0.014090774973416062,34359738368,34359738368,false,true,,true,true,true,1.6388449856379104,measured_shard_write_bytes_per_logical_byte,10,"[16384,65536,131072,262144]",/mnt/main0/home/nclack/tmp/2026-09-07-chucky-microscopy-pr/worktree/build-microscopy-unified-corrected-20260916/turin-3710982/transfer/study.json
,reef-turin,,,,nfs,,,,,,,,,,,,,,,,4d1b3c942be41d7ac938,9a292b8dc65f7ac3,131072,"[1,128,256]","[8192,128,256]",,,,blosc-zstd,3,bit,,,,,,,,,,a7b5fd84258d5e91743f,,,,,,,,,,,,,,,,,,,,,,,,,,,,,,,,,,,,,,,,,,,,,,,,,,,,,,,,,write-tradeoffs,4,write-summary.csv,summary_id=a7b5fd84258d5e91743f,reef-turin-microscopy-pareto-transfer-3710982,retained_study,partially_selected_in_current_report,complete,dynacell-a549-phase,1,920cadc14fb62b66fa23671f25c599904db55815e24e19705b6dc01fdfea1f79,cpu-turin-gp-l-243-179,cpu,40,32,fs,16,f32,1073741824,16,8,131072,,32,4,3.0,2.0,32.0,true,,"{""allocated_cpus"":40,""arrival_bytes_per_s"":null,""backend"":""cpu"",""chunk_depth"":1,""completion_pause_ms"":null,""data_issue"":null,""dataset_version"":1,""dtype"":""f32"",""hostname"":""cpu-turin-gp-l-243-179"",""input_id"":""dynacell-a549-phase"",""input_sha256"":""920cadc14fb62b66fa23671f25c599904db55815e24e19705b6dc01fdfea1f79"",""io_workers"":32,""logical_spatial_shape"":[512,512],""memory_budget_bytes"":0,""minimum_logical_gib"":32.0,""nconnect"":16,""output_buffers"":4,""requested_duration_s"":3.0,""requested_warmup_s"":2.0,""sink"":""fs"",""source_order"":""cyclic"",""storage_type"":""nfs"",""study_id"":""reef-turin-microscopy-pareto-transfer-3710982"",""timing_policy"":""coverage-qualified-through-final-close-v2"",""worker_threads"":32}",sample,3,3,0,0,"[""reef-turin-microscopy-pareto-transfer-3710982/execution-0031"",""reef-turin-microscopy-pareto-transfer-3710982/execution-0105"",""reef-turin-microscopy-pareto-transfer-3710982/execution-0211""]",3.5389582407679607,3.3727319643549327,3.8229728373859864,103079215104,90184974336,1.1429754885770687,0.8749094009399414,939426816.0,8.370449068000001,9.487857392,0.014611094645339114,34359738368,34359738368,false,true,,true,true,false,0.8682123665150286,measured_shard_write_bytes_per_logical_byte,10,"[16384,65536,131072,262144]",/mnt/main0/home/nclack/tmp/2026-09-07-chucky-microscopy-pr/worktree/build-microscopy-unified-corrected-20260916/turin-3710982/transfer/study.json
,reef-turin,,,,nfs,,,,,,,,,,,,,,,,4d1b3c942be41d7ac938,9fbbf485aeeeb3ea,262144,"[1,256,256]","[4096,256,256]",,,,none,0,none,,,,,,,,,,0b50b98af75bb8e4d986,,,,,,,,,,,,,,,,,,,,,,,,,,,,,,,,,,,,,,,,,,,,,,,,,,,,,,,,,write-tradeoffs,4,write-summary.csv,summary_id=0b50b98af75bb8e4d986,reef-turin-microscopy-pareto-transfer-3710982,retained_study,partially_selected_in_current_report,complete,dynacell-a549-phase,1,920cadc14fb62b66fa23671f25c599904db55815e24e19705b6dc01fdfea1f79,cpu-turin-gp-l-243-179,cpu,40,32,fs,16,f32,1073741824,16,4,,,32,4,3.0,2.0,32.0,true,,"{""allocated_cpus"":40,""arrival_bytes_per_s"":null,""backend"":""cpu"",""chunk_depth"":1,""completion_pause_ms"":null,""data_issue"":null,""dataset_version"":1,""dtype"":""f32"",""hostname"":""cpu-turin-gp-l-243-179"",""input_id"":""dynacell-a549-phase"",""input_sha256"":""920cadc14fb62b66fa23671f25c599904db55815e24e19705b6dc01fdfea1f79"",""io_workers"":32,""logical_spatial_shape"":[512,512],""memory_budget_bytes"":0,""minimum_logical_gib"":32.0,""nconnect"":16,""output_buffers"":4,""requested_duration_s"":3.0,""requested_warmup_s"":2.0,""sink"":""fs"",""source_order"":""cyclic"",""storage_type"":""nfs"",""study_id"":""reef-turin-microscopy-pareto-transfer-3710982"",""timing_policy"":""coverage-qualified-through-final-close-v2"",""worker_threads"":32}",sample,3,3,0,0,"[""reef-turin-microscopy-pareto-transfer-3710982/execution-0067"",""reef-turin-microscopy-pareto-transfer-3710982/execution-0109"",""reef-turin-microscopy-pareto-transfer-3710982/execution-0205""]",2.8772207845484252,2.720453856186056,3.110888241757637,103079215104,103086735360,0.999927049236997,1.000072956085205,1073820160.0,10.286451796000001,11.762743196,0.006906823115705013,34359738368,34359738368,false,true,,false,false,false,15.29830541086571,measured_shard_write_bytes_per_logical_byte,10,"[16384,65536,131072,262144]",/mnt/main0/home/nclack/tmp/2026-09-07-chucky-microscopy-pr/worktree/build-microscopy-unified-corrected-20260916/turin-3710982/transfer/study.json
,reef-turin,,,,nfs,,,,,,,,,,,,,,,,4d1b3c942be41d7ac938,f1730e1101c5ab78,16384,"[1,64,64]","[16384,128,128]",,,,none,0,none,,,,,,,,,,b34749b42b2a317af397,,,,,,,,,,,,,,,,,,,,,,,,,,,,,,,,,,,,,,,,,,,,,,,,,,,,,,,,,write-tradeoffs,4,write-summary.csv,summary_id=b34749b42b2a317af397,reef-turin-microscopy-pareto-transfer-3710982,retained_study,partially_selected_in_current_report,complete,dynacell-a549-phase,1,920cadc14fb62b66fa23671f25c599904db55815e24e19705b6dc01fdfea1f79,cpu-turin-gp-l-243-179,cpu,40,32,fs,16,f32,1073741824,16,16,,,32,4,3.0,2.0,32.0,true,,"{""allocated_cpus"":40,""arrival_bytes_per_s"":null,""backend"":""cpu"",""chunk_depth"":1,""completion_pause_ms"":null,""data_issue"":null,""dataset_version"":1,""dtype"":""f32"",""hostname"":""cpu-turin-gp-l-243-179"",""input_id"":""dynacell-a549-phase"",""input_sha256"":""920cadc14fb62b66fa23671f25c599904db55815e24e19705b6dc01fdfea1f79"",""io_workers"":32,""logical_spatial_shape"":[512,512],""memory_budget_bytes"":0,""minimum_logical_gib"":32.0,""nconnect"":16,""output_buffers"":4,""requested_duration_s"":3.0,""requested_warmup_s"":2.0,""sink"":""fs"",""source_order"":""cyclic"",""storage_type"":""nfs"",""study_id"":""reef-turin-microscopy-pareto-transfer-3710982"",""timing_policy"":""coverage-qualified-through-final-close-v2"",""worker_threads"":32}",sample,3,3,0,0,"[""reef-turin-microscopy-pareto-transfer-3710982/execution-0073"",""reef-turin-microscopy-pareto-transfer-3710982/execution-0165"",""reef-turin-microscopy-pareto-transfer-3710982/execution-0213""]",4.807689486172317,3.5520478312378367,5.3367561014677465,103079215104,103230799872,0.9985315935923391,1.0014705657958984,1075320832.0,5.996151852,9.008887145000001,0.01947546863181401,34359738368,34359738368,false,true,,true,false,false,15.459435686700292,measured_shard_write_bytes_per_logical_byte,10,"[16384,65536,131072,262144]",/mnt/main0/home/nclack/tmp/2026-09-07-chucky-microscopy-pr/worktree/build-microscopy-unified-corrected-20260916/turin-3710982/transfer/study.json
,reef-turin,,,,nfs,,,,,,,,,,,,,,,,4d1b3c942be41d7ac938,f3f2b423dcde2693,262144,"[1,256,256]","[4096,256,256]",,,,blosc-lz4,3,bit,,,,,,,,,,3ed56cdd8c47db6d8c0c,,,,,,,,,,,,,,,,,,,,,,,,,,,,,,,,,,,,,,,,,,,,,,,,,,,,,,,,,write-tradeoffs,4,write-summary.csv,summary_id=3ed56cdd8c47db6d8c0c,reef-turin-microscopy-pareto-transfer-3710982,retained_study,partially_selected_in_current_report,complete,dynacell-a549-phase,1,920cadc14fb62b66fa23671f25c599904db55815e24e19705b6dc01fdfea1f79,cpu-turin-gp-l-243-179,cpu,40,32,fs,16,f32,1073741824,16,4,262144,,32,4,3.0,2.0,32.0,true,,"{""allocated_cpus"":40,""arrival_bytes_per_s"":null,""backend"":""cpu"",""chunk_depth"":1,""completion_pause_ms"":null,""data_issue"":null,""dataset_version"":1,""dtype"":""f32"",""hostname"":""cpu-turin-gp-l-243-179"",""input_id"":""dynacell-a549-phase"",""input_sha256"":""920cadc14fb62b66fa23671f25c599904db55815e24e19705b6dc01fdfea1f79"",""io_workers"":32,""logical_spatial_shape"":[512,512],""memory_budget_bytes"":0,""minimum_logical_gib"":32.0,""nconnect"":16,""output_buffers"":4,""requested_duration_s"":3.0,""requested_warmup_s"":2.0,""sink"":""fs"",""source_order"":""cyclic"",""storage_type"":""nfs"",""study_id"":""reef-turin-microscopy-pareto-transfer-3710982"",""timing_policy"":""coverage-qualified-through-final-close-v2"",""worker_threads"":32}",sample,3,3,0,0,"[""reef-turin-microscopy-pareto-transfer-3710982/execution-0039"",""reef-turin-microscopy-pareto-transfer-3710982/execution-0149"",""reef-turin-microscopy-pareto-transfer-3710982/execution-0238""]",3.1087824337094934,2.7639935185161755,3.2311945963476894,103079215104,90283229184,1.1417315932942693,0.8758625984191895,940450304.0,9.903457842000002,11.577450670000001,0.007884903909360898,34359738368,34359738368,false,true,,false,true,false,0.9781064031555367,measured_shard_write_bytes_per_logical_byte,10,"[16384,65536,131072,262144]",/mnt/main0/home/nclack/tmp/2026-09-07-chucky-microscopy-pr/worktree/build-microscopy-unified-corrected-20260916/turin-3710982/transfer/study.json
,reef-turin,,,,nfs,,,,,,,,,,,,,,,,4d1b3c942be41d7ac938,f76eb40f6e127f97,65536,"[1,128,128]","[16384,128,128]",,,,lz4,1,none,,,,,,,,,,f0aa321efb9b494f59b4,,,,,,,,,,,,,,,,,,,,,,,,,,,,,,,,,,,,,,,,,,,,,,,,,,,,,,,,,write-tradeoffs,4,write-summary.csv,summary_id=f0aa321efb9b494f59b4,reef-turin-microscopy-pareto-transfer-3710982,retained_study,partially_selected_in_current_report,complete,dynacell-a549-phase,1,920cadc14fb62b66fa23671f25c599904db55815e24e19705b6dc01fdfea1f79,cpu-turin-gp-l-243-179,cpu,40,32,fs,16,f32,1073741824,16,16,,,32,4,3.0,2.0,32.0,true,,"{""allocated_cpus"":40,""arrival_bytes_per_s"":null,""backend"":""cpu"",""chunk_depth"":1,""completion_pause_ms"":null,""data_issue"":null,""dataset_version"":1,""dtype"":""f32"",""hostname"":""cpu-turin-gp-l-243-179"",""input_id"":""dynacell-a549-phase"",""input_sha256"":""920cadc14fb62b66fa23671f25c599904db55815e24e19705b6dc01fdfea1f79"",""io_workers"":32,""logical_spatial_shape"":[512,512],""memory_budget_bytes"":0,""minimum_logical_gib"":32.0,""nconnect"":16,""output_buffers"":4,""requested_duration_s"":3.0,""requested_warmup_s"":2.0,""sink"":""fs"",""source_order"":""cyclic"",""storage_type"":""nfs"",""study_id"":""reef-turin-microscopy-pareto-transfer-3710982"",""timing_policy"":""coverage-qualified-through-final-close-v2"",""worker_threads"":32}",sample,3,3,0,0,"[""reef-turin-microscopy-pareto-transfer-3710982/execution-0012"",""reef-turin-microscopy-pareto-transfer-3710982/execution-0168"",""reef-turin-microscopy-pareto-transfer-3710982/execution-0188""]",5.476349026000207,3.8051456094103036,5.877221176362551,103079215104,103620476928,0.9947764974641442,1.0052509307861328,1079379968.0,5.444749933000001,8.409664956,0.015566693979148444,34359738368,34359738368,false,true,,true,false,false,15.895273566883358,measured_shard_write_bytes_per_logical_byte,10,"[16384,65536,131072,262144]",/mnt/main0/home/nclack/tmp/2026-09-07-chucky-microscopy-pr/worktree/build-microscopy-unified-corrected-20260916/turin-3710982/transfer/study.json
,reef-l40,,,,nfs,,,,,,,,,,,,,,,,4aa6fec12275e6edf699,06dc4bbbacc0e94f,262144,"[1,256,256]","[4096,256,256]",,,,none,0,none,,,,,,,,,,6743dac4785845f447d9,,,,,,,,,,,,,,,,,,,,,,,,,,,,,,,,,,,,,,,,,,,,,,,,,,,,,,,,,write-tradeoffs,4,write-summary.csv,summary_id=6743dac4785845f447d9,reef-l40-final-refinement-3704091,retained_study,partially_selected_in_current_report,complete,dynacell-a549-phase,1,920cadc14fb62b66fa23671f25c599904db55815e24e19705b6dc01fdfea1f79,cw-us-e4a2-l40-202-189,gpu,8,4,fs,16,f32,1073741824,16,4,,,32,4,3.0,2.0,32.0,true,,"{""allocated_cpus"":8,""arrival_bytes_per_s"":null,""backend"":""gpu"",""chunk_depth"":1,""completion_pause_ms"":null,""data_issue"":null,""dataset_version"":1,""dtype"":""f32"",""hostname"":""cw-us-e4a2-l40-202-189"",""input_id"":""dynacell-a549-phase"",""input_sha256"":""920cadc14fb62b66fa23671f25c599904db55815e24e19705b6dc01fdfea1f79"",""io_workers"":32,""logical_spatial_shape"":[512,512],""memory_budget_bytes"":0,""minimum_logical_gib"":32.0,""nconnect"":16,""output_buffers"":4,""requested_duration_s"":3.0,""requested_warmup_s"":2.0,""sink"":""fs"",""source_order"":""cyclic"",""storage_type"":""nfs"",""study_id"":""reef-l40-final-refinement-3704091"",""timing_policy"":""coverage-qualified-through-final-close-v2"",""worker_threads"":4}",sample,3,3,0,0,"[""reef-l40-final-refinement-3704091/execution-0003"",""reef-l40-final-refinement-3704091/execution-0028"",""reef-l40-final-refinement-3704091/execution-0035""]",3.3305504210247503,2.5828684753367117,4.070912492898452,103079215104,103086735360,0.999927049236997,1.000072956085205,1073820160.0,7.860645361,12.389326235,0.010903867087939412,34359738368,34359738368,false,true,,false,false,false,16.844042851070302,measured_shard_write_bytes_per_logical_byte,8,"[16384,65536,131072,262144]",/mnt/main0/home/nclack/tmp/2026-09-07-chucky-microscopy-pr/worktree/build-microscopy-confirmation-3rounds-20260916/run-3704091/refinement/study.json
,reef-l40,,,,nfs,,,,,,,,,,,,,,,,4aa6fec12275e6edf699,26045f412db8e2ca,262144,"[1,256,256]","[4096,256,256]",,,,blosc-zstd,3,bit,,,,,,,,,,a77710095aeca6cd9004,,,,,,,,,,,,,,,,,,,,,,,,,,,,,,,,,,,,,,,,,,,,,,,,,,,,,,,,,write-tradeoffs,4,write-summary.csv,summary_id=a77710095aeca6cd9004,reef-l40-final-refinement-3704091,retained_study,partially_selected_in_current_report,complete,dynacell-a549-phase,1,920cadc14fb62b66fa23671f25c599904db55815e24e19705b6dc01fdfea1f79,cw-us-e4a2-l40-202-189,gpu,8,4,fs,16,f32,1073741824,16,4,262144,262144,32,4,3.0,2.0,32.0,true,,"{""allocated_cpus"":8,""arrival_bytes_per_s"":null,""backend"":""gpu"",""chunk_depth"":1,""completion_pause_ms"":null,""data_issue"":null,""dataset_version"":1,""dtype"":""f32"",""hostname"":""cw-us-e4a2-l40-202-189"",""input_id"":""dynacell-a549-phase"",""input_sha256"":""920cadc14fb62b66fa23671f25c599904db55815e24e19705b6dc01fdfea1f79"",""io_workers"":32,""logical_spatial_shape"":[512,512],""memory_budget_bytes"":0,""minimum_logical_gib"":32.0,""nconnect"":16,""output_buffers"":4,""requested_duration_s"":3.0,""requested_warmup_s"":2.0,""sink"":""fs"",""source_order"":""cyclic"",""storage_type"":""nfs"",""study_id"":""reef-l40-final-refinement-3704091"",""timing_policy"":""coverage-qualified-through-final-close-v2"",""worker_threads"":4}",sample,3,3,0,0,"[""reef-l40-final-refinement-3704091/execution-0010"",""reef-l40-final-refinement-3704091/execution-0031"",""reef-l40-final-refinement-3704091/execution-0047""]",3.335723215597275,2.9165409831060822,3.6775082906106937,103079215104,88225923072,1.1683551898899196,0.8559041023254395,919020032.0,8.701544218,10.971901246,0.021445277909866275,34359738368,34359738368,false,true,,true,true,false,0.0,measured_shard_write_bytes_per_logical_byte,8,"[16384,65536,131072,262144]",/mnt/main0/home/nclack/tmp/2026-09-07-chucky-microscopy-pr/worktree/build-microscopy-confirmation-3rounds-20260916/run-3704091/refinement/study.json
,reef-l40,,,,nfs,,,,,,,,,,,,,,,,4aa6fec12275e6edf699,6406922d5fe278d1,131072,"[1,128,256]","[8192,128,256]",,,,blosc-lz4,3,bit,,,,,,,,,,8886f9e4d185379dbe48,,,,,,,,,,,,,,,,,,,,,,,,,,,,,,,,,,,,,,,,,,,,,,,,,,,,,,,,,write-tradeoffs,4,write-summary.csv,summary_id=8886f9e4d185379dbe48,reef-l40-final-refinement-3704091,retained_study,partially_selected_in_current_report,complete,dynacell-a549-phase,1,920cadc14fb62b66fa23671f25c599904db55815e24e19705b6dc01fdfea1f79,cw-us-e4a2-l40-202-189,gpu,8,4,fs,16,f32,1073741824,16,8,32768,32768,32,4,3.0,2.0,32.0,true,,"{""allocated_cpus"":8,""arrival_bytes_per_s"":null,""backend"":""gpu"",""chunk_depth"":1,""completion_pause_ms"":null,""data_issue"":null,""dataset_version"":1,""dtype"":""f32"",""hostname"":""cw-us-e4a2-l40-202-189"",""input_id"":""dynacell-a549-phase"",""input_sha256"":""920cadc14fb62b66fa23671f25c599904db55815e24e19705b6dc01fdfea1f79"",""io_workers"":32,""logical_spatial_shape"":[512,512],""memory_budget_bytes"":0,""minimum_logical_gib"":32.0,""nconnect"":16,""output_buffers"":4,""requested_duration_s"":3.0,""requested_warmup_s"":2.0,""sink"":""fs"",""source_order"":""cyclic"",""storage_type"":""nfs"",""study_id"":""reef-l40-final-refinement-3704091"",""timing_policy"":""coverage-qualified-through-final-close-v2"",""worker_threads"":4}",sample,3,3,0,0,"[""reef-l40-final-refinement-3704091/execution-0014"",""reef-l40-final-refinement-3704091/execution-0029"",""reef-l40-final-refinement-3704091/execution-0042""]",4.348301209298289,4.244093120076116,5.014110985712431,103079215104,93129375744,1.106838892460213,0.9034738540649414,970097664.0,6.381988808000001,7.539891451,0.014781728984336807,34359738368,34359738368,false,true,,false,true,false,5.557836632662214,measured_shard_write_bytes_per_logical_byte,8,"[16384,65536,131072,262144]",/mnt/main0/home/nclack/tmp/2026-09-07-chucky-microscopy-pr/worktree/build-microscopy-confirmation-3rounds-20260916/run-3704091/refinement/study.json
,reef-l40,,,,nfs,,,,,,,,,,,,,,,,4aa6fec12275e6edf699,6fa276f7b25009d5,65536,"[1,128,128]","[16384,128,128]",,,,lz4,1,none,,,,,,,,,,40ccae3070ad88061879,,,,,,,,,,,,,,,,,,,,,,,,,,,,,,,,,,,,,,,,,,,,,,,,,,,,,,,,,write-tradeoffs,4,write-summary.csv,summary_id=40ccae3070ad88061879,reef-l40-final-refinement-3704091,retained_study,partially_selected_in_current_report,complete,dynacell-a549-phase,1,920cadc14fb62b66fa23671f25c599904db55815e24e19705b6dc01fdfea1f79,cw-us-e4a2-l40-202-189,gpu,8,4,fs,16,f32,1073741824,16,16,,,32,4,3.0,2.0,32.0,true,,"{""allocated_cpus"":8,""arrival_bytes_per_s"":null,""backend"":""gpu"",""chunk_depth"":1,""completion_pause_ms"":null,""data_issue"":null,""dataset_version"":1,""dtype"":""f32"",""hostname"":""cw-us-e4a2-l40-202-189"",""input_id"":""dynacell-a549-phase"",""input_sha256"":""920cadc14fb62b66fa23671f25c599904db55815e24e19705b6dc01fdfea1f79"",""io_workers"":32,""logical_spatial_shape"":[512,512],""memory_budget_bytes"":0,""minimum_logical_gib"":32.0,""nconnect"":16,""output_buffers"":4,""requested_duration_s"":3.0,""requested_warmup_s"":2.0,""sink"":""fs"",""source_order"":""cyclic"",""storage_type"":""nfs"",""study_id"":""reef-l40-final-refinement-3704091"",""timing_policy"":""coverage-qualified-through-final-close-v2"",""worker_threads"":4}",sample,3,3,0,0,"[""reef-l40-final-refinement-3704091/execution-0015"",""reef-l40-final-refinement-3704091/execution-0023"",""reef-l40-final-refinement-3704091/execution-0046""]",5.4642703786618645,4.681169272312323,5.873201894272508,103079215104,103570268160,0.9952587449591093,1.0047638416290283,1078856960.0,5.448475913,6.835899047000001,0.013920355565679455,34359738368,34359738368,false,true,,true,false,false,17.39210489810085,measured_shard_write_bytes_per_logical_byte,8,"[16384,65536,131072,262144]",/mnt/main0/home/nclack/tmp/2026-09-07-chucky-microscopy-pr/worktree/build-microscopy-confirmation-3rounds-20260916/run-3704091/refinement/study.json
,reef-l40,,,,nfs,,,,,,,,,,,,,,,,4aa6fec12275e6edf699,779b1e4b83699f81,16384,"[1,64,64]","[16384,128,128]",,,,none,0,none,,,,,,,,,,082ef4b21691f9779e5c,,,,,,,,,,,,,,,,,,,,,,,,,,,,,,,,,,,,,,,,,,,,,,,,,,,,,,,,,write-tradeoffs,4,write-summary.csv,summary_id=082ef4b21691f9779e5c,reef-l40-final-refinement-3704091,retained_study,partially_selected_in_current_report,complete,dynacell-a549-phase,1,920cadc14fb62b66fa23671f25c599904db55815e24e19705b6dc01fdfea1f79,cw-us-e4a2-l40-202-189,gpu,8,4,fs,16,f32,1073741824,16,16,,,32,4,3.0,2.0,32.0,true,,"{""allocated_cpus"":8,""arrival_bytes_per_s"":null,""backend"":""gpu"",""chunk_depth"":1,""completion_pause_ms"":null,""data_issue"":null,""dataset_version"":1,""dtype"":""f32"",""hostname"":""cw-us-e4a2-l40-202-189"",""input_id"":""dynacell-a549-phase"",""input_sha256"":""920cadc14fb62b66fa23671f25c599904db55815e24e19705b6dc01fdfea1f79"",""io_workers"":32,""logical_spatial_shape"":[512,512],""memory_budget_bytes"":0,""minimum_logical_gib"":32.0,""nconnect"":16,""output_buffers"":4,""requested_duration_s"":3.0,""requested_warmup_s"":2.0,""sink"":""fs"",""source_order"":""cyclic"",""storage_type"":""nfs"",""study_id"":""reef-l40-final-refinement-3704091"",""timing_policy"":""coverage-qualified-through-final-close-v2"",""worker_threads"":4}",sample,3,3,0,0,"[""reef-l40-final-refinement-3704091/execution-0008"",""reef-l40-final-refinement-3704091/execution-0020"",""reef-l40-final-refinement-3704091/execution-0039""]",4.065951853437127,3.946286284234497,5.797608645669738,103079215104,103230799872,0.9985315935923391,1.0014705657958984,1075320832.0,5.519517088000001,8.108889588,0.014901848782898448,34359738368,34359738368,false,true,,false,false,false,17.007333306963215,measured_shard_write_bytes_per_logical_byte,8,"[16384,65536,131072,262144]",/mnt/main0/home/nclack/tmp/2026-09-07-chucky-microscopy-pr/worktree/build-microscopy-confirmation-3rounds-20260916/run-3704091/refinement/study.json
,reef-l40,,,,nfs,,,,,,,,,,,,,,,,4aa6fec12275e6edf699,89f798d779956536,16384,"[1,64,64]","[16384,128,128]",,,,blosc-lz4,3,bit,,,,,,,,,,785d4e6e284e6c001790,,,,,,,,,,,,,,,,,,,,,,,,,,,,,,,,,,,,,,,,,,,,,,,,,,,,,,,,,write-tradeoffs,4,write-summary.csv,summary_id=785d4e6e284e6c001790,reef-l40-final-refinement-3704091,retained_study,partially_selected_in_current_report,complete,dynacell-a549-phase,1,920cadc14fb62b66fa23671f25c599904db55815e24e19705b6dc01fdfea1f79,cw-us-e4a2-l40-202-189,gpu,8,4,fs,16,f32,1073741824,16,16,4096,4096,32,4,3.0,2.0,32.0,true,,"{""allocated_cpus"":8,""arrival_bytes_per_s"":null,""backend"":""gpu"",""chunk_depth"":1,""completion_pause_ms"":null,""data_issue"":null,""dataset_version"":1,""dtype"":""f32"",""hostname"":""cw-us-e4a2-l40-202-189"",""input_id"":""dynacell-a549-phase"",""input_sha256"":""920cadc14fb62b66fa23671f25c599904db55815e24e19705b6dc01fdfea1f79"",""io_workers"":32,""logical_spatial_shape"":[512,512],""memory_budget_bytes"":0,""minimum_logical_gib"":32.0,""nconnect"":16,""output_buffers"":4,""requested_duration_s"":3.0,""requested_warmup_s"":2.0,""sink"":""fs"",""source_order"":""cyclic"",""storage_type"":""nfs"",""study_id"":""reef-l40-final-refinement-3704091"",""timing_policy"":""coverage-qualified-through-final-close-v2"",""worker_threads"":4}",sample,3,3,0,0,"[""reef-l40-final-refinement-3704091/execution-0012"",""reef-l40-final-refinement-3704091/execution-0021"",""reef-l40-final-refinement-3704091/execution-0038""]",5.150132297481122,4.214837338766523,6.752423071616836,103079215104,92585263104,1.1133436537109827,0.8981952667236328,964429824.0,4.73903926,7.5922263690000005,0.015401951665294757,34359738368,34359738368,false,true,,true,true,true,4.941110141111701,measured_shard_write_bytes_per_logical_byte,8,"[16384,65536,131072,262144]",/mnt/main0/home/nclack/tmp/2026-09-07-chucky-microscopy-pr/worktree/build-microscopy-confirmation-3rounds-20260916/run-3704091/refinement/study.json
,reef-l40,,,,nfs,,,,,,,,,,,,,,,,4aa6fec12275e6edf699,cd718c5cc43dda67,131072,"[1,128,256]","[8192,128,256]",,,,blosc-zstd,3,bit,,,,,,,,,,f2238bb38b93e3cc5245,,,,,,,,,,,,,,,,,,,,,,,,,,,,,,,,,,,,,,,,,,,,,,,,,,,,,,,,,write-tradeoffs,4,write-summary.csv,summary_id=f2238bb38b93e3cc5245,reef-l40-final-refinement-3704091,retained_study,partially_selected_in_current_report,complete,dynacell-a549-phase,1,920cadc14fb62b66fa23671f25c599904db55815e24e19705b6dc01fdfea1f79,cw-us-e4a2-l40-202-189,gpu,8,4,fs,16,f32,1073741824,16,8,131072,131072,32,4,3.0,2.0,32.0,true,,"{""allocated_cpus"":8,""arrival_bytes_per_s"":null,""backend"":""gpu"",""chunk_depth"":1,""completion_pause_ms"":null,""data_issue"":null,""dataset_version"":1,""dtype"":""f32"",""hostname"":""cw-us-e4a2-l40-202-189"",""input_id"":""dynacell-a549-phase"",""input_sha256"":""920cadc14fb62b66fa23671f25c599904db55815e24e19705b6dc01fdfea1f79"",""io_workers"":32,""logical_spatial_shape"":[512,512],""memory_budget_bytes"":0,""minimum_logical_gib"":32.0,""nconnect"":16,""output_buffers"":4,""requested_duration_s"":3.0,""requested_warmup_s"":2.0,""sink"":""fs"",""source_order"":""cyclic"",""storage_type"":""nfs"",""study_id"":""reef-l40-final-refinement-3704091"",""timing_policy"":""coverage-qualified-through-final-close-v2"",""worker_threads"":4}",sample,3,3,0,0,"[""reef-l40-final-refinement-3704091/execution-0005"",""reef-l40-final-refinement-3704091/execution-0026"",""reef-l40-final-refinement-3704091/execution-0043""]",4.692672082066769,4.436322799074909,4.706777987251997,103079215104,89108054016,1.1567889821215418,0.8644618988037109,928208896.0,6.798705906,7.213181134000001,0.008408595810792232,34359738368,34359738368,false,true,,true,true,false,0.9998545929410165,measured_shard_write_bytes_per_logical_byte,8,"[16384,65536,131072,262144]",/mnt/main0/home/nclack/tmp/2026-09-07-chucky-microscopy-pr/worktree/build-microscopy-confirmation-3rounds-20260916/run-3704091/refinement/study.json
,reef-l40,,,,nfs,,,,,,,,,,,,,,,,4aa6fec12275e6edf699,e219d80ca59149f0,262144,"[1,256,256]","[4096,256,256]",,,,zstd,3,none,,,,,,,,,,e0a76f13048cd925e488,,,,,,,,,,,,,,,,,,,,,,,,,,,,,,,,,,,,,,,,,,,,,,,,,,,,,,,,,write-tradeoffs,4,write-summary.csv,summary_id=e0a76f13048cd925e488,reef-l40-final-refinement-3704091,retained_study,partially_selected_in_current_report,complete,dynacell-a549-phase,1,920cadc14fb62b66fa23671f25c599904db55815e24e19705b6dc01fdfea1f79,cw-us-e4a2-l40-202-189,gpu,8,4,fs,16,f32,1073741824,16,4,,,32,4,3.0,2.0,32.0,true,,"{""allocated_cpus"":8,""arrival_bytes_per_s"":null,""backend"":""gpu"",""chunk_depth"":1,""completion_pause_ms"":null,""data_issue"":null,""dataset_version"":1,""dtype"":""f32"",""hostname"":""cw-us-e4a2-l40-202-189"",""input_id"":""dynacell-a549-phase"",""input_sha256"":""920cadc14fb62b66fa23671f25c599904db55815e24e19705b6dc01fdfea1f79"",""io_workers"":32,""logical_spatial_shape"":[512,512],""memory_budget_bytes"":0,""minimum_logical_gib"":32.0,""nconnect"":16,""output_buffers"":4,""requested_duration_s"":3.0,""requested_warmup_s"":2.0,""sink"":""fs"",""source_order"":""cyclic"",""storage_type"":""nfs"",""study_id"":""reef-l40-final-refinement-3704091"",""timing_policy"":""coverage-qualified-through-final-close-v2"",""worker_threads"":4}",sample,3,3,0,0,"[""reef-l40-final-refinement-3704091/execution-0017"",""reef-l40-final-refinement-3704091/execution-0033"",""reef-l40-final-refinement-3704091/execution-0049""]",3.3069965158862082,2.8276532893905704,3.8462468457559704,103079215104,95951831040,1.074280855161886,0.9308552742004395,999498240.0,8.319798291,11.316805030000001,0.018181604564878624,34359738368,34359738368,false,true,,false,true,false,8.756959064848763,measured_shard_write_bytes_per_logical_byte,8,"[16384,65536,131072,262144]",/mnt/main0/home/nclack/tmp/2026-09-07-chucky-microscopy-pr/worktree/build-microscopy-confirmation-3rounds-20260916/run-3704091/refinement/study.json
,reef-turin,,,,nfs,,,,,,,,,,,,,,,,e874416df71f6edc956a,0ca60b2fafcad5a8,65536,"[1,128,256]","[1365,512,768]",,,,zstd,3,none,,,,,,,,,,6de39548af763c18d945,,,,,,,,,,,,,,,,,,,,,,,,,,,,,,,,,,,,,,,,,,,,,,,,,,,,,,,,,write-tradeoffs,5,write-summary.csv,summary_id=6de39548af763c18d945,reef-turin-microscopy-pareto-transfer-3710982,retained_study,partially_selected_in_current_report,complete,jump-scope-fluorescence,1,68c0bbe90a5c54a24f1b2f0eb320ac7ee78048267eebc09ca8add8309e083982,cpu-turin-gp-l-243-179,cpu,40,32,fs,16,u16,1073479680,16,12,,,32,4,3.0,2.0,32.0,true,,"{""allocated_cpus"":40,""arrival_bytes_per_s"":null,""backend"":""cpu"",""chunk_depth"":1,""completion_pause_ms"":null,""data_issue"":null,""dataset_version"":1,""dtype"":""u16"",""hostname"":""cpu-turin-gp-l-243-179"",""input_id"":""jump-scope-fluorescence"",""input_sha256"":""68c0bbe90a5c54a24f1b2f0eb320ac7ee78048267eebc09ca8add8309e083982"",""io_workers"":32,""logical_spatial_shape"":[2000,2000],""memory_budget_bytes"":0,""minimum_logical_gib"":32.0,""nconnect"":16,""output_buffers"":4,""requested_duration_s"":3.0,""requested_warmup_s"":2.0,""sink"":""fs"",""source_order"":""cyclic"",""storage_type"":""nfs"",""study_id"":""reef-turin-microscopy-pareto-transfer-3710982"",""timing_policy"":""coverage-qualified-through-final-close-v2"",""worker_threads"":32}",sample,3,3,0,0,"[""reef-turin-microscopy-pareto-transfer-3710982/execution-0094"",""reef-turin-microscopy-pareto-transfer-3710982/execution-0104"",""reef-turin-microscopy-pareto-transfer-3710982/execution-0232""]",4.43753320530365,4.358671377757411,5.015198226346097,103080000000,80826314752,1.275327228716058,0.7841124830422972,841934367.7630053,6.380653814,7.341742691000001,0.017218932523332696,34360000000,34360000000,false,true,,false,false,false,16.73648399985021,measured_shard_write_bytes_per_logical_byte,8,"[16384,65536,262144]",/mnt/main0/home/nclack/tmp/2026-09-07-chucky-microscopy-pr/worktree/build-microscopy-unified-corrected-20260916/turin-3710982/transfer/study.json
,reef-turin,,,,nfs,,,,,,,,,,,,,,,,e874416df71f6edc956a,1ef2c4fd80fc58be,16384,"[1,64,128]","[1560,448,768]",,,,blosc-lz4,3,bit,,,,,,,,,,1aa72fa34ffbd61eb321,,,,,,,,,,,,,,,,,,,,,,,,,,,,,,,,,,,,,,,,,,,,,,,,,,,,,,,,,write-tradeoffs,5,write-summary.csv,summary_id=1aa72fa34ffbd61eb321,reef-turin-microscopy-pareto-transfer-3710982,retained_study,partially_selected_in_current_report,complete,jump-scope-fluorescence,1,68c0bbe90a5c54a24f1b2f0eb320ac7ee78048267eebc09ca8add8309e083982,cpu-turin-gp-l-243-179,cpu,40,32,fs,16,u16,1073479680,16,15,16384,,32,4,3.0,2.0,32.0,true,,"{""allocated_cpus"":40,""arrival_bytes_per_s"":null,""backend"":""cpu"",""chunk_depth"":1,""completion_pause_ms"":null,""data_issue"":null,""dataset_version"":1,""dtype"":""u16"",""hostname"":""cpu-turin-gp-l-243-179"",""input_id"":""jump-scope-fluorescence"",""input_sha256"":""68c0bbe90a5c54a24f1b2f0eb320ac7ee78048267eebc09ca8add8309e083982"",""io_workers"":32,""logical_spatial_shape"":[2000,2000],""memory_budget_bytes"":0,""minimum_logical_gib"":32.0,""nconnect"":16,""output_buffers"":4,""requested_duration_s"":3.0,""requested_warmup_s"":2.0,""sink"":""fs"",""source_order"":""cyclic"",""storage_type"":""nfs"",""study_id"":""reef-turin-microscopy-pareto-transfer-3710982"",""timing_policy"":""coverage-qualified-through-final-close-v2"",""worker_threads"":32}",sample,3,3,0,0,"[""reef-turin-microscopy-pareto-transfer-3710982/execution-0020"",""reef-turin-microscopy-pareto-transfer-3710982/execution-0120"",""reef-turin-microscopy-pareto-transfer-3710982/execution-0199""]",4.8385838555309135,3.6316293256843113,6.690191355761764,103080000000,74269319168,1.3879217038038163,0.72050173814513,773632850.5111222,4.783158275,8.811538961000002,0.014808303197895941,34360000000,34360000000,false,true,,false,true,false,7.266293351825348,measured_shard_write_bytes_per_logical_byte,8,"[16384,65536,262144]",/mnt/main0/home/nclack/tmp/2026-09-07-chucky-microscopy-pr/worktree/build-microscopy-unified-corrected-20260916/turin-3710982/transfer/study.json
,reef-turin,,,,nfs,,,,,,,,,,,,,,,,e874416df71f6edc956a,577fe73b2a9505c0,262144,"[1,256,512]","[1024,512,1024]",,,,lz4,1,none,,,,,,,,,,485e9a0731708c4db2f5,,,,,,,,,,,,,,,,,,,,,,,,,,,,,,,,,,,,,,,,,,,,,,,,,,,,,,,,,write-tradeoffs,5,write-summary.csv,summary_id=485e9a0731708c4db2f5,reef-turin-microscopy-pareto-transfer-3710982,retained_study,partially_selected_in_current_report,complete,jump-scope-fluorescence,1,68c0bbe90a5c54a24f1b2f0eb320ac7ee78048267eebc09ca8add8309e083982,cpu-turin-gp-l-243-179,cpu,40,32,fs,16,u16,1073741824,16,8,,,32,4,3.0,2.0,32.0,true,,"{""allocated_cpus"":40,""arrival_bytes_per_s"":null,""backend"":""cpu"",""chunk_depth"":1,""completion_pause_ms"":null,""data_issue"":null,""dataset_version"":1,""dtype"":""u16"",""hostname"":""cpu-turin-gp-l-243-179"",""input_id"":""jump-scope-fluorescence"",""input_sha256"":""68c0bbe90a5c54a24f1b2f0eb320ac7ee78048267eebc09ca8add8309e083982"",""io_workers"":32,""logical_spatial_shape"":[2000,2000],""memory_budget_bytes"":0,""minimum_logical_gib"":32.0,""nconnect"":16,""output_buffers"":4,""requested_duration_s"":3.0,""requested_warmup_s"":2.0,""sink"":""fs"",""source_order"":""cyclic"",""storage_type"":""nfs"",""study_id"":""reef-turin-microscopy-pareto-transfer-3710982"",""timing_policy"":""coverage-qualified-through-final-close-v2"",""worker_threads"":32}",sample,3,3,0,0,"[""reef-turin-microscopy-pareto-transfer-3710982/execution-0084"",""reef-turin-microscopy-pareto-transfer-3710982/execution-0118"",""reef-turin-microscopy-pareto-transfer-3710982/execution-0226""]",2.894349411570274,2.7073234832596555,3.825740249266509,103080000000,102270451712,1.0079157593855137,0.9921464077609624,1065309093.5443035,8.364458494,11.819881454999999,0.01050642289979211,34360000000,34360000000,false,true,,false,false,false,47.70799567649378,measured_shard_write_bytes_per_logical_byte,8,"[16384,65536,262144]",/mnt/main0/home/nclack/tmp/2026-09-07-chucky-microscopy-pr/worktree/build-microscopy-unified-corrected-20260916/turin-3710982/transfer/study.json
,reef-turin,,,,nfs,,,,,,,,,,,,,,,,e874416df71f6edc956a,650646e8f7456e8a,16384,"[1,64,128]","[1560,448,768]",,,,none,0,none,,,,,,,,,,a912558448d0f4b64d51,,,,,,,,,,,,,,,,,,,,,,,,,,,,,,,,,,,,,,,,,,,,,,,,,,,,,,,,,write-tradeoffs,5,write-summary.csv,summary_id=a912558448d0f4b64d51,reef-turin-microscopy-pareto-transfer-3710982,retained_study,partially_selected_in_current_report,complete,jump-scope-fluorescence,1,68c0bbe90a5c54a24f1b2f0eb320ac7ee78048267eebc09ca8add8309e083982,cpu-turin-gp-l-243-179,cpu,40,32,fs,16,u16,1073479680,16,15,,,32,4,3.0,2.0,32.0,true,,"{""allocated_cpus"":40,""arrival_bytes_per_s"":null,""backend"":""cpu"",""chunk_depth"":1,""completion_pause_ms"":null,""data_issue"":null,""dataset_version"":1,""dtype"":""u16"",""hostname"":""cpu-turin-gp-l-243-179"",""input_id"":""jump-scope-fluorescence"",""input_sha256"":""68c0bbe90a5c54a24f1b2f0eb320ac7ee78048267eebc09ca8add8309e083982"",""io_workers"":32,""logical_spatial_shape"":[2000,2000],""memory_budget_bytes"":0,""minimum_logical_gib"":32.0,""nconnect"":16,""output_buffers"":4,""requested_duration_s"":3.0,""requested_warmup_s"":2.0,""sink"":""fs"",""source_order"":""cyclic"",""storage_type"":""nfs"",""study_id"":""reef-turin-microscopy-pareto-transfer-3710982"",""timing_policy"":""coverage-qualified-through-final-close-v2"",""worker_threads"":32}",sample,3,3,0,0,"[""reef-turin-microscopy-pareto-transfer-3710982/execution-0022"",""reef-turin-microscopy-pareto-transfer-3710982/execution-0133"",""reef-turin-microscopy-pareto-transfer-3710982/execution-0222""]",3.9615152162551874,3.2603461834568295,5.746728229985713,103080000000,108275957760,0.9520118974932815,1.0504070407450523,1127865971.8720348,5.568428062000001,9.814983377,0.015802319001879825,34360000000,34360000000,false,true,,false,false,false,56.38167655424292,measured_shard_write_bytes_per_logical_byte,8,"[16384,65536,262144]",/mnt/main0/home/nclack/tmp/2026-09-07-chucky-microscopy-pr/worktree/build-microscopy-unified-corrected-20260916/turin-3710982/transfer/study.json
,reef-turin,,,,nfs,,,,,,,,,,,,,,,,e874416df71f6edc956a,770e5199a6ad5578,262144,"[1,256,512]","[1024,512,1024]",,,,blosc-zstd,3,bit,,,,,,,,,,240a4fe9d16edd3edbe2,,,,,,,,,,,,,,,,,,,,,,,,,,,,,,,,,,,,,,,,,,,,,,,,,,,,,,,,,write-tradeoffs,5,write-summary.csv,summary_id=240a4fe9d16edd3edbe2,reef-turin-microscopy-pareto-transfer-3710982,retained_study,partially_selected_in_current_report,complete,jump-scope-fluorescence,1,68c0bbe90a5c54a24f1b2f0eb320ac7ee78048267eebc09ca8add8309e083982,cpu-turin-gp-l-243-179,cpu,40,32,fs,16,u16,1073741824,16,8,65536,,32,4,3.0,2.0,32.0,true,,"{""allocated_cpus"":40,""arrival_bytes_per_s"":null,""backend"":""cpu"",""chunk_depth"":1,""completion_pause_ms"":null,""data_issue"":null,""dataset_version"":1,""dtype"":""u16"",""hostname"":""cpu-turin-gp-l-243-179"",""input_id"":""jump-scope-fluorescence"",""input_sha256"":""68c0bbe90a5c54a24f1b2f0eb320ac7ee78048267eebc09ca8add8309e083982"",""io_workers"":32,""logical_spatial_shape"":[2000,2000],""memory_budget_bytes"":0,""minimum_logical_gib"":32.0,""nconnect"":16,""output_buffers"":4,""requested_duration_s"":3.0,""requested_warmup_s"":2.0,""sink"":""fs"",""source_order"":""cyclic"",""storage_type"":""nfs"",""study_id"":""reef-turin-microscopy-pareto-transfer-3710982"",""timing_policy"":""coverage-qualified-through-final-close-v2"",""worker_threads"":32}",sample,3,3,0,0,"[""reef-turin-microscopy-pareto-transfer-3710982/execution-0044"",""reef-turin-microscopy-pareto-transfer-3710982/execution-0136"",""reef-turin-microscopy-pareto-transfer-3710982/execution-0189""]",3.872761181788133,3.1526972695450737,4.677899962072118,103080000000,69317332992,1.4870739474627015,0.6724615152502911,722050053.9546514,6.840728994,10.150116008000001,0.006746123487261722,34360000000,34360000000,false,true,,false,true,false,0.11419868097683886,measured_shard_write_bytes_per_logical_byte,8,"[16384,65536,262144]",/mnt/main0/home/nclack/tmp/2026-09-07-chucky-microscopy-pr/worktree/build-microscopy-unified-corrected-20260916/turin-3710982/transfer/study.json
,reef-turin,,,,nfs,,,,,,,,,,,,,,,,e874416df71f6edc956a,785bbf35c1dcffe7,65536,"[1,128,256]","[1365,512,768]",,,,blosc-zstd,3,bit,,,,,,,,,,c87003df074aeec51f5a,,,,,,,,,,,,,,,,,,,,,,,,,,,,,,,,,,,,,,,,,,,,,,,,,,,,,,,,,write-tradeoffs,5,write-summary.csv,summary_id=c87003df074aeec51f5a,reef-turin-microscopy-pareto-transfer-3710982,retained_study,partially_selected_in_current_report,complete,jump-scope-fluorescence,1,68c0bbe90a5c54a24f1b2f0eb320ac7ee78048267eebc09ca8add8309e083982,cpu-turin-gp-l-243-179,cpu,40,32,fs,16,u16,1073479680,16,12,65536,,32,4,3.0,2.0,32.0,true,,"{""allocated_cpus"":40,""arrival_bytes_per_s"":null,""backend"":""cpu"",""chunk_depth"":1,""completion_pause_ms"":null,""data_issue"":null,""dataset_version"":1,""dtype"":""u16"",""hostname"":""cpu-turin-gp-l-243-179"",""input_id"":""jump-scope-fluorescence"",""input_sha256"":""68c0bbe90a5c54a24f1b2f0eb320ac7ee78048267eebc09ca8add8309e083982"",""io_workers"":32,""logical_spatial_shape"":[2000,2000],""memory_budget_bytes"":0,""minimum_logical_gib"":32.0,""nconnect"":16,""output_buffers"":4,""requested_duration_s"":3.0,""requested_warmup_s"":2.0,""sink"":""fs"",""source_order"":""cyclic"",""storage_type"":""nfs"",""study_id"":""reef-turin-microscopy-pareto-transfer-3710982"",""timing_policy"":""coverage-qualified-through-final-close-v2"",""worker_threads"":32}",sample,3,3,0,0,"[""reef-turin-microscopy-pareto-transfer-3710982/execution-0079"",""reef-turin-microscopy-pareto-transfer-3710982/execution-0139"",""reef-turin-microscopy-pareto-transfer-3710982/execution-0192""]",5.203040902693848,4.322113661005225,5.514765662820584,103080000000,69238263808,1.4887721662958542,0.6716944490492821,721226422.8928512,5.802648174000001,7.403841373000001,0.011239264296431326,34360000000,34360000000,false,true,,true,true,false,0.0,measured_shard_write_bytes_per_logical_byte,8,"[16384,65536,262144]",/mnt/main0/home/nclack/tmp/2026-09-07-chucky-microscopy-pr/worktree/build-microscopy-unified-corrected-20260916/turin-3710982/transfer/study.json
,reef-turin,,,,nfs,,,,,,,,,,,,,,,,e874416df71f6edc956a,b0bef10df82100d4,65536,"[1,128,256]","[1365,512,768]",,,,lz4,1,none,,,,,,,,,,c4067c1677510f0cbdd6,,,,,,,,,,,,,,,,,,,,,,,,,,,,,,,,,,,,,,,,,,,,,,,,,,,,,,,,,write-tradeoffs,5,write-summary.csv,summary_id=c4067c1677510f0cbdd6,reef-turin-microscopy-pareto-transfer-3710982,retained_study,partially_selected_in_current_report,complete,jump-scope-fluorescence,1,68c0bbe90a5c54a24f1b2f0eb320ac7ee78048267eebc09ca8add8309e083982,cpu-turin-gp-l-243-179,cpu,40,32,fs,16,u16,1073479680,16,12,,,32,4,3.0,2.0,32.0,true,,"{""allocated_cpus"":40,""arrival_bytes_per_s"":null,""backend"":""cpu"",""chunk_depth"":1,""completion_pause_ms"":null,""data_issue"":null,""dataset_version"":1,""dtype"":""u16"",""hostname"":""cpu-turin-gp-l-243-179"",""input_id"":""jump-scope-fluorescence"",""input_sha256"":""68c0bbe90a5c54a24f1b2f0eb320ac7ee78048267eebc09ca8add8309e083982"",""io_workers"":32,""logical_spatial_shape"":[2000,2000],""memory_budget_bytes"":0,""minimum_logical_gib"":32.0,""nconnect"":16,""output_buffers"":4,""requested_duration_s"":3.0,""requested_warmup_s"":2.0,""sink"":""fs"",""source_order"":""cyclic"",""storage_type"":""nfs"",""study_id"":""reef-turin-microscopy-pareto-transfer-3710982"",""timing_policy"":""coverage-qualified-through-final-close-v2"",""worker_threads"":32}",sample,3,3,0,0,"[""reef-turin-microscopy-pareto-transfer-3710982/execution-0035"",""reef-turin-microscopy-pareto-transfer-3710982/execution-0112"",""reef-turin-microscopy-pareto-transfer-3710982/execution-0210""]",2.8523439704711135,2.7459048060944706,3.115885418647678,103080000000,102478147584,1.0058729829743134,0.9941613075669383,1067472575.7371494,10.270031928,11.653807148,0.00694101582002924,34360000000,34360000000,false,true,,false,false,false,48.00796835139497,measured_shard_write_bytes_per_logical_byte,8,"[16384,65536,262144]",/mnt/main0/home/nclack/tmp/2026-09-07-chucky-microscopy-pr/worktree/build-microscopy-unified-corrected-20260916/turin-3710982/transfer/study.json
,reef-turin,,,,nfs,,,,,,,,,,,,,,,,e874416df71f6edc956a,b81901a0d08a9db6,16384,"[1,64,128]","[1560,448,768]",,,,blosc-lz4,3,bit,,,,,,,,,,200fef79daed798ec878,,,,,,,,,,,,,,,,,,,,,,,,,,,,,,,,,,,,,,,,,,,,,,,,,,,,,,,,,write-tradeoffs,5,write-summary.csv,summary_id=200fef79daed798ec878,reef-turin-microscopy-pareto-transfer-3710982,retained_study,partially_selected_in_current_report,complete,jump-scope-fluorescence,1,68c0bbe90a5c54a24f1b2f0eb320ac7ee78048267eebc09ca8add8309e083982,cpu-turin-gp-l-243-179,cpu,40,32,fs,16,u16,1073479680,16,15,4096,,32,4,3.0,2.0,32.0,true,,"{""allocated_cpus"":40,""arrival_bytes_per_s"":null,""backend"":""cpu"",""chunk_depth"":1,""completion_pause_ms"":null,""data_issue"":null,""dataset_version"":1,""dtype"":""u16"",""hostname"":""cpu-turin-gp-l-243-179"",""input_id"":""jump-scope-fluorescence"",""input_sha256"":""68c0bbe90a5c54a24f1b2f0eb320ac7ee78048267eebc09ca8add8309e083982"",""io_workers"":32,""logical_spatial_shape"":[2000,2000],""memory_budget_bytes"":0,""minimum_logical_gib"":32.0,""nconnect"":16,""output_buffers"":4,""requested_duration_s"":3.0,""requested_warmup_s"":2.0,""sink"":""fs"",""source_order"":""cyclic"",""storage_type"":""nfs"",""study_id"":""reef-turin-microscopy-pareto-transfer-3710982"",""timing_policy"":""coverage-qualified-through-final-close-v2"",""worker_threads"":32}",sample,3,3,0,0,"[""reef-turin-microscopy-pareto-transfer-3710982/execution-0075"",""reef-turin-microscopy-pareto-transfer-3710982/execution-0145"",""reef-turin-microscopy-pareto-transfer-3710982/execution-0243""]",5.541321878241295,4.7510081406093345,5.574844846045804,103080000000,74269319168,1.3879217038038163,0.72050173814513,773632850.5111222,5.740113748000001,6.735464032,0.017977417550694638,34360000000,34360000000,false,true,,true,true,true,7.266293351825348,measured_shard_write_bytes_per_logical_byte,8,"[16384,65536,262144]",/mnt/main0/home/nclack/tmp/2026-09-07-chucky-microscopy-pr/worktree/build-microscopy-unified-corrected-20260916/turin-3710982/transfer/study.json
,reef-l40,,,,nfs,,,,,,,,,,,,,,,,1248d8faa9f5aa4c2314,05b367e7f7c4e0b0,16384,"[1,64,128]","[1560,448,768]",,,,none,0,none,,,,,,,,,,6bc63dd7df25f2332c9f,,,,,,,,,,,,,,,,,,,,,,,,,,,,,,,,,,,,,,,,,,,,,,,,,,,,,,,,,write-tradeoffs,5,write-summary.csv,summary_id=6bc63dd7df25f2332c9f,reef-l40-final-transfer-3702747,retained_study,partially_selected_in_current_report,complete,jump-scope-fluorescence,1,68c0bbe90a5c54a24f1b2f0eb320ac7ee78048267eebc09ca8add8309e083982,cw-us-e4a2-l40-234-163,gpu,8,4,fs,16,u16,1073479680,16,15,,,32,4,3.0,2.0,32.0,true,,"{""allocated_cpus"":8,""arrival_bytes_per_s"":null,""backend"":""gpu"",""chunk_depth"":1,""completion_pause_ms"":null,""data_issue"":null,""dataset_version"":1,""dtype"":""u16"",""hostname"":""cw-us-e4a2-l40-234-163"",""input_id"":""jump-scope-fluorescence"",""input_sha256"":""68c0bbe90a5c54a24f1b2f0eb320ac7ee78048267eebc09ca8add8309e083982"",""io_workers"":32,""logical_spatial_shape"":[2000,2000],""memory_budget_bytes"":0,""minimum_logical_gib"":32.0,""nconnect"":16,""output_buffers"":4,""requested_duration_s"":3.0,""requested_warmup_s"":2.0,""sink"":""fs"",""source_order"":""cyclic"",""storage_type"":""nfs"",""study_id"":""reef-l40-final-transfer-3702747"",""timing_policy"":""coverage-qualified-through-final-close-v2"",""worker_threads"":4}",sample,2,2,0,0,"[""reef-l40-final-transfer-3702747/execution-0113"",""reef-l40-final-transfer-3702747/execution-0128""]",3.9447950352122803,3.7741282428736636,4.115461827550897,68720000000,72168243200,0.9522193828323647,1.050178160651921,1127620213.7433586,7.7756141990000005,8.478843711,0.01453854200498907,34360000000,34360000000,false,true,,false,false,false,57.954622471311374,measured_shard_write_bytes_per_logical_byte,5,"[16384,65536,262144]",/mnt/main0/home/nclack/tmp/2026-09-07-chucky-microscopy-pr/worktree/build-microscopy-final-20260916/run-3702747/transfer/study.json
,reef-l40,,,,nfs,,,,,,,,,,,,,,,,1248d8faa9f5aa4c2314,65a0a8e5c4ccec9b,65536,"[1,128,256]","[1365,512,768]",,,,lz4,1,none,,,,,,,,,,a09bcdbee3664c9e1599,,,,,,,,,,,,,,,,,,,,,,,,,,,,,,,,,,,,,,,,,,,,,,,,,,,,,,,,,write-tradeoffs,5,write-summary.csv,summary_id=a09bcdbee3664c9e1599,reef-l40-final-transfer-3702747,retained_study,partially_selected_in_current_report,complete,jump-scope-fluorescence,1,68c0bbe90a5c54a24f1b2f0eb320ac7ee78048267eebc09ca8add8309e083982,cw-us-e4a2-l40-234-163,gpu,8,4,fs,16,u16,1073479680,16,12,,,32,4,3.0,2.0,32.0,true,,"{""allocated_cpus"":8,""arrival_bytes_per_s"":null,""backend"":""gpu"",""chunk_depth"":1,""completion_pause_ms"":null,""data_issue"":null,""dataset_version"":1,""dtype"":""u16"",""hostname"":""cw-us-e4a2-l40-234-163"",""input_id"":""jump-scope-fluorescence"",""input_sha256"":""68c0bbe90a5c54a24f1b2f0eb320ac7ee78048267eebc09ca8add8309e083982"",""io_workers"":32,""logical_spatial_shape"":[2000,2000],""memory_budget_bytes"":0,""minimum_logical_gib"":32.0,""nconnect"":16,""output_buffers"":4,""requested_duration_s"":3.0,""requested_warmup_s"":2.0,""sink"":""fs"",""source_order"":""cyclic"",""storage_type"":""nfs"",""study_id"":""reef-l40-final-transfer-3702747"",""timing_policy"":""coverage-qualified-through-final-close-v2"",""worker_threads"":4}",sample,2,2,0,0,"[""reef-l40-final-transfer-3702747/execution-0108"",""reef-l40-final-transfer-3702747/execution-0200""]",4.305807291689719,3.8606202195285424,4.750994363850896,68720000000,68370161664,1.005116827684557,0.9949092209545983,1068275641.6222094,6.735483167000001,8.288887054,0.008407483315546818,34360000000,34360000000,false,true,,false,false,false,49.64176201450954,measured_shard_write_bytes_per_logical_byte,5,"[16384,65536,262144]",/mnt/main0/home/nclack/tmp/2026-09-07-chucky-microscopy-pr/worktree/build-microscopy-final-20260916/run-3702747/transfer/study.json
,reef-l40,,,,nfs,,,,,,,,,,,,,,,,1248d8faa9f5aa4c2314,89e4c363ffa9ede1,65536,"[1,128,256]","[1365,512,768]",,,,zstd,3,none,,,,,,,,,,bacad34e407a778856e3,,,,,,,,,,,,,,,,,,,,,,,,,,,,,,,,,,,,,,,,,,,,,,,,,,,,,,,,,write-tradeoffs,5,write-summary.csv,summary_id=bacad34e407a778856e3,reef-l40-final-transfer-3702747,retained_study,partially_selected_in_current_report,complete,jump-scope-fluorescence,1,68c0bbe90a5c54a24f1b2f0eb320ac7ee78048267eebc09ca8add8309e083982,cw-us-e4a2-l40-234-163,gpu,8,4,fs,16,u16,1073479680,16,12,,,32,4,3.0,2.0,32.0,true,,"{""allocated_cpus"":8,""arrival_bytes_per_s"":null,""backend"":""gpu"",""chunk_depth"":1,""completion_pause_ms"":null,""data_issue"":null,""dataset_version"":1,""dtype"":""u16"",""hostname"":""cw-us-e4a2-l40-234-163"",""input_id"":""jump-scope-fluorescence"",""input_sha256"":""68c0bbe90a5c54a24f1b2f0eb320ac7ee78048267eebc09ca8add8309e083982"",""io_workers"":32,""logical_spatial_shape"":[2000,2000],""memory_budget_bytes"":0,""minimum_logical_gib"":32.0,""nconnect"":16,""output_buffers"":4,""requested_duration_s"":3.0,""requested_warmup_s"":2.0,""sink"":""fs"",""source_order"":""cyclic"",""storage_type"":""nfs"",""study_id"":""reef-l40-final-transfer-3702747"",""timing_policy"":""coverage-qualified-through-final-close-v2"",""worker_threads"":4}",sample,2,2,0,0,"[""reef-l40-final-transfer-3702747/execution-0092"",""reef-l40-final-transfer-3702747/execution-0173""]",2.465574253175049,2.4653233418869713,2.465825164463127,68720000000,53611462656,1.281815428930647,0.7801435194412107,837672725.5465851,12.977498698000002,12.980140570000001,0.00737849662509739,34360000000,34360000000,false,true,,false,false,false,17.33939983124445,measured_shard_write_bytes_per_logical_byte,5,"[16384,65536,262144]",/mnt/main0/home/nclack/tmp/2026-09-07-chucky-microscopy-pr/worktree/build-microscopy-final-20260916/run-3702747/transfer/study.json
,reef-l40,,,,nfs,,,,,,,,,,,,,,,,1248d8faa9f5aa4c2314,c28752644b965ad5,16384,"[1,64,128]","[1560,448,768]",,,,blosc-lz4,3,bit,,,,,,,,,,b59e9c603dfedb71c1ac,,,,,,,,,,,,,,,,,,,,,,,,,,,,,,,,,,,,,,,,,,,,,,,,,,,,,,,,,write-tradeoffs,5,write-summary.csv,summary_id=b59e9c603dfedb71c1ac,reef-l40-final-transfer-3702747,retained_study,partially_selected_in_current_report,complete,jump-scope-fluorescence,1,68c0bbe90a5c54a24f1b2f0eb320ac7ee78048267eebc09ca8add8309e083982,cw-us-e4a2-l40-234-163,gpu,8,4,fs,16,u16,1073479680,16,15,4096,4096,32,4,3.0,2.0,32.0,true,,"{""allocated_cpus"":8,""arrival_bytes_per_s"":null,""backend"":""gpu"",""chunk_depth"":1,""completion_pause_ms"":null,""data_issue"":null,""dataset_version"":1,""dtype"":""u16"",""hostname"":""cw-us-e4a2-l40-234-163"",""input_id"":""jump-scope-fluorescence"",""input_sha256"":""68c0bbe90a5c54a24f1b2f0eb320ac7ee78048267eebc09ca8add8309e083982"",""io_workers"":32,""logical_spatial_shape"":[2000,2000],""memory_budget_bytes"":0,""minimum_logical_gib"":32.0,""nconnect"":16,""output_buffers"":4,""requested_duration_s"":3.0,""requested_warmup_s"":2.0,""sink"":""fs"",""source_order"":""cyclic"",""storage_type"":""nfs"",""study_id"":""reef-l40-final-transfer-3702747"",""timing_policy"":""coverage-qualified-through-final-close-v2"",""worker_threads"":4}",sample,2,2,0,0,"[""reef-l40-final-transfer-3702747/execution-0053"",""reef-l40-final-transfer-3702747/execution-0158""]",6.242123063941513,5.274682371216105,7.2095637566669195,68720000000,53801766912,1.277281471301877,0.7829127897555297,840646206.905031,4.438582590000001,6.066762253,0.023021404952327913,34360000000,34360000000,false,true,,true,false,false,17.755918726236253,measured_shard_write_bytes_per_logical_byte,5,"[16384,65536,262144]",/mnt/main0/home/nclack/tmp/2026-09-07-chucky-microscopy-pr/worktree/build-microscopy-final-20260916/run-3702747/transfer/study.json
,reef-l40,,,,nfs,,,,,,,,,,,,,,,,1248d8faa9f5aa4c2314,e89c9dc473d23dc4,262144,"[1,256,512]","[1024,512,1024]",,,,blosc-zstd,3,bit,,,,,,,,,,151358a17ba6b86cca95,,,,,,,,,,,,,,,,,,,,,,,,,,,,,,,,,,,,,,,,,,,,,,,,,,,,,,,,,write-tradeoffs,5,write-summary.csv,summary_id=151358a17ba6b86cca95,reef-l40-final-transfer-3702747,retained_study,partially_selected_in_current_report,complete,jump-scope-fluorescence,1,68c0bbe90a5c54a24f1b2f0eb320ac7ee78048267eebc09ca8add8309e083982,cw-us-e4a2-l40-234-163,gpu,8,4,fs,16,u16,1073741824,16,8,65536,65536,32,4,3.0,2.0,32.0,true,,"{""allocated_cpus"":8,""arrival_bytes_per_s"":null,""backend"":""gpu"",""chunk_depth"":1,""completion_pause_ms"":null,""data_issue"":null,""dataset_version"":1,""dtype"":""u16"",""hostname"":""cw-us-e4a2-l40-234-163"",""input_id"":""jump-scope-fluorescence"",""input_sha256"":""68c0bbe90a5c54a24f1b2f0eb320ac7ee78048267eebc09ca8add8309e083982"",""io_workers"":32,""logical_spatial_shape"":[2000,2000],""memory_budget_bytes"":0,""minimum_logical_gib"":32.0,""nconnect"":16,""output_buffers"":4,""requested_duration_s"":3.0,""requested_warmup_s"":2.0,""sink"":""fs"",""source_order"":""cyclic"",""storage_type"":""nfs"",""study_id"":""reef-l40-final-transfer-3702747"",""timing_policy"":""coverage-qualified-through-final-close-v2"",""worker_threads"":4}",sample,2,2,0,0,"[""reef-l40-final-transfer-3702747/execution-0066"",""reef-l40-final-transfer-3702747/execution-0208""]",3.5240217808555503,3.503470033169674,3.544573528541426,68720000000,45689225216,1.504074531251513,0.6648606696158323,713888708.0991652,9.027953413,9.133870931,0.009015308850179692,34360000000,34360000000,false,true,,true,true,true,0.0,measured_shard_write_bytes_per_logical_byte,5,"[16384,65536,262144]",/mnt/main0/home/nclack/tmp/2026-09-07-chucky-microscopy-pr/worktree/build-microscopy-final-20260916/run-3702747/transfer/study.json
,reef-turin,,,,nfs,,,,,,,,,,,,,,,,978f191684166aded307,01db6bafb96ecae7,65536,"[1,128,256]","[16384,128,256]",,,,blosc-zstd,3,bit,,,,,,,,,,809e90fb1d2bc98e5843,,,,,,,,,,,,,,,,,,,,,,,,,,,,,,,,,,,,,,,,,,,,,,,,,,,,,,,,,write-tradeoffs,6,write-summary.csv,summary_id=809e90fb1d2bc98e5843,reef-turin-microscopy-pareto-transfer-3710982,retained_study,partially_selected_in_current_report,complete,opencell-dna,1,8b9c2466422678b7b32a0617e504d7d59a6ef7898448cbd938b811c415df0d14,cpu-turin-gp-l-243-179,cpu,40,32,fs,16,u16,1073741824,16,15,65536,,32,4,3.0,2.0,32.0,true,,"{""allocated_cpus"":40,""arrival_bytes_per_s"":null,""backend"":""cpu"",""chunk_depth"":1,""completion_pause_ms"":null,""data_issue"":null,""dataset_version"":1,""dtype"":""u16"",""hostname"":""cpu-turin-gp-l-243-179"",""input_id"":""opencell-dna"",""input_sha256"":""8b9c2466422678b7b32a0617e504d7d59a6ef7898448cbd938b811c415df0d14"",""io_workers"":32,""logical_spatial_shape"":[600,600],""memory_budget_bytes"":0,""minimum_logical_gib"":32.0,""nconnect"":16,""output_buffers"":4,""requested_duration_s"":3.0,""requested_warmup_s"":2.0,""sink"":""fs"",""source_order"":""cyclic"",""storage_type"":""nfs"",""study_id"":""reef-turin-microscopy-pareto-transfer-3710982"",""timing_policy"":""coverage-qualified-through-final-close-v2"",""worker_threads"":32}",sample,3,3,0,0,"[""reef-turin-microscopy-pareto-transfer-3710982/execution-0071"",""reef-turin-microscopy-pareto-transfer-3710982/execution-0099"",""reef-turin-microscopy-pareto-transfer-3710982/execution-0186""]",4.538188159602697,3.872056711635429,4.623970730186894,103086000000,69792059392,1.4770448228357675,0.677027524513513,726952769.0693442,6.920914450000001,8.264886324,0.010599305269551483,34362000000,34362000000,true,true,,true,true,false,0.0,measured_shard_write_bytes_per_logical_byte,8,"[16384,65536,262144]",/mnt/main0/home/nclack/tmp/2026-09-07-chucky-microscopy-pr/worktree/build-microscopy-unified-corrected-20260916/turin-3710982/transfer/study.json
,reef-turin,,,,nfs,,,,,,,,,,,,,,,,978f191684166aded307,15a17e8df90a2c29,16384,"[1,64,128]","[16384,128,256]",,,,blosc-lz4,3,bit,,,,,,,,,,223e9c650af62d69a060,,,,,,,,,,,,,,,,,,,,,,,,,,,,,,,,,,,,,,,,,,,,,,,,,,,,,,,,,write-tradeoffs,6,write-summary.csv,summary_id=223e9c650af62d69a060,reef-turin-microscopy-pareto-transfer-3710982,retained_study,partially_selected_in_current_report,complete,opencell-dna,1,8b9c2466422678b7b32a0617e504d7d59a6ef7898448cbd938b811c415df0d14,cpu-turin-gp-l-243-179,cpu,40,32,fs,16,u16,1073741824,16,15,16384,,32,4,3.0,2.0,32.0,true,,"{""allocated_cpus"":40,""arrival_bytes_per_s"":null,""backend"":""cpu"",""chunk_depth"":1,""completion_pause_ms"":null,""data_issue"":null,""dataset_version"":1,""dtype"":""u16"",""hostname"":""cpu-turin-gp-l-243-179"",""input_id"":""opencell-dna"",""input_sha256"":""8b9c2466422678b7b32a0617e504d7d59a6ef7898448cbd938b811c415df0d14"",""io_workers"":32,""logical_spatial_shape"":[600,600],""memory_budget_bytes"":0,""minimum_logical_gib"":32.0,""nconnect"":16,""output_buffers"":4,""requested_duration_s"":3.0,""requested_warmup_s"":2.0,""sink"":""fs"",""source_order"":""cyclic"",""storage_type"":""nfs"",""study_id"":""reef-turin-microscopy-pareto-transfer-3710982"",""timing_policy"":""coverage-qualified-through-final-close-v2"",""worker_threads"":32}",sample,3,3,0,0,"[""reef-turin-microscopy-pareto-transfer-3710982/execution-0053"",""reef-turin-microscopy-pareto-transfer-3710982/execution-0137"",""reef-turin-microscopy-pareto-transfer-3710982/execution-0248""]",5.388890322031898,4.8650195379409364,6.117286769551575,103083840000,75319332864,1.3686239120855312,0.7306609150765048,784541183.6797553,5.231311952,6.57786349,0.02436066921057511,34361280000,34361280000,false,true,,true,true,true,7.921892186219564,measured_shard_write_bytes_per_logical_byte,8,"[16384,65536,262144]",/mnt/main0/home/nclack/tmp/2026-09-07-chucky-microscopy-pr/worktree/build-microscopy-unified-corrected-20260916/turin-3710982/transfer/study.json
,reef-turin,,,,nfs,,,,,,,,,,,,,,,,978f191684166aded307,560d53022fb79926,262144,"[1,256,512]","[4096,256,512]",,,,blosc-zstd,3,bit,,,,,,,,,,6ce7a306d9d548808723,,,,,,,,,,,,,,,,,,,,,,,,,,,,,,,,,,,,,,,,,,,,,,,,,,,,,,,,,write-tradeoffs,6,write-summary.csv,summary_id=6ce7a306d9d548808723,reef-turin-microscopy-pareto-transfer-3710982,retained_study,partially_selected_in_current_report,complete,opencell-dna,1,8b9c2466422678b7b32a0617e504d7d59a6ef7898448cbd938b811c415df0d14,cpu-turin-gp-l-243-179,cpu,40,32,fs,16,u16,1073741824,16,6,65536,,32,4,3.0,2.0,32.0,true,,"{""allocated_cpus"":40,""arrival_bytes_per_s"":null,""backend"":""cpu"",""chunk_depth"":1,""completion_pause_ms"":null,""data_issue"":null,""dataset_version"":1,""dtype"":""u16"",""hostname"":""cpu-turin-gp-l-243-179"",""input_id"":""opencell-dna"",""input_sha256"":""8b9c2466422678b7b32a0617e504d7d59a6ef7898448cbd938b811c415df0d14"",""io_workers"":32,""logical_spatial_shape"":[600,600],""memory_budget_bytes"":0,""minimum_logical_gib"":32.0,""nconnect"":16,""output_buffers"":4,""requested_duration_s"":3.0,""requested_warmup_s"":2.0,""sink"":""fs"",""source_order"":""cyclic"",""storage_type"":""nfs"",""study_id"":""reef-turin-microscopy-pareto-transfer-3710982"",""timing_policy"":""coverage-qualified-through-final-close-v2"",""worker_threads"":32}",sample,3,3,0,0,"[""reef-turin-microscopy-pareto-transfer-3710982/execution-0033"",""reef-turin-microscopy-pareto-transfer-3710982/execution-0173"",""reef-turin-microscopy-pareto-transfer-3710982/execution-0253""]",2.594943256363851,2.423342722540059,2.9783533933731112,103083840000,69982281728,1.4729991285602229,0.6788870275690156,728949395.2718931,10.744673544000001,13.2054932,0.004231047580350757,34361280000,34361280000,false,true,,false,true,false,0.27465693611775216,measured_shard_write_bytes_per_logical_byte,8,"[16384,65536,262144]",/mnt/main0/home/nclack/tmp/2026-09-07-chucky-microscopy-pr/worktree/build-microscopy-unified-corrected-20260916/turin-3710982/transfer/study.json
,reef-turin,,,,nfs,,,,,,,,,,,,,,,,978f191684166aded307,6173e0f9989e82c4,65536,"[1,128,256]","[16384,128,256]",,,,zstd,3,none,,,,,,,,,,7c6dbadb8de09374e9cf,,,,,,,,,,,,,,,,,,,,,,,,,,,,,,,,,,,,,,,,,,,,,,,,,,,,,,,,,write-tradeoffs,6,write-summary.csv,summary_id=7c6dbadb8de09374e9cf,reef-turin-microscopy-pareto-transfer-3710982,retained_study,partially_selected_in_current_report,complete,opencell-dna,1,8b9c2466422678b7b32a0617e504d7d59a6ef7898448cbd938b811c415df0d14,cpu-turin-gp-l-243-179,cpu,40,32,fs,16,u16,1073741824,16,15,,,32,4,3.0,2.0,32.0,true,,"{""allocated_cpus"":40,""arrival_bytes_per_s"":null,""backend"":""cpu"",""chunk_depth"":1,""completion_pause_ms"":null,""data_issue"":null,""dataset_version"":1,""dtype"":""u16"",""hostname"":""cpu-turin-gp-l-243-179"",""input_id"":""opencell-dna"",""input_sha256"":""8b9c2466422678b7b32a0617e504d7d59a6ef7898448cbd938b811c415df0d14"",""io_workers"":32,""logical_spatial_shape"":[600,600],""memory_budget_bytes"":0,""minimum_logical_gib"":32.0,""nconnect"":16,""output_buffers"":4,""requested_duration_s"":3.0,""requested_warmup_s"":2.0,""sink"":""fs"",""source_order"":""cyclic"",""storage_type"":""nfs"",""study_id"":""reef-turin-microscopy-pareto-transfer-3710982"",""timing_policy"":""coverage-qualified-through-final-close-v2"",""worker_threads"":32}",sample,3,3,0,0,"[""reef-turin-microscopy-pareto-transfer-3710982/execution-0087"",""reef-turin-microscopy-pareto-transfer-3710982/execution-0159"",""reef-turin-microscopy-pareto-transfer-3710982/execution-0218""]",5.116529591901583,4.209602093711635,5.277969761477264,103086000000,78011531264,1.321420030215086,0.7567616481772501,812566632.4470868,6.063336555,7.602168823,0.011341001723008127,34362000000,34362000000,true,true,,false,false,false,11.77708745608697,measured_shard_write_bytes_per_logical_byte,8,"[16384,65536,262144]",/mnt/main0/home/nclack/tmp/2026-09-07-chucky-microscopy-pr/worktree/build-microscopy-unified-corrected-20260916/turin-3710982/transfer/study.json
,reef-turin,,,,nfs,,,,,,,,,,,,,,,,978f191684166aded307,820f907a4cc288d6,262144,"[1,256,512]","[4096,256,512]",,,,lz4,1,none,,,,,,,,,,4d73f578a49346a5b2af,,,,,,,,,,,,,,,,,,,,,,,,,,,,,,,,,,,,,,,,,,,,,,,,,,,,,,,,,write-tradeoffs,6,write-summary.csv,summary_id=4d73f578a49346a5b2af,reef-turin-microscopy-pareto-transfer-3710982,retained_study,partially_selected_in_current_report,complete,opencell-dna,1,8b9c2466422678b7b32a0617e504d7d59a6ef7898448cbd938b811c415df0d14,cpu-turin-gp-l-243-179,cpu,40,32,fs,16,u16,1073741824,16,6,,,32,4,3.0,2.0,32.0,true,,"{""allocated_cpus"":40,""arrival_bytes_per_s"":null,""backend"":""cpu"",""chunk_depth"":1,""completion_pause_ms"":null,""data_issue"":null,""dataset_version"":1,""dtype"":""u16"",""hostname"":""cpu-turin-gp-l-243-179"",""input_id"":""opencell-dna"",""input_sha256"":""8b9c2466422678b7b32a0617e504d7d59a6ef7898448cbd938b811c415df0d14"",""io_workers"":32,""logical_spatial_shape"":[600,600],""memory_budget_bytes"":0,""minimum_logical_gib"":32.0,""nconnect"":16,""output_buffers"":4,""requested_duration_s"":3.0,""requested_warmup_s"":2.0,""sink"":""fs"",""source_order"":""cyclic"",""storage_type"":""nfs"",""study_id"":""reef-turin-microscopy-pareto-transfer-3710982"",""timing_policy"":""coverage-qualified-through-final-close-v2"",""worker_threads"":32}",sample,3,3,0,0,"[""reef-turin-microscopy-pareto-transfer-3710982/execution-0041"",""reef-turin-microscopy-pareto-transfer-3710982/execution-0144"",""reef-turin-microscopy-pareto-transfer-3710982/execution-0242""]",2.2238602423309684,2.0368517765055607,2.3097754431195563,103083840000,101182275584,1.0187934537449828,0.9815532248701639,1053934750.025172,13.854781969000001,15.711224391,0.004769567514512793,34361280000,34361280000,false,true,,false,false,false,44.97981091322275,measured_shard_write_bytes_per_logical_byte,8,"[16384,65536,262144]",/mnt/main0/home/nclack/tmp/2026-09-07-chucky-microscopy-pr/worktree/build-microscopy-unified-corrected-20260916/turin-3710982/transfer/study.json
,reef-turin,,,,nfs,,,,,,,,,,,,,,,,978f191684166aded307,864e2437e1e48340,16384,"[1,64,128]","[16384,128,256]",,,,blosc-lz4,3,bit,,,,,,,,,,348fba091f078d0268a9,,,,,,,,,,,,,,,,,,,,,,,,,,,,,,,,,,,,,,,,,,,,,,,,,,,,,,,,,write-tradeoffs,6,write-summary.csv,summary_id=348fba091f078d0268a9,reef-turin-microscopy-pareto-transfer-3710982,retained_study,partially_selected_in_current_report,complete,opencell-dna,1,8b9c2466422678b7b32a0617e504d7d59a6ef7898448cbd938b811c415df0d14,cpu-turin-gp-l-243-179,cpu,40,32,fs,16,u16,1073741824,16,15,4096,,32,4,3.0,2.0,32.0,true,,"{""allocated_cpus"":40,""arrival_bytes_per_s"":null,""backend"":""cpu"",""chunk_depth"":1,""completion_pause_ms"":null,""data_issue"":null,""dataset_version"":1,""dtype"":""u16"",""hostname"":""cpu-turin-gp-l-243-179"",""input_id"":""opencell-dna"",""input_sha256"":""8b9c2466422678b7b32a0617e504d7d59a6ef7898448cbd938b811c415df0d14"",""io_workers"":32,""logical_spatial_shape"":[600,600],""memory_budget_bytes"":0,""minimum_logical_gib"":32.0,""nconnect"":16,""output_buffers"":4,""requested_duration_s"":3.0,""requested_warmup_s"":2.0,""sink"":""fs"",""source_order"":""cyclic"",""storage_type"":""nfs"",""study_id"":""reef-turin-microscopy-pareto-transfer-3710982"",""timing_policy"":""coverage-qualified-through-final-close-v2"",""worker_threads"":32}",sample,3,3,0,0,"[""reef-turin-microscopy-pareto-transfer-3710982/execution-0029"",""reef-turin-microscopy-pareto-transfer-3710982/execution-0125"",""reef-turin-microscopy-pareto-transfer-3710982/execution-0240""]",4.587672291942479,4.587563109214641,6.348906886329819,103083840000,75272048640,1.3694836511360826,0.7302022183108429,784048661.7779306,5.040463875,6.975693513000001,0.022623047974498933,34361280000,34361280000,false,true,,true,true,false,7.854140617922335,measured_shard_write_bytes_per_logical_byte,8,"[16384,65536,262144]",/mnt/main0/home/nclack/tmp/2026-09-07-chucky-microscopy-pr/worktree/build-microscopy-unified-corrected-20260916/turin-3710982/transfer/study.json
,reef-turin,,,,nfs,,,,,,,,,,,,,,,,978f191684166aded307,b6275128cdfe498a,16384,"[1,64,128]","[16384,128,256]",,,,none,0,none,,,,,,,,,,b6d1c079d6b6a3a5572b,,,,,,,,,,,,,,,,,,,,,,,,,,,,,,,,,,,,,,,,,,,,,,,,,,,,,,,,,write-tradeoffs,6,write-summary.csv,summary_id=b6d1c079d6b6a3a5572b,reef-turin-microscopy-pareto-transfer-3710982,retained_study,partially_selected_in_current_report,complete,opencell-dna,1,8b9c2466422678b7b32a0617e504d7d59a6ef7898448cbd938b811c415df0d14,cpu-turin-gp-l-243-179,cpu,40,32,fs,16,u16,1073741824,16,15,,,32,4,3.0,2.0,32.0,true,,"{""allocated_cpus"":40,""arrival_bytes_per_s"":null,""backend"":""cpu"",""chunk_depth"":1,""completion_pause_ms"":null,""data_issue"":null,""dataset_version"":1,""dtype"":""u16"",""hostname"":""cpu-turin-gp-l-243-179"",""input_id"":""opencell-dna"",""input_sha256"":""8b9c2466422678b7b32a0617e504d7d59a6ef7898448cbd938b811c415df0d14"",""io_workers"":32,""logical_spatial_shape"":[600,600],""memory_budget_bytes"":0,""minimum_logical_gib"":32.0,""nconnect"":16,""output_buffers"":4,""requested_duration_s"":3.0,""requested_warmup_s"":2.0,""sink"":""fs"",""source_order"":""cyclic"",""storage_type"":""nfs"",""study_id"":""reef-turin-microscopy-pareto-transfer-3710982"",""timing_policy"":""coverage-qualified-through-final-close-v2"",""worker_threads"":32}",sample,3,3,0,0,"[""reef-turin-microscopy-pareto-transfer-3710982/execution-0051"",""reef-turin-microscopy-pareto-transfer-3710982/execution-0124"",""reef-turin-microscopy-pareto-transfer-3710982/execution-0227""]",4.087229168650602,3.579834295328077,4.350294252294031,103083840000,117475983360,0.877488632583769,1.1396159025507782,1223653257.8642788,7.356154661000001,8.939362795000001,0.01279686652686128,34361280000,34361280000,false,true,,false,false,false,68.32637688839372,measured_shard_write_bytes_per_logical_byte,8,"[16384,65536,262144]",/mnt/main0/home/nclack/tmp/2026-09-07-chucky-microscopy-pr/worktree/build-microscopy-unified-corrected-20260916/turin-3710982/transfer/study.json
,reef-turin,,,,nfs,,,,,,,,,,,,,,,,978f191684166aded307,bd399a55b216592e,65536,"[1,128,256]","[16384,128,256]",,,,lz4,1,none,,,,,,,,,,ae6bf590ad6ade220c60,,,,,,,,,,,,,,,,,,,,,,,,,,,,,,,,,,,,,,,,,,,,,,,,,,,,,,,,,write-tradeoffs,6,write-summary.csv,summary_id=ae6bf590ad6ade220c60,reef-turin-microscopy-pareto-transfer-3710982,retained_study,partially_selected_in_current_report,complete,opencell-dna,1,8b9c2466422678b7b32a0617e504d7d59a6ef7898448cbd938b811c415df0d14,cpu-turin-gp-l-243-179,cpu,40,32,fs,16,u16,1073741824,16,15,,,32,4,3.0,2.0,32.0,true,,"{""allocated_cpus"":40,""arrival_bytes_per_s"":null,""backend"":""cpu"",""chunk_depth"":1,""completion_pause_ms"":null,""data_issue"":null,""dataset_version"":1,""dtype"":""u16"",""hostname"":""cpu-turin-gp-l-243-179"",""input_id"":""opencell-dna"",""input_sha256"":""8b9c2466422678b7b32a0617e504d7d59a6ef7898448cbd938b811c415df0d14"",""io_workers"":32,""logical_spatial_shape"":[600,600],""memory_budget_bytes"":0,""minimum_logical_gib"":32.0,""nconnect"":16,""output_buffers"":4,""requested_duration_s"":3.0,""requested_warmup_s"":2.0,""sink"":""fs"",""source_order"":""cyclic"",""storage_type"":""nfs"",""study_id"":""reef-turin-microscopy-pareto-transfer-3710982"",""timing_policy"":""coverage-qualified-through-final-close-v2"",""worker_threads"":32}",sample,3,3,0,0,"[""reef-turin-microscopy-pareto-transfer-3710982/execution-0014"",""reef-turin-microscopy-pareto-transfer-3710982/execution-0142"",""reef-turin-microscopy-pareto-transfer-3710982/execution-0236""]",2.7004367863778955,2.6854044386852713,2.7531903804267133,103086000000,101349654528,1.0171322288180105,0.9831563406088121,1055656082.4424711,11.623644796,11.917052763000001,0.00830556270651967,34362000000,34362000000,true,true,,false,false,false,45.21659829344043,measured_shard_write_bytes_per_logical_byte,8,"[16384,65536,262144]",/mnt/main0/home/nclack/tmp/2026-09-07-chucky-microscopy-pr/worktree/build-microscopy-unified-corrected-20260916/turin-3710982/transfer/study.json
,reef-l40,,,,nfs,,,,,,,,,,,,,,,,3c186de5de77c708f2fe,1c3d143c38873340,65536,"[1,128,256]","[16384,128,256]",,,,lz4,1,none,,,,,,,,,,0efa3eb11c299cfa4d3c,,,,,,,,,,,,,,,,,,,,,,,,,,,,,,,,,,,,,,,,,,,,,,,,,,,,,,,,,write-tradeoffs,6,write-summary.csv,summary_id=0efa3eb11c299cfa4d3c,reef-l40-final-transfer-3702747,retained_study,partially_selected_in_current_report,complete,opencell-dna,1,8b9c2466422678b7b32a0617e504d7d59a6ef7898448cbd938b811c415df0d14,cw-us-e4a2-l40-234-163,gpu,8,4,fs,16,u16,1073741824,16,15,,,32,4,3.0,2.0,32.0,true,,"{""allocated_cpus"":8,""arrival_bytes_per_s"":null,""backend"":""gpu"",""chunk_depth"":1,""completion_pause_ms"":null,""data_issue"":null,""dataset_version"":1,""dtype"":""u16"",""hostname"":""cw-us-e4a2-l40-234-163"",""input_id"":""opencell-dna"",""input_sha256"":""8b9c2466422678b7b32a0617e504d7d59a6ef7898448cbd938b811c415df0d14"",""io_workers"":32,""logical_spatial_shape"":[600,600],""memory_budget_bytes"":0,""minimum_logical_gib"":32.0,""nconnect"":16,""output_buffers"":4,""requested_duration_s"":3.0,""requested_warmup_s"":2.0,""sink"":""fs"",""source_order"":""cyclic"",""storage_type"":""nfs"",""study_id"":""reef-l40-final-transfer-3702747"",""timing_policy"":""coverage-qualified-through-final-close-v2"",""worker_threads"":4}",sample,2,2,0,0,"[""reef-l40-final-transfer-3702747/execution-0115"",""reef-l40-final-transfer-3702747/execution-0161""]",4.126783748375217,3.859439447704912,4.3941280490455235,68724000000,67829936128,1.0131809629057122,0.9869905146382632,1059772995.4583874,7.28292505,8.291905211,0.025380450988180155,34362000000,34362000000,true,true,,false,false,false,46.771542984973166,measured_shard_write_bytes_per_logical_byte,5,"[16384,65536,262144]",/mnt/main0/home/nclack/tmp/2026-09-07-chucky-microscopy-pr/worktree/build-microscopy-final-20260916/run-3702747/transfer/study.json
,reef-l40,,,,nfs,,,,,,,,,,,,,,,,3c186de5de77c708f2fe,3014b05ed2bcc75f,65536,"[1,128,256]","[16384,128,256]",,,,zstd,3,none,,,,,,,,,,fc40aea77d269dded9f9,,,,,,,,,,,,,,,,,,,,,,,,,,,,,,,,,,,,,,,,,,,,,,,,,,,,,,,,,write-tradeoffs,6,write-summary.csv,summary_id=fc40aea77d269dded9f9,reef-l40-final-transfer-3702747,retained_study,partially_selected_in_current_report,complete,opencell-dna,1,8b9c2466422678b7b32a0617e504d7d59a6ef7898448cbd938b811c415df0d14,cw-us-e4a2-l40-234-163,gpu,8,4,fs,16,u16,1073741824,16,15,,,32,4,3.0,2.0,32.0,true,,"{""allocated_cpus"":8,""arrival_bytes_per_s"":null,""backend"":""gpu"",""chunk_depth"":1,""completion_pause_ms"":null,""data_issue"":null,""dataset_version"":1,""dtype"":""u16"",""hostname"":""cw-us-e4a2-l40-234-163"",""input_id"":""opencell-dna"",""input_sha256"":""8b9c2466422678b7b32a0617e504d7d59a6ef7898448cbd938b811c415df0d14"",""io_workers"":32,""logical_spatial_shape"":[600,600],""memory_budget_bytes"":0,""minimum_logical_gib"":32.0,""nconnect"":16,""output_buffers"":4,""requested_duration_s"":3.0,""requested_warmup_s"":2.0,""sink"":""fs"",""source_order"":""cyclic"",""storage_type"":""nfs"",""study_id"":""reef-l40-final-transfer-3702747"",""timing_policy"":""coverage-qualified-through-final-close-v2"",""worker_threads"":4}",sample,2,2,0,0,"[""reef-l40-final-transfer-3702747/execution-0034"",""reef-l40-final-transfer-3702747/execution-0133""]",2.4753668691141932,2.4697187224924098,2.481015015735977,68724000000,51876937728,1.3247505155437689,0.7548591136720796,810523801.5772821,12.898796242,12.957794493000002,0.009689656595109675,34362000000,34362000000,true,true,,false,false,false,12.252179941694907,measured_shard_write_bytes_per_logical_byte,5,"[16384,65536,262144]",/mnt/main0/home/nclack/tmp/2026-09-07-chucky-microscopy-pr/worktree/build-microscopy-final-20260916/run-3702747/transfer/study.json
,reef-l40,,,,nfs,,,,,,,,,,,,,,,,3c186de5de77c708f2fe,8c5b179daaff1b94,262144,"[1,256,512]","[4096,256,512]",,,,blosc-zstd,3,bit,,,,,,,,,,54b649a028fdd4e36285,,,,,,,,,,,,,,,,,,,,,,,,,,,,,,,,,,,,,,,,,,,,,,,,,,,,,,,,,write-tradeoffs,6,write-summary.csv,summary_id=54b649a028fdd4e36285,reef-l40-final-transfer-3702747,retained_study,partially_selected_in_current_report,complete,opencell-dna,1,8b9c2466422678b7b32a0617e504d7d59a6ef7898448cbd938b811c415df0d14,cw-us-e4a2-l40-234-163,gpu,8,4,fs,16,u16,1073741824,16,6,65536,65536,32,4,3.0,2.0,32.0,true,,"{""allocated_cpus"":8,""arrival_bytes_per_s"":null,""backend"":""gpu"",""chunk_depth"":1,""completion_pause_ms"":null,""data_issue"":null,""dataset_version"":1,""dtype"":""u16"",""hostname"":""cw-us-e4a2-l40-234-163"",""input_id"":""opencell-dna"",""input_sha256"":""8b9c2466422678b7b32a0617e504d7d59a6ef7898448cbd938b811c415df0d14"",""io_workers"":32,""logical_spatial_shape"":[600,600],""memory_budget_bytes"":0,""minimum_logical_gib"":32.0,""nconnect"":16,""output_buffers"":4,""requested_duration_s"":3.0,""requested_warmup_s"":2.0,""sink"":""fs"",""source_order"":""cyclic"",""storage_type"":""nfs"",""study_id"":""reef-l40-final-transfer-3702747"",""timing_policy"":""coverage-qualified-through-final-close-v2"",""worker_threads"":4}",sample,2,2,0,0,"[""reef-l40-final-transfer-3702747/execution-0024"",""reef-l40-final-transfer-3702747/execution-0138""]",3.4628780282931384,3.390803067815166,3.534952988771111,68722560000,46213668864,1.4870613324867226,0.6724672198474562,722056179.2192166,9.052859902000002,9.437715744,0.005136669854989422,34361280000,34361280000,false,true,,true,true,true,0.0,measured_shard_write_bytes_per_logical_byte,5,"[16384,65536,262144]",/mnt/main0/home/nclack/tmp/2026-09-07-chucky-microscopy-pr/worktree/build-microscopy-final-20260916/run-3702747/transfer/study.json
,reef-l40,,,,nfs,,,,,,,,,,,,,,,,3c186de5de77c708f2fe,a2097c39000a7504,16384,"[1,64,128]","[16384,128,256]",,,,none,0,none,,,,,,,,,,10453402936e5f58ec34,,,,,,,,,,,,,,,,,,,,,,,,,,,,,,,,,,,,,,,,,,,,,,,,,,,,,,,,,write-tradeoffs,6,write-summary.csv,summary_id=10453402936e5f58ec34,reef-l40-final-transfer-3702747,retained_study,partially_selected_in_current_report,complete,opencell-dna,1,8b9c2466422678b7b32a0617e504d7d59a6ef7898448cbd938b811c415df0d14,cw-us-e4a2-l40-234-163,gpu,8,4,fs,16,u16,1073741824,16,15,,,32,4,3.0,2.0,32.0,true,,"{""allocated_cpus"":8,""arrival_bytes_per_s"":null,""backend"":""gpu"",""chunk_depth"":1,""completion_pause_ms"":null,""data_issue"":null,""dataset_version"":1,""dtype"":""u16"",""hostname"":""cw-us-e4a2-l40-234-163"",""input_id"":""opencell-dna"",""input_sha256"":""8b9c2466422678b7b32a0617e504d7d59a6ef7898448cbd938b811c415df0d14"",""io_workers"":32,""logical_spatial_shape"":[600,600],""memory_budget_bytes"":0,""minimum_logical_gib"":32.0,""nconnect"":16,""output_buffers"":4,""requested_duration_s"":3.0,""requested_warmup_s"":2.0,""sink"":""fs"",""source_order"":""cyclic"",""storage_type"":""nfs"",""study_id"":""reef-l40-final-transfer-3702747"",""timing_policy"":""coverage-qualified-through-final-close-v2"",""worker_threads"":4}",sample,2,2,0,0,"[""reef-l40-final-transfer-3702747/execution-0057"",""reef-l40-final-transfer-3702747/execution-0202""]",4.026797302288912,3.7357263437425114,4.317868260835314,68722560000,78317322240,0.877488632583769,1.1396159025507782,1223653257.8642788,7.411396917,8.566322658999999,0.009445455342022274,34361280000,34361280000,false,true,,false,false,false,69.4678742570219,measured_shard_write_bytes_per_logical_byte,5,"[16384,65536,262144]",/mnt/main0/home/nclack/tmp/2026-09-07-chucky-microscopy-pr/worktree/build-microscopy-final-20260916/run-3702747/transfer/study.json
,reef-l40,,,,nfs,,,,,,,,,,,,,,,,3c186de5de77c708f2fe,d84dd2b538beae24,16384,"[1,64,128]","[16384,128,256]",,,,blosc-lz4,3,bit,,,,,,,,,,4d48df520cae8cfff784,,,,,,,,,,,,,,,,,,,,,,,,,,,,,,,,,,,,,,,,,,,,,,,,,,,,,,,,,write-tradeoffs,6,write-summary.csv,summary_id=4d48df520cae8cfff784,reef-l40-final-transfer-3702747,retained_study,partially_selected_in_current_report,complete,opencell-dna,1,8b9c2466422678b7b32a0617e504d7d59a6ef7898448cbd938b811c415df0d14,cw-us-e4a2-l40-234-163,gpu,8,4,fs,16,u16,1073741824,16,15,4096,4096,32,4,3.0,2.0,32.0,true,,"{""allocated_cpus"":8,""arrival_bytes_per_s"":null,""backend"":""gpu"",""chunk_depth"":1,""completion_pause_ms"":null,""data_issue"":null,""dataset_version"":1,""dtype"":""u16"",""hostname"":""cw-us-e4a2-l40-234-163"",""input_id"":""opencell-dna"",""input_sha256"":""8b9c2466422678b7b32a0617e504d7d59a6ef7898448cbd938b811c415df0d14"",""io_workers"":32,""logical_spatial_shape"":[600,600],""memory_budget_bytes"":0,""minimum_logical_gib"":32.0,""nconnect"":16,""output_buffers"":4,""requested_duration_s"":3.0,""requested_warmup_s"":2.0,""sink"":""fs"",""source_order"":""cyclic"",""storage_type"":""nfs"",""study_id"":""reef-l40-final-transfer-3702747"",""timing_policy"":""coverage-qualified-through-final-close-v2"",""worker_threads"":4}",sample,2,2,0,0,"[""reef-l40-final-transfer-3702747/execution-0049"",""reef-l40-final-transfer-3702747/execution-0217""]",4.972511928745765,4.821893163666815,5.123130693824714,68722560000,52957519872,1.2976921911393244,0.7705987651216718,827424123.6338915,6.246461069,6.636695475000001,0.012634232251526245,34361280000,34361280000,false,true,,true,false,false,14.592762647445623,measured_shard_write_bytes_per_logical_byte,5,"[16384,65536,262144]",/mnt/main0/home/nclack/tmp/2026-09-07-chucky-microscopy-pr/worktree/build-microscopy-final-20260916/run-3702747/transfer/study.json
,reef-turin,,,,nfs,,,,,,,,,,,,,,,,1520f15090443f4dab43,280a56eb5248a220,262144,"[1,256,512]","[4096,256,512]",,,,blosc-zstd,3,bit,,,,,,,,,,ca39b5a90839c4b9e028,,,,,,,,,,,,,,,,,,,,,,,,,,,,,,,,,,,,,,,,,,,,,,,,,,,,,,,,,write-tradeoffs,7,write-summary.csv,summary_id=ca39b5a90839c4b9e028,reef-turin-microscopy-pareto-transfer-3710982,retained_study,partially_selected_in_current_report,complete,opencell-protein,1,cc711313f4f5758d252af98a03bf5ef9b6120bac7e0fb3bfc053e8d3687e4046,cpu-turin-gp-l-243-179,cpu,40,32,fs,16,u16,1073741824,16,6,65536,,32,4,3.0,2.0,32.0,true,,"{""allocated_cpus"":40,""arrival_bytes_per_s"":null,""backend"":""cpu"",""chunk_depth"":1,""completion_pause_ms"":null,""data_issue"":null,""dataset_version"":1,""dtype"":""u16"",""hostname"":""cpu-turin-gp-l-243-179"",""input_id"":""opencell-protein"",""input_sha256"":""cc711313f4f5758d252af98a03bf5ef9b6120bac7e0fb3bfc053e8d3687e4046"",""io_workers"":32,""logical_spatial_shape"":[600,600],""memory_budget_bytes"":0,""minimum_logical_gib"":32.0,""nconnect"":16,""output_buffers"":4,""requested_duration_s"":3.0,""requested_warmup_s"":2.0,""sink"":""fs"",""source_order"":""cyclic"",""storage_type"":""nfs"",""study_id"":""reef-turin-microscopy-pareto-transfer-3710982"",""timing_policy"":""coverage-qualified-through-final-close-v2"",""worker_threads"":32}",sample,3,3,0,0,"[""reef-turin-microscopy-pareto-transfer-3710982/execution-0060"",""reef-turin-microscopy-pareto-transfer-3710982/execution-0101"",""reef-turin-microscopy-pareto-transfer-3710982/execution-0202""]",3.023225817939611,2.359539105139418,3.1697195304061254,103083840000,74291593216,1.3875572664095066,0.7206909755787134,773836042.6582272,10.095983929,13.562579592000002,0.007115909060173411,34361280000,34361280000,false,true,,false,true,false,0.328094275796492,measured_shard_write_bytes_per_logical_byte,8,"[16384,65536,262144]",/mnt/main0/home/nclack/tmp/2026-09-07-chucky-microscopy-pr/worktree/build-microscopy-unified-corrected-20260916/turin-3710982/transfer/study.json
,reef-turin,,,,nfs,,,,,,,,,,,,,,,,1520f15090443f4dab43,2a48e27f4dd543ed,262144,"[1,256,512]","[4096,256,512]",,,,lz4,1,none,,,,,,,,,,13330cfb6fbd408dd0d5,,,,,,,,,,,,,,,,,,,,,,,,,,,,,,,,,,,,,,,,,,,,,,,,,,,,,,,,,write-tradeoffs,7,write-summary.csv,summary_id=13330cfb6fbd408dd0d5,reef-turin-microscopy-pareto-transfer-3710982,retained_study,partially_selected_in_current_report,complete,opencell-protein,1,cc711313f4f5758d252af98a03bf5ef9b6120bac7e0fb3bfc053e8d3687e4046,cpu-turin-gp-l-243-179,cpu,40,32,fs,16,u16,1073741824,16,6,,,32,4,3.0,2.0,32.0,true,,"{""allocated_cpus"":40,""arrival_bytes_per_s"":null,""backend"":""cpu"",""chunk_depth"":1,""completion_pause_ms"":null,""data_issue"":null,""dataset_version"":1,""dtype"":""u16"",""hostname"":""cpu-turin-gp-l-243-179"",""input_id"":""opencell-protein"",""input_sha256"":""cc711313f4f5758d252af98a03bf5ef9b6120bac7e0fb3bfc053e8d3687e4046"",""io_workers"":32,""logical_spatial_shape"":[600,600],""memory_budget_bytes"":0,""minimum_logical_gib"":32.0,""nconnect"":16,""output_buffers"":4,""requested_duration_s"":3.0,""requested_warmup_s"":2.0,""sink"":""fs"",""source_order"":""cyclic"",""storage_type"":""nfs"",""study_id"":""reef-turin-microscopy-pareto-transfer-3710982"",""timing_policy"":""coverage-qualified-through-final-close-v2"",""worker_threads"":32}",sample,3,3,0,0,"[""reef-turin-microscopy-pareto-transfer-3710982/execution-0089"",""reef-turin-microscopy-pareto-transfer-3710982/execution-0172"",""reef-turin-microscopy-pareto-transfer-3710982/execution-0230""]",2.218153713216433,1.9292403153363218,2.269217488508568,103083840000,102908964864,1.0016993187739387,0.9983035640115852,1071920289.7275002,14.10241002,16.587583839,0.006828122133978345,34361280000,34361280000,false,true,,false,false,false,38.97481372732795,measured_shard_write_bytes_per_logical_byte,8,"[16384,65536,262144]",/mnt/main0/home/nclack/tmp/2026-09-07-chucky-microscopy-pr/worktree/build-microscopy-unified-corrected-20260916/turin-3710982/transfer/study.json
,reef-turin,,,,nfs,,,,,,,,,,,,,,,,1520f15090443f4dab43,4c603c9c98111f4e,65536,"[1,128,256]","[16384,128,256]",,,,lz4,1,none,,,,,,,,,,9f09efc2fd9a66b6c8ff,,,,,,,,,,,,,,,,,,,,,,,,,,,,,,,,,,,,,,,,,,,,,,,,,,,,,,,,,write-tradeoffs,7,write-summary.csv,summary_id=9f09efc2fd9a66b6c8ff,reef-turin-microscopy-pareto-transfer-3710982,retained_study,partially_selected_in_current_report,complete,opencell-protein,1,cc711313f4f5758d252af98a03bf5ef9b6120bac7e0fb3bfc053e8d3687e4046,cpu-turin-gp-l-243-179,cpu,40,32,fs,16,u16,1073741824,16,15,,,32,4,3.0,2.0,32.0,true,,"{""allocated_cpus"":40,""arrival_bytes_per_s"":null,""backend"":""cpu"",""chunk_depth"":1,""completion_pause_ms"":null,""data_issue"":null,""dataset_version"":1,""dtype"":""u16"",""hostname"":""cpu-turin-gp-l-243-179"",""input_id"":""opencell-protein"",""input_sha256"":""cc711313f4f5758d252af98a03bf5ef9b6120bac7e0fb3bfc053e8d3687e4046"",""io_workers"":32,""logical_spatial_shape"":[600,600],""memory_budget_bytes"":0,""minimum_logical_gib"":32.0,""nconnect"":16,""output_buffers"":4,""requested_duration_s"":3.0,""requested_warmup_s"":2.0,""sink"":""fs"",""source_order"":""cyclic"",""storage_type"":""nfs"",""study_id"":""reef-turin-microscopy-pareto-transfer-3710982"",""timing_policy"":""coverage-qualified-through-final-close-v2"",""worker_threads"":32}",sample,3,3,0,0,"[""reef-turin-microscopy-pareto-transfer-3710982/execution-0077"",""reef-turin-microscopy-pareto-transfer-3710982/execution-0151"",""reef-turin-microscopy-pareto-transfer-3710982/execution-0252""]",2.9526890705661883,2.940972783374794,3.4240538012041246,103086000000,102905020416,1.0017587050978503,0.9982443825155696,1071856744.0800214,9.346263106,10.881469834,0.006739088847250303,34362000000,34362000000,true,true,,false,false,false,38.966575013492424,measured_shard_write_bytes_per_logical_byte,8,"[16384,65536,262144]",/mnt/main0/home/nclack/tmp/2026-09-07-chucky-microscopy-pr/worktree/build-microscopy-unified-corrected-20260916/turin-3710982/transfer/study.json
,reef-turin,,,,nfs,,,,,,,,,,,,,,,,1520f15090443f4dab43,4f394758a1f07893,16384,"[1,64,128]","[16384,128,256]",,,,blosc-lz4,3,bit,,,,,,,,,,21786a3f04ad9b9f91c9,,,,,,,,,,,,,,,,,,,,,,,,,,,,,,,,,,,,,,,,,,,,,,,,,,,,,,,,,write-tradeoffs,7,write-summary.csv,summary_id=21786a3f04ad9b9f91c9,reef-turin-microscopy-pareto-transfer-3710982,retained_study,partially_selected_in_current_report,complete,opencell-protein,1,cc711313f4f5758d252af98a03bf5ef9b6120bac7e0fb3bfc053e8d3687e4046,cpu-turin-gp-l-243-179,cpu,40,32,fs,16,u16,1073741824,16,15,16384,,32,4,3.0,2.0,32.0,true,,"{""allocated_cpus"":40,""arrival_bytes_per_s"":null,""backend"":""cpu"",""chunk_depth"":1,""completion_pause_ms"":null,""data_issue"":null,""dataset_version"":1,""dtype"":""u16"",""hostname"":""cpu-turin-gp-l-243-179"",""input_id"":""opencell-protein"",""input_sha256"":""cc711313f4f5758d252af98a03bf5ef9b6120bac7e0fb3bfc053e8d3687e4046"",""io_workers"":32,""logical_spatial_shape"":[600,600],""memory_budget_bytes"":0,""minimum_logical_gib"":32.0,""nconnect"":16,""output_buffers"":4,""requested_duration_s"":3.0,""requested_warmup_s"":2.0,""sink"":""fs"",""source_order"":""cyclic"",""storage_type"":""nfs"",""study_id"":""reef-turin-microscopy-pareto-transfer-3710982"",""timing_policy"":""coverage-qualified-through-final-close-v2"",""worker_threads"":32}",sample,3,3,0,0,"[""reef-turin-microscopy-pareto-transfer-3710982/execution-0070"",""reef-turin-microscopy-pareto-transfer-3710982/execution-0156"",""reef-turin-microscopy-pareto-transfer-3710982/execution-0216""]",5.6154818810546905,4.777163334444487,6.045147710940926,103083840000,80021229568,1.288206149249456,0.7762732700683249,833517076.9256078,5.293739091000001,6.6988363070000005,0.020536824859601694,34361280000,34361280000,false,true,,true,true,true,8.065759753209946,measured_shard_write_bytes_per_logical_byte,8,"[16384,65536,262144]",/mnt/main0/home/nclack/tmp/2026-09-07-chucky-microscopy-pr/worktree/build-microscopy-unified-corrected-20260916/turin-3710982/transfer/study.json
,reef-turin,,,,nfs,,,,,,,,,,,,,,,,1520f15090443f4dab43,5ae251e7e8ad56bf,16384,"[1,64,128]","[16384,128,256]",,,,none,0,none,,,,,,,,,,aa76b1e948673f376940,,,,,,,,,,,,,,,,,,,,,,,,,,,,,,,,,,,,,,,,,,,,,,,,,,,,,,,,,write-tradeoffs,7,write-summary.csv,summary_id=aa76b1e948673f376940,reef-turin-microscopy-pareto-transfer-3710982,retained_study,partially_selected_in_current_report,complete,opencell-protein,1,cc711313f4f5758d252af98a03bf5ef9b6120bac7e0fb3bfc053e8d3687e4046,cpu-turin-gp-l-243-179,cpu,40,32,fs,16,u16,1073741824,16,15,,,32,4,3.0,2.0,32.0,true,,"{""allocated_cpus"":40,""arrival_bytes_per_s"":null,""backend"":""cpu"",""chunk_depth"":1,""completion_pause_ms"":null,""data_issue"":null,""dataset_version"":1,""dtype"":""u16"",""hostname"":""cpu-turin-gp-l-243-179"",""input_id"":""opencell-protein"",""input_sha256"":""cc711313f4f5758d252af98a03bf5ef9b6120bac7e0fb3bfc053e8d3687e4046"",""io_workers"":32,""logical_spatial_shape"":[600,600],""memory_budget_bytes"":0,""minimum_logical_gib"":32.0,""nconnect"":16,""output_buffers"":4,""requested_duration_s"":3.0,""requested_warmup_s"":2.0,""sink"":""fs"",""source_order"":""cyclic"",""storage_type"":""nfs"",""study_id"":""reef-turin-microscopy-pareto-transfer-3710982"",""timing_policy"":""coverage-qualified-through-final-close-v2"",""worker_threads"":32}",sample,3,3,0,0,"[""reef-turin-microscopy-pareto-transfer-3710982/execution-0049"",""reef-turin-microscopy-pareto-transfer-3710982/execution-0121"",""reef-turin-microscopy-pareto-transfer-3710982/execution-0183""]",3.519029884837026,3.4499219691091447,4.136878770430036,103083840000,117475983360,0.877488632583769,1.1396159025507782,1223653257.8642788,7.735647868000001,9.275988211,0.01643693258671879,34361280000,34361280000,false,true,,false,false,false,58.64704232975888,measured_shard_write_bytes_per_logical_byte,8,"[16384,65536,262144]",/mnt/main0/home/nclack/tmp/2026-09-07-chucky-microscopy-pr/worktree/build-microscopy-unified-corrected-20260916/turin-3710982/transfer/study.json
,reef-turin,,,,nfs,,,,,,,,,,,,,,,,1520f15090443f4dab43,5ccda55c07c3b598,65536,"[1,128,256]","[16384,128,256]",,,,zstd,3,none,,,,,,,,,,266151aacf05799e9016,,,,,,,,,,,,,,,,,,,,,,,,,,,,,,,,,,,,,,,,,,,,,,,,,,,,,,,,,write-tradeoffs,7,write-summary.csv,summary_id=266151aacf05799e9016,reef-turin-microscopy-pareto-transfer-3710982,retained_study,partially_selected_in_current_report,complete,opencell-protein,1,cc711313f4f5758d252af98a03bf5ef9b6120bac7e0fb3bfc053e8d3687e4046,cpu-turin-gp-l-243-179,cpu,40,32,fs,16,u16,1073741824,16,15,,,32,4,3.0,2.0,32.0,true,,"{""allocated_cpus"":40,""arrival_bytes_per_s"":null,""backend"":""cpu"",""chunk_depth"":1,""completion_pause_ms"":null,""data_issue"":null,""dataset_version"":1,""dtype"":""u16"",""hostname"":""cpu-turin-gp-l-243-179"",""input_id"":""opencell-protein"",""input_sha256"":""cc711313f4f5758d252af98a03bf5ef9b6120bac7e0fb3bfc053e8d3687e4046"",""io_workers"":32,""logical_spatial_shape"":[600,600],""memory_budget_bytes"":0,""minimum_logical_gib"":32.0,""nconnect"":16,""output_buffers"":4,""requested_duration_s"":3.0,""requested_warmup_s"":2.0,""sink"":""fs"",""source_order"":""cyclic"",""storage_type"":""nfs"",""study_id"":""reef-turin-microscopy-pareto-transfer-3710982"",""timing_policy"":""coverage-qualified-through-final-close-v2"",""worker_threads"":32}",sample,3,3,0,0,"[""reef-turin-microscopy-pareto-transfer-3710982/execution-0027"",""reef-turin-microscopy-pareto-transfer-3710982/execution-0161"",""reef-turin-microscopy-pareto-transfer-3710982/execution-0208""]",4.181655084058784,4.159856392384867,5.347219534268963,103086000000,82014523392,1.2569237220008693,0.7955932269367324,854261722.653093,5.984812669,7.693079459000001,0.01299814234837164,34362000000,34362000000,true,true,,false,false,false,10.7553098097254,measured_shard_write_bytes_per_logical_byte,8,"[16384,65536,262144]",/mnt/main0/home/nclack/tmp/2026-09-07-chucky-microscopy-pr/worktree/build-microscopy-unified-corrected-20260916/turin-3710982/transfer/study.json
,reef-turin,,,,nfs,,,,,,,,,,,,,,,,1520f15090443f4dab43,78eead5b8e15a390,65536,"[1,128,256]","[16384,128,256]",,,,blosc-zstd,3,bit,,,,,,,,,,e3bae7813702a902cc97,,,,,,,,,,,,,,,,,,,,,,,,,,,,,,,,,,,,,,,,,,,,,,,,,,,,,,,,,write-tradeoffs,7,write-summary.csv,summary_id=e3bae7813702a902cc97,reef-turin-microscopy-pareto-transfer-3710982,retained_study,partially_selected_in_current_report,complete,opencell-protein,1,cc711313f4f5758d252af98a03bf5ef9b6120bac7e0fb3bfc053e8d3687e4046,cpu-turin-gp-l-243-179,cpu,40,32,fs,16,u16,1073741824,16,15,65536,,32,4,3.0,2.0,32.0,true,,"{""allocated_cpus"":40,""arrival_bytes_per_s"":null,""backend"":""cpu"",""chunk_depth"":1,""completion_pause_ms"":null,""data_issue"":null,""dataset_version"":1,""dtype"":""u16"",""hostname"":""cpu-turin-gp-l-243-179"",""input_id"":""opencell-protein"",""input_sha256"":""cc711313f4f5758d252af98a03bf5ef9b6120bac7e0fb3bfc053e8d3687e4046"",""io_workers"":32,""logical_spatial_shape"":[600,600],""memory_budget_bytes"":0,""minimum_logical_gib"":32.0,""nconnect"":16,""output_buffers"":4,""requested_duration_s"":3.0,""requested_warmup_s"":2.0,""sink"":""fs"",""source_order"":""cyclic"",""storage_type"":""nfs"",""study_id"":""reef-turin-microscopy-pareto-transfer-3710982"",""timing_policy"":""coverage-qualified-through-final-close-v2"",""worker_threads"":32}",sample,3,3,0,0,"[""reef-turin-microscopy-pareto-transfer-3710982/execution-0091"",""reef-turin-microscopy-pareto-transfer-3710982/execution-0175"",""reef-turin-microscopy-pareto-transfer-3710982/execution-0259""]",4.103393354870084,4.038967264351862,4.405680552764603,103086000000,74050195456,1.3921097623739944,0.71833416231108,771305433.6814111,7.263828150000001,7.923338795,0.0083137156827837,34362000000,34362000000,true,true,,true,true,false,0.0,measured_shard_write_bytes_per_logical_byte,8,"[16384,65536,262144]",/mnt/main0/home/nclack/tmp/2026-09-07-chucky-microscopy-pr/worktree/build-microscopy-unified-corrected-20260916/turin-3710982/transfer/study.json
,reef-turin,,,,nfs,,,,,,,,,,,,,,,,1520f15090443f4dab43,bd8ef6b31b80c744,16384,"[1,64,128]","[16384,128,256]",,,,blosc-lz4,3,bit,,,,,,,,,,af3f10679f94ce71c275,,,,,,,,,,,,,,,,,,,,,,,,,,,,,,,,,,,,,,,,,,,,,,,,,,,,,,,,,write-tradeoffs,7,write-summary.csv,summary_id=af3f10679f94ce71c275,reef-turin-microscopy-pareto-transfer-3710982,retained_study,partially_selected_in_current_report,complete,opencell-protein,1,cc711313f4f5758d252af98a03bf5ef9b6120bac7e0fb3bfc053e8d3687e4046,cpu-turin-gp-l-243-179,cpu,40,32,fs,16,u16,1073741824,16,15,4096,,32,4,3.0,2.0,32.0,true,,"{""allocated_cpus"":40,""arrival_bytes_per_s"":null,""backend"":""cpu"",""chunk_depth"":1,""completion_pause_ms"":null,""data_issue"":null,""dataset_version"":1,""dtype"":""u16"",""hostname"":""cpu-turin-gp-l-243-179"",""input_id"":""opencell-protein"",""input_sha256"":""cc711313f4f5758d252af98a03bf5ef9b6120bac7e0fb3bfc053e8d3687e4046"",""io_workers"":32,""logical_spatial_shape"":[600,600],""memory_budget_bytes"":0,""minimum_logical_gib"":32.0,""nconnect"":16,""output_buffers"":4,""requested_duration_s"":3.0,""requested_warmup_s"":2.0,""sink"":""fs"",""source_order"":""cyclic"",""storage_type"":""nfs"",""study_id"":""reef-turin-microscopy-pareto-transfer-3710982"",""timing_policy"":""coverage-qualified-through-final-close-v2"",""worker_threads"":32}",sample,3,3,0,0,"[""reef-turin-microscopy-pareto-transfer-3710982/execution-0024"",""reef-turin-microscopy-pareto-transfer-3710982/execution-0177"",""reef-turin-microscopy-pareto-transfer-3710982/execution-0224""]",4.634181226121189,4.027658207035518,6.4708529401031125,103083840000,80021229568,1.288206149249456,0.7762732700683249,833517076.9256078,4.945474091,7.945419741,0.01601347092381384,34361280000,34361280000,false,true,,false,true,false,8.065759753209946,measured_shard_write_bytes_per_logical_byte,8,"[16384,65536,262144]",/mnt/main0/home/nclack/tmp/2026-09-07-chucky-microscopy-pr/worktree/build-microscopy-unified-corrected-20260916/turin-3710982/transfer/study.json
,reef-l40,,,,nfs,,,,,,,,,,,,,,,,7d7bad7118e88717a253,08b98b605f460911,262144,"[1,256,512]","[4096,256,512]",,,,blosc-zstd,3,bit,,,,,,,,,,2dbd2c124c2126d04610,,,,,,,,,,,,,,,,,,,,,,,,,,,,,,,,,,,,,,,,,,,,,,,,,,,,,,,,,write-tradeoffs,7,write-summary.csv,summary_id=2dbd2c124c2126d04610,reef-l40-final-transfer-3702747,retained_study,partially_selected_in_current_report,complete,opencell-protein,1,cc711313f4f5758d252af98a03bf5ef9b6120bac7e0fb3bfc053e8d3687e4046,cw-us-e4a2-l40-234-163,gpu,8,4,fs,16,u16,1073741824,16,6,65536,65536,32,4,3.0,2.0,32.0,true,,"{""allocated_cpus"":8,""arrival_bytes_per_s"":null,""backend"":""gpu"",""chunk_depth"":1,""completion_pause_ms"":null,""data_issue"":null,""dataset_version"":1,""dtype"":""u16"",""hostname"":""cw-us-e4a2-l40-234-163"",""input_id"":""opencell-protein"",""input_sha256"":""cc711313f4f5758d252af98a03bf5ef9b6120bac7e0fb3bfc053e8d3687e4046"",""io_workers"":32,""logical_spatial_shape"":[600,600],""memory_budget_bytes"":0,""minimum_logical_gib"":32.0,""nconnect"":16,""output_buffers"":4,""requested_duration_s"":3.0,""requested_warmup_s"":2.0,""sink"":""fs"",""source_order"":""cyclic"",""storage_type"":""nfs"",""study_id"":""reef-l40-final-transfer-3702747"",""timing_policy"":""coverage-qualified-through-final-close-v2"",""worker_threads"":4}",sample,2,2,0,0,"[""reef-l40-final-transfer-3702747/execution-0022"",""reef-l40-final-transfer-3702747/execution-0188""]",3.10498877377913,3.0167163229862446,3.193261224572016,68722560000,49279213568,1.394554722452506,0.7170747650844206,769953166.2061173,10.021552868,10.60803638,0.005586485250338202,34361280000,34361280000,false,true,,true,true,true,0.0,measured_shard_write_bytes_per_logical_byte,5,"[16384,65536,262144]",/mnt/main0/home/nclack/tmp/2026-09-07-chucky-microscopy-pr/worktree/build-microscopy-final-20260916/run-3702747/transfer/study.json
,reef-l40,,,,nfs,,,,,,,,,,,,,,,,7d7bad7118e88717a253,1b3eb78f0e270002,16384,"[1,64,128]","[16384,128,256]",,,,none,0,none,,,,,,,,,,4d424a91bbb52081ac63,,,,,,,,,,,,,,,,,,,,,,,,,,,,,,,,,,,,,,,,,,,,,,,,,,,,,,,,,write-tradeoffs,7,write-summary.csv,summary_id=4d424a91bbb52081ac63,reef-l40-final-transfer-3702747,retained_study,partially_selected_in_current_report,complete,opencell-protein,1,cc711313f4f5758d252af98a03bf5ef9b6120bac7e0fb3bfc053e8d3687e4046,cw-us-e4a2-l40-234-163,gpu,8,4,fs,16,u16,1073741824,16,15,,,32,4,3.0,2.0,32.0,true,,"{""allocated_cpus"":8,""arrival_bytes_per_s"":null,""backend"":""gpu"",""chunk_depth"":1,""completion_pause_ms"":null,""data_issue"":null,""dataset_version"":1,""dtype"":""u16"",""hostname"":""cw-us-e4a2-l40-234-163"",""input_id"":""opencell-protein"",""input_sha256"":""cc711313f4f5758d252af98a03bf5ef9b6120bac7e0fb3bfc053e8d3687e4046"",""io_workers"":32,""logical_spatial_shape"":[600,600],""memory_budget_bytes"":0,""minimum_logical_gib"":32.0,""nconnect"":16,""output_buffers"":4,""requested_duration_s"":3.0,""requested_warmup_s"":2.0,""sink"":""fs"",""source_order"":""cyclic"",""storage_type"":""nfs"",""study_id"":""reef-l40-final-transfer-3702747"",""timing_policy"":""coverage-qualified-through-final-close-v2"",""worker_threads"":4}",sample,2,2,0,0,"[""reef-l40-final-transfer-3702747/execution-0090"",""reef-l40-final-transfer-3702747/execution-0216""]",3.7836975151648953,3.508889907719495,4.0585051226102955,68722560000,78317322240,0.877488632583769,1.1396159025507782,1223653257.8642788,7.885030335000001,9.120103067,0.013573054345380952,34361280000,34361280000,false,true,,false,false,false,58.925673868416226,measured_shard_write_bytes_per_logical_byte,5,"[16384,65536,262144]",/mnt/main0/home/nclack/tmp/2026-09-07-chucky-microscopy-pr/worktree/build-microscopy-final-20260916/run-3702747/transfer/study.json
,reef-l40,,,,nfs,,,,,,,,,,,,,,,,7d7bad7118e88717a253,203f737dfee842b3,65536,"[1,128,256]","[16384,128,256]",,,,zstd,3,none,,,,,,,,,,fd9cfe51362ba42a7bd9,,,,,,,,,,,,,,,,,,,,,,,,,,,,,,,,,,,,,,,,,,,,,,,,,,,,,,,,,write-tradeoffs,7,write-summary.csv,summary_id=fd9cfe51362ba42a7bd9,reef-l40-final-transfer-3702747,retained_study,partially_selected_in_current_report,complete,opencell-protein,1,cc711313f4f5758d252af98a03bf5ef9b6120bac7e0fb3bfc053e8d3687e4046,cw-us-e4a2-l40-234-163,gpu,8,4,fs,16,u16,1073741824,16,15,,,32,4,3.0,2.0,32.0,true,,"{""allocated_cpus"":8,""arrival_bytes_per_s"":null,""backend"":""gpu"",""chunk_depth"":1,""completion_pause_ms"":null,""data_issue"":null,""dataset_version"":1,""dtype"":""u16"",""hostname"":""cw-us-e4a2-l40-234-163"",""input_id"":""opencell-protein"",""input_sha256"":""cc711313f4f5758d252af98a03bf5ef9b6120bac7e0fb3bfc053e8d3687e4046"",""io_workers"":32,""logical_spatial_shape"":[600,600],""memory_budget_bytes"":0,""minimum_logical_gib"":32.0,""nconnect"":16,""output_buffers"":4,""requested_duration_s"":3.0,""requested_warmup_s"":2.0,""sink"":""fs"",""source_order"":""cyclic"",""storage_type"":""nfs"",""study_id"":""reef-l40-final-transfer-3702747"",""timing_policy"":""coverage-qualified-through-final-close-v2"",""worker_threads"":4}",sample,2,2,0,0,"[""reef-l40-final-transfer-3702747/execution-0039"",""reef-l40-final-transfer-3702747/execution-0209""]",2.516880255758671,2.51251666329199,2.5212438482253523,68724000000,54653251584,1.2574549182014136,0.7952571384669112,853900850.4064817,12.69298321,12.737071892000001,0.0063945380727575395,34362000000,34362000000,true,true,,false,false,false,10.902959801309725,measured_shard_write_bytes_per_logical_byte,5,"[16384,65536,262144]",/mnt/main0/home/nclack/tmp/2026-09-07-chucky-microscopy-pr/worktree/build-microscopy-final-20260916/run-3702747/transfer/study.json
,reef-l40,,,,nfs,,,,,,,,,,,,,,,,7d7bad7118e88717a253,291e0735f165628e,65536,"[1,128,256]","[16384,128,256]",,,,lz4,1,none,,,,,,,,,,910da4e91098ab95b698,,,,,,,,,,,,,,,,,,,,,,,,,,,,,,,,,,,,,,,,,,,,,,,,,,,,,,,,,write-tradeoffs,7,write-summary.csv,summary_id=910da4e91098ab95b698,reef-l40-final-transfer-3702747,retained_study,partially_selected_in_current_report,complete,opencell-protein,1,cc711313f4f5758d252af98a03bf5ef9b6120bac7e0fb3bfc053e8d3687e4046,cw-us-e4a2-l40-234-163,gpu,8,4,fs,16,u16,1073741824,16,15,,,32,4,3.0,2.0,32.0,true,,"{""allocated_cpus"":8,""arrival_bytes_per_s"":null,""backend"":""gpu"",""chunk_depth"":1,""completion_pause_ms"":null,""data_issue"":null,""dataset_version"":1,""dtype"":""u16"",""hostname"":""cw-us-e4a2-l40-234-163"",""input_id"":""opencell-protein"",""input_sha256"":""cc711313f4f5758d252af98a03bf5ef9b6120bac7e0fb3bfc053e8d3687e4046"",""io_workers"":32,""logical_spatial_shape"":[600,600],""memory_budget_bytes"":0,""minimum_logical_gib"":32.0,""nconnect"":16,""output_buffers"":4,""requested_duration_s"":3.0,""requested_warmup_s"":2.0,""sink"":""fs"",""source_order"":""cyclic"",""storage_type"":""nfs"",""study_id"":""reef-l40-final-transfer-3702747"",""timing_policy"":""coverage-qualified-through-final-close-v2"",""worker_threads"":4}",sample,2,2,0,0,"[""reef-l40-final-transfer-3702747/execution-0043"",""reef-l40-final-transfer-3702747/execution-0206""]",4.31425348998446,3.8064631111526697,4.82204386881625,68724000000,68636237824,1.0012786565636806,0.9987229763110412,1072370630.2549262,6.636627187,8.407307356,0.011649556861101858,34362000000,34362000000,true,true,,false,false,false,39.27738430363847,measured_shard_write_bytes_per_logical_byte,5,"[16384,65536,262144]",/mnt/main0/home/nclack/tmp/2026-09-07-chucky-microscopy-pr/worktree/build-microscopy-final-20260916/run-3702747/transfer/study.json
,reef-l40,,,,nfs,,,,,,,,,,,,,,,,7d7bad7118e88717a253,9c74d5147356071f,16384,"[1,64,128]","[16384,128,256]",,,,blosc-lz4,3,bit,,,,,,,,,,b1e01cfd712c017784a8,,,,,,,,,,,,,,,,,,,,,,,,,,,,,,,,,,,,,,,,,,,,,,,,,,,,,,,,,write-tradeoffs,7,write-summary.csv,summary_id=b1e01cfd712c017784a8,reef-l40-final-transfer-3702747,retained_study,partially_selected_in_current_report,complete,opencell-protein,1,cc711313f4f5758d252af98a03bf5ef9b6120bac7e0fb3bfc053e8d3687e4046,cw-us-e4a2-l40-234-163,gpu,8,4,fs,16,u16,1073741824,16,15,4096,4096,32,4,3.0,2.0,32.0,true,,"{""allocated_cpus"":8,""arrival_bytes_per_s"":null,""backend"":""gpu"",""chunk_depth"":1,""completion_pause_ms"":null,""data_issue"":null,""dataset_version"":1,""dtype"":""u16"",""hostname"":""cw-us-e4a2-l40-234-163"",""input_id"":""opencell-protein"",""input_sha256"":""cc711313f4f5758d252af98a03bf5ef9b6120bac7e0fb3bfc053e8d3687e4046"",""io_workers"":32,""logical_spatial_shape"":[600,600],""memory_budget_bytes"":0,""minimum_logical_gib"":32.0,""nconnect"":16,""output_buffers"":4,""requested_duration_s"":3.0,""requested_warmup_s"":2.0,""sink"":""fs"",""source_order"":""cyclic"",""storage_type"":""nfs"",""study_id"":""reef-l40-final-transfer-3702747"",""timing_policy"":""coverage-qualified-through-final-close-v2"",""worker_threads"":4}",sample,2,2,0,0,"[""reef-l40-final-transfer-3702747/execution-0111"",""reef-l40-final-transfer-3702747/execution-0131""]",6.177220339969267,5.490869872045541,6.863570807892994,68722560000,56120242176,1.2245592202627633,0.8166203671108876,876839442.497194,4.662505086,5.828118014,0.012355849341710062,34361280000,34361280000,false,true,,true,false,false,13.88217894053873,measured_shard_write_bytes_per_logical_byte,5,"[16384,65536,262144]",/mnt/main0/home/nclack/tmp/2026-09-07-chucky-microscopy-pr/worktree/build-microscopy-final-20260916/run-3702747/transfer/study.json
