active_file_read_calls_mean,active_file_read_calls_peak,active_files_mean,active_files_peak,array_shape,backend,blosc_block_bytes,cache_policy,chunk_shape,codec,codec_level,comparison_group,concurrent_shards_target,config_id,content,dataset,date,destination,device_memory_bytes,device_memory_scope,distinct_files_touched,dtype,elapsed_s,exclusion_reason,family,files_per_array,final_stored_bytes,fraction_at_sixteen_shards,geometry_scope,host_memory_scope,host_peak_bytes,implementation,io_workers,logical_input_bytes,machine,memory_budget_bytes,mount_evidence_source,mount_options,notes,order,original_table_row,parameter_definition,parameter_name,parameter_value,per_file_request_limit,phase,raw_chunk_bytes,raw_shard_bytes,read_calls,reads_per_shard,record_kind,recorded_nconnect,recorded_reader_mib,recorded_storage_mib,repetition,request_depth,revision,role,run_id,seconds_by_concurrent_shards,selection_shape,shard_byte_definition,shard_shape,shuffle,sink_write_bytes,source_file,source_read_decode_timed,source_record,status,storage_type,submitted_bytes,throughput_bytes_s,throughput_numerator,throughput_unit,throughput_value,timing_policy,tool,trace_seconds,valid_for_summary,verified_chunk_ranges,warmup_input_bytes,warmup_s,warmup_status,workers,workload,writer_layer_shards
,,5.034752852536563,9,"[512,4096,4096]",cpu,16384,local page-cache eviction and zero-residency checks; fresh per-pass caches; warmed metadata,"[1,128,256]",blosc-lz4,3,sixteen_shard_overlap|lz4|damacy,,smooth4-lz4-c64-b16,synthetic,smooth4,2026-09-23/24,node-local /tmp,,,16,uint16,0.086129045,Tracing is excluded from throughput measurements,sixteen_shard_read_overlap,,,0.0,,,,,16,,cpu-turin-gp-l-244-025,,/mnt/main0/home/nclack/tmp/2026-09-23-damacy-pr160-shard-grid/job-3804241/filesystem.txt,"rw,relatime,attr2,inode64,logbufs=8,logbsize=32k,sunit=1024,swidth=4096,prjquota","Fixed count, not a shard-count sweep. Counts do not establish NFS behavior because this experiment used local XFS.",,,files touched by one diagnostic batch; observed overlap in separate fields,available_shards,16,,accepted_pilot_diagnostic,65536,1073741824,,"{""0"":136,""1"":163,""10"":203,""11"":217,""12"":188,""13"":215,""14"":209,""15"":226,""2"":157,""3"":184,""4"":187,""5"":169,""6"":196,""7"":221,""8"":163,""9"":208}",retained_derived_diagnostic,,,,,,5126f0958c0be3922a0a00c49d127ba62ddbc6a9 plus retained patches,diagnostic,smooth4-lz4-c64-b16:damacy:overlap,"{""0"":0.001505989,""1"":0.000851006,""2"":0.002298647,""3"":0.005526109,""4"":0.017249777,""5"":0.026195467,""6"":0.019885197,""7"":0.009164973,""8"":0.002897528,""9"":0.000554352}","[1,256,256]",uncompressed capacity,"[512,1024,1024]",bit,,/mnt/main0/home/nclack/tmp/2026-09-23-damacy-pr160-shard-grid/job-3804536/report/concurrency.json,,/0,verified_chunk_ranges,local XFS,,,,,,overlapping pread calls on distinct shard files; tracing excluded from throughput runs,damacy,,false,3033,,,,32,translated_XY_crop_instrumented,
,,6.824712245969737,14,"[512,4096,4096]",cpu,16384,local page-cache eviction and zero-residency checks; fresh per-pass caches; warmed metadata,"[1,128,256]",blosc-lz4,3,sixteen_shard_overlap|lz4|tensorstore,,smooth4-lz4-c64-b16,synthetic,smooth4,2026-09-23/24,node-local /tmp,,,16,uint16,0.083336626,Tracing is excluded from throughput measurements,sixteen_shard_read_overlap,,,0.0,,,,,16,,cpu-turin-gp-l-244-025,,/mnt/main0/home/nclack/tmp/2026-09-23-damacy-pr160-shard-grid/job-3804241/filesystem.txt,"rw,relatime,attr2,inode64,logbufs=8,logbsize=32k,sunit=1024,swidth=4096,prjquota","Fixed count, not a shard-count sweep. Counts do not establish NFS behavior because this experiment used local XFS.",,,files touched by one diagnostic batch; observed overlap in separate fields,available_shards,16,,accepted_pilot_diagnostic,65536,1073741824,,"{""0"":75,""1"":95,""10"":127,""11"":120,""12"":108,""13"":133,""14"":124,""15"":125,""2"":95,""3"":104,""4"":103,""5"":107,""6"":122,""7"":120,""8"":90,""9"":128}",retained_derived_diagnostic,,,,,,0.1.85,diagnostic,smooth4-lz4-c64-b16:tensorstore:overlap,"{""0"":0.000202819,""1"":0.006209886,""10"":0.004324286,""11"":0.007387085,""12"":0.00753616,""13"":0.002964594,""14"":1.8649e-05,""2"":0.006035952,""3"":0.005652686,""4"":0.006470074,""5"":0.006003828,""6"":0.007221553,""7"":0.011414986,""8"":0.006407147,""9"":0.005486921}","[1,256,256]",uncompressed capacity,"[512,1024,1024]",bit,,/mnt/main0/home/nclack/tmp/2026-09-23-damacy-pr160-shard-grid/job-3804536/report/concurrency.json,,/1,verified_chunk_ranges,local XFS,,,,,,overlapping pread calls on distinct shard files; tracing excluded from throughput runs,tensorstore,,false,3033,,,,32,translated_XY_crop_instrumented,
,,5.0142280480474914,10,"[512,4096,4096]",cpu,16384,local page-cache eviction and zero-residency checks; fresh per-pass caches; warmed metadata,"[1,128,256]",blosc-zstd,3,sixteen_shard_overlap|zstd|damacy,,smooth4-zstd-c64-b16,synthetic,smooth4,2026-09-23/24,node-local /tmp,,,16,uint16,0.095371972,Tracing is excluded from throughput measurements,sixteen_shard_read_overlap,,,0.0,,,,,16,,cpu-turin-gp-l-244-025,,/mnt/main0/home/nclack/tmp/2026-09-23-damacy-pr160-shard-grid/job-3804241/filesystem.txt,"rw,relatime,attr2,inode64,logbufs=8,logbsize=32k,sunit=1024,swidth=4096,prjquota","Fixed count, not a shard-count sweep. Counts do not establish NFS behavior because this experiment used local XFS.",,,files touched by one diagnostic batch; observed overlap in separate fields,available_shards,16,,accepted_pilot_diagnostic,65536,1073741824,,"{""0"":136,""1"":163,""10"":203,""11"":217,""12"":188,""13"":215,""14"":209,""15"":226,""2"":157,""3"":184,""4"":187,""5"":169,""6"":196,""7"":221,""8"":163,""9"":208}",retained_derived_diagnostic,,,,,,5126f0958c0be3922a0a00c49d127ba62ddbc6a9 plus retained patches,diagnostic,smooth4-zstd-c64-b16:damacy:overlap,"{""0"":6.626e-05,""1"":0.0025344,""10"":5.1679e-05,""2"":0.001877108,""3"":0.005483411,""4"":0.018773074,""5"":0.033248894,""6"":0.022022844,""7"":0.009301306,""8"":0.001738758,""9"":0.000274238}","[1,256,256]",uncompressed capacity,"[512,1024,1024]",bit,,/mnt/main0/home/nclack/tmp/2026-09-23-damacy-pr160-shard-grid/job-3804536/report/concurrency.json,,/2,verified_chunk_ranges,local XFS,,,,,,overlapping pread calls on distinct shard files; tracing excluded from throughput runs,damacy,,false,3033,,,,32,translated_XY_crop_instrumented,
,,6.8702358500334615,14,"[512,4096,4096]",cpu,16384,local page-cache eviction and zero-residency checks; fresh per-pass caches; warmed metadata,"[1,128,256]",blosc-zstd,3,sixteen_shard_overlap|zstd|tensorstore,,smooth4-zstd-c64-b16,synthetic,smooth4,2026-09-23/24,node-local /tmp,,,16,uint16,0.084599352,Tracing is excluded from throughput measurements,sixteen_shard_read_overlap,,,0.0,,,,,16,,cpu-turin-gp-l-244-025,,/mnt/main0/home/nclack/tmp/2026-09-23-damacy-pr160-shard-grid/job-3804241/filesystem.txt,"rw,relatime,attr2,inode64,logbufs=8,logbsize=32k,sunit=1024,swidth=4096,prjquota","Fixed count, not a shard-count sweep. Counts do not establish NFS behavior because this experiment used local XFS.",,,files touched by one diagnostic batch; observed overlap in separate fields,available_shards,16,,accepted_pilot_diagnostic,65536,1073741824,,"{""0"":75,""1"":95,""10"":127,""11"":120,""12"":108,""13"":133,""14"":124,""15"":125,""2"":95,""3"":104,""4"":103,""5"":107,""6"":122,""7"":120,""8"":90,""9"":128}",retained_derived_diagnostic,,,,,,0.1.85,diagnostic,smooth4-zstd-c64-b16:tensorstore:overlap,"{""0"":0.004815001,""1"":0.00163719,""10"":0.005856572,""11"":0.008356358,""12"":0.008274279,""13"":0.002709206,""14"":0.001027369,""2"":0.006493853,""3"":0.006360583,""4"":0.005863192,""5"":0.006149816,""6"":0.007609167,""7"":0.011110033,""8"":0.004526672,""9"":0.003810061}","[1,256,256]",uncompressed capacity,"[512,1024,1024]",bit,,/mnt/main0/home/nclack/tmp/2026-09-23-damacy-pr160-shard-grid/job-3804536/report/concurrency.json,,/3,verified_chunk_ranges,local XFS,,,,,,overlapping pread calls on distinct shard files; tracing excluded from throughput runs,tensorstore,,false,3033,,,,32,translated_XY_crop_instrumented,
12.409071562940454,16.0,10.222941277886388,16.0,"[512,4096,4096]",cpu,16384,local client pages evicted/checked; metadata warmed; caches reset; readahead mode recorded in implementation,"[1,128,256]",blosc-lz4,3,read_overlap|2026-09-23-damacy-pr164-before-after|lz4|64|16|after|random-1x256x256,,lz4-c64-b16-after-random-1x256x256,synthetic,smooth4,2026-09-23,node-local /tmp,,,,uint16,,Instrumented traces are excluded from throughput repetitions,read_overlap_controls,,,0.05600826842041189,retained per-encoding report and fixed sixteen-shard protocol,,,after,16,,cpu-turin-gp-l-244-025,,/mnt/main0/home/nclack/tmp/2026-09-23-damacy-pr164-before-after/job-3806589/filesystem.txt,"rw,relatime,attr2,inode64,logbufs=8,logbsize=32k,sunit=1024,swidth=4096,prjquota","Application call overlap is not device queue depth. The full-scan trace is a diagnostic subset, not a throughput measurement of the entire array. See read-runs for separate trace/timed-run locators.",,"{""codec"":""lz4"",""fraction_at_sixteen_shards"":""0.05600826842041189"",""implementation"":""after"",""mean_read_calls"":""12.409071562940454"",""mean_shards"":""10.222941277886388"",""page_union_mib"":""127.8671875"",""peak_read_calls"":""16"",""peak_shards"":""16"",""read_calls"":""1778"",""reader_mib"":""121.30703258514404"",""repeat"":""1"",""storage_mib"":""127.95703125"",""unique_payload_bytes"":""126822673"",""verified_chunk_ranges"":""3033""}",fixed available files; observed read-call and file overlap are separate,available_shards,16,,2026-09-23-damacy-pr164-before-after,65536,1073741824,1778.0,,retained_derived_diagnostic,,121.30703258514404,127.95703125,1,,,diagnostic,2026-09-23-damacy-pr164-before-after:1,,"[1,256,256]",uncompressed capacity,"[512,1024,1024]",bit,,/mnt/main0/home/nclack/tmp/2026-09-23-damacy-pr164-before-after/job-3806589/report/concurrency.csv,,line:2,retained_verified_trace_summary,local XFS,,,,,,overlapping application pread calls in separate instrumented diagnostic,damacy,,false,3033.0,,,,32,random-1x256x256,
14.40316767015996,16.0,5.108642852240346,9.0,"[512,4096,4096]",cpu,16384,local client pages evicted/checked; metadata warmed; caches reset; readahead mode recorded in implementation,"[1,128,256]",blosc-lz4,3,read_overlap|2026-09-23-damacy-pr164-before-after|lz4|64|16|before|random-1x256x256,,lz4-c64-b16-before-random-1x256x256,synthetic,smooth4,2026-09-23,node-local /tmp,,,,uint16,,Instrumented traces are excluded from throughput repetitions,read_overlap_controls,,,0.0,retained per-encoding report and fixed sixteen-shard protocol,,,before,16,,cpu-turin-gp-l-244-025,,/mnt/main0/home/nclack/tmp/2026-09-23-damacy-pr164-before-after/job-3806589/filesystem.txt,"rw,relatime,attr2,inode64,logbufs=8,logbsize=32k,sunit=1024,swidth=4096,prjquota","Application call overlap is not device queue depth. The full-scan trace is a diagnostic subset, not a throughput measurement of the entire array. See read-runs for separate trace/timed-run locators.",,"{""codec"":""lz4"",""fraction_at_sixteen_shards"":""0.0"",""implementation"":""before"",""mean_read_calls"":""14.40316767015996"",""mean_shards"":""5.108642852240346"",""page_union_mib"":""127.8671875"",""peak_read_calls"":""16"",""peak_shards"":""9"",""read_calls"":""3042"",""reader_mib"":""121.30703258514404"",""repeat"":""1"",""storage_mib"":""263.14453125"",""unique_payload_bytes"":""126822673"",""verified_chunk_ranges"":""3033""}",fixed available files; observed read-call and file overlap are separate,available_shards,16,,2026-09-23-damacy-pr164-before-after,65536,1073741824,3042.0,,retained_derived_diagnostic,,121.30703258514404,263.14453125,1,,,diagnostic,2026-09-23-damacy-pr164-before-after:2,,"[1,256,256]",uncompressed capacity,"[512,1024,1024]",bit,,/mnt/main0/home/nclack/tmp/2026-09-23-damacy-pr164-before-after/job-3806589/report/concurrency.csv,,line:3,retained_verified_trace_summary,local XFS,,,,,,overlapping application pread calls in separate instrumented diagnostic,damacy,,false,3033.0,,,,32,random-1x256x256,
8.451081030515628,16.0,6.840020428583142,13.0,"[512,4096,4096]",cpu,16384,local client pages evicted/checked; metadata warmed; caches reset; readahead mode recorded in implementation,"[1,128,256]",blosc-lz4,3,read_overlap|2026-09-23-damacy-pr164-before-after|lz4|64|16|tensorstore|random-1x256x256,,lz4-c64-b16-tensorstore-random-1x256x256,synthetic,smooth4,2026-09-23,node-local /tmp,,,,uint16,,Instrumented traces are excluded from throughput repetitions,read_overlap_controls,,,0.0,retained per-encoding report and fixed sixteen-shard protocol,,,tensorstore,16,,cpu-turin-gp-l-244-025,,/mnt/main0/home/nclack/tmp/2026-09-23-damacy-pr164-before-after/job-3806589/filesystem.txt,"rw,relatime,attr2,inode64,logbufs=8,logbsize=32k,sunit=1024,swidth=4096,prjquota","Application call overlap is not device queue depth. The full-scan trace is a diagnostic subset, not a throughput measurement of the entire array. See read-runs for separate trace/timed-run locators.",,"{""codec"":""lz4"",""fraction_at_sixteen_shards"":""0.0"",""implementation"":""tensorstore"",""mean_read_calls"":""8.451081030515628"",""mean_shards"":""6.840020428583142"",""page_union_mib"":""127.8671875"",""peak_read_calls"":""16"",""peak_shards"":""13"",""read_calls"":""1776"",""reader_mib"":""121.14723300933838"",""repeat"":""1"",""storage_mib"":""127.95703125"",""unique_payload_bytes"":""126822673"",""verified_chunk_ranges"":""3033""}",fixed available files; observed read-call and file overlap are separate,available_shards,16,,2026-09-23-damacy-pr164-before-after,65536,1073741824,1776.0,,retained_derived_diagnostic,,121.14723300933838,127.95703125,1,,0.1.85,diagnostic,2026-09-23-damacy-pr164-before-after:3,,"[1,256,256]",uncompressed capacity,"[512,1024,1024]",bit,,/mnt/main0/home/nclack/tmp/2026-09-23-damacy-pr164-before-after/job-3806589/report/concurrency.csv,,line:4,retained_verified_trace_summary,local XFS,,,,,,overlapping application pread calls in separate instrumented diagnostic,tensorstore,,false,3033.0,,,,32,random-1x256x256,
12.48189892995336,16.0,10.272350877271545,16.0,"[512,4096,4096]",cpu,16384,local client pages evicted/checked; metadata warmed; caches reset; readahead mode recorded in implementation,"[1,128,256]",blosc-lz4,3,read_overlap|2026-09-23-damacy-pr164-before-after|lz4|64|16|after|random-1x256x256,,lz4-c64-b16-after-random-1x256x256,synthetic,smooth4,2026-09-23,node-local /tmp,,,,uint16,,Instrumented traces are excluded from throughput repetitions,read_overlap_controls,,,0.061919929402443806,retained per-encoding report and fixed sixteen-shard protocol,,,after,16,,cpu-turin-gp-l-244-025,,/mnt/main0/home/nclack/tmp/2026-09-23-damacy-pr164-before-after/job-3806589/filesystem.txt,"rw,relatime,attr2,inode64,logbufs=8,logbsize=32k,sunit=1024,swidth=4096,prjquota","Application call overlap is not device queue depth. The full-scan trace is a diagnostic subset, not a throughput measurement of the entire array. See read-runs for separate trace/timed-run locators.",,"{""codec"":""lz4"",""fraction_at_sixteen_shards"":""0.061919929402443806"",""implementation"":""after"",""mean_read_calls"":""12.48189892995336"",""mean_shards"":""10.272350877271545"",""page_union_mib"":""127.8671875"",""peak_read_calls"":""16"",""peak_shards"":""16"",""read_calls"":""1778"",""reader_mib"":""121.30703258514404"",""repeat"":""2"",""storage_mib"":""127.95703125"",""unique_payload_bytes"":""126822673"",""verified_chunk_ranges"":""3033""}",fixed available files; observed read-call and file overlap are separate,available_shards,16,,2026-09-23-damacy-pr164-before-after,65536,1073741824,1778.0,,retained_derived_diagnostic,,121.30703258514404,127.95703125,2,,,diagnostic,2026-09-23-damacy-pr164-before-after:4,,"[1,256,256]",uncompressed capacity,"[512,1024,1024]",bit,,/mnt/main0/home/nclack/tmp/2026-09-23-damacy-pr164-before-after/job-3806589/report/concurrency.csv,,line:5,retained_verified_trace_summary,local XFS,,,,,,overlapping application pread calls in separate instrumented diagnostic,damacy,,false,3033.0,,,,32,random-1x256x256,
14.6083877571667,16.0,5.15803090411969,9.0,"[512,4096,4096]",cpu,16384,local client pages evicted/checked; metadata warmed; caches reset; readahead mode recorded in implementation,"[1,128,256]",blosc-lz4,3,read_overlap|2026-09-23-damacy-pr164-before-after|lz4|64|16|before|random-1x256x256,,lz4-c64-b16-before-random-1x256x256,synthetic,smooth4,2026-09-23,node-local /tmp,,,,uint16,,Instrumented traces are excluded from throughput repetitions,read_overlap_controls,,,0.0,retained per-encoding report and fixed sixteen-shard protocol,,,before,16,,cpu-turin-gp-l-244-025,,/mnt/main0/home/nclack/tmp/2026-09-23-damacy-pr164-before-after/job-3806589/filesystem.txt,"rw,relatime,attr2,inode64,logbufs=8,logbsize=32k,sunit=1024,swidth=4096,prjquota","Application call overlap is not device queue depth. The full-scan trace is a diagnostic subset, not a throughput measurement of the entire array. See read-runs for separate trace/timed-run locators.",,"{""codec"":""lz4"",""fraction_at_sixteen_shards"":""0.0"",""implementation"":""before"",""mean_read_calls"":""14.6083877571667"",""mean_shards"":""5.15803090411969"",""page_union_mib"":""127.8671875"",""peak_read_calls"":""16"",""peak_shards"":""9"",""read_calls"":""3042"",""reader_mib"":""121.30703258514404"",""repeat"":""2"",""storage_mib"":""251.015625"",""unique_payload_bytes"":""126822673"",""verified_chunk_ranges"":""3033""}",fixed available files; observed read-call and file overlap are separate,available_shards,16,,2026-09-23-damacy-pr164-before-after,65536,1073741824,3042.0,,retained_derived_diagnostic,,121.30703258514404,251.015625,2,,,diagnostic,2026-09-23-damacy-pr164-before-after:5,,"[1,256,256]",uncompressed capacity,"[512,1024,1024]",bit,,/mnt/main0/home/nclack/tmp/2026-09-23-damacy-pr164-before-after/job-3806589/report/concurrency.csv,,line:6,retained_verified_trace_summary,local XFS,,,,,,overlapping application pread calls in separate instrumented diagnostic,damacy,,false,3033.0,,,,32,random-1x256x256,
8.400056853697784,16.0,7.049460314351613,13.0,"[512,4096,4096]",cpu,16384,local client pages evicted/checked; metadata warmed; caches reset; readahead mode recorded in implementation,"[1,128,256]",blosc-lz4,3,read_overlap|2026-09-23-damacy-pr164-before-after|lz4|64|16|tensorstore|random-1x256x256,,lz4-c64-b16-tensorstore-random-1x256x256,synthetic,smooth4,2026-09-23,node-local /tmp,,,,uint16,,Instrumented traces are excluded from throughput repetitions,read_overlap_controls,,,0.0,retained per-encoding report and fixed sixteen-shard protocol,,,tensorstore,16,,cpu-turin-gp-l-244-025,,/mnt/main0/home/nclack/tmp/2026-09-23-damacy-pr164-before-after/job-3806589/filesystem.txt,"rw,relatime,attr2,inode64,logbufs=8,logbsize=32k,sunit=1024,swidth=4096,prjquota","Application call overlap is not device queue depth. The full-scan trace is a diagnostic subset, not a throughput measurement of the entire array. See read-runs for separate trace/timed-run locators.",,"{""codec"":""lz4"",""fraction_at_sixteen_shards"":""0.0"",""implementation"":""tensorstore"",""mean_read_calls"":""8.400056853697784"",""mean_shards"":""7.049460314351613"",""page_union_mib"":""127.8671875"",""peak_read_calls"":""16"",""peak_shards"":""13"",""read_calls"":""1776"",""reader_mib"":""121.14723300933838"",""repeat"":""2"",""storage_mib"":""127.95703125"",""unique_payload_bytes"":""126822673"",""verified_chunk_ranges"":""3033""}",fixed available files; observed read-call and file overlap are separate,available_shards,16,,2026-09-23-damacy-pr164-before-after,65536,1073741824,1776.0,,retained_derived_diagnostic,,121.14723300933838,127.95703125,2,,0.1.85,diagnostic,2026-09-23-damacy-pr164-before-after:6,,"[1,256,256]",uncompressed capacity,"[512,1024,1024]",bit,,/mnt/main0/home/nclack/tmp/2026-09-23-damacy-pr164-before-after/job-3806589/report/concurrency.csv,,line:7,retained_verified_trace_summary,local XFS,,,,,,overlapping application pread calls in separate instrumented diagnostic,tensorstore,,false,3033.0,,,,32,random-1x256x256,
12.237116071606472,16.0,10.07664433814282,16.0,"[512,4096,4096]",cpu,16384,local client pages evicted/checked; metadata warmed; caches reset; readahead mode recorded in implementation,"[1,128,256]",blosc-lz4,3,read_overlap|2026-09-23-damacy-pr164-before-after|lz4|64|16|after|random-1x256x256,,lz4-c64-b16-after-random-1x256x256,synthetic,smooth4,2026-09-23,node-local /tmp,,,,uint16,,Instrumented traces are excluded from throughput repetitions,read_overlap_controls,,,0.04754354662036442,retained per-encoding report and fixed sixteen-shard protocol,,,after,16,,cpu-turin-gp-l-244-025,,/mnt/main0/home/nclack/tmp/2026-09-23-damacy-pr164-before-after/job-3806589/filesystem.txt,"rw,relatime,attr2,inode64,logbufs=8,logbsize=32k,sunit=1024,swidth=4096,prjquota","Application call overlap is not device queue depth. The full-scan trace is a diagnostic subset, not a throughput measurement of the entire array. See read-runs for separate trace/timed-run locators.",,"{""codec"":""lz4"",""fraction_at_sixteen_shards"":""0.04754354662036442"",""implementation"":""after"",""mean_read_calls"":""12.237116071606472"",""mean_shards"":""10.07664433814282"",""page_union_mib"":""127.8671875"",""peak_read_calls"":""16"",""peak_shards"":""16"",""read_calls"":""1778"",""reader_mib"":""121.30703258514404"",""repeat"":""3"",""storage_mib"":""127.95703125"",""unique_payload_bytes"":""126822673"",""verified_chunk_ranges"":""3033""}",fixed available files; observed read-call and file overlap are separate,available_shards,16,,2026-09-23-damacy-pr164-before-after,65536,1073741824,1778.0,,retained_derived_diagnostic,,121.30703258514404,127.95703125,3,,,diagnostic,2026-09-23-damacy-pr164-before-after:7,,"[1,256,256]",uncompressed capacity,"[512,1024,1024]",bit,,/mnt/main0/home/nclack/tmp/2026-09-23-damacy-pr164-before-after/job-3806589/report/concurrency.csv,,line:8,retained_verified_trace_summary,local XFS,,,,,,overlapping application pread calls in separate instrumented diagnostic,damacy,,false,3033.0,,,,32,random-1x256x256,
14.444497533086503,16.0,5.12095700146736,9.0,"[512,4096,4096]",cpu,16384,local client pages evicted/checked; metadata warmed; caches reset; readahead mode recorded in implementation,"[1,128,256]",blosc-lz4,3,read_overlap|2026-09-23-damacy-pr164-before-after|lz4|64|16|before|random-1x256x256,,lz4-c64-b16-before-random-1x256x256,synthetic,smooth4,2026-09-23,node-local /tmp,,,,uint16,,Instrumented traces are excluded from throughput repetitions,read_overlap_controls,,,0.0,retained per-encoding report and fixed sixteen-shard protocol,,,before,16,,cpu-turin-gp-l-244-025,,/mnt/main0/home/nclack/tmp/2026-09-23-damacy-pr164-before-after/job-3806589/filesystem.txt,"rw,relatime,attr2,inode64,logbufs=8,logbsize=32k,sunit=1024,swidth=4096,prjquota","Application call overlap is not device queue depth. The full-scan trace is a diagnostic subset, not a throughput measurement of the entire array. See read-runs for separate trace/timed-run locators.",,"{""codec"":""lz4"",""fraction_at_sixteen_shards"":""0.0"",""implementation"":""before"",""mean_read_calls"":""14.444497533086503"",""mean_shards"":""5.12095700146736"",""page_union_mib"":""127.8671875"",""peak_read_calls"":""16"",""peak_shards"":""9"",""read_calls"":""3042"",""reader_mib"":""121.30703258514404"",""repeat"":""3"",""storage_mib"":""241.89453125"",""unique_payload_bytes"":""126822673"",""verified_chunk_ranges"":""3033""}",fixed available files; observed read-call and file overlap are separate,available_shards,16,,2026-09-23-damacy-pr164-before-after,65536,1073741824,3042.0,,retained_derived_diagnostic,,121.30703258514404,241.89453125,3,,,diagnostic,2026-09-23-damacy-pr164-before-after:8,,"[1,256,256]",uncompressed capacity,"[512,1024,1024]",bit,,/mnt/main0/home/nclack/tmp/2026-09-23-damacy-pr164-before-after/job-3806589/report/concurrency.csv,,line:9,retained_verified_trace_summary,local XFS,,,,,,overlapping application pread calls in separate instrumented diagnostic,damacy,,false,3033.0,,,,32,random-1x256x256,
8.192190297540504,16.0,6.925225524905011,13.0,"[512,4096,4096]",cpu,16384,local client pages evicted/checked; metadata warmed; caches reset; readahead mode recorded in implementation,"[1,128,256]",blosc-lz4,3,read_overlap|2026-09-23-damacy-pr164-before-after|lz4|64|16|tensorstore|random-1x256x256,,lz4-c64-b16-tensorstore-random-1x256x256,synthetic,smooth4,2026-09-23,node-local /tmp,,,,uint16,,Instrumented traces are excluded from throughput repetitions,read_overlap_controls,,,0.0,retained per-encoding report and fixed sixteen-shard protocol,,,tensorstore,16,,cpu-turin-gp-l-244-025,,/mnt/main0/home/nclack/tmp/2026-09-23-damacy-pr164-before-after/job-3806589/filesystem.txt,"rw,relatime,attr2,inode64,logbufs=8,logbsize=32k,sunit=1024,swidth=4096,prjquota","Application call overlap is not device queue depth. The full-scan trace is a diagnostic subset, not a throughput measurement of the entire array. See read-runs for separate trace/timed-run locators.",,"{""codec"":""lz4"",""fraction_at_sixteen_shards"":""0.0"",""implementation"":""tensorstore"",""mean_read_calls"":""8.192190297540504"",""mean_shards"":""6.925225524905011"",""page_union_mib"":""127.8671875"",""peak_read_calls"":""16"",""peak_shards"":""13"",""read_calls"":""1776"",""reader_mib"":""121.14723300933838"",""repeat"":""3"",""storage_mib"":""127.95703125"",""unique_payload_bytes"":""126822673"",""verified_chunk_ranges"":""3033""}",fixed available files; observed read-call and file overlap are separate,available_shards,16,,2026-09-23-damacy-pr164-before-after,65536,1073741824,1776.0,,retained_derived_diagnostic,,121.14723300933838,127.95703125,3,,0.1.85,diagnostic,2026-09-23-damacy-pr164-before-after:9,,"[1,256,256]",uncompressed capacity,"[512,1024,1024]",bit,,/mnt/main0/home/nclack/tmp/2026-09-23-damacy-pr164-before-after/job-3806589/report/concurrency.csv,,line:10,retained_verified_trace_summary,local XFS,,,,,,overlapping application pread calls in separate instrumented diagnostic,tensorstore,,false,3033.0,,,,32,random-1x256x256,
12.278734029742779,16.0,10.236982743819967,16.0,"[512,4096,4096]",cpu,16384,local client pages evicted/checked; metadata warmed; caches reset; readahead mode recorded in implementation,"[1,128,256]",blosc-zstd,3,read_overlap|2026-09-23-damacy-pr164-before-after|zstd|64|16|after|random-1x256x256,,zstd-c64-b16-after-random-1x256x256,synthetic,smooth4,2026-09-23,node-local /tmp,,,,uint16,,Instrumented traces are excluded from throughput repetitions,read_overlap_controls,,,0.06011669372310891,retained per-encoding report and fixed sixteen-shard protocol,,,after,16,,cpu-turin-gp-l-244-025,,/mnt/main0/home/nclack/tmp/2026-09-23-damacy-pr164-before-after/job-3806589/filesystem.txt,"rw,relatime,attr2,inode64,logbufs=8,logbsize=32k,sunit=1024,swidth=4096,prjquota","Application call overlap is not device queue depth. The full-scan trace is a diagnostic subset, not a throughput measurement of the entire array. See read-runs for separate trace/timed-run locators.",,"{""codec"":""zstd"",""fraction_at_sixteen_shards"":""0.06011669372310891"",""implementation"":""after"",""mean_read_calls"":""12.278734029742779"",""mean_shards"":""10.236982743819967"",""page_union_mib"":""110.34375"",""peak_read_calls"":""16"",""peak_shards"":""16"",""read_calls"":""1778"",""reader_mib"":""103.74985313415527"",""repeat"":""1"",""storage_mib"":""110.421875"",""unique_payload_bytes"":""108466161"",""verified_chunk_ranges"":""3033""}",fixed available files; observed read-call and file overlap are separate,available_shards,16,,2026-09-23-damacy-pr164-before-after,65536,1073741824,1778.0,,retained_derived_diagnostic,,103.74985313415527,110.421875,1,,,diagnostic,2026-09-23-damacy-pr164-before-after:10,,"[1,256,256]",uncompressed capacity,"[512,1024,1024]",bit,,/mnt/main0/home/nclack/tmp/2026-09-23-damacy-pr164-before-after/job-3806589/report/concurrency.csv,,line:11,retained_verified_trace_summary,local XFS,,,,,,overlapping application pread calls in separate instrumented diagnostic,damacy,,false,3033.0,,,,32,random-1x256x256,
14.068407950802838,16.0,4.916180884582417,9.0,"[512,4096,4096]",cpu,16384,local client pages evicted/checked; metadata warmed; caches reset; readahead mode recorded in implementation,"[1,128,256]",blosc-zstd,3,read_overlap|2026-09-23-damacy-pr164-before-after|zstd|64|16|before|random-1x256x256,,zstd-c64-b16-before-random-1x256x256,synthetic,smooth4,2026-09-23,node-local /tmp,,,,uint16,,Instrumented traces are excluded from throughput repetitions,read_overlap_controls,,,0.0,retained per-encoding report and fixed sixteen-shard protocol,,,before,16,,cpu-turin-gp-l-244-025,,/mnt/main0/home/nclack/tmp/2026-09-23-damacy-pr164-before-after/job-3806589/filesystem.txt,"rw,relatime,attr2,inode64,logbufs=8,logbsize=32k,sunit=1024,swidth=4096,prjquota","Application call overlap is not device queue depth. The full-scan trace is a diagnostic subset, not a throughput measurement of the entire array. See read-runs for separate trace/timed-run locators.",,"{""codec"":""zstd"",""fraction_at_sixteen_shards"":""0.0"",""implementation"":""before"",""mean_read_calls"":""14.068407950802838"",""mean_shards"":""4.916180884582417"",""page_union_mib"":""110.34375"",""peak_read_calls"":""16"",""peak_shards"":""9"",""read_calls"":""3042"",""reader_mib"":""103.74985313415527"",""repeat"":""1"",""storage_mib"":""243.19921875"",""unique_payload_bytes"":""108466161"",""verified_chunk_ranges"":""3033""}",fixed available files; observed read-call and file overlap are separate,available_shards,16,,2026-09-23-damacy-pr164-before-after,65536,1073741824,3042.0,,retained_derived_diagnostic,,103.74985313415527,243.19921875,1,,,diagnostic,2026-09-23-damacy-pr164-before-after:11,,"[1,256,256]",uncompressed capacity,"[512,1024,1024]",bit,,/mnt/main0/home/nclack/tmp/2026-09-23-damacy-pr164-before-after/job-3806589/report/concurrency.csv,,line:12,retained_verified_trace_summary,local XFS,,,,,,overlapping application pread calls in separate instrumented diagnostic,damacy,,false,3033.0,,,,32,random-1x256x256,
7.812527340512593,16.0,6.597025107324787,14.0,"[512,4096,4096]",cpu,16384,local client pages evicted/checked; metadata warmed; caches reset; readahead mode recorded in implementation,"[1,128,256]",blosc-zstd,3,read_overlap|2026-09-23-damacy-pr164-before-after|zstd|64|16|tensorstore|random-1x256x256,,zstd-c64-b16-tensorstore-random-1x256x256,synthetic,smooth4,2026-09-23,node-local /tmp,,,,uint16,,Instrumented traces are excluded from throughput repetitions,read_overlap_controls,,,0.0,retained per-encoding report and fixed sixteen-shard protocol,,,tensorstore,16,,cpu-turin-gp-l-244-025,,/mnt/main0/home/nclack/tmp/2026-09-23-damacy-pr164-before-after/job-3806589/filesystem.txt,"rw,relatime,attr2,inode64,logbufs=8,logbsize=32k,sunit=1024,swidth=4096,prjquota","Application call overlap is not device queue depth. The full-scan trace is a diagnostic subset, not a throughput measurement of the entire array. See read-runs for separate trace/timed-run locators.",,"{""codec"":""zstd"",""fraction_at_sixteen_shards"":""0.0"",""implementation"":""tensorstore"",""mean_read_calls"":""7.812527340512593"",""mean_shards"":""6.597025107324787"",""page_union_mib"":""110.34375"",""peak_read_calls"":""16"",""peak_shards"":""14"",""read_calls"":""1776"",""reader_mib"":""103.61256217956543"",""repeat"":""1"",""storage_mib"":""110.421875"",""unique_payload_bytes"":""108466161"",""verified_chunk_ranges"":""3033""}",fixed available files; observed read-call and file overlap are separate,available_shards,16,,2026-09-23-damacy-pr164-before-after,65536,1073741824,1776.0,,retained_derived_diagnostic,,103.61256217956543,110.421875,1,,0.1.85,diagnostic,2026-09-23-damacy-pr164-before-after:12,,"[1,256,256]",uncompressed capacity,"[512,1024,1024]",bit,,/mnt/main0/home/nclack/tmp/2026-09-23-damacy-pr164-before-after/job-3806589/report/concurrency.csv,,line:13,retained_verified_trace_summary,local XFS,,,,,,overlapping application pread calls in separate instrumented diagnostic,tensorstore,,false,3033.0,,,,32,random-1x256x256,
12.37788379085902,16.0,10.318637692277967,16.0,"[512,4096,4096]",cpu,16384,local client pages evicted/checked; metadata warmed; caches reset; readahead mode recorded in implementation,"[1,128,256]",blosc-zstd,3,read_overlap|2026-09-23-damacy-pr164-before-after|zstd|64|16|after|random-1x256x256,,zstd-c64-b16-after-random-1x256x256,synthetic,smooth4,2026-09-23,node-local /tmp,,,,uint16,,Instrumented traces are excluded from throughput repetitions,read_overlap_controls,,,0.04406094434024581,retained per-encoding report and fixed sixteen-shard protocol,,,after,16,,cpu-turin-gp-l-244-025,,/mnt/main0/home/nclack/tmp/2026-09-23-damacy-pr164-before-after/job-3806589/filesystem.txt,"rw,relatime,attr2,inode64,logbufs=8,logbsize=32k,sunit=1024,swidth=4096,prjquota","Application call overlap is not device queue depth. The full-scan trace is a diagnostic subset, not a throughput measurement of the entire array. See read-runs for separate trace/timed-run locators.",,"{""codec"":""zstd"",""fraction_at_sixteen_shards"":""0.04406094434024581"",""implementation"":""after"",""mean_read_calls"":""12.37788379085902"",""mean_shards"":""10.318637692277967"",""page_union_mib"":""110.34375"",""peak_read_calls"":""16"",""peak_shards"":""16"",""read_calls"":""1778"",""reader_mib"":""103.74985313415527"",""repeat"":""2"",""storage_mib"":""110.421875"",""unique_payload_bytes"":""108466161"",""verified_chunk_ranges"":""3033""}",fixed available files; observed read-call and file overlap are separate,available_shards,16,,2026-09-23-damacy-pr164-before-after,65536,1073741824,1778.0,,retained_derived_diagnostic,,103.74985313415527,110.421875,2,,,diagnostic,2026-09-23-damacy-pr164-before-after:13,,"[1,256,256]",uncompressed capacity,"[512,1024,1024]",bit,,/mnt/main0/home/nclack/tmp/2026-09-23-damacy-pr164-before-after/job-3806589/report/concurrency.csv,,line:14,retained_verified_trace_summary,local XFS,,,,,,overlapping application pread calls in separate instrumented diagnostic,damacy,,false,3033.0,,,,32,random-1x256x256,
14.301964365069301,16.0,4.929972738582403,9.0,"[512,4096,4096]",cpu,16384,local client pages evicted/checked; metadata warmed; caches reset; readahead mode recorded in implementation,"[1,128,256]",blosc-zstd,3,read_overlap|2026-09-23-damacy-pr164-before-after|zstd|64|16|before|random-1x256x256,,zstd-c64-b16-before-random-1x256x256,synthetic,smooth4,2026-09-23,node-local /tmp,,,,uint16,,Instrumented traces are excluded from throughput repetitions,read_overlap_controls,,,0.0,retained per-encoding report and fixed sixteen-shard protocol,,,before,16,,cpu-turin-gp-l-244-025,,/mnt/main0/home/nclack/tmp/2026-09-23-damacy-pr164-before-after/job-3806589/filesystem.txt,"rw,relatime,attr2,inode64,logbufs=8,logbsize=32k,sunit=1024,swidth=4096,prjquota","Application call overlap is not device queue depth. The full-scan trace is a diagnostic subset, not a throughput measurement of the entire array. See read-runs for separate trace/timed-run locators.",,"{""codec"":""zstd"",""fraction_at_sixteen_shards"":""0.0"",""implementation"":""before"",""mean_read_calls"":""14.301964365069301"",""mean_shards"":""4.929972738582403"",""page_union_mib"":""110.34375"",""peak_read_calls"":""16"",""peak_shards"":""9"",""read_calls"":""3042"",""reader_mib"":""103.74985313415527"",""repeat"":""2"",""storage_mib"":""245.55078125"",""unique_payload_bytes"":""108466161"",""verified_chunk_ranges"":""3033""}",fixed available files; observed read-call and file overlap are separate,available_shards,16,,2026-09-23-damacy-pr164-before-after,65536,1073741824,3042.0,,retained_derived_diagnostic,,103.74985313415527,245.55078125,2,,,diagnostic,2026-09-23-damacy-pr164-before-after:14,,"[1,256,256]",uncompressed capacity,"[512,1024,1024]",bit,,/mnt/main0/home/nclack/tmp/2026-09-23-damacy-pr164-before-after/job-3806589/report/concurrency.csv,,line:15,retained_verified_trace_summary,local XFS,,,,,,overlapping application pread calls in separate instrumented diagnostic,damacy,,false,3033.0,,,,32,random-1x256x256,
9.16192228074658,16.0,7.753166543568204,15.0,"[512,4096,4096]",cpu,16384,local client pages evicted/checked; metadata warmed; caches reset; readahead mode recorded in implementation,"[1,128,256]",blosc-zstd,3,read_overlap|2026-09-23-damacy-pr164-before-after|zstd|64|16|tensorstore|random-1x256x256,,zstd-c64-b16-tensorstore-random-1x256x256,synthetic,smooth4,2026-09-23,node-local /tmp,,,,uint16,,Instrumented traces are excluded from throughput repetitions,read_overlap_controls,,,0.0,retained per-encoding report and fixed sixteen-shard protocol,,,tensorstore,16,,cpu-turin-gp-l-244-025,,/mnt/main0/home/nclack/tmp/2026-09-23-damacy-pr164-before-after/job-3806589/filesystem.txt,"rw,relatime,attr2,inode64,logbufs=8,logbsize=32k,sunit=1024,swidth=4096,prjquota","Application call overlap is not device queue depth. The full-scan trace is a diagnostic subset, not a throughput measurement of the entire array. See read-runs for separate trace/timed-run locators.",,"{""codec"":""zstd"",""fraction_at_sixteen_shards"":""0.0"",""implementation"":""tensorstore"",""mean_read_calls"":""9.16192228074658"",""mean_shards"":""7.753166543568204"",""page_union_mib"":""110.34375"",""peak_read_calls"":""16"",""peak_shards"":""15"",""read_calls"":""1776"",""reader_mib"":""103.61256217956543"",""repeat"":""2"",""storage_mib"":""110.421875"",""unique_payload_bytes"":""108466161"",""verified_chunk_ranges"":""3033""}",fixed available files; observed read-call and file overlap are separate,available_shards,16,,2026-09-23-damacy-pr164-before-after,65536,1073741824,1776.0,,retained_derived_diagnostic,,103.61256217956543,110.421875,2,,0.1.85,diagnostic,2026-09-23-damacy-pr164-before-after:15,,"[1,256,256]",uncompressed capacity,"[512,1024,1024]",bit,,/mnt/main0/home/nclack/tmp/2026-09-23-damacy-pr164-before-after/job-3806589/report/concurrency.csv,,line:16,retained_verified_trace_summary,local XFS,,,,,,overlapping application pread calls in separate instrumented diagnostic,tensorstore,,false,3033.0,,,,32,random-1x256x256,
12.163727748538934,16.0,10.146321860919675,16.0,"[512,4096,4096]",cpu,16384,local client pages evicted/checked; metadata warmed; caches reset; readahead mode recorded in implementation,"[1,128,256]",blosc-zstd,3,read_overlap|2026-09-23-damacy-pr164-before-after|zstd|64|16|after|random-1x256x256,,zstd-c64-b16-after-random-1x256x256,synthetic,smooth4,2026-09-23,node-local /tmp,,,,uint16,,Instrumented traces are excluded from throughput repetitions,read_overlap_controls,,,0.049114151733669134,retained per-encoding report and fixed sixteen-shard protocol,,,after,16,,cpu-turin-gp-l-244-025,,/mnt/main0/home/nclack/tmp/2026-09-23-damacy-pr164-before-after/job-3806589/filesystem.txt,"rw,relatime,attr2,inode64,logbufs=8,logbsize=32k,sunit=1024,swidth=4096,prjquota","Application call overlap is not device queue depth. The full-scan trace is a diagnostic subset, not a throughput measurement of the entire array. See read-runs for separate trace/timed-run locators.",,"{""codec"":""zstd"",""fraction_at_sixteen_shards"":""0.049114151733669134"",""implementation"":""after"",""mean_read_calls"":""12.163727748538934"",""mean_shards"":""10.146321860919675"",""page_union_mib"":""110.34375"",""peak_read_calls"":""16"",""peak_shards"":""16"",""read_calls"":""1778"",""reader_mib"":""103.74985313415527"",""repeat"":""3"",""storage_mib"":""110.421875"",""unique_payload_bytes"":""108466161"",""verified_chunk_ranges"":""3033""}",fixed available files; observed read-call and file overlap are separate,available_shards,16,,2026-09-23-damacy-pr164-before-after,65536,1073741824,1778.0,,retained_derived_diagnostic,,103.74985313415527,110.421875,3,,,diagnostic,2026-09-23-damacy-pr164-before-after:16,,"[1,256,256]",uncompressed capacity,"[512,1024,1024]",bit,,/mnt/main0/home/nclack/tmp/2026-09-23-damacy-pr164-before-after/job-3806589/report/concurrency.csv,,line:17,retained_verified_trace_summary,local XFS,,,,,,overlapping application pread calls in separate instrumented diagnostic,damacy,,false,3033.0,,,,32,random-1x256x256,
14.421727904306819,16.0,5.087272511592182,10.0,"[512,4096,4096]",cpu,16384,local client pages evicted/checked; metadata warmed; caches reset; readahead mode recorded in implementation,"[1,128,256]",blosc-zstd,3,read_overlap|2026-09-23-damacy-pr164-before-after|zstd|64|16|before|random-1x256x256,,zstd-c64-b16-before-random-1x256x256,synthetic,smooth4,2026-09-23,node-local /tmp,,,,uint16,,Instrumented traces are excluded from throughput repetitions,read_overlap_controls,,,0.0,retained per-encoding report and fixed sixteen-shard protocol,,,before,16,,cpu-turin-gp-l-244-025,,/mnt/main0/home/nclack/tmp/2026-09-23-damacy-pr164-before-after/job-3806589/filesystem.txt,"rw,relatime,attr2,inode64,logbufs=8,logbsize=32k,sunit=1024,swidth=4096,prjquota","Application call overlap is not device queue depth. The full-scan trace is a diagnostic subset, not a throughput measurement of the entire array. See read-runs for separate trace/timed-run locators.",,"{""codec"":""zstd"",""fraction_at_sixteen_shards"":""0.0"",""implementation"":""before"",""mean_read_calls"":""14.421727904306819"",""mean_shards"":""5.087272511592182"",""page_union_mib"":""110.34375"",""peak_read_calls"":""16"",""peak_shards"":""10"",""read_calls"":""3042"",""reader_mib"":""103.74985313415527"",""repeat"":""3"",""storage_mib"":""242.6875"",""unique_payload_bytes"":""108466161"",""verified_chunk_ranges"":""3033""}",fixed available files; observed read-call and file overlap are separate,available_shards,16,,2026-09-23-damacy-pr164-before-after,65536,1073741824,3042.0,,retained_derived_diagnostic,,103.74985313415527,242.6875,3,,,diagnostic,2026-09-23-damacy-pr164-before-after:17,,"[1,256,256]",uncompressed capacity,"[512,1024,1024]",bit,,/mnt/main0/home/nclack/tmp/2026-09-23-damacy-pr164-before-after/job-3806589/report/concurrency.csv,,line:18,retained_verified_trace_summary,local XFS,,,,,,overlapping application pread calls in separate instrumented diagnostic,damacy,,false,3033.0,,,,32,random-1x256x256,
7.880181573901683,16.0,6.657963518490754,13.0,"[512,4096,4096]",cpu,16384,local client pages evicted/checked; metadata warmed; caches reset; readahead mode recorded in implementation,"[1,128,256]",blosc-zstd,3,read_overlap|2026-09-23-damacy-pr164-before-after|zstd|64|16|tensorstore|random-1x256x256,,zstd-c64-b16-tensorstore-random-1x256x256,synthetic,smooth4,2026-09-23,node-local /tmp,,,,uint16,,Instrumented traces are excluded from throughput repetitions,read_overlap_controls,,,0.0,retained per-encoding report and fixed sixteen-shard protocol,,,tensorstore,16,,cpu-turin-gp-l-244-025,,/mnt/main0/home/nclack/tmp/2026-09-23-damacy-pr164-before-after/job-3806589/filesystem.txt,"rw,relatime,attr2,inode64,logbufs=8,logbsize=32k,sunit=1024,swidth=4096,prjquota","Application call overlap is not device queue depth. The full-scan trace is a diagnostic subset, not a throughput measurement of the entire array. See read-runs for separate trace/timed-run locators.",,"{""codec"":""zstd"",""fraction_at_sixteen_shards"":""0.0"",""implementation"":""tensorstore"",""mean_read_calls"":""7.880181573901683"",""mean_shards"":""6.657963518490754"",""page_union_mib"":""110.34375"",""peak_read_calls"":""16"",""peak_shards"":""13"",""read_calls"":""1776"",""reader_mib"":""103.61256217956543"",""repeat"":""3"",""storage_mib"":""110.421875"",""unique_payload_bytes"":""108466161"",""verified_chunk_ranges"":""3033""}",fixed available files; observed read-call and file overlap are separate,available_shards,16,,2026-09-23-damacy-pr164-before-after,65536,1073741824,1776.0,,retained_derived_diagnostic,,103.61256217956543,110.421875,3,,0.1.85,diagnostic,2026-09-23-damacy-pr164-before-after:18,,"[1,256,256]",uncompressed capacity,"[512,1024,1024]",bit,,/mnt/main0/home/nclack/tmp/2026-09-23-damacy-pr164-before-after/job-3806589/report/concurrency.csv,,line:19,retained_verified_trace_summary,local XFS,,,,,,overlapping application pread calls in separate instrumented diagnostic,tensorstore,,false,3033.0,,,,32,random-1x256x256,
,,10.378982789018607,16.0,"[512,4096,4096]",cpu,16384,local client pages evicted/checked; metadata warmed; caches reset; readahead mode recorded in implementation,"[1,128,256]",blosc-lz4,3,read_overlap|2026-09-24-damacy-cold-readahead|lz4|64|16|batch-default|random-1x256x256,,lz4-c64-b16-batch-default-random-1x256x256,synthetic,smooth4,2026-09-24,node-local /tmp,,,,uint16,,Instrumented traces are excluded from throughput repetitions,read_overlap_controls,,,0.042854419091652496,retained per-encoding report and fixed sixteen-shard protocol,,,batch-default,16,,cpu-turin-gp-l-244-025,,/mnt/main0/home/nclack/tmp/2026-09-24-damacy-cold-readahead/job-3808884/filesystem.txt,"rw,relatime,attr2,inode64,logbufs=8,logbsize=32k,sunit=1024,swidth=4096,prjquota","Application call overlap is not device queue depth. The full-scan trace is a diagnostic subset, not a throughput measurement of the entire array. See read-runs for separate trace/timed-run locators.",,"{""codec"":""lz4"",""fraction_at_sixteen_shards"":""0.042854419091652496"",""implementation"":""batch-default"",""mean_shards"":""10.378982789018607"",""peak_shards"":""16"",""read_calls"":""1778"",""reader_mib"":""121.30703258514404"",""storage_mib"":""127.95703125"",""verified_chunk_ranges"":""3033""}",fixed available files; observed read-call and file overlap are separate,available_shards,16,,2026-09-24-damacy-cold-readahead,65536,1073741824,1778.0,,retained_derived_diagnostic,,121.30703258514404,127.95703125,,,,diagnostic,2026-09-24-damacy-cold-readahead:1,,"[1,256,256]",uncompressed capacity,"[512,1024,1024]",bit,,/mnt/main0/home/nclack/tmp/2026-09-24-damacy-cold-readahead/job-3808884/report/concurrency.csv,,line:2,retained_verified_trace_summary,local XFS,,,,,,overlapping application pread calls in separate instrumented diagnostic,damacy,,false,3033.0,,,,32,random-1x256x256,
,,10.317782793124671,16.0,"[512,4096,4096]",cpu,16384,local client pages evicted/checked; metadata warmed; caches reset; readahead mode recorded in implementation,"[1,128,256]",blosc-lz4,3,read_overlap|2026-09-24-damacy-cold-readahead|lz4|64|16|batch-random|random-1x256x256,,lz4-c64-b16-batch-random-random-1x256x256,synthetic,smooth4,2026-09-24,node-local /tmp,,,,uint16,,Instrumented traces are excluded from throughput repetitions,read_overlap_controls,,,0.050128874654317104,retained per-encoding report and fixed sixteen-shard protocol,,,batch-random,16,,cpu-turin-gp-l-244-025,,/mnt/main0/home/nclack/tmp/2026-09-24-damacy-cold-readahead/job-3808884/filesystem.txt,"rw,relatime,attr2,inode64,logbufs=8,logbsize=32k,sunit=1024,swidth=4096,prjquota","Application call overlap is not device queue depth. The full-scan trace is a diagnostic subset, not a throughput measurement of the entire array. See read-runs for separate trace/timed-run locators.",,"{""codec"":""lz4"",""fraction_at_sixteen_shards"":""0.050128874654317104"",""implementation"":""batch-random"",""mean_shards"":""10.317782793124671"",""peak_shards"":""16"",""read_calls"":""1778"",""reader_mib"":""121.30703258514404"",""storage_mib"":""127.8671875"",""verified_chunk_ranges"":""3033""}",fixed available files; observed read-call and file overlap are separate,available_shards,16,,2026-09-24-damacy-cold-readahead,65536,1073741824,1778.0,,retained_derived_diagnostic,,121.30703258514404,127.8671875,,,,diagnostic,2026-09-24-damacy-cold-readahead:2,,"[1,256,256]",uncompressed capacity,"[512,1024,1024]",bit,,/mnt/main0/home/nclack/tmp/2026-09-24-damacy-cold-readahead/job-3808884/report/concurrency.csv,,line:3,retained_verified_trace_summary,local XFS,,,,,,overlapping application pread calls in separate instrumented diagnostic,damacy,,false,3033.0,,,,32,random-1x256x256,
,,10.180875740713146,16.0,"[512,4096,4096]",cpu,16384,local client pages evicted/checked; metadata warmed; caches reset; readahead mode recorded in implementation,"[1,128,256]",blosc-lz4,3,read_overlap|2026-09-24-damacy-cold-readahead|lz4|64|16|persistent-default|random-1x256x256,,lz4-c64-b16-persistent-default-random-1x256x256,synthetic,smooth4,2026-09-24,node-local /tmp,,,,uint16,,Instrumented traces are excluded from throughput repetitions,read_overlap_controls,,,0.042876069854146964,retained per-encoding report and fixed sixteen-shard protocol,,,persistent-default,16,,cpu-turin-gp-l-244-025,,/mnt/main0/home/nclack/tmp/2026-09-24-damacy-cold-readahead/job-3808884/filesystem.txt,"rw,relatime,attr2,inode64,logbufs=8,logbsize=32k,sunit=1024,swidth=4096,prjquota","Application call overlap is not device queue depth. The full-scan trace is a diagnostic subset, not a throughput measurement of the entire array. See read-runs for separate trace/timed-run locators.",,"{""codec"":""lz4"",""fraction_at_sixteen_shards"":""0.042876069854146964"",""implementation"":""persistent-default"",""mean_shards"":""10.180875740713146"",""peak_shards"":""16"",""read_calls"":""1778"",""reader_mib"":""121.30703258514404"",""storage_mib"":""127.95703125"",""verified_chunk_ranges"":""3033""}",fixed available files; observed read-call and file overlap are separate,available_shards,16,,2026-09-24-damacy-cold-readahead,65536,1073741824,1778.0,,retained_derived_diagnostic,,121.30703258514404,127.95703125,,,,diagnostic,2026-09-24-damacy-cold-readahead:3,,"[1,256,256]",uncompressed capacity,"[512,1024,1024]",bit,,/mnt/main0/home/nclack/tmp/2026-09-24-damacy-cold-readahead/job-3808884/report/concurrency.csv,,line:4,retained_verified_trace_summary,local XFS,,,,,,overlapping application pread calls in separate instrumented diagnostic,damacy,,false,3033.0,,,,32,random-1x256x256,
,,10.597963765102032,16.0,"[512,4096,4096]",cpu,16384,local client pages evicted/checked; metadata warmed; caches reset; readahead mode recorded in implementation,"[1,128,256]",blosc-lz4,3,read_overlap|2026-09-24-damacy-cold-readahead|lz4|64|16|persistent-random|random-1x256x256,,lz4-c64-b16-persistent-random-random-1x256x256,synthetic,smooth4,2026-09-24,node-local /tmp,,,,uint16,,Instrumented traces are excluded from throughput repetitions,read_overlap_controls,,,0.036327348027557105,retained per-encoding report and fixed sixteen-shard protocol,,,persistent-random,16,,cpu-turin-gp-l-244-025,,/mnt/main0/home/nclack/tmp/2026-09-24-damacy-cold-readahead/job-3808884/filesystem.txt,"rw,relatime,attr2,inode64,logbufs=8,logbsize=32k,sunit=1024,swidth=4096,prjquota","Application call overlap is not device queue depth. The full-scan trace is a diagnostic subset, not a throughput measurement of the entire array. See read-runs for separate trace/timed-run locators.",,"{""codec"":""lz4"",""fraction_at_sixteen_shards"":""0.036327348027557105"",""implementation"":""persistent-random"",""mean_shards"":""10.597963765102032"",""peak_shards"":""16"",""read_calls"":""1778"",""reader_mib"":""121.30703258514404"",""storage_mib"":""127.8671875"",""verified_chunk_ranges"":""3033""}",fixed available files; observed read-call and file overlap are separate,available_shards,16,,2026-09-24-damacy-cold-readahead,65536,1073741824,1778.0,,retained_derived_diagnostic,,121.30703258514404,127.8671875,,,,diagnostic,2026-09-24-damacy-cold-readahead:4,,"[1,256,256]",uncompressed capacity,"[512,1024,1024]",bit,,/mnt/main0/home/nclack/tmp/2026-09-24-damacy-cold-readahead/job-3808884/report/concurrency.csv,,line:5,retained_verified_trace_summary,local XFS,,,,,,overlapping application pread calls in separate instrumented diagnostic,damacy,,false,3033.0,,,,32,random-1x256x256,
,,7.396158648309312,13.0,"[512,4096,4096]",cpu,16384,local client pages evicted/checked; metadata warmed; caches reset; readahead mode recorded in implementation,"[1,128,256]",blosc-lz4,3,read_overlap|2026-09-24-damacy-cold-readahead|lz4|64|16|tensorstore|random-1x256x256,,lz4-c64-b16-tensorstore-random-1x256x256,synthetic,smooth4,2026-09-24,node-local /tmp,,,,uint16,,Instrumented traces are excluded from throughput repetitions,read_overlap_controls,,,0.0,retained per-encoding report and fixed sixteen-shard protocol,,,tensorstore,16,,cpu-turin-gp-l-244-025,,/mnt/main0/home/nclack/tmp/2026-09-24-damacy-cold-readahead/job-3808884/filesystem.txt,"rw,relatime,attr2,inode64,logbufs=8,logbsize=32k,sunit=1024,swidth=4096,prjquota","Application call overlap is not device queue depth. The full-scan trace is a diagnostic subset, not a throughput measurement of the entire array. See read-runs for separate trace/timed-run locators.",,"{""codec"":""lz4"",""fraction_at_sixteen_shards"":""0.0"",""implementation"":""tensorstore"",""mean_shards"":""7.396158648309312"",""peak_shards"":""13"",""read_calls"":""1776"",""reader_mib"":""121.14723300933838"",""storage_mib"":""127.95703125"",""verified_chunk_ranges"":""3033""}",fixed available files; observed read-call and file overlap are separate,available_shards,16,,2026-09-24-damacy-cold-readahead,65536,1073741824,1776.0,,retained_derived_diagnostic,,121.14723300933838,127.95703125,,,0.1.85,diagnostic,2026-09-24-damacy-cold-readahead:5,,"[1,256,256]",uncompressed capacity,"[512,1024,1024]",bit,,/mnt/main0/home/nclack/tmp/2026-09-24-damacy-cold-readahead/job-3808884/report/concurrency.csv,,line:6,retained_verified_trace_summary,local XFS,,,,,,overlapping application pread calls in separate instrumented diagnostic,tensorstore,,false,3033.0,,,,32,random-1x256x256,
,,9.669262505817489,16.0,"[512,4096,4096]",cpu,16384,local client pages evicted/checked; metadata warmed; caches reset; readahead mode recorded in implementation,"[1,128,256]",blosc-zstd,3,read_overlap|2026-09-24-damacy-cold-readahead|zstd|64|16|batch-default|random-1x256x256,,zstd-c64-b16-batch-default-random-1x256x256,synthetic,smooth4,2026-09-24,node-local /tmp,,,,uint16,,Instrumented traces are excluded from throughput repetitions,read_overlap_controls,,,0.04699582051863557,retained per-encoding report and fixed sixteen-shard protocol,,,batch-default,16,,cpu-turin-gp-l-244-025,,/mnt/main0/home/nclack/tmp/2026-09-24-damacy-cold-readahead/job-3808884/filesystem.txt,"rw,relatime,attr2,inode64,logbufs=8,logbsize=32k,sunit=1024,swidth=4096,prjquota","Application call overlap is not device queue depth. The full-scan trace is a diagnostic subset, not a throughput measurement of the entire array. See read-runs for separate trace/timed-run locators.",,"{""codec"":""zstd"",""fraction_at_sixteen_shards"":""0.04699582051863557"",""implementation"":""batch-default"",""mean_shards"":""9.669262505817489"",""peak_shards"":""16"",""read_calls"":""1778"",""reader_mib"":""103.74985313415527"",""storage_mib"":""110.421875"",""verified_chunk_ranges"":""3033""}",fixed available files; observed read-call and file overlap are separate,available_shards,16,,2026-09-24-damacy-cold-readahead,65536,1073741824,1778.0,,retained_derived_diagnostic,,103.74985313415527,110.421875,,,,diagnostic,2026-09-24-damacy-cold-readahead:6,,"[1,256,256]",uncompressed capacity,"[512,1024,1024]",bit,,/mnt/main0/home/nclack/tmp/2026-09-24-damacy-cold-readahead/job-3808884/report/concurrency.csv,,line:7,retained_verified_trace_summary,local XFS,,,,,,overlapping application pread calls in separate instrumented diagnostic,damacy,,false,3033.0,,,,32,random-1x256x256,
,,10.271402768795802,16.0,"[512,4096,4096]",cpu,16384,local client pages evicted/checked; metadata warmed; caches reset; readahead mode recorded in implementation,"[1,128,256]",blosc-zstd,3,read_overlap|2026-09-24-damacy-cold-readahead|zstd|64|16|batch-random|random-1x256x256,,zstd-c64-b16-batch-random-random-1x256x256,synthetic,smooth4,2026-09-24,node-local /tmp,,,,uint16,,Instrumented traces are excluded from throughput repetitions,read_overlap_controls,,,0.04454549293971159,retained per-encoding report and fixed sixteen-shard protocol,,,batch-random,16,,cpu-turin-gp-l-244-025,,/mnt/main0/home/nclack/tmp/2026-09-24-damacy-cold-readahead/job-3808884/filesystem.txt,"rw,relatime,attr2,inode64,logbufs=8,logbsize=32k,sunit=1024,swidth=4096,prjquota","Application call overlap is not device queue depth. The full-scan trace is a diagnostic subset, not a throughput measurement of the entire array. See read-runs for separate trace/timed-run locators.",,"{""codec"":""zstd"",""fraction_at_sixteen_shards"":""0.04454549293971159"",""implementation"":""batch-random"",""mean_shards"":""10.271402768795802"",""peak_shards"":""16"",""read_calls"":""1778"",""reader_mib"":""103.74985313415527"",""storage_mib"":""110.34375"",""verified_chunk_ranges"":""3033""}",fixed available files; observed read-call and file overlap are separate,available_shards,16,,2026-09-24-damacy-cold-readahead,65536,1073741824,1778.0,,retained_derived_diagnostic,,103.74985313415527,110.34375,,,,diagnostic,2026-09-24-damacy-cold-readahead:7,,"[1,256,256]",uncompressed capacity,"[512,1024,1024]",bit,,/mnt/main0/home/nclack/tmp/2026-09-24-damacy-cold-readahead/job-3808884/report/concurrency.csv,,line:8,retained_verified_trace_summary,local XFS,,,,,,overlapping application pread calls in separate instrumented diagnostic,damacy,,false,3033.0,,,,32,random-1x256x256,
,,9.648824700586703,16.0,"[512,4096,4096]",cpu,16384,local client pages evicted/checked; metadata warmed; caches reset; readahead mode recorded in implementation,"[1,128,256]",blosc-zstd,3,read_overlap|2026-09-24-damacy-cold-readahead|zstd|64|16|persistent-default|random-1x256x256,,zstd-c64-b16-persistent-default-random-1x256x256,synthetic,smooth4,2026-09-24,node-local /tmp,,,,uint16,,Instrumented traces are excluded from throughput repetitions,read_overlap_controls,,,0.05203320704909175,retained per-encoding report and fixed sixteen-shard protocol,,,persistent-default,16,,cpu-turin-gp-l-244-025,,/mnt/main0/home/nclack/tmp/2026-09-24-damacy-cold-readahead/job-3808884/filesystem.txt,"rw,relatime,attr2,inode64,logbufs=8,logbsize=32k,sunit=1024,swidth=4096,prjquota","Application call overlap is not device queue depth. The full-scan trace is a diagnostic subset, not a throughput measurement of the entire array. See read-runs for separate trace/timed-run locators.",,"{""codec"":""zstd"",""fraction_at_sixteen_shards"":""0.05203320704909175"",""implementation"":""persistent-default"",""mean_shards"":""9.648824700586703"",""peak_shards"":""16"",""read_calls"":""1778"",""reader_mib"":""103.74985313415527"",""storage_mib"":""110.421875"",""verified_chunk_ranges"":""3033""}",fixed available files; observed read-call and file overlap are separate,available_shards,16,,2026-09-24-damacy-cold-readahead,65536,1073741824,1778.0,,retained_derived_diagnostic,,103.74985313415527,110.421875,,,,diagnostic,2026-09-24-damacy-cold-readahead:8,,"[1,256,256]",uncompressed capacity,"[512,1024,1024]",bit,,/mnt/main0/home/nclack/tmp/2026-09-24-damacy-cold-readahead/job-3808884/report/concurrency.csv,,line:9,retained_verified_trace_summary,local XFS,,,,,,overlapping application pread calls in separate instrumented diagnostic,damacy,,false,3033.0,,,,32,random-1x256x256,
,,9.99489735323064,16.0,"[512,4096,4096]",cpu,16384,local client pages evicted/checked; metadata warmed; caches reset; readahead mode recorded in implementation,"[1,128,256]",blosc-zstd,3,read_overlap|2026-09-24-damacy-cold-readahead|zstd|64|16|persistent-random|random-1x256x256,,zstd-c64-b16-persistent-random-random-1x256x256,synthetic,smooth4,2026-09-24,node-local /tmp,,,,uint16,,Instrumented traces are excluded from throughput repetitions,read_overlap_controls,,,0.04810814599882858,retained per-encoding report and fixed sixteen-shard protocol,,,persistent-random,16,,cpu-turin-gp-l-244-025,,/mnt/main0/home/nclack/tmp/2026-09-24-damacy-cold-readahead/job-3808884/filesystem.txt,"rw,relatime,attr2,inode64,logbufs=8,logbsize=32k,sunit=1024,swidth=4096,prjquota","Application call overlap is not device queue depth. The full-scan trace is a diagnostic subset, not a throughput measurement of the entire array. See read-runs for separate trace/timed-run locators.",,"{""codec"":""zstd"",""fraction_at_sixteen_shards"":""0.04810814599882858"",""implementation"":""persistent-random"",""mean_shards"":""9.99489735323064"",""peak_shards"":""16"",""read_calls"":""1778"",""reader_mib"":""103.74985313415527"",""storage_mib"":""110.34375"",""verified_chunk_ranges"":""3033""}",fixed available files; observed read-call and file overlap are separate,available_shards,16,,2026-09-24-damacy-cold-readahead,65536,1073741824,1778.0,,retained_derived_diagnostic,,103.74985313415527,110.34375,,,,diagnostic,2026-09-24-damacy-cold-readahead:9,,"[1,256,256]",uncompressed capacity,"[512,1024,1024]",bit,,/mnt/main0/home/nclack/tmp/2026-09-24-damacy-cold-readahead/job-3808884/report/concurrency.csv,,line:10,retained_verified_trace_summary,local XFS,,,,,,overlapping application pread calls in separate instrumented diagnostic,damacy,,false,3033.0,,,,32,random-1x256x256,
,,7.198830563874259,15.0,"[512,4096,4096]",cpu,16384,local client pages evicted/checked; metadata warmed; caches reset; readahead mode recorded in implementation,"[1,128,256]",blosc-zstd,3,read_overlap|2026-09-24-damacy-cold-readahead|zstd|64|16|tensorstore|random-1x256x256,,zstd-c64-b16-tensorstore-random-1x256x256,synthetic,smooth4,2026-09-24,node-local /tmp,,,,uint16,,Instrumented traces are excluded from throughput repetitions,read_overlap_controls,,,0.0,retained per-encoding report and fixed sixteen-shard protocol,,,tensorstore,16,,cpu-turin-gp-l-244-025,,/mnt/main0/home/nclack/tmp/2026-09-24-damacy-cold-readahead/job-3808884/filesystem.txt,"rw,relatime,attr2,inode64,logbufs=8,logbsize=32k,sunit=1024,swidth=4096,prjquota","Application call overlap is not device queue depth. The full-scan trace is a diagnostic subset, not a throughput measurement of the entire array. See read-runs for separate trace/timed-run locators.",,"{""codec"":""zstd"",""fraction_at_sixteen_shards"":""0.0"",""implementation"":""tensorstore"",""mean_shards"":""7.198830563874259"",""peak_shards"":""15"",""read_calls"":""1776"",""reader_mib"":""103.61256217956543"",""storage_mib"":""110.421875"",""verified_chunk_ranges"":""3033""}",fixed available files; observed read-call and file overlap are separate,available_shards,16,,2026-09-24-damacy-cold-readahead,65536,1073741824,1776.0,,retained_derived_diagnostic,,103.61256217956543,110.421875,,,0.1.85,diagnostic,2026-09-24-damacy-cold-readahead:10,,"[1,256,256]",uncompressed capacity,"[512,1024,1024]",bit,,/mnt/main0/home/nclack/tmp/2026-09-24-damacy-cold-readahead/job-3808884/report/concurrency.csv,,line:11,retained_verified_trace_summary,local XFS,,,,,,overlapping application pread calls in separate instrumented diagnostic,tensorstore,,false,3033.0,,,,32,random-1x256x256,
6.099867836531287,16.0,6.099867836531287,16.0,"[512,4096,4096]",cpu,16384,local client pages evicted/checked; metadata warmed; caches reset; readahead mode recorded in implementation,"[1,128,256]",blosc-lz4,3,read_overlap|2026-09-24-damacy-cpu-read-buffers|lz4|64|16|chunks128-default|full-scan,,lz4-c64-b16-chunks128-default-full-scan,synthetic,smooth4,2026-09-24,node-local /tmp,,,,uint16,0.061259916,Instrumented traces are excluded from throughput repetitions,read_overlap_controls,,,0.22354849658606935,retained per-encoding report and fixed sixteen-shard protocol,,,chunks128-default,16,,cpu-turin-gp-l-244-025,,/mnt/main0/home/nclack/tmp/2026-09-24-damacy-cpu-read-buffers/job-3810330/filesystem.txt,"rw,relatime,attr2,inode64,logbufs=8,logbsize=32k,sunit=1024,swidth=4096,prjquota","Application call overlap is not device queue depth. The full-scan trace is a diagnostic subset, not a throughput measurement of the entire array. See read-runs for separate trace/timed-run locators.",,"{""between_read_gap_count"":""31"",""codec"":""lz4"",""fraction_at_sixteen_shards"":""0.22354849658606935"",""fraction_no_file_reads"":""0.4905546600389003"",""implementation"":""chunks128-default"",""longest_between_read_gap_seconds"":""0.00166313"",""mean_active_file_reads"":""6.099867836531287"",""mean_shards"":""6.099867836531287"",""median_between_read_gap_seconds"":""0.000941084"",""peak_active_file_reads"":""16"",""peak_shards"":""16"",""read_calls"":""512"",""read_span_seconds"":""0.061259916"",""reader_mib"":""326.844199180603"",""storage_mib"":""452.0"",""trace_seconds"":""0.065857079"",""verified_chunk_ranges"":""8192"",""workload"":""full-scan""}",fixed available files; observed read-call and file overlap are separate,available_shards,16,,2026-09-24-damacy-cpu-read-buffers,65536,1073741824,512.0,,retained_derived_diagnostic,,326.844199180603,452.0,,,,diagnostic,2026-09-24-damacy-cpu-read-buffers:1,,"[8,256,256]",uncompressed capacity,"[512,1024,1024]",bit,,/mnt/main0/home/nclack/tmp/2026-09-24-damacy-cpu-read-buffers/job-3810330/report/concurrency.csv,,line:2,retained_verified_trace_summary,local XFS,,,,,,overlapping application pread calls in separate instrumented diagnostic,damacy,0.065857079,false,8192.0,,,,32,full-scan,
8.118783200455711,16.0,8.118783200455711,16.0,"[512,4096,4096]",cpu,16384,local client pages evicted/checked; metadata warmed; caches reset; readahead mode recorded in implementation,"[1,128,256]",blosc-lz4,3,read_overlap|2026-09-24-damacy-cpu-read-buffers|lz4|64|16|chunks128-random|full-scan,,lz4-c64-b16-chunks128-random-full-scan,synthetic,smooth4,2026-09-24,node-local /tmp,,,,uint16,0.075270424,Instrumented traces are excluded from throughput repetitions,read_overlap_controls,,,0.20003326169064858,retained per-encoding report and fixed sixteen-shard protocol,,,chunks128-random,16,,cpu-turin-gp-l-244-025,,/mnt/main0/home/nclack/tmp/2026-09-24-damacy-cpu-read-buffers/job-3810330/filesystem.txt,"rw,relatime,attr2,inode64,logbufs=8,logbsize=32k,sunit=1024,swidth=4096,prjquota","Application call overlap is not device queue depth. The full-scan trace is a diagnostic subset, not a throughput measurement of the entire array. See read-runs for separate trace/timed-run locators.",,"{""between_read_gap_count"":""19"",""codec"":""lz4"",""fraction_at_sixteen_shards"":""0.20003326169064858"",""fraction_no_file_reads"":""0.17493856397348959"",""implementation"":""chunks128-random"",""longest_between_read_gap_seconds"":""0.000775115"",""mean_active_file_reads"":""8.118783200455711"",""mean_shards"":""8.118783200455711"",""median_between_read_gap_seconds"":""0.000597307"",""peak_active_file_reads"":""16"",""peak_shards"":""16"",""read_calls"":""512"",""read_span_seconds"":""0.075270424"",""reader_mib"":""326.844199180603"",""storage_mib"":""326.87109375"",""trace_seconds"":""0.079815546"",""verified_chunk_ranges"":""8192"",""workload"":""full-scan""}",fixed available files; observed read-call and file overlap are separate,available_shards,16,,2026-09-24-damacy-cpu-read-buffers,65536,1073741824,512.0,,retained_derived_diagnostic,,326.844199180603,326.87109375,,,,diagnostic,2026-09-24-damacy-cpu-read-buffers:2,,"[8,256,256]",uncompressed capacity,"[512,1024,1024]",bit,,/mnt/main0/home/nclack/tmp/2026-09-24-damacy-cpu-read-buffers/job-3810330/report/concurrency.csv,,line:3,retained_verified_trace_summary,local XFS,,,,,,overlapping application pread calls in separate instrumented diagnostic,damacy,0.079815546,false,8192.0,,,,32,full-scan,
7.78577323014445,16.0,7.438800436091302,16.0,"[512,4096,4096]",cpu,16384,local client pages evicted/checked; metadata warmed; caches reset; readahead mode recorded in implementation,"[1,128,256]",blosc-lz4,3,read_overlap|2026-09-24-damacy-cpu-read-buffers|lz4|64|16|chunks256-default|full-scan,,lz4-c64-b16-chunks256-default-full-scan,synthetic,smooth4,2026-09-24,node-local /tmp,,,,uint16,0.050070683,Instrumented traces are excluded from throughput repetitions,read_overlap_controls,,,0.3073758940370213,retained per-encoding report and fixed sixteen-shard protocol,,,chunks256-default,16,,cpu-turin-gp-l-244-025,,/mnt/main0/home/nclack/tmp/2026-09-24-damacy-cpu-read-buffers/job-3810330/filesystem.txt,"rw,relatime,attr2,inode64,logbufs=8,logbsize=32k,sunit=1024,swidth=4096,prjquota","Application call overlap is not device queue depth. The full-scan trace is a diagnostic subset, not a throughput measurement of the entire array. See read-runs for separate trace/timed-run locators.",,"{""between_read_gap_count"":""13"",""codec"":""lz4"",""fraction_at_sixteen_shards"":""0.3073758940370213"",""fraction_no_file_reads"":""0.45521422998959166"",""implementation"":""chunks256-default"",""longest_between_read_gap_seconds"":""0.00346989"",""mean_active_file_reads"":""7.78577323014445"",""mean_shards"":""7.438800436091302"",""median_between_read_gap_seconds"":""0.001258293"",""peak_active_file_reads"":""16"",""peak_shards"":""16"",""read_calls"":""512"",""read_span_seconds"":""0.050070683"",""reader_mib"":""326.844199180603"",""storage_mib"":""452.0"",""trace_seconds"":""0.054662865"",""verified_chunk_ranges"":""8192"",""workload"":""full-scan""}",fixed available files; observed read-call and file overlap are separate,available_shards,16,,2026-09-24-damacy-cpu-read-buffers,65536,1073741824,512.0,,retained_derived_diagnostic,,326.844199180603,452.0,,,,diagnostic,2026-09-24-damacy-cpu-read-buffers:3,,"[8,256,256]",uncompressed capacity,"[512,1024,1024]",bit,,/mnt/main0/home/nclack/tmp/2026-09-24-damacy-cpu-read-buffers/job-3810330/report/concurrency.csv,,line:4,retained_verified_trace_summary,local XFS,,,,,,overlapping application pread calls in separate instrumented diagnostic,damacy,0.054662865,false,8192.0,,,,32,full-scan,
12.814340365114742,16.0,12.032939020123534,16.0,"[512,4096,4096]",cpu,16384,local client pages evicted/checked; metadata warmed; caches reset; readahead mode recorded in implementation,"[1,128,256]",blosc-lz4,3,read_overlap|2026-09-24-damacy-cpu-read-buffers|lz4|64|16|chunks256-random|full-scan,,lz4-c64-b16-chunks256-random-full-scan,synthetic,smooth4,2026-09-24,node-local /tmp,,,,uint16,0.046519774,Instrumented traces are excluded from throughput repetitions,read_overlap_controls,,,0.22659343888447725,retained per-encoding report and fixed sixteen-shard protocol,,,chunks256-random,16,,cpu-turin-gp-l-244-025,,/mnt/main0/home/nclack/tmp/2026-09-24-damacy-cpu-read-buffers/job-3810330/filesystem.txt,"rw,relatime,attr2,inode64,logbufs=8,logbsize=32k,sunit=1024,swidth=4096,prjquota","Application call overlap is not device queue depth. The full-scan trace is a diagnostic subset, not a throughput measurement of the entire array. See read-runs for separate trace/timed-run locators.",,"{""between_read_gap_count"":""0"",""codec"":""lz4"",""fraction_at_sixteen_shards"":""0.22659343888447725"",""fraction_no_file_reads"":""0.07222905411796784"",""implementation"":""chunks256-random"",""longest_between_read_gap_seconds"":""0.0"",""mean_active_file_reads"":""12.814340365114742"",""mean_shards"":""12.032939020123534"",""median_between_read_gap_seconds"":""0"",""peak_active_file_reads"":""16"",""peak_shards"":""16"",""read_calls"":""512"",""read_span_seconds"":""0.046519774"",""reader_mib"":""326.844199180603"",""storage_mib"":""326.87109375"",""trace_seconds"":""0.050141443"",""verified_chunk_ranges"":""8192"",""workload"":""full-scan""}",fixed available files; observed read-call and file overlap are separate,available_shards,16,,2026-09-24-damacy-cpu-read-buffers,65536,1073741824,512.0,,retained_derived_diagnostic,,326.844199180603,326.87109375,,,,diagnostic,2026-09-24-damacy-cpu-read-buffers:4,,"[8,256,256]",uncompressed capacity,"[512,1024,1024]",bit,,/mnt/main0/home/nclack/tmp/2026-09-24-damacy-cpu-read-buffers/job-3810330/report/concurrency.csv,,line:5,retained_verified_trace_summary,local XFS,,,,,,overlapping application pread calls in separate instrumented diagnostic,damacy,0.050141443,false,8192.0,,,,32,full-scan,
2.0587502873084325,4.0,2.0587502873084325,4.0,"[512,4096,4096]",cpu,16384,local client pages evicted/checked; metadata warmed; caches reset; readahead mode recorded in implementation,"[1,128,256]",blosc-lz4,3,read_overlap|2026-09-24-damacy-cpu-read-buffers|lz4|64|16|chunks32-default|full-scan,,lz4-c64-b16-chunks32-default-full-scan,synthetic,smooth4,2026-09-24,node-local /tmp,,,,uint16,0.101123729,Instrumented traces are excluded from throughput repetitions,read_overlap_controls,,,0.0,retained per-encoding report and fixed sixteen-shard protocol,,,chunks32-default,16,,cpu-turin-gp-l-244-025,,/mnt/main0/home/nclack/tmp/2026-09-24-damacy-cpu-read-buffers/job-3810330/filesystem.txt,"rw,relatime,attr2,inode64,logbufs=8,logbsize=32k,sunit=1024,swidth=4096,prjquota","Application call overlap is not device queue depth. The full-scan trace is a diagnostic subset, not a throughput measurement of the entire array. See read-runs for separate trace/timed-run locators.",,"{""between_read_gap_count"":""117"",""codec"":""lz4"",""fraction_at_sixteen_shards"":""0.0"",""fraction_no_file_reads"":""0.3826093268625219"",""implementation"":""chunks32-default"",""longest_between_read_gap_seconds"":""0.000722362"",""mean_active_file_reads"":""2.0587502873084325"",""mean_shards"":""2.0587502873084325"",""median_between_read_gap_seconds"":""0.000295417"",""peak_active_file_reads"":""4"",""peak_shards"":""4"",""read_calls"":""512"",""read_span_seconds"":""0.101123729"",""reader_mib"":""326.844199180603"",""storage_mib"":""452.0"",""trace_seconds"":""0.105139622"",""verified_chunk_ranges"":""8192"",""workload"":""full-scan""}",fixed available files; observed read-call and file overlap are separate,available_shards,16,,2026-09-24-damacy-cpu-read-buffers,65536,1073741824,512.0,,retained_derived_diagnostic,,326.844199180603,452.0,,,,diagnostic,2026-09-24-damacy-cpu-read-buffers:5,,"[8,256,256]",uncompressed capacity,"[512,1024,1024]",bit,,/mnt/main0/home/nclack/tmp/2026-09-24-damacy-cpu-read-buffers/job-3810330/report/concurrency.csv,,line:6,retained_verified_trace_summary,local XFS,,,,,,overlapping application pread calls in separate instrumented diagnostic,damacy,0.105139622,false,8192.0,,,,32,full-scan,
2.7458122716490787,4.0,2.7458122716490787,4.0,"[512,4096,4096]",cpu,16384,local client pages evicted/checked; metadata warmed; caches reset; readahead mode recorded in implementation,"[1,128,256]",blosc-lz4,3,read_overlap|2026-09-24-damacy-cpu-read-buffers|lz4|64|16|chunks32-random|full-scan,,lz4-c64-b16-chunks32-random-full-scan,synthetic,smooth4,2026-09-24,node-local /tmp,,,,uint16,0.194908523,Instrumented traces are excluded from throughput repetitions,read_overlap_controls,,,0.0,retained per-encoding report and fixed sixteen-shard protocol,,,chunks32-random,16,,cpu-turin-gp-l-244-025,,/mnt/main0/home/nclack/tmp/2026-09-24-damacy-cpu-read-buffers/job-3810330/filesystem.txt,"rw,relatime,attr2,inode64,logbufs=8,logbsize=32k,sunit=1024,swidth=4096,prjquota","Application call overlap is not device queue depth. The full-scan trace is a diagnostic subset, not a throughput measurement of the entire array. See read-runs for separate trace/timed-run locators.",,"{""between_read_gap_count"":""83"",""codec"":""lz4"",""fraction_at_sixteen_shards"":""0.0"",""fraction_no_file_reads"":""0.12423640412016629"",""implementation"":""chunks32-random"",""longest_between_read_gap_seconds"":""0.000348888"",""mean_active_file_reads"":""2.7458122716490787"",""mean_shards"":""2.7458122716490787"",""median_between_read_gap_seconds"":""0.000291998"",""peak_active_file_reads"":""4"",""peak_shards"":""4"",""read_calls"":""512"",""read_span_seconds"":""0.194908523"",""reader_mib"":""326.844199180603"",""storage_mib"":""326.87109375"",""trace_seconds"":""0.198325782"",""verified_chunk_ranges"":""8192"",""workload"":""full-scan""}",fixed available files; observed read-call and file overlap are separate,available_shards,16,,2026-09-24-damacy-cpu-read-buffers,65536,1073741824,512.0,,retained_derived_diagnostic,,326.844199180603,326.87109375,,,,diagnostic,2026-09-24-damacy-cpu-read-buffers:6,,"[8,256,256]",uncompressed capacity,"[512,1024,1024]",bit,,/mnt/main0/home/nclack/tmp/2026-09-24-damacy-cpu-read-buffers/job-3810330/report/concurrency.csv,,line:7,retained_verified_trace_summary,local XFS,,,,,,overlapping application pread calls in separate instrumented diagnostic,damacy,0.198325782,false,8192.0,,,,32,full-scan,
4.176865865438894,16.0,3.520084682938478,14.0,"[512,4096,4096]",cpu,16384,local client pages evicted/checked; metadata warmed; caches reset; readahead mode recorded in implementation,"[1,128,256]",blosc-lz4,3,read_overlap|2026-09-24-damacy-cpu-read-buffers|lz4|64|16|tensorstore|full-scan,,lz4-c64-b16-tensorstore-full-scan,synthetic,smooth4,2026-09-24,node-local /tmp,,,,uint16,0.129185053,Instrumented traces are excluded from throughput repetitions,read_overlap_controls,,,0.0,retained per-encoding report and fixed sixteen-shard protocol,,,tensorstore,16,,cpu-turin-gp-l-244-025,,/mnt/main0/home/nclack/tmp/2026-09-24-damacy-cpu-read-buffers/job-3810330/filesystem.txt,"rw,relatime,attr2,inode64,logbufs=8,logbsize=32k,sunit=1024,swidth=4096,prjquota","Application call overlap is not device queue depth. The full-scan trace is a diagnostic subset, not a throughput measurement of the entire array. See read-runs for separate trace/timed-run locators.",,"{""between_read_gap_count"":""6"",""codec"":""lz4"",""fraction_at_sixteen_shards"":""0.0"",""fraction_no_file_reads"":""0.4234000009213722"",""implementation"":""tensorstore"",""longest_between_read_gap_seconds"":""0.021172634"",""mean_active_file_reads"":""4.176865865438894"",""mean_shards"":""3.520084682938478"",""median_between_read_gap_seconds"":""1.97e-05"",""peak_active_file_reads"":""16"",""peak_shards"":""14"",""read_calls"":""512"",""read_span_seconds"":""0.129185053"",""reader_mib"":""326.844199180603"",""storage_mib"":""346.84375"",""trace_seconds"":""0.15845931"",""verified_chunk_ranges"":""8192"",""workload"":""full-scan""}",fixed available files; observed read-call and file overlap are separate,available_shards,16,,2026-09-24-damacy-cpu-read-buffers,65536,1073741824,512.0,,retained_derived_diagnostic,,326.844199180603,346.84375,,,0.1.85,diagnostic,2026-09-24-damacy-cpu-read-buffers:7,,"[8,256,256]",uncompressed capacity,"[512,1024,1024]",bit,,/mnt/main0/home/nclack/tmp/2026-09-24-damacy-cpu-read-buffers/job-3810330/report/concurrency.csv,,line:8,retained_verified_trace_summary,local XFS,,,,,,overlapping application pread calls in separate instrumented diagnostic,tensorstore,0.15845931,false,8192.0,,,,32,full-scan,
14.89964158189483,16.0,11.790469097495997,16.0,"[512,4096,4096]",cpu,16384,local client pages evicted/checked; metadata warmed; caches reset; readahead mode recorded in implementation,"[1,128,256]",blosc-lz4,3,read_overlap|2026-09-24-damacy-cpu-read-buffers|lz4|64|16|chunks128-default|random-1x256x256,,lz4-c64-b16-chunks128-default-random-1x256x256,synthetic,smooth4,2026-09-24,node-local /tmp,,,,uint16,0.049771003,Instrumented traces are excluded from throughput repetitions,read_overlap_controls,,,0.010905929213597182,retained per-encoding report and fixed sixteen-shard protocol,,,chunks128-default,16,,cpu-turin-gp-l-244-025,,/mnt/main0/home/nclack/tmp/2026-09-24-damacy-cpu-read-buffers/job-3810330/filesystem.txt,"rw,relatime,attr2,inode64,logbufs=8,logbsize=32k,sunit=1024,swidth=4096,prjquota","Application call overlap is not device queue depth. The full-scan trace is a diagnostic subset, not a throughput measurement of the entire array. See read-runs for separate trace/timed-run locators.",,"{""between_read_gap_count"":""0"",""codec"":""lz4"",""fraction_at_sixteen_shards"":""0.010905929213597182"",""fraction_no_file_reads"":""0.0545909625010312"",""implementation"":""chunks128-default"",""longest_between_read_gap_seconds"":""0.0"",""mean_active_file_reads"":""14.89964158189483"",""mean_shards"":""11.790469097495997"",""median_between_read_gap_seconds"":""0"",""peak_active_file_reads"":""16"",""peak_shards"":""16"",""read_calls"":""1778"",""read_span_seconds"":""0.049771003"",""reader_mib"":""121.30703258514404"",""storage_mib"":""127.95703125"",""trace_seconds"":""0.052644941"",""verified_chunk_ranges"":""3033"",""workload"":""random-1x256x256""}",fixed available files; observed read-call and file overlap are separate,available_shards,16,,2026-09-24-damacy-cpu-read-buffers,65536,1073741824,1778.0,,retained_derived_diagnostic,,121.30703258514404,127.95703125,,,,diagnostic,2026-09-24-damacy-cpu-read-buffers:8,,"[1,256,256]",uncompressed capacity,"[512,1024,1024]",bit,,/mnt/main0/home/nclack/tmp/2026-09-24-damacy-cpu-read-buffers/job-3810330/report/concurrency.csv,,line:9,retained_verified_trace_summary,local XFS,,,,,,overlapping application pread calls in separate instrumented diagnostic,damacy,0.052644941,false,3033.0,,,,32,random-1x256x256,
14.722845838932628,16.0,11.68822360732527,16.0,"[512,4096,4096]",cpu,16384,local client pages evicted/checked; metadata warmed; caches reset; readahead mode recorded in implementation,"[1,128,256]",blosc-lz4,3,read_overlap|2026-09-24-damacy-cpu-read-buffers|lz4|64|16|chunks128-random|random-1x256x256,,lz4-c64-b16-chunks128-random-random-1x256x256,synthetic,smooth4,2026-09-24,node-local /tmp,,,,uint16,0.049524737,Instrumented traces are excluded from throughput repetitions,read_overlap_controls,,,0.017680830262786325,retained per-encoding report and fixed sixteen-shard protocol,,,chunks128-random,16,,cpu-turin-gp-l-244-025,,/mnt/main0/home/nclack/tmp/2026-09-24-damacy-cpu-read-buffers/job-3810330/filesystem.txt,"rw,relatime,attr2,inode64,logbufs=8,logbsize=32k,sunit=1024,swidth=4096,prjquota","Application call overlap is not device queue depth. The full-scan trace is a diagnostic subset, not a throughput measurement of the entire array. See read-runs for separate trace/timed-run locators.",,"{""between_read_gap_count"":""0"",""codec"":""lz4"",""fraction_at_sixteen_shards"":""0.017680830262786325"",""fraction_no_file_reads"":""0.06433587038679002"",""implementation"":""chunks128-random"",""longest_between_read_gap_seconds"":""0.0"",""mean_active_file_reads"":""14.722845838932628"",""mean_shards"":""11.68822360732527"",""median_between_read_gap_seconds"":""0"",""peak_active_file_reads"":""16"",""peak_shards"":""16"",""read_calls"":""1778"",""read_span_seconds"":""0.049524737"",""reader_mib"":""121.30703258514404"",""storage_mib"":""127.8671875"",""trace_seconds"":""0.052930037"",""verified_chunk_ranges"":""3033"",""workload"":""random-1x256x256""}",fixed available files; observed read-call and file overlap are separate,available_shards,16,,2026-09-24-damacy-cpu-read-buffers,65536,1073741824,1778.0,,retained_derived_diagnostic,,121.30703258514404,127.8671875,,,,diagnostic,2026-09-24-damacy-cpu-read-buffers:9,,"[1,256,256]",uncompressed capacity,"[512,1024,1024]",bit,,/mnt/main0/home/nclack/tmp/2026-09-24-damacy-cpu-read-buffers/job-3810330/report/concurrency.csv,,line:10,retained_verified_trace_summary,local XFS,,,,,,overlapping application pread calls in separate instrumented diagnostic,damacy,0.052930037,false,3033.0,,,,32,random-1x256x256,
14.793202618422558,16.0,11.670670728756395,16.0,"[512,4096,4096]",cpu,16384,local client pages evicted/checked; metadata warmed; caches reset; readahead mode recorded in implementation,"[1,128,256]",blosc-lz4,3,read_overlap|2026-09-24-damacy-cpu-read-buffers|lz4|64|16|chunks256-default|random-1x256x256,,lz4-c64-b16-chunks256-default-random-1x256x256,synthetic,smooth4,2026-09-24,node-local /tmp,,,,uint16,0.04838494,Instrumented traces are excluded from throughput repetitions,read_overlap_controls,,,0.01281476626248304,retained per-encoding report and fixed sixteen-shard protocol,,,chunks256-default,16,,cpu-turin-gp-l-244-025,,/mnt/main0/home/nclack/tmp/2026-09-24-damacy-cpu-read-buffers/job-3810330/filesystem.txt,"rw,relatime,attr2,inode64,logbufs=8,logbsize=32k,sunit=1024,swidth=4096,prjquota","Application call overlap is not device queue depth. The full-scan trace is a diagnostic subset, not a throughput measurement of the entire array. See read-runs for separate trace/timed-run locators.",,"{""between_read_gap_count"":""0"",""codec"":""lz4"",""fraction_at_sixteen_shards"":""0.01281476626248304"",""fraction_no_file_reads"":""0.062236541391507805"",""implementation"":""chunks256-default"",""longest_between_read_gap_seconds"":""0.0"",""mean_active_file_reads"":""14.793202618422558"",""mean_shards"":""11.670670728756395"",""median_between_read_gap_seconds"":""0"",""peak_active_file_reads"":""16"",""peak_shards"":""16"",""read_calls"":""1778"",""read_span_seconds"":""0.04838494"",""reader_mib"":""121.30703258514404"",""storage_mib"":""127.95703125"",""trace_seconds"":""0.051596103"",""verified_chunk_ranges"":""3033"",""workload"":""random-1x256x256""}",fixed available files; observed read-call and file overlap are separate,available_shards,16,,2026-09-24-damacy-cpu-read-buffers,65536,1073741824,1778.0,,retained_derived_diagnostic,,121.30703258514404,127.95703125,,,,diagnostic,2026-09-24-damacy-cpu-read-buffers:10,,"[1,256,256]",uncompressed capacity,"[512,1024,1024]",bit,,/mnt/main0/home/nclack/tmp/2026-09-24-damacy-cpu-read-buffers/job-3810330/report/concurrency.csv,,line:11,retained_verified_trace_summary,local XFS,,,,,,overlapping application pread calls in separate instrumented diagnostic,damacy,0.051596103,false,3033.0,,,,32,random-1x256x256,
14.804895825117523,16.0,11.659609382153556,16.0,"[512,4096,4096]",cpu,16384,local client pages evicted/checked; metadata warmed; caches reset; readahead mode recorded in implementation,"[1,128,256]",blosc-lz4,3,read_overlap|2026-09-24-damacy-cpu-read-buffers|lz4|64|16|chunks256-random|random-1x256x256,,lz4-c64-b16-chunks256-random-random-1x256x256,synthetic,smooth4,2026-09-24,node-local /tmp,,,,uint16,0.049545846,Instrumented traces are excluded from throughput repetitions,read_overlap_controls,,,0.011236301617132958,retained per-encoding report and fixed sixteen-shard protocol,,,chunks256-random,16,,cpu-turin-gp-l-244-025,,/mnt/main0/home/nclack/tmp/2026-09-24-damacy-cpu-read-buffers/job-3810330/filesystem.txt,"rw,relatime,attr2,inode64,logbufs=8,logbsize=32k,sunit=1024,swidth=4096,prjquota","Application call overlap is not device queue depth. The full-scan trace is a diagnostic subset, not a throughput measurement of the entire array. See read-runs for separate trace/timed-run locators.",,"{""between_read_gap_count"":""0"",""codec"":""lz4"",""fraction_at_sixteen_shards"":""0.011236301617132958"",""fraction_no_file_reads"":""0.06130936742690942"",""implementation"":""chunks256-random"",""longest_between_read_gap_seconds"":""0.0"",""mean_active_file_reads"":""14.804895825117523"",""mean_shards"":""11.659609382153556"",""median_between_read_gap_seconds"":""0"",""peak_active_file_reads"":""16"",""peak_shards"":""16"",""read_calls"":""1778"",""read_span_seconds"":""0.049545846"",""reader_mib"":""121.30703258514404"",""storage_mib"":""127.8671875"",""trace_seconds"":""0.052781869"",""verified_chunk_ranges"":""3033"",""workload"":""random-1x256x256""}",fixed available files; observed read-call and file overlap are separate,available_shards,16,,2026-09-24-damacy-cpu-read-buffers,65536,1073741824,1778.0,,retained_derived_diagnostic,,121.30703258514404,127.8671875,,,,diagnostic,2026-09-24-damacy-cpu-read-buffers:11,,"[1,256,256]",uncompressed capacity,"[512,1024,1024]",bit,,/mnt/main0/home/nclack/tmp/2026-09-24-damacy-cpu-read-buffers/job-3810330/report/concurrency.csv,,line:12,retained_verified_trace_summary,local XFS,,,,,,overlapping application pread calls in separate instrumented diagnostic,damacy,0.052781869,false,3033.0,,,,32,random-1x256x256,
11.83261515380723,16.0,9.794806262224292,16.0,"[512,4096,4096]",cpu,16384,local client pages evicted/checked; metadata warmed; caches reset; readahead mode recorded in implementation,"[1,128,256]",blosc-lz4,3,read_overlap|2026-09-24-damacy-cpu-read-buffers|lz4|64|16|chunks32-default|random-1x256x256,,lz4-c64-b16-chunks32-default-random-1x256x256,synthetic,smooth4,2026-09-24,node-local /tmp,,,,uint16,0.063149139,Instrumented traces are excluded from throughput repetitions,read_overlap_controls,,,0.038794636488158514,retained per-encoding report and fixed sixteen-shard protocol,,,chunks32-default,16,,cpu-turin-gp-l-244-025,,/mnt/main0/home/nclack/tmp/2026-09-24-damacy-cpu-read-buffers/job-3810330/filesystem.txt,"rw,relatime,attr2,inode64,logbufs=8,logbsize=32k,sunit=1024,swidth=4096,prjquota","Application call overlap is not device queue depth. The full-scan trace is a diagnostic subset, not a throughput measurement of the entire array. See read-runs for separate trace/timed-run locators.",,"{""between_read_gap_count"":""3"",""codec"":""lz4"",""fraction_at_sixteen_shards"":""0.038794636488158514"",""fraction_no_file_reads"":""0.05517631435123507"",""implementation"":""chunks32-default"",""longest_between_read_gap_seconds"":""0.000347386"",""mean_active_file_reads"":""11.83261515380723"",""mean_shards"":""9.794806262224292"",""median_between_read_gap_seconds"":""0.000259377"",""peak_active_file_reads"":""16"",""peak_shards"":""16"",""read_calls"":""1778"",""read_span_seconds"":""0.063149139"",""reader_mib"":""121.30703258514404"",""storage_mib"":""127.95703125"",""trace_seconds"":""0.066140844"",""verified_chunk_ranges"":""3033"",""workload"":""random-1x256x256""}",fixed available files; observed read-call and file overlap are separate,available_shards,16,,2026-09-24-damacy-cpu-read-buffers,65536,1073741824,1778.0,,retained_derived_diagnostic,,121.30703258514404,127.95703125,,,,diagnostic,2026-09-24-damacy-cpu-read-buffers:12,,"[1,256,256]",uncompressed capacity,"[512,1024,1024]",bit,,/mnt/main0/home/nclack/tmp/2026-09-24-damacy-cpu-read-buffers/job-3810330/report/concurrency.csv,,line:13,retained_verified_trace_summary,local XFS,,,,,,overlapping application pread calls in separate instrumented diagnostic,damacy,0.066140844,false,3033.0,,,,32,random-1x256x256,
11.97226108186958,16.0,9.863742378931624,16.0,"[512,4096,4096]",cpu,16384,local client pages evicted/checked; metadata warmed; caches reset; readahead mode recorded in implementation,"[1,128,256]",blosc-lz4,3,read_overlap|2026-09-24-damacy-cpu-read-buffers|lz4|64|16|chunks32-random|random-1x256x256,,lz4-c64-b16-chunks32-random-random-1x256x256,synthetic,smooth4,2026-09-24,node-local /tmp,,,,uint16,0.06219015,Instrumented traces are excluded from throughput repetitions,read_overlap_controls,,,0.03959609078619733,retained per-encoding report and fixed sixteen-shard protocol,,,chunks32-random,16,,cpu-turin-gp-l-244-025,,/mnt/main0/home/nclack/tmp/2026-09-24-damacy-cpu-read-buffers/job-3810330/filesystem.txt,"rw,relatime,attr2,inode64,logbufs=8,logbsize=32k,sunit=1024,swidth=4096,prjquota","Application call overlap is not device queue depth. The full-scan trace is a diagnostic subset, not a throughput measurement of the entire array. See read-runs for separate trace/timed-run locators.",,"{""between_read_gap_count"":""6"",""codec"":""lz4"",""fraction_at_sixteen_shards"":""0.03959609078619733"",""fraction_no_file_reads"":""0.057072058732872875"",""implementation"":""chunks32-random"",""longest_between_read_gap_seconds"":""0.000319276"",""mean_active_file_reads"":""11.97226108186958"",""mean_shards"":""9.863742378931624"",""median_between_read_gap_seconds"":""7.55545e-05"",""peak_active_file_reads"":""16"",""peak_shards"":""16"",""read_calls"":""1778"",""read_span_seconds"":""0.06219015"",""reader_mib"":""121.30703258514404"",""storage_mib"":""127.8671875"",""trace_seconds"":""0.065113246"",""verified_chunk_ranges"":""3033"",""workload"":""random-1x256x256""}",fixed available files; observed read-call and file overlap are separate,available_shards,16,,2026-09-24-damacy-cpu-read-buffers,65536,1073741824,1778.0,,retained_derived_diagnostic,,121.30703258514404,127.8671875,,,,diagnostic,2026-09-24-damacy-cpu-read-buffers:13,,"[1,256,256]",uncompressed capacity,"[512,1024,1024]",bit,,/mnt/main0/home/nclack/tmp/2026-09-24-damacy-cpu-read-buffers/job-3810330/report/concurrency.csv,,line:14,retained_verified_trace_summary,local XFS,,,,,,overlapping application pread calls in separate instrumented diagnostic,damacy,0.065113246,false,3033.0,,,,32,random-1x256x256,
7.249453835065474,16.0,6.117859796065213,15.0,"[512,4096,4096]",cpu,16384,local client pages evicted/checked; metadata warmed; caches reset; readahead mode recorded in implementation,"[1,128,256]",blosc-lz4,3,read_overlap|2026-09-24-damacy-cpu-read-buffers|lz4|64|16|tensorstore|random-1x256x256,,lz4-c64-b16-tensorstore-random-1x256x256,synthetic,smooth4,2026-09-24,node-local /tmp,,,,uint16,0.095748811,Instrumented traces are excluded from throughput repetitions,read_overlap_controls,,,0.0,retained per-encoding report and fixed sixteen-shard protocol,,,tensorstore,16,,cpu-turin-gp-l-244-025,,/mnt/main0/home/nclack/tmp/2026-09-24-damacy-cpu-read-buffers/job-3810330/filesystem.txt,"rw,relatime,attr2,inode64,logbufs=8,logbsize=32k,sunit=1024,swidth=4096,prjquota","Application call overlap is not device queue depth. The full-scan trace is a diagnostic subset, not a throughput measurement of the entire array. See read-runs for separate trace/timed-run locators.",,"{""between_read_gap_count"":""10"",""codec"":""lz4"",""fraction_at_sixteen_shards"":""0.0"",""fraction_no_file_reads"":""0.1643283849693941"",""implementation"":""tensorstore"",""longest_between_read_gap_seconds"":""0.00693883"",""mean_active_file_reads"":""7.249453835065474"",""mean_shards"":""6.117859796065213"",""median_between_read_gap_seconds"":""7.375e-06"",""peak_active_file_reads"":""16"",""peak_shards"":""15"",""read_calls"":""1776"",""read_span_seconds"":""0.095748811"",""reader_mib"":""121.14723300933838"",""storage_mib"":""127.95703125"",""trace_seconds"":""0.106188161"",""verified_chunk_ranges"":""3033"",""workload"":""random-1x256x256""}",fixed available files; observed read-call and file overlap are separate,available_shards,16,,2026-09-24-damacy-cpu-read-buffers,65536,1073741824,1776.0,,retained_derived_diagnostic,,121.14723300933838,127.95703125,,,0.1.85,diagnostic,2026-09-24-damacy-cpu-read-buffers:14,,"[1,256,256]",uncompressed capacity,"[512,1024,1024]",bit,,/mnt/main0/home/nclack/tmp/2026-09-24-damacy-cpu-read-buffers/job-3810330/report/concurrency.csv,,line:15,retained_verified_trace_summary,local XFS,,,,,,overlapping application pread calls in separate instrumented diagnostic,tensorstore,0.106188161,false,3033.0,,,,32,random-1x256x256,
4.30289393789844,16.0,4.30289393789844,16.0,"[512,4096,4096]",cpu,16384,local client pages evicted/checked; metadata warmed; caches reset; readahead mode recorded in implementation,"[1,128,256]",blosc-zstd,3,read_overlap|2026-09-24-damacy-cpu-read-buffers|zstd|64|16|chunks128-default|full-scan,,zstd-c64-b16-chunks128-default-full-scan,synthetic,smooth4,2026-09-24,node-local /tmp,,,,uint16,0.061496824,Instrumented traces are excluded from throughput repetitions,read_overlap_controls,,,0.07160217798433169,retained per-encoding report and fixed sixteen-shard protocol,,,chunks128-default,16,,cpu-turin-gp-l-244-025,,/mnt/main0/home/nclack/tmp/2026-09-24-damacy-cpu-read-buffers/job-3810330/filesystem.txt,"rw,relatime,attr2,inode64,logbufs=8,logbsize=32k,sunit=1024,swidth=4096,prjquota","Application call overlap is not device queue depth. The full-scan trace is a diagnostic subset, not a throughput measurement of the entire array. See read-runs for separate trace/timed-run locators.",,"{""between_read_gap_count"":""29"",""codec"":""zstd"",""fraction_at_sixteen_shards"":""0.07160217798433169"",""fraction_no_file_reads"":""0.4422889668705368"",""implementation"":""chunks128-default"",""longest_between_read_gap_seconds"":""0.001245496"",""mean_active_file_reads"":""4.30289393789844"",""mean_shards"":""4.30289393789844"",""median_between_read_gap_seconds"":""0.000933519"",""peak_active_file_reads"":""16"",""peak_shards"":""16"",""read_calls"":""512"",""read_span_seconds"":""0.061496824"",""reader_mib"":""279.5579586029053"",""storage_mib"":""355.203125"",""trace_seconds"":""0.065529948"",""verified_chunk_ranges"":""8192"",""workload"":""full-scan""}",fixed available files; observed read-call and file overlap are separate,available_shards,16,,2026-09-24-damacy-cpu-read-buffers,65536,1073741824,512.0,,retained_derived_diagnostic,,279.5579586029053,355.203125,,,,diagnostic,2026-09-24-damacy-cpu-read-buffers:15,,"[8,256,256]",uncompressed capacity,"[512,1024,1024]",bit,,/mnt/main0/home/nclack/tmp/2026-09-24-damacy-cpu-read-buffers/job-3810330/report/concurrency.csv,,line:16,retained_verified_trace_summary,local XFS,,,,,,overlapping application pread calls in separate instrumented diagnostic,damacy,0.065529948,false,8192.0,,,,32,full-scan,
7.128764387496133,16.0,7.128764387496133,16.0,"[512,4096,4096]",cpu,16384,local client pages evicted/checked; metadata warmed; caches reset; readahead mode recorded in implementation,"[1,128,256]",blosc-zstd,3,read_overlap|2026-09-24-damacy-cpu-read-buffers|zstd|64|16|chunks128-random|full-scan,,zstd-c64-b16-chunks128-random-full-scan,synthetic,smooth4,2026-09-24,node-local /tmp,,,,uint16,0.08271195,Instrumented traces are excluded from throughput repetitions,read_overlap_controls,,,0.21397365842499236,retained per-encoding report and fixed sixteen-shard protocol,,,chunks128-random,16,,cpu-turin-gp-l-244-025,,/mnt/main0/home/nclack/tmp/2026-09-24-damacy-cpu-read-buffers/job-3810330/filesystem.txt,"rw,relatime,attr2,inode64,logbufs=8,logbsize=32k,sunit=1024,swidth=4096,prjquota","Application call overlap is not device queue depth. The full-scan trace is a diagnostic subset, not a throughput measurement of the entire array. See read-runs for separate trace/timed-run locators.",,"{""between_read_gap_count"":""27"",""codec"":""zstd"",""fraction_at_sixteen_shards"":""0.21397365842499236"",""fraction_no_file_reads"":""0.27315475266641975"",""implementation"":""chunks128-random"",""longest_between_read_gap_seconds"":""0.001040928"",""mean_active_file_reads"":""7.128764387496133"",""mean_shards"":""7.128764387496133"",""median_between_read_gap_seconds"":""0.000787951"",""peak_active_file_reads"":""16"",""peak_shards"":""16"",""read_calls"":""512"",""read_span_seconds"":""0.08271195"",""reader_mib"":""279.5579586029053"",""storage_mib"":""279.59375"",""trace_seconds"":""0.086621396"",""verified_chunk_ranges"":""8192"",""workload"":""full-scan""}",fixed available files; observed read-call and file overlap are separate,available_shards,16,,2026-09-24-damacy-cpu-read-buffers,65536,1073741824,512.0,,retained_derived_diagnostic,,279.5579586029053,279.59375,,,,diagnostic,2026-09-24-damacy-cpu-read-buffers:16,,"[8,256,256]",uncompressed capacity,"[512,1024,1024]",bit,,/mnt/main0/home/nclack/tmp/2026-09-24-damacy-cpu-read-buffers/job-3810330/report/concurrency.csv,,line:17,retained_verified_trace_summary,local XFS,,,,,,overlapping application pread calls in separate instrumented diagnostic,damacy,0.086621396,false,8192.0,,,,32,full-scan,
5.214906968268239,16.0,4.566556901994222,16.0,"[512,4096,4096]",cpu,16384,local client pages evicted/checked; metadata warmed; caches reset; readahead mode recorded in implementation,"[1,128,256]",blosc-zstd,3,read_overlap|2026-09-24-damacy-cpu-read-buffers|zstd|64|16|chunks256-default|full-scan,,zstd-c64-b16-chunks256-default-full-scan,synthetic,smooth4,2026-09-24,node-local /tmp,,,,uint16,0.051892784,Instrumented traces are excluded from throughput repetitions,read_overlap_controls,,,0.07416421256581575,retained per-encoding report and fixed sixteen-shard protocol,,,chunks256-default,16,,cpu-turin-gp-l-244-025,,/mnt/main0/home/nclack/tmp/2026-09-24-damacy-cpu-read-buffers/job-3810330/filesystem.txt,"rw,relatime,attr2,inode64,logbufs=8,logbsize=32k,sunit=1024,swidth=4096,prjquota","Application call overlap is not device queue depth. The full-scan trace is a diagnostic subset, not a throughput measurement of the entire array. See read-runs for separate trace/timed-run locators.",,"{""between_read_gap_count"":""15"",""codec"":""zstd"",""fraction_at_sixteen_shards"":""0.07416421256581575"",""fraction_no_file_reads"":""0.5123266115722038"",""implementation"":""chunks256-default"",""longest_between_read_gap_seconds"":""0.002502791"",""mean_active_file_reads"":""5.214906968268239"",""mean_shards"":""4.566556901994222"",""median_between_read_gap_seconds"":""0.001788899"",""peak_active_file_reads"":""16"",""peak_shards"":""16"",""read_calls"":""512"",""read_span_seconds"":""0.051892784"",""reader_mib"":""279.5579586029053"",""storage_mib"":""355.203125"",""trace_seconds"":""0.056789978"",""verified_chunk_ranges"":""8192"",""workload"":""full-scan""}",fixed available files; observed read-call and file overlap are separate,available_shards,16,,2026-09-24-damacy-cpu-read-buffers,65536,1073741824,512.0,,retained_derived_diagnostic,,279.5579586029053,355.203125,,,,diagnostic,2026-09-24-damacy-cpu-read-buffers:17,,"[8,256,256]",uncompressed capacity,"[512,1024,1024]",bit,,/mnt/main0/home/nclack/tmp/2026-09-24-damacy-cpu-read-buffers/job-3810330/report/concurrency.csv,,line:18,retained_verified_trace_summary,local XFS,,,,,,overlapping application pread calls in separate instrumented diagnostic,damacy,0.056789978,false,8192.0,,,,32,full-scan,
11.246255694826765,16.0,10.761867093503456,16.0,"[512,4096,4096]",cpu,16384,local client pages evicted/checked; metadata warmed; caches reset; readahead mode recorded in implementation,"[1,128,256]",blosc-zstd,3,read_overlap|2026-09-24-damacy-cpu-read-buffers|zstd|64|16|chunks256-random|full-scan,,zstd-c64-b16-chunks256-random-full-scan,synthetic,smooth4,2026-09-24,node-local /tmp,,,,uint16,0.04965499,Instrumented traces are excluded from throughput repetitions,read_overlap_controls,,,0.2192277584231743,retained per-encoding report and fixed sixteen-shard protocol,,,chunks256-random,16,,cpu-turin-gp-l-244-025,,/mnt/main0/home/nclack/tmp/2026-09-24-damacy-cpu-read-buffers/job-3810330/filesystem.txt,"rw,relatime,attr2,inode64,logbufs=8,logbsize=32k,sunit=1024,swidth=4096,prjquota","Application call overlap is not device queue depth. The full-scan trace is a diagnostic subset, not a throughput measurement of the entire array. See read-runs for separate trace/timed-run locators.",,"{""between_read_gap_count"":""2"",""codec"":""zstd"",""fraction_at_sixteen_shards"":""0.2192277584231743"",""fraction_no_file_reads"":""0.11187158655478938"",""implementation"":""chunks256-random"",""longest_between_read_gap_seconds"":""0.00165976"",""mean_active_file_reads"":""11.246255694826765"",""mean_shards"":""10.761867093503456"",""median_between_read_gap_seconds"":""0.0008603595"",""peak_active_file_reads"":""16"",""peak_shards"":""16"",""read_calls"":""512"",""read_span_seconds"":""0.04965499"",""reader_mib"":""279.5579586029053"",""storage_mib"":""279.59375"",""trace_seconds"":""0.05397223"",""verified_chunk_ranges"":""8192"",""workload"":""full-scan""}",fixed available files; observed read-call and file overlap are separate,available_shards,16,,2026-09-24-damacy-cpu-read-buffers,65536,1073741824,512.0,,retained_derived_diagnostic,,279.5579586029053,279.59375,,,,diagnostic,2026-09-24-damacy-cpu-read-buffers:18,,"[8,256,256]",uncompressed capacity,"[512,1024,1024]",bit,,/mnt/main0/home/nclack/tmp/2026-09-24-damacy-cpu-read-buffers/job-3810330/report/concurrency.csv,,line:19,retained_verified_trace_summary,local XFS,,,,,,overlapping application pread calls in separate instrumented diagnostic,damacy,0.05397223,false,8192.0,,,,32,full-scan,
1.632380662271942,4.0,1.632380662271942,4.0,"[512,4096,4096]",cpu,16384,local client pages evicted/checked; metadata warmed; caches reset; readahead mode recorded in implementation,"[1,128,256]",blosc-zstd,3,read_overlap|2026-09-24-damacy-cpu-read-buffers|zstd|64|16|chunks32-default|full-scan,,zstd-c64-b16-chunks32-default-full-scan,synthetic,smooth4,2026-09-24,node-local /tmp,,,,uint16,0.1132772,Instrumented traces are excluded from throughput repetitions,read_overlap_controls,,,0.0,retained per-encoding report and fixed sixteen-shard protocol,,,chunks32-default,16,,cpu-turin-gp-l-244-025,,/mnt/main0/home/nclack/tmp/2026-09-24-damacy-cpu-read-buffers/job-3810330/filesystem.txt,"rw,relatime,attr2,inode64,logbufs=8,logbsize=32k,sunit=1024,swidth=4096,prjquota","Application call overlap is not device queue depth. The full-scan trace is a diagnostic subset, not a throughput measurement of the entire array. See read-runs for separate trace/timed-run locators.",,"{""between_read_gap_count"":""116"",""codec"":""zstd"",""fraction_at_sixteen_shards"":""0.0"",""fraction_no_file_reads"":""0.3688559871140404"",""implementation"":""chunks32-default"",""longest_between_read_gap_seconds"":""0.00084728"",""mean_active_file_reads"":""1.632380662271942"",""mean_shards"":""1.632380662271942"",""median_between_read_gap_seconds"":""0.000348961"",""peak_active_file_reads"":""4"",""peak_shards"":""4"",""read_calls"":""512"",""read_span_seconds"":""0.1132772"",""reader_mib"":""279.5579586029053"",""storage_mib"":""355.203125"",""trace_seconds"":""0.117197325"",""verified_chunk_ranges"":""8192"",""workload"":""full-scan""}",fixed available files; observed read-call and file overlap are separate,available_shards,16,,2026-09-24-damacy-cpu-read-buffers,65536,1073741824,512.0,,retained_derived_diagnostic,,279.5579586029053,355.203125,,,,diagnostic,2026-09-24-damacy-cpu-read-buffers:19,,"[8,256,256]",uncompressed capacity,"[512,1024,1024]",bit,,/mnt/main0/home/nclack/tmp/2026-09-24-damacy-cpu-read-buffers/job-3810330/report/concurrency.csv,,line:20,retained_verified_trace_summary,local XFS,,,,,,overlapping application pread calls in separate instrumented diagnostic,damacy,0.117197325,false,8192.0,,,,32,full-scan,
2.5794353410165427,4.0,2.5794353410165427,4.0,"[512,4096,4096]",cpu,16384,local client pages evicted/checked; metadata warmed; caches reset; readahead mode recorded in implementation,"[1,128,256]",blosc-zstd,3,read_overlap|2026-09-24-damacy-cpu-read-buffers|zstd|64|16|chunks32-random|full-scan,,zstd-c64-b16-chunks32-random-full-scan,synthetic,smooth4,2026-09-24,node-local /tmp,,,,uint16,0.193023445,Instrumented traces are excluded from throughput repetitions,read_overlap_controls,,,0.0,retained per-encoding report and fixed sixteen-shard protocol,,,chunks32-random,16,,cpu-turin-gp-l-244-025,,/mnt/main0/home/nclack/tmp/2026-09-24-damacy-cpu-read-buffers/job-3810330/filesystem.txt,"rw,relatime,attr2,inode64,logbufs=8,logbsize=32k,sunit=1024,swidth=4096,prjquota","Application call overlap is not device queue depth. The full-scan trace is a diagnostic subset, not a throughput measurement of the entire array. See read-runs for separate trace/timed-run locators.",,"{""between_read_gap_count"":""82"",""codec"":""zstd"",""fraction_at_sixteen_shards"":""0.0"",""fraction_no_file_reads"":""0.14957745811211912"",""implementation"":""chunks32-random"",""longest_between_read_gap_seconds"":""0.000441925"",""mean_active_file_reads"":""2.5794353410165427"",""mean_shards"":""2.5794353410165427"",""median_between_read_gap_seconds"":""0.0003493155"",""peak_active_file_reads"":""4"",""peak_shards"":""4"",""read_calls"":""512"",""read_span_seconds"":""0.193023445"",""reader_mib"":""279.5579586029053"",""storage_mib"":""279.59375"",""trace_seconds"":""0.196692452"",""verified_chunk_ranges"":""8192"",""workload"":""full-scan""}",fixed available files; observed read-call and file overlap are separate,available_shards,16,,2026-09-24-damacy-cpu-read-buffers,65536,1073741824,512.0,,retained_derived_diagnostic,,279.5579586029053,279.59375,,,,diagnostic,2026-09-24-damacy-cpu-read-buffers:20,,"[8,256,256]",uncompressed capacity,"[512,1024,1024]",bit,,/mnt/main0/home/nclack/tmp/2026-09-24-damacy-cpu-read-buffers/job-3810330/report/concurrency.csv,,line:21,retained_verified_trace_summary,local XFS,,,,,,overlapping application pread calls in separate instrumented diagnostic,damacy,0.196692452,false,8192.0,,,,32,full-scan,
3.139962674468965,12.0,2.8447381273408525,11.0,"[512,4096,4096]",cpu,16384,local client pages evicted/checked; metadata warmed; caches reset; readahead mode recorded in implementation,"[1,128,256]",blosc-zstd,3,read_overlap|2026-09-24-damacy-cpu-read-buffers|zstd|64|16|tensorstore|full-scan,,zstd-c64-b16-tensorstore-full-scan,synthetic,smooth4,2026-09-24,node-local /tmp,,,,uint16,0.128319057,Instrumented traces are excluded from throughput repetitions,read_overlap_controls,,,0.0,retained per-encoding report and fixed sixteen-shard protocol,,,tensorstore,16,,cpu-turin-gp-l-244-025,,/mnt/main0/home/nclack/tmp/2026-09-24-damacy-cpu-read-buffers/job-3810330/filesystem.txt,"rw,relatime,attr2,inode64,logbufs=8,logbsize=32k,sunit=1024,swidth=4096,prjquota","Application call overlap is not device queue depth. The full-scan trace is a diagnostic subset, not a throughput measurement of the entire array. See read-runs for separate trace/timed-run locators.",,"{""between_read_gap_count"":""6"",""codec"":""zstd"",""fraction_at_sixteen_shards"":""0.0"",""fraction_no_file_reads"":""0.5295133964974535"",""implementation"":""tensorstore"",""longest_between_read_gap_seconds"":""0.044115324"",""mean_active_file_reads"":""3.139962674468965"",""mean_shards"":""2.8447381273408525"",""median_between_read_gap_seconds"":""2.07895e-05"",""peak_active_file_reads"":""12"",""peak_shards"":""11"",""read_calls"":""512"",""read_span_seconds"":""0.128319057"",""reader_mib"":""279.5579586029053"",""storage_mib"":""321.2265625"",""trace_seconds"":""0.178754858"",""verified_chunk_ranges"":""8192"",""workload"":""full-scan""}",fixed available files; observed read-call and file overlap are separate,available_shards,16,,2026-09-24-damacy-cpu-read-buffers,65536,1073741824,512.0,,retained_derived_diagnostic,,279.5579586029053,321.2265625,,,0.1.85,diagnostic,2026-09-24-damacy-cpu-read-buffers:21,,"[8,256,256]",uncompressed capacity,"[512,1024,1024]",bit,,/mnt/main0/home/nclack/tmp/2026-09-24-damacy-cpu-read-buffers/job-3810330/report/concurrency.csv,,line:22,retained_verified_trace_summary,local XFS,,,,,,overlapping application pread calls in separate instrumented diagnostic,tensorstore,0.178754858,false,8192.0,,,,32,full-scan,
14.760182311761739,16.0,11.661093297297345,16.0,"[512,4096,4096]",cpu,16384,local client pages evicted/checked; metadata warmed; caches reset; readahead mode recorded in implementation,"[1,128,256]",blosc-zstd,3,read_overlap|2026-09-24-damacy-cpu-read-buffers|zstd|64|16|chunks128-default|random-1x256x256,,zstd-c64-b16-chunks128-default-random-1x256x256,synthetic,smooth4,2026-09-24,node-local /tmp,,,,uint16,0.044668277,Instrumented traces are excluded from throughput repetitions,read_overlap_controls,,,0.014872194854556943,retained per-encoding report and fixed sixteen-shard protocol,,,chunks128-default,16,,cpu-turin-gp-l-244-025,,/mnt/main0/home/nclack/tmp/2026-09-24-damacy-cpu-read-buffers/job-3810330/filesystem.txt,"rw,relatime,attr2,inode64,logbufs=8,logbsize=32k,sunit=1024,swidth=4096,prjquota","Application call overlap is not device queue depth. The full-scan trace is a diagnostic subset, not a throughput measurement of the entire array. See read-runs for separate trace/timed-run locators.",,"{""between_read_gap_count"":""0"",""codec"":""zstd"",""fraction_at_sixteen_shards"":""0.014872194854556943"",""fraction_no_file_reads"":""0.062010215054474696"",""implementation"":""chunks128-default"",""longest_between_read_gap_seconds"":""0.0"",""mean_active_file_reads"":""14.760182311761739"",""mean_shards"":""11.661093297297345"",""median_between_read_gap_seconds"":""0"",""peak_active_file_reads"":""16"",""peak_shards"":""16"",""read_calls"":""1778"",""read_span_seconds"":""0.044668277"",""reader_mib"":""103.74985313415527"",""storage_mib"":""110.421875"",""trace_seconds"":""0.047621283"",""verified_chunk_ranges"":""3033"",""workload"":""random-1x256x256""}",fixed available files; observed read-call and file overlap are separate,available_shards,16,,2026-09-24-damacy-cpu-read-buffers,65536,1073741824,1778.0,,retained_derived_diagnostic,,103.74985313415527,110.421875,,,,diagnostic,2026-09-24-damacy-cpu-read-buffers:22,,"[1,256,256]",uncompressed capacity,"[512,1024,1024]",bit,,/mnt/main0/home/nclack/tmp/2026-09-24-damacy-cpu-read-buffers/job-3810330/report/concurrency.csv,,line:23,retained_verified_trace_summary,local XFS,,,,,,overlapping application pread calls in separate instrumented diagnostic,damacy,0.047621283,false,3033.0,,,,32,random-1x256x256,
14.800145735249227,16.0,11.690588955494414,16.0,"[512,4096,4096]",cpu,16384,local client pages evicted/checked; metadata warmed; caches reset; readahead mode recorded in implementation,"[1,128,256]",blosc-zstd,3,read_overlap|2026-09-24-damacy-cpu-read-buffers|zstd|64|16|chunks128-random|random-1x256x256,,zstd-c64-b16-chunks128-random-random-1x256x256,synthetic,smooth4,2026-09-24,node-local /tmp,,,,uint16,0.044329101,Instrumented traces are excluded from throughput repetitions,read_overlap_controls,,,0.010703212302694057,retained per-encoding report and fixed sixteen-shard protocol,,,chunks128-random,16,,cpu-turin-gp-l-244-025,,/mnt/main0/home/nclack/tmp/2026-09-24-damacy-cpu-read-buffers/job-3810330/filesystem.txt,"rw,relatime,attr2,inode64,logbufs=8,logbsize=32k,sunit=1024,swidth=4096,prjquota","Application call overlap is not device queue depth. The full-scan trace is a diagnostic subset, not a throughput measurement of the entire array. See read-runs for separate trace/timed-run locators.",,"{""between_read_gap_count"":""0"",""codec"":""zstd"",""fraction_at_sixteen_shards"":""0.010703212302694057"",""fraction_no_file_reads"":""0.06080996391301496"",""implementation"":""chunks128-random"",""longest_between_read_gap_seconds"":""0.0"",""mean_active_file_reads"":""14.800145735249227"",""mean_shards"":""11.690588955494414"",""median_between_read_gap_seconds"":""0"",""peak_active_file_reads"":""16"",""peak_shards"":""16"",""read_calls"":""1778"",""read_span_seconds"":""0.044329101"",""reader_mib"":""103.74985313415527"",""storage_mib"":""110.34375"",""trace_seconds"":""0.047199288"",""verified_chunk_ranges"":""3033"",""workload"":""random-1x256x256""}",fixed available files; observed read-call and file overlap are separate,available_shards,16,,2026-09-24-damacy-cpu-read-buffers,65536,1073741824,1778.0,,retained_derived_diagnostic,,103.74985313415527,110.34375,,,,diagnostic,2026-09-24-damacy-cpu-read-buffers:23,,"[1,256,256]",uncompressed capacity,"[512,1024,1024]",bit,,/mnt/main0/home/nclack/tmp/2026-09-24-damacy-cpu-read-buffers/job-3810330/report/concurrency.csv,,line:24,retained_verified_trace_summary,local XFS,,,,,,overlapping application pread calls in separate instrumented diagnostic,damacy,0.047199288,false,3033.0,,,,32,random-1x256x256,
14.675468070398805,16.0,11.604311598685108,16.0,"[512,4096,4096]",cpu,16384,local client pages evicted/checked; metadata warmed; caches reset; readahead mode recorded in implementation,"[1,128,256]",blosc-zstd,3,read_overlap|2026-09-24-damacy-cpu-read-buffers|zstd|64|16|chunks256-default|random-1x256x256,,zstd-c64-b16-chunks256-default-random-1x256x256,synthetic,smooth4,2026-09-24,node-local /tmp,,,,uint16,0.044770696,Instrumented traces are excluded from throughput repetitions,read_overlap_controls,,,0.012974321362292825,retained per-encoding report and fixed sixteen-shard protocol,,,chunks256-default,16,,cpu-turin-gp-l-244-025,,/mnt/main0/home/nclack/tmp/2026-09-24-damacy-cpu-read-buffers/job-3810330/filesystem.txt,"rw,relatime,attr2,inode64,logbufs=8,logbsize=32k,sunit=1024,swidth=4096,prjquota","Application call overlap is not device queue depth. The full-scan trace is a diagnostic subset, not a throughput measurement of the entire array. See read-runs for separate trace/timed-run locators.",,"{""between_read_gap_count"":""0"",""codec"":""zstd"",""fraction_at_sixteen_shards"":""0.012974321362292825"",""fraction_no_file_reads"":""0.06884050586070203"",""implementation"":""chunks256-default"",""longest_between_read_gap_seconds"":""0.0"",""mean_active_file_reads"":""14.675468070398805"",""mean_shards"":""11.604311598685108"",""median_between_read_gap_seconds"":""0"",""peak_active_file_reads"":""16"",""peak_shards"":""16"",""read_calls"":""1778"",""read_span_seconds"":""0.044770696"",""reader_mib"":""103.74985313415527"",""storage_mib"":""110.421875"",""trace_seconds"":""0.048080588"",""verified_chunk_ranges"":""3033"",""workload"":""random-1x256x256""}",fixed available files; observed read-call and file overlap are separate,available_shards,16,,2026-09-24-damacy-cpu-read-buffers,65536,1073741824,1778.0,,retained_derived_diagnostic,,103.74985313415527,110.421875,,,,diagnostic,2026-09-24-damacy-cpu-read-buffers:24,,"[1,256,256]",uncompressed capacity,"[512,1024,1024]",bit,,/mnt/main0/home/nclack/tmp/2026-09-24-damacy-cpu-read-buffers/job-3810330/report/concurrency.csv,,line:25,retained_verified_trace_summary,local XFS,,,,,,overlapping application pread calls in separate instrumented diagnostic,damacy,0.048080588,false,3033.0,,,,32,random-1x256x256,
14.67125509240974,16.0,11.57189527571987,16.0,"[512,4096,4096]",cpu,16384,local client pages evicted/checked; metadata warmed; caches reset; readahead mode recorded in implementation,"[1,128,256]",blosc-zstd,3,read_overlap|2026-09-24-damacy-cpu-read-buffers|zstd|64|16|chunks256-random|random-1x256x256,,zstd-c64-b16-chunks256-random-random-1x256x256,synthetic,smooth4,2026-09-24,node-local /tmp,,,,uint16,0.044805386,Instrumented traces are excluded from throughput repetitions,read_overlap_controls,,,0.012733122987804149,retained per-encoding report and fixed sixteen-shard protocol,,,chunks256-random,16,,cpu-turin-gp-l-244-025,,/mnt/main0/home/nclack/tmp/2026-09-24-damacy-cpu-read-buffers/job-3810330/filesystem.txt,"rw,relatime,attr2,inode64,logbufs=8,logbsize=32k,sunit=1024,swidth=4096,prjquota","Application call overlap is not device queue depth. The full-scan trace is a diagnostic subset, not a throughput measurement of the entire array. See read-runs for separate trace/timed-run locators.",,"{""between_read_gap_count"":""0"",""codec"":""zstd"",""fraction_at_sixteen_shards"":""0.012733122987804149"",""fraction_no_file_reads"":""0.06900855179081275"",""implementation"":""chunks256-random"",""longest_between_read_gap_seconds"":""0.0"",""mean_active_file_reads"":""14.67125509240974"",""mean_shards"":""11.57189527571987"",""median_between_read_gap_seconds"":""0"",""peak_active_file_reads"":""16"",""peak_shards"":""16"",""read_calls"":""1778"",""read_span_seconds"":""0.044805386"",""reader_mib"":""103.74985313415527"",""storage_mib"":""110.34375"",""trace_seconds"":""0.048126528"",""verified_chunk_ranges"":""3033"",""workload"":""random-1x256x256""}",fixed available files; observed read-call and file overlap are separate,available_shards,16,,2026-09-24-damacy-cpu-read-buffers,65536,1073741824,1778.0,,retained_derived_diagnostic,,103.74985313415527,110.34375,,,,diagnostic,2026-09-24-damacy-cpu-read-buffers:25,,"[1,256,256]",uncompressed capacity,"[512,1024,1024]",bit,,/mnt/main0/home/nclack/tmp/2026-09-24-damacy-cpu-read-buffers/job-3810330/report/concurrency.csv,,line:26,retained_verified_trace_summary,local XFS,,,,,,overlapping application pread calls in separate instrumented diagnostic,damacy,0.048126528,false,3033.0,,,,32,random-1x256x256,
11.55699049460819,16.0,9.582945057159101,16.0,"[512,4096,4096]",cpu,16384,local client pages evicted/checked; metadata warmed; caches reset; readahead mode recorded in implementation,"[1,128,256]",blosc-zstd,3,read_overlap|2026-09-24-damacy-cpu-read-buffers|zstd|64|16|chunks32-default|random-1x256x256,,zstd-c64-b16-chunks32-default-random-1x256x256,synthetic,smooth4,2026-09-24,node-local /tmp,,,,uint16,0.057776727,Instrumented traces are excluded from throughput repetitions,read_overlap_controls,,,0.05161214302140416,retained per-encoding report and fixed sixteen-shard protocol,,,chunks32-default,16,,cpu-turin-gp-l-244-025,,/mnt/main0/home/nclack/tmp/2026-09-24-damacy-cpu-read-buffers/job-3810330/filesystem.txt,"rw,relatime,attr2,inode64,logbufs=8,logbsize=32k,sunit=1024,swidth=4096,prjquota","Application call overlap is not device queue depth. The full-scan trace is a diagnostic subset, not a throughput measurement of the entire array. See read-runs for separate trace/timed-run locators.",,"{""between_read_gap_count"":""9"",""codec"":""zstd"",""fraction_at_sixteen_shards"":""0.05161214302140416"",""fraction_no_file_reads"":""0.06963203403329096"",""implementation"":""chunks32-default"",""longest_between_read_gap_seconds"":""0.000390086"",""mean_active_file_reads"":""11.55699049460819"",""mean_shards"":""9.582945057159101"",""median_between_read_gap_seconds"":""7.2969e-05"",""peak_active_file_reads"":""16"",""peak_shards"":""16"",""read_calls"":""1778"",""read_span_seconds"":""0.057776727"",""reader_mib"":""103.74985313415527"",""storage_mib"":""110.421875"",""trace_seconds"":""0.060552475"",""verified_chunk_ranges"":""3033"",""workload"":""random-1x256x256""}",fixed available files; observed read-call and file overlap are separate,available_shards,16,,2026-09-24-damacy-cpu-read-buffers,65536,1073741824,1778.0,,retained_derived_diagnostic,,103.74985313415527,110.421875,,,,diagnostic,2026-09-24-damacy-cpu-read-buffers:26,,"[1,256,256]",uncompressed capacity,"[512,1024,1024]",bit,,/mnt/main0/home/nclack/tmp/2026-09-24-damacy-cpu-read-buffers/job-3810330/report/concurrency.csv,,line:27,retained_verified_trace_summary,local XFS,,,,,,overlapping application pread calls in separate instrumented diagnostic,damacy,0.060552475,false,3033.0,,,,32,random-1x256x256,
11.298205439976796,16.0,9.295893894788247,16.0,"[512,4096,4096]",cpu,16384,local client pages evicted/checked; metadata warmed; caches reset; readahead mode recorded in implementation,"[1,128,256]",blosc-zstd,3,read_overlap|2026-09-24-damacy-cpu-read-buffers|zstd|64|16|chunks32-random|random-1x256x256,,zstd-c64-b16-chunks32-random-random-1x256x256,synthetic,smooth4,2026-09-24,node-local /tmp,,,,uint16,0.059543116,Instrumented traces are excluded from throughput repetitions,read_overlap_controls,,,0.0578087759752717,retained per-encoding report and fixed sixteen-shard protocol,,,chunks32-random,16,,cpu-turin-gp-l-244-025,,/mnt/main0/home/nclack/tmp/2026-09-24-damacy-cpu-read-buffers/job-3810330/filesystem.txt,"rw,relatime,attr2,inode64,logbufs=8,logbsize=32k,sunit=1024,swidth=4096,prjquota","Application call overlap is not device queue depth. The full-scan trace is a diagnostic subset, not a throughput measurement of the entire array. See read-runs for separate trace/timed-run locators.",,"{""between_read_gap_count"":""10"",""codec"":""zstd"",""fraction_at_sixteen_shards"":""0.0578087759752717"",""fraction_no_file_reads"":""0.08409410229791786"",""implementation"":""chunks32-random"",""longest_between_read_gap_seconds"":""0.000501614"",""mean_active_file_reads"":""11.298205439976796"",""mean_shards"":""9.295893894788247"",""median_between_read_gap_seconds"":""0.000147673"",""peak_active_file_reads"":""16"",""peak_shards"":""16"",""read_calls"":""1778"",""read_span_seconds"":""0.059543116"",""reader_mib"":""103.74985313415527"",""storage_mib"":""110.34375"",""trace_seconds"":""0.062939717"",""verified_chunk_ranges"":""3033"",""workload"":""random-1x256x256""}",fixed available files; observed read-call and file overlap are separate,available_shards,16,,2026-09-24-damacy-cpu-read-buffers,65536,1073741824,1778.0,,retained_derived_diagnostic,,103.74985313415527,110.34375,,,,diagnostic,2026-09-24-damacy-cpu-read-buffers:27,,"[1,256,256]",uncompressed capacity,"[512,1024,1024]",bit,,/mnt/main0/home/nclack/tmp/2026-09-24-damacy-cpu-read-buffers/job-3810330/report/concurrency.csv,,line:28,retained_verified_trace_summary,local XFS,,,,,,overlapping application pread calls in separate instrumented diagnostic,damacy,0.062939717,false,3033.0,,,,32,random-1x256x256,
7.441101795463175,16.0,6.110308780497131,13.0,"[512,4096,4096]",cpu,16384,local client pages evicted/checked; metadata warmed; caches reset; readahead mode recorded in implementation,"[1,128,256]",blosc-zstd,3,read_overlap|2026-09-24-damacy-cpu-read-buffers|zstd|64|16|tensorstore|random-1x256x256,,zstd-c64-b16-tensorstore-random-1x256x256,synthetic,smooth4,2026-09-24,node-local /tmp,,,,uint16,0.084907256,Instrumented traces are excluded from throughput repetitions,read_overlap_controls,,,0.0,retained per-encoding report and fixed sixteen-shard protocol,,,tensorstore,16,,cpu-turin-gp-l-244-025,,/mnt/main0/home/nclack/tmp/2026-09-24-damacy-cpu-read-buffers/job-3810330/filesystem.txt,"rw,relatime,attr2,inode64,logbufs=8,logbsize=32k,sunit=1024,swidth=4096,prjquota","Application call overlap is not device queue depth. The full-scan trace is a diagnostic subset, not a throughput measurement of the entire array. See read-runs for separate trace/timed-run locators.",,"{""between_read_gap_count"":""16"",""codec"":""zstd"",""fraction_at_sixteen_shards"":""0.0"",""fraction_no_file_reads"":""0.11410923704761558"",""implementation"":""tensorstore"",""longest_between_read_gap_seconds"":""0.000317726"",""mean_active_file_reads"":""7.441101795463175"",""mean_shards"":""6.110308780497131"",""median_between_read_gap_seconds"":""8.125e-06"",""peak_active_file_reads"":""16"",""peak_shards"":""13"",""read_calls"":""1776"",""read_span_seconds"":""0.084907256"",""reader_mib"":""103.57885074615479"",""storage_mib"":""110.421875"",""trace_seconds"":""0.095299866"",""verified_chunk_ranges"":""3033"",""workload"":""random-1x256x256""}",fixed available files; observed read-call and file overlap are separate,available_shards,16,,2026-09-24-damacy-cpu-read-buffers,65536,1073741824,1776.0,,retained_derived_diagnostic,,103.57885074615479,110.421875,,,0.1.85,diagnostic,2026-09-24-damacy-cpu-read-buffers:28,,"[1,256,256]",uncompressed capacity,"[512,1024,1024]",bit,,/mnt/main0/home/nclack/tmp/2026-09-24-damacy-cpu-read-buffers/job-3810330/report/concurrency.csv,,line:29,retained_verified_trace_summary,local XFS,,,,,,overlapping application pread calls in separate instrumented diagnostic,tensorstore,0.095299866,false,3033.0,,,,32,random-1x256x256,
9.776051651041017,16.0,9.07800798472781,16.0,"[512,4096,4096]",cpu,16384,local client pages evicted/checked; metadata warmed; caches reset; readahead mode recorded in implementation,"[1,256,256]",blosc-lz4,3,read_overlap|2026-09-24-damacy-cold-chunks|lz4|128|16|chunks256-default|full-scan,,lz4-c128-b16-chunks256-default-full-scan,synthetic,smooth4,2026-09-24,node-local /tmp,,,,uint16,0.043703383,Instrumented traces are excluded from throughput repetitions,read_overlap_controls,,,0.3443262223401612,retained per-encoding report and fixed sixteen-shard protocol,,,chunks256-default,16,,cpu-turin-gp-l-244-025,,/mnt/main0/home/nclack/tmp/2026-09-24-damacy-cold-chunks/job-3811387/filesystem.txt,"rw,relatime,attr2,inode64,logbufs=8,logbsize=32k,sunit=1024,swidth=4096,prjquota","Application call overlap is not device queue depth. The full-scan trace is a diagnostic subset, not a throughput measurement of the entire array. See read-runs for separate trace/timed-run locators.",,"{""between_read_gap_count"":""5"",""chunk_kib"":""128"",""codec"":""lz4"",""fraction_at_sixteen_shards"":""0.3443262223401612"",""fraction_no_file_reads"":""0.3137782117803708"",""implementation"":""chunks256-default"",""longest_between_read_gap_seconds"":""0.003306386"",""mean_active_file_reads"":""9.776051651041017"",""mean_shards"":""9.07800798472781"",""median_between_read_gap_seconds"":""0.002172262"",""peak_active_file_reads"":""16"",""peak_shards"":""16"",""read_calls"":""512"",""read_span_seconds"":""0.043703383"",""reader_mib"":""326.781699180603"",""storage_mib"":""452.0"",""trace_seconds"":""0.050150238"",""verified_chunk_ranges"":""4096"",""workload"":""full-scan""}",fixed available files; observed read-call and file overlap are separate,available_shards,16,,2026-09-24-damacy-cold-chunks,131072,1073741824,512.0,,retained_derived_diagnostic,,326.781699180603,452.0,,,8d0931e7d131fd5d4c565458736ab586012c78c1 plus retained benchmark controls,diagnostic,2026-09-24-damacy-cold-chunks:1,,"[8,256,256]",uncompressed capacity,"[512,1024,1024]",bit,,/mnt/main0/home/nclack/tmp/2026-09-24-damacy-cold-chunks/job-3811387/report/concurrency.csv,,line:2,retained_verified_trace_summary,local XFS,,,,,,overlapping application pread calls in separate instrumented diagnostic,damacy,0.050150238,false,4096.0,,,,32,full-scan,
14.262167929414021,16.0,12.842580087159043,16.0,"[512,4096,4096]",cpu,16384,local client pages evicted/checked; metadata warmed; caches reset; readahead mode recorded in implementation,"[1,256,256]",blosc-lz4,3,read_overlap|2026-09-24-damacy-cold-chunks|lz4|128|16|chunks256-random|full-scan,,lz4-c128-b16-chunks256-random-full-scan,synthetic,smooth4,2026-09-24,node-local /tmp,,,,uint16,0.041491173,Instrumented traces are excluded from throughput repetitions,read_overlap_controls,,,0.10114199374770687,retained per-encoding report and fixed sixteen-shard protocol,,,chunks256-random,16,,cpu-turin-gp-l-244-025,,/mnt/main0/home/nclack/tmp/2026-09-24-damacy-cold-chunks/job-3811387/filesystem.txt,"rw,relatime,attr2,inode64,logbufs=8,logbsize=32k,sunit=1024,swidth=4096,prjquota","Application call overlap is not device queue depth. The full-scan trace is a diagnostic subset, not a throughput measurement of the entire array. See read-runs for separate trace/timed-run locators.",,"{""between_read_gap_count"":""0"",""chunk_kib"":""128"",""codec"":""lz4"",""fraction_at_sixteen_shards"":""0.10114199374770687"",""fraction_no_file_reads"":""0.08733824853085188"",""implementation"":""chunks256-random"",""longest_between_read_gap_seconds"":""0.0"",""mean_active_file_reads"":""14.262167929414021"",""mean_shards"":""12.842580087159043"",""median_between_read_gap_seconds"":""0"",""peak_active_file_reads"":""16"",""peak_shards"":""16"",""read_calls"":""512"",""read_span_seconds"":""0.041491173"",""reader_mib"":""326.781699180603"",""storage_mib"":""326.80859375"",""trace_seconds"":""0.04546172"",""verified_chunk_ranges"":""4096"",""workload"":""full-scan""}",fixed available files; observed read-call and file overlap are separate,available_shards,16,,2026-09-24-damacy-cold-chunks,131072,1073741824,512.0,,retained_derived_diagnostic,,326.781699180603,326.80859375,,,8d0931e7d131fd5d4c565458736ab586012c78c1 plus retained benchmark controls,diagnostic,2026-09-24-damacy-cold-chunks:2,,"[8,256,256]",uncompressed capacity,"[512,1024,1024]",bit,,/mnt/main0/home/nclack/tmp/2026-09-24-damacy-cold-chunks/job-3811387/report/concurrency.csv,,line:3,retained_verified_trace_summary,local XFS,,,,,,overlapping application pread calls in separate instrumented diagnostic,damacy,0.04546172,false,4096.0,,,,32,full-scan,
3.490066166766134,15.0,3.050395631700375,13.0,"[512,4096,4096]",cpu,16384,local client pages evicted/checked; metadata warmed; caches reset; readahead mode recorded in implementation,"[1,256,256]",blosc-lz4,3,read_overlap|2026-09-24-damacy-cold-chunks|lz4|128|16|tensorstore|full-scan,,lz4-c128-b16-tensorstore-full-scan,synthetic,smooth4,2026-09-24,node-local /tmp,,,,uint16,0.13038309,Instrumented traces are excluded from throughput repetitions,read_overlap_controls,,,0.0,retained per-encoding report and fixed sixteen-shard protocol,,,tensorstore,16,,cpu-turin-gp-l-244-025,,/mnt/main0/home/nclack/tmp/2026-09-24-damacy-cold-chunks/job-3811387/filesystem.txt,"rw,relatime,attr2,inode64,logbufs=8,logbsize=32k,sunit=1024,swidth=4096,prjquota","Application call overlap is not device queue depth. The full-scan trace is a diagnostic subset, not a throughput measurement of the entire array. See read-runs for separate trace/timed-run locators.",,"{""between_read_gap_count"":""6"",""chunk_kib"":""128"",""codec"":""lz4"",""fraction_at_sixteen_shards"":""0.0"",""fraction_no_file_reads"":""0.545862990972516"",""implementation"":""tensorstore"",""longest_between_read_gap_seconds"":""0.047558082"",""mean_active_file_reads"":""3.490066166766134"",""mean_shards"":""3.050395631700375"",""median_between_read_gap_seconds"":""1.3285e-05"",""peak_active_file_reads"":""15"",""peak_shards"":""13"",""read_calls"":""512"",""read_span_seconds"":""0.13038309"",""reader_mib"":""326.781699180603"",""storage_mib"":""331.3984375"",""trace_seconds"":""0.182234386"",""verified_chunk_ranges"":""4096"",""workload"":""full-scan""}",fixed available files; observed read-call and file overlap are separate,available_shards,16,,2026-09-24-damacy-cold-chunks,131072,1073741824,512.0,,retained_derived_diagnostic,,326.781699180603,331.3984375,,,0.1.85,diagnostic,2026-09-24-damacy-cold-chunks:3,,"[8,256,256]",uncompressed capacity,"[512,1024,1024]",bit,,/mnt/main0/home/nclack/tmp/2026-09-24-damacy-cold-chunks/job-3811387/report/concurrency.csv,,line:4,retained_verified_trace_summary,local XFS,,,,,,overlapping application pread calls in separate instrumented diagnostic,tensorstore,0.182234386,false,4096.0,,,,32,full-scan,
14.595386232892068,16.0,11.618848822390632,16.0,"[512,4096,4096]",cpu,16384,local client pages evicted/checked; metadata warmed; caches reset; readahead mode recorded in implementation,"[1,256,256]",blosc-lz4,3,read_overlap|2026-09-24-damacy-cold-chunks|lz4|128|16|chunks256-default|random-1x256x256,,lz4-c128-b16-chunks256-default-random-1x256x256,synthetic,smooth4,2026-09-24,node-local /tmp,,,,uint16,0.04775279,Instrumented traces are excluded from throughput repetitions,read_overlap_controls,,,0.01222421866840592,retained per-encoding report and fixed sixteen-shard protocol,,,chunks256-default,16,,cpu-turin-gp-l-244-025,,/mnt/main0/home/nclack/tmp/2026-09-24-damacy-cold-chunks/job-3811387/filesystem.txt,"rw,relatime,attr2,inode64,logbufs=8,logbsize=32k,sunit=1024,swidth=4096,prjquota","Application call overlap is not device queue depth. The full-scan trace is a diagnostic subset, not a throughput measurement of the entire array. See read-runs for separate trace/timed-run locators.",,"{""between_read_gap_count"":""0"",""chunk_kib"":""128"",""codec"":""lz4"",""fraction_at_sixteen_shards"":""0.01222421866840592"",""fraction_no_file_reads"":""0.07470842423428603"",""implementation"":""chunks256-default"",""longest_between_read_gap_seconds"":""0.0"",""mean_active_file_reads"":""14.595386232892068"",""mean_shards"":""11.618848822390632"",""median_between_read_gap_seconds"":""0"",""peak_active_file_reads"":""16"",""peak_shards"":""16"",""read_calls"":""1182"",""read_span_seconds"":""0.04775279"",""reader_mib"":""161.37536144256592"",""storage_mib"":""165.515625"",""trace_seconds"":""0.05160837"",""verified_chunk_ranges"":""2015"",""workload"":""random-1x256x256""}",fixed available files; observed read-call and file overlap are separate,available_shards,16,,2026-09-24-damacy-cold-chunks,131072,1073741824,1182.0,,retained_derived_diagnostic,,161.37536144256592,165.515625,,,8d0931e7d131fd5d4c565458736ab586012c78c1 plus retained benchmark controls,diagnostic,2026-09-24-damacy-cold-chunks:4,,"[1,256,256]",uncompressed capacity,"[512,1024,1024]",bit,,/mnt/main0/home/nclack/tmp/2026-09-24-damacy-cold-chunks/job-3811387/report/concurrency.csv,,line:5,retained_verified_trace_summary,local XFS,,,,,,overlapping application pread calls in separate instrumented diagnostic,damacy,0.05160837,false,2015.0,,,,32,random-1x256x256,
14.700912186942023,16.0,11.753726055369917,16.0,"[512,4096,4096]",cpu,16384,local client pages evicted/checked; metadata warmed; caches reset; readahead mode recorded in implementation,"[1,256,256]",blosc-lz4,3,read_overlap|2026-09-24-damacy-cold-chunks|lz4|128|16|chunks256-random|random-1x256x256,,lz4-c128-b16-chunks256-random-random-1x256x256,synthetic,smooth4,2026-09-24,node-local /tmp,,,,uint16,0.047207837,Instrumented traces are excluded from throughput repetitions,read_overlap_controls,,,0.022873821213481502,retained per-encoding report and fixed sixteen-shard protocol,,,chunks256-random,16,,cpu-turin-gp-l-244-025,,/mnt/main0/home/nclack/tmp/2026-09-24-damacy-cold-chunks/job-3811387/filesystem.txt,"rw,relatime,attr2,inode64,logbufs=8,logbsize=32k,sunit=1024,swidth=4096,prjquota","Application call overlap is not device queue depth. The full-scan trace is a diagnostic subset, not a throughput measurement of the entire array. See read-runs for separate trace/timed-run locators.",,"{""between_read_gap_count"":""0"",""chunk_kib"":""128"",""codec"":""lz4"",""fraction_at_sixteen_shards"":""0.022873821213481502"",""fraction_no_file_reads"":""0.06547048402413821"",""implementation"":""chunks256-random"",""longest_between_read_gap_seconds"":""0.0"",""mean_active_file_reads"":""14.700912186942023"",""mean_shards"":""11.753726055369917"",""median_between_read_gap_seconds"":""0"",""peak_active_file_reads"":""16"",""peak_shards"":""16"",""read_calls"":""1182"",""read_span_seconds"":""0.047207837"",""reader_mib"":""161.37536144256592"",""storage_mib"":""165.19921875"",""trace_seconds"":""0.050515084"",""verified_chunk_ranges"":""2015"",""workload"":""random-1x256x256""}",fixed available files; observed read-call and file overlap are separate,available_shards,16,,2026-09-24-damacy-cold-chunks,131072,1073741824,1182.0,,retained_derived_diagnostic,,161.37536144256592,165.19921875,,,8d0931e7d131fd5d4c565458736ab586012c78c1 plus retained benchmark controls,diagnostic,2026-09-24-damacy-cold-chunks:5,,"[1,256,256]",uncompressed capacity,"[512,1024,1024]",bit,,/mnt/main0/home/nclack/tmp/2026-09-24-damacy-cold-chunks/job-3811387/report/concurrency.csv,,line:6,retained_verified_trace_summary,local XFS,,,,,,overlapping application pread calls in separate instrumented diagnostic,damacy,0.050515084,false,2015.0,,,,32,random-1x256x256,
7.372187233994106,16.0,6.105955140543516,14.0,"[512,4096,4096]",cpu,16384,local client pages evicted/checked; metadata warmed; caches reset; readahead mode recorded in implementation,"[1,256,256]",blosc-lz4,3,read_overlap|2026-09-24-damacy-cold-chunks|lz4|128|16|tensorstore|random-1x256x256,,lz4-c128-b16-tensorstore-random-1x256x256,synthetic,smooth4,2026-09-24,node-local /tmp,,,,uint16,0.089901714,Instrumented traces are excluded from throughput repetitions,read_overlap_controls,,,0.0,retained per-encoding report and fixed sixteen-shard protocol,,,tensorstore,16,,cpu-turin-gp-l-244-025,,/mnt/main0/home/nclack/tmp/2026-09-24-damacy-cold-chunks/job-3811387/filesystem.txt,"rw,relatime,attr2,inode64,logbufs=8,logbsize=32k,sunit=1024,swidth=4096,prjquota","Application call overlap is not device queue depth. The full-scan trace is a diagnostic subset, not a throughput measurement of the entire array. See read-runs for separate trace/timed-run locators.",,"{""between_read_gap_count"":""10"",""chunk_kib"":""128"",""codec"":""lz4"",""fraction_at_sixteen_shards"":""0.0"",""fraction_no_file_reads"":""0.14150366538044765"",""implementation"":""tensorstore"",""longest_between_read_gap_seconds"":""0.004161865"",""mean_active_file_reads"":""7.372187233994106"",""mean_shards"":""6.105955140543516"",""median_between_read_gap_seconds"":""8.74e-06"",""peak_active_file_reads"":""16"",""peak_shards"":""14"",""read_calls"":""1180"",""read_span_seconds"":""0.089901714"",""reader_mib"":""161.0547227859497"",""storage_mib"":""165.515625"",""trace_seconds"":""0.099779274"",""verified_chunk_ranges"":""2015"",""workload"":""random-1x256x256""}",fixed available files; observed read-call and file overlap are separate,available_shards,16,,2026-09-24-damacy-cold-chunks,131072,1073741824,1180.0,,retained_derived_diagnostic,,161.0547227859497,165.515625,,,0.1.85,diagnostic,2026-09-24-damacy-cold-chunks:6,,"[1,256,256]",uncompressed capacity,"[512,1024,1024]",bit,,/mnt/main0/home/nclack/tmp/2026-09-24-damacy-cold-chunks/job-3811387/report/concurrency.csv,,line:7,retained_verified_trace_summary,local XFS,,,,,,overlapping application pread calls in separate instrumented diagnostic,tensorstore,0.099779274,false,2015.0,,,,32,random-1x256x256,
4.076935052457131,16.0,4.076935052457131,16.0,"[512,4096,4096]",cpu,16384,local client pages evicted/checked; metadata warmed; caches reset; readahead mode recorded in implementation,"[1,64,128]",blosc-lz4,3,read_overlap|2026-09-24-damacy-cold-chunks|lz4|16|16|chunks256-default|full-scan,,lz4-c16-b16-chunks256-default-full-scan,synthetic,smooth4,2026-09-24,node-local /tmp,,,,uint16,0.086053025,Instrumented traces are excluded from throughput repetitions,read_overlap_controls,,,0.0834705195036588,retained per-encoding report and fixed sixteen-shard protocol,,,chunks256-default,16,,cpu-turin-gp-l-244-025,,/mnt/main0/home/nclack/tmp/2026-09-24-damacy-cold-chunks/job-3811387/filesystem.txt,"rw,relatime,attr2,inode64,logbufs=8,logbsize=32k,sunit=1024,swidth=4096,prjquota","Application call overlap is not device queue depth. The full-scan trace is a diagnostic subset, not a throughput measurement of the entire array. See read-runs for separate trace/timed-run locators.",,"{""between_read_gap_count"":""62"",""chunk_kib"":""16"",""codec"":""lz4"",""fraction_at_sixteen_shards"":""0.0834705195036588"",""fraction_no_file_reads"":""0.5815292516599195"",""implementation"":""chunks256-default"",""longest_between_read_gap_seconds"":""0.002402661"",""mean_active_file_reads"":""4.076935052457131"",""mean_shards"":""4.076935052457131"",""median_between_read_gap_seconds"":""0.000787465"",""peak_active_file_reads"":""16"",""peak_shards"":""16"",""read_calls"":""1024"",""read_span_seconds"":""0.086053025"",""reader_mib"":""325.6236295700073"",""storage_mib"":""425.37890625"",""trace_seconds"":""0.092926641"",""verified_chunk_ranges"":""32768"",""workload"":""full-scan""}",fixed available files; observed read-call and file overlap are separate,available_shards,16,,2026-09-24-damacy-cold-chunks,16384,1073741824,1024.0,,retained_derived_diagnostic,,325.6236295700073,425.37890625,,,8d0931e7d131fd5d4c565458736ab586012c78c1 plus retained benchmark controls,diagnostic,2026-09-24-damacy-cold-chunks:7,,"[8,256,256]",uncompressed capacity,"[512,1024,1024]",bit,,/mnt/main0/home/nclack/tmp/2026-09-24-damacy-cold-chunks/job-3811387/report/concurrency.csv,,line:8,retained_verified_trace_summary,local XFS,,,,,,overlapping application pread calls in separate instrumented diagnostic,damacy,0.092926641,false,32768.0,,,,32,full-scan,
8.063161607239628,16.0,8.063161607239628,16.0,"[512,4096,4096]",cpu,16384,local client pages evicted/checked; metadata warmed; caches reset; readahead mode recorded in implementation,"[1,64,128]",blosc-lz4,3,read_overlap|2026-09-24-damacy-cold-chunks|lz4|16|16|chunks256-random|full-scan,,lz4-c16-b16-chunks256-random-full-scan,synthetic,smooth4,2026-09-24,node-local /tmp,,,,uint16,0.116286074,Instrumented traces are excluded from throughput repetitions,read_overlap_controls,,,0.09350636089181542,retained per-encoding report and fixed sixteen-shard protocol,,,chunks256-random,16,,cpu-turin-gp-l-244-025,,/mnt/main0/home/nclack/tmp/2026-09-24-damacy-cold-chunks/job-3811387/filesystem.txt,"rw,relatime,attr2,inode64,logbufs=8,logbsize=32k,sunit=1024,swidth=4096,prjquota","Application call overlap is not device queue depth. The full-scan trace is a diagnostic subset, not a throughput measurement of the entire array. See read-runs for separate trace/timed-run locators.",,"{""between_read_gap_count"":""19"",""chunk_kib"":""16"",""codec"":""lz4"",""fraction_at_sixteen_shards"":""0.09350636089181542"",""fraction_no_file_reads"":""0.11178970046816217"",""implementation"":""chunks256-random"",""longest_between_read_gap_seconds"":""0.000933969"",""mean_active_file_reads"":""8.063161607239628"",""mean_shards"":""8.063161607239628"",""median_between_read_gap_seconds"":""0.000364926"",""peak_active_file_reads"":""16"",""peak_shards"":""16"",""read_calls"":""1024"",""read_span_seconds"":""0.116286074"",""reader_mib"":""325.6236295700073"",""storage_mib"":""325.65234375"",""trace_seconds"":""0.122961453"",""verified_chunk_ranges"":""32768"",""workload"":""full-scan""}",fixed available files; observed read-call and file overlap are separate,available_shards,16,,2026-09-24-damacy-cold-chunks,16384,1073741824,1024.0,,retained_derived_diagnostic,,325.6236295700073,325.65234375,,,8d0931e7d131fd5d4c565458736ab586012c78c1 plus retained benchmark controls,diagnostic,2026-09-24-damacy-cold-chunks:8,,"[8,256,256]",uncompressed capacity,"[512,1024,1024]",bit,,/mnt/main0/home/nclack/tmp/2026-09-24-damacy-cold-chunks/job-3811387/report/concurrency.csv,,line:9,retained_verified_trace_summary,local XFS,,,,,,overlapping application pread calls in separate instrumented diagnostic,damacy,0.122961453,false,32768.0,,,,32,full-scan,
3.0579990596088806,16.0,2.284995453192152,13.0,"[512,4096,4096]",cpu,16384,local client pages evicted/checked; metadata warmed; caches reset; readahead mode recorded in implementation,"[1,64,128]",blosc-lz4,3,read_overlap|2026-09-24-damacy-cold-chunks|lz4|16|16|tensorstore|full-scan,,lz4-c16-b16-tensorstore-full-scan,synthetic,smooth4,2026-09-24,node-local /tmp,,,,uint16,0.134622549,Instrumented traces are excluded from throughput repetitions,read_overlap_controls,,,0.0,retained per-encoding report and fixed sixteen-shard protocol,,,tensorstore,16,,cpu-turin-gp-l-244-025,,/mnt/main0/home/nclack/tmp/2026-09-24-damacy-cold-chunks/job-3811387/filesystem.txt,"rw,relatime,attr2,inode64,logbufs=8,logbsize=32k,sunit=1024,swidth=4096,prjquota","Application call overlap is not device queue depth. The full-scan trace is a diagnostic subset, not a throughput measurement of the entire array. See read-runs for separate trace/timed-run locators.",,"{""between_read_gap_count"":""1"",""chunk_kib"":""16"",""codec"":""lz4"",""fraction_at_sixteen_shards"":""0.0"",""fraction_no_file_reads"":""0.7384188971807903"",""implementation"":""tensorstore"",""longest_between_read_gap_seconds"":""0.078368729"",""mean_active_file_reads"":""3.0579990596088806"",""mean_shards"":""2.284995453192152"",""median_between_read_gap_seconds"":""0.078368729"",""peak_active_file_reads"":""16"",""peak_shards"":""13"",""read_calls"":""512"",""read_span_seconds"":""0.134622549"",""reader_mib"":""325.6236295700073"",""storage_mib"":""338.28125"",""trace_seconds"":""0.215053073"",""verified_chunk_ranges"":""32768"",""workload"":""full-scan""}",fixed available files; observed read-call and file overlap are separate,available_shards,16,,2026-09-24-damacy-cold-chunks,16384,1073741824,512.0,,retained_derived_diagnostic,,325.6236295700073,338.28125,,,0.1.85,diagnostic,2026-09-24-damacy-cold-chunks:9,,"[8,256,256]",uncompressed capacity,"[512,1024,1024]",bit,,/mnt/main0/home/nclack/tmp/2026-09-24-damacy-cold-chunks/job-3811387/report/concurrency.csv,,line:10,retained_verified_trace_summary,local XFS,,,,,,overlapping application pread calls in separate instrumented diagnostic,tensorstore,0.215053073,false,32768.0,,,,32,full-scan,
14.73000283475501,16.0,11.702410383584994,16.0,"[512,4096,4096]",cpu,16384,local client pages evicted/checked; metadata warmed; caches reset; readahead mode recorded in implementation,"[1,64,128]",blosc-lz4,3,read_overlap|2026-09-24-damacy-cold-chunks|lz4|16|16|chunks256-default|random-1x256x256,,lz4-c16-b16-chunks256-default-random-1x256x256,synthetic,smooth4,2026-09-24,node-local /tmp,,,,uint16,0.051341371,Instrumented traces are excluded from throughput repetitions,read_overlap_controls,,,0.015397331450572871,retained per-encoding report and fixed sixteen-shard protocol,,,chunks256-default,16,,cpu-turin-gp-l-244-025,,/mnt/main0/home/nclack/tmp/2026-09-24-damacy-cold-chunks/job-3811387/filesystem.txt,"rw,relatime,attr2,inode64,logbufs=8,logbsize=32k,sunit=1024,swidth=4096,prjquota","Application call overlap is not device queue depth. The full-scan trace is a diagnostic subset, not a throughput measurement of the entire array. See read-runs for separate trace/timed-run locators.",,"{""between_read_gap_count"":""0"",""chunk_kib"":""16"",""codec"":""lz4"",""fraction_at_sixteen_shards"":""0.015397331450572871"",""fraction_no_file_reads"":""0.06042473377734125"",""implementation"":""chunks256-default"",""longest_between_read_gap_seconds"":""0.0"",""mean_active_file_reads"":""14.73000283475501"",""mean_shards"":""11.702410383584994"",""median_between_read_gap_seconds"":""0"",""peak_active_file_reads"":""16"",""peak_shards"":""16"",""read_calls"":""2964"",""read_span_seconds"":""0.051341371"",""reader_mib"":""75.6236743927002"",""storage_mib"":""87.23046875"",""trace_seconds"":""0.05464317"",""verified_chunk_ranges"":""7597"",""workload"":""random-1x256x256""}",fixed available files; observed read-call and file overlap are separate,available_shards,16,,2026-09-24-damacy-cold-chunks,16384,1073741824,2964.0,,retained_derived_diagnostic,,75.6236743927002,87.23046875,,,8d0931e7d131fd5d4c565458736ab586012c78c1 plus retained benchmark controls,diagnostic,2026-09-24-damacy-cold-chunks:10,,"[1,256,256]",uncompressed capacity,"[512,1024,1024]",bit,,/mnt/main0/home/nclack/tmp/2026-09-24-damacy-cold-chunks/job-3811387/report/concurrency.csv,,line:11,retained_verified_trace_summary,local XFS,,,,,,overlapping application pread calls in separate instrumented diagnostic,damacy,0.05464317,false,7597.0,,,,32,random-1x256x256,
14.770126321967991,16.0,11.689978941008022,16.0,"[512,4096,4096]",cpu,16384,local client pages evicted/checked; metadata warmed; caches reset; readahead mode recorded in implementation,"[1,64,128]",blosc-lz4,3,read_overlap|2026-09-24-damacy-cold-chunks|lz4|16|16|chunks256-random|random-1x256x256,,lz4-c16-b16-chunks256-random-random-1x256x256,synthetic,smooth4,2026-09-24,node-local /tmp,,,,uint16,0.051170083,Instrumented traces are excluded from throughput repetitions,read_overlap_controls,,,0.013337349331593999,retained per-encoding report and fixed sixteen-shard protocol,,,chunks256-random,16,,cpu-turin-gp-l-244-025,,/mnt/main0/home/nclack/tmp/2026-09-24-damacy-cold-chunks/job-3811387/filesystem.txt,"rw,relatime,attr2,inode64,logbufs=8,logbsize=32k,sunit=1024,swidth=4096,prjquota","Application call overlap is not device queue depth. The full-scan trace is a diagnostic subset, not a throughput measurement of the entire array. See read-runs for separate trace/timed-run locators.",,"{""between_read_gap_count"":""0"",""chunk_kib"":""16"",""codec"":""lz4"",""fraction_at_sixteen_shards"":""0.013337349331593999"",""fraction_no_file_reads"":""0.05941521271464167"",""implementation"":""chunks256-random"",""longest_between_read_gap_seconds"":""0.0"",""mean_active_file_reads"":""14.770126321967991"",""mean_shards"":""11.689978941008022"",""median_between_read_gap_seconds"":""0"",""peak_active_file_reads"":""16"",""peak_shards"":""16"",""read_calls"":""2964"",""read_span_seconds"":""0.051170083"",""reader_mib"":""75.6236743927002"",""storage_mib"":""87.16015625"",""trace_seconds"":""0.054402414"",""verified_chunk_ranges"":""7597"",""workload"":""random-1x256x256""}",fixed available files; observed read-call and file overlap are separate,available_shards,16,,2026-09-24-damacy-cold-chunks,16384,1073741824,2964.0,,retained_derived_diagnostic,,75.6236743927002,87.16015625,,,8d0931e7d131fd5d4c565458736ab586012c78c1 plus retained benchmark controls,diagnostic,2026-09-24-damacy-cold-chunks:11,,"[1,256,256]",uncompressed capacity,"[512,1024,1024]",bit,,/mnt/main0/home/nclack/tmp/2026-09-24-damacy-cold-chunks/job-3811387/report/concurrency.csv,,line:12,retained_verified_trace_summary,local XFS,,,,,,overlapping application pread calls in separate instrumented diagnostic,damacy,0.054402414,false,7597.0,,,,32,random-1x256x256,
7.088066877104235,16.0,5.968435217773898,15.0,"[512,4096,4096]",cpu,16384,local client pages evicted/checked; metadata warmed; caches reset; readahead mode recorded in implementation,"[1,64,128]",blosc-lz4,3,read_overlap|2026-09-24-damacy-cold-chunks|lz4|16|16|tensorstore|random-1x256x256,,lz4-c16-b16-tensorstore-random-1x256x256,synthetic,smooth4,2026-09-24,node-local /tmp,,,,uint16,0.098517182,Instrumented traces are excluded from throughput repetitions,read_overlap_controls,,,0.0,retained per-encoding report and fixed sixteen-shard protocol,,,tensorstore,16,,cpu-turin-gp-l-244-025,,/mnt/main0/home/nclack/tmp/2026-09-24-damacy-cold-chunks/job-3811387/filesystem.txt,"rw,relatime,attr2,inode64,logbufs=8,logbsize=32k,sunit=1024,swidth=4096,prjquota","Application call overlap is not device queue depth. The full-scan trace is a diagnostic subset, not a throughput measurement of the entire array. See read-runs for separate trace/timed-run locators.",,"{""between_read_gap_count"":""14"",""chunk_kib"":""16"",""codec"":""lz4"",""fraction_at_sixteen_shards"":""0.0"",""fraction_no_file_reads"":""0.20735632563567455"",""implementation"":""tensorstore"",""longest_between_read_gap_seconds"":""0.008256169"",""mean_active_file_reads"":""7.088066877104235"",""mean_shards"":""5.968435217773898"",""median_between_read_gap_seconds"":""8.7695e-06"",""peak_active_file_reads"":""16"",""peak_shards"":""15"",""read_calls"":""2961"",""read_span_seconds"":""0.098517182"",""reader_mib"":""75.53457832336426"",""storage_mib"":""87.23046875"",""trace_seconds"":""0.113713536"",""verified_chunk_ranges"":""7597"",""workload"":""random-1x256x256""}",fixed available files; observed read-call and file overlap are separate,available_shards,16,,2026-09-24-damacy-cold-chunks,16384,1073741824,2961.0,,retained_derived_diagnostic,,75.53457832336426,87.23046875,,,0.1.85,diagnostic,2026-09-24-damacy-cold-chunks:12,,"[1,256,256]",uncompressed capacity,"[512,1024,1024]",bit,,/mnt/main0/home/nclack/tmp/2026-09-24-damacy-cold-chunks/job-3811387/report/concurrency.csv,,line:13,retained_verified_trace_summary,local XFS,,,,,,overlapping application pread calls in separate instrumented diagnostic,tensorstore,0.113713536,false,7597.0,,,,32,random-1x256x256,
5.673332246256242,16.0,5.673332246256242,16.0,"[512,4096,4096]",cpu,16384,local client pages evicted/checked; metadata warmed; caches reset; readahead mode recorded in implementation,"[1,128,128]",blosc-lz4,3,read_overlap|2026-09-24-damacy-cold-chunks|lz4|32|16|chunks256-default|full-scan,,lz4-c32-b16-chunks256-default-full-scan,synthetic,smooth4,2026-09-24,node-local /tmp,,,,uint16,0.067878433,Instrumented traces are excluded from throughput repetitions,read_overlap_controls,,,0.15432121672157723,retained per-encoding report and fixed sixteen-shard protocol,,,chunks256-default,16,,cpu-turin-gp-l-244-025,,/mnt/main0/home/nclack/tmp/2026-09-24-damacy-cold-chunks/job-3811387/filesystem.txt,"rw,relatime,attr2,inode64,logbufs=8,logbsize=32k,sunit=1024,swidth=4096,prjquota","Application call overlap is not device queue depth. The full-scan trace is a diagnostic subset, not a throughput measurement of the entire array. See read-runs for separate trace/timed-run locators.",,"{""between_read_gap_count"":""32"",""chunk_kib"":""32"",""codec"":""lz4"",""fraction_at_sixteen_shards"":""0.15432121672157723"",""fraction_no_file_reads"":""0.5188986015345516"",""implementation"":""chunks256-default"",""longest_between_read_gap_seconds"":""0.003521016"",""mean_active_file_reads"":""5.673332246256242"",""mean_shards"":""5.673332246256242"",""median_between_read_gap_seconds"":""0.000885279"",""peak_active_file_reads"":""16"",""peak_shards"":""16"",""read_calls"":""512"",""read_span_seconds"":""0.067878433"",""reader_mib"":""325.3736295700073"",""storage_mib"":""452.0"",""trace_seconds"":""0.074456541"",""verified_chunk_ranges"":""16384"",""workload"":""full-scan""}",fixed available files; observed read-call and file overlap are separate,available_shards,16,,2026-09-24-damacy-cold-chunks,32768,1073741824,512.0,,retained_derived_diagnostic,,325.3736295700073,452.0,,,8d0931e7d131fd5d4c565458736ab586012c78c1 plus retained benchmark controls,diagnostic,2026-09-24-damacy-cold-chunks:13,,"[8,256,256]",uncompressed capacity,"[512,1024,1024]",bit,,/mnt/main0/home/nclack/tmp/2026-09-24-damacy-cold-chunks/job-3811387/report/concurrency.csv,,line:14,retained_verified_trace_summary,local XFS,,,,,,overlapping application pread calls in separate instrumented diagnostic,damacy,0.074456541,false,16384.0,,,,32,full-scan,
8.129195092974616,16.0,8.129195092974616,16.0,"[512,4096,4096]",cpu,16384,local client pages evicted/checked; metadata warmed; caches reset; readahead mode recorded in implementation,"[1,128,128]",blosc-lz4,3,read_overlap|2026-09-24-damacy-cold-chunks|lz4|32|16|chunks256-random|full-scan,,lz4-c32-b16-chunks256-random-full-scan,synthetic,smooth4,2026-09-24,node-local /tmp,,,,uint16,0.080993399,Instrumented traces are excluded from throughput repetitions,read_overlap_controls,,,0.18260835309194898,retained per-encoding report and fixed sixteen-shard protocol,,,chunks256-random,16,,cpu-turin-gp-l-244-025,,/mnt/main0/home/nclack/tmp/2026-09-24-damacy-cold-chunks/job-3811387/filesystem.txt,"rw,relatime,attr2,inode64,logbufs=8,logbsize=32k,sunit=1024,swidth=4096,prjquota","Application call overlap is not device queue depth. The full-scan trace is a diagnostic subset, not a throughput measurement of the entire array. See read-runs for separate trace/timed-run locators.",,"{""between_read_gap_count"":""18"",""chunk_kib"":""32"",""codec"":""lz4"",""fraction_at_sixteen_shards"":""0.18260835309194898"",""fraction_no_file_reads"":""0.19931779761836038"",""implementation"":""chunks256-random"",""longest_between_read_gap_seconds"":""0.000943128"",""mean_active_file_reads"":""8.129195092974616"",""mean_shards"":""8.129195092974616"",""median_between_read_gap_seconds"":""0.0008470895"",""peak_active_file_reads"":""16"",""peak_shards"":""16"",""read_calls"":""512"",""read_span_seconds"":""0.080993399"",""reader_mib"":""325.3736295700073"",""storage_mib"":""325.40234375"",""trace_seconds"":""0.086179705"",""verified_chunk_ranges"":""16384"",""workload"":""full-scan""}",fixed available files; observed read-call and file overlap are separate,available_shards,16,,2026-09-24-damacy-cold-chunks,32768,1073741824,512.0,,retained_derived_diagnostic,,325.3736295700073,325.40234375,,,8d0931e7d131fd5d4c565458736ab586012c78c1 plus retained benchmark controls,diagnostic,2026-09-24-damacy-cold-chunks:14,,"[8,256,256]",uncompressed capacity,"[512,1024,1024]",bit,,/mnt/main0/home/nclack/tmp/2026-09-24-damacy-cold-chunks/job-3811387/report/concurrency.csv,,line:15,retained_verified_trace_summary,local XFS,,,,,,overlapping application pread calls in separate instrumented diagnostic,damacy,0.086179705,false,16384.0,,,,32,full-scan,
3.4654144645944203,12.0,3.107420896198872,11.0,"[512,4096,4096]",cpu,16384,local client pages evicted/checked; metadata warmed; caches reset; readahead mode recorded in implementation,"[1,128,128]",blosc-lz4,3,read_overlap|2026-09-24-damacy-cold-chunks|lz4|32|16|tensorstore|full-scan,,lz4-c32-b16-tensorstore-full-scan,synthetic,smooth4,2026-09-24,node-local /tmp,,,,uint16,0.137631583,Instrumented traces are excluded from throughput repetitions,read_overlap_controls,,,0.0,retained per-encoding report and fixed sixteen-shard protocol,,,tensorstore,16,,cpu-turin-gp-l-244-025,,/mnt/main0/home/nclack/tmp/2026-09-24-damacy-cold-chunks/job-3811387/filesystem.txt,"rw,relatime,attr2,inode64,logbufs=8,logbsize=32k,sunit=1024,swidth=4096,prjquota","Application call overlap is not device queue depth. The full-scan trace is a diagnostic subset, not a throughput measurement of the entire array. See read-runs for separate trace/timed-run locators.",,"{""between_read_gap_count"":""5"",""chunk_kib"":""32"",""codec"":""lz4"",""fraction_at_sixteen_shards"":""0.0"",""fraction_no_file_reads"":""0.5209597760322279"",""implementation"":""tensorstore"",""longest_between_read_gap_seconds"":""0.046630128"",""mean_active_file_reads"":""3.4654144645944203"",""mean_shards"":""3.107420896198872"",""median_between_read_gap_seconds"":""4.057e-05"",""peak_active_file_reads"":""12"",""peak_shards"":""11"",""read_calls"":""512"",""read_span_seconds"":""0.137631583"",""reader_mib"":""325.3736295700073"",""storage_mib"":""329.95703125"",""trace_seconds"":""0.189637284"",""verified_chunk_ranges"":""16384"",""workload"":""full-scan""}",fixed available files; observed read-call and file overlap are separate,available_shards,16,,2026-09-24-damacy-cold-chunks,32768,1073741824,512.0,,retained_derived_diagnostic,,325.3736295700073,329.95703125,,,0.1.85,diagnostic,2026-09-24-damacy-cold-chunks:15,,"[8,256,256]",uncompressed capacity,"[512,1024,1024]",bit,,/mnt/main0/home/nclack/tmp/2026-09-24-damacy-cold-chunks/job-3811387/report/concurrency.csv,,line:16,retained_verified_trace_summary,local XFS,,,,,,overlapping application pread calls in separate instrumented diagnostic,tensorstore,0.189637284,false,16384.0,,,,32,full-scan,
14.58945765050265,16.0,11.535749272426374,16.0,"[512,4096,4096]",cpu,16384,local client pages evicted/checked; metadata warmed; caches reset; readahead mode recorded in implementation,"[1,128,128]",blosc-lz4,3,read_overlap|2026-09-24-damacy-cold-chunks|lz4|32|16|chunks256-default|random-1x256x256,,lz4-c32-b16-chunks256-default-random-1x256x256,synthetic,smooth4,2026-09-24,node-local /tmp,,,,uint16,0.041682989,Instrumented traces are excluded from throughput repetitions,read_overlap_controls,,,0.01199201860933497,retained per-encoding report and fixed sixteen-shard protocol,,,chunks256-default,16,,cpu-turin-gp-l-244-025,,/mnt/main0/home/nclack/tmp/2026-09-24-damacy-cold-chunks/job-3811387/filesystem.txt,"rw,relatime,attr2,inode64,logbufs=8,logbsize=32k,sunit=1024,swidth=4096,prjquota","Application call overlap is not device queue depth. The full-scan trace is a diagnostic subset, not a throughput measurement of the entire array. See read-runs for separate trace/timed-run locators.",,"{""between_read_gap_count"":""0"",""chunk_kib"":""32"",""codec"":""lz4"",""fraction_at_sixteen_shards"":""0.01199201860933497"",""fraction_no_file_reads"":""0.0747763496586751"",""implementation"":""chunks256-default"",""longest_between_read_gap_seconds"":""0.0"",""mean_active_file_reads"":""14.58945765050265"",""mean_shards"":""11.535749272426374"",""median_between_read_gap_seconds"":""0"",""peak_active_file_reads"":""16"",""peak_shards"":""16"",""read_calls"":""1779"",""read_span_seconds"":""0.041682989"",""reader_mib"":""90.73860931396484"",""storage_mib"":""97.5234375"",""trace_seconds"":""0.045051798"",""verified_chunk_ranges"":""4558"",""workload"":""random-1x256x256""}",fixed available files; observed read-call and file overlap are separate,available_shards,16,,2026-09-24-damacy-cold-chunks,32768,1073741824,1779.0,,retained_derived_diagnostic,,90.73860931396484,97.5234375,,,8d0931e7d131fd5d4c565458736ab586012c78c1 plus retained benchmark controls,diagnostic,2026-09-24-damacy-cold-chunks:16,,"[1,256,256]",uncompressed capacity,"[512,1024,1024]",bit,,/mnt/main0/home/nclack/tmp/2026-09-24-damacy-cold-chunks/job-3811387/report/concurrency.csv,,line:17,retained_verified_trace_summary,local XFS,,,,,,overlapping application pread calls in separate instrumented diagnostic,damacy,0.045051798,false,4558.0,,,,32,random-1x256x256,
14.63021894144315,16.0,11.547605755969585,16.0,"[512,4096,4096]",cpu,16384,local client pages evicted/checked; metadata warmed; caches reset; readahead mode recorded in implementation,"[1,128,128]",blosc-lz4,3,read_overlap|2026-09-24-damacy-cold-chunks|lz4|32|16|chunks256-random|random-1x256x256,,lz4-c32-b16-chunks256-random-random-1x256x256,synthetic,smooth4,2026-09-24,node-local /tmp,,,,uint16,0.041384313,Instrumented traces are excluded from throughput repetitions,read_overlap_controls,,,0.00782000657279369,retained per-encoding report and fixed sixteen-shard protocol,,,chunks256-random,16,,cpu-turin-gp-l-244-025,,/mnt/main0/home/nclack/tmp/2026-09-24-damacy-cold-chunks/job-3811387/filesystem.txt,"rw,relatime,attr2,inode64,logbufs=8,logbsize=32k,sunit=1024,swidth=4096,prjquota","Application call overlap is not device queue depth. The full-scan trace is a diagnostic subset, not a throughput measurement of the entire array. See read-runs for separate trace/timed-run locators.",,"{""between_read_gap_count"":""0"",""chunk_kib"":""32"",""codec"":""lz4"",""fraction_at_sixteen_shards"":""0.00782000657279369"",""fraction_no_file_reads"":""0.0700493970725788"",""implementation"":""chunks256-random"",""longest_between_read_gap_seconds"":""0.0"",""mean_active_file_reads"":""14.63021894144315"",""mean_shards"":""11.547605755969585"",""median_between_read_gap_seconds"":""0"",""peak_active_file_reads"":""16"",""peak_shards"":""16"",""read_calls"":""1779"",""read_span_seconds"":""0.041384313"",""reader_mib"":""90.73860931396484"",""storage_mib"":""97.43359375"",""trace_seconds"":""0.044501625"",""verified_chunk_ranges"":""4558"",""workload"":""random-1x256x256""}",fixed available files; observed read-call and file overlap are separate,available_shards,16,,2026-09-24-damacy-cold-chunks,32768,1073741824,1779.0,,retained_derived_diagnostic,,90.73860931396484,97.43359375,,,8d0931e7d131fd5d4c565458736ab586012c78c1 plus retained benchmark controls,diagnostic,2026-09-24-damacy-cold-chunks:17,,"[1,256,256]",uncompressed capacity,"[512,1024,1024]",bit,,/mnt/main0/home/nclack/tmp/2026-09-24-damacy-cold-chunks/job-3811387/report/concurrency.csv,,line:18,retained_verified_trace_summary,local XFS,,,,,,overlapping application pread calls in separate instrumented diagnostic,damacy,0.044501625,false,4558.0,,,,32,random-1x256x256,
7.149064201282349,16.0,5.646178521314691,13.0,"[512,4096,4096]",cpu,16384,local client pages evicted/checked; metadata warmed; caches reset; readahead mode recorded in implementation,"[1,128,128]",blosc-lz4,3,read_overlap|2026-09-24-damacy-cold-chunks|lz4|32|16|tensorstore|random-1x256x256,,lz4-c32-b16-tensorstore-random-1x256x256,synthetic,smooth4,2026-09-24,node-local /tmp,,,,uint16,0.080526035,Instrumented traces are excluded from throughput repetitions,read_overlap_controls,,,0.0,retained per-encoding report and fixed sixteen-shard protocol,,,tensorstore,16,,cpu-turin-gp-l-244-025,,/mnt/main0/home/nclack/tmp/2026-09-24-damacy-cold-chunks/job-3811387/filesystem.txt,"rw,relatime,attr2,inode64,logbufs=8,logbsize=32k,sunit=1024,swidth=4096,prjquota","Application call overlap is not device queue depth. The full-scan trace is a diagnostic subset, not a throughput measurement of the entire array. See read-runs for separate trace/timed-run locators.",,"{""between_read_gap_count"":""20"",""chunk_kib"":""32"",""codec"":""lz4"",""fraction_at_sixteen_shards"":""0.0"",""fraction_no_file_reads"":""0.11871386648828706"",""implementation"":""tensorstore"",""longest_between_read_gap_seconds"":""1.43e-05"",""mean_active_file_reads"":""7.149064201282349"",""mean_shards"":""5.646178521314691"",""median_between_read_gap_seconds"":""8.035e-06"",""peak_active_file_reads"":""16"",""peak_shards"":""13"",""read_calls"":""1777"",""read_span_seconds"":""0.080526035"",""reader_mib"":""90.59904193878174"",""storage_mib"":""97.5234375"",""trace_seconds"":""0.091182322"",""verified_chunk_ranges"":""4558"",""workload"":""random-1x256x256""}",fixed available files; observed read-call and file overlap are separate,available_shards,16,,2026-09-24-damacy-cold-chunks,32768,1073741824,1777.0,,retained_derived_diagnostic,,90.59904193878174,97.5234375,,,0.1.85,diagnostic,2026-09-24-damacy-cold-chunks:18,,"[1,256,256]",uncompressed capacity,"[512,1024,1024]",bit,,/mnt/main0/home/nclack/tmp/2026-09-24-damacy-cold-chunks/job-3811387/report/concurrency.csv,,line:19,retained_verified_trace_summary,local XFS,,,,,,overlapping application pread calls in separate instrumented diagnostic,tensorstore,0.091182322,false,4558.0,,,,32,random-1x256x256,
7.84718388176001,16.0,7.498629048754988,16.0,"[512,4096,4096]",cpu,16384,local client pages evicted/checked; metadata warmed; caches reset; readahead mode recorded in implementation,"[1,128,256]",blosc-lz4,3,read_overlap|2026-09-24-damacy-cold-chunks|lz4|64|16|chunks256-default|full-scan,,lz4-c64-b16-chunks256-default-full-scan,synthetic,smooth4,2026-09-24,node-local /tmp,,,,uint16,0.052913662,Instrumented traces are excluded from throughput repetitions,read_overlap_controls,,,0.3011897818332802,retained per-encoding report and fixed sixteen-shard protocol,,,chunks256-default,16,,cpu-turin-gp-l-244-025,,/mnt/main0/home/nclack/tmp/2026-09-24-damacy-cold-chunks/job-3811387/filesystem.txt,"rw,relatime,attr2,inode64,logbufs=8,logbsize=32k,sunit=1024,swidth=4096,prjquota","Application call overlap is not device queue depth. The full-scan trace is a diagnostic subset, not a throughput measurement of the entire array. See read-runs for separate trace/timed-run locators.",,"{""between_read_gap_count"":""13"",""chunk_kib"":""64"",""codec"":""lz4"",""fraction_at_sixteen_shards"":""0.3011897818332802"",""fraction_no_file_reads"":""0.4218000512214925"",""implementation"":""chunks256-default"",""longest_between_read_gap_seconds"":""0.002554999"",""mean_active_file_reads"":""7.84718388176001"",""mean_shards"":""7.498629048754988"",""median_between_read_gap_seconds"":""0.001514492"",""peak_active_file_reads"":""16"",""peak_shards"":""16"",""read_calls"":""512"",""read_span_seconds"":""0.052913662"",""reader_mib"":""326.844199180603"",""storage_mib"":""452.0"",""trace_seconds"":""0.057386067"",""verified_chunk_ranges"":""8192"",""workload"":""full-scan""}",fixed available files; observed read-call and file overlap are separate,available_shards,16,,2026-09-24-damacy-cold-chunks,65536,1073741824,512.0,,retained_derived_diagnostic,,326.844199180603,452.0,,,8d0931e7d131fd5d4c565458736ab586012c78c1 plus retained benchmark controls,diagnostic,2026-09-24-damacy-cold-chunks:19,,"[8,256,256]",uncompressed capacity,"[512,1024,1024]",bit,,/mnt/main0/home/nclack/tmp/2026-09-24-damacy-cold-chunks/job-3811387/report/concurrency.csv,,line:20,retained_verified_trace_summary,local XFS,,,,,,overlapping application pread calls in separate instrumented diagnostic,damacy,0.057386067,false,8192.0,,,,32,full-scan,
12.668170638730217,16.0,12.11894618170155,16.0,"[512,4096,4096]",cpu,16384,local client pages evicted/checked; metadata warmed; caches reset; readahead mode recorded in implementation,"[1,128,256]",blosc-lz4,3,read_overlap|2026-09-24-damacy-cold-chunks|lz4|64|16|chunks256-random|full-scan,,lz4-c64-b16-chunks256-random-full-scan,synthetic,smooth4,2026-09-24,node-local /tmp,,,,uint16,0.050465682,Instrumented traces are excluded from throughput repetitions,read_overlap_controls,,,0.21613242840676664,retained per-encoding report and fixed sixteen-shard protocol,,,chunks256-random,16,,cpu-turin-gp-l-244-025,,/mnt/main0/home/nclack/tmp/2026-09-24-damacy-cold-chunks/job-3811387/filesystem.txt,"rw,relatime,attr2,inode64,logbufs=8,logbsize=32k,sunit=1024,swidth=4096,prjquota","Application call overlap is not device queue depth. The full-scan trace is a diagnostic subset, not a throughput measurement of the entire array. See read-runs for separate trace/timed-run locators.",,"{""between_read_gap_count"":""1"",""chunk_kib"":""64"",""codec"":""lz4"",""fraction_at_sixteen_shards"":""0.21613242840676664"",""fraction_no_file_reads"":""0.07637203414539542"",""implementation"":""chunks256-random"",""longest_between_read_gap_seconds"":""5.9469e-05"",""mean_active_file_reads"":""12.668170638730217"",""mean_shards"":""12.11894618170155"",""median_between_read_gap_seconds"":""5.9469e-05"",""peak_active_file_reads"":""16"",""peak_shards"":""16"",""read_calls"":""512"",""read_span_seconds"":""0.050465682"",""reader_mib"":""326.844199180603"",""storage_mib"":""326.87109375"",""trace_seconds"":""0.054574152"",""verified_chunk_ranges"":""8192"",""workload"":""full-scan""}",fixed available files; observed read-call and file overlap are separate,available_shards,16,,2026-09-24-damacy-cold-chunks,65536,1073741824,512.0,,retained_derived_diagnostic,,326.844199180603,326.87109375,,,8d0931e7d131fd5d4c565458736ab586012c78c1 plus retained benchmark controls,diagnostic,2026-09-24-damacy-cold-chunks:20,,"[8,256,256]",uncompressed capacity,"[512,1024,1024]",bit,,/mnt/main0/home/nclack/tmp/2026-09-24-damacy-cold-chunks/job-3811387/report/concurrency.csv,,line:21,retained_verified_trace_summary,local XFS,,,,,,overlapping application pread calls in separate instrumented diagnostic,damacy,0.054574152,false,8192.0,,,,32,full-scan,
4.293933389327771,16.0,3.278121982139406,14.0,"[512,4096,4096]",cpu,16384,local client pages evicted/checked; metadata warmed; caches reset; readahead mode recorded in implementation,"[1,128,256]",blosc-lz4,3,read_overlap|2026-09-24-damacy-cold-chunks|lz4|64|16|tensorstore|full-scan,,lz4-c64-b16-tensorstore-full-scan,synthetic,smooth4,2026-09-24,node-local /tmp,,,,uint16,0.144697328,Instrumented traces are excluded from throughput repetitions,read_overlap_controls,,,0.0,retained per-encoding report and fixed sixteen-shard protocol,,,tensorstore,16,,cpu-turin-gp-l-244-025,,/mnt/main0/home/nclack/tmp/2026-09-24-damacy-cold-chunks/job-3811387/filesystem.txt,"rw,relatime,attr2,inode64,logbufs=8,logbsize=32k,sunit=1024,swidth=4096,prjquota","Application call overlap is not device queue depth. The full-scan trace is a diagnostic subset, not a throughput measurement of the entire array. See read-runs for separate trace/timed-run locators.",,"{""between_read_gap_count"":""4"",""chunk_kib"":""64"",""codec"":""lz4"",""fraction_at_sixteen_shards"":""0.0"",""fraction_no_file_reads"":""0.32759737670570227"",""implementation"":""tensorstore"",""longest_between_read_gap_seconds"":""0.028091136"",""mean_active_file_reads"":""4.293933389327771"",""mean_shards"":""3.278121982139406"",""median_between_read_gap_seconds"":""2.25845e-05"",""peak_active_file_reads"":""16"",""peak_shards"":""14"",""read_calls"":""512"",""read_span_seconds"":""0.144697328"",""reader_mib"":""326.844199180603"",""storage_mib"":""355.09765625"",""trace_seconds"":""0.173324358"",""verified_chunk_ranges"":""8192"",""workload"":""full-scan""}",fixed available files; observed read-call and file overlap are separate,available_shards,16,,2026-09-24-damacy-cold-chunks,65536,1073741824,512.0,,retained_derived_diagnostic,,326.844199180603,355.09765625,,,0.1.85,diagnostic,2026-09-24-damacy-cold-chunks:21,,"[8,256,256]",uncompressed capacity,"[512,1024,1024]",bit,,/mnt/main0/home/nclack/tmp/2026-09-24-damacy-cold-chunks/job-3811387/report/concurrency.csv,,line:22,retained_verified_trace_summary,local XFS,,,,,,overlapping application pread calls in separate instrumented diagnostic,tensorstore,0.173324358,false,8192.0,,,,32,full-scan,
14.826485224178578,16.0,11.71093201714739,16.0,"[512,4096,4096]",cpu,16384,local client pages evicted/checked; metadata warmed; caches reset; readahead mode recorded in implementation,"[1,128,256]",blosc-lz4,3,read_overlap|2026-09-24-damacy-cold-chunks|lz4|64|16|chunks256-default|random-1x256x256,,lz4-c64-b16-chunks256-default-random-1x256x256,synthetic,smooth4,2026-09-24,node-local /tmp,,,,uint16,0.049398405,Instrumented traces are excluded from throughput repetitions,read_overlap_controls,,,0.011620868068891356,retained per-encoding report and fixed sixteen-shard protocol,,,chunks256-default,16,,cpu-turin-gp-l-244-025,,/mnt/main0/home/nclack/tmp/2026-09-24-damacy-cold-chunks/job-3811387/filesystem.txt,"rw,relatime,attr2,inode64,logbufs=8,logbsize=32k,sunit=1024,swidth=4096,prjquota","Application call overlap is not device queue depth. The full-scan trace is a diagnostic subset, not a throughput measurement of the entire array. See read-runs for separate trace/timed-run locators.",,"{""between_read_gap_count"":""0"",""chunk_kib"":""64"",""codec"":""lz4"",""fraction_at_sixteen_shards"":""0.011620868068891356"",""fraction_no_file_reads"":""0.062392042298492954"",""implementation"":""chunks256-default"",""longest_between_read_gap_seconds"":""0.0"",""mean_active_file_reads"":""14.826485224178578"",""mean_shards"":""11.71093201714739"",""median_between_read_gap_seconds"":""0"",""peak_active_file_reads"":""16"",""peak_shards"":""16"",""read_calls"":""1778"",""read_span_seconds"":""0.049398405"",""reader_mib"":""121.30703258514404"",""storage_mib"":""127.95703125"",""trace_seconds"":""0.052685565"",""verified_chunk_ranges"":""3033"",""workload"":""random-1x256x256""}",fixed available files; observed read-call and file overlap are separate,available_shards,16,,2026-09-24-damacy-cold-chunks,65536,1073741824,1778.0,,retained_derived_diagnostic,,121.30703258514404,127.95703125,,,8d0931e7d131fd5d4c565458736ab586012c78c1 plus retained benchmark controls,diagnostic,2026-09-24-damacy-cold-chunks:22,,"[1,256,256]",uncompressed capacity,"[512,1024,1024]",bit,,/mnt/main0/home/nclack/tmp/2026-09-24-damacy-cold-chunks/job-3811387/report/concurrency.csv,,line:23,retained_verified_trace_summary,local XFS,,,,,,overlapping application pread calls in separate instrumented diagnostic,damacy,0.052685565,false,3033.0,,,,32,random-1x256x256,
14.528075085138987,16.0,11.530840303939897,16.0,"[512,4096,4096]",cpu,16384,local client pages evicted/checked; metadata warmed; caches reset; readahead mode recorded in implementation,"[1,128,256]",blosc-lz4,3,read_overlap|2026-09-24-damacy-cold-chunks|lz4|64|16|chunks256-random|random-1x256x256,,lz4-c64-b16-chunks256-random-random-1x256x256,synthetic,smooth4,2026-09-24,node-local /tmp,,,,uint16,0.050798177,Instrumented traces are excluded from throughput repetitions,read_overlap_controls,,,0.014360494820410992,retained per-encoding report and fixed sixteen-shard protocol,,,chunks256-random,16,,cpu-turin-gp-l-244-025,,/mnt/main0/home/nclack/tmp/2026-09-24-damacy-cold-chunks/job-3811387/filesystem.txt,"rw,relatime,attr2,inode64,logbufs=8,logbsize=32k,sunit=1024,swidth=4096,prjquota","Application call overlap is not device queue depth. The full-scan trace is a diagnostic subset, not a throughput measurement of the entire array. See read-runs for separate trace/timed-run locators.",,"{""between_read_gap_count"":""0"",""chunk_kib"":""64"",""codec"":""lz4"",""fraction_at_sixteen_shards"":""0.014360494820410992"",""fraction_no_file_reads"":""0.07786992652556057"",""implementation"":""chunks256-random"",""longest_between_read_gap_seconds"":""0.0"",""mean_active_file_reads"":""14.528075085138987"",""mean_shards"":""11.530840303939897"",""median_between_read_gap_seconds"":""0"",""peak_active_file_reads"":""16"",""peak_shards"":""16"",""read_calls"":""1778"",""read_span_seconds"":""0.050798177"",""reader_mib"":""121.30703258514404"",""storage_mib"":""127.8671875"",""trace_seconds"":""0.055087865"",""verified_chunk_ranges"":""3033"",""workload"":""random-1x256x256""}",fixed available files; observed read-call and file overlap are separate,available_shards,16,,2026-09-24-damacy-cold-chunks,65536,1073741824,1778.0,,retained_derived_diagnostic,,121.30703258514404,127.8671875,,,8d0931e7d131fd5d4c565458736ab586012c78c1 plus retained benchmark controls,diagnostic,2026-09-24-damacy-cold-chunks:23,,"[1,256,256]",uncompressed capacity,"[512,1024,1024]",bit,,/mnt/main0/home/nclack/tmp/2026-09-24-damacy-cold-chunks/job-3811387/report/concurrency.csv,,line:24,retained_verified_trace_summary,local XFS,,,,,,overlapping application pread calls in separate instrumented diagnostic,damacy,0.055087865,false,3033.0,,,,32,random-1x256x256,
7.59034867903176,16.0,6.330257267100775,15.0,"[512,4096,4096]",cpu,16384,local client pages evicted/checked; metadata warmed; caches reset; readahead mode recorded in implementation,"[1,128,256]",blosc-lz4,3,read_overlap|2026-09-24-damacy-cold-chunks|lz4|64|16|tensorstore|random-1x256x256,,lz4-c64-b16-tensorstore-random-1x256x256,synthetic,smooth4,2026-09-24,node-local /tmp,,,,uint16,0.093991159,Instrumented traces are excluded from throughput repetitions,read_overlap_controls,,,0.0,retained per-encoding report and fixed sixteen-shard protocol,,,tensorstore,16,,cpu-turin-gp-l-244-025,,/mnt/main0/home/nclack/tmp/2026-09-24-damacy-cold-chunks/job-3811387/filesystem.txt,"rw,relatime,attr2,inode64,logbufs=8,logbsize=32k,sunit=1024,swidth=4096,prjquota","Application call overlap is not device queue depth. The full-scan trace is a diagnostic subset, not a throughput measurement of the entire array. See read-runs for separate trace/timed-run locators.",,"{""between_read_gap_count"":""12"",""chunk_kib"":""64"",""codec"":""lz4"",""fraction_at_sixteen_shards"":""0.0"",""fraction_no_file_reads"":""0.15359411231165054"",""implementation"":""tensorstore"",""longest_between_read_gap_seconds"":""0.006019116"",""mean_active_file_reads"":""7.59034867903176"",""mean_shards"":""6.330257267100775"",""median_between_read_gap_seconds"":""7.59e-06"",""peak_active_file_reads"":""16"",""peak_shards"":""15"",""read_calls"":""1776"",""read_span_seconds"":""0.093991159"",""reader_mib"":""121.14723300933838"",""storage_mib"":""127.95703125"",""trace_seconds"":""0.103832398"",""verified_chunk_ranges"":""3033"",""workload"":""random-1x256x256""}",fixed available files; observed read-call and file overlap are separate,available_shards,16,,2026-09-24-damacy-cold-chunks,65536,1073741824,1776.0,,retained_derived_diagnostic,,121.14723300933838,127.95703125,,,0.1.85,diagnostic,2026-09-24-damacy-cold-chunks:24,,"[1,256,256]",uncompressed capacity,"[512,1024,1024]",bit,,/mnt/main0/home/nclack/tmp/2026-09-24-damacy-cold-chunks/job-3811387/report/concurrency.csv,,line:25,retained_verified_trace_summary,local XFS,,,,,,overlapping application pread calls in separate instrumented diagnostic,tensorstore,0.103832398,false,3033.0,,,,32,random-1x256x256,
7.181664522762178,16.0,5.826035002985377,16.0,"[512,4096,4096]",cpu,16384,local client pages evicted/checked; metadata warmed; caches reset; readahead mode recorded in implementation,"[1,256,256]",blosc-zstd,3,read_overlap|2026-09-24-damacy-cold-chunks|zstd|128|16|chunks256-default|full-scan,,zstd-c128-b16-chunks256-default-full-scan,synthetic,smooth4,2026-09-24,node-local /tmp,,,,uint16,0.045335627,Instrumented traces are excluded from throughput repetitions,read_overlap_controls,,,0.06302328774352006,retained per-encoding report and fixed sixteen-shard protocol,,,chunks256-default,16,,cpu-turin-gp-l-244-025,,/mnt/main0/home/nclack/tmp/2026-09-24-damacy-cold-chunks/job-3811387/filesystem.txt,"rw,relatime,attr2,inode64,logbufs=8,logbsize=32k,sunit=1024,swidth=4096,prjquota","Application call overlap is not device queue depth. The full-scan trace is a diagnostic subset, not a throughput measurement of the entire array. See read-runs for separate trace/timed-run locators.",,"{""between_read_gap_count"":""6"",""chunk_kib"":""128"",""codec"":""zstd"",""fraction_at_sixteen_shards"":""0.06302328774352006"",""fraction_no_file_reads"":""0.4031479165624831"",""implementation"":""chunks256-default"",""longest_between_read_gap_seconds"":""0.003448188"",""mean_active_file_reads"":""7.181664522762178"",""mean_shards"":""5.826035002985377"",""median_between_read_gap_seconds"":""0.002974228"",""peak_active_file_reads"":""16"",""peak_shards"":""16"",""read_calls"":""512"",""read_span_seconds"":""0.045335627"",""reader_mib"":""279.4954586029053"",""storage_mib"":""358.046875"",""trace_seconds"":""0.049971909"",""verified_chunk_ranges"":""4096"",""workload"":""full-scan""}",fixed available files; observed read-call and file overlap are separate,available_shards,16,,2026-09-24-damacy-cold-chunks,131072,1073741824,512.0,,retained_derived_diagnostic,,279.4954586029053,358.046875,,,8d0931e7d131fd5d4c565458736ab586012c78c1 plus retained benchmark controls,diagnostic,2026-09-24-damacy-cold-chunks:25,,"[8,256,256]",uncompressed capacity,"[512,1024,1024]",bit,,/mnt/main0/home/nclack/tmp/2026-09-24-damacy-cold-chunks/job-3811387/report/concurrency.csv,,line:26,retained_verified_trace_summary,local XFS,,,,,,overlapping application pread calls in separate instrumented diagnostic,damacy,0.049971909,false,4096.0,,,,32,full-scan,
12.282881425622444,16.0,11.069237489429087,16.0,"[512,4096,4096]",cpu,16384,local client pages evicted/checked; metadata warmed; caches reset; readahead mode recorded in implementation,"[1,256,256]",blosc-zstd,3,read_overlap|2026-09-24-damacy-cold-chunks|zstd|128|16|chunks256-random|full-scan,,zstd-c128-b16-chunks256-random-full-scan,synthetic,smooth4,2026-09-24,node-local /tmp,,,,uint16,0.0442705,Instrumented traces are excluded from throughput repetitions,read_overlap_controls,,,0.1342704967807594,retained per-encoding report and fixed sixteen-shard protocol,,,chunks256-random,16,,cpu-turin-gp-l-244-025,,/mnt/main0/home/nclack/tmp/2026-09-24-damacy-cold-chunks/job-3811387/filesystem.txt,"rw,relatime,attr2,inode64,logbufs=8,logbsize=32k,sunit=1024,swidth=4096,prjquota","Application call overlap is not device queue depth. The full-scan trace is a diagnostic subset, not a throughput measurement of the entire array. See read-runs for separate trace/timed-run locators.",,"{""between_read_gap_count"":""1"",""chunk_kib"":""128"",""codec"":""zstd"",""fraction_at_sixteen_shards"":""0.1342704967807594"",""fraction_no_file_reads"":""0.12819231811529497"",""implementation"":""chunks256-random"",""longest_between_read_gap_seconds"":""0.001853957"",""mean_active_file_reads"":""12.282881425622444"",""mean_shards"":""11.069237489429087"",""median_between_read_gap_seconds"":""0.001853957"",""peak_active_file_reads"":""16"",""peak_shards"":""16"",""read_calls"":""512"",""read_span_seconds"":""0.0442705"",""reader_mib"":""279.4954586029053"",""storage_mib"":""279.53125"",""trace_seconds"":""0.048653555"",""verified_chunk_ranges"":""4096"",""workload"":""full-scan""}",fixed available files; observed read-call and file overlap are separate,available_shards,16,,2026-09-24-damacy-cold-chunks,131072,1073741824,512.0,,retained_derived_diagnostic,,279.4954586029053,279.53125,,,8d0931e7d131fd5d4c565458736ab586012c78c1 plus retained benchmark controls,diagnostic,2026-09-24-damacy-cold-chunks:26,,"[8,256,256]",uncompressed capacity,"[512,1024,1024]",bit,,/mnt/main0/home/nclack/tmp/2026-09-24-damacy-cold-chunks/job-3811387/report/concurrency.csv,,line:27,retained_verified_trace_summary,local XFS,,,,,,overlapping application pread calls in separate instrumented diagnostic,damacy,0.048653555,false,4096.0,,,,32,full-scan,
4.414258866027327,16.0,3.410348202803072,13.0,"[512,4096,4096]",cpu,16384,local client pages evicted/checked; metadata warmed; caches reset; readahead mode recorded in implementation,"[1,256,256]",blosc-zstd,3,read_overlap|2026-09-24-damacy-cold-chunks|zstd|128|16|tensorstore|full-scan,,zstd-c128-b16-tensorstore-full-scan,synthetic,smooth4,2026-09-24,node-local /tmp,,,,uint16,0.101562648,Instrumented traces are excluded from throughput repetitions,read_overlap_controls,,,0.0,retained per-encoding report and fixed sixteen-shard protocol,,,tensorstore,16,,cpu-turin-gp-l-244-025,,/mnt/main0/home/nclack/tmp/2026-09-24-damacy-cold-chunks/job-3811387/filesystem.txt,"rw,relatime,attr2,inode64,logbufs=8,logbsize=32k,sunit=1024,swidth=4096,prjquota","Application call overlap is not device queue depth. The full-scan trace is a diagnostic subset, not a throughput measurement of the entire array. See read-runs for separate trace/timed-run locators.",,"{""between_read_gap_count"":""1"",""chunk_kib"":""128"",""codec"":""zstd"",""fraction_at_sixteen_shards"":""0.0"",""fraction_no_file_reads"":""0.6183055815873731"",""implementation"":""tensorstore"",""longest_between_read_gap_seconds"":""0.047240932"",""mean_active_file_reads"":""4.414258866027327"",""mean_shards"":""3.410348202803072"",""median_between_read_gap_seconds"":""0.047240932"",""peak_active_file_reads"":""16"",""peak_shards"":""13"",""read_calls"":""512"",""read_span_seconds"":""0.101562648"",""reader_mib"":""279.4954586029053"",""storage_mib"":""305.60546875"",""trace_seconds"":""0.142317292"",""verified_chunk_ranges"":""4096"",""workload"":""full-scan""}",fixed available files; observed read-call and file overlap are separate,available_shards,16,,2026-09-24-damacy-cold-chunks,131072,1073741824,512.0,,retained_derived_diagnostic,,279.4954586029053,305.60546875,,,0.1.85,diagnostic,2026-09-24-damacy-cold-chunks:27,,"[8,256,256]",uncompressed capacity,"[512,1024,1024]",bit,,/mnt/main0/home/nclack/tmp/2026-09-24-damacy-cold-chunks/job-3811387/report/concurrency.csv,,line:28,retained_verified_trace_summary,local XFS,,,,,,overlapping application pread calls in separate instrumented diagnostic,tensorstore,0.142317292,false,4096.0,,,,32,full-scan,
14.510848333767731,16.0,11.52944236094061,16.0,"[512,4096,4096]",cpu,16384,local client pages evicted/checked; metadata warmed; caches reset; readahead mode recorded in implementation,"[1,256,256]",blosc-zstd,3,read_overlap|2026-09-24-damacy-cold-chunks|zstd|128|16|chunks256-default|random-1x256x256,,zstd-c128-b16-chunks256-default-random-1x256x256,synthetic,smooth4,2026-09-24,node-local /tmp,,,,uint16,0.042878848,Instrumented traces are excluded from throughput repetitions,read_overlap_controls,,,0.013064063986826753,retained per-encoding report and fixed sixteen-shard protocol,,,chunks256-default,16,,cpu-turin-gp-l-244-025,,/mnt/main0/home/nclack/tmp/2026-09-24-damacy-cold-chunks/job-3811387/filesystem.txt,"rw,relatime,attr2,inode64,logbufs=8,logbsize=32k,sunit=1024,swidth=4096,prjquota","Application call overlap is not device queue depth. The full-scan trace is a diagnostic subset, not a throughput measurement of the entire array. See read-runs for separate trace/timed-run locators.",,"{""between_read_gap_count"":""0"",""chunk_kib"":""128"",""codec"":""zstd"",""fraction_at_sixteen_shards"":""0.013064063986826753"",""fraction_no_file_reads"":""0.07660199268527672"",""implementation"":""chunks256-default"",""longest_between_read_gap_seconds"":""0.0"",""mean_active_file_reads"":""14.510848333767731"",""mean_shards"":""11.52944236094061"",""median_between_read_gap_seconds"":""0"",""peak_active_file_reads"":""16"",""peak_shards"":""16"",""read_calls"":""1182"",""read_span_seconds"":""0.042878848"",""reader_mib"":""138.0088930130005"",""storage_mib"":""142.19921875"",""trace_seconds"":""0.046435933"",""verified_chunk_ranges"":""2015"",""workload"":""random-1x256x256""}",fixed available files; observed read-call and file overlap are separate,available_shards,16,,2026-09-24-damacy-cold-chunks,131072,1073741824,1182.0,,retained_derived_diagnostic,,138.0088930130005,142.19921875,,,8d0931e7d131fd5d4c565458736ab586012c78c1 plus retained benchmark controls,diagnostic,2026-09-24-damacy-cold-chunks:28,,"[1,256,256]",uncompressed capacity,"[512,1024,1024]",bit,,/mnt/main0/home/nclack/tmp/2026-09-24-damacy-cold-chunks/job-3811387/report/concurrency.csv,,line:29,retained_verified_trace_summary,local XFS,,,,,,overlapping application pread calls in separate instrumented diagnostic,damacy,0.046435933,false,2015.0,,,,32,random-1x256x256,
14.358773672431754,16.0,11.47279541452003,16.0,"[512,4096,4096]",cpu,16384,local client pages evicted/checked; metadata warmed; caches reset; readahead mode recorded in implementation,"[1,256,256]",blosc-zstd,3,read_overlap|2026-09-24-damacy-cold-chunks|zstd|128|16|chunks256-random|random-1x256x256,,zstd-c128-b16-chunks256-random-random-1x256x256,synthetic,smooth4,2026-09-24,node-local /tmp,,,,uint16,0.042423613,Instrumented traces are excluded from throughput repetitions,read_overlap_controls,,,0.01907736720870242,retained per-encoding report and fixed sixteen-shard protocol,,,chunks256-random,16,,cpu-turin-gp-l-244-025,,/mnt/main0/home/nclack/tmp/2026-09-24-damacy-cold-chunks/job-3811387/filesystem.txt,"rw,relatime,attr2,inode64,logbufs=8,logbsize=32k,sunit=1024,swidth=4096,prjquota","Application call overlap is not device queue depth. The full-scan trace is a diagnostic subset, not a throughput measurement of the entire array. See read-runs for separate trace/timed-run locators.",,"{""between_read_gap_count"":""0"",""chunk_kib"":""128"",""codec"":""zstd"",""fraction_at_sixteen_shards"":""0.01907736720870242"",""fraction_no_file_reads"":""0.08595631152773571"",""implementation"":""chunks256-random"",""longest_between_read_gap_seconds"":""0.0"",""mean_active_file_reads"":""14.358773672431754"",""mean_shards"":""11.47279541452003"",""median_between_read_gap_seconds"":""0"",""peak_active_file_reads"":""16"",""peak_shards"":""16"",""read_calls"":""1182"",""read_span_seconds"":""0.042423613"",""reader_mib"":""138.0088930130005"",""storage_mib"":""141.93359375"",""trace_seconds"":""0.046413113"",""verified_chunk_ranges"":""2015"",""workload"":""random-1x256x256""}",fixed available files; observed read-call and file overlap are separate,available_shards,16,,2026-09-24-damacy-cold-chunks,131072,1073741824,1182.0,,retained_derived_diagnostic,,138.0088930130005,141.93359375,,,8d0931e7d131fd5d4c565458736ab586012c78c1 plus retained benchmark controls,diagnostic,2026-09-24-damacy-cold-chunks:29,,"[1,256,256]",uncompressed capacity,"[512,1024,1024]",bit,,/mnt/main0/home/nclack/tmp/2026-09-24-damacy-cold-chunks/job-3811387/report/concurrency.csv,,line:30,retained_verified_trace_summary,local XFS,,,,,,overlapping application pread calls in separate instrumented diagnostic,damacy,0.046413113,false,2015.0,,,,32,random-1x256x256,
10.099661994203782,16.0,8.2704672492288,14.0,"[512,4096,4096]",cpu,16384,local client pages evicted/checked; metadata warmed; caches reset; readahead mode recorded in implementation,"[1,256,256]",blosc-zstd,3,read_overlap|2026-09-24-damacy-cold-chunks|zstd|128|16|tensorstore|random-1x256x256,,zstd-c128-b16-tensorstore-random-1x256x256,synthetic,smooth4,2026-09-24,node-local /tmp,,,,uint16,0.061707253,Instrumented traces are excluded from throughput repetitions,read_overlap_controls,,,0.0,retained per-encoding report and fixed sixteen-shard protocol,,,tensorstore,16,,cpu-turin-gp-l-244-025,,/mnt/main0/home/nclack/tmp/2026-09-24-damacy-cold-chunks/job-3811387/filesystem.txt,"rw,relatime,attr2,inode64,logbufs=8,logbsize=32k,sunit=1024,swidth=4096,prjquota","Application call overlap is not device queue depth. The full-scan trace is a diagnostic subset, not a throughput measurement of the entire array. See read-runs for separate trace/timed-run locators.",,"{""between_read_gap_count"":""2"",""chunk_kib"":""128"",""codec"":""zstd"",""fraction_at_sixteen_shards"":""0.0"",""fraction_no_file_reads"":""0.07825277045915846"",""implementation"":""tensorstore"",""longest_between_read_gap_seconds"":""0.000552203"",""mean_active_file_reads"":""10.099661994203782"",""mean_shards"":""8.2704672492288"",""median_between_read_gap_seconds"":""0.000549388"",""peak_active_file_reads"":""16"",""peak_shards"":""14"",""read_calls"":""1180"",""read_span_seconds"":""0.061707253"",""reader_mib"":""137.7339677810669"",""storage_mib"":""142.19921875"",""trace_seconds"":""0.065753902"",""verified_chunk_ranges"":""2015"",""workload"":""random-1x256x256""}",fixed available files; observed read-call and file overlap are separate,available_shards,16,,2026-09-24-damacy-cold-chunks,131072,1073741824,1180.0,,retained_derived_diagnostic,,137.7339677810669,142.19921875,,,0.1.85,diagnostic,2026-09-24-damacy-cold-chunks:30,,"[1,256,256]",uncompressed capacity,"[512,1024,1024]",bit,,/mnt/main0/home/nclack/tmp/2026-09-24-damacy-cold-chunks/job-3811387/report/concurrency.csv,,line:31,retained_verified_trace_summary,local XFS,,,,,,overlapping application pread calls in separate instrumented diagnostic,tensorstore,0.065753902,false,2015.0,,,,32,random-1x256x256,
3.3456234753356777,16.0,3.3456234753356777,16.0,"[512,4096,4096]",cpu,16384,local client pages evicted/checked; metadata warmed; caches reset; readahead mode recorded in implementation,"[1,64,128]",blosc-zstd,3,read_overlap|2026-09-24-damacy-cold-chunks|zstd|16|16|chunks256-default|full-scan,,zstd-c16-b16-chunks256-default-full-scan,synthetic,smooth4,2026-09-24,node-local /tmp,,,,uint16,0.072129174,Instrumented traces are excluded from throughput repetitions,read_overlap_controls,,,0.09165262731576625,retained per-encoding report and fixed sixteen-shard protocol,,,chunks256-default,16,,cpu-turin-gp-l-244-025,,/mnt/main0/home/nclack/tmp/2026-09-24-damacy-cold-chunks/job-3811387/filesystem.txt,"rw,relatime,attr2,inode64,logbufs=8,logbsize=32k,sunit=1024,swidth=4096,prjquota","Application call overlap is not device queue depth. The full-scan trace is a diagnostic subset, not a throughput measurement of the entire array. See read-runs for separate trace/timed-run locators.",,"{""between_read_gap_count"":""62"",""chunk_kib"":""16"",""codec"":""zstd"",""fraction_at_sixteen_shards"":""0.09165262731576625"",""fraction_no_file_reads"":""0.6310796053750702"",""implementation"":""chunks256-default"",""longest_between_read_gap_seconds"":""0.002319737"",""mean_active_file_reads"":""3.3456234753356777"",""mean_shards"":""3.3456234753356777"",""median_between_read_gap_seconds"":""0.000629229"",""peak_active_file_reads"":""16"",""peak_shards"":""16"",""read_calls"":""1024"",""read_span_seconds"":""0.072129174"",""reader_mib"":""278.82391357421875"",""storage_mib"":""360.67578125"",""trace_seconds"":""0.079473641"",""verified_chunk_ranges"":""32768"",""workload"":""full-scan""}",fixed available files; observed read-call and file overlap are separate,available_shards,16,,2026-09-24-damacy-cold-chunks,16384,1073741824,1024.0,,retained_derived_diagnostic,,278.82391357421875,360.67578125,,,8d0931e7d131fd5d4c565458736ab586012c78c1 plus retained benchmark controls,diagnostic,2026-09-24-damacy-cold-chunks:31,,"[8,256,256]",uncompressed capacity,"[512,1024,1024]",bit,,/mnt/main0/home/nclack/tmp/2026-09-24-damacy-cold-chunks/job-3811387/report/concurrency.csv,,line:32,retained_verified_trace_summary,local XFS,,,,,,overlapping application pread calls in separate instrumented diagnostic,damacy,0.079473641,false,32768.0,,,,32,full-scan,
7.0405973165846065,16.0,7.0405973165846065,16.0,"[512,4096,4096]",cpu,16384,local client pages evicted/checked; metadata warmed; caches reset; readahead mode recorded in implementation,"[1,64,128]",blosc-zstd,3,read_overlap|2026-09-24-damacy-cold-chunks|zstd|16|16|chunks256-random|full-scan,,zstd-c16-b16-chunks256-random-full-scan,synthetic,smooth4,2026-09-24,node-local /tmp,,,,uint16,0.11832186,Instrumented traces are excluded from throughput repetitions,read_overlap_controls,,,0.16551799418123708,retained per-encoding report and fixed sixteen-shard protocol,,,chunks256-random,16,,cpu-turin-gp-l-244-025,,/mnt/main0/home/nclack/tmp/2026-09-24-damacy-cold-chunks/job-3811387/filesystem.txt,"rw,relatime,attr2,inode64,logbufs=8,logbsize=32k,sunit=1024,swidth=4096,prjquota","Application call overlap is not device queue depth. The full-scan trace is a diagnostic subset, not a throughput measurement of the entire array. See read-runs for separate trace/timed-run locators.",,"{""between_read_gap_count"":""45"",""chunk_kib"":""16"",""codec"":""zstd"",""fraction_at_sixteen_shards"":""0.16551799418123708"",""fraction_no_file_reads"":""0.24309223500432411"",""implementation"":""chunks256-random"",""longest_between_read_gap_seconds"":""0.001284857"",""mean_active_file_reads"":""7.0405973165846065"",""mean_shards"":""7.0405973165846065"",""median_between_read_gap_seconds"":""0.000616694"",""peak_active_file_reads"":""16"",""peak_shards"":""16"",""read_calls"":""1024"",""read_span_seconds"":""0.11832186"",""reader_mib"":""278.82391357421875"",""storage_mib"":""278.85546875"",""trace_seconds"":""0.125746316"",""verified_chunk_ranges"":""32768"",""workload"":""full-scan""}",fixed available files; observed read-call and file overlap are separate,available_shards,16,,2026-09-24-damacy-cold-chunks,16384,1073741824,1024.0,,retained_derived_diagnostic,,278.82391357421875,278.85546875,,,8d0931e7d131fd5d4c565458736ab586012c78c1 plus retained benchmark controls,diagnostic,2026-09-24-damacy-cold-chunks:32,,"[8,256,256]",uncompressed capacity,"[512,1024,1024]",bit,,/mnt/main0/home/nclack/tmp/2026-09-24-damacy-cold-chunks/job-3811387/report/concurrency.csv,,line:33,retained_verified_trace_summary,local XFS,,,,,,overlapping application pread calls in separate instrumented diagnostic,damacy,0.125746316,false,32768.0,,,,32,full-scan,
2.0957310984211053,14.0,1.820345582059993,12.0,"[512,4096,4096]",cpu,16384,local client pages evicted/checked; metadata warmed; caches reset; readahead mode recorded in implementation,"[1,64,128]",blosc-zstd,3,read_overlap|2026-09-24-damacy-cold-chunks|zstd|16|16|tensorstore|full-scan,,zstd-c16-b16-tensorstore-full-scan,synthetic,smooth4,2026-09-24,node-local /tmp,,,,uint16,0.146678305,Instrumented traces are excluded from throughput repetitions,read_overlap_controls,,,0.0,retained per-encoding report and fixed sixteen-shard protocol,,,tensorstore,16,,cpu-turin-gp-l-244-025,,/mnt/main0/home/nclack/tmp/2026-09-24-damacy-cold-chunks/job-3811387/filesystem.txt,"rw,relatime,attr2,inode64,logbufs=8,logbsize=32k,sunit=1024,swidth=4096,prjquota","Application call overlap is not device queue depth. The full-scan trace is a diagnostic subset, not a throughput measurement of the entire array. See read-runs for separate trace/timed-run locators.",,"{""between_read_gap_count"":""4"",""chunk_kib"":""16"",""codec"":""zstd"",""fraction_at_sixteen_shards"":""0.0"",""fraction_no_file_reads"":""0.6991440545388586"",""implementation"":""tensorstore"",""longest_between_read_gap_seconds"":""0.071488971"",""mean_active_file_reads"":""2.0957310984211053"",""mean_shards"":""1.820345582059993"",""median_between_read_gap_seconds"":""0.0001091585"",""peak_active_file_reads"":""14"",""peak_shards"":""12"",""read_calls"":""512"",""read_span_seconds"":""0.146678305"",""reader_mib"":""278.82391357421875"",""storage_mib"":""311.39453125"",""trace_seconds"":""0.249073346"",""verified_chunk_ranges"":""32768"",""workload"":""full-scan""}",fixed available files; observed read-call and file overlap are separate,available_shards,16,,2026-09-24-damacy-cold-chunks,16384,1073741824,512.0,,retained_derived_diagnostic,,278.82391357421875,311.39453125,,,0.1.85,diagnostic,2026-09-24-damacy-cold-chunks:33,,"[8,256,256]",uncompressed capacity,"[512,1024,1024]",bit,,/mnt/main0/home/nclack/tmp/2026-09-24-damacy-cold-chunks/job-3811387/report/concurrency.csv,,line:34,retained_verified_trace_summary,local XFS,,,,,,overlapping application pread calls in separate instrumented diagnostic,tensorstore,0.249073346,false,32768.0,,,,32,full-scan,
14.335002812800258,16.0,11.349654928395685,16.0,"[512,4096,4096]",cpu,16384,local client pages evicted/checked; metadata warmed; caches reset; readahead mode recorded in implementation,"[1,64,128]",blosc-zstd,3,read_overlap|2026-09-24-damacy-cold-chunks|zstd|16|16|chunks256-default|random-1x256x256,,zstd-c16-b16-chunks256-default-random-1x256x256,synthetic,smooth4,2026-09-24,node-local /tmp,,,,uint16,0.03774373,Instrumented traces are excluded from throughput repetitions,read_overlap_controls,,,0.01592147309575548,retained per-encoding report and fixed sixteen-shard protocol,,,chunks256-default,16,,cpu-turin-gp-l-244-025,,/mnt/main0/home/nclack/tmp/2026-09-24-damacy-cold-chunks/job-3811387/filesystem.txt,"rw,relatime,attr2,inode64,logbufs=8,logbsize=32k,sunit=1024,swidth=4096,prjquota","Application call overlap is not device queue depth. The full-scan trace is a diagnostic subset, not a throughput measurement of the entire array. See read-runs for separate trace/timed-run locators.",,"{""between_read_gap_count"":""0"",""chunk_kib"":""16"",""codec"":""zstd"",""fraction_at_sixteen_shards"":""0.01592147309575548"",""fraction_no_file_reads"":""0.0779035612247563"",""implementation"":""chunks256-default"",""longest_between_read_gap_seconds"":""0.0"",""mean_active_file_reads"":""14.335002812800258"",""mean_shards"":""11.349654928395685"",""median_between_read_gap_seconds"":""0"",""peak_active_file_reads"":""16"",""peak_shards"":""16"",""read_calls"":""2964"",""read_span_seconds"":""0.03774373"",""reader_mib"":""64.74610996246338"",""storage_mib"":""76.08203125"",""trace_seconds"":""0.040932519"",""verified_chunk_ranges"":""7597"",""workload"":""random-1x256x256""}",fixed available files; observed read-call and file overlap are separate,available_shards,16,,2026-09-24-damacy-cold-chunks,16384,1073741824,2964.0,,retained_derived_diagnostic,,64.74610996246338,76.08203125,,,8d0931e7d131fd5d4c565458736ab586012c78c1 plus retained benchmark controls,diagnostic,2026-09-24-damacy-cold-chunks:34,,"[1,256,256]",uncompressed capacity,"[512,1024,1024]",bit,,/mnt/main0/home/nclack/tmp/2026-09-24-damacy-cold-chunks/job-3811387/report/concurrency.csv,,line:35,retained_verified_trace_summary,local XFS,,,,,,overlapping application pread calls in separate instrumented diagnostic,damacy,0.040932519,false,7597.0,,,,32,random-1x256x256,
14.176212564076229,16.0,11.227465565459285,16.0,"[512,4096,4096]",cpu,16384,local client pages evicted/checked; metadata warmed; caches reset; readahead mode recorded in implementation,"[1,64,128]",blosc-zstd,3,read_overlap|2026-09-24-damacy-cold-chunks|zstd|16|16|chunks256-random|random-1x256x256,,zstd-c16-b16-chunks256-random-random-1x256x256,synthetic,smooth4,2026-09-24,node-local /tmp,,,,uint16,0.037672761,Instrumented traces are excluded from throughput repetitions,read_overlap_controls,,,0.01832381455135428,retained per-encoding report and fixed sixteen-shard protocol,,,chunks256-random,16,,cpu-turin-gp-l-244-025,,/mnt/main0/home/nclack/tmp/2026-09-24-damacy-cold-chunks/job-3811387/filesystem.txt,"rw,relatime,attr2,inode64,logbufs=8,logbsize=32k,sunit=1024,swidth=4096,prjquota","Application call overlap is not device queue depth. The full-scan trace is a diagnostic subset, not a throughput measurement of the entire array. See read-runs for separate trace/timed-run locators.",,"{""between_read_gap_count"":""0"",""chunk_kib"":""16"",""codec"":""zstd"",""fraction_at_sixteen_shards"":""0.01832381455135428"",""fraction_no_file_reads"":""0.08874832028253068"",""implementation"":""chunks256-random"",""longest_between_read_gap_seconds"":""0.0"",""mean_active_file_reads"":""14.176212564076229"",""mean_shards"":""11.227465565459285"",""median_between_read_gap_seconds"":""0"",""peak_active_file_reads"":""16"",""peak_shards"":""16"",""read_calls"":""2964"",""read_span_seconds"":""0.037672761"",""reader_mib"":""64.74610996246338"",""storage_mib"":""76.0234375"",""trace_seconds"":""0.041341774"",""verified_chunk_ranges"":""7597"",""workload"":""random-1x256x256""}",fixed available files; observed read-call and file overlap are separate,available_shards,16,,2026-09-24-damacy-cold-chunks,16384,1073741824,2964.0,,retained_derived_diagnostic,,64.74610996246338,76.0234375,,,8d0931e7d131fd5d4c565458736ab586012c78c1 plus retained benchmark controls,diagnostic,2026-09-24-damacy-cold-chunks:35,,"[1,256,256]",uncompressed capacity,"[512,1024,1024]",bit,,/mnt/main0/home/nclack/tmp/2026-09-24-damacy-cold-chunks/job-3811387/report/concurrency.csv,,line:36,retained_verified_trace_summary,local XFS,,,,,,overlapping application pread calls in separate instrumented diagnostic,damacy,0.041341774,false,7597.0,,,,32,random-1x256x256,
6.478073077227235,16.0,5.605298329862279,12.0,"[512,4096,4096]",cpu,16384,local client pages evicted/checked; metadata warmed; caches reset; readahead mode recorded in implementation,"[1,64,128]",blosc-zstd,3,read_overlap|2026-09-24-damacy-cold-chunks|zstd|16|16|tensorstore|random-1x256x256,,zstd-c16-b16-tensorstore-random-1x256x256,synthetic,smooth4,2026-09-24,node-local /tmp,,,,uint16,0.07661042,Instrumented traces are excluded from throughput repetitions,read_overlap_controls,,,0.0,retained per-encoding report and fixed sixteen-shard protocol,,,tensorstore,16,,cpu-turin-gp-l-244-025,,/mnt/main0/home/nclack/tmp/2026-09-24-damacy-cold-chunks/job-3811387/filesystem.txt,"rw,relatime,attr2,inode64,logbufs=8,logbsize=32k,sunit=1024,swidth=4096,prjquota","Application call overlap is not device queue depth. The full-scan trace is a diagnostic subset, not a throughput measurement of the entire array. See read-runs for separate trace/timed-run locators.",,"{""between_read_gap_count"":""23"",""chunk_kib"":""16"",""codec"":""zstd"",""fraction_at_sixteen_shards"":""0.0"",""fraction_no_file_reads"":""0.1416142477828859"",""implementation"":""tensorstore"",""longest_between_read_gap_seconds"":""0.000259637"",""mean_active_file_reads"":""6.478073077227235"",""mean_shards"":""5.605298329862279"",""median_between_read_gap_seconds"":""7.53e-06"",""peak_active_file_reads"":""16"",""peak_shards"":""12"",""read_calls"":""2961"",""read_span_seconds"":""0.07661042"",""reader_mib"":""64.67040824890137"",""storage_mib"":""76.08203125"",""trace_seconds"":""0.088744418"",""verified_chunk_ranges"":""7597"",""workload"":""random-1x256x256""}",fixed available files; observed read-call and file overlap are separate,available_shards,16,,2026-09-24-damacy-cold-chunks,16384,1073741824,2961.0,,retained_derived_diagnostic,,64.67040824890137,76.08203125,,,0.1.85,diagnostic,2026-09-24-damacy-cold-chunks:36,,"[1,256,256]",uncompressed capacity,"[512,1024,1024]",bit,,/mnt/main0/home/nclack/tmp/2026-09-24-damacy-cold-chunks/job-3811387/report/concurrency.csv,,line:37,retained_verified_trace_summary,local XFS,,,,,,overlapping application pread calls in separate instrumented diagnostic,tensorstore,0.088744418,false,7597.0,,,,32,random-1x256x256,
3.7669537264795263,16.0,3.7669537264795263,16.0,"[512,4096,4096]",cpu,16384,local client pages evicted/checked; metadata warmed; caches reset; readahead mode recorded in implementation,"[1,128,128]",blosc-zstd,3,read_overlap|2026-09-24-damacy-cold-chunks|zstd|32|16|chunks256-default|full-scan,,zstd-c32-b16-chunks256-default-full-scan,synthetic,smooth4,2026-09-24,node-local /tmp,,,,uint16,0.072283119,Instrumented traces are excluded from throughput repetitions,read_overlap_controls,,,0.07919825552088527,retained per-encoding report and fixed sixteen-shard protocol,,,chunks256-default,16,,cpu-turin-gp-l-244-025,,/mnt/main0/home/nclack/tmp/2026-09-24-damacy-cold-chunks/job-3811387/filesystem.txt,"rw,relatime,attr2,inode64,logbufs=8,logbsize=32k,sunit=1024,swidth=4096,prjquota","Application call overlap is not device queue depth. The full-scan trace is a diagnostic subset, not a throughput measurement of the entire array. See read-runs for separate trace/timed-run locators.",,"{""between_read_gap_count"":""31"",""chunk_kib"":""32"",""codec"":""zstd"",""fraction_at_sixteen_shards"":""0.07919825552088527"",""fraction_no_file_reads"":""0.5687534550076057"",""implementation"":""chunks256-default"",""longest_between_read_gap_seconds"":""0.002731486"",""mean_active_file_reads"":""3.7669537264795263"",""mean_shards"":""3.7669537264795263"",""median_between_read_gap_seconds"":""0.001150906"",""peak_active_file_reads"":""16"",""peak_shards"":""16"",""read_calls"":""512"",""read_span_seconds"":""0.072283119"",""reader_mib"":""278.57391357421875"",""storage_mib"":""354.65625"",""trace_seconds"":""0.078154676"",""verified_chunk_ranges"":""16384"",""workload"":""full-scan""}",fixed available files; observed read-call and file overlap are separate,available_shards,16,,2026-09-24-damacy-cold-chunks,32768,1073741824,512.0,,retained_derived_diagnostic,,278.57391357421875,354.65625,,,8d0931e7d131fd5d4c565458736ab586012c78c1 plus retained benchmark controls,diagnostic,2026-09-24-damacy-cold-chunks:37,,"[8,256,256]",uncompressed capacity,"[512,1024,1024]",bit,,/mnt/main0/home/nclack/tmp/2026-09-24-damacy-cold-chunks/job-3811387/report/concurrency.csv,,line:38,retained_verified_trace_summary,local XFS,,,,,,overlapping application pread calls in separate instrumented diagnostic,damacy,0.078154676,false,16384.0,,,,32,full-scan,
7.090703689993433,16.0,7.090703689993433,16.0,"[512,4096,4096]",cpu,16384,local client pages evicted/checked; metadata warmed; caches reset; readahead mode recorded in implementation,"[1,128,128]",blosc-zstd,3,read_overlap|2026-09-24-damacy-cold-chunks|zstd|32|16|chunks256-random|full-scan,,zstd-c32-b16-chunks256-random-full-scan,synthetic,smooth4,2026-09-24,node-local /tmp,,,,uint16,0.08103938,Instrumented traces are excluded from throughput repetitions,read_overlap_controls,,,0.17020911621979662,retained per-encoding report and fixed sixteen-shard protocol,,,chunks256-random,16,,cpu-turin-gp-l-244-025,,/mnt/main0/home/nclack/tmp/2026-09-24-damacy-cold-chunks/job-3811387/filesystem.txt,"rw,relatime,attr2,inode64,logbufs=8,logbsize=32k,sunit=1024,swidth=4096,prjquota","Application call overlap is not device queue depth. The full-scan trace is a diagnostic subset, not a throughput measurement of the entire array. See read-runs for separate trace/timed-run locators.",,"{""between_read_gap_count"":""19"",""chunk_kib"":""32"",""codec"":""zstd"",""fraction_at_sixteen_shards"":""0.17020911621979662"",""fraction_no_file_reads"":""0.25013672124906133"",""implementation"":""chunks256-random"",""longest_between_read_gap_seconds"":""0.001223455"",""mean_active_file_reads"":""7.090703689993433"",""mean_shards"":""7.090703689993433"",""median_between_read_gap_seconds"":""0.000965568"",""peak_active_file_reads"":""16"",""peak_shards"":""16"",""read_calls"":""512"",""read_span_seconds"":""0.08103938"",""reader_mib"":""278.57391357421875"",""storage_mib"":""278.60546875"",""trace_seconds"":""0.086266766"",""verified_chunk_ranges"":""16384"",""workload"":""full-scan""}",fixed available files; observed read-call and file overlap are separate,available_shards,16,,2026-09-24-damacy-cold-chunks,32768,1073741824,512.0,,retained_derived_diagnostic,,278.57391357421875,278.60546875,,,8d0931e7d131fd5d4c565458736ab586012c78c1 plus retained benchmark controls,diagnostic,2026-09-24-damacy-cold-chunks:38,,"[8,256,256]",uncompressed capacity,"[512,1024,1024]",bit,,/mnt/main0/home/nclack/tmp/2026-09-24-damacy-cold-chunks/job-3811387/report/concurrency.csv,,line:39,retained_verified_trace_summary,local XFS,,,,,,overlapping application pread calls in separate instrumented diagnostic,damacy,0.086266766,false,16384.0,,,,32,full-scan,
3.5830413914723676,16.0,2.938294594260863,13.0,"[512,4096,4096]",cpu,16384,local client pages evicted/checked; metadata warmed; caches reset; readahead mode recorded in implementation,"[1,128,128]",blosc-zstd,3,read_overlap|2026-09-24-damacy-cold-chunks|zstd|32|16|tensorstore|full-scan,,zstd-c32-b16-tensorstore-full-scan,synthetic,smooth4,2026-09-24,node-local /tmp,,,,uint16,0.125424343,Instrumented traces are excluded from throughput repetitions,read_overlap_controls,,,0.0,retained per-encoding report and fixed sixteen-shard protocol,,,tensorstore,16,,cpu-turin-gp-l-244-025,,/mnt/main0/home/nclack/tmp/2026-09-24-damacy-cold-chunks/job-3811387/filesystem.txt,"rw,relatime,attr2,inode64,logbufs=8,logbsize=32k,sunit=1024,swidth=4096,prjquota","Application call overlap is not device queue depth. The full-scan trace is a diagnostic subset, not a throughput measurement of the entire array. See read-runs for separate trace/timed-run locators.",,"{""between_read_gap_count"":""6"",""chunk_kib"":""32"",""codec"":""zstd"",""fraction_at_sixteen_shards"":""0.0"",""fraction_no_file_reads"":""0.5468847169542888"",""implementation"":""tensorstore"",""longest_between_read_gap_seconds"":""0.045196743"",""mean_active_file_reads"":""3.5830413914723676"",""mean_shards"":""2.938294594260863"",""median_between_read_gap_seconds"":""3.4419e-05"",""peak_active_file_reads"":""16"",""peak_shards"":""13"",""read_calls"":""512"",""read_span_seconds"":""0.125424343"",""reader_mib"":""278.57391357421875"",""storage_mib"":""307.41796875"",""trace_seconds"":""0.176699851"",""verified_chunk_ranges"":""16384"",""workload"":""full-scan""}",fixed available files; observed read-call and file overlap are separate,available_shards,16,,2026-09-24-damacy-cold-chunks,32768,1073741824,512.0,,retained_derived_diagnostic,,278.57391357421875,307.41796875,,,0.1.85,diagnostic,2026-09-24-damacy-cold-chunks:39,,"[8,256,256]",uncompressed capacity,"[512,1024,1024]",bit,,/mnt/main0/home/nclack/tmp/2026-09-24-damacy-cold-chunks/job-3811387/report/concurrency.csv,,line:40,retained_verified_trace_summary,local XFS,,,,,,overlapping application pread calls in separate instrumented diagnostic,tensorstore,0.176699851,false,16384.0,,,,32,full-scan,
14.418930680453977,16.0,11.473696269996093,16.0,"[512,4096,4096]",cpu,16384,local client pages evicted/checked; metadata warmed; caches reset; readahead mode recorded in implementation,"[1,128,128]",blosc-zstd,3,read_overlap|2026-09-24-damacy-cold-chunks|zstd|32|16|chunks256-default|random-1x256x256,,zstd-c32-b16-chunks256-default-random-1x256x256,synthetic,smooth4,2026-09-24,node-local /tmp,,,,uint16,0.040597519,Instrumented traces are excluded from throughput repetitions,read_overlap_controls,,,0.013882371113112952,retained per-encoding report and fixed sixteen-shard protocol,,,chunks256-default,16,,cpu-turin-gp-l-244-025,,/mnt/main0/home/nclack/tmp/2026-09-24-damacy-cold-chunks/job-3811387/filesystem.txt,"rw,relatime,attr2,inode64,logbufs=8,logbsize=32k,sunit=1024,swidth=4096,prjquota","Application call overlap is not device queue depth. The full-scan trace is a diagnostic subset, not a throughput measurement of the entire array. See read-runs for separate trace/timed-run locators.",,"{""between_read_gap_count"":""0"",""chunk_kib"":""32"",""codec"":""zstd"",""fraction_at_sixteen_shards"":""0.013882371113112952"",""fraction_no_file_reads"":""0.07945507030853473"",""implementation"":""chunks256-default"",""longest_between_read_gap_seconds"":""0.0"",""mean_active_file_reads"":""14.418930680453977"",""mean_shards"":""11.473696269996093"",""median_between_read_gap_seconds"":""0"",""peak_active_file_reads"":""16"",""peak_shards"":""16"",""read_calls"":""1779"",""read_span_seconds"":""0.040597519"",""reader_mib"":""77.68504047393799"",""storage_mib"":""84.578125"",""trace_seconds"":""0.044101616"",""verified_chunk_ranges"":""4558"",""workload"":""random-1x256x256""}",fixed available files; observed read-call and file overlap are separate,available_shards,16,,2026-09-24-damacy-cold-chunks,32768,1073741824,1779.0,,retained_derived_diagnostic,,77.68504047393799,84.578125,,,8d0931e7d131fd5d4c565458736ab586012c78c1 plus retained benchmark controls,diagnostic,2026-09-24-damacy-cold-chunks:40,,"[1,256,256]",uncompressed capacity,"[512,1024,1024]",bit,,/mnt/main0/home/nclack/tmp/2026-09-24-damacy-cold-chunks/job-3811387/report/concurrency.csv,,line:41,retained_verified_trace_summary,local XFS,,,,,,overlapping application pread calls in separate instrumented diagnostic,damacy,0.044101616,false,4558.0,,,,32,random-1x256x256,
14.619184840720227,16.0,11.596808890722901,16.0,"[512,4096,4096]",cpu,16384,local client pages evicted/checked; metadata warmed; caches reset; readahead mode recorded in implementation,"[1,128,128]",blosc-zstd,3,read_overlap|2026-09-24-damacy-cold-chunks|zstd|32|16|chunks256-random|random-1x256x256,,zstd-c32-b16-chunks256-random-random-1x256x256,synthetic,smooth4,2026-09-24,node-local /tmp,,,,uint16,0.039485553,Instrumented traces are excluded from throughput repetitions,read_overlap_controls,,,0.01757436710441932,retained per-encoding report and fixed sixteen-shard protocol,,,chunks256-random,16,,cpu-turin-gp-l-244-025,,/mnt/main0/home/nclack/tmp/2026-09-24-damacy-cold-chunks/job-3811387/filesystem.txt,"rw,relatime,attr2,inode64,logbufs=8,logbsize=32k,sunit=1024,swidth=4096,prjquota","Application call overlap is not device queue depth. The full-scan trace is a diagnostic subset, not a throughput measurement of the entire array. See read-runs for separate trace/timed-run locators.",,"{""between_read_gap_count"":""0"",""chunk_kib"":""32"",""codec"":""zstd"",""fraction_at_sixteen_shards"":""0.01757436710441932"",""fraction_no_file_reads"":""0.07157751431498793"",""implementation"":""chunks256-random"",""longest_between_read_gap_seconds"":""0.0"",""mean_active_file_reads"":""14.619184840720227"",""mean_shards"":""11.596808890722901"",""median_between_read_gap_seconds"":""0"",""peak_active_file_reads"":""16"",""peak_shards"":""16"",""read_calls"":""1779"",""read_span_seconds"":""0.039485553"",""reader_mib"":""77.68504047393799"",""storage_mib"":""84.50390625"",""trace_seconds"":""0.042529725"",""verified_chunk_ranges"":""4558"",""workload"":""random-1x256x256""}",fixed available files; observed read-call and file overlap are separate,available_shards,16,,2026-09-24-damacy-cold-chunks,32768,1073741824,1779.0,,retained_derived_diagnostic,,77.68504047393799,84.50390625,,,8d0931e7d131fd5d4c565458736ab586012c78c1 plus retained benchmark controls,diagnostic,2026-09-24-damacy-cold-chunks:41,,"[1,256,256]",uncompressed capacity,"[512,1024,1024]",bit,,/mnt/main0/home/nclack/tmp/2026-09-24-damacy-cold-chunks/job-3811387/report/concurrency.csv,,line:42,retained_verified_trace_summary,local XFS,,,,,,overlapping application pread calls in separate instrumented diagnostic,damacy,0.042529725,false,4558.0,,,,32,random-1x256x256,
6.841579551770871,15.0,5.481605053399656,13.0,"[512,4096,4096]",cpu,16384,local client pages evicted/checked; metadata warmed; caches reset; readahead mode recorded in implementation,"[1,128,128]",blosc-zstd,3,read_overlap|2026-09-24-damacy-cold-chunks|zstd|32|16|tensorstore|random-1x256x256,,zstd-c32-b16-tensorstore-random-1x256x256,synthetic,smooth4,2026-09-24,node-local /tmp,,,,uint16,0.080296939,Instrumented traces are excluded from throughput repetitions,read_overlap_controls,,,0.0,retained per-encoding report and fixed sixteen-shard protocol,,,tensorstore,16,,cpu-turin-gp-l-244-025,,/mnt/main0/home/nclack/tmp/2026-09-24-damacy-cold-chunks/job-3811387/filesystem.txt,"rw,relatime,attr2,inode64,logbufs=8,logbsize=32k,sunit=1024,swidth=4096,prjquota","Application call overlap is not device queue depth. The full-scan trace is a diagnostic subset, not a throughput measurement of the entire array. See read-runs for separate trace/timed-run locators.",,"{""between_read_gap_count"":""13"",""chunk_kib"":""32"",""codec"":""zstd"",""fraction_at_sixteen_shards"":""0.0"",""fraction_no_file_reads"":""0.12461075259089642"",""implementation"":""tensorstore"",""longest_between_read_gap_seconds"":""0.00076914"",""mean_active_file_reads"":""6.841579551770871"",""mean_shards"":""5.481605053399656"",""median_between_read_gap_seconds"":""7.93e-06"",""peak_active_file_reads"":""15"",""peak_shards"":""13"",""read_calls"":""1777"",""read_span_seconds"":""0.080296939"",""reader_mib"":""77.56598663330078"",""storage_mib"":""84.578125"",""trace_seconds"":""0.090729891"",""verified_chunk_ranges"":""4558"",""workload"":""random-1x256x256""}",fixed available files; observed read-call and file overlap are separate,available_shards,16,,2026-09-24-damacy-cold-chunks,32768,1073741824,1777.0,,retained_derived_diagnostic,,77.56598663330078,84.578125,,,0.1.85,diagnostic,2026-09-24-damacy-cold-chunks:42,,"[1,256,256]",uncompressed capacity,"[512,1024,1024]",bit,,/mnt/main0/home/nclack/tmp/2026-09-24-damacy-cold-chunks/job-3811387/report/concurrency.csv,,line:43,retained_verified_trace_summary,local XFS,,,,,,overlapping application pread calls in separate instrumented diagnostic,tensorstore,0.090729891,false,4558.0,,,,32,random-1x256x256,
5.388777061971662,16.0,4.681998090085445,16.0,"[512,4096,4096]",cpu,16384,local client pages evicted/checked; metadata warmed; caches reset; readahead mode recorded in implementation,"[1,128,256]",blosc-zstd,3,read_overlap|2026-09-24-damacy-cold-chunks|zstd|64|16|chunks256-default|full-scan,,zstd-c64-b16-chunks256-default-full-scan,synthetic,smooth4,2026-09-24,node-local /tmp,,,,uint16,0.054285092,Instrumented traces are excluded from throughput repetitions,read_overlap_controls,,,0.06847469807665355,retained per-encoding report and fixed sixteen-shard protocol,,,chunks256-default,16,,cpu-turin-gp-l-244-025,,/mnt/main0/home/nclack/tmp/2026-09-24-damacy-cold-chunks/job-3811387/filesystem.txt,"rw,relatime,attr2,inode64,logbufs=8,logbsize=32k,sunit=1024,swidth=4096,prjquota","Application call overlap is not device queue depth. The full-scan trace is a diagnostic subset, not a throughput measurement of the entire array. See read-runs for separate trace/timed-run locators.",,"{""between_read_gap_count"":""15"",""chunk_kib"":""64"",""codec"":""zstd"",""fraction_at_sixteen_shards"":""0.06847469807665355"",""fraction_no_file_reads"":""0.49375835825110126"",""implementation"":""chunks256-default"",""longest_between_read_gap_seconds"":""0.002219553"",""mean_active_file_reads"":""5.388777061971662"",""mean_shards"":""4.681998090085445"",""median_between_read_gap_seconds"":""0.001699109"",""peak_active_file_reads"":""16"",""peak_shards"":""16"",""read_calls"":""512"",""read_span_seconds"":""0.054285092"",""reader_mib"":""279.5579586029053"",""storage_mib"":""361.15625"",""trace_seconds"":""0.058949234"",""verified_chunk_ranges"":""8192"",""workload"":""full-scan""}",fixed available files; observed read-call and file overlap are separate,available_shards,16,,2026-09-24-damacy-cold-chunks,65536,1073741824,512.0,,retained_derived_diagnostic,,279.5579586029053,361.15625,,,8d0931e7d131fd5d4c565458736ab586012c78c1 plus retained benchmark controls,diagnostic,2026-09-24-damacy-cold-chunks:43,,"[8,256,256]",uncompressed capacity,"[512,1024,1024]",bit,,/mnt/main0/home/nclack/tmp/2026-09-24-damacy-cold-chunks/job-3811387/report/concurrency.csv,,line:44,retained_verified_trace_summary,local XFS,,,,,,overlapping application pread calls in separate instrumented diagnostic,damacy,0.058949234,false,8192.0,,,,32,full-scan,
11.271326570778449,16.0,10.8393641614633,16.0,"[512,4096,4096]",cpu,16384,local client pages evicted/checked; metadata warmed; caches reset; readahead mode recorded in implementation,"[1,128,256]",blosc-zstd,3,read_overlap|2026-09-24-damacy-cold-chunks|zstd|64|16|chunks256-random|full-scan,,zstd-c64-b16-chunks256-random-full-scan,synthetic,smooth4,2026-09-24,node-local /tmp,,,,uint16,0.049222915,Instrumented traces are excluded from throughput repetitions,read_overlap_controls,,,0.24633675598658314,retained per-encoding report and fixed sixteen-shard protocol,,,chunks256-random,16,,cpu-turin-gp-l-244-025,,/mnt/main0/home/nclack/tmp/2026-09-24-damacy-cold-chunks/job-3811387/filesystem.txt,"rw,relatime,attr2,inode64,logbufs=8,logbsize=32k,sunit=1024,swidth=4096,prjquota","Application call overlap is not device queue depth. The full-scan trace is a diagnostic subset, not a throughput measurement of the entire array. See read-runs for separate trace/timed-run locators.",,"{""between_read_gap_count"":""2"",""chunk_kib"":""64"",""codec"":""zstd"",""fraction_at_sixteen_shards"":""0.24633675598658314"",""fraction_no_file_reads"":""0.1064318916682288"",""implementation"":""chunks256-random"",""longest_between_read_gap_seconds"":""0.000995598"",""mean_active_file_reads"":""11.271326570778449"",""mean_shards"":""10.8393641614633"",""median_between_read_gap_seconds"":""0.0006178675"",""peak_active_file_reads"":""16"",""peak_shards"":""16"",""read_calls"":""512"",""read_span_seconds"":""0.049222915"",""reader_mib"":""279.5579586029053"",""storage_mib"":""279.59375"",""trace_seconds"":""0.053702879"",""verified_chunk_ranges"":""8192"",""workload"":""full-scan""}",fixed available files; observed read-call and file overlap are separate,available_shards,16,,2026-09-24-damacy-cold-chunks,65536,1073741824,512.0,,retained_derived_diagnostic,,279.5579586029053,279.59375,,,8d0931e7d131fd5d4c565458736ab586012c78c1 plus retained benchmark controls,diagnostic,2026-09-24-damacy-cold-chunks:44,,"[8,256,256]",uncompressed capacity,"[512,1024,1024]",bit,,/mnt/main0/home/nclack/tmp/2026-09-24-damacy-cold-chunks/job-3811387/report/concurrency.csv,,line:45,retained_verified_trace_summary,local XFS,,,,,,overlapping application pread calls in separate instrumented diagnostic,damacy,0.053702879,false,8192.0,,,,32,full-scan,
3.1212895341134477,12.0,2.7223834516220706,10.0,"[512,4096,4096]",cpu,16384,local client pages evicted/checked; metadata warmed; caches reset; readahead mode recorded in implementation,"[1,128,256]",blosc-zstd,3,read_overlap|2026-09-24-damacy-cold-chunks|zstd|64|16|tensorstore|full-scan,,zstd-c64-b16-tensorstore-full-scan,synthetic,smooth4,2026-09-24,node-local /tmp,,,,uint16,0.134891025,Instrumented traces are excluded from throughput repetitions,read_overlap_controls,,,0.0,retained per-encoding report and fixed sixteen-shard protocol,,,tensorstore,16,,cpu-turin-gp-l-244-025,,/mnt/main0/home/nclack/tmp/2026-09-24-damacy-cold-chunks/job-3811387/filesystem.txt,"rw,relatime,attr2,inode64,logbufs=8,logbsize=32k,sunit=1024,swidth=4096,prjquota","Application call overlap is not device queue depth. The full-scan trace is a diagnostic subset, not a throughput measurement of the entire array. See read-runs for separate trace/timed-run locators.",,"{""between_read_gap_count"":""6"",""chunk_kib"":""64"",""codec"":""zstd"",""fraction_at_sixteen_shards"":""0.0"",""fraction_no_file_reads"":""0.5286735860113894"",""implementation"":""tensorstore"",""longest_between_read_gap_seconds"":""0.046344881"",""mean_active_file_reads"":""3.1212895341134477"",""mean_shards"":""2.7223834516220706"",""median_between_read_gap_seconds"":""2.1255e-05"",""peak_active_file_reads"":""12"",""peak_shards"":""10"",""read_calls"":""512"",""read_span_seconds"":""0.134891025"",""reader_mib"":""279.5579586029053"",""storage_mib"":""325.953125"",""trace_seconds"":""0.187647056"",""verified_chunk_ranges"":""8192"",""workload"":""full-scan""}",fixed available files; observed read-call and file overlap are separate,available_shards,16,,2026-09-24-damacy-cold-chunks,65536,1073741824,512.0,,retained_derived_diagnostic,,279.5579586029053,325.953125,,,0.1.85,diagnostic,2026-09-24-damacy-cold-chunks:45,,"[8,256,256]",uncompressed capacity,"[512,1024,1024]",bit,,/mnt/main0/home/nclack/tmp/2026-09-24-damacy-cold-chunks/job-3811387/report/concurrency.csv,,line:46,retained_verified_trace_summary,local XFS,,,,,,overlapping application pread calls in separate instrumented diagnostic,tensorstore,0.187647056,false,8192.0,,,,32,full-scan,
14.679271744053018,16.0,11.560803057905499,16.0,"[512,4096,4096]",cpu,16384,local client pages evicted/checked; metadata warmed; caches reset; readahead mode recorded in implementation,"[1,128,256]",blosc-zstd,3,read_overlap|2026-09-24-damacy-cold-chunks|zstd|64|16|chunks256-default|random-1x256x256,,zstd-c64-b16-chunks256-default-random-1x256x256,synthetic,smooth4,2026-09-24,node-local /tmp,,,,uint16,0.045911357,Instrumented traces are excluded from throughput repetitions,read_overlap_controls,,,0.014729560464505421,retained per-encoding report and fixed sixteen-shard protocol,,,chunks256-default,16,,cpu-turin-gp-l-244-025,,/mnt/main0/home/nclack/tmp/2026-09-24-damacy-cold-chunks/job-3811387/filesystem.txt,"rw,relatime,attr2,inode64,logbufs=8,logbsize=32k,sunit=1024,swidth=4096,prjquota","Application call overlap is not device queue depth. The full-scan trace is a diagnostic subset, not a throughput measurement of the entire array. See read-runs for separate trace/timed-run locators.",,"{""between_read_gap_count"":""0"",""chunk_kib"":""64"",""codec"":""zstd"",""fraction_at_sixteen_shards"":""0.014729560464505421"",""fraction_no_file_reads"":""0.06421409137782239"",""implementation"":""chunks256-default"",""longest_between_read_gap_seconds"":""0.0"",""mean_active_file_reads"":""14.679271744053018"",""mean_shards"":""11.560803057905499"",""median_between_read_gap_seconds"":""0"",""peak_active_file_reads"":""16"",""peak_shards"":""16"",""read_calls"":""1778"",""read_span_seconds"":""0.045911357"",""reader_mib"":""103.74985313415527"",""storage_mib"":""110.421875"",""trace_seconds"":""0.049061817"",""verified_chunk_ranges"":""3033"",""workload"":""random-1x256x256""}",fixed available files; observed read-call and file overlap are separate,available_shards,16,,2026-09-24-damacy-cold-chunks,65536,1073741824,1778.0,,retained_derived_diagnostic,,103.74985313415527,110.421875,,,8d0931e7d131fd5d4c565458736ab586012c78c1 plus retained benchmark controls,diagnostic,2026-09-24-damacy-cold-chunks:46,,"[1,256,256]",uncompressed capacity,"[512,1024,1024]",bit,,/mnt/main0/home/nclack/tmp/2026-09-24-damacy-cold-chunks/job-3811387/report/concurrency.csv,,line:47,retained_verified_trace_summary,local XFS,,,,,,overlapping application pread calls in separate instrumented diagnostic,damacy,0.049061817,false,3033.0,,,,32,random-1x256x256,
14.50557588442095,16.0,11.485748147819,16.0,"[512,4096,4096]",cpu,16384,local client pages evicted/checked; metadata warmed; caches reset; readahead mode recorded in implementation,"[1,128,256]",blosc-zstd,3,read_overlap|2026-09-24-damacy-cold-chunks|zstd|64|16|chunks256-random|random-1x256x256,,zstd-c64-b16-chunks256-random-random-1x256x256,synthetic,smooth4,2026-09-24,node-local /tmp,,,,uint16,0.046705206,Instrumented traces are excluded from throughput repetitions,read_overlap_controls,,,0.00764477436237641,retained per-encoding report and fixed sixteen-shard protocol,,,chunks256-random,16,,cpu-turin-gp-l-244-025,,/mnt/main0/home/nclack/tmp/2026-09-24-damacy-cold-chunks/job-3811387/filesystem.txt,"rw,relatime,attr2,inode64,logbufs=8,logbsize=32k,sunit=1024,swidth=4096,prjquota","Application call overlap is not device queue depth. The full-scan trace is a diagnostic subset, not a throughput measurement of the entire array. See read-runs for separate trace/timed-run locators.",,"{""between_read_gap_count"":""0"",""chunk_kib"":""64"",""codec"":""zstd"",""fraction_at_sixteen_shards"":""0.00764477436237641"",""fraction_no_file_reads"":""0.0768061480150046"",""implementation"":""chunks256-random"",""longest_between_read_gap_seconds"":""0.0"",""mean_active_file_reads"":""14.50557588442095"",""mean_shards"":""11.485748147819"",""median_between_read_gap_seconds"":""0"",""peak_active_file_reads"":""16"",""peak_shards"":""16"",""read_calls"":""1778"",""read_span_seconds"":""0.046705206"",""reader_mib"":""103.74985313415527"",""storage_mib"":""110.34375"",""trace_seconds"":""0.050590898"",""verified_chunk_ranges"":""3033"",""workload"":""random-1x256x256""}",fixed available files; observed read-call and file overlap are separate,available_shards,16,,2026-09-24-damacy-cold-chunks,65536,1073741824,1778.0,,retained_derived_diagnostic,,103.74985313415527,110.34375,,,8d0931e7d131fd5d4c565458736ab586012c78c1 plus retained benchmark controls,diagnostic,2026-09-24-damacy-cold-chunks:47,,"[1,256,256]",uncompressed capacity,"[512,1024,1024]",bit,,/mnt/main0/home/nclack/tmp/2026-09-24-damacy-cold-chunks/job-3811387/report/concurrency.csv,,line:48,retained_verified_trace_summary,local XFS,,,,,,overlapping application pread calls in separate instrumented diagnostic,damacy,0.050590898,false,3033.0,,,,32,random-1x256x256,
7.1027961754920526,16.0,5.9207381990797225,14.0,"[512,4096,4096]",cpu,16384,local client pages evicted/checked; metadata warmed; caches reset; readahead mode recorded in implementation,"[1,128,256]",blosc-zstd,3,read_overlap|2026-09-24-damacy-cold-chunks|zstd|64|16|tensorstore|random-1x256x256,,zstd-c64-b16-tensorstore-random-1x256x256,synthetic,smooth4,2026-09-24,node-local /tmp,,,,uint16,0.091916182,Instrumented traces are excluded from throughput repetitions,read_overlap_controls,,,0.0,retained per-encoding report and fixed sixteen-shard protocol,,,tensorstore,16,,cpu-turin-gp-l-244-025,,/mnt/main0/home/nclack/tmp/2026-09-24-damacy-cold-chunks/job-3811387/filesystem.txt,"rw,relatime,attr2,inode64,logbufs=8,logbsize=32k,sunit=1024,swidth=4096,prjquota","Application call overlap is not device queue depth. The full-scan trace is a diagnostic subset, not a throughput measurement of the entire array. See read-runs for separate trace/timed-run locators.",,"{""between_read_gap_count"":""11"",""chunk_kib"":""64"",""codec"":""zstd"",""fraction_at_sixteen_shards"":""0.0"",""fraction_no_file_reads"":""0.17287009057863492"",""implementation"":""tensorstore"",""longest_between_read_gap_seconds"":""0.006757055"",""mean_active_file_reads"":""7.1027961754920526"",""mean_shards"":""5.9207381990797225"",""median_between_read_gap_seconds"":""7.34e-06"",""peak_active_file_reads"":""16"",""peak_shards"":""14"",""read_calls"":""1776"",""read_span_seconds"":""0.091916182"",""reader_mib"":""103.61256217956543"",""storage_mib"":""110.421875"",""trace_seconds"":""0.102859245"",""verified_chunk_ranges"":""3033"",""workload"":""random-1x256x256""}",fixed available files; observed read-call and file overlap are separate,available_shards,16,,2026-09-24-damacy-cold-chunks,65536,1073741824,1776.0,,retained_derived_diagnostic,,103.61256217956543,110.421875,,,0.1.85,diagnostic,2026-09-24-damacy-cold-chunks:48,,"[1,256,256]",uncompressed capacity,"[512,1024,1024]",bit,,/mnt/main0/home/nclack/tmp/2026-09-24-damacy-cold-chunks/job-3811387/report/concurrency.csv,,line:49,retained_verified_trace_summary,local XFS,,,,,,overlapping application pread calls in separate instrumented diagnostic,tensorstore,0.102859245,false,3033.0,,,,32,random-1x256x256,
8.030833058167675,16.0,7.256041224195074,16.0,"[512,4096,4096]",cpu,131072,local client pages evicted/checked; metadata warmed; caches reset; readahead mode recorded in implementation,"[1,256,256]",blosc-lz4,3,read_overlap|2026-09-24-damacy-cold-blocks|lz4|128|128|chunks256-default|full-scan,,lz4-c128-b128-chunks256-default-full-scan,synthetic,smooth4,2026-09-24,node-local /tmp,,,,uint16,0.046304608,Instrumented traces are excluded from throughput repetitions,read_overlap_controls,,,0.09764133493825466,retained per-encoding report and fixed sixteen-shard protocol,,,chunks256-default,16,,cpu-turin-gp-l-244-025,,/mnt/main0/home/nclack/tmp/2026-09-24-damacy-cold-blocks/job-3822266/filesystem.txt,"rw,relatime,attr2,inode64,logbufs=8,logbsize=32k,sunit=1024,swidth=4096,prjquota","Application call overlap is not device queue depth. The full-scan trace is a diagnostic subset, not a throughput measurement of the entire array. See read-runs for separate trace/timed-run locators.",,"{""between_read_gap_count"":""5"",""block_kib"":""128"",""chunk_kib"":""128"",""codec"":""lz4"",""fraction_at_sixteen_shards"":""0.09764133493825466"",""fraction_no_file_reads"":""0.34796027149814757"",""implementation"":""chunks256-default"",""longest_between_read_gap_seconds"":""0.003139498"",""mean_active_file_reads"":""8.030833058167675"",""mean_shards"":""7.256041224195074"",""median_between_read_gap_seconds"":""0.002743882"",""peak_active_file_reads"":""16"",""peak_shards"":""16"",""read_calls"":""512"",""read_span_seconds"":""0.046304608"",""reader_mib"":""319.67522621154785"",""storage_mib"":""415.9375"",""trace_seconds"":""0.052098919"",""verified_chunk_ranges"":""4096"",""workload"":""full-scan""}",fixed available files; observed read-call and file overlap are separate,available_shards,16,,2026-09-24-damacy-cold-blocks,131072,1073741824,512.0,,retained_derived_diagnostic,,319.67522621154785,415.9375,,,8d0931e7d131fd5d4c565458736ab586012c78c1 plus retained benchmark controls,diagnostic,2026-09-24-damacy-cold-blocks:1,,"[8,256,256]",uncompressed capacity,"[512,1024,1024]",bit,,/mnt/main0/home/nclack/tmp/2026-09-24-damacy-cold-blocks/job-3822266/report/concurrency.csv,,line:2,retained_verified_trace_summary,local XFS,,,,,,overlapping application pread calls in separate instrumented diagnostic,damacy,0.052098919,false,4096.0,,,,32,full-scan,
14.011570163780393,16.0,12.65117019249541,16.0,"[512,4096,4096]",cpu,131072,local client pages evicted/checked; metadata warmed; caches reset; readahead mode recorded in implementation,"[1,256,256]",blosc-lz4,3,read_overlap|2026-09-24-damacy-cold-blocks|lz4|128|128|chunks256-random|full-scan,,lz4-c128-b128-chunks256-random-full-scan,synthetic,smooth4,2026-09-24,node-local /tmp,,,,uint16,0.044529036,Instrumented traces are excluded from throughput repetitions,read_overlap_controls,,,0.0886790298219114,retained per-encoding report and fixed sixteen-shard protocol,,,chunks256-random,16,,cpu-turin-gp-l-244-025,,/mnt/main0/home/nclack/tmp/2026-09-24-damacy-cold-blocks/job-3822266/filesystem.txt,"rw,relatime,attr2,inode64,logbufs=8,logbsize=32k,sunit=1024,swidth=4096,prjquota","Application call overlap is not device queue depth. The full-scan trace is a diagnostic subset, not a throughput measurement of the entire array. See read-runs for separate trace/timed-run locators.",,"{""between_read_gap_count"":""0"",""block_kib"":""128"",""chunk_kib"":""128"",""codec"":""lz4"",""fraction_at_sixteen_shards"":""0.0886790298219114"",""fraction_no_file_reads"":""0.08510867800498996"",""implementation"":""chunks256-random"",""longest_between_read_gap_seconds"":""0.0"",""mean_active_file_reads"":""14.011570163780393"",""mean_shards"":""12.65117019249541"",""median_between_read_gap_seconds"":""0"",""peak_active_file_reads"":""16"",""peak_shards"":""16"",""read_calls"":""512"",""read_span_seconds"":""0.044529036"",""reader_mib"":""319.67522621154785"",""storage_mib"":""319.70703125"",""trace_seconds"":""0.048671394"",""verified_chunk_ranges"":""4096"",""workload"":""full-scan""}",fixed available files; observed read-call and file overlap are separate,available_shards,16,,2026-09-24-damacy-cold-blocks,131072,1073741824,512.0,,retained_derived_diagnostic,,319.67522621154785,319.70703125,,,8d0931e7d131fd5d4c565458736ab586012c78c1 plus retained benchmark controls,diagnostic,2026-09-24-damacy-cold-blocks:2,,"[8,256,256]",uncompressed capacity,"[512,1024,1024]",bit,,/mnt/main0/home/nclack/tmp/2026-09-24-damacy-cold-blocks/job-3822266/report/concurrency.csv,,line:3,retained_verified_trace_summary,local XFS,,,,,,overlapping application pread calls in separate instrumented diagnostic,damacy,0.048671394,false,4096.0,,,,32,full-scan,
3.5064358669889795,12.0,3.090138017905929,10.0,"[512,4096,4096]",cpu,131072,local client pages evicted/checked; metadata warmed; caches reset; readahead mode recorded in implementation,"[1,256,256]",blosc-lz4,3,read_overlap|2026-09-24-damacy-cold-blocks|lz4|128|128|tensorstore|full-scan,,lz4-c128-b128-tensorstore-full-scan,synthetic,smooth4,2026-09-24,node-local /tmp,,,,uint16,0.141325169,Instrumented traces are excluded from throughput repetitions,read_overlap_controls,,,0.0,retained per-encoding report and fixed sixteen-shard protocol,,,tensorstore,16,,cpu-turin-gp-l-244-025,,/mnt/main0/home/nclack/tmp/2026-09-24-damacy-cold-blocks/job-3822266/filesystem.txt,"rw,relatime,attr2,inode64,logbufs=8,logbsize=32k,sunit=1024,swidth=4096,prjquota","Application call overlap is not device queue depth. The full-scan trace is a diagnostic subset, not a throughput measurement of the entire array. See read-runs for separate trace/timed-run locators.",,"{""between_read_gap_count"":""1"",""block_kib"":""128"",""chunk_kib"":""128"",""codec"":""lz4"",""fraction_at_sixteen_shards"":""0.0"",""fraction_no_file_reads"":""0.5194193458222316"",""implementation"":""tensorstore"",""longest_between_read_gap_seconds"":""0.050821322"",""mean_active_file_reads"":""3.5064358669889795"",""mean_shards"":""3.090138017905929"",""median_between_read_gap_seconds"":""0.050821322"",""peak_active_file_reads"":""12"",""peak_shards"":""10"",""read_calls"":""512"",""read_span_seconds"":""0.141325169"",""reader_mib"":""319.67522621154785"",""storage_mib"":""333.2421875"",""trace_seconds"":""0.188321869"",""verified_chunk_ranges"":""4096"",""workload"":""full-scan""}",fixed available files; observed read-call and file overlap are separate,available_shards,16,,2026-09-24-damacy-cold-blocks,131072,1073741824,512.0,,retained_derived_diagnostic,,319.67522621154785,333.2421875,,,0.1.85,diagnostic,2026-09-24-damacy-cold-blocks:3,,"[8,256,256]",uncompressed capacity,"[512,1024,1024]",bit,,/mnt/main0/home/nclack/tmp/2026-09-24-damacy-cold-blocks/job-3822266/report/concurrency.csv,,line:4,retained_verified_trace_summary,local XFS,,,,,,overlapping application pread calls in separate instrumented diagnostic,tensorstore,0.188321869,false,4096.0,,,,32,full-scan,
14.821671095667053,16.0,11.805738360022096,16.0,"[512,4096,4096]",cpu,131072,local client pages evicted/checked; metadata warmed; caches reset; readahead mode recorded in implementation,"[1,256,256]",blosc-lz4,3,read_overlap|2026-09-24-damacy-cold-blocks|lz4|128|128|chunks256-default|random-1x256x256,,lz4-c128-b128-chunks256-default-random-1x256x256,synthetic,smooth4,2026-09-24,node-local /tmp,,,,uint16,0.049551065,Instrumented traces are excluded from throughput repetitions,read_overlap_controls,,,0.01273541050397506,retained per-encoding report and fixed sixteen-shard protocol,,,chunks256-default,16,,cpu-turin-gp-l-244-025,,/mnt/main0/home/nclack/tmp/2026-09-24-damacy-cold-blocks/job-3822266/filesystem.txt,"rw,relatime,attr2,inode64,logbufs=8,logbsize=32k,sunit=1024,swidth=4096,prjquota","Application call overlap is not device queue depth. The full-scan trace is a diagnostic subset, not a throughput measurement of the entire array. See read-runs for separate trace/timed-run locators.",,"{""between_read_gap_count"":""0"",""block_kib"":""128"",""chunk_kib"":""128"",""codec"":""lz4"",""fraction_at_sixteen_shards"":""0.01273541050397506"",""fraction_no_file_reads"":""0.06008100542880231"",""implementation"":""chunks256-default"",""longest_between_read_gap_seconds"":""0.0"",""mean_active_file_reads"":""14.821671095667053"",""mean_shards"":""11.805738360022096"",""median_between_read_gap_seconds"":""0"",""peak_active_file_reads"":""16"",""peak_shards"":""16"",""read_calls"":""1182"",""read_span_seconds"":""0.049551065"",""reader_mib"":""157.8821439743042"",""storage_mib"":""161.88671875"",""trace_seconds"":""0.052718442"",""verified_chunk_ranges"":""2015"",""workload"":""random-1x256x256""}",fixed available files; observed read-call and file overlap are separate,available_shards,16,,2026-09-24-damacy-cold-blocks,131072,1073741824,1182.0,,retained_derived_diagnostic,,157.8821439743042,161.88671875,,,8d0931e7d131fd5d4c565458736ab586012c78c1 plus retained benchmark controls,diagnostic,2026-09-24-damacy-cold-blocks:4,,"[1,256,256]",uncompressed capacity,"[512,1024,1024]",bit,,/mnt/main0/home/nclack/tmp/2026-09-24-damacy-cold-blocks/job-3822266/report/concurrency.csv,,line:5,retained_verified_trace_summary,local XFS,,,,,,overlapping application pread calls in separate instrumented diagnostic,damacy,0.052718442,false,2015.0,,,,32,random-1x256x256,
14.695568581522991,16.0,11.734201473826506,16.0,"[512,4096,4096]",cpu,131072,local client pages evicted/checked; metadata warmed; caches reset; readahead mode recorded in implementation,"[1,256,256]",blosc-lz4,3,read_overlap|2026-09-24-damacy-cold-blocks|lz4|128|128|chunks256-random|random-1x256x256,,lz4-c128-b128-chunks256-random-random-1x256x256,synthetic,smooth4,2026-09-24,node-local /tmp,,,,uint16,0.048744943,Instrumented traces are excluded from throughput repetitions,read_overlap_controls,,,0.01549112589352376,retained per-encoding report and fixed sixteen-shard protocol,,,chunks256-random,16,,cpu-turin-gp-l-244-025,,/mnt/main0/home/nclack/tmp/2026-09-24-damacy-cold-blocks/job-3822266/filesystem.txt,"rw,relatime,attr2,inode64,logbufs=8,logbsize=32k,sunit=1024,swidth=4096,prjquota","Application call overlap is not device queue depth. The full-scan trace is a diagnostic subset, not a throughput measurement of the entire array. See read-runs for separate trace/timed-run locators.",,"{""between_read_gap_count"":""0"",""block_kib"":""128"",""chunk_kib"":""128"",""codec"":""lz4"",""fraction_at_sixteen_shards"":""0.01549112589352376"",""fraction_no_file_reads"":""0.06544365700942617"",""implementation"":""chunks256-random"",""longest_between_read_gap_seconds"":""0.0"",""mean_active_file_reads"":""14.695568581522991"",""mean_shards"":""11.734201473826506"",""median_between_read_gap_seconds"":""0"",""peak_active_file_reads"":""16"",""peak_shards"":""16"",""read_calls"":""1182"",""read_span_seconds"":""0.048744943"",""reader_mib"":""157.8821439743042"",""storage_mib"":""161.66015625"",""trace_seconds"":""0.052158378"",""verified_chunk_ranges"":""2015"",""workload"":""random-1x256x256""}",fixed available files; observed read-call and file overlap are separate,available_shards,16,,2026-09-24-damacy-cold-blocks,131072,1073741824,1182.0,,retained_derived_diagnostic,,157.8821439743042,161.66015625,,,8d0931e7d131fd5d4c565458736ab586012c78c1 plus retained benchmark controls,diagnostic,2026-09-24-damacy-cold-blocks:5,,"[1,256,256]",uncompressed capacity,"[512,1024,1024]",bit,,/mnt/main0/home/nclack/tmp/2026-09-24-damacy-cold-blocks/job-3822266/report/concurrency.csv,,line:6,retained_verified_trace_summary,local XFS,,,,,,overlapping application pread calls in separate instrumented diagnostic,damacy,0.052158378,false,2015.0,,,,32,random-1x256x256,
8.154626170470525,16.0,6.6280601856290025,14.0,"[512,4096,4096]",cpu,131072,local client pages evicted/checked; metadata warmed; caches reset; readahead mode recorded in implementation,"[1,256,256]",blosc-lz4,3,read_overlap|2026-09-24-damacy-cold-blocks|lz4|128|128|tensorstore|random-1x256x256,,lz4-c128-b128-tensorstore-random-1x256x256,synthetic,smooth4,2026-09-24,node-local /tmp,,,,uint16,0.090742995,Instrumented traces are excluded from throughput repetitions,read_overlap_controls,,,0.0,retained per-encoding report and fixed sixteen-shard protocol,,,tensorstore,16,,cpu-turin-gp-l-244-025,,/mnt/main0/home/nclack/tmp/2026-09-24-damacy-cold-blocks/job-3822266/filesystem.txt,"rw,relatime,attr2,inode64,logbufs=8,logbsize=32k,sunit=1024,swidth=4096,prjquota","Application call overlap is not device queue depth. The full-scan trace is a diagnostic subset, not a throughput measurement of the entire array. See read-runs for separate trace/timed-run locators.",,"{""between_read_gap_count"":""2"",""block_kib"":""128"",""chunk_kib"":""128"",""codec"":""lz4"",""fraction_at_sixteen_shards"":""0.0"",""fraction_no_file_reads"":""0.11646659701510088"",""implementation"":""tensorstore"",""longest_between_read_gap_seconds"":""0.00688723"",""mean_active_file_reads"":""8.154626170470525"",""mean_shards"":""6.6280601856290025"",""median_between_read_gap_seconds"":""0.003445725"",""peak_active_file_reads"":""16"",""peak_shards"":""14"",""read_calls"":""1180"",""read_span_seconds"":""0.090742995"",""reader_mib"":""157.5681848526001"",""storage_mib"":""161.88671875"",""trace_seconds"":""0.094904782"",""verified_chunk_ranges"":""2015"",""workload"":""random-1x256x256""}",fixed available files; observed read-call and file overlap are separate,available_shards,16,,2026-09-24-damacy-cold-blocks,131072,1073741824,1180.0,,retained_derived_diagnostic,,157.5681848526001,161.88671875,,,0.1.85,diagnostic,2026-09-24-damacy-cold-blocks:6,,"[1,256,256]",uncompressed capacity,"[512,1024,1024]",bit,,/mnt/main0/home/nclack/tmp/2026-09-24-damacy-cold-blocks/job-3822266/report/concurrency.csv,,line:7,retained_verified_trace_summary,local XFS,,,,,,overlapping application pread calls in separate instrumented diagnostic,tensorstore,0.094904782,false,2015.0,,,,32,random-1x256x256,
9.572760394510743,16.0,9.036614386370957,16.0,"[512,4096,4096]",cpu,16384,local client pages evicted/checked; metadata warmed; caches reset; readahead mode recorded in implementation,"[1,256,256]",blosc-lz4,3,read_overlap|2026-09-24-damacy-cold-blocks|lz4|128|16|chunks256-default|full-scan,,lz4-c128-b16-chunks256-default-full-scan,synthetic,smooth4,2026-09-24,node-local /tmp,,,,uint16,0.047866772,Instrumented traces are excluded from throughput repetitions,read_overlap_controls,,,0.3612621409520181,retained per-encoding report and fixed sixteen-shard protocol,,,chunks256-default,16,,cpu-turin-gp-l-244-025,,/mnt/main0/home/nclack/tmp/2026-09-24-damacy-cold-blocks/job-3822266/filesystem.txt,"rw,relatime,attr2,inode64,logbufs=8,logbsize=32k,sunit=1024,swidth=4096,prjquota","Application call overlap is not device queue depth. The full-scan trace is a diagnostic subset, not a throughput measurement of the entire array. See read-runs for separate trace/timed-run locators.",,"{""between_read_gap_count"":""7"",""block_kib"":""16"",""chunk_kib"":""128"",""codec"":""lz4"",""fraction_at_sixteen_shards"":""0.3612621409520181"",""fraction_no_file_reads"":""0.34070886926823396"",""implementation"":""chunks256-default"",""longest_between_read_gap_seconds"":""0.004049019"",""mean_active_file_reads"":""9.572760394510743"",""mean_shards"":""9.036614386370957"",""median_between_read_gap_seconds"":""0.001392295"",""peak_active_file_reads"":""16"",""peak_shards"":""16"",""read_calls"":""512"",""read_span_seconds"":""0.047866772"",""reader_mib"":""326.781699180603"",""storage_mib"":""452.0"",""trace_seconds"":""0.055264097"",""verified_chunk_ranges"":""4096"",""workload"":""full-scan""}",fixed available files; observed read-call and file overlap are separate,available_shards,16,,2026-09-24-damacy-cold-blocks,131072,1073741824,512.0,,retained_derived_diagnostic,,326.781699180603,452.0,,,8d0931e7d131fd5d4c565458736ab586012c78c1 plus retained benchmark controls,diagnostic,2026-09-24-damacy-cold-blocks:7,,"[8,256,256]",uncompressed capacity,"[512,1024,1024]",bit,,/mnt/main0/home/nclack/tmp/2026-09-24-damacy-cold-blocks/job-3822266/report/concurrency.csv,,line:8,retained_verified_trace_summary,local XFS,,,,,,overlapping application pread calls in separate instrumented diagnostic,damacy,0.055264097,false,4096.0,,,,32,full-scan,
13.842092942562102,16.0,12.537650732010803,16.0,"[512,4096,4096]",cpu,16384,local client pages evicted/checked; metadata warmed; caches reset; readahead mode recorded in implementation,"[1,256,256]",blosc-lz4,3,read_overlap|2026-09-24-damacy-cold-blocks|lz4|128|16|chunks256-random|full-scan,,lz4-c128-b16-chunks256-random-full-scan,synthetic,smooth4,2026-09-24,node-local /tmp,,,,uint16,0.04310486,Instrumented traces are excluded from throughput repetitions,read_overlap_controls,,,0.07570483967921181,retained per-encoding report and fixed sixteen-shard protocol,,,chunks256-random,16,,cpu-turin-gp-l-244-025,,/mnt/main0/home/nclack/tmp/2026-09-24-damacy-cold-blocks/job-3822266/filesystem.txt,"rw,relatime,attr2,inode64,logbufs=8,logbsize=32k,sunit=1024,swidth=4096,prjquota","Application call overlap is not device queue depth. The full-scan trace is a diagnostic subset, not a throughput measurement of the entire array. See read-runs for separate trace/timed-run locators.",,"{""between_read_gap_count"":""1"",""block_kib"":""16"",""chunk_kib"":""128"",""codec"":""lz4"",""fraction_at_sixteen_shards"":""0.07570483967921181"",""fraction_no_file_reads"":""0.08462389533311107"",""implementation"":""chunks256-random"",""longest_between_read_gap_seconds"":""2.467e-05"",""mean_active_file_reads"":""13.842092942562102"",""mean_shards"":""12.537650732010803"",""median_between_read_gap_seconds"":""2.467e-05"",""peak_active_file_reads"":""16"",""peak_shards"":""16"",""read_calls"":""512"",""read_span_seconds"":""0.04310486"",""reader_mib"":""326.781699180603"",""storage_mib"":""326.80859375"",""trace_seconds"":""0.04706283"",""verified_chunk_ranges"":""4096"",""workload"":""full-scan""}",fixed available files; observed read-call and file overlap are separate,available_shards,16,,2026-09-24-damacy-cold-blocks,131072,1073741824,512.0,,retained_derived_diagnostic,,326.781699180603,326.80859375,,,8d0931e7d131fd5d4c565458736ab586012c78c1 plus retained benchmark controls,diagnostic,2026-09-24-damacy-cold-blocks:8,,"[8,256,256]",uncompressed capacity,"[512,1024,1024]",bit,,/mnt/main0/home/nclack/tmp/2026-09-24-damacy-cold-blocks/job-3822266/report/concurrency.csv,,line:9,retained_verified_trace_summary,local XFS,,,,,,overlapping application pread calls in separate instrumented diagnostic,damacy,0.04706283,false,4096.0,,,,32,full-scan,
4.643529863976814,16.0,3.500054020850805,13.0,"[512,4096,4096]",cpu,16384,local client pages evicted/checked; metadata warmed; caches reset; readahead mode recorded in implementation,"[1,256,256]",blosc-lz4,3,read_overlap|2026-09-24-damacy-cold-blocks|lz4|128|16|tensorstore|full-scan,,lz4-c128-b16-tensorstore-full-scan,synthetic,smooth4,2026-09-24,node-local /tmp,,,,uint16,0.136819135,Instrumented traces are excluded from throughput repetitions,read_overlap_controls,,,0.0,retained per-encoding report and fixed sixteen-shard protocol,,,tensorstore,16,,cpu-turin-gp-l-244-025,,/mnt/main0/home/nclack/tmp/2026-09-24-damacy-cold-blocks/job-3822266/filesystem.txt,"rw,relatime,attr2,inode64,logbufs=8,logbsize=32k,sunit=1024,swidth=4096,prjquota","Application call overlap is not device queue depth. The full-scan trace is a diagnostic subset, not a throughput measurement of the entire array. See read-runs for separate trace/timed-run locators.",,"{""between_read_gap_count"":""5"",""block_kib"":""16"",""chunk_kib"":""128"",""codec"":""lz4"",""fraction_at_sixteen_shards"":""0.0"",""fraction_no_file_reads"":""0.3172094763351135"",""implementation"":""tensorstore"",""longest_between_read_gap_seconds"":""0.023610039"",""mean_active_file_reads"":""4.643529863976814"",""mean_shards"":""3.500054020850805"",""median_between_read_gap_seconds"":""2.0599e-05"",""peak_active_file_reads"":""16"",""peak_shards"":""13"",""read_calls"":""512"",""read_span_seconds"":""0.136819135"",""reader_mib"":""326.781699180603"",""storage_mib"":""357.375"",""trace_seconds"":""0.16569528"",""verified_chunk_ranges"":""4096"",""workload"":""full-scan""}",fixed available files; observed read-call and file overlap are separate,available_shards,16,,2026-09-24-damacy-cold-blocks,131072,1073741824,512.0,,retained_derived_diagnostic,,326.781699180603,357.375,,,0.1.85,diagnostic,2026-09-24-damacy-cold-blocks:9,,"[8,256,256]",uncompressed capacity,"[512,1024,1024]",bit,,/mnt/main0/home/nclack/tmp/2026-09-24-damacy-cold-blocks/job-3822266/report/concurrency.csv,,line:10,retained_verified_trace_summary,local XFS,,,,,,overlapping application pread calls in separate instrumented diagnostic,tensorstore,0.16569528,false,4096.0,,,,32,full-scan,
14.592610760846675,16.0,11.693347814411252,16.0,"[512,4096,4096]",cpu,16384,local client pages evicted/checked; metadata warmed; caches reset; readahead mode recorded in implementation,"[1,256,256]",blosc-lz4,3,read_overlap|2026-09-24-damacy-cold-blocks|lz4|128|16|chunks256-default|random-1x256x256,,lz4-c128-b16-chunks256-default-random-1x256x256,synthetic,smooth4,2026-09-24,node-local /tmp,,,,uint16,0.048683953,Instrumented traces are excluded from throughput repetitions,read_overlap_controls,,,0.021901368835552222,retained per-encoding report and fixed sixteen-shard protocol,,,chunks256-default,16,,cpu-turin-gp-l-244-025,,/mnt/main0/home/nclack/tmp/2026-09-24-damacy-cold-blocks/job-3822266/filesystem.txt,"rw,relatime,attr2,inode64,logbufs=8,logbsize=32k,sunit=1024,swidth=4096,prjquota","Application call overlap is not device queue depth. The full-scan trace is a diagnostic subset, not a throughput measurement of the entire array. See read-runs for separate trace/timed-run locators.",,"{""between_read_gap_count"":""0"",""block_kib"":""16"",""chunk_kib"":""128"",""codec"":""lz4"",""fraction_at_sixteen_shards"":""0.021901368835552222"",""fraction_no_file_reads"":""0.0718035853346579"",""implementation"":""chunks256-default"",""longest_between_read_gap_seconds"":""0.0"",""mean_active_file_reads"":""14.592610760846675"",""mean_shards"":""11.693347814411252"",""median_between_read_gap_seconds"":""0"",""peak_active_file_reads"":""16"",""peak_shards"":""16"",""read_calls"":""1182"",""read_span_seconds"":""0.048683953"",""reader_mib"":""161.37536144256592"",""storage_mib"":""165.515625"",""trace_seconds"":""0.052450055"",""verified_chunk_ranges"":""2015"",""workload"":""random-1x256x256""}",fixed available files; observed read-call and file overlap are separate,available_shards,16,,2026-09-24-damacy-cold-blocks,131072,1073741824,1182.0,,retained_derived_diagnostic,,161.37536144256592,165.515625,,,8d0931e7d131fd5d4c565458736ab586012c78c1 plus retained benchmark controls,diagnostic,2026-09-24-damacy-cold-blocks:10,,"[1,256,256]",uncompressed capacity,"[512,1024,1024]",bit,,/mnt/main0/home/nclack/tmp/2026-09-24-damacy-cold-blocks/job-3822266/report/concurrency.csv,,line:11,retained_verified_trace_summary,local XFS,,,,,,overlapping application pread calls in separate instrumented diagnostic,damacy,0.052450055,false,2015.0,,,,32,random-1x256x256,
14.814224185726776,16.0,11.864291001622489,16.0,"[512,4096,4096]",cpu,16384,local client pages evicted/checked; metadata warmed; caches reset; readahead mode recorded in implementation,"[1,256,256]",blosc-lz4,3,read_overlap|2026-09-24-damacy-cold-blocks|lz4|128|16|chunks256-random|random-1x256x256,,lz4-c128-b16-chunks256-random-random-1x256x256,synthetic,smooth4,2026-09-24,node-local /tmp,,,,uint16,0.048259158,Instrumented traces are excluded from throughput repetitions,read_overlap_controls,,,0.021769402189876285,retained per-encoding report and fixed sixteen-shard protocol,,,chunks256-random,16,,cpu-turin-gp-l-244-025,,/mnt/main0/home/nclack/tmp/2026-09-24-damacy-cold-blocks/job-3822266/filesystem.txt,"rw,relatime,attr2,inode64,logbufs=8,logbsize=32k,sunit=1024,swidth=4096,prjquota","Application call overlap is not device queue depth. The full-scan trace is a diagnostic subset, not a throughput measurement of the entire array. See read-runs for separate trace/timed-run locators.",,"{""between_read_gap_count"":""0"",""block_kib"":""16"",""chunk_kib"":""128"",""codec"":""lz4"",""fraction_at_sixteen_shards"":""0.021769402189876285"",""fraction_no_file_reads"":""0.06052127845467109"",""implementation"":""chunks256-random"",""longest_between_read_gap_seconds"":""0.0"",""mean_active_file_reads"":""14.814224185726776"",""mean_shards"":""11.864291001622489"",""median_between_read_gap_seconds"":""0"",""peak_active_file_reads"":""16"",""peak_shards"":""16"",""read_calls"":""1182"",""read_span_seconds"":""0.048259158"",""reader_mib"":""161.37536144256592"",""storage_mib"":""165.19921875"",""trace_seconds"":""0.051368016"",""verified_chunk_ranges"":""2015"",""workload"":""random-1x256x256""}",fixed available files; observed read-call and file overlap are separate,available_shards,16,,2026-09-24-damacy-cold-blocks,131072,1073741824,1182.0,,retained_derived_diagnostic,,161.37536144256592,165.19921875,,,8d0931e7d131fd5d4c565458736ab586012c78c1 plus retained benchmark controls,diagnostic,2026-09-24-damacy-cold-blocks:11,,"[1,256,256]",uncompressed capacity,"[512,1024,1024]",bit,,/mnt/main0/home/nclack/tmp/2026-09-24-damacy-cold-blocks/job-3822266/report/concurrency.csv,,line:12,retained_verified_trace_summary,local XFS,,,,,,overlapping application pread calls in separate instrumented diagnostic,damacy,0.051368016,false,2015.0,,,,32,random-1x256x256,
9.116558446566973,16.0,7.610667228138074,15.0,"[512,4096,4096]",cpu,16384,local client pages evicted/checked; metadata warmed; caches reset; readahead mode recorded in implementation,"[1,256,256]",blosc-lz4,3,read_overlap|2026-09-24-damacy-cold-blocks|lz4|128|16|tensorstore|random-1x256x256,,lz4-c128-b16-tensorstore-random-1x256x256,synthetic,smooth4,2026-09-24,node-local /tmp,,,,uint16,0.078318761,Instrumented traces are excluded from throughput repetitions,read_overlap_controls,,,0.0,retained per-encoding report and fixed sixteen-shard protocol,,,tensorstore,16,,cpu-turin-gp-l-244-025,,/mnt/main0/home/nclack/tmp/2026-09-24-damacy-cold-blocks/job-3822266/filesystem.txt,"rw,relatime,attr2,inode64,logbufs=8,logbsize=32k,sunit=1024,swidth=4096,prjquota","Application call overlap is not device queue depth. The full-scan trace is a diagnostic subset, not a throughput measurement of the entire array. See read-runs for separate trace/timed-run locators.",,"{""between_read_gap_count"":""1"",""block_kib"":""16"",""chunk_kib"":""128"",""codec"":""lz4"",""fraction_at_sixteen_shards"":""0.0"",""fraction_no_file_reads"":""0.11827168229951557"",""implementation"":""tensorstore"",""longest_between_read_gap_seconds"":""0.005385725"",""mean_active_file_reads"":""9.116558446566973"",""mean_shards"":""7.610667228138074"",""median_between_read_gap_seconds"":""0.005385725"",""peak_active_file_reads"":""16"",""peak_shards"":""15"",""read_calls"":""1180"",""read_span_seconds"":""0.078318761"",""reader_mib"":""161.0547227859497"",""storage_mib"":""165.515625"",""trace_seconds"":""0.082715996"",""verified_chunk_ranges"":""2015"",""workload"":""random-1x256x256""}",fixed available files; observed read-call and file overlap are separate,available_shards,16,,2026-09-24-damacy-cold-blocks,131072,1073741824,1180.0,,retained_derived_diagnostic,,161.0547227859497,165.515625,,,0.1.85,diagnostic,2026-09-24-damacy-cold-blocks:12,,"[1,256,256]",uncompressed capacity,"[512,1024,1024]",bit,,/mnt/main0/home/nclack/tmp/2026-09-24-damacy-cold-blocks/job-3822266/report/concurrency.csv,,line:13,retained_verified_trace_summary,local XFS,,,,,,overlapping application pread calls in separate instrumented diagnostic,tensorstore,0.082715996,false,2015.0,,,,32,random-1x256x256,
9.066362608904491,16.0,8.206839152244358,16.0,"[512,4096,4096]",cpu,65536,local client pages evicted/checked; metadata warmed; caches reset; readahead mode recorded in implementation,"[1,256,256]",blosc-lz4,3,read_overlap|2026-09-24-damacy-cold-blocks|lz4|128|64|chunks256-default|full-scan,,lz4-c128-b64-chunks256-default-full-scan,synthetic,smooth4,2026-09-24,node-local /tmp,,,,uint16,0.049068179,Instrumented traces are excluded from throughput repetitions,read_overlap_controls,,,0.1857966653858375,retained per-encoding report and fixed sixteen-shard protocol,,,chunks256-default,16,,cpu-turin-gp-l-244-025,,/mnt/main0/home/nclack/tmp/2026-09-24-damacy-cold-blocks/job-3822266/filesystem.txt,"rw,relatime,attr2,inode64,logbufs=8,logbsize=32k,sunit=1024,swidth=4096,prjquota","Application call overlap is not device queue depth. The full-scan trace is a diagnostic subset, not a throughput measurement of the entire array. See read-runs for separate trace/timed-run locators.",,"{""between_read_gap_count"":""5"",""block_kib"":""64"",""chunk_kib"":""128"",""codec"":""lz4"",""fraction_at_sixteen_shards"":""0.1857966653858375"",""fraction_no_file_reads"":""0.3170931945135179"",""implementation"":""chunks256-default"",""longest_between_read_gap_seconds"":""0.004166417"",""mean_active_file_reads"":""9.066362608904491"",""mean_shards"":""8.206839152244358"",""median_between_read_gap_seconds"":""0.002397406"",""peak_active_file_reads"":""16"",""peak_shards"":""16"",""read_calls"":""512"",""read_span_seconds"":""0.049068179"",""reader_mib"":""319.89560985565186"",""storage_mib"":""421.0"",""trace_seconds"":""0.053413316"",""verified_chunk_ranges"":""4096"",""workload"":""full-scan""}",fixed available files; observed read-call and file overlap are separate,available_shards,16,,2026-09-24-damacy-cold-blocks,131072,1073741824,512.0,,retained_derived_diagnostic,,319.89560985565186,421.0,,,8d0931e7d131fd5d4c565458736ab586012c78c1 plus retained benchmark controls,diagnostic,2026-09-24-damacy-cold-blocks:13,,"[8,256,256]",uncompressed capacity,"[512,1024,1024]",bit,,/mnt/main0/home/nclack/tmp/2026-09-24-damacy-cold-blocks/job-3822266/report/concurrency.csv,,line:14,retained_verified_trace_summary,local XFS,,,,,,overlapping application pread calls in separate instrumented diagnostic,damacy,0.053413316,false,4096.0,,,,32,full-scan,
13.613366964744804,16.0,12.271151383207688,16.0,"[512,4096,4096]",cpu,65536,local client pages evicted/checked; metadata warmed; caches reset; readahead mode recorded in implementation,"[1,256,256]",blosc-lz4,3,read_overlap|2026-09-24-damacy-cold-blocks|lz4|128|64|chunks256-random|full-scan,,lz4-c128-b64-chunks256-random-full-scan,synthetic,smooth4,2026-09-24,node-local /tmp,,,,uint16,0.045876362,Instrumented traces are excluded from throughput repetitions,read_overlap_controls,,,0.07272286953104755,retained per-encoding report and fixed sixteen-shard protocol,,,chunks256-random,16,,cpu-turin-gp-l-244-025,,/mnt/main0/home/nclack/tmp/2026-09-24-damacy-cold-blocks/job-3822266/filesystem.txt,"rw,relatime,attr2,inode64,logbufs=8,logbsize=32k,sunit=1024,swidth=4096,prjquota","Application call overlap is not device queue depth. The full-scan trace is a diagnostic subset, not a throughput measurement of the entire array. See read-runs for separate trace/timed-run locators.",,"{""between_read_gap_count"":""0"",""block_kib"":""64"",""chunk_kib"":""128"",""codec"":""lz4"",""fraction_at_sixteen_shards"":""0.07272286953104755"",""fraction_no_file_reads"":""0.08648706470235457"",""implementation"":""chunks256-random"",""longest_between_read_gap_seconds"":""0.0"",""mean_active_file_reads"":""13.613366964744804"",""mean_shards"":""12.271151383207688"",""median_between_read_gap_seconds"":""0"",""peak_active_file_reads"":""16"",""peak_shards"":""16"",""read_calls"":""512"",""read_span_seconds"":""0.045876362"",""reader_mib"":""319.89560985565186"",""storage_mib"":""319.93359375"",""trace_seconds"":""0.050219718"",""verified_chunk_ranges"":""4096"",""workload"":""full-scan""}",fixed available files; observed read-call and file overlap are separate,available_shards,16,,2026-09-24-damacy-cold-blocks,131072,1073741824,512.0,,retained_derived_diagnostic,,319.89560985565186,319.93359375,,,8d0931e7d131fd5d4c565458736ab586012c78c1 plus retained benchmark controls,diagnostic,2026-09-24-damacy-cold-blocks:14,,"[8,256,256]",uncompressed capacity,"[512,1024,1024]",bit,,/mnt/main0/home/nclack/tmp/2026-09-24-damacy-cold-blocks/job-3822266/report/concurrency.csv,,line:15,retained_verified_trace_summary,local XFS,,,,,,overlapping application pread calls in separate instrumented diagnostic,damacy,0.050219718,false,4096.0,,,,32,full-scan,
3.785636860184203,11.0,3.357936855028854,10.0,"[512,4096,4096]",cpu,65536,local client pages evicted/checked; metadata warmed; caches reset; readahead mode recorded in implementation,"[1,256,256]",blosc-lz4,3,read_overlap|2026-09-24-damacy-cold-blocks|lz4|128|64|tensorstore|full-scan,,lz4-c128-b64-tensorstore-full-scan,synthetic,smooth4,2026-09-24,node-local /tmp,,,,uint16,0.143944512,Instrumented traces are excluded from throughput repetitions,read_overlap_controls,,,0.0,retained per-encoding report and fixed sixteen-shard protocol,,,tensorstore,16,,cpu-turin-gp-l-244-025,,/mnt/main0/home/nclack/tmp/2026-09-24-damacy-cold-blocks/job-3822266/filesystem.txt,"rw,relatime,attr2,inode64,logbufs=8,logbsize=32k,sunit=1024,swidth=4096,prjquota","Application call overlap is not device queue depth. The full-scan trace is a diagnostic subset, not a throughput measurement of the entire array. See read-runs for separate trace/timed-run locators.",,"{""between_read_gap_count"":""1"",""block_kib"":""64"",""chunk_kib"":""128"",""codec"":""lz4"",""fraction_at_sixteen_shards"":""0.0"",""fraction_no_file_reads"":""0.41662201331289195"",""implementation"":""tensorstore"",""longest_between_read_gap_seconds"":""0.046864772"",""mean_active_file_reads"":""3.785636860184203"",""mean_shards"":""3.357936855028854"",""median_between_read_gap_seconds"":""0.046864772"",""peak_active_file_reads"":""11"",""peak_shards"":""10"",""read_calls"":""512"",""read_span_seconds"":""0.143944512"",""reader_mib"":""319.89560985565186"",""storage_mib"":""335.85546875"",""trace_seconds"":""0.166409673"",""verified_chunk_ranges"":""4096"",""workload"":""full-scan""}",fixed available files; observed read-call and file overlap are separate,available_shards,16,,2026-09-24-damacy-cold-blocks,131072,1073741824,512.0,,retained_derived_diagnostic,,319.89560985565186,335.85546875,,,0.1.85,diagnostic,2026-09-24-damacy-cold-blocks:15,,"[8,256,256]",uncompressed capacity,"[512,1024,1024]",bit,,/mnt/main0/home/nclack/tmp/2026-09-24-damacy-cold-blocks/job-3822266/report/concurrency.csv,,line:16,retained_verified_trace_summary,local XFS,,,,,,overlapping application pread calls in separate instrumented diagnostic,tensorstore,0.166409673,false,4096.0,,,,32,full-scan,
14.599840589508693,16.0,11.723046283996164,16.0,"[512,4096,4096]",cpu,65536,local client pages evicted/checked; metadata warmed; caches reset; readahead mode recorded in implementation,"[1,256,256]",blosc-lz4,3,read_overlap|2026-09-24-damacy-cold-blocks|lz4|128|64|chunks256-default|random-1x256x256,,lz4-c128-b64-chunks256-default-random-1x256x256,synthetic,smooth4,2026-09-24,node-local /tmp,,,,uint16,0.047645134,Instrumented traces are excluded from throughput repetitions,read_overlap_controls,,,0.022417616565756235,retained per-encoding report and fixed sixteen-shard protocol,,,chunks256-default,16,,cpu-turin-gp-l-244-025,,/mnt/main0/home/nclack/tmp/2026-09-24-damacy-cold-blocks/job-3822266/filesystem.txt,"rw,relatime,attr2,inode64,logbufs=8,logbsize=32k,sunit=1024,swidth=4096,prjquota","Application call overlap is not device queue depth. The full-scan trace is a diagnostic subset, not a throughput measurement of the entire array. See read-runs for separate trace/timed-run locators.",,"{""between_read_gap_count"":""0"",""block_kib"":""64"",""chunk_kib"":""128"",""codec"":""lz4"",""fraction_at_sixteen_shards"":""0.022417616565756235"",""fraction_no_file_reads"":""0.07186256973600239"",""implementation"":""chunks256-default"",""longest_between_read_gap_seconds"":""0.0"",""mean_active_file_reads"":""14.599840589508693"",""mean_shards"":""11.723046283996164"",""median_between_read_gap_seconds"":""0"",""peak_active_file_reads"":""16"",""peak_shards"":""16"",""read_calls"":""1182"",""read_span_seconds"":""0.047645134"",""reader_mib"":""157.98238372802734"",""storage_mib"":""162.1875"",""trace_seconds"":""0.051334137"",""verified_chunk_ranges"":""2015"",""workload"":""random-1x256x256""}",fixed available files; observed read-call and file overlap are separate,available_shards,16,,2026-09-24-damacy-cold-blocks,131072,1073741824,1182.0,,retained_derived_diagnostic,,157.98238372802734,162.1875,,,8d0931e7d131fd5d4c565458736ab586012c78c1 plus retained benchmark controls,diagnostic,2026-09-24-damacy-cold-blocks:16,,"[1,256,256]",uncompressed capacity,"[512,1024,1024]",bit,,/mnt/main0/home/nclack/tmp/2026-09-24-damacy-cold-blocks/job-3822266/report/concurrency.csv,,line:17,retained_verified_trace_summary,local XFS,,,,,,overlapping application pread calls in separate instrumented diagnostic,damacy,0.051334137,false,2015.0,,,,32,random-1x256x256,
14.562917065110867,16.0,11.69300658236805,16.0,"[512,4096,4096]",cpu,65536,local client pages evicted/checked; metadata warmed; caches reset; readahead mode recorded in implementation,"[1,256,256]",blosc-lz4,3,read_overlap|2026-09-24-damacy-cold-blocks|lz4|128|64|chunks256-random|random-1x256x256,,lz4-c128-b64-chunks256-random-random-1x256x256,synthetic,smooth4,2026-09-24,node-local /tmp,,,,uint16,0.046641604,Instrumented traces are excluded from throughput repetitions,read_overlap_controls,,,0.012261316667910683,retained per-encoding report and fixed sixteen-shard protocol,,,chunks256-random,16,,cpu-turin-gp-l-244-025,,/mnt/main0/home/nclack/tmp/2026-09-24-damacy-cold-blocks/job-3822266/filesystem.txt,"rw,relatime,attr2,inode64,logbufs=8,logbsize=32k,sunit=1024,swidth=4096,prjquota","Application call overlap is not device queue depth. The full-scan trace is a diagnostic subset, not a throughput measurement of the entire array. See read-runs for separate trace/timed-run locators.",,"{""between_read_gap_count"":""0"",""block_kib"":""64"",""chunk_kib"":""128"",""codec"":""lz4"",""fraction_at_sixteen_shards"":""0.012261316667910683"",""fraction_no_file_reads"":""0.073363725189715"",""implementation"":""chunks256-random"",""longest_between_read_gap_seconds"":""0.0"",""mean_active_file_reads"":""14.562917065110867"",""mean_shards"":""11.69300658236805"",""median_between_read_gap_seconds"":""0"",""peak_active_file_reads"":""16"",""peak_shards"":""16"",""read_calls"":""1182"",""read_span_seconds"":""0.046641604"",""reader_mib"":""157.98238372802734"",""storage_mib"":""161.87890625"",""trace_seconds"":""0.050334317"",""verified_chunk_ranges"":""2015"",""workload"":""random-1x256x256""}",fixed available files; observed read-call and file overlap are separate,available_shards,16,,2026-09-24-damacy-cold-blocks,131072,1073741824,1182.0,,retained_derived_diagnostic,,157.98238372802734,161.87890625,,,8d0931e7d131fd5d4c565458736ab586012c78c1 plus retained benchmark controls,diagnostic,2026-09-24-damacy-cold-blocks:17,,"[1,256,256]",uncompressed capacity,"[512,1024,1024]",bit,,/mnt/main0/home/nclack/tmp/2026-09-24-damacy-cold-blocks/job-3822266/report/concurrency.csv,,line:18,retained_verified_trace_summary,local XFS,,,,,,overlapping application pread calls in separate instrumented diagnostic,damacy,0.050334317,false,2015.0,,,,32,random-1x256x256,
9.3271796228154,16.0,7.656158792078433,14.0,"[512,4096,4096]",cpu,65536,local client pages evicted/checked; metadata warmed; caches reset; readahead mode recorded in implementation,"[1,256,256]",blosc-lz4,3,read_overlap|2026-09-24-damacy-cold-blocks|lz4|128|64|tensorstore|random-1x256x256,,lz4-c128-b64-tensorstore-random-1x256x256,synthetic,smooth4,2026-09-24,node-local /tmp,,,,uint16,0.074838777,Instrumented traces are excluded from throughput repetitions,read_overlap_controls,,,0.0,retained per-encoding report and fixed sixteen-shard protocol,,,tensorstore,16,,cpu-turin-gp-l-244-025,,/mnt/main0/home/nclack/tmp/2026-09-24-damacy-cold-blocks/job-3822266/filesystem.txt,"rw,relatime,attr2,inode64,logbufs=8,logbsize=32k,sunit=1024,swidth=4096,prjquota","Application call overlap is not device queue depth. The full-scan trace is a diagnostic subset, not a throughput measurement of the entire array. See read-runs for separate trace/timed-run locators.",,"{""between_read_gap_count"":""2"",""block_kib"":""64"",""chunk_kib"":""128"",""codec"":""lz4"",""fraction_at_sixteen_shards"":""0.0"",""fraction_no_file_reads"":""0.062896195919048"",""implementation"":""tensorstore"",""longest_between_read_gap_seconds"":""0.000851341"",""mean_active_file_reads"":""9.3271796228154"",""mean_shards"":""7.656158792078433"",""median_between_read_gap_seconds"":""0.0006459785"",""peak_active_file_reads"":""16"",""peak_shards"":""14"",""read_calls"":""1180"",""read_span_seconds"":""0.074838777"",""reader_mib"":""157.66850090026855"",""storage_mib"":""162.1875"",""trace_seconds"":""0.078483109"",""verified_chunk_ranges"":""2015"",""workload"":""random-1x256x256""}",fixed available files; observed read-call and file overlap are separate,available_shards,16,,2026-09-24-damacy-cold-blocks,131072,1073741824,1180.0,,retained_derived_diagnostic,,157.66850090026855,162.1875,,,0.1.85,diagnostic,2026-09-24-damacy-cold-blocks:18,,"[1,256,256]",uncompressed capacity,"[512,1024,1024]",bit,,/mnt/main0/home/nclack/tmp/2026-09-24-damacy-cold-blocks/job-3822266/report/concurrency.csv,,line:19,retained_verified_trace_summary,local XFS,,,,,,overlapping application pread calls in separate instrumented diagnostic,tensorstore,0.078483109,false,2015.0,,,,32,random-1x256x256,
5.784932698299083,16.0,5.784932698299083,16.0,"[512,4096,4096]",cpu,16384,local client pages evicted/checked; metadata warmed; caches reset; readahead mode recorded in implementation,"[1,128,128]",blosc-lz4,3,read_overlap|2026-09-24-damacy-cold-blocks|lz4|32|16|chunks256-default|full-scan,,lz4-c32-b16-chunks256-default-full-scan,synthetic,smooth4,2026-09-24,node-local /tmp,,,,uint16,0.071510281,Instrumented traces are excluded from throughput repetitions,read_overlap_controls,,,0.22615121743291627,retained per-encoding report and fixed sixteen-shard protocol,,,chunks256-default,16,,cpu-turin-gp-l-244-025,,/mnt/main0/home/nclack/tmp/2026-09-24-damacy-cold-blocks/job-3822266/filesystem.txt,"rw,relatime,attr2,inode64,logbufs=8,logbsize=32k,sunit=1024,swidth=4096,prjquota","Application call overlap is not device queue depth. The full-scan trace is a diagnostic subset, not a throughput measurement of the entire array. See read-runs for separate trace/timed-run locators.",,"{""between_read_gap_count"":""31"",""block_kib"":""16"",""chunk_kib"":""32"",""codec"":""lz4"",""fraction_at_sixteen_shards"":""0.22615121743291627"",""fraction_no_file_reads"":""0.522883859290513"",""implementation"":""chunks256-default"",""longest_between_read_gap_seconds"":""0.002703362"",""mean_active_file_reads"":""5.784932698299083"",""mean_shards"":""5.784932698299083"",""median_between_read_gap_seconds"":""0.00096796"",""peak_active_file_reads"":""16"",""peak_shards"":""16"",""read_calls"":""512"",""read_span_seconds"":""0.071510281"",""reader_mib"":""325.3736295700073"",""storage_mib"":""452.0"",""trace_seconds"":""0.07650401"",""verified_chunk_ranges"":""16384"",""workload"":""full-scan""}",fixed available files; observed read-call and file overlap are separate,available_shards,16,,2026-09-24-damacy-cold-blocks,32768,1073741824,512.0,,retained_derived_diagnostic,,325.3736295700073,452.0,,,8d0931e7d131fd5d4c565458736ab586012c78c1 plus retained benchmark controls,diagnostic,2026-09-24-damacy-cold-blocks:19,,"[8,256,256]",uncompressed capacity,"[512,1024,1024]",bit,,/mnt/main0/home/nclack/tmp/2026-09-24-damacy-cold-blocks/job-3822266/report/concurrency.csv,,line:20,retained_verified_trace_summary,local XFS,,,,,,overlapping application pread calls in separate instrumented diagnostic,damacy,0.07650401,false,16384.0,,,,32,full-scan,
7.320220451706297,16.0,7.320220451706297,16.0,"[512,4096,4096]",cpu,16384,local client pages evicted/checked; metadata warmed; caches reset; readahead mode recorded in implementation,"[1,128,128]",blosc-lz4,3,read_overlap|2026-09-24-damacy-cold-blocks|lz4|32|16|chunks256-random|full-scan,,lz4-c32-b16-chunks256-random-full-scan,synthetic,smooth4,2026-09-24,node-local /tmp,,,,uint16,0.090986992,Instrumented traces are excluded from throughput repetitions,read_overlap_controls,,,0.23016636601540041,retained per-encoding report and fixed sixteen-shard protocol,,,chunks256-random,16,,cpu-turin-gp-l-244-025,,/mnt/main0/home/nclack/tmp/2026-09-24-damacy-cold-blocks/job-3822266/filesystem.txt,"rw,relatime,attr2,inode64,logbufs=8,logbsize=32k,sunit=1024,swidth=4096,prjquota","Application call overlap is not device queue depth. The full-scan trace is a diagnostic subset, not a throughput measurement of the entire array. See read-runs for separate trace/timed-run locators.",,"{""between_read_gap_count"":""30"",""block_kib"":""16"",""chunk_kib"":""32"",""codec"":""lz4"",""fraction_at_sixteen_shards"":""0.23016636601540041"",""fraction_no_file_reads"":""0.3301251116413366"",""implementation"":""chunks256-random"",""longest_between_read_gap_seconds"":""0.001110419"",""mean_active_file_reads"":""7.320220451706297"",""mean_shards"":""7.320220451706297"",""median_between_read_gap_seconds"":""0.0009409405"",""peak_active_file_reads"":""16"",""peak_shards"":""16"",""read_calls"":""512"",""read_span_seconds"":""0.090986992"",""reader_mib"":""325.3736295700073"",""storage_mib"":""325.40234375"",""trace_seconds"":""0.096394627"",""verified_chunk_ranges"":""16384"",""workload"":""full-scan""}",fixed available files; observed read-call and file overlap are separate,available_shards,16,,2026-09-24-damacy-cold-blocks,32768,1073741824,512.0,,retained_derived_diagnostic,,325.3736295700073,325.40234375,,,8d0931e7d131fd5d4c565458736ab586012c78c1 plus retained benchmark controls,diagnostic,2026-09-24-damacy-cold-blocks:20,,"[8,256,256]",uncompressed capacity,"[512,1024,1024]",bit,,/mnt/main0/home/nclack/tmp/2026-09-24-damacy-cold-blocks/job-3822266/report/concurrency.csv,,line:21,retained_verified_trace_summary,local XFS,,,,,,overlapping application pread calls in separate instrumented diagnostic,damacy,0.096394627,false,16384.0,,,,32,full-scan,
3.818928908073272,16.0,2.9776374217542205,14.0,"[512,4096,4096]",cpu,16384,local client pages evicted/checked; metadata warmed; caches reset; readahead mode recorded in implementation,"[1,128,128]",blosc-lz4,3,read_overlap|2026-09-24-damacy-cold-blocks|lz4|32|16|tensorstore|full-scan,,lz4-c32-b16-tensorstore-full-scan,synthetic,smooth4,2026-09-24,node-local /tmp,,,,uint16,0.13234931,Instrumented traces are excluded from throughput repetitions,read_overlap_controls,,,0.0,retained per-encoding report and fixed sixteen-shard protocol,,,tensorstore,16,,cpu-turin-gp-l-244-025,,/mnt/main0/home/nclack/tmp/2026-09-24-damacy-cold-blocks/job-3822266/filesystem.txt,"rw,relatime,attr2,inode64,logbufs=8,logbsize=32k,sunit=1024,swidth=4096,prjquota","Application call overlap is not device queue depth. The full-scan trace is a diagnostic subset, not a throughput measurement of the entire array. See read-runs for separate trace/timed-run locators.",,"{""between_read_gap_count"":""3"",""block_kib"":""16"",""chunk_kib"":""32"",""codec"":""lz4"",""fraction_at_sixteen_shards"":""0.0"",""fraction_no_file_reads"":""0.5517552625494604"",""implementation"":""tensorstore"",""longest_between_read_gap_seconds"":""0.047191379"",""mean_active_file_reads"":""3.818928908073272"",""mean_shards"":""2.9776374217542205"",""median_between_read_gap_seconds"":""5.597e-05"",""peak_active_file_reads"":""16"",""peak_shards"":""14"",""read_calls"":""512"",""read_span_seconds"":""0.13234931"",""reader_mib"":""325.3736295700073"",""storage_mib"":""331.57421875"",""trace_seconds"":""0.189766625"",""verified_chunk_ranges"":""16384"",""workload"":""full-scan""}",fixed available files; observed read-call and file overlap are separate,available_shards,16,,2026-09-24-damacy-cold-blocks,32768,1073741824,512.0,,retained_derived_diagnostic,,325.3736295700073,331.57421875,,,0.1.85,diagnostic,2026-09-24-damacy-cold-blocks:21,,"[8,256,256]",uncompressed capacity,"[512,1024,1024]",bit,,/mnt/main0/home/nclack/tmp/2026-09-24-damacy-cold-blocks/job-3822266/report/concurrency.csv,,line:22,retained_verified_trace_summary,local XFS,,,,,,overlapping application pread calls in separate instrumented diagnostic,tensorstore,0.189766625,false,16384.0,,,,32,full-scan,
14.726320611199904,16.0,11.590048763411271,16.0,"[512,4096,4096]",cpu,16384,local client pages evicted/checked; metadata warmed; caches reset; readahead mode recorded in implementation,"[1,128,128]",blosc-lz4,3,read_overlap|2026-09-24-damacy-cold-blocks|lz4|32|16|chunks256-default|random-1x256x256,,lz4-c32-b16-chunks256-default-random-1x256x256,synthetic,smooth4,2026-09-24,node-local /tmp,,,,uint16,0.044226899,Instrumented traces are excluded from throughput repetitions,read_overlap_controls,,,0.011379483201090706,retained per-encoding report and fixed sixteen-shard protocol,,,chunks256-default,16,,cpu-turin-gp-l-244-025,,/mnt/main0/home/nclack/tmp/2026-09-24-damacy-cold-blocks/job-3822266/filesystem.txt,"rw,relatime,attr2,inode64,logbufs=8,logbsize=32k,sunit=1024,swidth=4096,prjquota","Application call overlap is not device queue depth. The full-scan trace is a diagnostic subset, not a throughput measurement of the entire array. See read-runs for separate trace/timed-run locators.",,"{""between_read_gap_count"":""0"",""block_kib"":""16"",""chunk_kib"":""32"",""codec"":""lz4"",""fraction_at_sixteen_shards"":""0.011379483201090706"",""fraction_no_file_reads"":""0.06439062194313737"",""implementation"":""chunks256-default"",""longest_between_read_gap_seconds"":""0.0"",""mean_active_file_reads"":""14.726320611199904"",""mean_shards"":""11.590048763411271"",""median_between_read_gap_seconds"":""0"",""peak_active_file_reads"":""16"",""peak_shards"":""16"",""read_calls"":""1779"",""read_span_seconds"":""0.044226899"",""reader_mib"":""90.73860931396484"",""storage_mib"":""97.5234375"",""trace_seconds"":""0.047270688"",""verified_chunk_ranges"":""4558"",""workload"":""random-1x256x256""}",fixed available files; observed read-call and file overlap are separate,available_shards,16,,2026-09-24-damacy-cold-blocks,32768,1073741824,1779.0,,retained_derived_diagnostic,,90.73860931396484,97.5234375,,,8d0931e7d131fd5d4c565458736ab586012c78c1 plus retained benchmark controls,diagnostic,2026-09-24-damacy-cold-blocks:22,,"[1,256,256]",uncompressed capacity,"[512,1024,1024]",bit,,/mnt/main0/home/nclack/tmp/2026-09-24-damacy-cold-blocks/job-3822266/report/concurrency.csv,,line:23,retained_verified_trace_summary,local XFS,,,,,,overlapping application pread calls in separate instrumented diagnostic,damacy,0.047270688,false,4558.0,,,,32,random-1x256x256,
14.76176457767426,16.0,11.665308717291746,16.0,"[512,4096,4096]",cpu,16384,local client pages evicted/checked; metadata warmed; caches reset; readahead mode recorded in implementation,"[1,128,128]",blosc-lz4,3,read_overlap|2026-09-24-damacy-cold-blocks|lz4|32|16|chunks256-random|random-1x256x256,,lz4-c32-b16-chunks256-random-random-1x256x256,synthetic,smooth4,2026-09-24,node-local /tmp,,,,uint16,0.045319357,Instrumented traces are excluded from throughput repetitions,read_overlap_controls,,,0.009413383372695658,retained per-encoding report and fixed sixteen-shard protocol,,,chunks256-random,16,,cpu-turin-gp-l-244-025,,/mnt/main0/home/nclack/tmp/2026-09-24-damacy-cold-blocks/job-3822266/filesystem.txt,"rw,relatime,attr2,inode64,logbufs=8,logbsize=32k,sunit=1024,swidth=4096,prjquota","Application call overlap is not device queue depth. The full-scan trace is a diagnostic subset, not a throughput measurement of the entire array. See read-runs for separate trace/timed-run locators.",,"{""between_read_gap_count"":""0"",""block_kib"":""16"",""chunk_kib"":""32"",""codec"":""lz4"",""fraction_at_sixteen_shards"":""0.009413383372695658"",""fraction_no_file_reads"":""0.06017848401154695"",""implementation"":""chunks256-random"",""longest_between_read_gap_seconds"":""0.0"",""mean_active_file_reads"":""14.76176457767426"",""mean_shards"":""11.665308717291746"",""median_between_read_gap_seconds"":""0"",""peak_active_file_reads"":""16"",""peak_shards"":""16"",""read_calls"":""1779"",""read_span_seconds"":""0.045319357"",""reader_mib"":""90.73860931396484"",""storage_mib"":""97.43359375"",""trace_seconds"":""0.048221238"",""verified_chunk_ranges"":""4558"",""workload"":""random-1x256x256""}",fixed available files; observed read-call and file overlap are separate,available_shards,16,,2026-09-24-damacy-cold-blocks,32768,1073741824,1779.0,,retained_derived_diagnostic,,90.73860931396484,97.43359375,,,8d0931e7d131fd5d4c565458736ab586012c78c1 plus retained benchmark controls,diagnostic,2026-09-24-damacy-cold-blocks:23,,"[1,256,256]",uncompressed capacity,"[512,1024,1024]",bit,,/mnt/main0/home/nclack/tmp/2026-09-24-damacy-cold-blocks/job-3822266/report/concurrency.csv,,line:24,retained_verified_trace_summary,local XFS,,,,,,overlapping application pread calls in separate instrumented diagnostic,damacy,0.048221238,false,4558.0,,,,32,random-1x256x256,
6.625077445113166,16.0,5.536811946863154,15.0,"[512,4096,4096]",cpu,16384,local client pages evicted/checked; metadata warmed; caches reset; readahead mode recorded in implementation,"[1,128,128]",blosc-lz4,3,read_overlap|2026-09-24-damacy-cold-blocks|lz4|32|16|tensorstore|random-1x256x256,,lz4-c32-b16-tensorstore-random-1x256x256,synthetic,smooth4,2026-09-24,node-local /tmp,,,,uint16,0.090005462,Instrumented traces are excluded from throughput repetitions,read_overlap_controls,,,0.0,retained per-encoding report and fixed sixteen-shard protocol,,,tensorstore,16,,cpu-turin-gp-l-244-025,,/mnt/main0/home/nclack/tmp/2026-09-24-damacy-cold-blocks/job-3822266/filesystem.txt,"rw,relatime,attr2,inode64,logbufs=8,logbsize=32k,sunit=1024,swidth=4096,prjquota","Application call overlap is not device queue depth. The full-scan trace is a diagnostic subset, not a throughput measurement of the entire array. See read-runs for separate trace/timed-run locators.",,"{""between_read_gap_count"":""13"",""block_kib"":""16"",""chunk_kib"":""32"",""codec"":""lz4"",""fraction_at_sixteen_shards"":""0.0"",""fraction_no_file_reads"":""0.20893701985433794"",""implementation"":""tensorstore"",""longest_between_read_gap_seconds"":""0.008199577"",""mean_active_file_reads"":""6.625077445113166"",""mean_shards"":""5.536811946863154"",""median_between_read_gap_seconds"":""8.22e-06"",""peak_active_file_reads"":""16"",""peak_shards"":""15"",""read_calls"":""1777"",""read_span_seconds"":""0.090005462"",""reader_mib"":""90.61949634552002"",""storage_mib"":""97.5234375"",""trace_seconds"":""0.103279596"",""verified_chunk_ranges"":""4558"",""workload"":""random-1x256x256""}",fixed available files; observed read-call and file overlap are separate,available_shards,16,,2026-09-24-damacy-cold-blocks,32768,1073741824,1777.0,,retained_derived_diagnostic,,90.61949634552002,97.5234375,,,0.1.85,diagnostic,2026-09-24-damacy-cold-blocks:24,,"[1,256,256]",uncompressed capacity,"[512,1024,1024]",bit,,/mnt/main0/home/nclack/tmp/2026-09-24-damacy-cold-blocks/job-3822266/report/concurrency.csv,,line:25,retained_verified_trace_summary,local XFS,,,,,,overlapping application pread calls in separate instrumented diagnostic,tensorstore,0.103279596,false,4558.0,,,,32,random-1x256x256,
4.2981535411005645,16.0,4.2981535411005645,16.0,"[512,4096,4096]",cpu,32768,local client pages evicted/checked; metadata warmed; caches reset; readahead mode recorded in implementation,"[1,128,128]",blosc-lz4,3,read_overlap|2026-09-24-damacy-cold-blocks|lz4|32|32|chunks256-default|full-scan,,lz4-c32-b32-chunks256-default-full-scan,synthetic,smooth4,2026-09-24,node-local /tmp,,,,uint16,0.076627299,Instrumented traces are excluded from throughput repetitions,read_overlap_controls,,,0.006756759886808601,retained per-encoding report and fixed sixteen-shard protocol,,,chunks256-default,16,,cpu-turin-gp-l-244-025,,/mnt/main0/home/nclack/tmp/2026-09-24-damacy-cold-blocks/job-3822266/filesystem.txt,"rw,relatime,attr2,inode64,logbufs=8,logbsize=32k,sunit=1024,swidth=4096,prjquota","Application call overlap is not device queue depth. The full-scan trace is a diagnostic subset, not a throughput measurement of the entire array. See read-runs for separate trace/timed-run locators.",,"{""between_read_gap_count"":""26"",""block_kib"":""32"",""chunk_kib"":""32"",""codec"":""lz4"",""fraction_at_sixteen_shards"":""0.006756759886808601"",""fraction_no_file_reads"":""0.39219828014668956"",""implementation"":""chunks256-default"",""longest_between_read_gap_seconds"":""0.001605073"",""mean_active_file_reads"":""4.2981535411005645"",""mean_shards"":""4.2981535411005645"",""median_between_read_gap_seconds"":""0.00097327"",""peak_active_file_reads"":""16"",""peak_shards"":""16"",""read_calls"":""512"",""read_span_seconds"":""0.076627299"",""reader_mib"":""322.6952419281006"",""storage_mib"":""392.125"",""trace_seconds"":""0.082029554"",""verified_chunk_ranges"":""16384"",""workload"":""full-scan""}",fixed available files; observed read-call and file overlap are separate,available_shards,16,,2026-09-24-damacy-cold-blocks,32768,1073741824,512.0,,retained_derived_diagnostic,,322.6952419281006,392.125,,,8d0931e7d131fd5d4c565458736ab586012c78c1 plus retained benchmark controls,diagnostic,2026-09-24-damacy-cold-blocks:25,,"[8,256,256]",uncompressed capacity,"[512,1024,1024]",bit,,/mnt/main0/home/nclack/tmp/2026-09-24-damacy-cold-blocks/job-3822266/report/concurrency.csv,,line:26,retained_verified_trace_summary,local XFS,,,,,,overlapping application pread calls in separate instrumented diagnostic,damacy,0.082029554,false,16384.0,,,,32,full-scan,
8.074004179109798,16.0,8.074004179109798,16.0,"[512,4096,4096]",cpu,32768,local client pages evicted/checked; metadata warmed; caches reset; readahead mode recorded in implementation,"[1,128,128]",blosc-lz4,3,read_overlap|2026-09-24-damacy-cold-blocks|lz4|32|32|chunks256-random|full-scan,,lz4-c32-b32-chunks256-random-full-scan,synthetic,smooth4,2026-09-24,node-local /tmp,,,,uint16,0.080867486,Instrumented traces are excluded from throughput repetitions,read_overlap_controls,,,0.10558084680882568,retained per-encoding report and fixed sixteen-shard protocol,,,chunks256-random,16,,cpu-turin-gp-l-244-025,,/mnt/main0/home/nclack/tmp/2026-09-24-damacy-cold-blocks/job-3822266/filesystem.txt,"rw,relatime,attr2,inode64,logbufs=8,logbsize=32k,sunit=1024,swidth=4096,prjquota","Application call overlap is not device queue depth. The full-scan trace is a diagnostic subset, not a throughput measurement of the entire array. See read-runs for separate trace/timed-run locators.",,"{""between_read_gap_count"":""9"",""block_kib"":""32"",""chunk_kib"":""32"",""codec"":""lz4"",""fraction_at_sixteen_shards"":""0.10558084680882568"",""fraction_no_file_reads"":""0.1423027485629905"",""implementation"":""chunks256-random"",""longest_between_read_gap_seconds"":""0.00102323"",""mean_active_file_reads"":""8.074004179109798"",""mean_shards"":""8.074004179109798"",""median_between_read_gap_seconds"":""0.000830632"",""peak_active_file_reads"":""16"",""peak_shards"":""16"",""read_calls"":""512"",""read_span_seconds"":""0.080867486"",""reader_mib"":""322.6952419281006"",""storage_mib"":""322.7265625"",""trace_seconds"":""0.085838855"",""verified_chunk_ranges"":""16384"",""workload"":""full-scan""}",fixed available files; observed read-call and file overlap are separate,available_shards,16,,2026-09-24-damacy-cold-blocks,32768,1073741824,512.0,,retained_derived_diagnostic,,322.6952419281006,322.7265625,,,8d0931e7d131fd5d4c565458736ab586012c78c1 plus retained benchmark controls,diagnostic,2026-09-24-damacy-cold-blocks:26,,"[8,256,256]",uncompressed capacity,"[512,1024,1024]",bit,,/mnt/main0/home/nclack/tmp/2026-09-24-damacy-cold-blocks/job-3822266/report/concurrency.csv,,line:27,retained_verified_trace_summary,local XFS,,,,,,overlapping application pread calls in separate instrumented diagnostic,damacy,0.085838855,false,16384.0,,,,32,full-scan,
3.1242913213561554,11.0,2.781317060488592,11.0,"[512,4096,4096]",cpu,32768,local client pages evicted/checked; metadata warmed; caches reset; readahead mode recorded in implementation,"[1,128,128]",blosc-lz4,3,read_overlap|2026-09-24-damacy-cold-blocks|lz4|32|32|tensorstore|full-scan,,lz4-c32-b32-tensorstore-full-scan,synthetic,smooth4,2026-09-24,node-local /tmp,,,,uint16,0.142989132,Instrumented traces are excluded from throughput repetitions,read_overlap_controls,,,0.0,retained per-encoding report and fixed sixteen-shard protocol,,,tensorstore,16,,cpu-turin-gp-l-244-025,,/mnt/main0/home/nclack/tmp/2026-09-24-damacy-cold-blocks/job-3822266/filesystem.txt,"rw,relatime,attr2,inode64,logbufs=8,logbsize=32k,sunit=1024,swidth=4096,prjquota","Application call overlap is not device queue depth. The full-scan trace is a diagnostic subset, not a throughput measurement of the entire array. See read-runs for separate trace/timed-run locators.",,"{""between_read_gap_count"":""2"",""block_kib"":""32"",""chunk_kib"":""32"",""codec"":""lz4"",""fraction_at_sixteen_shards"":""0.0"",""fraction_no_file_reads"":""0.5595041953183468"",""implementation"":""tensorstore"",""longest_between_read_gap_seconds"":""0.058492214"",""mean_active_file_reads"":""3.1242913213561554"",""mean_shards"":""2.781317060488592"",""median_between_read_gap_seconds"":""0.0292483965"",""peak_active_file_reads"":""11"",""peak_shards"":""11"",""read_calls"":""512"",""read_span_seconds"":""0.142989132"",""reader_mib"":""322.6952419281006"",""storage_mib"":""329.0"",""trace_seconds"":""0.191811904"",""verified_chunk_ranges"":""16384"",""workload"":""full-scan""}",fixed available files; observed read-call and file overlap are separate,available_shards,16,,2026-09-24-damacy-cold-blocks,32768,1073741824,512.0,,retained_derived_diagnostic,,322.6952419281006,329.0,,,0.1.85,diagnostic,2026-09-24-damacy-cold-blocks:27,,"[8,256,256]",uncompressed capacity,"[512,1024,1024]",bit,,/mnt/main0/home/nclack/tmp/2026-09-24-damacy-cold-blocks/job-3822266/report/concurrency.csv,,line:28,retained_verified_trace_summary,local XFS,,,,,,overlapping application pread calls in separate instrumented diagnostic,tensorstore,0.191811904,false,16384.0,,,,32,full-scan,
14.611858493702488,16.0,11.557922876674775,16.0,"[512,4096,4096]",cpu,32768,local client pages evicted/checked; metadata warmed; caches reset; readahead mode recorded in implementation,"[1,128,128]",blosc-lz4,3,read_overlap|2026-09-24-damacy-cold-blocks|lz4|32|32|chunks256-default|random-1x256x256,,lz4-c32-b32-chunks256-default-random-1x256x256,synthetic,smooth4,2026-09-24,node-local /tmp,,,,uint16,0.043099301,Instrumented traces are excluded from throughput repetitions,read_overlap_controls,,,0.009872942205231314,retained per-encoding report and fixed sixteen-shard protocol,,,chunks256-default,16,,cpu-turin-gp-l-244-025,,/mnt/main0/home/nclack/tmp/2026-09-24-damacy-cold-blocks/job-3822266/filesystem.txt,"rw,relatime,attr2,inode64,logbufs=8,logbsize=32k,sunit=1024,swidth=4096,prjquota","Application call overlap is not device queue depth. The full-scan trace is a diagnostic subset, not a throughput measurement of the entire array. See read-runs for separate trace/timed-run locators.",,"{""between_read_gap_count"":""0"",""block_kib"":""32"",""chunk_kib"":""32"",""codec"":""lz4"",""fraction_at_sixteen_shards"":""0.009872942205231314"",""fraction_no_file_reads"":""0.06694301044441099"",""implementation"":""chunks256-default"",""longest_between_read_gap_seconds"":""0.0"",""mean_active_file_reads"":""14.611858493702488"",""mean_shards"":""11.557922876674775"",""median_between_read_gap_seconds"":""0"",""peak_active_file_reads"":""16"",""peak_shards"":""16"",""read_calls"":""1779"",""read_span_seconds"":""0.043099301"",""reader_mib"":""89.99353790283203"",""storage_mib"":""96.81640625"",""trace_seconds"":""0.046191499"",""verified_chunk_ranges"":""4558"",""workload"":""random-1x256x256""}",fixed available files; observed read-call and file overlap are separate,available_shards,16,,2026-09-24-damacy-cold-blocks,32768,1073741824,1779.0,,retained_derived_diagnostic,,89.99353790283203,96.81640625,,,8d0931e7d131fd5d4c565458736ab586012c78c1 plus retained benchmark controls,diagnostic,2026-09-24-damacy-cold-blocks:28,,"[1,256,256]",uncompressed capacity,"[512,1024,1024]",bit,,/mnt/main0/home/nclack/tmp/2026-09-24-damacy-cold-blocks/job-3822266/report/concurrency.csv,,line:29,retained_verified_trace_summary,local XFS,,,,,,overlapping application pread calls in separate instrumented diagnostic,damacy,0.046191499,false,4558.0,,,,32,random-1x256x256,
14.537510486480844,16.0,11.533430286395497,16.0,"[512,4096,4096]",cpu,32768,local client pages evicted/checked; metadata warmed; caches reset; readahead mode recorded in implementation,"[1,128,128]",blosc-lz4,3,read_overlap|2026-09-24-damacy-cold-blocks|lz4|32|32|chunks256-random|random-1x256x256,,lz4-c32-b32-chunks256-random-random-1x256x256,synthetic,smooth4,2026-09-24,node-local /tmp,,,,uint16,0.044456477,Instrumented traces are excluded from throughput repetitions,read_overlap_controls,,,0.010651126826610834,retained per-encoding report and fixed sixteen-shard protocol,,,chunks256-random,16,,cpu-turin-gp-l-244-025,,/mnt/main0/home/nclack/tmp/2026-09-24-damacy-cold-blocks/job-3822266/filesystem.txt,"rw,relatime,attr2,inode64,logbufs=8,logbsize=32k,sunit=1024,swidth=4096,prjquota","Application call overlap is not device queue depth. The full-scan trace is a diagnostic subset, not a throughput measurement of the entire array. See read-runs for separate trace/timed-run locators.",,"{""between_read_gap_count"":""0"",""block_kib"":""32"",""chunk_kib"":""32"",""codec"":""lz4"",""fraction_at_sixteen_shards"":""0.010651126826610834"",""fraction_no_file_reads"":""0.06756938947214582"",""implementation"":""chunks256-random"",""longest_between_read_gap_seconds"":""0.0"",""mean_active_file_reads"":""14.537510486480844"",""mean_shards"":""11.533430286395497"",""median_between_read_gap_seconds"":""0"",""peak_active_file_reads"":""16"",""peak_shards"":""16"",""read_calls"":""1779"",""read_span_seconds"":""0.044456477"",""reader_mib"":""89.99353790283203"",""storage_mib"":""96.73046875"",""trace_seconds"":""0.047678054"",""verified_chunk_ranges"":""4558"",""workload"":""random-1x256x256""}",fixed available files; observed read-call and file overlap are separate,available_shards,16,,2026-09-24-damacy-cold-blocks,32768,1073741824,1779.0,,retained_derived_diagnostic,,89.99353790283203,96.73046875,,,8d0931e7d131fd5d4c565458736ab586012c78c1 plus retained benchmark controls,diagnostic,2026-09-24-damacy-cold-blocks:29,,"[1,256,256]",uncompressed capacity,"[512,1024,1024]",bit,,/mnt/main0/home/nclack/tmp/2026-09-24-damacy-cold-blocks/job-3822266/report/concurrency.csv,,line:30,retained_verified_trace_summary,local XFS,,,,,,overlapping application pread calls in separate instrumented diagnostic,damacy,0.047678054,false,4558.0,,,,32,random-1x256x256,
7.129175642507165,16.0,5.904658108055204,14.0,"[512,4096,4096]",cpu,32768,local client pages evicted/checked; metadata warmed; caches reset; readahead mode recorded in implementation,"[1,128,128]",blosc-lz4,3,read_overlap|2026-09-24-damacy-cold-blocks|lz4|32|32|tensorstore|random-1x256x256,,lz4-c32-b32-tensorstore-random-1x256x256,synthetic,smooth4,2026-09-24,node-local /tmp,,,,uint16,0.084561388,Instrumented traces are excluded from throughput repetitions,read_overlap_controls,,,0.0,retained per-encoding report and fixed sixteen-shard protocol,,,tensorstore,16,,cpu-turin-gp-l-244-025,,/mnt/main0/home/nclack/tmp/2026-09-24-damacy-cold-blocks/job-3822266/filesystem.txt,"rw,relatime,attr2,inode64,logbufs=8,logbsize=32k,sunit=1024,swidth=4096,prjquota","Application call overlap is not device queue depth. The full-scan trace is a diagnostic subset, not a throughput measurement of the entire array. See read-runs for separate trace/timed-run locators.",,"{""between_read_gap_count"":""16"",""block_kib"":""32"",""chunk_kib"":""32"",""codec"":""lz4"",""fraction_at_sixteen_shards"":""0.0"",""fraction_no_file_reads"":""0.12623258249844238"",""implementation"":""tensorstore"",""longest_between_read_gap_seconds"":""0.001633943"",""mean_active_file_reads"":""7.129175642507165"",""mean_shards"":""5.904658108055204"",""median_between_read_gap_seconds"":""9.4895e-06"",""peak_active_file_reads"":""16"",""peak_shards"":""14"",""read_calls"":""1777"",""read_span_seconds"":""0.084561388"",""reader_mib"":""89.87562465667725"",""storage_mib"":""96.81640625"",""trace_seconds"":""0.094715364"",""verified_chunk_ranges"":""4558"",""workload"":""random-1x256x256""}",fixed available files; observed read-call and file overlap are separate,available_shards,16,,2026-09-24-damacy-cold-blocks,32768,1073741824,1777.0,,retained_derived_diagnostic,,89.87562465667725,96.81640625,,,0.1.85,diagnostic,2026-09-24-damacy-cold-blocks:30,,"[1,256,256]",uncompressed capacity,"[512,1024,1024]",bit,,/mnt/main0/home/nclack/tmp/2026-09-24-damacy-cold-blocks/job-3822266/report/concurrency.csv,,line:31,retained_verified_trace_summary,local XFS,,,,,,overlapping application pread calls in separate instrumented diagnostic,tensorstore,0.094715364,false,4558.0,,,,32,random-1x256x256,
5.4640076809173665,16.0,5.4640076809173665,16.0,"[512,4096,4096]",cpu,4096,local client pages evicted/checked; metadata warmed; caches reset; readahead mode recorded in implementation,"[1,128,128]",blosc-lz4,3,read_overlap|2026-09-24-damacy-cold-blocks|lz4|32|4|chunks256-default|full-scan,,lz4-c32-b4-chunks256-default-full-scan,synthetic,smooth4,2026-09-24,node-local /tmp,,,,uint16,0.07547172,Instrumented traces are excluded from throughput repetitions,read_overlap_controls,,,0.1483450705818512,retained per-encoding report and fixed sixteen-shard protocol,,,chunks256-default,16,,cpu-turin-gp-l-244-025,,/mnt/main0/home/nclack/tmp/2026-09-24-damacy-cold-blocks/job-3822266/filesystem.txt,"rw,relatime,attr2,inode64,logbufs=8,logbsize=32k,sunit=1024,swidth=4096,prjquota","Application call overlap is not device queue depth. The full-scan trace is a diagnostic subset, not a throughput measurement of the entire array. See read-runs for separate trace/timed-run locators.",,"{""between_read_gap_count"":""32"",""block_kib"":""4"",""chunk_kib"":""32"",""codec"":""lz4"",""fraction_at_sixteen_shards"":""0.1483450705818512"",""fraction_no_file_reads"":""0.47344952641280585"",""implementation"":""chunks256-default"",""longest_between_read_gap_seconds"":""0.00198802"",""mean_active_file_reads"":""5.4640076809173665"",""mean_shards"":""5.4640076809173665"",""median_between_read_gap_seconds"":""0.0009570555"",""peak_active_file_reads"":""16"",""peak_shards"":""16"",""read_calls"":""512"",""read_span_seconds"":""0.07547172"",""reader_mib"":""336.29157066345215"",""storage_mib"":""457.0"",""trace_seconds"":""0.082880725"",""verified_chunk_ranges"":""16384"",""workload"":""full-scan""}",fixed available files; observed read-call and file overlap are separate,available_shards,16,,2026-09-24-damacy-cold-blocks,32768,1073741824,512.0,,retained_derived_diagnostic,,336.29157066345215,457.0,,,8d0931e7d131fd5d4c565458736ab586012c78c1 plus retained benchmark controls,diagnostic,2026-09-24-damacy-cold-blocks:31,,"[8,256,256]",uncompressed capacity,"[512,1024,1024]",bit,,/mnt/main0/home/nclack/tmp/2026-09-24-damacy-cold-blocks/job-3822266/report/concurrency.csv,,line:32,retained_verified_trace_summary,local XFS,,,,,,overlapping application pread calls in separate instrumented diagnostic,damacy,0.082880725,false,16384.0,,,,32,full-scan,
7.5839388183827685,16.0,7.5839388183827685,16.0,"[512,4096,4096]",cpu,4096,local client pages evicted/checked; metadata warmed; caches reset; readahead mode recorded in implementation,"[1,128,128]",blosc-lz4,3,read_overlap|2026-09-24-damacy-cold-blocks|lz4|32|4|chunks256-random|full-scan,,lz4-c32-b4-chunks256-random-full-scan,synthetic,smooth4,2026-09-24,node-local /tmp,,,,uint16,0.084595067,Instrumented traces are excluded from throughput repetitions,read_overlap_controls,,,0.21933728398196617,retained per-encoding report and fixed sixteen-shard protocol,,,chunks256-random,16,,cpu-turin-gp-l-244-025,,/mnt/main0/home/nclack/tmp/2026-09-24-damacy-cold-blocks/job-3822266/filesystem.txt,"rw,relatime,attr2,inode64,logbufs=8,logbsize=32k,sunit=1024,swidth=4096,prjquota","Application call overlap is not device queue depth. The full-scan trace is a diagnostic subset, not a throughput measurement of the entire array. See read-runs for separate trace/timed-run locators.",,"{""between_read_gap_count"":""22"",""block_kib"":""4"",""chunk_kib"":""32"",""codec"":""lz4"",""fraction_at_sixteen_shards"":""0.21933728398196617"",""fraction_no_file_reads"":""0.2584400107575035"",""implementation"":""chunks256-random"",""longest_between_read_gap_seconds"":""0.001017109"",""mean_active_file_reads"":""7.5839388183827685"",""mean_shards"":""7.5839388183827685"",""median_between_read_gap_seconds"":""0.0008406115"",""peak_active_file_reads"":""16"",""peak_shards"":""16"",""read_calls"":""512"",""read_span_seconds"":""0.084595067"",""reader_mib"":""336.29157066345215"",""storage_mib"":""336.31640625"",""trace_seconds"":""0.089663926"",""verified_chunk_ranges"":""16384"",""workload"":""full-scan""}",fixed available files; observed read-call and file overlap are separate,available_shards,16,,2026-09-24-damacy-cold-blocks,32768,1073741824,512.0,,retained_derived_diagnostic,,336.29157066345215,336.31640625,,,8d0931e7d131fd5d4c565458736ab586012c78c1 plus retained benchmark controls,diagnostic,2026-09-24-damacy-cold-blocks:32,,"[8,256,256]",uncompressed capacity,"[512,1024,1024]",bit,,/mnt/main0/home/nclack/tmp/2026-09-24-damacy-cold-blocks/job-3822266/report/concurrency.csv,,line:33,retained_verified_trace_summary,local XFS,,,,,,overlapping application pread calls in separate instrumented diagnostic,damacy,0.089663926,false,16384.0,,,,32,full-scan,
3.824543086306687,16.0,3.302666315268038,14.0,"[512,4096,4096]",cpu,4096,local client pages evicted/checked; metadata warmed; caches reset; readahead mode recorded in implementation,"[1,128,128]",blosc-lz4,3,read_overlap|2026-09-24-damacy-cold-blocks|lz4|32|4|tensorstore|full-scan,,lz4-c32-b4-tensorstore-full-scan,synthetic,smooth4,2026-09-24,node-local /tmp,,,,uint16,0.119327003,Instrumented traces are excluded from throughput repetitions,read_overlap_controls,,,0.0,retained per-encoding report and fixed sixteen-shard protocol,,,tensorstore,16,,cpu-turin-gp-l-244-025,,/mnt/main0/home/nclack/tmp/2026-09-24-damacy-cold-blocks/job-3822266/filesystem.txt,"rw,relatime,attr2,inode64,logbufs=8,logbsize=32k,sunit=1024,swidth=4096,prjquota","Application call overlap is not device queue depth. The full-scan trace is a diagnostic subset, not a throughput measurement of the entire array. See read-runs for separate trace/timed-run locators.",,"{""between_read_gap_count"":""1"",""block_kib"":""4"",""chunk_kib"":""32"",""codec"":""lz4"",""fraction_at_sixteen_shards"":""0.0"",""fraction_no_file_reads"":""0.6168498345223729"",""implementation"":""tensorstore"",""longest_between_read_gap_seconds"":""0.053078329"",""mean_active_file_reads"":""3.824543086306687"",""mean_shards"":""3.302666315268038"",""median_between_read_gap_seconds"":""0.053078329"",""peak_active_file_reads"":""16"",""peak_shards"":""14"",""read_calls"":""512"",""read_span_seconds"":""0.119327003"",""reader_mib"":""336.29157066345215"",""storage_mib"":""341.4765625"",""trace_seconds"":""0.172905247"",""verified_chunk_ranges"":""16384"",""workload"":""full-scan""}",fixed available files; observed read-call and file overlap are separate,available_shards,16,,2026-09-24-damacy-cold-blocks,32768,1073741824,512.0,,retained_derived_diagnostic,,336.29157066345215,341.4765625,,,0.1.85,diagnostic,2026-09-24-damacy-cold-blocks:33,,"[8,256,256]",uncompressed capacity,"[512,1024,1024]",bit,,/mnt/main0/home/nclack/tmp/2026-09-24-damacy-cold-blocks/job-3822266/report/concurrency.csv,,line:34,retained_verified_trace_summary,local XFS,,,,,,overlapping application pread calls in separate instrumented diagnostic,tensorstore,0.172905247,false,16384.0,,,,32,full-scan,
14.604407224896333,16.0,11.488168215858824,16.0,"[512,4096,4096]",cpu,4096,local client pages evicted/checked; metadata warmed; caches reset; readahead mode recorded in implementation,"[1,128,128]",blosc-lz4,3,read_overlap|2026-09-24-damacy-cold-blocks|lz4|32|4|chunks256-default|random-1x256x256,,lz4-c32-b4-chunks256-default-random-1x256x256,synthetic,smooth4,2026-09-24,node-local /tmp,,,,uint16,0.045313387,Instrumented traces are excluded from throughput repetitions,read_overlap_controls,,,0.010086819055065584,retained per-encoding report and fixed sixteen-shard protocol,,,chunks256-default,16,,cpu-turin-gp-l-244-025,,/mnt/main0/home/nclack/tmp/2026-09-24-damacy-cold-blocks/job-3822266/filesystem.txt,"rw,relatime,attr2,inode64,logbufs=8,logbsize=32k,sunit=1024,swidth=4096,prjquota","Application call overlap is not device queue depth. The full-scan trace is a diagnostic subset, not a throughput measurement of the entire array. See read-runs for separate trace/timed-run locators.",,"{""between_read_gap_count"":""0"",""block_kib"":""4"",""chunk_kib"":""32"",""codec"":""lz4"",""fraction_at_sixteen_shards"":""0.010086819055065584"",""fraction_no_file_reads"":""0.06900568404435287"",""implementation"":""chunks256-default"",""longest_between_read_gap_seconds"":""0.0"",""mean_active_file_reads"":""14.604407224896333"",""mean_shards"":""11.488168215858824"",""median_between_read_gap_seconds"":""0"",""peak_active_file_reads"":""16"",""peak_shards"":""16"",""read_calls"":""1779"",""read_span_seconds"":""0.045313387"",""reader_mib"":""93.7851915359497"",""storage_mib"":""100.390625"",""trace_seconds"":""0.048672034"",""verified_chunk_ranges"":""4558"",""workload"":""random-1x256x256""}",fixed available files; observed read-call and file overlap are separate,available_shards,16,,2026-09-24-damacy-cold-blocks,32768,1073741824,1779.0,,retained_derived_diagnostic,,93.7851915359497,100.390625,,,8d0931e7d131fd5d4c565458736ab586012c78c1 plus retained benchmark controls,diagnostic,2026-09-24-damacy-cold-blocks:34,,"[1,256,256]",uncompressed capacity,"[512,1024,1024]",bit,,/mnt/main0/home/nclack/tmp/2026-09-24-damacy-cold-blocks/job-3822266/report/concurrency.csv,,line:35,retained_verified_trace_summary,local XFS,,,,,,overlapping application pread calls in separate instrumented diagnostic,damacy,0.048672034,false,4558.0,,,,32,random-1x256x256,
14.696955318296036,16.0,11.541514534319584,16.0,"[512,4096,4096]",cpu,4096,local client pages evicted/checked; metadata warmed; caches reset; readahead mode recorded in implementation,"[1,128,128]",blosc-lz4,3,read_overlap|2026-09-24-damacy-cold-blocks|lz4|32|4|chunks256-random|random-1x256x256,,lz4-c32-b4-chunks256-random-random-1x256x256,synthetic,smooth4,2026-09-24,node-local /tmp,,,,uint16,0.044717024,Instrumented traces are excluded from throughput repetitions,read_overlap_controls,,,0.007333670123500155,retained per-encoding report and fixed sixteen-shard protocol,,,chunks256-random,16,,cpu-turin-gp-l-244-025,,/mnt/main0/home/nclack/tmp/2026-09-24-damacy-cold-blocks/job-3822266/filesystem.txt,"rw,relatime,attr2,inode64,logbufs=8,logbsize=32k,sunit=1024,swidth=4096,prjquota","Application call overlap is not device queue depth. The full-scan trace is a diagnostic subset, not a throughput measurement of the entire array. See read-runs for separate trace/timed-run locators.",,"{""between_read_gap_count"":""0"",""block_kib"":""4"",""chunk_kib"":""32"",""codec"":""lz4"",""fraction_at_sixteen_shards"":""0.007333670123500155"",""fraction_no_file_reads"":""0.0632616951768006"",""implementation"":""chunks256-random"",""longest_between_read_gap_seconds"":""0.0"",""mean_active_file_reads"":""14.696955318296036"",""mean_shards"":""11.541514534319584"",""median_between_read_gap_seconds"":""0"",""peak_active_file_reads"":""16"",""peak_shards"":""16"",""read_calls"":""1779"",""read_span_seconds"":""0.044717024"",""reader_mib"":""93.7851915359497"",""storage_mib"":""100.30078125"",""trace_seconds"":""0.047736944"",""verified_chunk_ranges"":""4558"",""workload"":""random-1x256x256""}",fixed available files; observed read-call and file overlap are separate,available_shards,16,,2026-09-24-damacy-cold-blocks,32768,1073741824,1779.0,,retained_derived_diagnostic,,93.7851915359497,100.30078125,,,8d0931e7d131fd5d4c565458736ab586012c78c1 plus retained benchmark controls,diagnostic,2026-09-24-damacy-cold-blocks:35,,"[1,256,256]",uncompressed capacity,"[512,1024,1024]",bit,,/mnt/main0/home/nclack/tmp/2026-09-24-damacy-cold-blocks/job-3822266/report/concurrency.csv,,line:36,retained_verified_trace_summary,local XFS,,,,,,overlapping application pread calls in separate instrumented diagnostic,damacy,0.047736944,false,4558.0,,,,32,random-1x256x256,
8.025095040792547,16.0,6.3125631733113465,14.0,"[512,4096,4096]",cpu,4096,local client pages evicted/checked; metadata warmed; caches reset; readahead mode recorded in implementation,"[1,128,128]",blosc-lz4,3,read_overlap|2026-09-24-damacy-cold-blocks|lz4|32|4|tensorstore|random-1x256x256,,lz4-c32-b4-tensorstore-random-1x256x256,synthetic,smooth4,2026-09-24,node-local /tmp,,,,uint16,0.081523259,Instrumented traces are excluded from throughput repetitions,read_overlap_controls,,,0.0,retained per-encoding report and fixed sixteen-shard protocol,,,tensorstore,16,,cpu-turin-gp-l-244-025,,/mnt/main0/home/nclack/tmp/2026-09-24-damacy-cold-blocks/job-3822266/filesystem.txt,"rw,relatime,attr2,inode64,logbufs=8,logbsize=32k,sunit=1024,swidth=4096,prjquota","Application call overlap is not device queue depth. The full-scan trace is a diagnostic subset, not a throughput measurement of the entire array. See read-runs for separate trace/timed-run locators.",,"{""between_read_gap_count"":""1"",""block_kib"":""4"",""chunk_kib"":""32"",""codec"":""lz4"",""fraction_at_sixteen_shards"":""0.0"",""fraction_no_file_reads"":""0.1525704215510417"",""implementation"":""tensorstore"",""longest_between_read_gap_seconds"":""0.006968758"",""mean_active_file_reads"":""8.025095040792547"",""mean_shards"":""6.3125631733113465"",""median_between_read_gap_seconds"":""0.006968758"",""peak_active_file_reads"":""16"",""peak_shards"":""14"",""read_calls"":""1777"",""read_span_seconds"":""0.081523259"",""reader_mib"":""93.66197204589844"",""storage_mib"":""100.390625"",""trace_seconds"":""0.087977223"",""verified_chunk_ranges"":""4558"",""workload"":""random-1x256x256""}",fixed available files; observed read-call and file overlap are separate,available_shards,16,,2026-09-24-damacy-cold-blocks,32768,1073741824,1777.0,,retained_derived_diagnostic,,93.66197204589844,100.390625,,,0.1.85,diagnostic,2026-09-24-damacy-cold-blocks:36,,"[1,256,256]",uncompressed capacity,"[512,1024,1024]",bit,,/mnt/main0/home/nclack/tmp/2026-09-24-damacy-cold-blocks/job-3822266/report/concurrency.csv,,line:37,retained_verified_trace_summary,local XFS,,,,,,overlapping application pread calls in separate instrumented diagnostic,tensorstore,0.087977223,false,4558.0,,,,32,random-1x256x256,
9.43062591314233,16.0,8.511218230003028,16.0,"[512,4096,4096]",cpu,16384,local client pages evicted/checked; metadata warmed; caches reset; readahead mode recorded in implementation,"[1,512,512]",blosc-lz4,3,read_overlap|2026-09-24-damacy-cold-blocks|lz4|512|16|chunks256-default|full-scan,,lz4-c512-b16-chunks256-default-full-scan,synthetic,smooth4,2026-09-24,node-local /tmp,,,,uint16,0.044647014,Instrumented traces are excluded from throughput repetitions,read_overlap_controls,,,0.2600031874156327,retained per-encoding report and fixed sixteen-shard protocol,,,chunks256-default,16,,cpu-turin-gp-l-244-025,,/mnt/main0/home/nclack/tmp/2026-09-24-damacy-cold-blocks/job-3822266/filesystem.txt,"rw,relatime,attr2,inode64,logbufs=8,logbsize=32k,sunit=1024,swidth=4096,prjquota","Application call overlap is not device queue depth. The full-scan trace is a diagnostic subset, not a throughput measurement of the entire array. See read-runs for separate trace/timed-run locators.",,"{""between_read_gap_count"":""1"",""block_kib"":""16"",""chunk_kib"":""512"",""codec"":""lz4"",""fraction_at_sixteen_shards"":""0.2600031874156327"",""fraction_no_file_reads"":""0.33626263700496023"",""implementation"":""chunks256-default"",""longest_between_read_gap_seconds"":""0.007743281"",""mean_active_file_reads"":""9.43062591314233"",""mean_shards"":""8.511218230003028"",""median_between_read_gap_seconds"":""0.007743281"",""peak_active_file_reads"":""16"",""peak_shards"":""16"",""read_calls"":""512"",""read_span_seconds"":""0.044647014"",""reader_mib"":""326.8853588104248"",""storage_mib"":""452.0"",""trace_seconds"":""0.055599903"",""verified_chunk_ranges"":""1024"",""workload"":""full-scan""}",fixed available files; observed read-call and file overlap are separate,available_shards,16,,2026-09-24-damacy-cold-blocks,524288,1073741824,512.0,,retained_derived_diagnostic,,326.8853588104248,452.0,,,8d0931e7d131fd5d4c565458736ab586012c78c1 plus retained benchmark controls,diagnostic,2026-09-24-damacy-cold-blocks:37,,"[8,256,256]",uncompressed capacity,"[512,1024,1024]",bit,,/mnt/main0/home/nclack/tmp/2026-09-24-damacy-cold-blocks/job-3822266/report/concurrency.csv,,line:38,retained_verified_trace_summary,local XFS,,,,,,overlapping application pread calls in separate instrumented diagnostic,damacy,0.055599903,false,1024.0,,,,32,full-scan,
13.124498657775025,16.0,11.7056999817998,16.0,"[512,4096,4096]",cpu,16384,local client pages evicted/checked; metadata warmed; caches reset; readahead mode recorded in implementation,"[1,512,512]",blosc-lz4,3,read_overlap|2026-09-24-damacy-cold-blocks|lz4|512|16|chunks256-random|full-scan,,lz4-c512-b16-chunks256-random-full-scan,synthetic,smooth4,2026-09-24,node-local /tmp,,,,uint16,0.041965802,Instrumented traces are excluded from throughput repetitions,read_overlap_controls,,,0.0629689898537864,retained per-encoding report and fixed sixteen-shard protocol,,,chunks256-random,16,,cpu-turin-gp-l-244-025,,/mnt/main0/home/nclack/tmp/2026-09-24-damacy-cold-blocks/job-3822266/filesystem.txt,"rw,relatime,attr2,inode64,logbufs=8,logbsize=32k,sunit=1024,swidth=4096,prjquota","Application call overlap is not device queue depth. The full-scan trace is a diagnostic subset, not a throughput measurement of the entire array. See read-runs for separate trace/timed-run locators.",,"{""between_read_gap_count"":""0"",""block_kib"":""16"",""chunk_kib"":""512"",""codec"":""lz4"",""fraction_at_sixteen_shards"":""0.0629689898537864"",""fraction_no_file_reads"":""0.16398201750024224"",""implementation"":""chunks256-random"",""longest_between_read_gap_seconds"":""0.0"",""mean_active_file_reads"":""13.124498657775025"",""mean_shards"":""11.7056999817998"",""median_between_read_gap_seconds"":""0"",""peak_active_file_reads"":""16"",""peak_shards"":""16"",""read_calls"":""512"",""read_span_seconds"":""0.041965802"",""reader_mib"":""326.8853588104248"",""storage_mib"":""326.921875"",""trace_seconds"":""0.050197248"",""verified_chunk_ranges"":""1024"",""workload"":""full-scan""}",fixed available files; observed read-call and file overlap are separate,available_shards,16,,2026-09-24-damacy-cold-blocks,524288,1073741824,512.0,,retained_derived_diagnostic,,326.8853588104248,326.921875,,,8d0931e7d131fd5d4c565458736ab586012c78c1 plus retained benchmark controls,diagnostic,2026-09-24-damacy-cold-blocks:38,,"[8,256,256]",uncompressed capacity,"[512,1024,1024]",bit,,/mnt/main0/home/nclack/tmp/2026-09-24-damacy-cold-blocks/job-3822266/report/concurrency.csv,,line:39,retained_verified_trace_summary,local XFS,,,,,,overlapping application pread calls in separate instrumented diagnostic,damacy,0.050197248,false,1024.0,,,,32,full-scan,
5.937438355932383,16.0,4.365642101928898,14.0,"[512,4096,4096]",cpu,16384,local client pages evicted/checked; metadata warmed; caches reset; readahead mode recorded in implementation,"[1,512,512]",blosc-lz4,3,read_overlap|2026-09-24-damacy-cold-blocks|lz4|512|16|tensorstore|full-scan,,lz4-c512-b16-tensorstore-full-scan,synthetic,smooth4,2026-09-24,node-local /tmp,,,,uint16,0.111939898,Instrumented traces are excluded from throughput repetitions,read_overlap_controls,,,0.0,retained per-encoding report and fixed sixteen-shard protocol,,,tensorstore,16,,cpu-turin-gp-l-244-025,,/mnt/main0/home/nclack/tmp/2026-09-24-damacy-cold-blocks/job-3822266/filesystem.txt,"rw,relatime,attr2,inode64,logbufs=8,logbsize=32k,sunit=1024,swidth=4096,prjquota","Application call overlap is not device queue depth. The full-scan trace is a diagnostic subset, not a throughput measurement of the entire array. See read-runs for separate trace/timed-run locators.",,"{""between_read_gap_count"":""2"",""block_kib"":""16"",""chunk_kib"":""512"",""codec"":""lz4"",""fraction_at_sixteen_shards"":""0.0"",""fraction_no_file_reads"":""0.5168884075150051"",""implementation"":""tensorstore"",""longest_between_read_gap_seconds"":""0.049103929"",""mean_active_file_reads"":""5.937438355932383"",""mean_shards"":""4.365642101928898"",""median_between_read_gap_seconds"":""0.024563204"",""peak_active_file_reads"":""16"",""peak_shards"":""14"",""read_calls"":""512"",""read_span_seconds"":""0.111939898"",""reader_mib"":""326.8853588104248"",""storage_mib"":""354.04296875"",""trace_seconds"":""0.130018594"",""verified_chunk_ranges"":""1024"",""workload"":""full-scan""}",fixed available files; observed read-call and file overlap are separate,available_shards,16,,2026-09-24-damacy-cold-blocks,524288,1073741824,512.0,,retained_derived_diagnostic,,326.8853588104248,354.04296875,,,0.1.85,diagnostic,2026-09-24-damacy-cold-blocks:39,,"[8,256,256]",uncompressed capacity,"[512,1024,1024]",bit,,/mnt/main0/home/nclack/tmp/2026-09-24-damacy-cold-blocks/job-3822266/report/concurrency.csv,,line:40,retained_verified_trace_summary,local XFS,,,,,,overlapping application pread calls in separate instrumented diagnostic,tensorstore,0.130018594,false,1024.0,,,,32,full-scan,
13.384875408605673,16.0,10.69248732369116,16.0,"[512,4096,4096]",cpu,16384,local client pages evicted/checked; metadata warmed; caches reset; readahead mode recorded in implementation,"[1,512,512]",blosc-lz4,3,read_overlap|2026-09-24-damacy-cold-blocks|lz4|512|16|chunks256-default|random-1x256x256,,lz4-c512-b16-chunks256-default-random-1x256x256,synthetic,smooth4,2026-09-24,node-local /tmp,,,,uint16,0.059330115,Instrumented traces are excluded from throughput repetitions,read_overlap_controls,,,0.03880847552967284,retained per-encoding report and fixed sixteen-shard protocol,,,chunks256-default,16,,cpu-turin-gp-l-244-025,,/mnt/main0/home/nclack/tmp/2026-09-24-damacy-cold-blocks/job-3822266/filesystem.txt,"rw,relatime,attr2,inode64,logbufs=8,logbsize=32k,sunit=1024,swidth=4096,prjquota","Application call overlap is not device queue depth. The full-scan trace is a diagnostic subset, not a throughput measurement of the entire array. See read-runs for separate trace/timed-run locators.",,"{""between_read_gap_count"":""2"",""block_kib"":""16"",""chunk_kib"":""512"",""codec"":""lz4"",""fraction_at_sixteen_shards"":""0.03880847552967284"",""fraction_no_file_reads"":""0.12000144567317819"",""implementation"":""chunks256-default"",""longest_between_read_gap_seconds"":""0.002059609"",""mean_active_file_reads"":""13.384875408605673"",""mean_shards"":""10.69248732369116"",""median_between_read_gap_seconds"":""0.0020295345"",""peak_active_file_reads"":""16"",""peak_shards"":""16"",""read_calls"":""827"",""read_span_seconds"":""0.059330115"",""reader_mib"":""340.8003807067871"",""storage_mib"":""343.98828125"",""trace_seconds"":""0.06280811"",""verified_chunk_ranges"":""1055"",""workload"":""random-1x256x256""}",fixed available files; observed read-call and file overlap are separate,available_shards,16,,2026-09-24-damacy-cold-blocks,524288,1073741824,827.0,,retained_derived_diagnostic,,340.8003807067871,343.98828125,,,8d0931e7d131fd5d4c565458736ab586012c78c1 plus retained benchmark controls,diagnostic,2026-09-24-damacy-cold-blocks:40,,"[1,256,256]",uncompressed capacity,"[512,1024,1024]",bit,,/mnt/main0/home/nclack/tmp/2026-09-24-damacy-cold-blocks/job-3822266/report/concurrency.csv,,line:41,retained_verified_trace_summary,local XFS,,,,,,overlapping application pread calls in separate instrumented diagnostic,damacy,0.06280811,false,1055.0,,,,32,random-1x256x256,
13.147064103900862,16.0,10.510261398180425,16.0,"[512,4096,4096]",cpu,16384,local client pages evicted/checked; metadata warmed; caches reset; readahead mode recorded in implementation,"[1,512,512]",blosc-lz4,3,read_overlap|2026-09-24-damacy-cold-blocks|lz4|512|16|chunks256-random|random-1x256x256,,lz4-c512-b16-chunks256-random-random-1x256x256,synthetic,smooth4,2026-09-24,node-local /tmp,,,,uint16,0.056940819,Instrumented traces are excluded from throughput repetitions,read_overlap_controls,,,0.048654362703615985,retained per-encoding report and fixed sixteen-shard protocol,,,chunks256-random,16,,cpu-turin-gp-l-244-025,,/mnt/main0/home/nclack/tmp/2026-09-24-damacy-cold-blocks/job-3822266/filesystem.txt,"rw,relatime,attr2,inode64,logbufs=8,logbsize=32k,sunit=1024,swidth=4096,prjquota","Application call overlap is not device queue depth. The full-scan trace is a diagnostic subset, not a throughput measurement of the entire array. See read-runs for separate trace/timed-run locators.",,"{""between_read_gap_count"":""2"",""block_kib"":""16"",""chunk_kib"":""512"",""codec"":""lz4"",""fraction_at_sixteen_shards"":""0.048654362703615985"",""fraction_no_file_reads"":""0.1410501413566439"",""implementation"":""chunks256-random"",""longest_between_read_gap_seconds"":""0.00200074"",""mean_active_file_reads"":""13.147064103900862"",""mean_shards"":""10.510261398180425"",""median_between_read_gap_seconds"":""0.001948275"",""peak_active_file_reads"":""16"",""peak_shards"":""16"",""read_calls"":""827"",""read_span_seconds"":""0.056940819"",""reader_mib"":""340.8003807067871"",""storage_mib"":""339.46875"",""trace_seconds"":""0.061754791"",""verified_chunk_ranges"":""1055"",""workload"":""random-1x256x256""}",fixed available files; observed read-call and file overlap are separate,available_shards,16,,2026-09-24-damacy-cold-blocks,524288,1073741824,827.0,,retained_derived_diagnostic,,340.8003807067871,339.46875,,,8d0931e7d131fd5d4c565458736ab586012c78c1 plus retained benchmark controls,diagnostic,2026-09-24-damacy-cold-blocks:41,,"[1,256,256]",uncompressed capacity,"[512,1024,1024]",bit,,/mnt/main0/home/nclack/tmp/2026-09-24-damacy-cold-blocks/job-3822266/report/concurrency.csv,,line:42,retained_verified_trace_summary,local XFS,,,,,,overlapping application pread calls in separate instrumented diagnostic,damacy,0.061754791,false,1055.0,,,,32,random-1x256x256,
9.11756109702532,16.0,7.389543177362951,15.0,"[512,4096,4096]",cpu,16384,local client pages evicted/checked; metadata warmed; caches reset; readahead mode recorded in implementation,"[1,512,512]",blosc-lz4,3,read_overlap|2026-09-24-damacy-cold-blocks|lz4|512|16|tensorstore|random-1x256x256,,lz4-c512-b16-tensorstore-random-1x256x256,synthetic,smooth4,2026-09-24,node-local /tmp,,,,uint16,0.089010163,Instrumented traces are excluded from throughput repetitions,read_overlap_controls,,,0.0,retained per-encoding report and fixed sixteen-shard protocol,,,tensorstore,16,,cpu-turin-gp-l-244-025,,/mnt/main0/home/nclack/tmp/2026-09-24-damacy-cold-blocks/job-3822266/filesystem.txt,"rw,relatime,attr2,inode64,logbufs=8,logbsize=32k,sunit=1024,swidth=4096,prjquota","Application call overlap is not device queue depth. The full-scan trace is a diagnostic subset, not a throughput measurement of the entire array. See read-runs for separate trace/timed-run locators.",,"{""between_read_gap_count"":""2"",""block_kib"":""16"",""chunk_kib"":""512"",""codec"":""lz4"",""fraction_at_sixteen_shards"":""0.0"",""fraction_no_file_reads"":""0.05459425855649431"",""implementation"":""tensorstore"",""longest_between_read_gap_seconds"":""1.067e-05"",""mean_active_file_reads"":""9.11756109702532"",""mean_shards"":""7.389543177362951"",""median_between_read_gap_seconds"":""7.92e-06"",""peak_active_file_reads"":""16"",""peak_shards"":""15"",""read_calls"":""824"",""read_span_seconds"":""0.089010163"",""reader_mib"":""339.5198040008545"",""storage_mib"":""340.75"",""trace_seconds"":""0.09413347"",""verified_chunk_ranges"":""1055"",""workload"":""random-1x256x256""}",fixed available files; observed read-call and file overlap are separate,available_shards,16,,2026-09-24-damacy-cold-blocks,524288,1073741824,824.0,,retained_derived_diagnostic,,339.5198040008545,340.75,,,0.1.85,diagnostic,2026-09-24-damacy-cold-blocks:42,,"[1,256,256]",uncompressed capacity,"[512,1024,1024]",bit,,/mnt/main0/home/nclack/tmp/2026-09-24-damacy-cold-blocks/job-3822266/report/concurrency.csv,,line:43,retained_verified_trace_summary,local XFS,,,,,,overlapping application pread calls in separate instrumented diagnostic,tensorstore,0.09413347,false,1055.0,,,,32,random-1x256x256,
8.540246059820353,16.0,7.468770145383832,16.0,"[512,4096,4096]",cpu,262144,local client pages evicted/checked; metadata warmed; caches reset; readahead mode recorded in implementation,"[1,512,512]",blosc-lz4,3,read_overlap|2026-09-24-damacy-cold-blocks|lz4|512|256|chunks256-default|full-scan,,lz4-c512-b256-chunks256-default-full-scan,synthetic,smooth4,2026-09-24,node-local /tmp,,,,uint16,0.038954462,Instrumented traces are excluded from throughput repetitions,read_overlap_controls,,,0.20769987961848319,retained per-encoding report and fixed sixteen-shard protocol,,,chunks256-default,16,,cpu-turin-gp-l-244-025,,/mnt/main0/home/nclack/tmp/2026-09-24-damacy-cold-blocks/job-3822266/filesystem.txt,"rw,relatime,attr2,inode64,logbufs=8,logbsize=32k,sunit=1024,swidth=4096,prjquota","Application call overlap is not device queue depth. The full-scan trace is a diagnostic subset, not a throughput measurement of the entire array. See read-runs for separate trace/timed-run locators.",,"{""between_read_gap_count"":""1"",""block_kib"":""256"",""chunk_kib"":""512"",""codec"":""lz4"",""fraction_at_sixteen_shards"":""0.20769987961848319"",""fraction_no_file_reads"":""0.4556848041485323"",""implementation"":""chunks256-default"",""longest_between_read_gap_seconds"":""0.009564163"",""mean_active_file_reads"":""8.540246059820353"",""mean_shards"":""7.468770145383832"",""median_between_read_gap_seconds"":""0.009564163"",""peak_active_file_reads"":""16"",""peak_shards"":""16"",""read_calls"":""512"",""read_span_seconds"":""0.038954462"",""reader_mib"":""316.7290630340576"",""storage_mib"":""416.0"",""trace_seconds"":""0.053995"",""verified_chunk_ranges"":""1024"",""workload"":""full-scan""}",fixed available files; observed read-call and file overlap are separate,available_shards,16,,2026-09-24-damacy-cold-blocks,524288,1073741824,512.0,,retained_derived_diagnostic,,316.7290630340576,416.0,,,8d0931e7d131fd5d4c565458736ab586012c78c1 plus retained benchmark controls,diagnostic,2026-09-24-damacy-cold-blocks:43,,"[8,256,256]",uncompressed capacity,"[512,1024,1024]",bit,,/mnt/main0/home/nclack/tmp/2026-09-24-damacy-cold-blocks/job-3822266/report/concurrency.csv,,line:44,retained_verified_trace_summary,local XFS,,,,,,overlapping application pread calls in separate instrumented diagnostic,damacy,0.053995,false,1024.0,,,,32,full-scan,
12.794234033644818,16.0,11.316142179090061,16.0,"[512,4096,4096]",cpu,262144,local client pages evicted/checked; metadata warmed; caches reset; readahead mode recorded in implementation,"[1,512,512]",blosc-lz4,3,read_overlap|2026-09-24-damacy-cold-blocks|lz4|512|256|chunks256-random|full-scan,,lz4-c512-b256-chunks256-random-full-scan,synthetic,smooth4,2026-09-24,node-local /tmp,,,,uint16,0.041309719,Instrumented traces are excluded from throughput repetitions,read_overlap_controls,,,0.03764257568334083,retained per-encoding report and fixed sixteen-shard protocol,,,chunks256-random,16,,cpu-turin-gp-l-244-025,,/mnt/main0/home/nclack/tmp/2026-09-24-damacy-cold-blocks/job-3822266/filesystem.txt,"rw,relatime,attr2,inode64,logbufs=8,logbsize=32k,sunit=1024,swidth=4096,prjquota","Application call overlap is not device queue depth. The full-scan trace is a diagnostic subset, not a throughput measurement of the entire array. See read-runs for separate trace/timed-run locators.",,"{""between_read_gap_count"":""0"",""block_kib"":""256"",""chunk_kib"":""512"",""codec"":""lz4"",""fraction_at_sixteen_shards"":""0.03764257568334083"",""fraction_no_file_reads"":""0.18595031330879003"",""implementation"":""chunks256-random"",""longest_between_read_gap_seconds"":""0.0"",""mean_active_file_reads"":""12.794234033644818"",""mean_shards"":""11.316142179090061"",""median_between_read_gap_seconds"":""0"",""peak_active_file_reads"":""16"",""peak_shards"":""16"",""read_calls"":""512"",""read_span_seconds"":""0.041309719"",""reader_mib"":""316.7290630340576"",""storage_mib"":""316.76953125"",""trace_seconds"":""0.050745943"",""verified_chunk_ranges"":""1024"",""workload"":""full-scan""}",fixed available files; observed read-call and file overlap are separate,available_shards,16,,2026-09-24-damacy-cold-blocks,524288,1073741824,512.0,,retained_derived_diagnostic,,316.7290630340576,316.76953125,,,8d0931e7d131fd5d4c565458736ab586012c78c1 plus retained benchmark controls,diagnostic,2026-09-24-damacy-cold-blocks:44,,"[8,256,256]",uncompressed capacity,"[512,1024,1024]",bit,,/mnt/main0/home/nclack/tmp/2026-09-24-damacy-cold-blocks/job-3822266/report/concurrency.csv,,line:45,retained_verified_trace_summary,local XFS,,,,,,overlapping application pread calls in separate instrumented diagnostic,damacy,0.050745943,false,1024.0,,,,32,full-scan,
6.102881861586011,16.0,4.210039650080463,14.0,"[512,4096,4096]",cpu,262144,local client pages evicted/checked; metadata warmed; caches reset; readahead mode recorded in implementation,"[1,512,512]",blosc-lz4,3,read_overlap|2026-09-24-damacy-cold-blocks|lz4|512|256|tensorstore|full-scan,,lz4-c512-b256-tensorstore-full-scan,synthetic,smooth4,2026-09-24,node-local /tmp,,,,uint16,0.098285928,Instrumented traces are excluded from throughput repetitions,read_overlap_controls,,,0.0,retained per-encoding report and fixed sixteen-shard protocol,,,tensorstore,16,,cpu-turin-gp-l-244-025,,/mnt/main0/home/nclack/tmp/2026-09-24-damacy-cold-blocks/job-3822266/filesystem.txt,"rw,relatime,attr2,inode64,logbufs=8,logbsize=32k,sunit=1024,swidth=4096,prjquota","Application call overlap is not device queue depth. The full-scan trace is a diagnostic subset, not a throughput measurement of the entire array. See read-runs for separate trace/timed-run locators.",,"{""between_read_gap_count"":""1"",""block_kib"":""256"",""chunk_kib"":""512"",""codec"":""lz4"",""fraction_at_sixteen_shards"":""0.0"",""fraction_no_file_reads"":""0.5088637432966282"",""implementation"":""tensorstore"",""longest_between_read_gap_seconds"":""0.027951395"",""mean_active_file_reads"":""6.102881861586011"",""mean_shards"":""4.210039650080463"",""median_between_read_gap_seconds"":""0.027951395"",""peak_active_file_reads"":""16"",""peak_shards"":""14"",""read_calls"":""512"",""read_span_seconds"":""0.098285928"",""reader_mib"":""316.7290630340576"",""storage_mib"":""362.76953125"",""trace_seconds"":""0.14320778"",""verified_chunk_ranges"":""1024"",""workload"":""full-scan""}",fixed available files; observed read-call and file overlap are separate,available_shards,16,,2026-09-24-damacy-cold-blocks,524288,1073741824,512.0,,retained_derived_diagnostic,,316.7290630340576,362.76953125,,,0.1.85,diagnostic,2026-09-24-damacy-cold-blocks:45,,"[8,256,256]",uncompressed capacity,"[512,1024,1024]",bit,,/mnt/main0/home/nclack/tmp/2026-09-24-damacy-cold-blocks/job-3822266/report/concurrency.csv,,line:46,retained_verified_trace_summary,local XFS,,,,,,overlapping application pread calls in separate instrumented diagnostic,tensorstore,0.14320778,false,1024.0,,,,32,full-scan,
13.475997365052091,16.0,10.770267819610254,16.0,"[512,4096,4096]",cpu,262144,local client pages evicted/checked; metadata warmed; caches reset; readahead mode recorded in implementation,"[1,512,512]",blosc-lz4,3,read_overlap|2026-09-24-damacy-cold-blocks|lz4|512|256|chunks256-default|random-1x256x256,,lz4-c512-b256-chunks256-default-random-1x256x256,synthetic,smooth4,2026-09-24,node-local /tmp,,,,uint16,0.058912929,Instrumented traces are excluded from throughput repetitions,read_overlap_controls,,,0.04307536891679572,retained per-encoding report and fixed sixteen-shard protocol,,,chunks256-default,16,,cpu-turin-gp-l-244-025,,/mnt/main0/home/nclack/tmp/2026-09-24-damacy-cold-blocks/job-3822266/filesystem.txt,"rw,relatime,attr2,inode64,logbufs=8,logbsize=32k,sunit=1024,swidth=4096,prjquota","Application call overlap is not device queue depth. The full-scan trace is a diagnostic subset, not a throughput measurement of the entire array. See read-runs for separate trace/timed-run locators.",,"{""between_read_gap_count"":""2"",""block_kib"":""256"",""chunk_kib"":""512"",""codec"":""lz4"",""fraction_at_sixteen_shards"":""0.04307536891679572"",""fraction_no_file_reads"":""0.08664858914387992"",""implementation"":""chunks256-default"",""longest_between_read_gap_seconds"":""0.002144888"",""mean_active_file_reads"":""13.475997365052091"",""mean_shards"":""10.770267819610254"",""median_between_read_gap_seconds"":""0.001113934"",""peak_active_file_reads"":""16"",""peak_shards"":""16"",""read_calls"":""827"",""read_span_seconds"":""0.058912929"",""reader_mib"":""330.2484140396118"",""storage_mib"":""333.43359375"",""trace_seconds"":""0.062062707"",""verified_chunk_ranges"":""1055"",""workload"":""random-1x256x256""}",fixed available files; observed read-call and file overlap are separate,available_shards,16,,2026-09-24-damacy-cold-blocks,524288,1073741824,827.0,,retained_derived_diagnostic,,330.2484140396118,333.43359375,,,8d0931e7d131fd5d4c565458736ab586012c78c1 plus retained benchmark controls,diagnostic,2026-09-24-damacy-cold-blocks:46,,"[1,256,256]",uncompressed capacity,"[512,1024,1024]",bit,,/mnt/main0/home/nclack/tmp/2026-09-24-damacy-cold-blocks/job-3822266/report/concurrency.csv,,line:47,retained_verified_trace_summary,local XFS,,,,,,overlapping application pread calls in separate instrumented diagnostic,damacy,0.062062707,false,1055.0,,,,32,random-1x256x256,
13.603339292946066,16.0,10.80134291833424,16.0,"[512,4096,4096]",cpu,262144,local client pages evicted/checked; metadata warmed; caches reset; readahead mode recorded in implementation,"[1,512,512]",blosc-lz4,3,read_overlap|2026-09-24-damacy-cold-blocks|lz4|512|256|chunks256-random|random-1x256x256,,lz4-c512-b256-chunks256-random-random-1x256x256,synthetic,smooth4,2026-09-24,node-local /tmp,,,,uint16,0.058592132,Instrumented traces are excluded from throughput repetitions,read_overlap_controls,,,0.046033012971429026,retained per-encoding report and fixed sixteen-shard protocol,,,chunks256-random,16,,cpu-turin-gp-l-244-025,,/mnt/main0/home/nclack/tmp/2026-09-24-damacy-cold-blocks/job-3822266/filesystem.txt,"rw,relatime,attr2,inode64,logbufs=8,logbsize=32k,sunit=1024,swidth=4096,prjquota","Application call overlap is not device queue depth. The full-scan trace is a diagnostic subset, not a throughput measurement of the entire array. See read-runs for separate trace/timed-run locators.",,"{""between_read_gap_count"":""2"",""block_kib"":""256"",""chunk_kib"":""512"",""codec"":""lz4"",""fraction_at_sixteen_shards"":""0.046033012971429026"",""fraction_no_file_reads"":""0.09796087076105561"",""implementation"":""chunks256-random"",""longest_between_read_gap_seconds"":""0.001590044"",""mean_active_file_reads"":""13.603339292946066"",""mean_shards"":""10.80134291833424"",""median_between_read_gap_seconds"":""0.001555299"",""peak_active_file_reads"":""16"",""peak_shards"":""16"",""read_calls"":""827"",""read_span_seconds"":""0.058592132"",""reader_mib"":""330.2484140396118"",""storage_mib"":""329.0546875"",""trace_seconds"":""0.061506793"",""verified_chunk_ranges"":""1055"",""workload"":""random-1x256x256""}",fixed available files; observed read-call and file overlap are separate,available_shards,16,,2026-09-24-damacy-cold-blocks,524288,1073741824,827.0,,retained_derived_diagnostic,,330.2484140396118,329.0546875,,,8d0931e7d131fd5d4c565458736ab586012c78c1 plus retained benchmark controls,diagnostic,2026-09-24-damacy-cold-blocks:47,,"[1,256,256]",uncompressed capacity,"[512,1024,1024]",bit,,/mnt/main0/home/nclack/tmp/2026-09-24-damacy-cold-blocks/job-3822266/report/concurrency.csv,,line:48,retained_verified_trace_summary,local XFS,,,,,,overlapping application pread calls in separate instrumented diagnostic,damacy,0.061506793,false,1055.0,,,,32,random-1x256x256,
10.345553009674484,16.0,8.010653947198055,13.0,"[512,4096,4096]",cpu,262144,local client pages evicted/checked; metadata warmed; caches reset; readahead mode recorded in implementation,"[1,512,512]",blosc-lz4,3,read_overlap|2026-09-24-damacy-cold-blocks|lz4|512|256|tensorstore|random-1x256x256,,lz4-c512-b256-tensorstore-random-1x256x256,synthetic,smooth4,2026-09-24,node-local /tmp,,,,uint16,0.077155864,Instrumented traces are excluded from throughput repetitions,read_overlap_controls,,,0.0,retained per-encoding report and fixed sixteen-shard protocol,,,tensorstore,16,,cpu-turin-gp-l-244-025,,/mnt/main0/home/nclack/tmp/2026-09-24-damacy-cold-blocks/job-3822266/filesystem.txt,"rw,relatime,attr2,inode64,logbufs=8,logbsize=32k,sunit=1024,swidth=4096,prjquota","Application call overlap is not device queue depth. The full-scan trace is a diagnostic subset, not a throughput measurement of the entire array. See read-runs for separate trace/timed-run locators.",,"{""between_read_gap_count"":""1"",""block_kib"":""256"",""chunk_kib"":""512"",""codec"":""lz4"",""fraction_at_sixteen_shards"":""0.0"",""fraction_no_file_reads"":""0.10055971574798332"",""implementation"":""tensorstore"",""longest_between_read_gap_seconds"":""0.003937989"",""mean_active_file_reads"":""10.345553009674484"",""mean_shards"":""8.010653947198055"",""median_between_read_gap_seconds"":""0.003937989"",""peak_active_file_reads"":""16"",""peak_shards"":""13"",""read_calls"":""824"",""read_span_seconds"":""0.077155864"",""reader_mib"":""329.0069704055786"",""storage_mib"":""329.671875"",""trace_seconds"":""0.08140382"",""verified_chunk_ranges"":""1055"",""workload"":""random-1x256x256""}",fixed available files; observed read-call and file overlap are separate,available_shards,16,,2026-09-24-damacy-cold-blocks,524288,1073741824,824.0,,retained_derived_diagnostic,,329.0069704055786,329.671875,,,0.1.85,diagnostic,2026-09-24-damacy-cold-blocks:48,,"[1,256,256]",uncompressed capacity,"[512,1024,1024]",bit,,/mnt/main0/home/nclack/tmp/2026-09-24-damacy-cold-blocks/job-3822266/report/concurrency.csv,,line:49,retained_verified_trace_summary,local XFS,,,,,,overlapping application pread calls in separate instrumented diagnostic,tensorstore,0.08140382,false,1055.0,,,,32,random-1x256x256,
8.023520735541874,16.0,5.9671585635118225,16.0,"[512,4096,4096]",cpu,524288,local client pages evicted/checked; metadata warmed; caches reset; readahead mode recorded in implementation,"[1,512,512]",blosc-lz4,3,read_overlap|2026-09-24-damacy-cold-blocks|lz4|512|512|chunks256-default|full-scan,,lz4-c512-b512-chunks256-default-full-scan,synthetic,smooth4,2026-09-24,node-local /tmp,,,,uint16,0.040580796,Instrumented traces are excluded from throughput repetitions,read_overlap_controls,,,0.11293231061962526,retained per-encoding report and fixed sixteen-shard protocol,,,chunks256-default,16,,cpu-turin-gp-l-244-025,,/mnt/main0/home/nclack/tmp/2026-09-24-damacy-cold-blocks/job-3822266/filesystem.txt,"rw,relatime,attr2,inode64,logbufs=8,logbsize=32k,sunit=1024,swidth=4096,prjquota","Application call overlap is not device queue depth. The full-scan trace is a diagnostic subset, not a throughput measurement of the entire array. See read-runs for separate trace/timed-run locators.",,"{""between_read_gap_count"":""1"",""block_kib"":""512"",""chunk_kib"":""512"",""codec"":""lz4"",""fraction_at_sixteen_shards"":""0.11293231061962526"",""fraction_no_file_reads"":""0.4515741163654922"",""implementation"":""chunks256-default"",""longest_between_read_gap_seconds"":""0.009890379"",""mean_active_file_reads"":""8.023520735541874"",""mean_shards"":""5.9671585635118225"",""median_between_read_gap_seconds"":""0.009890379"",""peak_active_file_reads"":""16"",""peak_shards"":""16"",""read_calls"":""512"",""read_span_seconds"":""0.040580796"",""reader_mib"":""314.82299613952637"",""storage_mib"":""407.25"",""trace_seconds"":""0.05596092"",""verified_chunk_ranges"":""1024"",""workload"":""full-scan""}",fixed available files; observed read-call and file overlap are separate,available_shards,16,,2026-09-24-damacy-cold-blocks,524288,1073741824,512.0,,retained_derived_diagnostic,,314.82299613952637,407.25,,,8d0931e7d131fd5d4c565458736ab586012c78c1 plus retained benchmark controls,diagnostic,2026-09-24-damacy-cold-blocks:49,,"[8,256,256]",uncompressed capacity,"[512,1024,1024]",bit,,/mnt/main0/home/nclack/tmp/2026-09-24-damacy-cold-blocks/job-3822266/report/concurrency.csv,,line:50,retained_verified_trace_summary,local XFS,,,,,,overlapping application pread calls in separate instrumented diagnostic,damacy,0.05596092,false,1024.0,,,,32,full-scan,
12.831607784305215,16.0,11.49512815340597,16.0,"[512,4096,4096]",cpu,524288,local client pages evicted/checked; metadata warmed; caches reset; readahead mode recorded in implementation,"[1,512,512]",blosc-lz4,3,read_overlap|2026-09-24-damacy-cold-blocks|lz4|512|512|chunks256-random|full-scan,,lz4-c512-b512-chunks256-random-full-scan,synthetic,smooth4,2026-09-24,node-local /tmp,,,,uint16,0.040270759,Instrumented traces are excluded from throughput repetitions,read_overlap_controls,,,0.09829277833742144,retained per-encoding report and fixed sixteen-shard protocol,,,chunks256-random,16,,cpu-turin-gp-l-244-025,,/mnt/main0/home/nclack/tmp/2026-09-24-damacy-cold-blocks/job-3822266/filesystem.txt,"rw,relatime,attr2,inode64,logbufs=8,logbsize=32k,sunit=1024,swidth=4096,prjquota","Application call overlap is not device queue depth. The full-scan trace is a diagnostic subset, not a throughput measurement of the entire array. See read-runs for separate trace/timed-run locators.",,"{""between_read_gap_count"":""0"",""block_kib"":""512"",""chunk_kib"":""512"",""codec"":""lz4"",""fraction_at_sixteen_shards"":""0.09829277833742144"",""fraction_no_file_reads"":""0.1778051383862418"",""implementation"":""chunks256-random"",""longest_between_read_gap_seconds"":""0.0"",""mean_active_file_reads"":""12.831607784305215"",""mean_shards"":""11.49512815340597"",""median_between_read_gap_seconds"":""0"",""peak_active_file_reads"":""16"",""peak_shards"":""16"",""read_calls"":""512"",""read_span_seconds"":""0.040270759"",""reader_mib"":""314.82299613952637"",""storage_mib"":""314.85546875"",""trace_seconds"":""0.04897958"",""verified_chunk_ranges"":""1024"",""workload"":""full-scan""}",fixed available files; observed read-call and file overlap are separate,available_shards,16,,2026-09-24-damacy-cold-blocks,524288,1073741824,512.0,,retained_derived_diagnostic,,314.82299613952637,314.85546875,,,8d0931e7d131fd5d4c565458736ab586012c78c1 plus retained benchmark controls,diagnostic,2026-09-24-damacy-cold-blocks:50,,"[8,256,256]",uncompressed capacity,"[512,1024,1024]",bit,,/mnt/main0/home/nclack/tmp/2026-09-24-damacy-cold-blocks/job-3822266/report/concurrency.csv,,line:51,retained_verified_trace_summary,local XFS,,,,,,overlapping application pread calls in separate instrumented diagnostic,damacy,0.04897958,false,1024.0,,,,32,full-scan,
5.327521846166476,16.0,3.9462165125251993,14.0,"[512,4096,4096]",cpu,524288,local client pages evicted/checked; metadata warmed; caches reset; readahead mode recorded in implementation,"[1,512,512]",blosc-lz4,3,read_overlap|2026-09-24-damacy-cold-blocks|lz4|512|512|tensorstore|full-scan,,lz4-c512-b512-tensorstore-full-scan,synthetic,smooth4,2026-09-24,node-local /tmp,,,,uint16,0.10203629,Instrumented traces are excluded from throughput repetitions,read_overlap_controls,,,0.0,retained per-encoding report and fixed sixteen-shard protocol,,,tensorstore,16,,cpu-turin-gp-l-244-025,,/mnt/main0/home/nclack/tmp/2026-09-24-damacy-cold-blocks/job-3822266/filesystem.txt,"rw,relatime,attr2,inode64,logbufs=8,logbsize=32k,sunit=1024,swidth=4096,prjquota","Application call overlap is not device queue depth. The full-scan trace is a diagnostic subset, not a throughput measurement of the entire array. See read-runs for separate trace/timed-run locators.",,"{""between_read_gap_count"":""1"",""block_kib"":""512"",""chunk_kib"":""512"",""codec"":""lz4"",""fraction_at_sixteen_shards"":""0.0"",""fraction_no_file_reads"":""0.5839552566232303"",""implementation"":""tensorstore"",""longest_between_read_gap_seconds"":""0.04215447"",""mean_active_file_reads"":""5.327521846166476"",""mean_shards"":""3.9462165125251993"",""median_between_read_gap_seconds"":""0.04215447"",""peak_active_file_reads"":""16"",""peak_shards"":""14"",""read_calls"":""512"",""read_span_seconds"":""0.10203629"",""reader_mib"":""314.82299613952637"",""storage_mib"":""323.53515625"",""trace_seconds"":""0.143931202"",""verified_chunk_ranges"":""1024"",""workload"":""full-scan""}",fixed available files; observed read-call and file overlap are separate,available_shards,16,,2026-09-24-damacy-cold-blocks,524288,1073741824,512.0,,retained_derived_diagnostic,,314.82299613952637,323.53515625,,,0.1.85,diagnostic,2026-09-24-damacy-cold-blocks:51,,"[8,256,256]",uncompressed capacity,"[512,1024,1024]",bit,,/mnt/main0/home/nclack/tmp/2026-09-24-damacy-cold-blocks/job-3822266/report/concurrency.csv,,line:52,retained_verified_trace_summary,local XFS,,,,,,overlapping application pread calls in separate instrumented diagnostic,tensorstore,0.143931202,false,1024.0,,,,32,full-scan,
13.002434758861238,16.0,10.364380960366262,16.0,"[512,4096,4096]",cpu,524288,local client pages evicted/checked; metadata warmed; caches reset; readahead mode recorded in implementation,"[1,512,512]",blosc-lz4,3,read_overlap|2026-09-24-damacy-cold-blocks|lz4|512|512|chunks256-default|random-1x256x256,,lz4-c512-b512-chunks256-default-random-1x256x256,synthetic,smooth4,2026-09-24,node-local /tmp,,,,uint16,0.058167907,Instrumented traces are excluded from throughput repetitions,read_overlap_controls,,,0.03616460063431394,retained per-encoding report and fixed sixteen-shard protocol,,,chunks256-default,16,,cpu-turin-gp-l-244-025,,/mnt/main0/home/nclack/tmp/2026-09-24-damacy-cold-blocks/job-3822266/filesystem.txt,"rw,relatime,attr2,inode64,logbufs=8,logbsize=32k,sunit=1024,swidth=4096,prjquota","Application call overlap is not device queue depth. The full-scan trace is a diagnostic subset, not a throughput measurement of the entire array. See read-runs for separate trace/timed-run locators.",,"{""between_read_gap_count"":""2"",""block_kib"":""512"",""chunk_kib"":""512"",""codec"":""lz4"",""fraction_at_sixteen_shards"":""0.03616460063431394"",""fraction_no_file_reads"":""0.14636584014067872"",""implementation"":""chunks256-default"",""longest_between_read_gap_seconds"":""0.002372006"",""mean_active_file_reads"":""13.002434758861238"",""mean_shards"":""10.364380960366262"",""median_between_read_gap_seconds"":""0.0022773615"",""peak_active_file_reads"":""16"",""peak_shards"":""16"",""read_calls"":""827"",""read_span_seconds"":""0.058167907"",""reader_mib"":""328.22984981536865"",""storage_mib"":""331.43359375"",""trace_seconds"":""0.062805809"",""verified_chunk_ranges"":""1055"",""workload"":""random-1x256x256""}",fixed available files; observed read-call and file overlap are separate,available_shards,16,,2026-09-24-damacy-cold-blocks,524288,1073741824,827.0,,retained_derived_diagnostic,,328.22984981536865,331.43359375,,,8d0931e7d131fd5d4c565458736ab586012c78c1 plus retained benchmark controls,diagnostic,2026-09-24-damacy-cold-blocks:52,,"[1,256,256]",uncompressed capacity,"[512,1024,1024]",bit,,/mnt/main0/home/nclack/tmp/2026-09-24-damacy-cold-blocks/job-3822266/report/concurrency.csv,,line:53,retained_verified_trace_summary,local XFS,,,,,,overlapping application pread calls in separate instrumented diagnostic,damacy,0.062805809,false,1055.0,,,,32,random-1x256x256,
13.049686319164893,16.0,10.421526143918703,16.0,"[512,4096,4096]",cpu,524288,local client pages evicted/checked; metadata warmed; caches reset; readahead mode recorded in implementation,"[1,512,512]",blosc-lz4,3,read_overlap|2026-09-24-damacy-cold-blocks|lz4|512|512|chunks256-random|random-1x256x256,,lz4-c512-b512-chunks256-random-random-1x256x256,synthetic,smooth4,2026-09-24,node-local /tmp,,,,uint16,0.059680181,Instrumented traces are excluded from throughput repetitions,read_overlap_controls,,,0.03496721599741315,retained per-encoding report and fixed sixteen-shard protocol,,,chunks256-random,16,,cpu-turin-gp-l-244-025,,/mnt/main0/home/nclack/tmp/2026-09-24-damacy-cold-blocks/job-3822266/filesystem.txt,"rw,relatime,attr2,inode64,logbufs=8,logbsize=32k,sunit=1024,swidth=4096,prjquota","Application call overlap is not device queue depth. The full-scan trace is a diagnostic subset, not a throughput measurement of the entire array. See read-runs for separate trace/timed-run locators.",,"{""between_read_gap_count"":""2"",""block_kib"":""512"",""chunk_kib"":""512"",""codec"":""lz4"",""fraction_at_sixteen_shards"":""0.03496721599741315"",""fraction_no_file_reads"":""0.14597403379582774"",""implementation"":""chunks256-random"",""longest_between_read_gap_seconds"":""0.002719553"",""mean_active_file_reads"":""13.049686319164893"",""mean_shards"":""10.421526143918703"",""median_between_read_gap_seconds"":""0.002586299"",""peak_active_file_reads"":""16"",""peak_shards"":""16"",""read_calls"":""827"",""read_span_seconds"":""0.059680181"",""reader_mib"":""328.22984981536865"",""storage_mib"":""327.109375"",""trace_seconds"":""0.063824269"",""verified_chunk_ranges"":""1055"",""workload"":""random-1x256x256""}",fixed available files; observed read-call and file overlap are separate,available_shards,16,,2026-09-24-damacy-cold-blocks,524288,1073741824,827.0,,retained_derived_diagnostic,,328.22984981536865,327.109375,,,8d0931e7d131fd5d4c565458736ab586012c78c1 plus retained benchmark controls,diagnostic,2026-09-24-damacy-cold-blocks:53,,"[1,256,256]",uncompressed capacity,"[512,1024,1024]",bit,,/mnt/main0/home/nclack/tmp/2026-09-24-damacy-cold-blocks/job-3822266/report/concurrency.csv,,line:54,retained_verified_trace_summary,local XFS,,,,,,overlapping application pread calls in separate instrumented diagnostic,damacy,0.063824269,false,1055.0,,,,32,random-1x256x256,
10.557102189363828,16.0,7.893743113132352,13.0,"[512,4096,4096]",cpu,524288,local client pages evicted/checked; metadata warmed; caches reset; readahead mode recorded in implementation,"[1,512,512]",blosc-lz4,3,read_overlap|2026-09-24-damacy-cold-blocks|lz4|512|512|tensorstore|random-1x256x256,,lz4-c512-b512-tensorstore-random-1x256x256,synthetic,smooth4,2026-09-24,node-local /tmp,,,,uint16,0.073095035,Instrumented traces are excluded from throughput repetitions,read_overlap_controls,,,0.0,retained per-encoding report and fixed sixteen-shard protocol,,,tensorstore,16,,cpu-turin-gp-l-244-025,,/mnt/main0/home/nclack/tmp/2026-09-24-damacy-cold-blocks/job-3822266/filesystem.txt,"rw,relatime,attr2,inode64,logbufs=8,logbsize=32k,sunit=1024,swidth=4096,prjquota","Application call overlap is not device queue depth. The full-scan trace is a diagnostic subset, not a throughput measurement of the entire array. See read-runs for separate trace/timed-run locators.",,"{""between_read_gap_count"":""1"",""block_kib"":""512"",""chunk_kib"":""512"",""codec"":""lz4"",""fraction_at_sixteen_shards"":""0.0"",""fraction_no_file_reads"":""0.10380568746289297"",""implementation"":""tensorstore"",""longest_between_read_gap_seconds"":""0.003852381"",""mean_active_file_reads"":""10.557102189363828"",""mean_shards"":""7.893743113132352"",""median_between_read_gap_seconds"":""0.003852381"",""peak_active_file_reads"":""16"",""peak_shards"":""13"",""read_calls"":""824"",""read_span_seconds"":""0.073095035"",""reader_mib"":""326.99641513824463"",""storage_mib"":""328.33203125"",""trace_seconds"":""0.077262992"",""verified_chunk_ranges"":""1055"",""workload"":""random-1x256x256""}",fixed available files; observed read-call and file overlap are separate,available_shards,16,,2026-09-24-damacy-cold-blocks,524288,1073741824,824.0,,retained_derived_diagnostic,,326.99641513824463,328.33203125,,,0.1.85,diagnostic,2026-09-24-damacy-cold-blocks:54,,"[1,256,256]",uncompressed capacity,"[512,1024,1024]",bit,,/mnt/main0/home/nclack/tmp/2026-09-24-damacy-cold-blocks/job-3822266/report/concurrency.csv,,line:55,retained_verified_trace_summary,local XFS,,,,,,overlapping application pread calls in separate instrumented diagnostic,tensorstore,0.077262992,false,1055.0,,,,32,random-1x256x256,
8.99857343166468,16.0,6.859988197224869,16.0,"[512,4096,4096]",cpu,65536,local client pages evicted/checked; metadata warmed; caches reset; readahead mode recorded in implementation,"[1,512,512]",blosc-lz4,3,read_overlap|2026-09-24-damacy-cold-blocks|lz4|512|64|chunks256-default|full-scan,,lz4-c512-b64-chunks256-default-full-scan,synthetic,smooth4,2026-09-24,node-local /tmp,,,,uint16,0.042039002,Instrumented traces are excluded from throughput repetitions,read_overlap_controls,,,0.060346984683129115,retained per-encoding report and fixed sixteen-shard protocol,,,chunks256-default,16,,cpu-turin-gp-l-244-025,,/mnt/main0/home/nclack/tmp/2026-09-24-damacy-cold-blocks/job-3822266/filesystem.txt,"rw,relatime,attr2,inode64,logbufs=8,logbsize=32k,sunit=1024,swidth=4096,prjquota","Application call overlap is not device queue depth. The full-scan trace is a diagnostic subset, not a throughput measurement of the entire array. See read-runs for separate trace/timed-run locators.",,"{""between_read_gap_count"":""1"",""block_kib"":""64"",""chunk_kib"":""512"",""codec"":""lz4"",""fraction_at_sixteen_shards"":""0.060346984683129115"",""fraction_no_file_reads"":""0.36798426958177877"",""implementation"":""chunks256-default"",""longest_between_read_gap_seconds"":""0.007645082"",""mean_active_file_reads"":""8.99857343166468"",""mean_shards"":""6.859988197224869"",""median_between_read_gap_seconds"":""0.007645082"",""peak_active_file_reads"":""16"",""peak_shards"":""16"",""read_calls"":""512"",""read_span_seconds"":""0.042039002"",""reader_mib"":""320.4390001296997"",""storage_mib"":""431.265625"",""trace_seconds"":""0.054419405"",""verified_chunk_ranges"":""1024"",""workload"":""full-scan""}",fixed available files; observed read-call and file overlap are separate,available_shards,16,,2026-09-24-damacy-cold-blocks,524288,1073741824,512.0,,retained_derived_diagnostic,,320.4390001296997,431.265625,,,8d0931e7d131fd5d4c565458736ab586012c78c1 plus retained benchmark controls,diagnostic,2026-09-24-damacy-cold-blocks:55,,"[8,256,256]",uncompressed capacity,"[512,1024,1024]",bit,,/mnt/main0/home/nclack/tmp/2026-09-24-damacy-cold-blocks/job-3822266/report/concurrency.csv,,line:56,retained_verified_trace_summary,local XFS,,,,,,overlapping application pread calls in separate instrumented diagnostic,damacy,0.054419405,false,1024.0,,,,32,full-scan,
12.776064322156287,16.0,11.382729371829349,16.0,"[512,4096,4096]",cpu,65536,local client pages evicted/checked; metadata warmed; caches reset; readahead mode recorded in implementation,"[1,512,512]",blosc-lz4,3,read_overlap|2026-09-24-damacy-cold-blocks|lz4|512|64|chunks256-random|full-scan,,lz4-c512-b64-chunks256-random-full-scan,synthetic,smooth4,2026-09-24,node-local /tmp,,,,uint16,0.040403468,Instrumented traces are excluded from throughput repetitions,read_overlap_controls,,,0.06975175984512544,retained per-encoding report and fixed sixteen-shard protocol,,,chunks256-random,16,,cpu-turin-gp-l-244-025,,/mnt/main0/home/nclack/tmp/2026-09-24-damacy-cold-blocks/job-3822266/filesystem.txt,"rw,relatime,attr2,inode64,logbufs=8,logbsize=32k,sunit=1024,swidth=4096,prjquota","Application call overlap is not device queue depth. The full-scan trace is a diagnostic subset, not a throughput measurement of the entire array. See read-runs for separate trace/timed-run locators.",,"{""between_read_gap_count"":""0"",""block_kib"":""64"",""chunk_kib"":""512"",""codec"":""lz4"",""fraction_at_sixteen_shards"":""0.06975175984512544"",""fraction_no_file_reads"":""0.1771078675605251"",""implementation"":""chunks256-random"",""longest_between_read_gap_seconds"":""0.0"",""mean_active_file_reads"":""12.776064322156287"",""mean_shards"":""11.382729371829349"",""median_between_read_gap_seconds"":""0"",""peak_active_file_reads"":""16"",""peak_shards"":""16"",""read_calls"":""512"",""read_span_seconds"":""0.040403468"",""reader_mib"":""320.4390001296997"",""storage_mib"":""320.47265625"",""trace_seconds"":""0.049099349"",""verified_chunk_ranges"":""1024"",""workload"":""full-scan""}",fixed available files; observed read-call and file overlap are separate,available_shards,16,,2026-09-24-damacy-cold-blocks,524288,1073741824,512.0,,retained_derived_diagnostic,,320.4390001296997,320.47265625,,,8d0931e7d131fd5d4c565458736ab586012c78c1 plus retained benchmark controls,diagnostic,2026-09-24-damacy-cold-blocks:56,,"[8,256,256]",uncompressed capacity,"[512,1024,1024]",bit,,/mnt/main0/home/nclack/tmp/2026-09-24-damacy-cold-blocks/job-3822266/report/concurrency.csv,,line:57,retained_verified_trace_summary,local XFS,,,,,,overlapping application pread calls in separate instrumented diagnostic,damacy,0.049099349,false,1024.0,,,,32,full-scan,
5.87868889806345,16.0,4.461950670533805,15.0,"[512,4096,4096]",cpu,65536,local client pages evicted/checked; metadata warmed; caches reset; readahead mode recorded in implementation,"[1,512,512]",blosc-lz4,3,read_overlap|2026-09-24-damacy-cold-blocks|lz4|512|64|tensorstore|full-scan,,lz4-c512-b64-tensorstore-full-scan,synthetic,smooth4,2026-09-24,node-local /tmp,,,,uint16,0.102851042,Instrumented traces are excluded from throughput repetitions,read_overlap_controls,,,0.0,retained per-encoding report and fixed sixteen-shard protocol,,,tensorstore,16,,cpu-turin-gp-l-244-025,,/mnt/main0/home/nclack/tmp/2026-09-24-damacy-cold-blocks/job-3822266/filesystem.txt,"rw,relatime,attr2,inode64,logbufs=8,logbsize=32k,sunit=1024,swidth=4096,prjquota","Application call overlap is not device queue depth. The full-scan trace is a diagnostic subset, not a throughput measurement of the entire array. See read-runs for separate trace/timed-run locators.",,"{""between_read_gap_count"":""1"",""block_kib"":""64"",""chunk_kib"":""512"",""codec"":""lz4"",""fraction_at_sixteen_shards"":""0.0"",""fraction_no_file_reads"":""0.606600471186939"",""implementation"":""tensorstore"",""longest_between_read_gap_seconds"":""0.045628025"",""mean_active_file_reads"":""5.87868889806345"",""mean_shards"":""4.461950670533805"",""median_between_read_gap_seconds"":""0.045628025"",""peak_active_file_reads"":""16"",""peak_shards"":""15"",""read_calls"":""512"",""read_span_seconds"":""0.102851042"",""reader_mib"":""320.4390001296997"",""storage_mib"":""328.453125"",""trace_seconds"":""0.145457767"",""verified_chunk_ranges"":""1024"",""workload"":""full-scan""}",fixed available files; observed read-call and file overlap are separate,available_shards,16,,2026-09-24-damacy-cold-blocks,524288,1073741824,512.0,,retained_derived_diagnostic,,320.4390001296997,328.453125,,,0.1.85,diagnostic,2026-09-24-damacy-cold-blocks:57,,"[8,256,256]",uncompressed capacity,"[512,1024,1024]",bit,,/mnt/main0/home/nclack/tmp/2026-09-24-damacy-cold-blocks/job-3822266/report/concurrency.csv,,line:58,retained_verified_trace_summary,local XFS,,,,,,overlapping application pread calls in separate instrumented diagnostic,tensorstore,0.145457767,false,1024.0,,,,32,full-scan,
13.244459286574202,16.0,10.620747260818135,16.0,"[512,4096,4096]",cpu,65536,local client pages evicted/checked; metadata warmed; caches reset; readahead mode recorded in implementation,"[1,512,512]",blosc-lz4,3,read_overlap|2026-09-24-damacy-cold-blocks|lz4|512|64|chunks256-default|random-1x256x256,,lz4-c512-b64-chunks256-default-random-1x256x256,synthetic,smooth4,2026-09-24,node-local /tmp,,,,uint16,0.058431445,Instrumented traces are excluded from throughput repetitions,read_overlap_controls,,,0.05361308733391398,retained per-encoding report and fixed sixteen-shard protocol,,,chunks256-default,16,,cpu-turin-gp-l-244-025,,/mnt/main0/home/nclack/tmp/2026-09-24-damacy-cold-blocks/job-3822266/filesystem.txt,"rw,relatime,attr2,inode64,logbufs=8,logbsize=32k,sunit=1024,swidth=4096,prjquota","Application call overlap is not device queue depth. The full-scan trace is a diagnostic subset, not a throughput measurement of the entire array. See read-runs for separate trace/timed-run locators.",,"{""between_read_gap_count"":""2"",""block_kib"":""64"",""chunk_kib"":""512"",""codec"":""lz4"",""fraction_at_sixteen_shards"":""0.05361308733391398"",""fraction_no_file_reads"":""0.12411961712511367"",""implementation"":""chunks256-default"",""longest_between_read_gap_seconds"":""0.002201377"",""mean_active_file_reads"":""13.244459286574202"",""mean_shards"":""10.620747260818135"",""median_between_read_gap_seconds"":""0.001848716"",""peak_active_file_reads"":""16"",""peak_shards"":""16"",""read_calls"":""827"",""read_span_seconds"":""0.058431445"",""reader_mib"":""334.0993843078613"",""storage_mib"":""337.41015625"",""trace_seconds"":""0.062490283"",""verified_chunk_ranges"":""1055"",""workload"":""random-1x256x256""}",fixed available files; observed read-call and file overlap are separate,available_shards,16,,2026-09-24-damacy-cold-blocks,524288,1073741824,827.0,,retained_derived_diagnostic,,334.0993843078613,337.41015625,,,8d0931e7d131fd5d4c565458736ab586012c78c1 plus retained benchmark controls,diagnostic,2026-09-24-damacy-cold-blocks:58,,"[1,256,256]",uncompressed capacity,"[512,1024,1024]",bit,,/mnt/main0/home/nclack/tmp/2026-09-24-damacy-cold-blocks/job-3822266/report/concurrency.csv,,line:59,retained_verified_trace_summary,local XFS,,,,,,overlapping application pread calls in separate instrumented diagnostic,damacy,0.062490283,false,1055.0,,,,32,random-1x256x256,
13.263814865456837,16.0,10.570058416983828,16.0,"[512,4096,4096]",cpu,65536,local client pages evicted/checked; metadata warmed; caches reset; readahead mode recorded in implementation,"[1,512,512]",blosc-lz4,3,read_overlap|2026-09-24-damacy-cold-blocks|lz4|512|64|chunks256-random|random-1x256x256,,lz4-c512-b64-chunks256-random-random-1x256x256,synthetic,smooth4,2026-09-24,node-local /tmp,,,,uint16,0.058016078,Instrumented traces are excluded from throughput repetitions,read_overlap_controls,,,0.03781445982485562,retained per-encoding report and fixed sixteen-shard protocol,,,chunks256-random,16,,cpu-turin-gp-l-244-025,,/mnt/main0/home/nclack/tmp/2026-09-24-damacy-cold-blocks/job-3822266/filesystem.txt,"rw,relatime,attr2,inode64,logbufs=8,logbsize=32k,sunit=1024,swidth=4096,prjquota","Application call overlap is not device queue depth. The full-scan trace is a diagnostic subset, not a throughput measurement of the entire array. See read-runs for separate trace/timed-run locators.",,"{""between_read_gap_count"":""2"",""block_kib"":""64"",""chunk_kib"":""512"",""codec"":""lz4"",""fraction_at_sixteen_shards"":""0.03781445982485562"",""fraction_no_file_reads"":""0.11766732627894133"",""implementation"":""chunks256-random"",""longest_between_read_gap_seconds"":""0.002341046"",""mean_active_file_reads"":""13.263814865456837"",""mean_shards"":""10.570058416983828"",""median_between_read_gap_seconds"":""0.001852781"",""peak_active_file_reads"":""16"",""peak_shards"":""16"",""read_calls"":""827"",""read_span_seconds"":""0.058016078"",""reader_mib"":""334.0993843078613"",""storage_mib"":""332.97265625"",""trace_seconds"":""0.061553332"",""verified_chunk_ranges"":""1055"",""workload"":""random-1x256x256""}",fixed available files; observed read-call and file overlap are separate,available_shards,16,,2026-09-24-damacy-cold-blocks,524288,1073741824,827.0,,retained_derived_diagnostic,,334.0993843078613,332.97265625,,,8d0931e7d131fd5d4c565458736ab586012c78c1 plus retained benchmark controls,diagnostic,2026-09-24-damacy-cold-blocks:59,,"[1,256,256]",uncompressed capacity,"[512,1024,1024]",bit,,/mnt/main0/home/nclack/tmp/2026-09-24-damacy-cold-blocks/job-3822266/report/concurrency.csv,,line:60,retained_verified_trace_summary,local XFS,,,,,,overlapping application pread calls in separate instrumented diagnostic,damacy,0.061553332,false,1055.0,,,,32,random-1x256x256,
12.986667985358824,16.0,9.246915386021302,14.0,"[512,4096,4096]",cpu,65536,local client pages evicted/checked; metadata warmed; caches reset; readahead mode recorded in implementation,"[1,512,512]",blosc-lz4,3,read_overlap|2026-09-24-damacy-cold-blocks|lz4|512|64|tensorstore|random-1x256x256,,lz4-c512-b64-tensorstore-random-1x256x256,synthetic,smooth4,2026-09-24,node-local /tmp,,,,uint16,0.059995779,Instrumented traces are excluded from throughput repetitions,read_overlap_controls,,,0.0,retained per-encoding report and fixed sixteen-shard protocol,,,tensorstore,16,,cpu-turin-gp-l-244-025,,/mnt/main0/home/nclack/tmp/2026-09-24-damacy-cold-blocks/job-3822266/filesystem.txt,"rw,relatime,attr2,inode64,logbufs=8,logbsize=32k,sunit=1024,swidth=4096,prjquota","Application call overlap is not device queue depth. The full-scan trace is a diagnostic subset, not a throughput measurement of the entire array. See read-runs for separate trace/timed-run locators.",,"{""between_read_gap_count"":""1"",""block_kib"":""64"",""chunk_kib"":""512"",""codec"":""lz4"",""fraction_at_sixteen_shards"":""0.0"",""fraction_no_file_reads"":""0.14176189470148742"",""implementation"":""tensorstore"",""longest_between_read_gap_seconds"":""0.004224397"",""mean_active_file_reads"":""12.986667985358824"",""mean_shards"":""9.246915386021302"",""median_between_read_gap_seconds"":""0.004224397"",""peak_active_file_reads"":""16"",""peak_shards"":""14"",""read_calls"":""824"",""read_span_seconds"":""0.059995779"",""reader_mib"":""332.84442138671875"",""storage_mib"":""333.6015625"",""trace_seconds"":""0.064983577"",""verified_chunk_ranges"":""1055"",""workload"":""random-1x256x256""}",fixed available files; observed read-call and file overlap are separate,available_shards,16,,2026-09-24-damacy-cold-blocks,524288,1073741824,824.0,,retained_derived_diagnostic,,332.84442138671875,333.6015625,,,0.1.85,diagnostic,2026-09-24-damacy-cold-blocks:60,,"[1,256,256]",uncompressed capacity,"[512,1024,1024]",bit,,/mnt/main0/home/nclack/tmp/2026-09-24-damacy-cold-blocks/job-3822266/report/concurrency.csv,,line:61,retained_verified_trace_summary,local XFS,,,,,,overlapping application pread calls in separate instrumented diagnostic,tensorstore,0.064983577,false,1055.0,,,,32,random-1x256x256,
6.864285001419753,16.0,5.726972649586643,16.0,"[512,4096,4096]",cpu,131072,local client pages evicted/checked; metadata warmed; caches reset; readahead mode recorded in implementation,"[1,256,256]",blosc-zstd,3,read_overlap|2026-09-24-damacy-cold-blocks|zstd|128|128|chunks256-default|full-scan,,zstd-c128-b128-chunks256-default-full-scan,synthetic,smooth4,2026-09-24,node-local /tmp,,,,uint16,0.047979091,Instrumented traces are excluded from throughput repetitions,read_overlap_controls,,,0.07357827162474294,retained per-encoding report and fixed sixteen-shard protocol,,,chunks256-default,16,,cpu-turin-gp-l-244-025,,/mnt/main0/home/nclack/tmp/2026-09-24-damacy-cold-blocks/job-3822266/filesystem.txt,"rw,relatime,attr2,inode64,logbufs=8,logbsize=32k,sunit=1024,swidth=4096,prjquota","Application call overlap is not device queue depth. The full-scan trace is a diagnostic subset, not a throughput measurement of the entire array. See read-runs for separate trace/timed-run locators.",,"{""between_read_gap_count"":""8"",""block_kib"":""128"",""chunk_kib"":""128"",""codec"":""zstd"",""fraction_at_sixteen_shards"":""0.07357827162474294"",""fraction_no_file_reads"":""0.4004422344475413"",""implementation"":""chunks256-default"",""longest_between_read_gap_seconds"":""0.00394158"",""mean_active_file_reads"":""6.864285001419753"",""mean_shards"":""5.726972649586643"",""median_between_read_gap_seconds"":""0.00195017"",""peak_active_file_reads"":""16"",""peak_shards"":""16"",""read_calls"":""512"",""read_span_seconds"":""0.047979091"",""reader_mib"":""274.6528081893921"",""storage_mib"":""357.578125"",""trace_seconds"":""0.054358045"",""verified_chunk_ranges"":""4096"",""workload"":""full-scan""}",fixed available files; observed read-call and file overlap are separate,available_shards,16,,2026-09-24-damacy-cold-blocks,131072,1073741824,512.0,,retained_derived_diagnostic,,274.6528081893921,357.578125,,,8d0931e7d131fd5d4c565458736ab586012c78c1 plus retained benchmark controls,diagnostic,2026-09-24-damacy-cold-blocks:61,,"[8,256,256]",uncompressed capacity,"[512,1024,1024]",bit,,/mnt/main0/home/nclack/tmp/2026-09-24-damacy-cold-blocks/job-3822266/report/concurrency.csv,,line:62,retained_verified_trace_summary,local XFS,,,,,,overlapping application pread calls in separate instrumented diagnostic,damacy,0.054358045,false,4096.0,,,,32,full-scan,
13.027089489278495,16.0,11.936444407239156,16.0,"[512,4096,4096]",cpu,131072,local client pages evicted/checked; metadata warmed; caches reset; readahead mode recorded in implementation,"[1,256,256]",blosc-zstd,3,read_overlap|2026-09-24-damacy-cold-blocks|zstd|128|128|chunks256-random|full-scan,,zstd-c128-b128-chunks256-random-full-scan,synthetic,smooth4,2026-09-24,node-local /tmp,,,,uint16,0.043090821,Instrumented traces are excluded from throughput repetitions,read_overlap_controls,,,0.14559470124676152,retained per-encoding report and fixed sixteen-shard protocol,,,chunks256-random,16,,cpu-turin-gp-l-244-025,,/mnt/main0/home/nclack/tmp/2026-09-24-damacy-cold-blocks/job-3822266/filesystem.txt,"rw,relatime,attr2,inode64,logbufs=8,logbsize=32k,sunit=1024,swidth=4096,prjquota","Application call overlap is not device queue depth. The full-scan trace is a diagnostic subset, not a throughput measurement of the entire array. See read-runs for separate trace/timed-run locators.",,"{""between_read_gap_count"":""1"",""block_kib"":""128"",""chunk_kib"":""128"",""codec"":""zstd"",""fraction_at_sixteen_shards"":""0.14559470124676152"",""fraction_no_file_reads"":""0.09647760568186321"",""implementation"":""chunks256-random"",""longest_between_read_gap_seconds"":""4.739e-05"",""mean_active_file_reads"":""13.027089489278495"",""mean_shards"":""11.936444407239156"",""median_between_read_gap_seconds"":""4.739e-05"",""peak_active_file_reads"":""16"",""peak_shards"":""16"",""read_calls"":""512"",""read_span_seconds"":""0.043090821"",""reader_mib"":""274.6528081893921"",""storage_mib"":""274.68359375"",""trace_seconds"":""0.047639584"",""verified_chunk_ranges"":""4096"",""workload"":""full-scan""}",fixed available files; observed read-call and file overlap are separate,available_shards,16,,2026-09-24-damacy-cold-blocks,131072,1073741824,512.0,,retained_derived_diagnostic,,274.6528081893921,274.68359375,,,8d0931e7d131fd5d4c565458736ab586012c78c1 plus retained benchmark controls,diagnostic,2026-09-24-damacy-cold-blocks:62,,"[8,256,256]",uncompressed capacity,"[512,1024,1024]",bit,,/mnt/main0/home/nclack/tmp/2026-09-24-damacy-cold-blocks/job-3822266/report/concurrency.csv,,line:63,retained_verified_trace_summary,local XFS,,,,,,overlapping application pread calls in separate instrumented diagnostic,damacy,0.047639584,false,4096.0,,,,32,full-scan,
3.6016918304441674,15.0,3.0453771538118835,12.0,"[512,4096,4096]",cpu,131072,local client pages evicted/checked; metadata warmed; caches reset; readahead mode recorded in implementation,"[1,256,256]",blosc-zstd,3,read_overlap|2026-09-24-damacy-cold-blocks|zstd|128|128|tensorstore|full-scan,,zstd-c128-b128-tensorstore-full-scan,synthetic,smooth4,2026-09-24,node-local /tmp,,,,uint16,0.131646678,Instrumented traces are excluded from throughput repetitions,read_overlap_controls,,,0.0,retained per-encoding report and fixed sixteen-shard protocol,,,tensorstore,16,,cpu-turin-gp-l-244-025,,/mnt/main0/home/nclack/tmp/2026-09-24-damacy-cold-blocks/job-3822266/filesystem.txt,"rw,relatime,attr2,inode64,logbufs=8,logbsize=32k,sunit=1024,swidth=4096,prjquota","Application call overlap is not device queue depth. The full-scan trace is a diagnostic subset, not a throughput measurement of the entire array. See read-runs for separate trace/timed-run locators.",,"{""between_read_gap_count"":""5"",""block_kib"":""128"",""chunk_kib"":""128"",""codec"":""zstd"",""fraction_at_sixteen_shards"":""0.0"",""fraction_no_file_reads"":""0.5300446223142525"",""implementation"":""tensorstore"",""longest_between_read_gap_seconds"":""0.045887282"",""mean_active_file_reads"":""3.6016918304441674"",""mean_shards"":""3.0453771538118835"",""median_between_read_gap_seconds"":""1.873e-05"",""peak_active_file_reads"":""15"",""peak_shards"":""12"",""read_calls"":""512"",""read_span_seconds"":""0.131646678"",""reader_mib"":""274.6528081893921"",""storage_mib"":""284.3671875"",""trace_seconds"":""0.182334111"",""verified_chunk_ranges"":""4096"",""workload"":""full-scan""}",fixed available files; observed read-call and file overlap are separate,available_shards,16,,2026-09-24-damacy-cold-blocks,131072,1073741824,512.0,,retained_derived_diagnostic,,274.6528081893921,284.3671875,,,0.1.85,diagnostic,2026-09-24-damacy-cold-blocks:63,,"[8,256,256]",uncompressed capacity,"[512,1024,1024]",bit,,/mnt/main0/home/nclack/tmp/2026-09-24-damacy-cold-blocks/job-3822266/report/concurrency.csv,,line:64,retained_verified_trace_summary,local XFS,,,,,,overlapping application pread calls in separate instrumented diagnostic,tensorstore,0.182334111,false,4096.0,,,,32,full-scan,
14.56212067488821,16.0,11.479663611456175,16.0,"[512,4096,4096]",cpu,131072,local client pages evicted/checked; metadata warmed; caches reset; readahead mode recorded in implementation,"[1,256,256]",blosc-zstd,3,read_overlap|2026-09-24-damacy-cold-blocks|zstd|128|128|chunks256-default|random-1x256x256,,zstd-c128-b128-chunks256-default-random-1x256x256,synthetic,smooth4,2026-09-24,node-local /tmp,,,,uint16,0.047297508,Instrumented traces are excluded from throughput repetitions,read_overlap_controls,,,0.01566946451648721,retained per-encoding report and fixed sixteen-shard protocol,,,chunks256-default,16,,cpu-turin-gp-l-244-025,,/mnt/main0/home/nclack/tmp/2026-09-24-damacy-cold-blocks/job-3822266/filesystem.txt,"rw,relatime,attr2,inode64,logbufs=8,logbsize=32k,sunit=1024,swidth=4096,prjquota","Application call overlap is not device queue depth. The full-scan trace is a diagnostic subset, not a throughput measurement of the entire array. See read-runs for separate trace/timed-run locators.",,"{""between_read_gap_count"":""0"",""block_kib"":""128"",""chunk_kib"":""128"",""codec"":""zstd"",""fraction_at_sixteen_shards"":""0.01566946451648721"",""fraction_no_file_reads"":""0.07442705043164793"",""implementation"":""chunks256-default"",""longest_between_read_gap_seconds"":""0.0"",""mean_active_file_reads"":""14.56212067488821"",""mean_shards"":""11.479663611456175"",""median_between_read_gap_seconds"":""0"",""peak_active_file_reads"":""16"",""peak_shards"":""16"",""read_calls"":""1182"",""read_span_seconds"":""0.047297508"",""reader_mib"":""135.5662498474121"",""storage_mib"":""139.6875"",""trace_seconds"":""0.051100789"",""verified_chunk_ranges"":""2015"",""workload"":""random-1x256x256""}",fixed available files; observed read-call and file overlap are separate,available_shards,16,,2026-09-24-damacy-cold-blocks,131072,1073741824,1182.0,,retained_derived_diagnostic,,135.5662498474121,139.6875,,,8d0931e7d131fd5d4c565458736ab586012c78c1 plus retained benchmark controls,diagnostic,2026-09-24-damacy-cold-blocks:64,,"[1,256,256]",uncompressed capacity,"[512,1024,1024]",bit,,/mnt/main0/home/nclack/tmp/2026-09-24-damacy-cold-blocks/job-3822266/report/concurrency.csv,,line:65,retained_verified_trace_summary,local XFS,,,,,,overlapping application pread calls in separate instrumented diagnostic,damacy,0.051100789,false,2015.0,,,,32,random-1x256x256,
14.491958355843888,16.0,11.508618604171465,16.0,"[512,4096,4096]",cpu,131072,local client pages evicted/checked; metadata warmed; caches reset; readahead mode recorded in implementation,"[1,256,256]",blosc-zstd,3,read_overlap|2026-09-24-damacy-cold-blocks|zstd|128|128|chunks256-random|random-1x256x256,,zstd-c128-b128-chunks256-random-random-1x256x256,synthetic,smooth4,2026-09-24,node-local /tmp,,,,uint16,0.04609713,Instrumented traces are excluded from throughput repetitions,read_overlap_controls,,,0.008405438991477016,retained per-encoding report and fixed sixteen-shard protocol,,,chunks256-random,16,,cpu-turin-gp-l-244-025,,/mnt/main0/home/nclack/tmp/2026-09-24-damacy-cold-blocks/job-3822266/filesystem.txt,"rw,relatime,attr2,inode64,logbufs=8,logbsize=32k,sunit=1024,swidth=4096,prjquota","Application call overlap is not device queue depth. The full-scan trace is a diagnostic subset, not a throughput measurement of the entire array. See read-runs for separate trace/timed-run locators.",,"{""between_read_gap_count"":""0"",""block_kib"":""128"",""chunk_kib"":""128"",""codec"":""zstd"",""fraction_at_sixteen_shards"":""0.008405438991477016"",""fraction_no_file_reads"":""0.07738575528213029"",""implementation"":""chunks256-random"",""longest_between_read_gap_seconds"":""0.0"",""mean_active_file_reads"":""14.491958355843888"",""mean_shards"":""11.508618604171465"",""median_between_read_gap_seconds"":""0"",""peak_active_file_reads"":""16"",""peak_shards"":""16"",""read_calls"":""1182"",""read_span_seconds"":""0.04609713"",""reader_mib"":""135.5662498474121"",""storage_mib"":""139.5"",""trace_seconds"":""0.049963601"",""verified_chunk_ranges"":""2015"",""workload"":""random-1x256x256""}",fixed available files; observed read-call and file overlap are separate,available_shards,16,,2026-09-24-damacy-cold-blocks,131072,1073741824,1182.0,,retained_derived_diagnostic,,135.5662498474121,139.5,,,8d0931e7d131fd5d4c565458736ab586012c78c1 plus retained benchmark controls,diagnostic,2026-09-24-damacy-cold-blocks:65,,"[1,256,256]",uncompressed capacity,"[512,1024,1024]",bit,,/mnt/main0/home/nclack/tmp/2026-09-24-damacy-cold-blocks/job-3822266/report/concurrency.csv,,line:66,retained_verified_trace_summary,local XFS,,,,,,overlapping application pread calls in separate instrumented diagnostic,damacy,0.049963601,false,2015.0,,,,32,random-1x256x256,
8.665428052707073,16.0,7.257069512255621,15.0,"[512,4096,4096]",cpu,131072,local client pages evicted/checked; metadata warmed; caches reset; readahead mode recorded in implementation,"[1,256,256]",blosc-zstd,3,read_overlap|2026-09-24-damacy-cold-blocks|zstd|128|128|tensorstore|random-1x256x256,,zstd-c128-b128-tensorstore-random-1x256x256,synthetic,smooth4,2026-09-24,node-local /tmp,,,,uint16,0.075978915,Instrumented traces are excluded from throughput repetitions,read_overlap_controls,,,0.0,retained per-encoding report and fixed sixteen-shard protocol,,,tensorstore,16,,cpu-turin-gp-l-244-025,,/mnt/main0/home/nclack/tmp/2026-09-24-damacy-cold-blocks/job-3822266/filesystem.txt,"rw,relatime,attr2,inode64,logbufs=8,logbsize=32k,sunit=1024,swidth=4096,prjquota","Application call overlap is not device queue depth. The full-scan trace is a diagnostic subset, not a throughput measurement of the entire array. See read-runs for separate trace/timed-run locators.",,"{""between_read_gap_count"":""1"",""block_kib"":""128"",""chunk_kib"":""128"",""codec"":""zstd"",""fraction_at_sixteen_shards"":""0.0"",""fraction_no_file_reads"":""0.13053359426096492"",""implementation"":""tensorstore"",""longest_between_read_gap_seconds"":""0.006732422"",""mean_active_file_reads"":""8.665428052707073"",""mean_shards"":""7.257069512255621"",""median_between_read_gap_seconds"":""0.006732422"",""peak_active_file_reads"":""16"",""peak_shards"":""15"",""read_calls"":""1180"",""read_span_seconds"":""0.075978915"",""reader_mib"":""135.29492855072021"",""storage_mib"":""139.6875"",""trace_seconds"":""0.079642517"",""verified_chunk_ranges"":""2015"",""workload"":""random-1x256x256""}",fixed available files; observed read-call and file overlap are separate,available_shards,16,,2026-09-24-damacy-cold-blocks,131072,1073741824,1180.0,,retained_derived_diagnostic,,135.29492855072021,139.6875,,,0.1.85,diagnostic,2026-09-24-damacy-cold-blocks:66,,"[1,256,256]",uncompressed capacity,"[512,1024,1024]",bit,,/mnt/main0/home/nclack/tmp/2026-09-24-damacy-cold-blocks/job-3822266/report/concurrency.csv,,line:67,retained_verified_trace_summary,local XFS,,,,,,overlapping application pread calls in separate instrumented diagnostic,tensorstore,0.079642517,false,2015.0,,,,32,random-1x256x256,
6.472708071303079,16.0,5.395434966753528,16.0,"[512,4096,4096]",cpu,16384,local client pages evicted/checked; metadata warmed; caches reset; readahead mode recorded in implementation,"[1,256,256]",blosc-zstd,3,read_overlap|2026-09-24-damacy-cold-blocks|zstd|128|16|chunks256-default|full-scan,,zstd-c128-b16-chunks256-default-full-scan,synthetic,smooth4,2026-09-24,node-local /tmp,,,,uint16,0.055112208,Instrumented traces are excluded from throughput repetitions,read_overlap_controls,,,0.0520847059699194,retained per-encoding report and fixed sixteen-shard protocol,,,chunks256-default,16,,cpu-turin-gp-l-244-025,,/mnt/main0/home/nclack/tmp/2026-09-24-damacy-cold-blocks/job-3822266/filesystem.txt,"rw,relatime,attr2,inode64,logbufs=8,logbsize=32k,sunit=1024,swidth=4096,prjquota","Application call overlap is not device queue depth. The full-scan trace is a diagnostic subset, not a throughput measurement of the entire array. See read-runs for separate trace/timed-run locators.",,"{""between_read_gap_count"":""7"",""block_kib"":""16"",""chunk_kib"":""128"",""codec"":""zstd"",""fraction_at_sixteen_shards"":""0.0520847059699194"",""fraction_no_file_reads"":""0.4568693610701616"",""implementation"":""chunks256-default"",""longest_between_read_gap_seconds"":""0.004302876"",""mean_active_file_reads"":""6.472708071303079"",""mean_shards"":""5.395434966753528"",""median_between_read_gap_seconds"":""0.003145608"",""peak_active_file_reads"":""16"",""peak_shards"":""16"",""read_calls"":""512"",""read_span_seconds"":""0.055112208"",""reader_mib"":""279.4954586029053"",""storage_mib"":""361.1875"",""trace_seconds"":""0.061264395"",""verified_chunk_ranges"":""4096"",""workload"":""full-scan""}",fixed available files; observed read-call and file overlap are separate,available_shards,16,,2026-09-24-damacy-cold-blocks,131072,1073741824,512.0,,retained_derived_diagnostic,,279.4954586029053,361.1875,,,8d0931e7d131fd5d4c565458736ab586012c78c1 plus retained benchmark controls,diagnostic,2026-09-24-damacy-cold-blocks:67,,"[8,256,256]",uncompressed capacity,"[512,1024,1024]",bit,,/mnt/main0/home/nclack/tmp/2026-09-24-damacy-cold-blocks/job-3822266/report/concurrency.csv,,line:68,retained_verified_trace_summary,local XFS,,,,,,overlapping application pread calls in separate instrumented diagnostic,damacy,0.061264395,false,4096.0,,,,32,full-scan,
11.17974570456393,16.0,10.055303975945668,16.0,"[512,4096,4096]",cpu,16384,local client pages evicted/checked; metadata warmed; caches reset; readahead mode recorded in implementation,"[1,256,256]",blosc-zstd,3,read_overlap|2026-09-24-damacy-cold-blocks|zstd|128|16|chunks256-random|full-scan,,zstd-c128-b16-chunks256-random-full-scan,synthetic,smooth4,2026-09-24,node-local /tmp,,,,uint16,0.051441755,Instrumented traces are excluded from throughput repetitions,read_overlap_controls,,,0.12766073776782488,retained per-encoding report and fixed sixteen-shard protocol,,,chunks256-random,16,,cpu-turin-gp-l-244-025,,/mnt/main0/home/nclack/tmp/2026-09-24-damacy-cold-blocks/job-3822266/filesystem.txt,"rw,relatime,attr2,inode64,logbufs=8,logbsize=32k,sunit=1024,swidth=4096,prjquota","Application call overlap is not device queue depth. The full-scan trace is a diagnostic subset, not a throughput measurement of the entire array. See read-runs for separate trace/timed-run locators.",,"{""between_read_gap_count"":""3"",""block_kib"":""16"",""chunk_kib"":""128"",""codec"":""zstd"",""fraction_at_sixteen_shards"":""0.12766073776782488"",""fraction_no_file_reads"":""0.20047831975156066"",""implementation"":""chunks256-random"",""longest_between_read_gap_seconds"":""0.002372796"",""mean_active_file_reads"":""11.17974570456393"",""mean_shards"":""10.055303975945668"",""median_between_read_gap_seconds"":""0.002107678"",""peak_active_file_reads"":""16"",""peak_shards"":""16"",""read_calls"":""512"",""read_span_seconds"":""0.051441755"",""reader_mib"":""279.4954586029053"",""storage_mib"":""279.53125"",""trace_seconds"":""0.056149887"",""verified_chunk_ranges"":""4096"",""workload"":""full-scan""}",fixed available files; observed read-call and file overlap are separate,available_shards,16,,2026-09-24-damacy-cold-blocks,131072,1073741824,512.0,,retained_derived_diagnostic,,279.4954586029053,279.53125,,,8d0931e7d131fd5d4c565458736ab586012c78c1 plus retained benchmark controls,diagnostic,2026-09-24-damacy-cold-blocks:68,,"[8,256,256]",uncompressed capacity,"[512,1024,1024]",bit,,/mnt/main0/home/nclack/tmp/2026-09-24-damacy-cold-blocks/job-3822266/report/concurrency.csv,,line:69,retained_verified_trace_summary,local XFS,,,,,,overlapping application pread calls in separate instrumented diagnostic,damacy,0.056149887,false,4096.0,,,,32,full-scan,
3.3848369174550936,16.0,2.78083204604378,13.0,"[512,4096,4096]",cpu,16384,local client pages evicted/checked; metadata warmed; caches reset; readahead mode recorded in implementation,"[1,256,256]",blosc-zstd,3,read_overlap|2026-09-24-damacy-cold-blocks|zstd|128|16|tensorstore|full-scan,,zstd-c128-b16-tensorstore-full-scan,synthetic,smooth4,2026-09-24,node-local /tmp,,,,uint16,0.105997089,Instrumented traces are excluded from throughput repetitions,read_overlap_controls,,,0.0,retained per-encoding report and fixed sixteen-shard protocol,,,tensorstore,16,,cpu-turin-gp-l-244-025,,/mnt/main0/home/nclack/tmp/2026-09-24-damacy-cold-blocks/job-3822266/filesystem.txt,"rw,relatime,attr2,inode64,logbufs=8,logbsize=32k,sunit=1024,swidth=4096,prjquota","Application call overlap is not device queue depth. The full-scan trace is a diagnostic subset, not a throughput measurement of the entire array. See read-runs for separate trace/timed-run locators.",,"{""between_read_gap_count"":""6"",""block_kib"":""16"",""chunk_kib"":""128"",""codec"":""zstd"",""fraction_at_sixteen_shards"":""0.0"",""fraction_no_file_reads"":""0.5522047995930406"",""implementation"":""tensorstore"",""longest_between_read_gap_seconds"":""0.037026602"",""mean_active_file_reads"":""3.3848369174550936"",""mean_shards"":""2.78083204604378"",""median_between_read_gap_seconds"":""1.57295e-05"",""peak_active_file_reads"":""16"",""peak_shards"":""13"",""read_calls"":""512"",""read_span_seconds"":""0.105997089"",""reader_mib"":""279.4954586029053"",""storage_mib"":""315.9921875"",""trace_seconds"":""0.153835501"",""verified_chunk_ranges"":""4096"",""workload"":""full-scan""}",fixed available files; observed read-call and file overlap are separate,available_shards,16,,2026-09-24-damacy-cold-blocks,131072,1073741824,512.0,,retained_derived_diagnostic,,279.4954586029053,315.9921875,,,0.1.85,diagnostic,2026-09-24-damacy-cold-blocks:69,,"[8,256,256]",uncompressed capacity,"[512,1024,1024]",bit,,/mnt/main0/home/nclack/tmp/2026-09-24-damacy-cold-blocks/job-3822266/report/concurrency.csv,,line:70,retained_verified_trace_summary,local XFS,,,,,,overlapping application pread calls in separate instrumented diagnostic,tensorstore,0.153835501,false,4096.0,,,,32,full-scan,
14.220113886409445,16.0,11.318959390252955,16.0,"[512,4096,4096]",cpu,16384,local client pages evicted/checked; metadata warmed; caches reset; readahead mode recorded in implementation,"[1,256,256]",blosc-zstd,3,read_overlap|2026-09-24-damacy-cold-blocks|zstd|128|16|chunks256-default|random-1x256x256,,zstd-c128-b16-chunks256-default-random-1x256x256,synthetic,smooth4,2026-09-24,node-local /tmp,,,,uint16,0.04412725,Instrumented traces are excluded from throughput repetitions,read_overlap_controls,,,0.010116294271070355,retained per-encoding report and fixed sixteen-shard protocol,,,chunks256-default,16,,cpu-turin-gp-l-244-025,,/mnt/main0/home/nclack/tmp/2026-09-24-damacy-cold-blocks/job-3822266/filesystem.txt,"rw,relatime,attr2,inode64,logbufs=8,logbsize=32k,sunit=1024,swidth=4096,prjquota","Application call overlap is not device queue depth. The full-scan trace is a diagnostic subset, not a throughput measurement of the entire array. See read-runs for separate trace/timed-run locators.",,"{""between_read_gap_count"":""0"",""block_kib"":""16"",""chunk_kib"":""128"",""codec"":""zstd"",""fraction_at_sixteen_shards"":""0.010116294271070355"",""fraction_no_file_reads"":""0.09664757778168921"",""implementation"":""chunks256-default"",""longest_between_read_gap_seconds"":""0.0"",""mean_active_file_reads"":""14.220113886409445"",""mean_shards"":""11.318959390252955"",""median_between_read_gap_seconds"":""0"",""peak_active_file_reads"":""16"",""peak_shards"":""16"",""read_calls"":""1182"",""read_span_seconds"":""0.04412725"",""reader_mib"":""138.0088930130005"",""storage_mib"":""142.19921875"",""trace_seconds"":""0.048848322"",""verified_chunk_ranges"":""2015"",""workload"":""random-1x256x256""}",fixed available files; observed read-call and file overlap are separate,available_shards,16,,2026-09-24-damacy-cold-blocks,131072,1073741824,1182.0,,retained_derived_diagnostic,,138.0088930130005,142.19921875,,,8d0931e7d131fd5d4c565458736ab586012c78c1 plus retained benchmark controls,diagnostic,2026-09-24-damacy-cold-blocks:70,,"[1,256,256]",uncompressed capacity,"[512,1024,1024]",bit,,/mnt/main0/home/nclack/tmp/2026-09-24-damacy-cold-blocks/job-3822266/report/concurrency.csv,,line:71,retained_verified_trace_summary,local XFS,,,,,,overlapping application pread calls in separate instrumented diagnostic,damacy,0.048848322,false,2015.0,,,,32,random-1x256x256,
14.248253049824356,16.0,11.344580235169245,16.0,"[512,4096,4096]",cpu,16384,local client pages evicted/checked; metadata warmed; caches reset; readahead mode recorded in implementation,"[1,256,256]",blosc-zstd,3,read_overlap|2026-09-24-damacy-cold-blocks|zstd|128|16|chunks256-random|random-1x256x256,,zstd-c128-b16-chunks256-random-random-1x256x256,synthetic,smooth4,2026-09-24,node-local /tmp,,,,uint16,0.043868133,Instrumented traces are excluded from throughput repetitions,read_overlap_controls,,,0.011420463772348809,retained per-encoding report and fixed sixteen-shard protocol,,,chunks256-random,16,,cpu-turin-gp-l-244-025,,/mnt/main0/home/nclack/tmp/2026-09-24-damacy-cold-blocks/job-3822266/filesystem.txt,"rw,relatime,attr2,inode64,logbufs=8,logbsize=32k,sunit=1024,swidth=4096,prjquota","Application call overlap is not device queue depth. The full-scan trace is a diagnostic subset, not a throughput measurement of the entire array. See read-runs for separate trace/timed-run locators.",,"{""between_read_gap_count"":""0"",""block_kib"":""16"",""chunk_kib"":""128"",""codec"":""zstd"",""fraction_at_sixteen_shards"":""0.011420463772348809"",""fraction_no_file_reads"":""0.09157197207762294"",""implementation"":""chunks256-random"",""longest_between_read_gap_seconds"":""0.0"",""mean_active_file_reads"":""14.248253049824356"",""mean_shards"":""11.344580235169245"",""median_between_read_gap_seconds"":""0"",""peak_active_file_reads"":""16"",""peak_shards"":""16"",""read_calls"":""1182"",""read_span_seconds"":""0.043868133"",""reader_mib"":""138.0088930130005"",""storage_mib"":""141.93359375"",""trace_seconds"":""0.048290158"",""verified_chunk_ranges"":""2015"",""workload"":""random-1x256x256""}",fixed available files; observed read-call and file overlap are separate,available_shards,16,,2026-09-24-damacy-cold-blocks,131072,1073741824,1182.0,,retained_derived_diagnostic,,138.0088930130005,141.93359375,,,8d0931e7d131fd5d4c565458736ab586012c78c1 plus retained benchmark controls,diagnostic,2026-09-24-damacy-cold-blocks:71,,"[1,256,256]",uncompressed capacity,"[512,1024,1024]",bit,,/mnt/main0/home/nclack/tmp/2026-09-24-damacy-cold-blocks/job-3822266/report/concurrency.csv,,line:72,retained_verified_trace_summary,local XFS,,,,,,overlapping application pread calls in separate instrumented diagnostic,damacy,0.048290158,false,2015.0,,,,32,random-1x256x256,
8.634265658320201,16.0,7.292396205770483,14.0,"[512,4096,4096]",cpu,16384,local client pages evicted/checked; metadata warmed; caches reset; readahead mode recorded in implementation,"[1,256,256]",blosc-zstd,3,read_overlap|2026-09-24-damacy-cold-blocks|zstd|128|16|tensorstore|random-1x256x256,,zstd-c128-b16-tensorstore-random-1x256x256,synthetic,smooth4,2026-09-24,node-local /tmp,,,,uint16,0.074894616,Instrumented traces are excluded from throughput repetitions,read_overlap_controls,,,0.0,retained per-encoding report and fixed sixteen-shard protocol,,,tensorstore,16,,cpu-turin-gp-l-244-025,,/mnt/main0/home/nclack/tmp/2026-09-24-damacy-cold-blocks/job-3822266/filesystem.txt,"rw,relatime,attr2,inode64,logbufs=8,logbsize=32k,sunit=1024,swidth=4096,prjquota","Application call overlap is not device queue depth. The full-scan trace is a diagnostic subset, not a throughput measurement of the entire array. See read-runs for separate trace/timed-run locators.",,"{""between_read_gap_count"":""1"",""block_kib"":""16"",""chunk_kib"":""128"",""codec"":""zstd"",""fraction_at_sixteen_shards"":""0.0"",""fraction_no_file_reads"":""0.08363533354103286"",""implementation"":""tensorstore"",""longest_between_read_gap_seconds"":""0.002650033"",""mean_active_file_reads"":""8.634265658320201"",""mean_shards"":""7.292396205770483"",""median_between_read_gap_seconds"":""0.002650033"",""peak_active_file_reads"":""16"",""peak_shards"":""14"",""read_calls"":""1180"",""read_span_seconds"":""0.074894616"",""reader_mib"":""137.7339677810669"",""storage_mib"":""142.19921875"",""trace_seconds"":""0.078838246"",""verified_chunk_ranges"":""2015"",""workload"":""random-1x256x256""}",fixed available files; observed read-call and file overlap are separate,available_shards,16,,2026-09-24-damacy-cold-blocks,131072,1073741824,1180.0,,retained_derived_diagnostic,,137.7339677810669,142.19921875,,,0.1.85,diagnostic,2026-09-24-damacy-cold-blocks:72,,"[1,256,256]",uncompressed capacity,"[512,1024,1024]",bit,,/mnt/main0/home/nclack/tmp/2026-09-24-damacy-cold-blocks/job-3822266/report/concurrency.csv,,line:73,retained_verified_trace_summary,local XFS,,,,,,overlapping application pread calls in separate instrumented diagnostic,tensorstore,0.078838246,false,2015.0,,,,32,random-1x256x256,
6.4086945419714,16.0,5.555864380152489,16.0,"[512,4096,4096]",cpu,65536,local client pages evicted/checked; metadata warmed; caches reset; readahead mode recorded in implementation,"[1,256,256]",blosc-zstd,3,read_overlap|2026-09-24-damacy-cold-blocks|zstd|128|64|chunks256-default|full-scan,,zstd-c128-b64-chunks256-default-full-scan,synthetic,smooth4,2026-09-24,node-local /tmp,,,,uint16,0.048972181,Instrumented traces are excluded from throughput repetitions,read_overlap_controls,,,0.08841030176577475,retained per-encoding report and fixed sixteen-shard protocol,,,chunks256-default,16,,cpu-turin-gp-l-244-025,,/mnt/main0/home/nclack/tmp/2026-09-24-damacy-cold-blocks/job-3822266/filesystem.txt,"rw,relatime,attr2,inode64,logbufs=8,logbsize=32k,sunit=1024,swidth=4096,prjquota","Application call overlap is not device queue depth. The full-scan trace is a diagnostic subset, not a throughput measurement of the entire array. See read-runs for separate trace/timed-run locators.",,"{""between_read_gap_count"":""9"",""block_kib"":""64"",""chunk_kib"":""128"",""codec"":""zstd"",""fraction_at_sixteen_shards"":""0.08841030176577475"",""fraction_no_file_reads"":""0.4558601363896715"",""implementation"":""chunks256-default"",""longest_between_read_gap_seconds"":""0.003663412"",""mean_active_file_reads"":""6.4086945419714"",""mean_shards"":""5.555864380152489"",""median_between_read_gap_seconds"":""0.002186868"",""peak_active_file_reads"":""16"",""peak_shards"":""16"",""read_calls"":""512"",""read_span_seconds"":""0.048972181"",""reader_mib"":""276.18482208251953"",""storage_mib"":""360.4375"",""trace_seconds"":""0.055493205"",""verified_chunk_ranges"":""4096"",""workload"":""full-scan""}",fixed available files; observed read-call and file overlap are separate,available_shards,16,,2026-09-24-damacy-cold-blocks,131072,1073741824,512.0,,retained_derived_diagnostic,,276.18482208251953,360.4375,,,8d0931e7d131fd5d4c565458736ab586012c78c1 plus retained benchmark controls,diagnostic,2026-09-24-damacy-cold-blocks:73,,"[8,256,256]",uncompressed capacity,"[512,1024,1024]",bit,,/mnt/main0/home/nclack/tmp/2026-09-24-damacy-cold-blocks/job-3822266/report/concurrency.csv,,line:74,retained_verified_trace_summary,local XFS,,,,,,overlapping application pread calls in separate instrumented diagnostic,damacy,0.055493205,false,4096.0,,,,32,full-scan,
12.576238505029147,16.0,11.47465267921843,16.0,"[512,4096,4096]",cpu,65536,local client pages evicted/checked; metadata warmed; caches reset; readahead mode recorded in implementation,"[1,256,256]",blosc-zstd,3,read_overlap|2026-09-24-damacy-cold-blocks|zstd|128|64|chunks256-random|full-scan,,zstd-c128-b64-chunks256-random-full-scan,synthetic,smooth4,2026-09-24,node-local /tmp,,,,uint16,0.048343157,Instrumented traces are excluded from throughput repetitions,read_overlap_controls,,,0.11911455509342435,retained per-encoding report and fixed sixteen-shard protocol,,,chunks256-random,16,,cpu-turin-gp-l-244-025,,/mnt/main0/home/nclack/tmp/2026-09-24-damacy-cold-blocks/job-3822266/filesystem.txt,"rw,relatime,attr2,inode64,logbufs=8,logbsize=32k,sunit=1024,swidth=4096,prjquota","Application call overlap is not device queue depth. The full-scan trace is a diagnostic subset, not a throughput measurement of the entire array. See read-runs for separate trace/timed-run locators.",,"{""between_read_gap_count"":""1"",""block_kib"":""64"",""chunk_kib"":""128"",""codec"":""zstd"",""fraction_at_sixteen_shards"":""0.11911455509342435"",""fraction_no_file_reads"":""0.12300573008704573"",""implementation"":""chunks256-random"",""longest_between_read_gap_seconds"":""0.001906021"",""mean_active_file_reads"":""12.576238505029147"",""mean_shards"":""11.47465267921843"",""median_between_read_gap_seconds"":""0.001906021"",""peak_active_file_reads"":""16"",""peak_shards"":""16"",""read_calls"":""512"",""read_span_seconds"":""0.048343157"",""reader_mib"":""276.18482208251953"",""storage_mib"":""276.21484375"",""trace_seconds"":""0.05295033"",""verified_chunk_ranges"":""4096"",""workload"":""full-scan""}",fixed available files; observed read-call and file overlap are separate,available_shards,16,,2026-09-24-damacy-cold-blocks,131072,1073741824,512.0,,retained_derived_diagnostic,,276.18482208251953,276.21484375,,,8d0931e7d131fd5d4c565458736ab586012c78c1 plus retained benchmark controls,diagnostic,2026-09-24-damacy-cold-blocks:74,,"[8,256,256]",uncompressed capacity,"[512,1024,1024]",bit,,/mnt/main0/home/nclack/tmp/2026-09-24-damacy-cold-blocks/job-3822266/report/concurrency.csv,,line:75,retained_verified_trace_summary,local XFS,,,,,,overlapping application pread calls in separate instrumented diagnostic,damacy,0.05295033,false,4096.0,,,,32,full-scan,
4.303766931057368,14.0,3.7841635940733873,13.0,"[512,4096,4096]",cpu,65536,local client pages evicted/checked; metadata warmed; caches reset; readahead mode recorded in implementation,"[1,256,256]",blosc-zstd,3,read_overlap|2026-09-24-damacy-cold-blocks|zstd|128|64|tensorstore|full-scan,,zstd-c128-b64-tensorstore-full-scan,synthetic,smooth4,2026-09-24,node-local /tmp,,,,uint16,0.128066454,Instrumented traces are excluded from throughput repetitions,read_overlap_controls,,,0.0,retained per-encoding report and fixed sixteen-shard protocol,,,tensorstore,16,,cpu-turin-gp-l-244-025,,/mnt/main0/home/nclack/tmp/2026-09-24-damacy-cold-blocks/job-3822266/filesystem.txt,"rw,relatime,attr2,inode64,logbufs=8,logbsize=32k,sunit=1024,swidth=4096,prjquota","Application call overlap is not device queue depth. The full-scan trace is a diagnostic subset, not a throughput measurement of the entire array. See read-runs for separate trace/timed-run locators.",,"{""between_read_gap_count"":""1"",""block_kib"":""64"",""chunk_kib"":""128"",""codec"":""zstd"",""fraction_at_sixteen_shards"":""0.0"",""fraction_no_file_reads"":""0.4424736534075312"",""implementation"":""tensorstore"",""longest_between_read_gap_seconds"":""0.043312018"",""mean_active_file_reads"":""4.303766931057368"",""mean_shards"":""3.7841635940733873"",""median_between_read_gap_seconds"":""0.043312018"",""peak_active_file_reads"":""14"",""peak_shards"":""13"",""read_calls"":""512"",""read_span_seconds"":""0.128066454"",""reader_mib"":""276.18482208251953"",""storage_mib"":""307.078125"",""trace_seconds"":""0.15201871"",""verified_chunk_ranges"":""4096"",""workload"":""full-scan""}",fixed available files; observed read-call and file overlap are separate,available_shards,16,,2026-09-24-damacy-cold-blocks,131072,1073741824,512.0,,retained_derived_diagnostic,,276.18482208251953,307.078125,,,0.1.85,diagnostic,2026-09-24-damacy-cold-blocks:75,,"[8,256,256]",uncompressed capacity,"[512,1024,1024]",bit,,/mnt/main0/home/nclack/tmp/2026-09-24-damacy-cold-blocks/job-3822266/report/concurrency.csv,,line:76,retained_verified_trace_summary,local XFS,,,,,,overlapping application pread calls in separate instrumented diagnostic,tensorstore,0.15201871,false,4096.0,,,,32,full-scan,
14.544747777307734,16.0,11.687750453276463,16.0,"[512,4096,4096]",cpu,65536,local client pages evicted/checked; metadata warmed; caches reset; readahead mode recorded in implementation,"[1,256,256]",blosc-zstd,3,read_overlap|2026-09-24-damacy-cold-blocks|zstd|128|64|chunks256-default|random-1x256x256,,zstd-c128-b64-chunks256-default-random-1x256x256,synthetic,smooth4,2026-09-24,node-local /tmp,,,,uint16,0.043990462,Instrumented traces are excluded from throughput repetitions,read_overlap_controls,,,0.0178693357245896,retained per-encoding report and fixed sixteen-shard protocol,,,chunks256-default,16,,cpu-turin-gp-l-244-025,,/mnt/main0/home/nclack/tmp/2026-09-24-damacy-cold-blocks/job-3822266/filesystem.txt,"rw,relatime,attr2,inode64,logbufs=8,logbsize=32k,sunit=1024,swidth=4096,prjquota","Application call overlap is not device queue depth. The full-scan trace is a diagnostic subset, not a throughput measurement of the entire array. See read-runs for separate trace/timed-run locators.",,"{""between_read_gap_count"":""0"",""block_kib"":""64"",""chunk_kib"":""128"",""codec"":""zstd"",""fraction_at_sixteen_shards"":""0.0178693357245896"",""fraction_no_file_reads"":""0.08172690807483594"",""implementation"":""chunks256-default"",""longest_between_read_gap_seconds"":""0.0"",""mean_active_file_reads"":""14.544747777307734"",""mean_shards"":""11.687750453276463"",""median_between_read_gap_seconds"":""0"",""peak_active_file_reads"":""16"",""peak_shards"":""16"",""read_calls"":""1182"",""read_span_seconds"":""0.043990462"",""reader_mib"":""136.3796730041504"",""storage_mib"":""140.41015625"",""trace_seconds"":""0.047905642"",""verified_chunk_ranges"":""2015"",""workload"":""random-1x256x256""}",fixed available files; observed read-call and file overlap are separate,available_shards,16,,2026-09-24-damacy-cold-blocks,131072,1073741824,1182.0,,retained_derived_diagnostic,,136.3796730041504,140.41015625,,,8d0931e7d131fd5d4c565458736ab586012c78c1 plus retained benchmark controls,diagnostic,2026-09-24-damacy-cold-blocks:76,,"[1,256,256]",uncompressed capacity,"[512,1024,1024]",bit,,/mnt/main0/home/nclack/tmp/2026-09-24-damacy-cold-blocks/job-3822266/report/concurrency.csv,,line:77,retained_verified_trace_summary,local XFS,,,,,,overlapping application pread calls in separate instrumented diagnostic,damacy,0.047905642,false,2015.0,,,,32,random-1x256x256,
14.459749585628954,16.0,11.657888289281608,16.0,"[512,4096,4096]",cpu,65536,local client pages evicted/checked; metadata warmed; caches reset; readahead mode recorded in implementation,"[1,256,256]",blosc-zstd,3,read_overlap|2026-09-24-damacy-cold-blocks|zstd|128|64|chunks256-random|random-1x256x256,,zstd-c128-b64-chunks256-random-random-1x256x256,synthetic,smooth4,2026-09-24,node-local /tmp,,,,uint16,0.043333948,Instrumented traces are excluded from throughput repetitions,read_overlap_controls,,,0.030842452504716216,retained per-encoding report and fixed sixteen-shard protocol,,,chunks256-random,16,,cpu-turin-gp-l-244-025,,/mnt/main0/home/nclack/tmp/2026-09-24-damacy-cold-blocks/job-3822266/filesystem.txt,"rw,relatime,attr2,inode64,logbufs=8,logbsize=32k,sunit=1024,swidth=4096,prjquota","Application call overlap is not device queue depth. The full-scan trace is a diagnostic subset, not a throughput measurement of the entire array. See read-runs for separate trace/timed-run locators.",,"{""between_read_gap_count"":""0"",""block_kib"":""64"",""chunk_kib"":""128"",""codec"":""zstd"",""fraction_at_sixteen_shards"":""0.030842452504716216"",""fraction_no_file_reads"":""0.08622656433702099"",""implementation"":""chunks256-random"",""longest_between_read_gap_seconds"":""0.0"",""mean_active_file_reads"":""14.459749585628954"",""mean_shards"":""11.657888289281608"",""median_between_read_gap_seconds"":""0"",""peak_active_file_reads"":""16"",""peak_shards"":""16"",""read_calls"":""1182"",""read_span_seconds"":""0.043333948"",""reader_mib"":""136.3796730041504"",""storage_mib"":""140.21875"",""trace_seconds"":""0.047423077"",""verified_chunk_ranges"":""2015"",""workload"":""random-1x256x256""}",fixed available files; observed read-call and file overlap are separate,available_shards,16,,2026-09-24-damacy-cold-blocks,131072,1073741824,1182.0,,retained_derived_diagnostic,,136.3796730041504,140.21875,,,8d0931e7d131fd5d4c565458736ab586012c78c1 plus retained benchmark controls,diagnostic,2026-09-24-damacy-cold-blocks:77,,"[1,256,256]",uncompressed capacity,"[512,1024,1024]",bit,,/mnt/main0/home/nclack/tmp/2026-09-24-damacy-cold-blocks/job-3822266/report/concurrency.csv,,line:78,retained_verified_trace_summary,local XFS,,,,,,overlapping application pread calls in separate instrumented diagnostic,damacy,0.047423077,false,2015.0,,,,32,random-1x256x256,
7.8665181912573665,16.0,6.61643505416227,15.0,"[512,4096,4096]",cpu,65536,local client pages evicted/checked; metadata warmed; caches reset; readahead mode recorded in implementation,"[1,256,256]",blosc-zstd,3,read_overlap|2026-09-24-damacy-cold-blocks|zstd|128|64|tensorstore|random-1x256x256,,zstd-c128-b64-tensorstore-random-1x256x256,synthetic,smooth4,2026-09-24,node-local /tmp,,,,uint16,0.08437818,Instrumented traces are excluded from throughput repetitions,read_overlap_controls,,,0.0,retained per-encoding report and fixed sixteen-shard protocol,,,tensorstore,16,,cpu-turin-gp-l-244-025,,/mnt/main0/home/nclack/tmp/2026-09-24-damacy-cold-blocks/job-3822266/filesystem.txt,"rw,relatime,attr2,inode64,logbufs=8,logbsize=32k,sunit=1024,swidth=4096,prjquota","Application call overlap is not device queue depth. The full-scan trace is a diagnostic subset, not a throughput measurement of the entire array. See read-runs for separate trace/timed-run locators.",,"{""between_read_gap_count"":""2"",""block_kib"":""64"",""chunk_kib"":""128"",""codec"":""zstd"",""fraction_at_sixteen_shards"":""0.0"",""fraction_no_file_reads"":""0.11104701621760908"",""implementation"":""tensorstore"",""longest_between_read_gap_seconds"":""0.00397761"",""mean_active_file_reads"":""7.8665181912573665"",""mean_shards"":""6.61643505416227"",""median_between_read_gap_seconds"":""0.0026437885"",""peak_active_file_reads"":""16"",""peak_shards"":""15"",""read_calls"":""1180"",""read_span_seconds"":""0.08437818"",""reader_mib"":""136.10807514190674"",""storage_mib"":""140.41015625"",""trace_seconds"":""0.088970513"",""verified_chunk_ranges"":""2015"",""workload"":""random-1x256x256""}",fixed available files; observed read-call and file overlap are separate,available_shards,16,,2026-09-24-damacy-cold-blocks,131072,1073741824,1180.0,,retained_derived_diagnostic,,136.10807514190674,140.41015625,,,0.1.85,diagnostic,2026-09-24-damacy-cold-blocks:78,,"[1,256,256]",uncompressed capacity,"[512,1024,1024]",bit,,/mnt/main0/home/nclack/tmp/2026-09-24-damacy-cold-blocks/job-3822266/report/concurrency.csv,,line:79,retained_verified_trace_summary,local XFS,,,,,,overlapping application pread calls in separate instrumented diagnostic,tensorstore,0.088970513,false,2015.0,,,,32,random-1x256x256,
3.512080248972002,16.0,3.512080248972002,16.0,"[512,4096,4096]",cpu,16384,local client pages evicted/checked; metadata warmed; caches reset; readahead mode recorded in implementation,"[1,128,128]",blosc-zstd,3,read_overlap|2026-09-24-damacy-cold-blocks|zstd|32|16|chunks256-default|full-scan,,zstd-c32-b16-chunks256-default-full-scan,synthetic,smooth4,2026-09-24,node-local /tmp,,,,uint16,0.079061954,Instrumented traces are excluded from throughput repetitions,read_overlap_controls,,,0.03934996769787883,retained per-encoding report and fixed sixteen-shard protocol,,,chunks256-default,16,,cpu-turin-gp-l-244-025,,/mnt/main0/home/nclack/tmp/2026-09-24-damacy-cold-blocks/job-3822266/filesystem.txt,"rw,relatime,attr2,inode64,logbufs=8,logbsize=32k,sunit=1024,swidth=4096,prjquota","Application call overlap is not device queue depth. The full-scan trace is a diagnostic subset, not a throughput measurement of the entire array. See read-runs for separate trace/timed-run locators.",,"{""between_read_gap_count"":""31"",""block_kib"":""16"",""chunk_kib"":""32"",""codec"":""zstd"",""fraction_at_sixteen_shards"":""0.03934996769787883"",""fraction_no_file_reads"":""0.5955201495039872"",""implementation"":""chunks256-default"",""longest_between_read_gap_seconds"":""0.002706002"",""mean_active_file_reads"":""3.512080248972002"",""mean_shards"":""3.512080248972002"",""median_between_read_gap_seconds"":""0.001264607"",""peak_active_file_reads"":""16"",""peak_shards"":""16"",""read_calls"":""512"",""read_span_seconds"":""0.079061954"",""reader_mib"":""278.57391357421875"",""storage_mib"":""354.65625"",""trace_seconds"":""0.085175521"",""verified_chunk_ranges"":""16384"",""workload"":""full-scan""}",fixed available files; observed read-call and file overlap are separate,available_shards,16,,2026-09-24-damacy-cold-blocks,32768,1073741824,512.0,,retained_derived_diagnostic,,278.57391357421875,354.65625,,,8d0931e7d131fd5d4c565458736ab586012c78c1 plus retained benchmark controls,diagnostic,2026-09-24-damacy-cold-blocks:79,,"[8,256,256]",uncompressed capacity,"[512,1024,1024]",bit,,/mnt/main0/home/nclack/tmp/2026-09-24-damacy-cold-blocks/job-3822266/report/concurrency.csv,,line:80,retained_verified_trace_summary,local XFS,,,,,,overlapping application pread calls in separate instrumented diagnostic,damacy,0.085175521,false,16384.0,,,,32,full-scan,
6.188341872863101,16.0,6.188341872863101,16.0,"[512,4096,4096]",cpu,16384,local client pages evicted/checked; metadata warmed; caches reset; readahead mode recorded in implementation,"[1,128,128]",blosc-zstd,3,read_overlap|2026-09-24-damacy-cold-blocks|zstd|32|16|chunks256-random|full-scan,,zstd-c32-b16-chunks256-random-full-scan,synthetic,smooth4,2026-09-24,node-local /tmp,,,,uint16,0.094558576,Instrumented traces are excluded from throughput repetitions,read_overlap_controls,,,0.20189347998453358,retained per-encoding report and fixed sixteen-shard protocol,,,chunks256-random,16,,cpu-turin-gp-l-244-025,,/mnt/main0/home/nclack/tmp/2026-09-24-damacy-cold-blocks/job-3822266/filesystem.txt,"rw,relatime,attr2,inode64,logbufs=8,logbsize=32k,sunit=1024,swidth=4096,prjquota","Application call overlap is not device queue depth. The full-scan trace is a diagnostic subset, not a throughput measurement of the entire array. See read-runs for separate trace/timed-run locators.",,"{""between_read_gap_count"":""31"",""block_kib"":""16"",""chunk_kib"":""32"",""codec"":""zstd"",""fraction_at_sixteen_shards"":""0.20189347998453358"",""fraction_no_file_reads"":""0.3972146542331826"",""implementation"":""chunks256-random"",""longest_between_read_gap_seconds"":""0.001634084"",""mean_active_file_reads"":""6.188341872863101"",""mean_shards"":""6.188341872863101"",""median_between_read_gap_seconds"":""0.001179588"",""peak_active_file_reads"":""16"",""peak_shards"":""16"",""read_calls"":""512"",""read_span_seconds"":""0.094558576"",""reader_mib"":""278.57391357421875"",""storage_mib"":""278.60546875"",""trace_seconds"":""0.099924901"",""verified_chunk_ranges"":""16384"",""workload"":""full-scan""}",fixed available files; observed read-call and file overlap are separate,available_shards,16,,2026-09-24-damacy-cold-blocks,32768,1073741824,512.0,,retained_derived_diagnostic,,278.57391357421875,278.60546875,,,8d0931e7d131fd5d4c565458736ab586012c78c1 plus retained benchmark controls,diagnostic,2026-09-24-damacy-cold-blocks:80,,"[8,256,256]",uncompressed capacity,"[512,1024,1024]",bit,,/mnt/main0/home/nclack/tmp/2026-09-24-damacy-cold-blocks/job-3822266/report/concurrency.csv,,line:81,retained_verified_trace_summary,local XFS,,,,,,overlapping application pread calls in separate instrumented diagnostic,damacy,0.099924901,false,16384.0,,,,32,full-scan,
3.389951743154079,13.0,2.8202097778682247,12.0,"[512,4096,4096]",cpu,16384,local client pages evicted/checked; metadata warmed; caches reset; readahead mode recorded in implementation,"[1,128,128]",blosc-zstd,3,read_overlap|2026-09-24-damacy-cold-blocks|zstd|32|16|tensorstore|full-scan,,zstd-c32-b16-tensorstore-full-scan,synthetic,smooth4,2026-09-24,node-local /tmp,,,,uint16,0.139391149,Instrumented traces are excluded from throughput repetitions,read_overlap_controls,,,0.0,retained per-encoding report and fixed sixteen-shard protocol,,,tensorstore,16,,cpu-turin-gp-l-244-025,,/mnt/main0/home/nclack/tmp/2026-09-24-damacy-cold-blocks/job-3822266/filesystem.txt,"rw,relatime,attr2,inode64,logbufs=8,logbsize=32k,sunit=1024,swidth=4096,prjquota","Application call overlap is not device queue depth. The full-scan trace is a diagnostic subset, not a throughput measurement of the entire array. See read-runs for separate trace/timed-run locators.",,"{""between_read_gap_count"":""1"",""block_kib"":""16"",""chunk_kib"":""32"",""codec"":""zstd"",""fraction_at_sixteen_shards"":""0.0"",""fraction_no_file_reads"":""0.46883950933940033"",""implementation"":""tensorstore"",""longest_between_read_gap_seconds"":""0.048769863"",""mean_active_file_reads"":""3.389951743154079"",""mean_shards"":""2.8202097778682247"",""median_between_read_gap_seconds"":""0.048769863"",""peak_active_file_reads"":""13"",""peak_shards"":""12"",""read_calls"":""512"",""read_span_seconds"":""0.139391149"",""reader_mib"":""278.57391357421875"",""storage_mib"":""306.68359375"",""trace_seconds"":""0.17060999"",""verified_chunk_ranges"":""16384"",""workload"":""full-scan""}",fixed available files; observed read-call and file overlap are separate,available_shards,16,,2026-09-24-damacy-cold-blocks,32768,1073741824,512.0,,retained_derived_diagnostic,,278.57391357421875,306.68359375,,,0.1.85,diagnostic,2026-09-24-damacy-cold-blocks:81,,"[8,256,256]",uncompressed capacity,"[512,1024,1024]",bit,,/mnt/main0/home/nclack/tmp/2026-09-24-damacy-cold-blocks/job-3822266/report/concurrency.csv,,line:82,retained_verified_trace_summary,local XFS,,,,,,overlapping application pread calls in separate instrumented diagnostic,tensorstore,0.17060999,false,16384.0,,,,32,full-scan,
14.632496855268572,16.0,11.528622924081835,16.0,"[512,4096,4096]",cpu,16384,local client pages evicted/checked; metadata warmed; caches reset; readahead mode recorded in implementation,"[1,128,128]",blosc-zstd,3,read_overlap|2026-09-24-damacy-cold-blocks|zstd|32|16|chunks256-default|random-1x256x256,,zstd-c32-b16-chunks256-default-random-1x256x256,synthetic,smooth4,2026-09-24,node-local /tmp,,,,uint16,0.042460137,Instrumented traces are excluded from throughput repetitions,read_overlap_controls,,,0.010747621908568032,retained per-encoding report and fixed sixteen-shard protocol,,,chunks256-default,16,,cpu-turin-gp-l-244-025,,/mnt/main0/home/nclack/tmp/2026-09-24-damacy-cold-blocks/job-3822266/filesystem.txt,"rw,relatime,attr2,inode64,logbufs=8,logbsize=32k,sunit=1024,swidth=4096,prjquota","Application call overlap is not device queue depth. The full-scan trace is a diagnostic subset, not a throughput measurement of the entire array. See read-runs for separate trace/timed-run locators.",,"{""between_read_gap_count"":""0"",""block_kib"":""16"",""chunk_kib"":""32"",""codec"":""zstd"",""fraction_at_sixteen_shards"":""0.010747621908568032"",""fraction_no_file_reads"":""0.0659433918205019"",""implementation"":""chunks256-default"",""longest_between_read_gap_seconds"":""0.0"",""mean_active_file_reads"":""14.632496855268572"",""mean_shards"":""11.528622924081835"",""median_between_read_gap_seconds"":""0"",""peak_active_file_reads"":""16"",""peak_shards"":""16"",""read_calls"":""1779"",""read_span_seconds"":""0.042460137"",""reader_mib"":""77.68504047393799"",""storage_mib"":""84.578125"",""trace_seconds"":""0.045457777"",""verified_chunk_ranges"":""4558"",""workload"":""random-1x256x256""}",fixed available files; observed read-call and file overlap are separate,available_shards,16,,2026-09-24-damacy-cold-blocks,32768,1073741824,1779.0,,retained_derived_diagnostic,,77.68504047393799,84.578125,,,8d0931e7d131fd5d4c565458736ab586012c78c1 plus retained benchmark controls,diagnostic,2026-09-24-damacy-cold-blocks:82,,"[1,256,256]",uncompressed capacity,"[512,1024,1024]",bit,,/mnt/main0/home/nclack/tmp/2026-09-24-damacy-cold-blocks/job-3822266/report/concurrency.csv,,line:83,retained_verified_trace_summary,local XFS,,,,,,overlapping application pread calls in separate instrumented diagnostic,damacy,0.045457777,false,4558.0,,,,32,random-1x256x256,
14.590346505285,16.0,11.531657970625009,16.0,"[512,4096,4096]",cpu,16384,local client pages evicted/checked; metadata warmed; caches reset; readahead mode recorded in implementation,"[1,128,128]",blosc-zstd,3,read_overlap|2026-09-24-damacy-cold-blocks|zstd|32|16|chunks256-random|random-1x256x256,,zstd-c32-b16-chunks256-random-random-1x256x256,synthetic,smooth4,2026-09-24,node-local /tmp,,,,uint16,0.041992372,Instrumented traces are excluded from throughput repetitions,read_overlap_controls,,,0.006463691048742646,retained per-encoding report and fixed sixteen-shard protocol,,,chunks256-random,16,,cpu-turin-gp-l-244-025,,/mnt/main0/home/nclack/tmp/2026-09-24-damacy-cold-blocks/job-3822266/filesystem.txt,"rw,relatime,attr2,inode64,logbufs=8,logbsize=32k,sunit=1024,swidth=4096,prjquota","Application call overlap is not device queue depth. The full-scan trace is a diagnostic subset, not a throughput measurement of the entire array. See read-runs for separate trace/timed-run locators.",,"{""between_read_gap_count"":""0"",""block_kib"":""16"",""chunk_kib"":""32"",""codec"":""zstd"",""fraction_at_sixteen_shards"":""0.006463691048742646"",""fraction_no_file_reads"":""0.06610381639059128"",""implementation"":""chunks256-random"",""longest_between_read_gap_seconds"":""0.0"",""mean_active_file_reads"":""14.590346505285"",""mean_shards"":""11.531657970625009"",""median_between_read_gap_seconds"":""0"",""peak_active_file_reads"":""16"",""peak_shards"":""16"",""read_calls"":""1779"",""read_span_seconds"":""0.041992372"",""reader_mib"":""77.68504047393799"",""storage_mib"":""84.50390625"",""trace_seconds"":""0.044964711"",""verified_chunk_ranges"":""4558"",""workload"":""random-1x256x256""}",fixed available files; observed read-call and file overlap are separate,available_shards,16,,2026-09-24-damacy-cold-blocks,32768,1073741824,1779.0,,retained_derived_diagnostic,,77.68504047393799,84.50390625,,,8d0931e7d131fd5d4c565458736ab586012c78c1 plus retained benchmark controls,diagnostic,2026-09-24-damacy-cold-blocks:83,,"[1,256,256]",uncompressed capacity,"[512,1024,1024]",bit,,/mnt/main0/home/nclack/tmp/2026-09-24-damacy-cold-blocks/job-3822266/report/concurrency.csv,,line:84,retained_verified_trace_summary,local XFS,,,,,,overlapping application pread calls in separate instrumented diagnostic,damacy,0.044964711,false,4558.0,,,,32,random-1x256x256,
9.803152655051823,16.0,7.721130443891886,13.0,"[512,4096,4096]",cpu,16384,local client pages evicted/checked; metadata warmed; caches reset; readahead mode recorded in implementation,"[1,128,128]",blosc-zstd,3,read_overlap|2026-09-24-damacy-cold-blocks|zstd|32|16|tensorstore|random-1x256x256,,zstd-c32-b16-tensorstore-random-1x256x256,synthetic,smooth4,2026-09-24,node-local /tmp,,,,uint16,0.061116836,Instrumented traces are excluded from throughput repetitions,read_overlap_controls,,,0.0,retained per-encoding report and fixed sixteen-shard protocol,,,tensorstore,16,,cpu-turin-gp-l-244-025,,/mnt/main0/home/nclack/tmp/2026-09-24-damacy-cold-blocks/job-3822266/filesystem.txt,"rw,relatime,attr2,inode64,logbufs=8,logbsize=32k,sunit=1024,swidth=4096,prjquota","Application call overlap is not device queue depth. The full-scan trace is a diagnostic subset, not a throughput measurement of the entire array. See read-runs for separate trace/timed-run locators.",,"{""between_read_gap_count"":""2"",""block_kib"":""16"",""chunk_kib"":""32"",""codec"":""zstd"",""fraction_at_sixteen_shards"":""0.0"",""fraction_no_file_reads"":""0.2238435260363881"",""implementation"":""tensorstore"",""longest_between_read_gap_seconds"":""0.008564473"",""mean_active_file_reads"":""9.803152655051823"",""mean_shards"":""7.721130443891886"",""median_between_read_gap_seconds"":""0.0045078995"",""peak_active_file_reads"":""16"",""peak_shards"":""13"",""read_calls"":""1777"",""read_span_seconds"":""0.061116836"",""reader_mib"":""77.58339309692383"",""storage_mib"":""84.578125"",""trace_seconds"":""0.067126976"",""verified_chunk_ranges"":""4558"",""workload"":""random-1x256x256""}",fixed available files; observed read-call and file overlap are separate,available_shards,16,,2026-09-24-damacy-cold-blocks,32768,1073741824,1777.0,,retained_derived_diagnostic,,77.58339309692383,84.578125,,,0.1.85,diagnostic,2026-09-24-damacy-cold-blocks:84,,"[1,256,256]",uncompressed capacity,"[512,1024,1024]",bit,,/mnt/main0/home/nclack/tmp/2026-09-24-damacy-cold-blocks/job-3822266/report/concurrency.csv,,line:85,retained_verified_trace_summary,local XFS,,,,,,overlapping application pread calls in separate instrumented diagnostic,tensorstore,0.067126976,false,4558.0,,,,32,random-1x256x256,
3.6266582430534835,16.0,3.6266582430534835,16.0,"[512,4096,4096]",cpu,32768,local client pages evicted/checked; metadata warmed; caches reset; readahead mode recorded in implementation,"[1,128,128]",blosc-zstd,3,read_overlap|2026-09-24-damacy-cold-blocks|zstd|32|32|chunks256-default|full-scan,,zstd-c32-b32-chunks256-default-full-scan,synthetic,smooth4,2026-09-24,node-local /tmp,,,,uint16,0.077003705,Instrumented traces are excluded from throughput repetitions,read_overlap_controls,,,0.0648144446339627,retained per-encoding report and fixed sixteen-shard protocol,,,chunks256-default,16,,cpu-turin-gp-l-244-025,,/mnt/main0/home/nclack/tmp/2026-09-24-damacy-cold-blocks/job-3822266/filesystem.txt,"rw,relatime,attr2,inode64,logbufs=8,logbsize=32k,sunit=1024,swidth=4096,prjquota","Application call overlap is not device queue depth. The full-scan trace is a diagnostic subset, not a throughput measurement of the entire array. See read-runs for separate trace/timed-run locators.",,"{""between_read_gap_count"":""31"",""block_kib"":""32"",""chunk_kib"":""32"",""codec"":""zstd"",""fraction_at_sixteen_shards"":""0.0648144446339627"",""fraction_no_file_reads"":""0.5900529399670058"",""implementation"":""chunks256-default"",""longest_between_read_gap_seconds"":""0.00296757"",""mean_active_file_reads"":""3.6266582430534835"",""mean_shards"":""3.6266582430534835"",""median_between_read_gap_seconds"":""0.001316517"",""peak_active_file_reads"":""16"",""peak_shards"":""16"",""read_calls"":""512"",""read_span_seconds"":""0.077003705"",""reader_mib"":""277.31936836242676"",""storage_mib"":""359.375"",""trace_seconds"":""0.082642288"",""verified_chunk_ranges"":""16384"",""workload"":""full-scan""}",fixed available files; observed read-call and file overlap are separate,available_shards,16,,2026-09-24-damacy-cold-blocks,32768,1073741824,512.0,,retained_derived_diagnostic,,277.31936836242676,359.375,,,8d0931e7d131fd5d4c565458736ab586012c78c1 plus retained benchmark controls,diagnostic,2026-09-24-damacy-cold-blocks:85,,"[8,256,256]",uncompressed capacity,"[512,1024,1024]",bit,,/mnt/main0/home/nclack/tmp/2026-09-24-damacy-cold-blocks/job-3822266/report/concurrency.csv,,line:86,retained_verified_trace_summary,local XFS,,,,,,overlapping application pread calls in separate instrumented diagnostic,damacy,0.082642288,false,16384.0,,,,32,full-scan,
6.606800982375903,16.0,6.606800982375903,16.0,"[512,4096,4096]",cpu,32768,local client pages evicted/checked; metadata warmed; caches reset; readahead mode recorded in implementation,"[1,128,128]",blosc-zstd,3,read_overlap|2026-09-24-damacy-cold-blocks|zstd|32|32|chunks256-random|full-scan,,zstd-c32-b32-chunks256-random-full-scan,synthetic,smooth4,2026-09-24,node-local /tmp,,,,uint16,0.090647985,Instrumented traces are excluded from throughput repetitions,read_overlap_controls,,,0.1787838371179621,retained per-encoding report and fixed sixteen-shard protocol,,,chunks256-random,16,,cpu-turin-gp-l-244-025,,/mnt/main0/home/nclack/tmp/2026-09-24-damacy-cold-blocks/job-3822266/filesystem.txt,"rw,relatime,attr2,inode64,logbufs=8,logbsize=32k,sunit=1024,swidth=4096,prjquota","Application call overlap is not device queue depth. The full-scan trace is a diagnostic subset, not a throughput measurement of the entire array. See read-runs for separate trace/timed-run locators.",,"{""between_read_gap_count"":""25"",""block_kib"":""32"",""chunk_kib"":""32"",""codec"":""zstd"",""fraction_at_sixteen_shards"":""0.1787838371179621"",""fraction_no_file_reads"":""0.3267503092703924"",""implementation"":""chunks256-random"",""longest_between_read_gap_seconds"":""0.001388085"",""mean_active_file_reads"":""6.606800982375903"",""mean_shards"":""6.606800982375903"",""median_between_read_gap_seconds"":""0.001108869"",""peak_active_file_reads"":""16"",""peak_shards"":""16"",""read_calls"":""512"",""read_span_seconds"":""0.090647985"",""reader_mib"":""277.31936836242676"",""storage_mib"":""277.3515625"",""trace_seconds"":""0.095810982"",""verified_chunk_ranges"":""16384"",""workload"":""full-scan""}",fixed available files; observed read-call and file overlap are separate,available_shards,16,,2026-09-24-damacy-cold-blocks,32768,1073741824,512.0,,retained_derived_diagnostic,,277.31936836242676,277.3515625,,,8d0931e7d131fd5d4c565458736ab586012c78c1 plus retained benchmark controls,diagnostic,2026-09-24-damacy-cold-blocks:86,,"[8,256,256]",uncompressed capacity,"[512,1024,1024]",bit,,/mnt/main0/home/nclack/tmp/2026-09-24-damacy-cold-blocks/job-3822266/report/concurrency.csv,,line:87,retained_verified_trace_summary,local XFS,,,,,,overlapping application pread calls in separate instrumented diagnostic,damacy,0.095810982,false,16384.0,,,,32,full-scan,
2.8902590697497583,16.0,2.3227753036736605,14.0,"[512,4096,4096]",cpu,32768,local client pages evicted/checked; metadata warmed; caches reset; readahead mode recorded in implementation,"[1,128,128]",blosc-zstd,3,read_overlap|2026-09-24-damacy-cold-blocks|zstd|32|32|tensorstore|full-scan,,zstd-c32-b32-tensorstore-full-scan,synthetic,smooth4,2026-09-24,node-local /tmp,,,,uint16,0.152295567,Instrumented traces are excluded from throughput repetitions,read_overlap_controls,,,0.0,retained per-encoding report and fixed sixteen-shard protocol,,,tensorstore,16,,cpu-turin-gp-l-244-025,,/mnt/main0/home/nclack/tmp/2026-09-24-damacy-cold-blocks/job-3822266/filesystem.txt,"rw,relatime,attr2,inode64,logbufs=8,logbsize=32k,sunit=1024,swidth=4096,prjquota","Application call overlap is not device queue depth. The full-scan trace is a diagnostic subset, not a throughput measurement of the entire array. See read-runs for separate trace/timed-run locators.",,"{""between_read_gap_count"":""6"",""block_kib"":""32"",""chunk_kib"":""32"",""codec"":""zstd"",""fraction_at_sixteen_shards"":""0.0"",""fraction_no_file_reads"":""0.5474588087165492"",""implementation"":""tensorstore"",""longest_between_read_gap_seconds"":""0.03431851"",""mean_active_file_reads"":""2.8902590697497583"",""mean_shards"":""2.3227753036736605"",""median_between_read_gap_seconds"":""4.86145e-05"",""peak_active_file_reads"":""16"",""peak_shards"":""14"",""read_calls"":""512"",""read_span_seconds"":""0.152295567"",""reader_mib"":""277.31936836242676"",""storage_mib"":""321.69921875"",""trace_seconds"":""0.20489347"",""verified_chunk_ranges"":""16384"",""workload"":""full-scan""}",fixed available files; observed read-call and file overlap are separate,available_shards,16,,2026-09-24-damacy-cold-blocks,32768,1073741824,512.0,,retained_derived_diagnostic,,277.31936836242676,321.69921875,,,0.1.85,diagnostic,2026-09-24-damacy-cold-blocks:87,,"[8,256,256]",uncompressed capacity,"[512,1024,1024]",bit,,/mnt/main0/home/nclack/tmp/2026-09-24-damacy-cold-blocks/job-3822266/report/concurrency.csv,,line:88,retained_verified_trace_summary,local XFS,,,,,,overlapping application pread calls in separate instrumented diagnostic,tensorstore,0.20489347,false,16384.0,,,,32,full-scan,
14.418576768205005,16.0,11.378434176926545,16.0,"[512,4096,4096]",cpu,32768,local client pages evicted/checked; metadata warmed; caches reset; readahead mode recorded in implementation,"[1,128,128]",blosc-zstd,3,read_overlap|2026-09-24-damacy-cold-blocks|zstd|32|32|chunks256-default|random-1x256x256,,zstd-c32-b32-chunks256-default-random-1x256x256,synthetic,smooth4,2026-09-24,node-local /tmp,,,,uint16,0.043744284,Instrumented traces are excluded from throughput repetitions,read_overlap_controls,,,0.012349115588407582,retained per-encoding report and fixed sixteen-shard protocol,,,chunks256-default,16,,cpu-turin-gp-l-244-025,,/mnt/main0/home/nclack/tmp/2026-09-24-damacy-cold-blocks/job-3822266/filesystem.txt,"rw,relatime,attr2,inode64,logbufs=8,logbsize=32k,sunit=1024,swidth=4096,prjquota","Application call overlap is not device queue depth. The full-scan trace is a diagnostic subset, not a throughput measurement of the entire array. See read-runs for separate trace/timed-run locators.",,"{""between_read_gap_count"":""1"",""block_kib"":""32"",""chunk_kib"":""32"",""codec"":""zstd"",""fraction_at_sixteen_shards"":""0.012349115588407582"",""fraction_no_file_reads"":""0.07425676998090437"",""implementation"":""chunks256-default"",""longest_between_read_gap_seconds"":""0.000540464"",""mean_active_file_reads"":""14.418576768205005"",""mean_shards"":""11.378434176926545"",""median_between_read_gap_seconds"":""0.000540464"",""peak_active_file_reads"":""16"",""peak_shards"":""16"",""read_calls"":""1779"",""read_span_seconds"":""0.043744284"",""reader_mib"":""77.31523704528809"",""storage_mib"":""84.10546875"",""trace_seconds"":""0.046669334"",""verified_chunk_ranges"":""4558"",""workload"":""random-1x256x256""}",fixed available files; observed read-call and file overlap are separate,available_shards,16,,2026-09-24-damacy-cold-blocks,32768,1073741824,1779.0,,retained_derived_diagnostic,,77.31523704528809,84.10546875,,,8d0931e7d131fd5d4c565458736ab586012c78c1 plus retained benchmark controls,diagnostic,2026-09-24-damacy-cold-blocks:88,,"[1,256,256]",uncompressed capacity,"[512,1024,1024]",bit,,/mnt/main0/home/nclack/tmp/2026-09-24-damacy-cold-blocks/job-3822266/report/concurrency.csv,,line:89,retained_verified_trace_summary,local XFS,,,,,,overlapping application pread calls in separate instrumented diagnostic,damacy,0.046669334,false,4558.0,,,,32,random-1x256x256,
14.650107742410212,16.0,11.708073136414802,16.0,"[512,4096,4096]",cpu,32768,local client pages evicted/checked; metadata warmed; caches reset; readahead mode recorded in implementation,"[1,128,128]",blosc-zstd,3,read_overlap|2026-09-24-damacy-cold-blocks|zstd|32|32|chunks256-random|random-1x256x256,,zstd-c32-b32-chunks256-random-random-1x256x256,synthetic,smooth4,2026-09-24,node-local /tmp,,,,uint16,0.041055501,Instrumented traces are excluded from throughput repetitions,read_overlap_controls,,,0.022651681732301008,retained per-encoding report and fixed sixteen-shard protocol,,,chunks256-random,16,,cpu-turin-gp-l-244-025,,/mnt/main0/home/nclack/tmp/2026-09-24-damacy-cold-blocks/job-3822266/filesystem.txt,"rw,relatime,attr2,inode64,logbufs=8,logbsize=32k,sunit=1024,swidth=4096,prjquota","Application call overlap is not device queue depth. The full-scan trace is a diagnostic subset, not a throughput measurement of the entire array. See read-runs for separate trace/timed-run locators.",,"{""between_read_gap_count"":""0"",""block_kib"":""32"",""chunk_kib"":""32"",""codec"":""zstd"",""fraction_at_sixteen_shards"":""0.022651681732301008"",""fraction_no_file_reads"":""0.06845980199538444"",""implementation"":""chunks256-random"",""longest_between_read_gap_seconds"":""0.0"",""mean_active_file_reads"":""14.650107742410212"",""mean_shards"":""11.708073136414802"",""median_between_read_gap_seconds"":""0"",""peak_active_file_reads"":""16"",""peak_shards"":""16"",""read_calls"":""1779"",""read_span_seconds"":""0.041055501"",""reader_mib"":""77.31523704528809"",""storage_mib"":""84.02734375"",""trace_seconds"":""0.04407271"",""verified_chunk_ranges"":""4558"",""workload"":""random-1x256x256""}",fixed available files; observed read-call and file overlap are separate,available_shards,16,,2026-09-24-damacy-cold-blocks,32768,1073741824,1779.0,,retained_derived_diagnostic,,77.31523704528809,84.02734375,,,8d0931e7d131fd5d4c565458736ab586012c78c1 plus retained benchmark controls,diagnostic,2026-09-24-damacy-cold-blocks:89,,"[1,256,256]",uncompressed capacity,"[512,1024,1024]",bit,,/mnt/main0/home/nclack/tmp/2026-09-24-damacy-cold-blocks/job-3822266/report/concurrency.csv,,line:90,retained_verified_trace_summary,local XFS,,,,,,overlapping application pread calls in separate instrumented diagnostic,damacy,0.04407271,false,4558.0,,,,32,random-1x256x256,
6.237661673831749,15.0,5.3211015682132565,14.0,"[512,4096,4096]",cpu,32768,local client pages evicted/checked; metadata warmed; caches reset; readahead mode recorded in implementation,"[1,128,128]",blosc-zstd,3,read_overlap|2026-09-24-damacy-cold-blocks|zstd|32|32|tensorstore|random-1x256x256,,zstd-c32-b32-tensorstore-random-1x256x256,synthetic,smooth4,2026-09-24,node-local /tmp,,,,uint16,0.088043993,Instrumented traces are excluded from throughput repetitions,read_overlap_controls,,,0.0,retained per-encoding report and fixed sixteen-shard protocol,,,tensorstore,16,,cpu-turin-gp-l-244-025,,/mnt/main0/home/nclack/tmp/2026-09-24-damacy-cold-blocks/job-3822266/filesystem.txt,"rw,relatime,attr2,inode64,logbufs=8,logbsize=32k,sunit=1024,swidth=4096,prjquota","Application call overlap is not device queue depth. The full-scan trace is a diagnostic subset, not a throughput measurement of the entire array. See read-runs for separate trace/timed-run locators.",,"{""between_read_gap_count"":""12"",""block_kib"":""32"",""chunk_kib"":""32"",""codec"":""zstd"",""fraction_at_sixteen_shards"":""0.0"",""fraction_no_file_reads"":""0.21058212647755187"",""implementation"":""tensorstore"",""longest_between_read_gap_seconds"":""0.009330505"",""mean_active_file_reads"":""6.237661673831749"",""mean_shards"":""5.3211015682132565"",""median_between_read_gap_seconds"":""9.51e-06"",""peak_active_file_reads"":""15"",""peak_shards"":""14"",""read_calls"":""1777"",""read_span_seconds"":""0.088043993"",""reader_mib"":""77.21386623382568"",""storage_mib"":""84.10546875"",""trace_seconds"":""0.099569685"",""verified_chunk_ranges"":""4558"",""workload"":""random-1x256x256""}",fixed available files; observed read-call and file overlap are separate,available_shards,16,,2026-09-24-damacy-cold-blocks,32768,1073741824,1777.0,,retained_derived_diagnostic,,77.21386623382568,84.10546875,,,0.1.85,diagnostic,2026-09-24-damacy-cold-blocks:90,,"[1,256,256]",uncompressed capacity,"[512,1024,1024]",bit,,/mnt/main0/home/nclack/tmp/2026-09-24-damacy-cold-blocks/job-3822266/report/concurrency.csv,,line:91,retained_verified_trace_summary,local XFS,,,,,,overlapping application pread calls in separate instrumented diagnostic,tensorstore,0.099569685,false,4558.0,,,,32,random-1x256x256,
3.4810714455516094,16.0,3.4810714455516094,16.0,"[512,4096,4096]",cpu,4096,local client pages evicted/checked; metadata warmed; caches reset; readahead mode recorded in implementation,"[1,128,128]",blosc-zstd,3,read_overlap|2026-09-24-damacy-cold-blocks|zstd|32|4|chunks256-default|full-scan,,zstd-c32-b4-chunks256-default-full-scan,synthetic,smooth4,2026-09-24,node-local /tmp,,,,uint16,0.08925013,Instrumented traces are excluded from throughput repetitions,read_overlap_controls,,,0.043315394422578465,retained per-encoding report and fixed sixteen-shard protocol,,,chunks256-default,16,,cpu-turin-gp-l-244-025,,/mnt/main0/home/nclack/tmp/2026-09-24-damacy-cold-blocks/job-3822266/filesystem.txt,"rw,relatime,attr2,inode64,logbufs=8,logbsize=32k,sunit=1024,swidth=4096,prjquota","Application call overlap is not device queue depth. The full-scan trace is a diagnostic subset, not a throughput measurement of the entire array. See read-runs for separate trace/timed-run locators.",,"{""between_read_gap_count"":""31"",""block_kib"":""4"",""chunk_kib"":""32"",""codec"":""zstd"",""fraction_at_sixteen_shards"":""0.043315394422578465"",""fraction_no_file_reads"":""0.5546548011908735"",""implementation"":""chunks256-default"",""longest_between_read_gap_seconds"":""0.002598154"",""mean_active_file_reads"":""3.4810714455516094"",""mean_shards"":""3.4810714455516094"",""median_between_read_gap_seconds"":""0.001532075"",""peak_active_file_reads"":""16"",""peak_shards"":""16"",""read_calls"":""512"",""read_span_seconds"":""0.08925013"",""reader_mib"":""287.5337448120117"",""storage_mib"":""333.6875"",""trace_seconds"":""0.095363278"",""verified_chunk_ranges"":""16384"",""workload"":""full-scan""}",fixed available files; observed read-call and file overlap are separate,available_shards,16,,2026-09-24-damacy-cold-blocks,32768,1073741824,512.0,,retained_derived_diagnostic,,287.5337448120117,333.6875,,,8d0931e7d131fd5d4c565458736ab586012c78c1 plus retained benchmark controls,diagnostic,2026-09-24-damacy-cold-blocks:91,,"[8,256,256]",uncompressed capacity,"[512,1024,1024]",bit,,/mnt/main0/home/nclack/tmp/2026-09-24-damacy-cold-blocks/job-3822266/report/concurrency.csv,,line:92,retained_verified_trace_summary,local XFS,,,,,,overlapping application pread calls in separate instrumented diagnostic,damacy,0.095363278,false,16384.0,,,,32,full-scan,
6.024217084272196,16.0,6.024217084272196,16.0,"[512,4096,4096]",cpu,4096,local client pages evicted/checked; metadata warmed; caches reset; readahead mode recorded in implementation,"[1,128,128]",blosc-zstd,3,read_overlap|2026-09-24-damacy-cold-blocks|zstd|32|4|chunks256-random|full-scan,,zstd-c32-b4-chunks256-random-full-scan,synthetic,smooth4,2026-09-24,node-local /tmp,,,,uint16,0.103752382,Instrumented traces are excluded from throughput repetitions,read_overlap_controls,,,0.1799822780765947,retained per-encoding report and fixed sixteen-shard protocol,,,chunks256-random,16,,cpu-turin-gp-l-244-025,,/mnt/main0/home/nclack/tmp/2026-09-24-damacy-cold-blocks/job-3822266/filesystem.txt,"rw,relatime,attr2,inode64,logbufs=8,logbsize=32k,sunit=1024,swidth=4096,prjquota","Application call overlap is not device queue depth. The full-scan trace is a diagnostic subset, not a throughput measurement of the entire array. See read-runs for separate trace/timed-run locators.",,"{""between_read_gap_count"":""29"",""block_kib"":""4"",""chunk_kib"":""32"",""codec"":""zstd"",""fraction_at_sixteen_shards"":""0.1799822780765947"",""fraction_no_file_reads"":""0.4123572906696368"",""implementation"":""chunks256-random"",""longest_between_read_gap_seconds"":""0.001796461"",""mean_active_file_reads"":""6.024217084272196"",""mean_shards"":""6.024217084272196"",""median_between_read_gap_seconds"":""0.001445645"",""peak_active_file_reads"":""16"",""peak_shards"":""16"",""read_calls"":""512"",""read_span_seconds"":""0.103752382"",""reader_mib"":""287.5337448120117"",""storage_mib"":""287.5703125"",""trace_seconds"":""0.109693511"",""verified_chunk_ranges"":""16384"",""workload"":""full-scan""}",fixed available files; observed read-call and file overlap are separate,available_shards,16,,2026-09-24-damacy-cold-blocks,32768,1073741824,512.0,,retained_derived_diagnostic,,287.5337448120117,287.5703125,,,8d0931e7d131fd5d4c565458736ab586012c78c1 plus retained benchmark controls,diagnostic,2026-09-24-damacy-cold-blocks:92,,"[8,256,256]",uncompressed capacity,"[512,1024,1024]",bit,,/mnt/main0/home/nclack/tmp/2026-09-24-damacy-cold-blocks/job-3822266/report/concurrency.csv,,line:93,retained_verified_trace_summary,local XFS,,,,,,overlapping application pread calls in separate instrumented diagnostic,damacy,0.109693511,false,16384.0,,,,32,full-scan,
2.6341004982518026,12.0,2.3422679936414323,11.0,"[512,4096,4096]",cpu,4096,local client pages evicted/checked; metadata warmed; caches reset; readahead mode recorded in implementation,"[1,128,128]",blosc-zstd,3,read_overlap|2026-09-24-damacy-cold-blocks|zstd|32|4|tensorstore|full-scan,,zstd-c32-b4-tensorstore-full-scan,synthetic,smooth4,2026-09-24,node-local /tmp,,,,uint16,0.144979712,Instrumented traces are excluded from throughput repetitions,read_overlap_controls,,,0.0,retained per-encoding report and fixed sixteen-shard protocol,,,tensorstore,16,,cpu-turin-gp-l-244-025,,/mnt/main0/home/nclack/tmp/2026-09-24-damacy-cold-blocks/job-3822266/filesystem.txt,"rw,relatime,attr2,inode64,logbufs=8,logbsize=32k,sunit=1024,swidth=4096,prjquota","Application call overlap is not device queue depth. The full-scan trace is a diagnostic subset, not a throughput measurement of the entire array. See read-runs for separate trace/timed-run locators.",,"{""between_read_gap_count"":""5"",""block_kib"":""4"",""chunk_kib"":""32"",""codec"":""zstd"",""fraction_at_sixteen_shards"":""0.0"",""fraction_no_file_reads"":""0.5872465284534751"",""implementation"":""tensorstore"",""longest_between_read_gap_seconds"":""0.059199386"",""mean_active_file_reads"":""2.6341004982518026"",""mean_shards"":""2.3422679936414323"",""median_between_read_gap_seconds"":""4.0179e-05"",""peak_active_file_reads"":""12"",""peak_shards"":""11"",""read_calls"":""512"",""read_span_seconds"":""0.144979712"",""reader_mib"":""287.5337448120117"",""storage_mib"":""313.98046875"",""trace_seconds"":""0.207460564"",""verified_chunk_ranges"":""16384"",""workload"":""full-scan""}",fixed available files; observed read-call and file overlap are separate,available_shards,16,,2026-09-24-damacy-cold-blocks,32768,1073741824,512.0,,retained_derived_diagnostic,,287.5337448120117,313.98046875,,,0.1.85,diagnostic,2026-09-24-damacy-cold-blocks:93,,"[8,256,256]",uncompressed capacity,"[512,1024,1024]",bit,,/mnt/main0/home/nclack/tmp/2026-09-24-damacy-cold-blocks/job-3822266/report/concurrency.csv,,line:94,retained_verified_trace_summary,local XFS,,,,,,overlapping application pread calls in separate instrumented diagnostic,tensorstore,0.207460564,false,16384.0,,,,32,full-scan,
14.582104004543933,16.0,11.462122145333067,16.0,"[512,4096,4096]",cpu,4096,local client pages evicted/checked; metadata warmed; caches reset; readahead mode recorded in implementation,"[1,128,128]",blosc-zstd,3,read_overlap|2026-09-24-damacy-cold-blocks|zstd|32|4|chunks256-default|random-1x256x256,,zstd-c32-b4-chunks256-default-random-1x256x256,synthetic,smooth4,2026-09-24,node-local /tmp,,,,uint16,0.039542457,Instrumented traces are excluded from throughput repetitions,read_overlap_controls,,,0.013464423120896817,retained per-encoding report and fixed sixteen-shard protocol,,,chunks256-default,16,,cpu-turin-gp-l-244-025,,/mnt/main0/home/nclack/tmp/2026-09-24-damacy-cold-blocks/job-3822266/filesystem.txt,"rw,relatime,attr2,inode64,logbufs=8,logbsize=32k,sunit=1024,swidth=4096,prjquota","Application call overlap is not device queue depth. The full-scan trace is a diagnostic subset, not a throughput measurement of the entire array. See read-runs for separate trace/timed-run locators.",,"{""between_read_gap_count"":""0"",""block_kib"":""4"",""chunk_kib"":""32"",""codec"":""zstd"",""fraction_at_sixteen_shards"":""0.013464423120896817"",""fraction_no_file_reads"":""0.07641322768755109"",""implementation"":""chunks256-default"",""longest_between_read_gap_seconds"":""0.0"",""mean_active_file_reads"":""14.582104004543933"",""mean_shards"":""11.462122145333067"",""median_between_read_gap_seconds"":""0"",""peak_active_file_reads"":""16"",""peak_shards"":""16"",""read_calls"":""1779"",""read_span_seconds"":""0.039542457"",""reader_mib"":""80.15692329406738"",""storage_mib"":""86.94140625"",""trace_seconds"":""0.042814014"",""verified_chunk_ranges"":""4558"",""workload"":""random-1x256x256""}",fixed available files; observed read-call and file overlap are separate,available_shards,16,,2026-09-24-damacy-cold-blocks,32768,1073741824,1779.0,,retained_derived_diagnostic,,80.15692329406738,86.94140625,,,8d0931e7d131fd5d4c565458736ab586012c78c1 plus retained benchmark controls,diagnostic,2026-09-24-damacy-cold-blocks:94,,"[1,256,256]",uncompressed capacity,"[512,1024,1024]",bit,,/mnt/main0/home/nclack/tmp/2026-09-24-damacy-cold-blocks/job-3822266/report/concurrency.csv,,line:95,retained_verified_trace_summary,local XFS,,,,,,overlapping application pread calls in separate instrumented diagnostic,damacy,0.042814014,false,4558.0,,,,32,random-1x256x256,
14.70392795624514,16.0,11.588736765083231,16.0,"[512,4096,4096]",cpu,4096,local client pages evicted/checked; metadata warmed; caches reset; readahead mode recorded in implementation,"[1,128,128]",blosc-zstd,3,read_overlap|2026-09-24-damacy-cold-blocks|zstd|32|4|chunks256-random|random-1x256x256,,zstd-c32-b4-chunks256-random-random-1x256x256,synthetic,smooth4,2026-09-24,node-local /tmp,,,,uint16,0.041872613,Instrumented traces are excluded from throughput repetitions,read_overlap_controls,,,0.01536582833746711,retained per-encoding report and fixed sixteen-shard protocol,,,chunks256-random,16,,cpu-turin-gp-l-244-025,,/mnt/main0/home/nclack/tmp/2026-09-24-damacy-cold-blocks/job-3822266/filesystem.txt,"rw,relatime,attr2,inode64,logbufs=8,logbsize=32k,sunit=1024,swidth=4096,prjquota","Application call overlap is not device queue depth. The full-scan trace is a diagnostic subset, not a throughput measurement of the entire array. See read-runs for separate trace/timed-run locators.",,"{""between_read_gap_count"":""0"",""block_kib"":""4"",""chunk_kib"":""32"",""codec"":""zstd"",""fraction_at_sixteen_shards"":""0.01536582833746711"",""fraction_no_file_reads"":""0.06635238277778932"",""implementation"":""chunks256-random"",""longest_between_read_gap_seconds"":""0.0"",""mean_active_file_reads"":""14.70392795624514"",""mean_shards"":""11.588736765083231"",""median_between_read_gap_seconds"":""0"",""peak_active_file_reads"":""16"",""peak_shards"":""16"",""read_calls"":""1779"",""read_span_seconds"":""0.041872613"",""reader_mib"":""80.15692329406738"",""storage_mib"":""86.86328125"",""trace_seconds"":""0.044848412"",""verified_chunk_ranges"":""4558"",""workload"":""random-1x256x256""}",fixed available files; observed read-call and file overlap are separate,available_shards,16,,2026-09-24-damacy-cold-blocks,32768,1073741824,1779.0,,retained_derived_diagnostic,,80.15692329406738,86.86328125,,,8d0931e7d131fd5d4c565458736ab586012c78c1 plus retained benchmark controls,diagnostic,2026-09-24-damacy-cold-blocks:95,,"[1,256,256]",uncompressed capacity,"[512,1024,1024]",bit,,/mnt/main0/home/nclack/tmp/2026-09-24-damacy-cold-blocks/job-3822266/report/concurrency.csv,,line:96,retained_verified_trace_summary,local XFS,,,,,,overlapping application pread calls in separate instrumented diagnostic,damacy,0.044848412,false,4558.0,,,,32,random-1x256x256,
6.286856835540976,16.0,5.321301238607114,13.0,"[512,4096,4096]",cpu,4096,local client pages evicted/checked; metadata warmed; caches reset; readahead mode recorded in implementation,"[1,128,128]",blosc-zstd,3,read_overlap|2026-09-24-damacy-cold-blocks|zstd|32|4|tensorstore|random-1x256x256,,zstd-c32-b4-tensorstore-random-1x256x256,synthetic,smooth4,2026-09-24,node-local /tmp,,,,uint16,0.087767615,Instrumented traces are excluded from throughput repetitions,read_overlap_controls,,,0.0,retained per-encoding report and fixed sixteen-shard protocol,,,tensorstore,16,,cpu-turin-gp-l-244-025,,/mnt/main0/home/nclack/tmp/2026-09-24-damacy-cold-blocks/job-3822266/filesystem.txt,"rw,relatime,attr2,inode64,logbufs=8,logbsize=32k,sunit=1024,swidth=4096,prjquota","Application call overlap is not device queue depth. The full-scan trace is a diagnostic subset, not a throughput measurement of the entire array. See read-runs for separate trace/timed-run locators.",,"{""between_read_gap_count"":""14"",""block_kib"":""4"",""chunk_kib"":""32"",""codec"":""zstd"",""fraction_at_sixteen_shards"":""0.0"",""fraction_no_file_reads"":""0.2143920702719047"",""implementation"":""tensorstore"",""longest_between_read_gap_seconds"":""0.008480693"",""mean_active_file_reads"":""6.286856835540976"",""mean_shards"":""5.321301238607114"",""median_between_read_gap_seconds"":""9.86e-06"",""peak_active_file_reads"":""16"",""peak_shards"":""13"",""read_calls"":""1777"",""read_span_seconds"":""0.087767615"",""reader_mib"":""80.05155658721924"",""storage_mib"":""86.94140625"",""trace_seconds"":""0.100750592"",""verified_chunk_ranges"":""4558"",""workload"":""random-1x256x256""}",fixed available files; observed read-call and file overlap are separate,available_shards,16,,2026-09-24-damacy-cold-blocks,32768,1073741824,1777.0,,retained_derived_diagnostic,,80.05155658721924,86.94140625,,,0.1.85,diagnostic,2026-09-24-damacy-cold-blocks:96,,"[1,256,256]",uncompressed capacity,"[512,1024,1024]",bit,,/mnt/main0/home/nclack/tmp/2026-09-24-damacy-cold-blocks/job-3822266/report/concurrency.csv,,line:97,retained_verified_trace_summary,local XFS,,,,,,overlapping application pread calls in separate instrumented diagnostic,tensorstore,0.100750592,false,4558.0,,,,32,random-1x256x256,
7.61816798270627,16.0,5.728419048915556,16.0,"[512,4096,4096]",cpu,16384,local client pages evicted/checked; metadata warmed; caches reset; readahead mode recorded in implementation,"[1,512,512]",blosc-zstd,3,read_overlap|2026-09-24-damacy-cold-blocks|zstd|512|16|chunks256-default|full-scan,,zstd-c512-b16-chunks256-default-full-scan,synthetic,smooth4,2026-09-24,node-local /tmp,,,,uint16,0.047798883,Instrumented traces are excluded from throughput repetitions,read_overlap_controls,,,0.06435566887931718,retained per-encoding report and fixed sixteen-shard protocol,,,chunks256-default,16,,cpu-turin-gp-l-244-025,,/mnt/main0/home/nclack/tmp/2026-09-24-damacy-cold-blocks/job-3822266/filesystem.txt,"rw,relatime,attr2,inode64,logbufs=8,logbsize=32k,sunit=1024,swidth=4096,prjquota","Application call overlap is not device queue depth. The full-scan trace is a diagnostic subset, not a throughput measurement of the entire array. See read-runs for separate trace/timed-run locators.",,"{""between_read_gap_count"":""1"",""block_kib"":""16"",""chunk_kib"":""512"",""codec"":""zstd"",""fraction_at_sixteen_shards"":""0.06435566887931718"",""fraction_no_file_reads"":""0.47498993838388787"",""implementation"":""chunks256-default"",""longest_between_read_gap_seconds"":""0.014539672"",""mean_active_file_reads"":""7.61816798270627"",""mean_shards"":""5.728419048915556"",""median_between_read_gap_seconds"":""0.014539672"",""peak_active_file_reads"":""16"",""peak_shards"":""16"",""read_calls"":""512"",""read_span_seconds"":""0.047798883"",""reader_mib"":""279.92474269866943"",""storage_mib"":""359.421875"",""trace_seconds"":""0.063349664"",""verified_chunk_ranges"":""1024"",""workload"":""full-scan""}",fixed available files; observed read-call and file overlap are separate,available_shards,16,,2026-09-24-damacy-cold-blocks,524288,1073741824,512.0,,retained_derived_diagnostic,,279.92474269866943,359.421875,,,8d0931e7d131fd5d4c565458736ab586012c78c1 plus retained benchmark controls,diagnostic,2026-09-24-damacy-cold-blocks:97,,"[8,256,256]",uncompressed capacity,"[512,1024,1024]",bit,,/mnt/main0/home/nclack/tmp/2026-09-24-damacy-cold-blocks/job-3822266/report/concurrency.csv,,line:98,retained_verified_trace_summary,local XFS,,,,,,overlapping application pread calls in separate instrumented diagnostic,damacy,0.063349664,false,1024.0,,,,32,full-scan,
9.963934273663144,16.0,8.826808118036292,16.0,"[512,4096,4096]",cpu,16384,local client pages evicted/checked; metadata warmed; caches reset; readahead mode recorded in implementation,"[1,512,512]",blosc-zstd,3,read_overlap|2026-09-24-damacy-cold-blocks|zstd|512|16|chunks256-random|full-scan,,zstd-c512-b16-chunks256-random-full-scan,synthetic,smooth4,2026-09-24,node-local /tmp,,,,uint16,0.050156159,Instrumented traces are excluded from throughput repetitions,read_overlap_controls,,,0.044726922817698626,retained per-encoding report and fixed sixteen-shard protocol,,,chunks256-random,16,,cpu-turin-gp-l-244-025,,/mnt/main0/home/nclack/tmp/2026-09-24-damacy-cold-blocks/job-3822266/filesystem.txt,"rw,relatime,attr2,inode64,logbufs=8,logbsize=32k,sunit=1024,swidth=4096,prjquota","Application call overlap is not device queue depth. The full-scan trace is a diagnostic subset, not a throughput measurement of the entire array. See read-runs for separate trace/timed-run locators.",,"{""between_read_gap_count"":""1"",""block_kib"":""16"",""chunk_kib"":""512"",""codec"":""zstd"",""fraction_at_sixteen_shards"":""0.044726922817698626"",""fraction_no_file_reads"":""0.3431999447923184"",""implementation"":""chunks256-random"",""longest_between_read_gap_seconds"":""0.009392634"",""mean_active_file_reads"":""9.963934273663144"",""mean_shards"":""8.826808118036292"",""median_between_read_gap_seconds"":""0.009392634"",""peak_active_file_reads"":""16"",""peak_shards"":""16"",""read_calls"":""512"",""read_span_seconds"":""0.050156159"",""reader_mib"":""279.92474269866943"",""storage_mib"":""279.95703125"",""trace_seconds"":""0.062063827"",""verified_chunk_ranges"":""1024"",""workload"":""full-scan""}",fixed available files; observed read-call and file overlap are separate,available_shards,16,,2026-09-24-damacy-cold-blocks,524288,1073741824,512.0,,retained_derived_diagnostic,,279.92474269866943,279.95703125,,,8d0931e7d131fd5d4c565458736ab586012c78c1 plus retained benchmark controls,diagnostic,2026-09-24-damacy-cold-blocks:98,,"[8,256,256]",uncompressed capacity,"[512,1024,1024]",bit,,/mnt/main0/home/nclack/tmp/2026-09-24-damacy-cold-blocks/job-3822266/report/concurrency.csv,,line:99,retained_verified_trace_summary,local XFS,,,,,,overlapping application pread calls in separate instrumented diagnostic,damacy,0.062063827,false,1024.0,,,,32,full-scan,
4.304193290840687,16.0,3.1769848754243912,14.0,"[512,4096,4096]",cpu,16384,local client pages evicted/checked; metadata warmed; caches reset; readahead mode recorded in implementation,"[1,512,512]",blosc-zstd,3,read_overlap|2026-09-24-damacy-cold-blocks|zstd|512|16|tensorstore|full-scan,,zstd-c512-b16-tensorstore-full-scan,synthetic,smooth4,2026-09-24,node-local /tmp,,,,uint16,0.112826249,Instrumented traces are excluded from throughput repetitions,read_overlap_controls,,,0.0,retained per-encoding report and fixed sixteen-shard protocol,,,tensorstore,16,,cpu-turin-gp-l-244-025,,/mnt/main0/home/nclack/tmp/2026-09-24-damacy-cold-blocks/job-3822266/filesystem.txt,"rw,relatime,attr2,inode64,logbufs=8,logbsize=32k,sunit=1024,swidth=4096,prjquota","Application call overlap is not device queue depth. The full-scan trace is a diagnostic subset, not a throughput measurement of the entire array. See read-runs for separate trace/timed-run locators.",,"{""between_read_gap_count"":""1"",""block_kib"":""16"",""chunk_kib"":""512"",""codec"":""zstd"",""fraction_at_sixteen_shards"":""0.0"",""fraction_no_file_reads"":""0.6850709078603079"",""implementation"":""tensorstore"",""longest_between_read_gap_seconds"":""0.062334255"",""mean_active_file_reads"":""4.304193290840687"",""mean_shards"":""3.1769848754243912"",""median_between_read_gap_seconds"":""0.062334255"",""peak_active_file_reads"":""16"",""peak_shards"":""14"",""read_calls"":""512"",""read_span_seconds"":""0.112826249"",""reader_mib"":""279.92474269866943"",""storage_mib"":""314.98828125"",""trace_seconds"":""0.160328135"",""verified_chunk_ranges"":""1024"",""workload"":""full-scan""}",fixed available files; observed read-call and file overlap are separate,available_shards,16,,2026-09-24-damacy-cold-blocks,524288,1073741824,512.0,,retained_derived_diagnostic,,279.92474269866943,314.98828125,,,0.1.85,diagnostic,2026-09-24-damacy-cold-blocks:99,,"[8,256,256]",uncompressed capacity,"[512,1024,1024]",bit,,/mnt/main0/home/nclack/tmp/2026-09-24-damacy-cold-blocks/job-3822266/report/concurrency.csv,,line:100,retained_verified_trace_summary,local XFS,,,,,,overlapping application pread calls in separate instrumented diagnostic,tensorstore,0.160328135,false,1024.0,,,,32,full-scan,
11.501199782983,16.0,9.150307463759093,16.0,"[512,4096,4096]",cpu,16384,local client pages evicted/checked; metadata warmed; caches reset; readahead mode recorded in implementation,"[1,512,512]",blosc-zstd,3,read_overlap|2026-09-24-damacy-cold-blocks|zstd|512|16|chunks256-default|random-1x256x256,,zstd-c512-b16-chunks256-default-random-1x256x256,synthetic,smooth4,2026-09-24,node-local /tmp,,,,uint16,0.061297585,Instrumented traces are excluded from throughput repetitions,read_overlap_controls,,,0.026472807234847812,retained per-encoding report and fixed sixteen-shard protocol,,,chunks256-default,16,,cpu-turin-gp-l-244-025,,/mnt/main0/home/nclack/tmp/2026-09-24-damacy-cold-blocks/job-3822266/filesystem.txt,"rw,relatime,attr2,inode64,logbufs=8,logbsize=32k,sunit=1024,swidth=4096,prjquota","Application call overlap is not device queue depth. The full-scan trace is a diagnostic subset, not a throughput measurement of the entire array. See read-runs for separate trace/timed-run locators.",,"{""between_read_gap_count"":""2"",""block_kib"":""16"",""chunk_kib"":""512"",""codec"":""zstd"",""fraction_at_sixteen_shards"":""0.026472807234847812"",""fraction_no_file_reads"":""0.23918937294701392"",""implementation"":""chunks256-default"",""longest_between_read_gap_seconds"":""0.004758162"",""mean_active_file_reads"":""11.501199782983"",""mean_shards"":""9.150307463759093"",""median_between_read_gap_seconds"":""0.004749602"",""peak_active_file_reads"":""16"",""peak_shards"":""16"",""read_calls"":""827"",""read_span_seconds"":""0.061297585"",""reader_mib"":""291.74203300476074"",""storage_mib"":""294.91796875"",""trace_seconds"":""0.068083146"",""verified_chunk_ranges"":""1055"",""workload"":""random-1x256x256""}",fixed available files; observed read-call and file overlap are separate,available_shards,16,,2026-09-24-damacy-cold-blocks,524288,1073741824,827.0,,retained_derived_diagnostic,,291.74203300476074,294.91796875,,,8d0931e7d131fd5d4c565458736ab586012c78c1 plus retained benchmark controls,diagnostic,2026-09-24-damacy-cold-blocks:100,,"[1,256,256]",uncompressed capacity,"[512,1024,1024]",bit,,/mnt/main0/home/nclack/tmp/2026-09-24-damacy-cold-blocks/job-3822266/report/concurrency.csv,,line:101,retained_verified_trace_summary,local XFS,,,,,,overlapping application pread calls in separate instrumented diagnostic,damacy,0.068083146,false,1055.0,,,,32,random-1x256x256,
11.409861534553716,16.0,9.062562634974345,16.0,"[512,4096,4096]",cpu,16384,local client pages evicted/checked; metadata warmed; caches reset; readahead mode recorded in implementation,"[1,512,512]",blosc-zstd,3,read_overlap|2026-09-24-damacy-cold-blocks|zstd|512|16|chunks256-random|random-1x256x256,,zstd-c512-b16-chunks256-random-random-1x256x256,synthetic,smooth4,2026-09-24,node-local /tmp,,,,uint16,0.061758911,Instrumented traces are excluded from throughput repetitions,read_overlap_controls,,,0.02661408960257639,retained per-encoding report and fixed sixteen-shard protocol,,,chunks256-random,16,,cpu-turin-gp-l-244-025,,/mnt/main0/home/nclack/tmp/2026-09-24-damacy-cold-blocks/job-3822266/filesystem.txt,"rw,relatime,attr2,inode64,logbufs=8,logbsize=32k,sunit=1024,swidth=4096,prjquota","Application call overlap is not device queue depth. The full-scan trace is a diagnostic subset, not a throughput measurement of the entire array. See read-runs for separate trace/timed-run locators.",,"{""between_read_gap_count"":""2"",""block_kib"":""16"",""chunk_kib"":""512"",""codec"":""zstd"",""fraction_at_sixteen_shards"":""0.02661408960257639"",""fraction_no_file_reads"":""0.24232995882367506"",""implementation"":""chunks256-random"",""longest_between_read_gap_seconds"":""0.005074518"",""mean_active_file_reads"":""11.409861534553716"",""mean_shards"":""9.062562634974345"",""median_between_read_gap_seconds"":""0.00491222"",""peak_active_file_reads"":""16"",""peak_shards"":""16"",""read_calls"":""827"",""read_span_seconds"":""0.061758911"",""reader_mib"":""291.74203300476074"",""storage_mib"":""291.03125"",""trace_seconds"":""0.068544971"",""verified_chunk_ranges"":""1055"",""workload"":""random-1x256x256""}",fixed available files; observed read-call and file overlap are separate,available_shards,16,,2026-09-24-damacy-cold-blocks,524288,1073741824,827.0,,retained_derived_diagnostic,,291.74203300476074,291.03125,,,8d0931e7d131fd5d4c565458736ab586012c78c1 plus retained benchmark controls,diagnostic,2026-09-24-damacy-cold-blocks:101,,"[1,256,256]",uncompressed capacity,"[512,1024,1024]",bit,,/mnt/main0/home/nclack/tmp/2026-09-24-damacy-cold-blocks/job-3822266/report/concurrency.csv,,line:102,retained_verified_trace_summary,local XFS,,,,,,overlapping application pread calls in separate instrumented diagnostic,damacy,0.068544971,false,1055.0,,,,32,random-1x256x256,
12.032800331370575,16.0,9.027842657084001,13.0,"[512,4096,4096]",cpu,16384,local client pages evicted/checked; metadata warmed; caches reset; readahead mode recorded in implementation,"[1,512,512]",blosc-zstd,3,read_overlap|2026-09-24-damacy-cold-blocks|zstd|512|16|tensorstore|random-1x256x256,,zstd-c512-b16-tensorstore-random-1x256x256,synthetic,smooth4,2026-09-24,node-local /tmp,,,,uint16,0.063075137,Instrumented traces are excluded from throughput repetitions,read_overlap_controls,,,0.0,retained per-encoding report and fixed sixteen-shard protocol,,,tensorstore,16,,cpu-turin-gp-l-244-025,,/mnt/main0/home/nclack/tmp/2026-09-24-damacy-cold-blocks/job-3822266/filesystem.txt,"rw,relatime,attr2,inode64,logbufs=8,logbsize=32k,sunit=1024,swidth=4096,prjquota","Application call overlap is not device queue depth. The full-scan trace is a diagnostic subset, not a throughput measurement of the entire array. See read-runs for separate trace/timed-run locators.",,"{""between_read_gap_count"":""1"",""block_kib"":""16"",""chunk_kib"":""512"",""codec"":""zstd"",""fraction_at_sixteen_shards"":""0.0"",""fraction_no_file_reads"":""0.19624799103875684"",""implementation"":""tensorstore"",""longest_between_read_gap_seconds"":""0.009738521"",""mean_active_file_reads"":""12.032800331370575"",""mean_shards"":""9.027842657084001"",""median_between_read_gap_seconds"":""0.009738521"",""peak_active_file_reads"":""16"",""peak_shards"":""13"",""read_calls"":""824"",""read_span_seconds"":""0.063075137"",""reader_mib"":""290.644061088562"",""storage_mib"":""292.12109375"",""trace_seconds"":""0.066359543"",""verified_chunk_ranges"":""1055"",""workload"":""random-1x256x256""}",fixed available files; observed read-call and file overlap are separate,available_shards,16,,2026-09-24-damacy-cold-blocks,524288,1073741824,824.0,,retained_derived_diagnostic,,290.644061088562,292.12109375,,,0.1.85,diagnostic,2026-09-24-damacy-cold-blocks:102,,"[1,256,256]",uncompressed capacity,"[512,1024,1024]",bit,,/mnt/main0/home/nclack/tmp/2026-09-24-damacy-cold-blocks/job-3822266/report/concurrency.csv,,line:103,retained_verified_trace_summary,local XFS,,,,,,overlapping application pread calls in separate instrumented diagnostic,tensorstore,0.066359543,false,1055.0,,,,32,random-1x256x256,
7.4908608526677405,16.0,5.650628134144703,16.0,"[512,4096,4096]",cpu,262144,local client pages evicted/checked; metadata warmed; caches reset; readahead mode recorded in implementation,"[1,512,512]",blosc-zstd,3,read_overlap|2026-09-24-damacy-cold-blocks|zstd|512|256|chunks256-default|full-scan,,zstd-c512-b256-chunks256-default-full-scan,synthetic,smooth4,2026-09-24,node-local /tmp,,,,uint16,0.040710635,Instrumented traces are excluded from throughput repetitions,read_overlap_controls,,,0.08924488457917941,retained per-encoding report and fixed sixteen-shard protocol,,,chunks256-default,16,,cpu-turin-gp-l-244-025,,/mnt/main0/home/nclack/tmp/2026-09-24-damacy-cold-blocks/job-3822266/filesystem.txt,"rw,relatime,attr2,inode64,logbufs=8,logbsize=32k,sunit=1024,swidth=4096,prjquota","Application call overlap is not device queue depth. The full-scan trace is a diagnostic subset, not a throughput measurement of the entire array. See read-runs for separate trace/timed-run locators.",,"{""between_read_gap_count"":""1"",""block_kib"":""256"",""chunk_kib"":""512"",""codec"":""zstd"",""fraction_at_sixteen_shards"":""0.08924488457917941"",""fraction_no_file_reads"":""0.4992481176731847"",""implementation"":""chunks256-default"",""longest_between_read_gap_seconds"":""0.012339134"",""mean_active_file_reads"":""7.4908608526677405"",""mean_shards"":""5.650628134144703"",""median_between_read_gap_seconds"":""0.012339134"",""peak_active_file_reads"":""16"",""peak_shards"":""16"",""read_calls"":""512"",""read_span_seconds"":""0.040710635"",""reader_mib"":""271.95466232299805"",""storage_mib"":""351.46484375"",""trace_seconds"":""0.056657802"",""verified_chunk_ranges"":""1024"",""workload"":""full-scan""}",fixed available files; observed read-call and file overlap are separate,available_shards,16,,2026-09-24-damacy-cold-blocks,524288,1073741824,512.0,,retained_derived_diagnostic,,271.95466232299805,351.46484375,,,8d0931e7d131fd5d4c565458736ab586012c78c1 plus retained benchmark controls,diagnostic,2026-09-24-damacy-cold-blocks:103,,"[8,256,256]",uncompressed capacity,"[512,1024,1024]",bit,,/mnt/main0/home/nclack/tmp/2026-09-24-damacy-cold-blocks/job-3822266/report/concurrency.csv,,line:104,retained_verified_trace_summary,local XFS,,,,,,overlapping application pread calls in separate instrumented diagnostic,damacy,0.056657802,false,1024.0,,,,32,full-scan,
12.346278259975618,16.0,10.985020868862991,16.0,"[512,4096,4096]",cpu,262144,local client pages evicted/checked; metadata warmed; caches reset; readahead mode recorded in implementation,"[1,512,512]",blosc-zstd,3,read_overlap|2026-09-24-damacy-cold-blocks|zstd|512|256|chunks256-random|full-scan,,zstd-c512-b256-chunks256-random-full-scan,synthetic,smooth4,2026-09-24,node-local /tmp,,,,uint16,0.039298119,Instrumented traces are excluded from throughput repetitions,read_overlap_controls,,,0.04358590809109648,retained per-encoding report and fixed sixteen-shard protocol,,,chunks256-random,16,,cpu-turin-gp-l-244-025,,/mnt/main0/home/nclack/tmp/2026-09-24-damacy-cold-blocks/job-3822266/filesystem.txt,"rw,relatime,attr2,inode64,logbufs=8,logbsize=32k,sunit=1024,swidth=4096,prjquota","Application call overlap is not device queue depth. The full-scan trace is a diagnostic subset, not a throughput measurement of the entire array. See read-runs for separate trace/timed-run locators.",,"{""between_read_gap_count"":""0"",""block_kib"":""256"",""chunk_kib"":""512"",""codec"":""zstd"",""fraction_at_sixteen_shards"":""0.04358590809109648"",""fraction_no_file_reads"":""0.20378341734563252"",""implementation"":""chunks256-random"",""longest_between_read_gap_seconds"":""0.0"",""mean_active_file_reads"":""12.346278259975618"",""mean_shards"":""10.985020868862991"",""median_between_read_gap_seconds"":""0"",""peak_active_file_reads"":""16"",""peak_shards"":""16"",""read_calls"":""512"",""read_span_seconds"":""0.039298119"",""reader_mib"":""271.95466232299805"",""storage_mib"":""271.98046875"",""trace_seconds"":""0.049356067"",""verified_chunk_ranges"":""1024"",""workload"":""full-scan""}",fixed available files; observed read-call and file overlap are separate,available_shards,16,,2026-09-24-damacy-cold-blocks,524288,1073741824,512.0,,retained_derived_diagnostic,,271.95466232299805,271.98046875,,,8d0931e7d131fd5d4c565458736ab586012c78c1 plus retained benchmark controls,diagnostic,2026-09-24-damacy-cold-blocks:104,,"[8,256,256]",uncompressed capacity,"[512,1024,1024]",bit,,/mnt/main0/home/nclack/tmp/2026-09-24-damacy-cold-blocks/job-3822266/report/concurrency.csv,,line:105,retained_verified_trace_summary,local XFS,,,,,,overlapping application pread calls in separate instrumented diagnostic,damacy,0.049356067,false,1024.0,,,,32,full-scan,
5.227103022271002,16.0,4.000110269337826,14.0,"[512,4096,4096]",cpu,262144,local client pages evicted/checked; metadata warmed; caches reset; readahead mode recorded in implementation,"[1,512,512]",blosc-zstd,3,read_overlap|2026-09-24-damacy-cold-blocks|zstd|512|256|tensorstore|full-scan,,zstd-c512-b256-tensorstore-full-scan,synthetic,smooth4,2026-09-24,node-local /tmp,,,,uint16,0.094924132,Instrumented traces are excluded from throughput repetitions,read_overlap_controls,,,0.0,retained per-encoding report and fixed sixteen-shard protocol,,,tensorstore,16,,cpu-turin-gp-l-244-025,,/mnt/main0/home/nclack/tmp/2026-09-24-damacy-cold-blocks/job-3822266/filesystem.txt,"rw,relatime,attr2,inode64,logbufs=8,logbsize=32k,sunit=1024,swidth=4096,prjquota","Application call overlap is not device queue depth. The full-scan trace is a diagnostic subset, not a throughput measurement of the entire array. See read-runs for separate trace/timed-run locators.",,"{""between_read_gap_count"":""1"",""block_kib"":""256"",""chunk_kib"":""512"",""codec"":""zstd"",""fraction_at_sixteen_shards"":""0.0"",""fraction_no_file_reads"":""0.546814913505496"",""implementation"":""tensorstore"",""longest_between_read_gap_seconds"":""0.032220891"",""mean_active_file_reads"":""5.227103022271002"",""mean_shards"":""4.000110269337826"",""median_between_read_gap_seconds"":""0.032220891"",""peak_active_file_reads"":""16"",""peak_shards"":""14"",""read_calls"":""512"",""read_span_seconds"":""0.094924132"",""reader_mib"":""271.95466232299805"",""storage_mib"":""315.87109375"",""trace_seconds"":""0.138361219"",""verified_chunk_ranges"":""1024"",""workload"":""full-scan""}",fixed available files; observed read-call and file overlap are separate,available_shards,16,,2026-09-24-damacy-cold-blocks,524288,1073741824,512.0,,retained_derived_diagnostic,,271.95466232299805,315.87109375,,,0.1.85,diagnostic,2026-09-24-damacy-cold-blocks:105,,"[8,256,256]",uncompressed capacity,"[512,1024,1024]",bit,,/mnt/main0/home/nclack/tmp/2026-09-24-damacy-cold-blocks/job-3822266/report/concurrency.csv,,line:106,retained_verified_trace_summary,local XFS,,,,,,overlapping application pread calls in separate instrumented diagnostic,tensorstore,0.138361219,false,1024.0,,,,32,full-scan,
11.891269688030238,16.0,9.529476184239508,16.0,"[512,4096,4096]",cpu,262144,local client pages evicted/checked; metadata warmed; caches reset; readahead mode recorded in implementation,"[1,512,512]",blosc-zstd,3,read_overlap|2026-09-24-damacy-cold-blocks|zstd|512|256|chunks256-default|random-1x256x256,,zstd-c512-b256-chunks256-default-random-1x256x256,synthetic,smooth4,2026-09-24,node-local /tmp,,,,uint16,0.061160767,Instrumented traces are excluded from throughput repetitions,read_overlap_controls,,,0.038032435972338054,retained per-encoding report and fixed sixteen-shard protocol,,,chunks256-default,16,,cpu-turin-gp-l-244-025,,/mnt/main0/home/nclack/tmp/2026-09-24-damacy-cold-blocks/job-3822266/filesystem.txt,"rw,relatime,attr2,inode64,logbufs=8,logbsize=32k,sunit=1024,swidth=4096,prjquota","Application call overlap is not device queue depth. The full-scan trace is a diagnostic subset, not a throughput measurement of the entire array. See read-runs for separate trace/timed-run locators.",,"{""between_read_gap_count"":""2"",""block_kib"":""256"",""chunk_kib"":""512"",""codec"":""zstd"",""fraction_at_sixteen_shards"":""0.038032435972338054"",""fraction_no_file_reads"":""0.14374286629850166"",""implementation"":""chunks256-default"",""longest_between_read_gap_seconds"":""0.004197057"",""mean_active_file_reads"":""11.891269688030238"",""mean_shards"":""9.529476184239508"",""median_between_read_gap_seconds"":""0.0027882215"",""peak_active_file_reads"":""16"",""peak_shards"":""16"",""read_calls"":""827"",""read_span_seconds"":""0.061160767"",""reader_mib"":""283.66720485687256"",""storage_mib"":""286.84765625"",""trace_seconds"":""0.064915458"",""verified_chunk_ranges"":""1055"",""workload"":""random-1x256x256""}",fixed available files; observed read-call and file overlap are separate,available_shards,16,,2026-09-24-damacy-cold-blocks,524288,1073741824,827.0,,retained_derived_diagnostic,,283.66720485687256,286.84765625,,,8d0931e7d131fd5d4c565458736ab586012c78c1 plus retained benchmark controls,diagnostic,2026-09-24-damacy-cold-blocks:106,,"[1,256,256]",uncompressed capacity,"[512,1024,1024]",bit,,/mnt/main0/home/nclack/tmp/2026-09-24-damacy-cold-blocks/job-3822266/report/concurrency.csv,,line:107,retained_verified_trace_summary,local XFS,,,,,,overlapping application pread calls in separate instrumented diagnostic,damacy,0.064915458,false,1055.0,,,,32,random-1x256x256,
11.993816420583451,16.0,9.586052403639597,16.0,"[512,4096,4096]",cpu,262144,local client pages evicted/checked; metadata warmed; caches reset; readahead mode recorded in implementation,"[1,512,512]",blosc-zstd,3,read_overlap|2026-09-24-damacy-cold-blocks|zstd|512|256|chunks256-random|random-1x256x256,,zstd-c512-b256-chunks256-random-random-1x256x256,synthetic,smooth4,2026-09-24,node-local /tmp,,,,uint16,0.061245126,Instrumented traces are excluded from throughput repetitions,read_overlap_controls,,,0.03563203642560077,retained per-encoding report and fixed sixteen-shard protocol,,,chunks256-random,16,,cpu-turin-gp-l-244-025,,/mnt/main0/home/nclack/tmp/2026-09-24-damacy-cold-blocks/job-3822266/filesystem.txt,"rw,relatime,attr2,inode64,logbufs=8,logbsize=32k,sunit=1024,swidth=4096,prjquota","Application call overlap is not device queue depth. The full-scan trace is a diagnostic subset, not a throughput measurement of the entire array. See read-runs for separate trace/timed-run locators.",,"{""between_read_gap_count"":""2"",""block_kib"":""256"",""chunk_kib"":""512"",""codec"":""zstd"",""fraction_at_sixteen_shards"":""0.03563203642560077"",""fraction_no_file_reads"":""0.16543268643507789"",""implementation"":""chunks256-random"",""longest_between_read_gap_seconds"":""0.004147568"",""mean_active_file_reads"":""11.993816420583451"",""mean_shards"":""9.586052403639597"",""median_between_read_gap_seconds"":""0.0028458715"",""peak_active_file_reads"":""16"",""peak_shards"":""16"",""read_calls"":""827"",""read_span_seconds"":""0.061245126"",""reader_mib"":""283.66720485687256"",""storage_mib"":""283.07421875"",""trace_seconds"":""0.066565491"",""verified_chunk_ranges"":""1055"",""workload"":""random-1x256x256""}",fixed available files; observed read-call and file overlap are separate,available_shards,16,,2026-09-24-damacy-cold-blocks,524288,1073741824,827.0,,retained_derived_diagnostic,,283.66720485687256,283.07421875,,,8d0931e7d131fd5d4c565458736ab586012c78c1 plus retained benchmark controls,diagnostic,2026-09-24-damacy-cold-blocks:107,,"[1,256,256]",uncompressed capacity,"[512,1024,1024]",bit,,/mnt/main0/home/nclack/tmp/2026-09-24-damacy-cold-blocks/job-3822266/report/concurrency.csv,,line:108,retained_verified_trace_summary,local XFS,,,,,,overlapping application pread calls in separate instrumented diagnostic,damacy,0.066565491,false,1055.0,,,,32,random-1x256x256,
13.408800142692726,16.0,10.142183517293226,15.0,"[512,4096,4096]",cpu,262144,local client pages evicted/checked; metadata warmed; caches reset; readahead mode recorded in implementation,"[1,512,512]",blosc-zstd,3,read_overlap|2026-09-24-damacy-cold-blocks|zstd|512|256|tensorstore|random-1x256x256,,zstd-c512-b256-tensorstore-random-1x256x256,synthetic,smooth4,2026-09-24,node-local /tmp,,,,uint16,0.057492144,Instrumented traces are excluded from throughput repetitions,read_overlap_controls,,,0.0,retained per-encoding report and fixed sixteen-shard protocol,,,tensorstore,16,,cpu-turin-gp-l-244-025,,/mnt/main0/home/nclack/tmp/2026-09-24-damacy-cold-blocks/job-3822266/filesystem.txt,"rw,relatime,attr2,inode64,logbufs=8,logbsize=32k,sunit=1024,swidth=4096,prjquota","Application call overlap is not device queue depth. The full-scan trace is a diagnostic subset, not a throughput measurement of the entire array. See read-runs for separate trace/timed-run locators.",,"{""between_read_gap_count"":""1"",""block_kib"":""256"",""chunk_kib"":""512"",""codec"":""zstd"",""fraction_at_sixteen_shards"":""0.0"",""fraction_no_file_reads"":""0.1255087695565778"",""implementation"":""tensorstore"",""longest_between_read_gap_seconds"":""0.005336226"",""mean_active_file_reads"":""13.408800142692726"",""mean_shards"":""10.142183517293226"",""median_between_read_gap_seconds"":""0.005336226"",""peak_active_file_reads"":""16"",""peak_shards"":""15"",""read_calls"":""824"",""read_span_seconds"":""0.057492144"",""reader_mib"":""282.60271072387695"",""storage_mib"":""283.60546875"",""trace_seconds"":""0.059641442"",""verified_chunk_ranges"":""1055"",""workload"":""random-1x256x256""}",fixed available files; observed read-call and file overlap are separate,available_shards,16,,2026-09-24-damacy-cold-blocks,524288,1073741824,824.0,,retained_derived_diagnostic,,282.60271072387695,283.60546875,,,0.1.85,diagnostic,2026-09-24-damacy-cold-blocks:108,,"[1,256,256]",uncompressed capacity,"[512,1024,1024]",bit,,/mnt/main0/home/nclack/tmp/2026-09-24-damacy-cold-blocks/job-3822266/report/concurrency.csv,,line:109,retained_verified_trace_summary,local XFS,,,,,,overlapping application pread calls in separate instrumented diagnostic,tensorstore,0.059641442,false,1055.0,,,,32,random-1x256x256,
6.443984749376488,16.0,5.047128113085992,16.0,"[512,4096,4096]",cpu,524288,local client pages evicted/checked; metadata warmed; caches reset; readahead mode recorded in implementation,"[1,512,512]",blosc-zstd,3,read_overlap|2026-09-24-damacy-cold-blocks|zstd|512|512|chunks256-default|full-scan,,zstd-c512-b512-chunks256-default-full-scan,synthetic,smooth4,2026-09-24,node-local /tmp,,,,uint16,0.041424957,Instrumented traces are excluded from throughput repetitions,read_overlap_controls,,,0.1232834017927293,retained per-encoding report and fixed sixteen-shard protocol,,,chunks256-default,16,,cpu-turin-gp-l-244-025,,/mnt/main0/home/nclack/tmp/2026-09-24-damacy-cold-blocks/job-3822266/filesystem.txt,"rw,relatime,attr2,inode64,logbufs=8,logbsize=32k,sunit=1024,swidth=4096,prjquota","Application call overlap is not device queue depth. The full-scan trace is a diagnostic subset, not a throughput measurement of the entire array. See read-runs for separate trace/timed-run locators.",,"{""between_read_gap_count"":""1"",""block_kib"":""512"",""chunk_kib"":""512"",""codec"":""zstd"",""fraction_at_sixteen_shards"":""0.1232834017927293"",""fraction_no_file_reads"":""0.5598911381898043"",""implementation"":""chunks256-default"",""longest_between_read_gap_seconds"":""0.016033936"",""mean_active_file_reads"":""6.443984749376488"",""mean_shards"":""5.047128113085992"",""median_between_read_gap_seconds"":""0.016033936"",""peak_active_file_reads"":""16"",""peak_shards"":""16"",""read_calls"":""512"",""read_span_seconds"":""0.041424957"",""reader_mib"":""259.7974691390991"",""storage_mib"":""353.6875"",""trace_seconds"":""0.057692592"",""verified_chunk_ranges"":""1024"",""workload"":""full-scan""}",fixed available files; observed read-call and file overlap are separate,available_shards,16,,2026-09-24-damacy-cold-blocks,524288,1073741824,512.0,,retained_derived_diagnostic,,259.7974691390991,353.6875,,,8d0931e7d131fd5d4c565458736ab586012c78c1 plus retained benchmark controls,diagnostic,2026-09-24-damacy-cold-blocks:109,,"[8,256,256]",uncompressed capacity,"[512,1024,1024]",bit,,/mnt/main0/home/nclack/tmp/2026-09-24-damacy-cold-blocks/job-3822266/report/concurrency.csv,,line:110,retained_verified_trace_summary,local XFS,,,,,,overlapping application pread calls in separate instrumented diagnostic,damacy,0.057692592,false,1024.0,,,,32,full-scan,
12.290989768620788,16.0,10.954341328300018,16.0,"[512,4096,4096]",cpu,524288,local client pages evicted/checked; metadata warmed; caches reset; readahead mode recorded in implementation,"[1,512,512]",blosc-zstd,3,read_overlap|2026-09-24-damacy-cold-blocks|zstd|512|512|chunks256-random|full-scan,,zstd-c512-b512-chunks256-random-full-scan,synthetic,smooth4,2026-09-24,node-local /tmp,,,,uint16,0.037880873,Instrumented traces are excluded from throughput repetitions,read_overlap_controls,,,0.09305246378229107,retained per-encoding report and fixed sixteen-shard protocol,,,chunks256-random,16,,cpu-turin-gp-l-244-025,,/mnt/main0/home/nclack/tmp/2026-09-24-damacy-cold-blocks/job-3822266/filesystem.txt,"rw,relatime,attr2,inode64,logbufs=8,logbsize=32k,sunit=1024,swidth=4096,prjquota","Application call overlap is not device queue depth. The full-scan trace is a diagnostic subset, not a throughput measurement of the entire array. See read-runs for separate trace/timed-run locators.",,"{""between_read_gap_count"":""0"",""block_kib"":""512"",""chunk_kib"":""512"",""codec"":""zstd"",""fraction_at_sixteen_shards"":""0.09305246378229107"",""fraction_no_file_reads"":""0.2116880371005855"",""implementation"":""chunks256-random"",""longest_between_read_gap_seconds"":""0.0"",""mean_active_file_reads"":""12.290989768620788"",""mean_shards"":""10.954341328300018"",""median_between_read_gap_seconds"":""0"",""peak_active_file_reads"":""16"",""peak_shards"":""16"",""read_calls"":""512"",""read_span_seconds"":""0.037880873"",""reader_mib"":""259.7974691390991"",""storage_mib"":""259.82421875"",""trace_seconds"":""0.04805315"",""verified_chunk_ranges"":""1024"",""workload"":""full-scan""}",fixed available files; observed read-call and file overlap are separate,available_shards,16,,2026-09-24-damacy-cold-blocks,524288,1073741824,512.0,,retained_derived_diagnostic,,259.7974691390991,259.82421875,,,8d0931e7d131fd5d4c565458736ab586012c78c1 plus retained benchmark controls,diagnostic,2026-09-24-damacy-cold-blocks:110,,"[8,256,256]",uncompressed capacity,"[512,1024,1024]",bit,,/mnt/main0/home/nclack/tmp/2026-09-24-damacy-cold-blocks/job-3822266/report/concurrency.csv,,line:111,retained_verified_trace_summary,local XFS,,,,,,overlapping application pread calls in separate instrumented diagnostic,damacy,0.04805315,false,1024.0,,,,32,full-scan,
5.314717996154237,16.0,4.401748980650128,14.0,"[512,4096,4096]",cpu,524288,local client pages evicted/checked; metadata warmed; caches reset; readahead mode recorded in implementation,"[1,512,512]",blosc-zstd,3,read_overlap|2026-09-24-damacy-cold-blocks|zstd|512|512|tensorstore|full-scan,,zstd-c512-b512-tensorstore-full-scan,synthetic,smooth4,2026-09-24,node-local /tmp,,,,uint16,0.120100215,Instrumented traces are excluded from throughput repetitions,read_overlap_controls,,,0.0,retained per-encoding report and fixed sixteen-shard protocol,,,tensorstore,16,,cpu-turin-gp-l-244-025,,/mnt/main0/home/nclack/tmp/2026-09-24-damacy-cold-blocks/job-3822266/filesystem.txt,"rw,relatime,attr2,inode64,logbufs=8,logbsize=32k,sunit=1024,swidth=4096,prjquota","Application call overlap is not device queue depth. The full-scan trace is a diagnostic subset, not a throughput measurement of the entire array. See read-runs for separate trace/timed-run locators.",,"{""between_read_gap_count"":""2"",""block_kib"":""512"",""chunk_kib"":""512"",""codec"":""zstd"",""fraction_at_sixteen_shards"":""0.0"",""fraction_no_file_reads"":""0.4096904511141719"",""implementation"":""tensorstore"",""longest_between_read_gap_seconds"":""0.033478608"",""mean_active_file_reads"":""5.314717996154237"",""mean_shards"":""4.401748980650128"",""median_between_read_gap_seconds"":""0.0172632285"",""peak_active_file_reads"":""16"",""peak_shards"":""14"",""read_calls"":""512"",""read_span_seconds"":""0.120100215"",""reader_mib"":""259.7974691390991"",""storage_mib"":""304.63671875"",""trace_seconds"":""0.144964211"",""verified_chunk_ranges"":""1024"",""workload"":""full-scan""}",fixed available files; observed read-call and file overlap are separate,available_shards,16,,2026-09-24-damacy-cold-blocks,524288,1073741824,512.0,,retained_derived_diagnostic,,259.7974691390991,304.63671875,,,0.1.85,diagnostic,2026-09-24-damacy-cold-blocks:111,,"[8,256,256]",uncompressed capacity,"[512,1024,1024]",bit,,/mnt/main0/home/nclack/tmp/2026-09-24-damacy-cold-blocks/job-3822266/report/concurrency.csv,,line:112,retained_verified_trace_summary,local XFS,,,,,,overlapping application pread calls in separate instrumented diagnostic,tensorstore,0.144964211,false,1024.0,,,,32,full-scan,
12.093998113289507,16.0,9.709432680019221,16.0,"[512,4096,4096]",cpu,524288,local client pages evicted/checked; metadata warmed; caches reset; readahead mode recorded in implementation,"[1,512,512]",blosc-zstd,3,read_overlap|2026-09-24-damacy-cold-blocks|zstd|512|512|chunks256-default|random-1x256x256,,zstd-c512-b512-chunks256-default-random-1x256x256,synthetic,smooth4,2026-09-24,node-local /tmp,,,,uint16,0.061671712,Instrumented traces are excluded from throughput repetitions,read_overlap_controls,,,0.037287521419768516,retained per-encoding report and fixed sixteen-shard protocol,,,chunks256-default,16,,cpu-turin-gp-l-244-025,,/mnt/main0/home/nclack/tmp/2026-09-24-damacy-cold-blocks/job-3822266/filesystem.txt,"rw,relatime,attr2,inode64,logbufs=8,logbsize=32k,sunit=1024,swidth=4096,prjquota","Application call overlap is not device queue depth. The full-scan trace is a diagnostic subset, not a throughput measurement of the entire array. See read-runs for separate trace/timed-run locators.",,"{""between_read_gap_count"":""2"",""block_kib"":""512"",""chunk_kib"":""512"",""codec"":""zstd"",""fraction_at_sixteen_shards"":""0.037287521419768516"",""fraction_no_file_reads"":""0.14675845758750994"",""implementation"":""chunks256-default"",""longest_between_read_gap_seconds"":""0.004420285"",""mean_active_file_reads"":""12.093998113289507"",""mean_shards"":""9.709432680019221"",""median_between_read_gap_seconds"":""0.0029142505"",""peak_active_file_reads"":""16"",""peak_shards"":""16"",""read_calls"":""827"",""read_span_seconds"":""0.061671712"",""reader_mib"":""270.7176761627197"",""storage_mib"":""273.91796875"",""trace_seconds"":""0.065448303"",""verified_chunk_ranges"":""1055"",""workload"":""random-1x256x256""}",fixed available files; observed read-call and file overlap are separate,available_shards,16,,2026-09-24-damacy-cold-blocks,524288,1073741824,827.0,,retained_derived_diagnostic,,270.7176761627197,273.91796875,,,8d0931e7d131fd5d4c565458736ab586012c78c1 plus retained benchmark controls,diagnostic,2026-09-24-damacy-cold-blocks:112,,"[1,256,256]",uncompressed capacity,"[512,1024,1024]",bit,,/mnt/main0/home/nclack/tmp/2026-09-24-damacy-cold-blocks/job-3822266/report/concurrency.csv,,line:113,retained_verified_trace_summary,local XFS,,,,,,overlapping application pread calls in separate instrumented diagnostic,damacy,0.065448303,false,1055.0,,,,32,random-1x256x256,
11.802469972117947,16.0,9.433823133560288,16.0,"[512,4096,4096]",cpu,524288,local client pages evicted/checked; metadata warmed; caches reset; readahead mode recorded in implementation,"[1,512,512]",blosc-zstd,3,read_overlap|2026-09-24-damacy-cold-blocks|zstd|512|512|chunks256-random|random-1x256x256,,zstd-c512-b512-chunks256-random-random-1x256x256,synthetic,smooth4,2026-09-24,node-local /tmp,,,,uint16,0.05988011,Instrumented traces are excluded from throughput repetitions,read_overlap_controls,,,0.03298858458405416,retained per-encoding report and fixed sixteen-shard protocol,,,chunks256-random,16,,cpu-turin-gp-l-244-025,,/mnt/main0/home/nclack/tmp/2026-09-24-damacy-cold-blocks/job-3822266/filesystem.txt,"rw,relatime,attr2,inode64,logbufs=8,logbsize=32k,sunit=1024,swidth=4096,prjquota","Application call overlap is not device queue depth. The full-scan trace is a diagnostic subset, not a throughput measurement of the entire array. See read-runs for separate trace/timed-run locators.",,"{""between_read_gap_count"":""2"",""block_kib"":""512"",""chunk_kib"":""512"",""codec"":""zstd"",""fraction_at_sixteen_shards"":""0.03298858458405416"",""fraction_no_file_reads"":""0.18725573024407183"",""implementation"":""chunks256-random"",""longest_between_read_gap_seconds"":""0.004176817"",""mean_active_file_reads"":""11.802469972117947"",""mean_shards"":""9.433823133560288"",""median_between_read_gap_seconds"":""0.0040189785"",""peak_active_file_reads"":""16"",""peak_shards"":""16"",""read_calls"":""827"",""read_span_seconds"":""0.05988011"",""reader_mib"":""270.7176761627197"",""storage_mib"":""270.28125"",""trace_seconds"":""0.06378655"",""verified_chunk_ranges"":""1055"",""workload"":""random-1x256x256""}",fixed available files; observed read-call and file overlap are separate,available_shards,16,,2026-09-24-damacy-cold-blocks,524288,1073741824,827.0,,retained_derived_diagnostic,,270.7176761627197,270.28125,,,8d0931e7d131fd5d4c565458736ab586012c78c1 plus retained benchmark controls,diagnostic,2026-09-24-damacy-cold-blocks:113,,"[1,256,256]",uncompressed capacity,"[512,1024,1024]",bit,,/mnt/main0/home/nclack/tmp/2026-09-24-damacy-cold-blocks/job-3822266/report/concurrency.csv,,line:114,retained_verified_trace_summary,local XFS,,,,,,overlapping application pread calls in separate instrumented diagnostic,damacy,0.06378655,false,1055.0,,,,32,random-1x256x256,
12.089274466803012,16.0,9.236414315206508,15.0,"[512,4096,4096]",cpu,524288,local client pages evicted/checked; metadata warmed; caches reset; readahead mode recorded in implementation,"[1,512,512]",blosc-zstd,3,read_overlap|2026-09-24-damacy-cold-blocks|zstd|512|512|tensorstore|random-1x256x256,,zstd-c512-b512-tensorstore-random-1x256x256,synthetic,smooth4,2026-09-24,node-local /tmp,,,,uint16,0.058660042,Instrumented traces are excluded from throughput repetitions,read_overlap_controls,,,0.0,retained per-encoding report and fixed sixteen-shard protocol,,,tensorstore,16,,cpu-turin-gp-l-244-025,,/mnt/main0/home/nclack/tmp/2026-09-24-damacy-cold-blocks/job-3822266/filesystem.txt,"rw,relatime,attr2,inode64,logbufs=8,logbsize=32k,sunit=1024,swidth=4096,prjquota","Application call overlap is not device queue depth. The full-scan trace is a diagnostic subset, not a throughput measurement of the entire array. See read-runs for separate trace/timed-run locators.",,"{""between_read_gap_count"":""1"",""block_kib"":""512"",""chunk_kib"":""512"",""codec"":""zstd"",""fraction_at_sixteen_shards"":""0.0"",""fraction_no_file_reads"":""0.07341389895309164"",""implementation"":""tensorstore"",""longest_between_read_gap_seconds"":""0.000567744"",""mean_active_file_reads"":""12.089274466803012"",""mean_shards"":""9.236414315206508"",""median_between_read_gap_seconds"":""0.000567744"",""peak_active_file_reads"":""16"",""peak_shards"":""15"",""read_calls"":""824"",""read_span_seconds"":""0.058660042"",""reader_mib"":""269.6983642578125"",""storage_mib"":""271.296875"",""trace_seconds"":""0.062694981"",""verified_chunk_ranges"":""1055"",""workload"":""random-1x256x256""}",fixed available files; observed read-call and file overlap are separate,available_shards,16,,2026-09-24-damacy-cold-blocks,524288,1073741824,824.0,,retained_derived_diagnostic,,269.6983642578125,271.296875,,,0.1.85,diagnostic,2026-09-24-damacy-cold-blocks:114,,"[1,256,256]",uncompressed capacity,"[512,1024,1024]",bit,,/mnt/main0/home/nclack/tmp/2026-09-24-damacy-cold-blocks/job-3822266/report/concurrency.csv,,line:115,retained_verified_trace_summary,local XFS,,,,,,overlapping application pread calls in separate instrumented diagnostic,tensorstore,0.062694981,false,1055.0,,,,32,random-1x256x256,
6.6957761975826315,16.0,5.947610288996566,16.0,"[512,4096,4096]",cpu,65536,local client pages evicted/checked; metadata warmed; caches reset; readahead mode recorded in implementation,"[1,512,512]",blosc-zstd,3,read_overlap|2026-09-24-damacy-cold-blocks|zstd|512|64|chunks256-default|full-scan,,zstd-c512-b64-chunks256-default-full-scan,synthetic,smooth4,2026-09-24,node-local /tmp,,,,uint16,0.039045592,Instrumented traces are excluded from throughput repetitions,read_overlap_controls,,,0.10642315135662046,retained per-encoding report and fixed sixteen-shard protocol,,,chunks256-default,16,,cpu-turin-gp-l-244-025,,/mnt/main0/home/nclack/tmp/2026-09-24-damacy-cold-blocks/job-3822266/filesystem.txt,"rw,relatime,attr2,inode64,logbufs=8,logbsize=32k,sunit=1024,swidth=4096,prjquota","Application call overlap is not device queue depth. The full-scan trace is a diagnostic subset, not a throughput measurement of the entire array. See read-runs for separate trace/timed-run locators.",,"{""between_read_gap_count"":""1"",""block_kib"":""64"",""chunk_kib"":""512"",""codec"":""zstd"",""fraction_at_sixteen_shards"":""0.10642315135662046"",""fraction_no_file_reads"":""0.5222670750727028"",""implementation"":""chunks256-default"",""longest_between_read_gap_seconds"":""0.010579182"",""mean_active_file_reads"":""6.6957761975826315"",""mean_shards"":""5.947610288996566"",""median_between_read_gap_seconds"":""0.010579182"",""peak_active_file_reads"":""16"",""peak_shards"":""16"",""read_calls"":""512"",""read_span_seconds"":""0.039045592"",""reader_mib"":""276.77927017211914"",""storage_mib"":""359.75"",""trace_seconds"":""0.059586452"",""verified_chunk_ranges"":""1024"",""workload"":""full-scan""}",fixed available files; observed read-call and file overlap are separate,available_shards,16,,2026-09-24-damacy-cold-blocks,524288,1073741824,512.0,,retained_derived_diagnostic,,276.77927017211914,359.75,,,8d0931e7d131fd5d4c565458736ab586012c78c1 plus retained benchmark controls,diagnostic,2026-09-24-damacy-cold-blocks:115,,"[8,256,256]",uncompressed capacity,"[512,1024,1024]",bit,,/mnt/main0/home/nclack/tmp/2026-09-24-damacy-cold-blocks/job-3822266/report/concurrency.csv,,line:116,retained_verified_trace_summary,local XFS,,,,,,overlapping application pread calls in separate instrumented diagnostic,damacy,0.059586452,false,1024.0,,,,32,full-scan,
11.769374511288529,16.0,10.5566420366959,16.0,"[512,4096,4096]",cpu,65536,local client pages evicted/checked; metadata warmed; caches reset; readahead mode recorded in implementation,"[1,512,512]",blosc-zstd,3,read_overlap|2026-09-24-damacy-cold-blocks|zstd|512|64|chunks256-random|full-scan,,zstd-c512-b64-chunks256-random-full-scan,synthetic,smooth4,2026-09-24,node-local /tmp,,,,uint16,0.037986043,Instrumented traces are excluded from throughput repetitions,read_overlap_controls,,,0.08421922572701747,retained per-encoding report and fixed sixteen-shard protocol,,,chunks256-random,16,,cpu-turin-gp-l-244-025,,/mnt/main0/home/nclack/tmp/2026-09-24-damacy-cold-blocks/job-3822266/filesystem.txt,"rw,relatime,attr2,inode64,logbufs=8,logbsize=32k,sunit=1024,swidth=4096,prjquota","Application call overlap is not device queue depth. The full-scan trace is a diagnostic subset, not a throughput measurement of the entire array. See read-runs for separate trace/timed-run locators.",,"{""between_read_gap_count"":""0"",""block_kib"":""64"",""chunk_kib"":""512"",""codec"":""zstd"",""fraction_at_sixteen_shards"":""0.08421922572701747"",""fraction_no_file_reads"":""0.22307174862715937"",""implementation"":""chunks256-random"",""longest_between_read_gap_seconds"":""0.0"",""mean_active_file_reads"":""11.769374511288529"",""mean_shards"":""10.5566420366959"",""median_between_read_gap_seconds"":""0"",""peak_active_file_reads"":""16"",""peak_shards"":""16"",""read_calls"":""512"",""read_span_seconds"":""0.037986043"",""reader_mib"":""276.77927017211914"",""storage_mib"":""276.8125"",""trace_seconds"":""0.048892601"",""verified_chunk_ranges"":""1024"",""workload"":""full-scan""}",fixed available files; observed read-call and file overlap are separate,available_shards,16,,2026-09-24-damacy-cold-blocks,524288,1073741824,512.0,,retained_derived_diagnostic,,276.77927017211914,276.8125,,,8d0931e7d131fd5d4c565458736ab586012c78c1 plus retained benchmark controls,diagnostic,2026-09-24-damacy-cold-blocks:116,,"[8,256,256]",uncompressed capacity,"[512,1024,1024]",bit,,/mnt/main0/home/nclack/tmp/2026-09-24-damacy-cold-blocks/job-3822266/report/concurrency.csv,,line:117,retained_verified_trace_summary,local XFS,,,,,,overlapping application pread calls in separate instrumented diagnostic,damacy,0.048892601,false,1024.0,,,,32,full-scan,
4.569968912985085,16.0,3.2969276306784674,13.0,"[512,4096,4096]",cpu,65536,local client pages evicted/checked; metadata warmed; caches reset; readahead mode recorded in implementation,"[1,512,512]",blosc-zstd,3,read_overlap|2026-09-24-damacy-cold-blocks|zstd|512|64|tensorstore|full-scan,,zstd-c512-b64-tensorstore-full-scan,synthetic,smooth4,2026-09-24,node-local /tmp,,,,uint16,0.108059088,Instrumented traces are excluded from throughput repetitions,read_overlap_controls,,,0.0,retained per-encoding report and fixed sixteen-shard protocol,,,tensorstore,16,,cpu-turin-gp-l-244-025,,/mnt/main0/home/nclack/tmp/2026-09-24-damacy-cold-blocks/job-3822266/filesystem.txt,"rw,relatime,attr2,inode64,logbufs=8,logbsize=32k,sunit=1024,swidth=4096,prjquota","Application call overlap is not device queue depth. The full-scan trace is a diagnostic subset, not a throughput measurement of the entire array. See read-runs for separate trace/timed-run locators.",,"{""between_read_gap_count"":""1"",""block_kib"":""64"",""chunk_kib"":""512"",""codec"":""zstd"",""fraction_at_sixteen_shards"":""0.0"",""fraction_no_file_reads"":""0.6459002661235269"",""implementation"":""tensorstore"",""longest_between_read_gap_seconds"":""0.05485861"",""mean_active_file_reads"":""4.569968912985085"",""mean_shards"":""3.2969276306784674"",""median_between_read_gap_seconds"":""0.05485861"",""peak_active_file_reads"":""16"",""peak_shards"":""13"",""read_calls"":""512"",""read_span_seconds"":""0.108059088"",""reader_mib"":""276.77927017211914"",""storage_mib"":""313.00390625"",""trace_seconds"":""0.150241508"",""verified_chunk_ranges"":""1024"",""workload"":""full-scan""}",fixed available files; observed read-call and file overlap are separate,available_shards,16,,2026-09-24-damacy-cold-blocks,524288,1073741824,512.0,,retained_derived_diagnostic,,276.77927017211914,313.00390625,,,0.1.85,diagnostic,2026-09-24-damacy-cold-blocks:117,,"[8,256,256]",uncompressed capacity,"[512,1024,1024]",bit,,/mnt/main0/home/nclack/tmp/2026-09-24-damacy-cold-blocks/job-3822266/report/concurrency.csv,,line:118,retained_verified_trace_summary,local XFS,,,,,,overlapping application pread calls in separate instrumented diagnostic,tensorstore,0.150241508,false,1024.0,,,,32,full-scan,
11.369622892433542,16.0,8.992569547947918,16.0,"[512,4096,4096]",cpu,65536,local client pages evicted/checked; metadata warmed; caches reset; readahead mode recorded in implementation,"[1,512,512]",blosc-zstd,3,read_overlap|2026-09-24-damacy-cold-blocks|zstd|512|64|chunks256-default|random-1x256x256,,zstd-c512-b64-chunks256-default-random-1x256x256,synthetic,smooth4,2026-09-24,node-local /tmp,,,,uint16,0.062188156,Instrumented traces are excluded from throughput repetitions,read_overlap_controls,,,0.03244685416292252,retained per-encoding report and fixed sixteen-shard protocol,,,chunks256-default,16,,cpu-turin-gp-l-244-025,,/mnt/main0/home/nclack/tmp/2026-09-24-damacy-cold-blocks/job-3822266/filesystem.txt,"rw,relatime,attr2,inode64,logbufs=8,logbsize=32k,sunit=1024,swidth=4096,prjquota","Application call overlap is not device queue depth. The full-scan trace is a diagnostic subset, not a throughput measurement of the entire array. See read-runs for separate trace/timed-run locators.",,"{""between_read_gap_count"":""2"",""block_kib"":""64"",""chunk_kib"":""512"",""codec"":""zstd"",""fraction_at_sixteen_shards"":""0.03244685416292252"",""fraction_no_file_reads"":""0.2528727041340451"",""implementation"":""chunks256-default"",""longest_between_read_gap_seconds"":""0.005178868"",""mean_active_file_reads"":""11.369622892433542"",""mean_shards"":""8.992569547947918"",""median_between_read_gap_seconds"":""0.0051136785"",""peak_active_file_reads"":""16"",""peak_shards"":""16"",""read_calls"":""827"",""read_span_seconds"":""0.062188156"",""reader_mib"":""288.3732919692993"",""storage_mib"":""291.60546875"",""trace_seconds"":""0.069547451"",""verified_chunk_ranges"":""1055"",""workload"":""random-1x256x256""}",fixed available files; observed read-call and file overlap are separate,available_shards,16,,2026-09-24-damacy-cold-blocks,524288,1073741824,827.0,,retained_derived_diagnostic,,288.3732919692993,291.60546875,,,8d0931e7d131fd5d4c565458736ab586012c78c1 plus retained benchmark controls,diagnostic,2026-09-24-damacy-cold-blocks:118,,"[1,256,256]",uncompressed capacity,"[512,1024,1024]",bit,,/mnt/main0/home/nclack/tmp/2026-09-24-damacy-cold-blocks/job-3822266/report/concurrency.csv,,line:119,retained_verified_trace_summary,local XFS,,,,,,overlapping application pread calls in separate instrumented diagnostic,damacy,0.069547451,false,1055.0,,,,32,random-1x256x256,
11.949123770198439,16.0,9.5577175651339,16.0,"[512,4096,4096]",cpu,65536,local client pages evicted/checked; metadata warmed; caches reset; readahead mode recorded in implementation,"[1,512,512]",blosc-zstd,3,read_overlap|2026-09-24-damacy-cold-blocks|zstd|512|64|chunks256-random|random-1x256x256,,zstd-c512-b64-chunks256-random-random-1x256x256,synthetic,smooth4,2026-09-24,node-local /tmp,,,,uint16,0.060859719,Instrumented traces are excluded from throughput repetitions,read_overlap_controls,,,0.03871153653277566,retained per-encoding report and fixed sixteen-shard protocol,,,chunks256-random,16,,cpu-turin-gp-l-244-025,,/mnt/main0/home/nclack/tmp/2026-09-24-damacy-cold-blocks/job-3822266/filesystem.txt,"rw,relatime,attr2,inode64,logbufs=8,logbsize=32k,sunit=1024,swidth=4096,prjquota","Application call overlap is not device queue depth. The full-scan trace is a diagnostic subset, not a throughput measurement of the entire array. See read-runs for separate trace/timed-run locators.",,"{""between_read_gap_count"":""2"",""block_kib"":""64"",""chunk_kib"":""512"",""codec"":""zstd"",""fraction_at_sixteen_shards"":""0.03871153653277566"",""fraction_no_file_reads"":""0.20823173682356796"",""implementation"":""chunks256-random"",""longest_between_read_gap_seconds"":""0.004365175"",""mean_active_file_reads"":""11.949123770198439"",""mean_shards"":""9.5577175651339"",""median_between_read_gap_seconds"":""0.004295641"",""peak_active_file_reads"":""16"",""peak_shards"":""16"",""read_calls"":""827"",""read_span_seconds"":""0.060859719"",""reader_mib"":""288.3732919692993"",""storage_mib"":""287.80078125"",""trace_seconds"":""0.066014817"",""verified_chunk_ranges"":""1055"",""workload"":""random-1x256x256""}",fixed available files; observed read-call and file overlap are separate,available_shards,16,,2026-09-24-damacy-cold-blocks,524288,1073741824,827.0,,retained_derived_diagnostic,,288.3732919692993,287.80078125,,,8d0931e7d131fd5d4c565458736ab586012c78c1 plus retained benchmark controls,diagnostic,2026-09-24-damacy-cold-blocks:119,,"[1,256,256]",uncompressed capacity,"[512,1024,1024]",bit,,/mnt/main0/home/nclack/tmp/2026-09-24-damacy-cold-blocks/job-3822266/report/concurrency.csv,,line:120,retained_verified_trace_summary,local XFS,,,,,,overlapping application pread calls in separate instrumented diagnostic,damacy,0.066014817,false,1055.0,,,,32,random-1x256x256,
13.720687731087063,16.0,9.721012283997743,14.0,"[512,4096,4096]",cpu,65536,local client pages evicted/checked; metadata warmed; caches reset; readahead mode recorded in implementation,"[1,512,512]",blosc-zstd,3,read_overlap|2026-09-24-damacy-cold-blocks|zstd|512|64|tensorstore|random-1x256x256,,zstd-c512-b64-tensorstore-random-1x256x256,synthetic,smooth4,2026-09-24,node-local /tmp,,,,uint16,0.054427815,Instrumented traces are excluded from throughput repetitions,read_overlap_controls,,,0.0,retained per-encoding report and fixed sixteen-shard protocol,,,tensorstore,16,,cpu-turin-gp-l-244-025,,/mnt/main0/home/nclack/tmp/2026-09-24-damacy-cold-blocks/job-3822266/filesystem.txt,"rw,relatime,attr2,inode64,logbufs=8,logbsize=32k,sunit=1024,swidth=4096,prjquota","Application call overlap is not device queue depth. The full-scan trace is a diagnostic subset, not a throughput measurement of the entire array. See read-runs for separate trace/timed-run locators.",,"{""between_read_gap_count"":""1"",""block_kib"":""64"",""chunk_kib"":""512"",""codec"":""zstd"",""fraction_at_sixteen_shards"":""0.0"",""fraction_no_file_reads"":""0.09635520822899109"",""implementation"":""tensorstore"",""longest_between_read_gap_seconds"":""0.001292697"",""mean_active_file_reads"":""13.720687731087063"",""mean_shards"":""9.721012283997743"",""median_between_read_gap_seconds"":""0.001292697"",""peak_active_file_reads"":""16"",""peak_shards"":""14"",""read_calls"":""824"",""read_span_seconds"":""0.054427815"",""reader_mib"":""287.2863121032715"",""storage_mib"":""288.8828125"",""trace_seconds"":""0.05880089"",""verified_chunk_ranges"":""1055"",""workload"":""random-1x256x256""}",fixed available files; observed read-call and file overlap are separate,available_shards,16,,2026-09-24-damacy-cold-blocks,524288,1073741824,824.0,,retained_derived_diagnostic,,287.2863121032715,288.8828125,,,0.1.85,diagnostic,2026-09-24-damacy-cold-blocks:120,,"[1,256,256]",uncompressed capacity,"[512,1024,1024]",bit,,/mnt/main0/home/nclack/tmp/2026-09-24-damacy-cold-blocks/job-3822266/report/concurrency.csv,,line:121,retained_verified_trace_summary,local XFS,,,,,,overlapping application pread calls in separate instrumented diagnostic,tensorstore,0.05880089,false,1055.0,,,,32,random-1x256x256,
