attempts,backend,blosc_block_bytes,cache_policy,chunk_shape,codec,codec_level,comparison_group,content,dataset,failures_or_excluded,family,gain_over_previous_median_fraction,host_peak_median_bytes,io_workers,layout_kind,machine,maximum_bytes_s,maximum_elapsed_s,median_bytes_s,minimum_bytes_s,minimum_elapsed_s,parameter_definition,parameter_name,parameter_value,phase,previous_parameter_value,range_definition,raw_chunk_bytes,raw_shard_bytes,recorded_nconnect,repetitions,request_depth,revision,role,shard_shape,source_rows,storage_type,throughput_numerator,timing_policy,tool,workers,workload,writer_layer_shards
3,gpu,,best-effort client page-cache eviction before run; server caches uncontrolled; warmup follows eviction,"[1,1,1,256,256]",zstd,3,chammi|dense_sweep|indexed_shards|5780a1cac4d3e480|2047588d42925d6d,microscopy,CHAMMI-75/idr0017,0,chammi_shard_sweep,,,64,indexed_shards,cw-us-e4a2-l40-202-063,1072710000.0,2.0736,1040450000.0000001,970904000.0,1.8768,stored files per array from generation geometry; not simultaneous active files,files_per_array,1,dense_sweep,,observed minimum/maximum; not a confidence interval,65536,8388608,,3,,,sample,"[1,2,1,2048,2048]","[""/mnt/main0/home/nclack/src/damacy/bench/runs/chammi-after-idr0017-c120/20260615-040234/results.json#/"",""/mnt/main0/home/nclack/src/damacy/bench/runs/chammi-after-idr0017-c120/20260615-040707/results.json#/"",""/mnt/main0/home/nclack/src/damacy/bench/runs/chammi-after-idr0017-c120/20260615-041034/results.json#/""]",shared filesystem; run-time mount not retained,returned float32 output bytes,timed sample-volume / wall; initialization and warmup outside wall,damacy,,translated_XY_crop,
3,gpu,,best-effort client page-cache eviction before run; server caches uncontrolled; warmup follows eviction,"[1,1,1,256,256]",zstd,3,chammi|dense_sweep|indexed_shards|5780a1cac4d3e480|2047588d42925d6d,microscopy,CHAMMI-75/idr0017,0,chammi_shard_sweep,-0.07648824133725385,,64,indexed_shards,cw-us-e4a2-l40-202-063,1956000000.0,1.208,1824849999.9999998,1666610000.0,1.02928,stored files per array from generation geometry; not simultaneous active files,files_per_array,128,dense_sweep,64,observed minimum/maximum; not a confidence interval,65536,65536,,3,,,sample,"[1,1,1,256,256]","[""/mnt/main0/home/nclack/src/damacy/bench/runs/chammi-after-idr0017-128shard-c120/20260615-040550/results.json#/"",""/mnt/main0/home/nclack/src/damacy/bench/runs/chammi-after-idr0017-128shard-c120/20260615-040933/results.json#/"",""/mnt/main0/home/nclack/src/damacy/bench/runs/chammi-after-idr0017-128shard-c120/20260615-041304/results.json#/""]",shared filesystem; run-time mount not retained,returned float32 output bytes,timed sample-volume / wall; initialization and warmup outside wall,damacy,,translated_XY_crop,
3,gpu,,best-effort client page-cache eviction before run; server caches uncontrolled; warmup follows eviction,"[1,1,1,256,256]",zstd,3,chammi|dense_sweep|indexed_shards|5780a1cac4d3e480|2047588d42925d6d,microscopy,CHAMMI-75/idr0017,0,chammi_shard_sweep,0.31170704975686925,,64,indexed_shards,cw-us-e4a2-l40-202-063,2052400000.0,1.15354,1890970000.0,1745299999.9999998,0.980934,stored files per array from generation geometry; not simultaneous active files,files_per_array,16,dense_sweep,8,observed minimum/maximum; not a confidence interval,65536,524288,,3,,,sample,"[1,2,1,256,1024]","[""/mnt/main0/home/nclack/src/damacy/bench/runs/chammi-after-idr0017-16shard-c120/20260615-040343/results.json#/"",""/mnt/main0/home/nclack/src/damacy/bench/runs/chammi-after-idr0017-16shard-c120/20260615-040755/results.json#/"",""/mnt/main0/home/nclack/src/damacy/bench/runs/chammi-after-idr0017-16shard-c120/20260615-041122/results.json#/""]",shared filesystem; run-time mount not retained,returned float32 output bytes,timed sample-volume / wall; initialization and warmup outside wall,damacy,,translated_XY_crop,
3,gpu,,best-effort client page-cache eviction before run; server caches uncontrolled; warmup follows eviction,"[1,1,1,256,256]",zstd,3,chammi|dense_sweep|indexed_shards|5780a1cac4d3e480|2047588d42925d6d,microscopy,CHAMMI-75/idr0017,0,chammi_shard_sweep,0.26768225287135383,,64,indexed_shards,cw-us-e4a2-l40-202-063,1538420000.0000002,1.587,1318960000.0000002,1268600000.0,1.3086600000000002,stored files per array from generation geometry; not simultaneous active files,files_per_array,2,dense_sweep,1,observed minimum/maximum; not a confidence interval,65536,4194304,,3,,,sample,"[1,2,1,1024,2048]","[""/mnt/main0/home/nclack/src/damacy/bench/runs/chammi-after-idr0017-2shard-c120/20260615-040246/results.json#/"",""/mnt/main0/home/nclack/src/damacy/bench/runs/chammi-after-idr0017-2shard-c120/20260615-040716/results.json#/"",""/mnt/main0/home/nclack/src/damacy/bench/runs/chammi-after-idr0017-2shard-c120/20260615-041044/results.json#/""]",shared filesystem; run-time mount not retained,returned float32 output bytes,timed sample-volume / wall; initialization and warmup outside wall,damacy,,translated_XY_crop,
3,gpu,,best-effort client page-cache eviction before run; server caches uncontrolled; warmup follows eviction,"[1,1,1,256,256]",zstd,3,chammi|dense_sweep|indexed_shards|5780a1cac4d3e480|2047588d42925d6d,microscopy,CHAMMI-75/idr0017,0,chammi_shard_sweep,0.16104433174508315,,64,indexed_shards,cw-us-e4a2-l40-202-063,2223610000.0000005,0.946794,2195500000.0,2126400000.0000002,0.905405,stored files per array from generation geometry; not simultaneous active files,files_per_array,32,dense_sweep,16,observed minimum/maximum; not a confidence interval,65536,262144,,3,,,sample,"[1,2,1,256,512]","[""/mnt/main0/home/nclack/src/damacy/bench/runs/chammi-after-idr0017-32shard-c120/20260615-040408/results.json#/"",""/mnt/main0/home/nclack/src/damacy/bench/runs/chammi-after-idr0017-32shard-c120/20260615-040815/results.json#/"",""/mnt/main0/home/nclack/src/damacy/bench/runs/chammi-after-idr0017-32shard-c120/20260615-041142/results.json#/""]",shared filesystem; run-time mount not retained,returned float32 output bytes,timed sample-volume / wall; initialization and warmup outside wall,damacy,,translated_XY_crop,
3,gpu,,best-effort client page-cache eviction before run; server caches uncontrolled; warmup follows eviction,"[1,1,1,256,256]",zstd,3,chammi|dense_sweep|indexed_shards|5780a1cac4d3e480|2047588d42925d6d,microscopy,CHAMMI-75/idr0017,0,chammi_shard_sweep,-0.003480014556924038,,64,indexed_shards,cw-us-e4a2-l40-202-063,1335470000.0,1.6985299999999999,1314369999.9999998,1185300000.0,1.50753,stored files per array from generation geometry; not simultaneous active files,files_per_array,4,dense_sweep,2,observed minimum/maximum; not a confidence interval,65536,2097152,,3,,,sample,"[1,2,1,512,2048]","[""/mnt/main0/home/nclack/src/damacy/bench/runs/chammi-after-idr0017-4shard-c120/20260615-040302/results.json#/"",""/mnt/main0/home/nclack/src/damacy/bench/runs/chammi-after-idr0017-4shard-c120/20260615-040727/results.json#/"",""/mnt/main0/home/nclack/src/damacy/bench/runs/chammi-after-idr0017-4shard-c120/20260615-041055/results.json#/""]",shared filesystem; run-time mount not retained,returned float32 output bytes,timed sample-volume / wall; initialization and warmup outside wall,damacy,,translated_XY_crop,
3,gpu,,best-effort client page-cache eviction before run; server caches uncontrolled; warmup follows eviction,"[1,1,1,256,256]",zstd,3,chammi|dense_sweep|indexed_shards|5780a1cac4d3e480|2047588d42925d6d,microscopy,CHAMMI-75/idr0017,0,chammi_shard_sweep,-0.09998178091550902,,64,indexed_shards,cw-us-e4a2-l40-202-063,2005400000.0000002,1.06454,1975990000.0,1891210000.0,1.00392,stored files per array from generation geometry; not simultaneous active files,files_per_array,64,dense_sweep,32,observed minimum/maximum; not a confidence interval,65536,131072,,3,,,sample,"[1,2,1,256,256]","[""/mnt/main0/home/nclack/src/damacy/bench/runs/chammi-after-idr0017-64shard-c120/20260615-040446/results.json#/"",""/mnt/main0/home/nclack/src/damacy/bench/runs/chammi-after-idr0017-64shard-c120/20260615-040843/results.json#/"",""/mnt/main0/home/nclack/src/damacy/bench/runs/chammi-after-idr0017-64shard-c120/20260615-041211/results.json#/""]",shared filesystem; run-time mount not retained,returned float32 output bytes,timed sample-volume / wall; initialization and warmup outside wall,damacy,,translated_XY_crop,
3,gpu,,best-effort client page-cache eviction before run; server caches uncontrolled; warmup follows eviction,"[1,1,1,256,256]",zstd,3,chammi|dense_sweep|indexed_shards|5780a1cac4d3e480|2047588d42925d6d,microscopy,CHAMMI-75/idr0017,0,chammi_shard_sweep,0.09680683521382871,,64,indexed_shards,cw-us-e4a2-l40-202-063,1839950000.0,1.55753,1441609999.9999998,1292600000.0,1.0942,stored files per array from generation geometry; not simultaneous active files,files_per_array,8,dense_sweep,4,observed minimum/maximum; not a confidence interval,65536,1048576,,3,,,sample,"[1,2,1,256,2048]","[""/mnt/main0/home/nclack/src/damacy/bench/runs/chammi-after-idr0017-8shard-c120/20260615-040322/results.json#/"",""/mnt/main0/home/nclack/src/damacy/bench/runs/chammi-after-idr0017-8shard-c120/20260615-040740/results.json#/"",""/mnt/main0/home/nclack/src/damacy/bench/runs/chammi-after-idr0017-8shard-c120/20260615-041108/results.json#/""]",shared filesystem; run-time mount not retained,returned float32 output bytes,timed sample-volume / wall; initialization and warmup outside wall,damacy,,translated_XY_crop,
3,gpu,,best-effort client page-cache eviction before run; server caches uncontrolled; warmup follows eviction,"[1,1,1,256,256]",zstd,3,chammi|dense_sweep|unsharded_rechunk|5780a1cac4d3e480|2047588d42925d6d,microscopy,CHAMMI-75/idr0017,0,chammi_shard_sweep,,,64,unsharded_rechunk,cw-us-e4a2-l40-202-063,2039769999.9999998,1.2127999999999999,1824069999.9999998,1660010000.0,0.987008,stored files per array from generation geometry; not simultaneous active files,files_per_array,128,dense_sweep,,observed minimum/maximum; not a confidence interval,65536,,,3,,,sample,,"[""/mnt/main0/home/nclack/src/damacy/bench/runs/chammi-ivirshup-idr0017-c120/20260615-040659/results.json#/"",""/mnt/main0/home/nclack/src/damacy/bench/runs/chammi-ivirshup-idr0017-c120/20260615-041025/results.json#/"",""/mnt/main0/home/nclack/src/damacy/bench/runs/chammi-ivirshup-idr0017-c120/20260615-041353/results.json#/""]",shared filesystem; run-time mount not retained,returned float32 output bytes,timed sample-volume / wall; initialization and warmup outside wall,damacy,,translated_XY_crop,
1,gpu,,best-effort client page-cache eviction before run; server caches uncontrolled; warmup follows eviction,"[1,1,1,256,256]",zstd,3,chammi|exploratory|indexed_shards|f261b95aafb73789|2047588d42925d6d,microscopy,CHAMMI-75/idr0017,0,chammi_shard_sweep,,,64,indexed_shards,cw-us-e4a2-l40-234-163;,1354330000.0,0.6193930000000001,1354330000.0,1354330000.0,0.6193930000000001,stored files per array from generation geometry; not simultaneous active files,files_per_array,1,exploratory,,observed minimum/maximum; not a confidence interval,65536,8388608,,1,,,sample,"[1,2,1,2048,2048]","[""/mnt/main0/home/nclack/src/damacy/bench/runs/chammi-after-idr0017/20260615-005337/results.json#/""]",shared filesystem; run-time mount not retained,returned float32 output bytes,timed sample-volume / wall; initialization and warmup outside wall,damacy,,translated_XY_crop,
1,gpu,,best-effort client page-cache eviction before run; server caches uncontrolled; warmup follows eviction,"[1,1,1,256,256]",zstd,3,chammi|exploratory|indexed_shards|f261b95aafb73789|2047588d42925d6d,microscopy,CHAMMI-75/idr0017,0,chammi_shard_sweep,0.5798586755074464,,64,indexed_shards,cw-us-e4a2-l40-234-143,2139650000.0,0.392055,2139650000.0,2139650000.0,0.392055,stored files per array from generation geometry; not simultaneous active files,files_per_array,4,exploratory,1,observed minimum/maximum; not a confidence interval,65536,2097152,,1,,,sample,"[1,2,1,512,2048]","[""/mnt/main0/home/nclack/src/damacy/bench/runs/chammi-after-idr0017-4shard/20260615-010723/results.json#/""]",shared filesystem; run-time mount not retained,returned float32 output bytes,timed sample-volume / wall; initialization and warmup outside wall,damacy,,translated_XY_crop,
1,gpu,,best-effort client page-cache eviction before run; server caches uncontrolled; warmup follows eviction,"[1,1,1,256,256]",zstd,3,chammi|exploratory|indexed_shards|f261b95aafb73789|2047588d42925d6d,microscopy,CHAMMI-75/idr0017,0,chammi_shard_sweep,-0.15772673100740775,,64,indexed_shards,cw-us-e4a2-l40-234-143,1802170000.0,0.465472,1802170000.0,1802170000.0,0.465472,stored files per array from generation geometry; not simultaneous active files,files_per_array,8,exploratory,4,observed minimum/maximum; not a confidence interval,65536,1048576,,1,,,sample,"[1,2,1,256,2048]","[""/mnt/main0/home/nclack/src/damacy/bench/runs/chammi-after-idr0017-8shard/20260615-010710/results.json#/""]",shared filesystem; run-time mount not retained,returned float32 output bytes,timed sample-volume / wall; initialization and warmup outside wall,damacy,,translated_XY_crop,
1,gpu,,best-effort client page-cache eviction before run; server caches uncontrolled; warmup follows eviction,"[1,1,1,2048,2048]",zstd,3,chammi|exploratory|original_whole_plane|f261b95aafb73789|2047588d42925d6d,microscopy,CHAMMI-75/idr0017,0,chammi_shard_sweep,,,64,original_whole_plane,cw-us-e4a2-l40-234-163;,212302000.0,3.9512600000000004,212302000.0,212302000.0,3.9512600000000004,stored files per array from generation geometry; not simultaneous active files,files_per_array,2,exploratory,,observed minimum/maximum; not a confidence interval,4194304,,,1,,,sample,,"[""/mnt/main0/home/nclack/src/damacy/bench/runs/chammi-before-idr0017/20260615-005218/results.json#/""]",shared filesystem; run-time mount not retained,returned float32 output bytes,timed sample-volume / wall; initialization and warmup outside wall,damacy,,translated_XY_crop,
1,gpu,,best-effort client page-cache eviction before run; server caches uncontrolled; warmup follows eviction,"[1,1,1,256,256]",zstd,3,chammi|exploratory|unsharded_rechunk|f261b95aafb73789|2047588d42925d6d,microscopy,CHAMMI-75/idr0017,0,chammi_shard_sweep,,,64,unsharded_rechunk,cw-us-e4a2-l40-234-163;,1794520000.0,0.46745800000000004,1794520000.0,1794520000.0,0.46745800000000004,stored files per array from generation geometry; not simultaneous active files,files_per_array,128,exploratory,,observed minimum/maximum; not a confidence interval,65536,,,1,,,sample,,"[""/mnt/main0/home/nclack/src/damacy/bench/runs/chammi-ivirshup-idr0017/20260615-005326/results.json#/""]",shared filesystem; run-time mount not retained,returned float32 output bytes,timed sample-volume / wall; initialization and warmup outside wall,damacy,,translated_XY_crop,
3,gpu,,best-effort client page-cache eviction before run; server caches uncontrolled; warmup follows eviction,"[1,1,1,256,256]",zstd,3,chammi|sparse_confirmation|indexed_shards|5780a1cac4d3e480|2047588d42925d6d,microscopy,CHAMMI-75/idr0017,0,chammi_shard_sweep,,,64,indexed_shards,cw-us-e4a2-l40-202-047,1140530000.0,2.0797399999999997,1041420000.0,968039000.0,1.7652,stored files per array from generation geometry; not simultaneous active files,files_per_array,1,sparse_confirmation,,observed minimum/maximum; not a confidence interval,65536,8388608,,3,,,sample,"[1,2,1,2048,2048]","[""/mnt/main0/home/nclack/src/damacy/bench/runs/chammi-after-idr0017-c120/20260615-012337/results.json#/"",""/mnt/main0/home/nclack/src/damacy/bench/runs/chammi-after-idr0017-c120/20260615-012558/results.json#/"",""/mnt/main0/home/nclack/src/damacy/bench/runs/chammi-after-idr0017-c120/20260615-012749/results.json#/""]",shared filesystem; run-time mount not retained,returned float32 output bytes,timed sample-volume / wall; initialization and warmup outside wall,damacy,,translated_XY_crop,
3,gpu,,best-effort client page-cache eviction before run; server caches uncontrolled; warmup follows eviction,"[1,1,1,256,256]",zstd,3,chammi|sparse_confirmation|indexed_shards|5780a1cac4d3e480|2047588d42925d6d,microscopy,CHAMMI-75/idr0017,0,chammi_shard_sweep,0.09769353382881096,,64,indexed_shards,cw-us-e4a2-l40-202-047,1185620000.0,1.92453,1143160000.0000002,1046109999.9999999,1.69807,stored files per array from generation geometry; not simultaneous active files,files_per_array,4,sparse_confirmation,1,observed minimum/maximum; not a confidence interval,65536,2097152,,3,,,sample,"[1,2,1,512,2048]","[""/mnt/main0/home/nclack/src/damacy/bench/runs/chammi-after-idr0017-4shard-c120/20260615-012355/results.json#/"",""/mnt/main0/home/nclack/src/damacy/bench/runs/chammi-after-idr0017-4shard-c120/20260615-012610/results.json#/"",""/mnt/main0/home/nclack/src/damacy/bench/runs/chammi-after-idr0017-4shard-c120/20260615-012800/results.json#/""]",shared filesystem; run-time mount not retained,returned float32 output bytes,timed sample-volume / wall; initialization and warmup outside wall,damacy,,translated_XY_crop,
3,gpu,,best-effort client page-cache eviction before run; server caches uncontrolled; warmup follows eviction,"[1,1,1,256,256]",zstd,3,chammi|sparse_confirmation|indexed_shards|5780a1cac4d3e480|2047588d42925d6d,microscopy,CHAMMI-75/idr0017,0,chammi_shard_sweep,0.05719234402883222,,64,indexed_shards,cw-us-e4a2-l40-202-047,1584830000.0,1.73594,1208540000.0,1159760000.0,1.27033,stored files per array from generation geometry; not simultaneous active files,files_per_array,8,sparse_confirmation,4,observed minimum/maximum; not a confidence interval,65536,1048576,,3,,,sample,"[1,2,1,256,2048]","[""/mnt/main0/home/nclack/src/damacy/bench/runs/chammi-after-idr0017-8shard-c120/20260615-012417/results.json#/"",""/mnt/main0/home/nclack/src/damacy/bench/runs/chammi-after-idr0017-8shard-c120/20260615-012626/results.json#/"",""/mnt/main0/home/nclack/src/damacy/bench/runs/chammi-after-idr0017-8shard-c120/20260615-012815/results.json#/""]",shared filesystem; run-time mount not retained,returned float32 output bytes,timed sample-volume / wall; initialization and warmup outside wall,damacy,,translated_XY_crop,
3,gpu,,best-effort client page-cache eviction before run; server caches uncontrolled; warmup follows eviction,"[1,1,1,2048,2048]",zstd,3,chammi|sparse_confirmation|original_whole_plane|5780a1cac4d3e480|2047588d42925d6d,microscopy,CHAMMI-75/idr0017,0,chammi_shard_sweep,,,64,original_whole_plane,cw-us-e4a2-l40-202-047,213559000.0,9.45626,213519000.0,212902999.99999997,9.427190000000001,stored files per array from generation geometry; not simultaneous active files,files_per_array,2,sparse_confirmation,,observed minimum/maximum; not a confidence interval,4194304,,,3,,,sample,,"[""/mnt/main0/home/nclack/src/damacy/bench/runs/chammi-before-idr0017-c120/20260615-012323/results.json#/"",""/mnt/main0/home/nclack/src/damacy/bench/runs/chammi-before-idr0017-c120/20260615-012548/results.json#/"",""/mnt/main0/home/nclack/src/damacy/bench/runs/chammi-before-idr0017-c120/20260615-012740/results.json#/""]",shared filesystem; run-time mount not retained,returned float32 output bytes,timed sample-volume / wall; initialization and warmup outside wall,damacy,,translated_XY_crop,
3,gpu,,best-effort client page-cache eviction before run; server caches uncontrolled; warmup follows eviction,"[1,1,1,256,256]",zstd,3,chammi|sparse_confirmation|unsharded_rechunk|5780a1cac4d3e480|2047588d42925d6d,microscopy,CHAMMI-75/idr0017,0,chammi_shard_sweep,,,64,unsharded_rechunk,cw-us-e4a2-l40-202-047,2025010000.0,1.0048,2003790000.0,2003650000.0,0.994202,stored files per array from generation geometry; not simultaneous active files,files_per_array,128,sparse_confirmation,,observed minimum/maximum; not a confidence interval,65536,,,3,,,sample,,"[""/mnt/main0/home/nclack/src/damacy/bench/runs/chammi-ivirshup-idr0017-c120/20260615-012529/results.json#/"",""/mnt/main0/home/nclack/src/damacy/bench/runs/chammi-ivirshup-idr0017-c120/20260615-012722/results.json#/"",""/mnt/main0/home/nclack/src/damacy/bench/runs/chammi-ivirshup-idr0017-c120/20260615-012918/results.json#/""]",shared filesystem; run-time mount not retained,returned float32 output bytes,timed sample-volume / wall; initialization and warmup outside wall,damacy,,translated_XY_crop,
1,threads,,direct,,,,filesystem_controls|cpu-turin-gp-l-243-179|nfs|1048576|direct|0|1|64,synthetic,generated filesystem write buffers,0,filesystem_controls,,,,,cpu-turin-gp-l-243-179,2088200000.0,8.2271,2088200000.0,2088200000.0,8.2271,in-flight request cap across available files; not a measured active-file count,configured_request_depth,16,probe-cpu.log,,observed minimum/maximum; not a confidence interval,,,,1,16,,sample,,"[""/mnt/main0/home/nclack/tmp/2026-08-24-nfs/probe-cpu.log#line:90""]",nfs,reported written bytes,retained io-depth wall_s; setup_s and fsync_s are separately reported,chucky dev/io-depth,16,filesystem_write_control,
1,threads,,direct,,,,filesystem_controls|cpu-turin-gp-l-243-179|nfs|16777216|direct|0|1|64,synthetic,generated filesystem write buffers,0,filesystem_controls,,,,,cpu-turin-gp-l-243-179,5294800000.0,3.2447,5294800000.0,5294800000.0,3.2447,in-flight request cap across available files; not a measured active-file count,configured_request_depth,16,probe-cpu.log,,observed minimum/maximum; not a confidence interval,,,,1,16,,sample,,"[""/mnt/main0/home/nclack/tmp/2026-08-24-nfs/probe-cpu.log#line:93""]",nfs,reported written bytes,retained io-depth wall_s; setup_s and fsync_s are separately reported,chucky dev/io-depth,16,filesystem_write_control,
1,threads,,direct,,,,filesystem_controls|cpu-turin-gp-l-243-179|nfs|4194304|direct|0|1|64,synthetic,generated filesystem write buffers,0,filesystem_controls,,,,,cpu-turin-gp-l-243-179,4015799999.9999995,4.2781,4015799999.9999995,4015799999.9999995,4.2781,in-flight request cap across available files; not a measured active-file count,configured_request_depth,16,probe-cpu.log,,observed minimum/maximum; not a confidence interval,,,,1,16,,sample,,"[""/mnt/main0/home/nclack/tmp/2026-08-24-nfs/probe-cpu.log#line:91""]",nfs,reported written bytes,retained io-depth wall_s; setup_s and fsync_s are separately reported,chucky dev/io-depth,16,filesystem_write_control,
1,threads,,buffered,,,,filesystem_controls|cpu-turin-gp-l-243-179|nfs|50331648|buffered|0|1|64,synthetic,generated filesystem write buffers,0,filesystem_controls,,,,,cpu-turin-gp-l-243-179,6083600000.0,2.6475,6083600000.0,6083600000.0,2.6475,in-flight request cap across available files; not a measured active-file count,configured_request_depth,16,probe-cpu.log,,observed minimum/maximum; not a confidence interval,,,,1,16,,sample,,"[""/mnt/main0/home/nclack/tmp/2026-08-24-nfs/probe-cpu.log#line:99""]",nfs,reported written bytes,retained io-depth wall_s; setup_s and fsync_s are separately reported,chucky dev/io-depth,16,filesystem_write_control,
1,threads,,buffered,,,,filesystem_controls|cpu-turin-gp-l-243-179|nfs|50331648|buffered|1|1|64,synthetic,generated filesystem write buffers,0,filesystem_controls,,,,,cpu-turin-gp-l-243-179,6236600000.0,2.5825,6236600000.0,6236600000.0,2.5825,in-flight request cap across available files; not a measured active-file count,configured_request_depth,16,probe-cpu.log,,observed minimum/maximum; not a confidence interval,,,,1,16,,sample,,"[""/mnt/main0/home/nclack/tmp/2026-08-24-nfs/probe-cpu.log#line:103""]",nfs,reported written bytes,retained io-depth wall_s; setup_s and fsync_s are separately reported,chucky dev/io-depth,16,filesystem_write_control,
1,threads,,direct,,,,filesystem_controls|cpu-turin-gp-l-243-179|nfs|50331648|direct|0|16|1,synthetic,generated filesystem write buffers,0,filesystem_controls,,,,,cpu-turin-gp-l-243-179,481800000.0,35.6254,481800000.0,481800000.0,35.6254,in-flight request cap across available files; not a measured active-file count,configured_request_depth,32,probe-cpu.log,,observed minimum/maximum; not a confidence interval,,,,1,32,,sample,,"[""/mnt/main0/home/nclack/tmp/2026-08-24-nfs/probe-cpu.log#line:85""]",nfs,reported written bytes,retained io-depth wall_s; setup_s and fsync_s are separately reported,chucky dev/io-depth,32,filesystem_write_control,
1,threads,,direct,,,,filesystem_controls|cpu-turin-gp-l-243-179|nfs|50331648|direct|0|16|8,synthetic,generated filesystem write buffers,0,filesystem_controls,,,,,cpu-turin-gp-l-243-179,2005500000.0,8.4326,2005500000.0,2005500000.0,8.4326,in-flight request cap across available files; not a measured active-file count,configured_request_depth,32,probe-cpu.log,,observed minimum/maximum; not a confidence interval,,,,1,32,,sample,,"[""/mnt/main0/home/nclack/tmp/2026-08-24-nfs/probe-cpu.log#line:73""]",nfs,reported written bytes,retained io-depth wall_s; setup_s and fsync_s are separately reported,chucky dev/io-depth,32,filesystem_write_control,
1,threads,,direct,,,,filesystem_controls|cpu-turin-gp-l-243-179|nfs|50331648|direct|0|1|1,synthetic,generated filesystem write buffers,0,filesystem_controls,,,,,cpu-turin-gp-l-243-179,483800000.0,35.4741,483800000.0,483800000.0,35.4741,in-flight request cap across available files; not a measured active-file count,configured_request_depth,32,probe-cpu.log,,observed minimum/maximum; not a confidence interval,,,,1,32,,sample,,"[""/mnt/main0/home/nclack/tmp/2026-08-24-nfs/probe-cpu.log#line:77""]",nfs,reported written bytes,retained io-depth wall_s; setup_s and fsync_s are separately reported,chucky dev/io-depth,32,filesystem_write_control,
1,threads,,direct,,,,filesystem_controls|cpu-turin-gp-l-243-179|nfs|50331648|direct|0|1|64,synthetic,generated filesystem write buffers,0,filesystem_controls,,,,,cpu-turin-gp-l-243-179,898200000.0,17.9312,898200000.0,898200000.0,17.9312,in-flight request cap across available files; not a measured active-file count,configured_request_depth,1,probe-cpu.log,,observed minimum/maximum; not a confidence interval,,,,1,1,,sample,,"[""/mnt/main0/home/nclack/tmp/2026-08-24-nfs/probe-cpu.log#line:25""]",nfs,reported written bytes,retained io-depth wall_s; setup_s and fsync_s are separately reported,chucky dev/io-depth,1,filesystem_write_control,
2,threads,,direct,,,,filesystem_controls|cpu-turin-gp-l-243-179|nfs|50331648|direct|0|1|64,synthetic,generated filesystem write buffers,0,filesystem_controls,0.36600619258320655,,,,cpu-turin-gp-l-243-179,7487200000.0,2.7389,6683800000.0,5880400000.0,2.1512,in-flight request cap across available files; not a measured active-file count,configured_request_depth,12,probe-cpu.log,8,observed minimum/maximum; not a confidence interval,,,,2,12,,sample,,"[""/mnt/main0/home/nclack/tmp/2026-08-24-nfs/probe-cpu.log#line:33"",""/mnt/main0/home/nclack/tmp/2026-08-24-nfs/probe-cpu.log#line:51""]",nfs,reported written bytes,retained io-depth wall_s; setup_s and fsync_s are separately reported,chucky dev/io-depth,12,filesystem_write_control,
4,threads,,direct,,,,filesystem_controls|cpu-turin-gp-l-243-179|nfs|50331648|direct|0|1|64,synthetic,generated filesystem write buffers,0,filesystem_controls,-0.08250546096531908,,,,cpu-turin-gp-l-243-179,6850800000.0,3.2969,6132350000.0,4885200000.0,2.351,in-flight request cap across available files; not a measured active-file count,configured_request_depth,16,probe-cpu.log,12,observed minimum/maximum; not a confidence interval,,,,4,16,,sample,,"[""/mnt/main0/home/nclack/tmp/2026-08-24-nfs/probe-cpu.log#line:35"",""/mnt/main0/home/nclack/tmp/2026-08-24-nfs/probe-cpu.log#line:53"",""/mnt/main0/home/nclack/tmp/2026-08-24-nfs/probe-cpu.log#line:95"",""/mnt/main0/home/nclack/tmp/2026-08-24-nfs/probe-cpu.log#line:107""]",nfs,reported written bytes,retained io-depth wall_s; setup_s and fsync_s are separately reported,chucky dev/io-depth,16,filesystem_write_control,
2,threads,,direct,,,,filesystem_controls|cpu-turin-gp-l-243-179|nfs|50331648|direct|0|1|64,synthetic,generated filesystem write buffers,0,filesystem_controls,0.7556223558227566,,,,cpu-turin-gp-l-243-179,1676600000.0,10.9031,1576900000.0,1477200000.0,9.6063,in-flight request cap across available files; not a measured active-file count,configured_request_depth,2,probe-cpu.log,1,observed minimum/maximum; not a confidence interval,,,,2,2,,sample,,"[""/mnt/main0/home/nclack/tmp/2026-08-24-nfs/probe-cpu.log#line:27"",""/mnt/main0/home/nclack/tmp/2026-08-24-nfs/probe-cpu.log#line:45""]",nfs,reported written bytes,retained io-depth wall_s; setup_s and fsync_s are separately reported,chucky dev/io-depth,2,filesystem_write_control,
2,threads,,direct,,,,filesystem_controls|cpu-turin-gp-l-243-179|nfs|50331648|direct|0|1|64,synthetic,generated filesystem write buffers,0,filesystem_controls,0.1847171149722373,,,,cpu-turin-gp-l-243-179,7511700000.0,2.2948,7265100000.0,7018500000.0,2.1441,in-flight request cap across available files; not a measured active-file count,configured_request_depth,24,probe-cpu.log,16,observed minimum/maximum; not a confidence interval,,,,2,24,,sample,,"[""/mnt/main0/home/nclack/tmp/2026-08-24-nfs/probe-cpu.log#line:37"",""/mnt/main0/home/nclack/tmp/2026-08-24-nfs/probe-cpu.log#line:55""]",nfs,reported written bytes,retained io-depth wall_s; setup_s and fsync_s are separately reported,chucky dev/io-depth,24,filesystem_write_control,
2,threads,,direct,,,,filesystem_controls|cpu-turin-gp-l-243-179|nfs|50331648|direct|0|1|64,synthetic,generated filesystem write buffers,0,filesystem_controls,-0.2429560501576028,,,,cpu-turin-gp-l-243-179,5925500000.0,3.1739,5500000000.0,5074500000.0,2.7181,in-flight request cap across available files; not a measured active-file count,configured_request_depth,32,probe-cpu.log,24,observed minimum/maximum; not a confidence interval,,,,2,32,,sample,,"[""/mnt/main0/home/nclack/tmp/2026-08-24-nfs/probe-cpu.log#line:39"",""/mnt/main0/home/nclack/tmp/2026-08-24-nfs/probe-cpu.log#line:57""]",nfs,reported written bytes,retained io-depth wall_s; setup_s and fsync_s are separately reported,chucky dev/io-depth,32,filesystem_write_control,
2,threads,,direct,,,,filesystem_controls|cpu-turin-gp-l-243-179|nfs|50331648|direct|0|1|64,synthetic,generated filesystem write buffers,0,filesystem_controls,0.8121631048259244,,,,cpu-turin-gp-l-243-179,2962800000.0,5.8517,2857600000.0,2752400000.0,5.436,in-flight request cap across available files; not a measured active-file count,configured_request_depth,4,probe-cpu.log,2,observed minimum/maximum; not a confidence interval,,,,2,4,,sample,,"[""/mnt/main0/home/nclack/tmp/2026-08-24-nfs/probe-cpu.log#line:29"",""/mnt/main0/home/nclack/tmp/2026-08-24-nfs/probe-cpu.log#line:47""]",nfs,reported written bytes,retained io-depth wall_s; setup_s and fsync_s are separately reported,chucky dev/io-depth,4,filesystem_write_control,
2,threads,,direct,,,,filesystem_controls|cpu-turin-gp-l-243-179|nfs|50331648|direct|0|1|64,synthetic,generated filesystem write buffers,0,filesystem_controls,0.4149272727272728,,,,cpu-turin-gp-l-243-179,8300599999.999999,2.2174,7782100000.0,7263600000.0,1.9404,in-flight request cap across available files; not a measured active-file count,configured_request_depth,48,probe-cpu.log,32,observed minimum/maximum; not a confidence interval,,,,2,48,,sample,,"[""/mnt/main0/home/nclack/tmp/2026-08-24-nfs/probe-cpu.log#line:41"",""/mnt/main0/home/nclack/tmp/2026-08-24-nfs/probe-cpu.log#line:59""]",nfs,reported written bytes,retained io-depth wall_s; setup_s and fsync_s are separately reported,chucky dev/io-depth,48,filesystem_write_control,
2,threads,,direct,,,,filesystem_controls|cpu-turin-gp-l-243-179|nfs|50331648|direct|0|1|64,synthetic,generated filesystem write buffers,0,filesystem_controls,-0.0353696303054446,,,,cpu-turin-gp-l-243-179,7927900000.0,2.273,7506850000.0,7085800000.0,2.0316,in-flight request cap across available files; not a measured active-file count,configured_request_depth,64,probe-cpu.log,48,observed minimum/maximum; not a confidence interval,,,,2,64,,sample,,"[""/mnt/main0/home/nclack/tmp/2026-08-24-nfs/probe-cpu.log#line:43"",""/mnt/main0/home/nclack/tmp/2026-08-24-nfs/probe-cpu.log#line:61""]",nfs,reported written bytes,retained io-depth wall_s; setup_s and fsync_s are separately reported,chucky dev/io-depth,64,filesystem_write_control,
2,threads,,direct,,,,filesystem_controls|cpu-turin-gp-l-243-179|nfs|50331648|direct|0|1|64,synthetic,generated filesystem write buffers,0,filesystem_controls,0.7122585386338185,,,,cpu-turin-gp-l-243-179,5027100000.0,3.3845,4892950000.0,4758800000.0,3.2038,in-flight request cap across available files; not a measured active-file count,configured_request_depth,8,probe-cpu.log,4,observed minimum/maximum; not a confidence interval,,,,2,8,,sample,,"[""/mnt/main0/home/nclack/tmp/2026-08-24-nfs/probe-cpu.log#line:31"",""/mnt/main0/home/nclack/tmp/2026-08-24-nfs/probe-cpu.log#line:49""]",nfs,reported written bytes,retained io-depth wall_s; setup_s and fsync_s are separately reported,chucky dev/io-depth,8,filesystem_write_control,
1,threads,,direct,,,,filesystem_controls|cpu-turin-gp-l-243-179|nfs|50331648|direct|0|1|8,synthetic,generated filesystem write buffers,0,filesystem_controls,,,,,cpu-turin-gp-l-243-179,3092900000.0,5.4678,3092900000.0,3092900000.0,5.4678,in-flight request cap across available files; not a measured active-file count,configured_request_depth,32,probe-cpu.log,,observed minimum/maximum; not a confidence interval,,,,1,32,,sample,,"[""/mnt/main0/home/nclack/tmp/2026-08-24-nfs/probe-cpu.log#line:65""]",nfs,reported written bytes,retained io-depth wall_s; setup_s and fsync_s are separately reported,chucky dev/io-depth,32,filesystem_write_control,
1,threads,,direct,,,,filesystem_controls|cpu-turin-gp-l-243-179|nfs|50331648|direct|0|2|1,synthetic,generated filesystem write buffers,0,filesystem_controls,,,,,cpu-turin-gp-l-243-179,969100000.0,17.7103,969100000.0,969100000.0,17.7103,in-flight request cap across available files; not a measured active-file count,configured_request_depth,32,probe-cpu.log,,observed minimum/maximum; not a confidence interval,,,,1,32,,sample,,"[""/mnt/main0/home/nclack/tmp/2026-08-24-nfs/probe-cpu.log#line:79""]",nfs,reported written bytes,retained io-depth wall_s; setup_s and fsync_s are separately reported,chucky dev/io-depth,32,filesystem_write_control,
1,threads,,direct,,,,filesystem_controls|cpu-turin-gp-l-243-179|nfs|50331648|direct|0|2|8,synthetic,generated filesystem write buffers,0,filesystem_controls,,,,,cpu-turin-gp-l-243-179,1954700000.0,8.6515,1954700000.0,1954700000.0,8.6515,in-flight request cap across available files; not a measured active-file count,configured_request_depth,32,probe-cpu.log,,observed minimum/maximum; not a confidence interval,,,,1,32,,sample,,"[""/mnt/main0/home/nclack/tmp/2026-08-24-nfs/probe-cpu.log#line:67""]",nfs,reported written bytes,retained io-depth wall_s; setup_s and fsync_s are separately reported,chucky dev/io-depth,32,filesystem_write_control,
1,threads,,direct,,,,filesystem_controls|cpu-turin-gp-l-243-179|nfs|50331648|direct|0|32|1,synthetic,generated filesystem write buffers,0,filesystem_controls,,,,,cpu-turin-gp-l-243-179,1060600000.0,16.1829,1060600000.0,1060600000.0,16.1829,in-flight request cap across available files; not a measured active-file count,configured_request_depth,32,probe-cpu.log,,observed minimum/maximum; not a confidence interval,,,,1,32,,sample,,"[""/mnt/main0/home/nclack/tmp/2026-08-24-nfs/probe-cpu.log#line:87""]",nfs,reported written bytes,retained io-depth wall_s; setup_s and fsync_s are separately reported,chucky dev/io-depth,32,filesystem_write_control,
1,threads,,direct,,,,filesystem_controls|cpu-turin-gp-l-243-179|nfs|50331648|direct|0|4|1,synthetic,generated filesystem write buffers,0,filesystem_controls,,,,,cpu-turin-gp-l-243-179,451100000.0,38.0507,451100000.0,451100000.0,38.0507,in-flight request cap across available files; not a measured active-file count,configured_request_depth,32,probe-cpu.log,,observed minimum/maximum; not a confidence interval,,,,1,32,,sample,,"[""/mnt/main0/home/nclack/tmp/2026-08-24-nfs/probe-cpu.log#line:81""]",nfs,reported written bytes,retained io-depth wall_s; setup_s and fsync_s are separately reported,chucky dev/io-depth,32,filesystem_write_control,
1,threads,,direct,,,,filesystem_controls|cpu-turin-gp-l-243-179|nfs|50331648|direct|0|4|8,synthetic,generated filesystem write buffers,0,filesystem_controls,,,,,cpu-turin-gp-l-243-179,4337300000.0,3.8991,4337300000.0,4337300000.0,3.8991,in-flight request cap across available files; not a measured active-file count,configured_request_depth,32,probe-cpu.log,,observed minimum/maximum; not a confidence interval,,,,1,32,,sample,,"[""/mnt/main0/home/nclack/tmp/2026-08-24-nfs/probe-cpu.log#line:69""]",nfs,reported written bytes,retained io-depth wall_s; setup_s and fsync_s are separately reported,chucky dev/io-depth,32,filesystem_write_control,
1,threads,,direct,,,,filesystem_controls|cpu-turin-gp-l-243-179|nfs|50331648|direct|0|8|1,synthetic,generated filesystem write buffers,0,filesystem_controls,,,,,cpu-turin-gp-l-243-179,569200000.0,30.1528,569200000.0,569200000.0,30.1528,in-flight request cap across available files; not a measured active-file count,configured_request_depth,32,probe-cpu.log,,observed minimum/maximum; not a confidence interval,,,,1,32,,sample,,"[""/mnt/main0/home/nclack/tmp/2026-08-24-nfs/probe-cpu.log#line:83""]",nfs,reported written bytes,retained io-depth wall_s; setup_s and fsync_s are separately reported,chucky dev/io-depth,32,filesystem_write_control,
1,threads,,direct,,,,filesystem_controls|cpu-turin-gp-l-243-179|nfs|50331648|direct|0|8|8,synthetic,generated filesystem write buffers,0,filesystem_controls,,,,,cpu-turin-gp-l-243-179,1690200000.0,10.0057,1690200000.0,1690200000.0,10.0057,in-flight request cap across available files; not a measured active-file count,configured_request_depth,32,probe-cpu.log,,observed minimum/maximum; not a confidence interval,,,,1,32,,sample,,"[""/mnt/main0/home/nclack/tmp/2026-08-24-nfs/probe-cpu.log#line:71""]",nfs,reported written bytes,retained io-depth wall_s; setup_s and fsync_s are separately reported,chucky dev/io-depth,32,filesystem_write_control,
1,threads,,direct,,,,filesystem_controls|cpu-turin-gp-l-243-179|nfs|50331648|direct|1|1|64,synthetic,generated filesystem write buffers,0,filesystem_controls,,,,,cpu-turin-gp-l-243-179,3829400000.0,4.2059,3829400000.0,3829400000.0,4.2059,in-flight request cap across available files; not a measured active-file count,configured_request_depth,16,probe-cpu.log,,observed minimum/maximum; not a confidence interval,,,,1,16,,sample,,"[""/mnt/main0/home/nclack/tmp/2026-08-24-nfs/probe-cpu.log#line:101""]",nfs,reported written bytes,retained io-depth wall_s; setup_s and fsync_s are separately reported,chucky dev/io-depth,16,filesystem_write_control,
1,threads,,direct,,,,filesystem_controls|cpu-turin-gp-l-243-179|nfs|8388608|direct|0|1|64,synthetic,generated filesystem write buffers,0,filesystem_controls,,,,,cpu-turin-gp-l-243-179,5781900000.0,2.9713,5781900000.0,5781900000.0,2.9713,in-flight request cap across available files; not a measured active-file count,configured_request_depth,16,probe-cpu.log,,observed minimum/maximum; not a confidence interval,,,,1,16,,sample,,"[""/mnt/main0/home/nclack/tmp/2026-08-24-nfs/probe-cpu.log#line:92""]",nfs,reported written bytes,retained io-depth wall_s; setup_s and fsync_s are separately reported,chucky dev/io-depth,16,filesystem_write_control,
1,threads,,direct,,,,filesystem_controls|cpu-turin-gp-l-243-179|xfs|50331648|direct|0|1|64,synthetic,generated filesystem write buffers,0,filesystem_controls,,,,,cpu-turin-gp-l-243-179,9697400000.0,1.6609,9697400000.0,9697400000.0,1.6609,in-flight request cap across available files; not a measured active-file count,configured_request_depth,1,probe-cpu.log,,observed minimum/maximum; not a confidence interval,,,,1,1,,sample,,"[""/mnt/main0/home/nclack/tmp/2026-08-24-nfs/probe-cpu.log#line:112""]",xfs,reported written bytes,retained io-depth wall_s; setup_s and fsync_s are separately reported,chucky dev/io-depth,1,filesystem_write_control,
1,threads,,direct,,,,filesystem_controls|cpu-turin-gp-l-243-179|xfs|50331648|direct|0|1|64,synthetic,generated filesystem write buffers,0,filesystem_controls,0.08122814080467,,,,cpu-turin-gp-l-243-179,17188500000.0,0.937,17188500000.0,17188500000.0,0.937,in-flight request cap across available files; not a measured active-file count,configured_request_depth,16,probe-cpu.log,8,observed minimum/maximum; not a confidence interval,,,,1,16,,sample,,"[""/mnt/main0/home/nclack/tmp/2026-08-24-nfs/probe-cpu.log#line:116""]",xfs,reported written bytes,retained io-depth wall_s; setup_s and fsync_s are separately reported,chucky dev/io-depth,16,filesystem_write_control,
1,threads,,direct,,,,filesystem_controls|cpu-turin-gp-l-243-179|xfs|50331648|direct|0|1|64,synthetic,generated filesystem write buffers,0,filesystem_controls,0.010373214649329388,,,,cpu-turin-gp-l-243-179,17366800000.0,0.9274,17366800000.0,17366800000.0,0.9274,in-flight request cap across available files; not a measured active-file count,configured_request_depth,32,probe-cpu.log,16,observed minimum/maximum; not a confidence interval,,,,1,32,,sample,,"[""/mnt/main0/home/nclack/tmp/2026-08-24-nfs/probe-cpu.log#line:118""]",xfs,reported written bytes,retained io-depth wall_s; setup_s and fsync_s are separately reported,chucky dev/io-depth,32,filesystem_write_control,
1,threads,,direct,,,,filesystem_controls|cpu-turin-gp-l-243-179|xfs|50331648|direct|0|1|64,synthetic,generated filesystem write buffers,0,filesystem_controls,-0.005706290162839411,,,,cpu-turin-gp-l-243-179,17267700000.0,0.9327,17267700000.0,17267700000.0,0.9327,in-flight request cap across available files; not a measured active-file count,configured_request_depth,64,probe-cpu.log,32,observed minimum/maximum; not a confidence interval,,,,1,64,,sample,,"[""/mnt/main0/home/nclack/tmp/2026-08-24-nfs/probe-cpu.log#line:120""]",xfs,reported written bytes,retained io-depth wall_s; setup_s and fsync_s are separately reported,chucky dev/io-depth,64,filesystem_write_control,
1,threads,,direct,,,,filesystem_controls|cpu-turin-gp-l-243-179|xfs|50331648|direct|0|1|64,synthetic,generated filesystem write buffers,0,filesystem_controls,0.6393260049085321,,,,cpu-turin-gp-l-243-179,15897200000.0,1.0131,15897200000.0,15897200000.0,1.0131,in-flight request cap across available files; not a measured active-file count,configured_request_depth,8,probe-cpu.log,1,observed minimum/maximum; not a confidence interval,,,,1,8,,sample,,"[""/mnt/main0/home/nclack/tmp/2026-08-24-nfs/probe-cpu.log#line:114""]",xfs,reported written bytes,retained io-depth wall_s; setup_s and fsync_s are separately reported,chucky dev/io-depth,8,filesystem_write_control,
1,threads,,direct,,,,filesystem_controls|cw-us-e4a2-l40-202-083|nfs|1048576|direct|0|1|64,synthetic,generated filesystem write buffers,0,filesystem_controls,,,,,cw-us-e4a2-l40-202-083,3136300000.0,5.4777,3136300000.0,3136300000.0,5.4777,in-flight request cap across available files; not a measured active-file count,configured_request_depth,16,probe-l40.log,,observed minimum/maximum; not a confidence interval,,,,1,16,,sample,,"[""/mnt/main0/home/nclack/tmp/2026-08-24-nfs/probe-l40.log#line:90""]",nfs,reported written bytes,retained io-depth wall_s; setup_s and fsync_s are separately reported,chucky dev/io-depth,16,filesystem_write_control,
1,threads,,direct,,,,filesystem_controls|cw-us-e4a2-l40-202-083|nfs|16777216|direct|0|1|64,synthetic,generated filesystem write buffers,0,filesystem_controls,,,,,cw-us-e4a2-l40-202-083,6238400000.0,2.7539,6238400000.0,6238400000.0,2.7539,in-flight request cap across available files; not a measured active-file count,configured_request_depth,16,probe-l40.log,,observed minimum/maximum; not a confidence interval,,,,1,16,,sample,,"[""/mnt/main0/home/nclack/tmp/2026-08-24-nfs/probe-l40.log#line:93""]",nfs,reported written bytes,retained io-depth wall_s; setup_s and fsync_s are separately reported,chucky dev/io-depth,16,filesystem_write_control,
1,threads,,direct,,,,filesystem_controls|cw-us-e4a2-l40-202-083|nfs|4194304|direct|0|1|64,synthetic,generated filesystem write buffers,0,filesystem_controls,,,,,cw-us-e4a2-l40-202-083,6048500000.0,2.8403,6048500000.0,6048500000.0,2.8403,in-flight request cap across available files; not a measured active-file count,configured_request_depth,16,probe-l40.log,,observed minimum/maximum; not a confidence interval,,,,1,16,,sample,,"[""/mnt/main0/home/nclack/tmp/2026-08-24-nfs/probe-l40.log#line:91""]",nfs,reported written bytes,retained io-depth wall_s; setup_s and fsync_s are separately reported,chucky dev/io-depth,16,filesystem_write_control,
1,threads,,buffered,,,,filesystem_controls|cw-us-e4a2-l40-202-083|nfs|50331648|buffered|0|1|64,synthetic,generated filesystem write buffers,0,filesystem_controls,,,,,cw-us-e4a2-l40-202-083,5914500000.0,2.7232,5914500000.0,5914500000.0,2.7232,in-flight request cap across available files; not a measured active-file count,configured_request_depth,16,probe-l40.log,,observed minimum/maximum; not a confidence interval,,,,1,16,,sample,,"[""/mnt/main0/home/nclack/tmp/2026-08-24-nfs/probe-l40.log#line:99""]",nfs,reported written bytes,retained io-depth wall_s; setup_s and fsync_s are separately reported,chucky dev/io-depth,16,filesystem_write_control,
1,threads,,buffered,,,,filesystem_controls|cw-us-e4a2-l40-202-083|nfs|50331648|buffered|1|1|64,synthetic,generated filesystem write buffers,0,filesystem_controls,,,,,cw-us-e4a2-l40-202-083,6075200000.0,2.6511,6075200000.0,6075200000.0,2.6511,in-flight request cap across available files; not a measured active-file count,configured_request_depth,16,probe-l40.log,,observed minimum/maximum; not a confidence interval,,,,1,16,,sample,,"[""/mnt/main0/home/nclack/tmp/2026-08-24-nfs/probe-l40.log#line:103""]",nfs,reported written bytes,retained io-depth wall_s; setup_s and fsync_s are separately reported,chucky dev/io-depth,16,filesystem_write_control,
1,threads,,direct,,,,filesystem_controls|cw-us-e4a2-l40-202-083|nfs|50331648|direct|0|16|1,synthetic,generated filesystem write buffers,0,filesystem_controls,,,,,cw-us-e4a2-l40-202-083,1161500000.0,14.7763,1161500000.0,1161500000.0,14.7763,in-flight request cap across available files; not a measured active-file count,configured_request_depth,32,probe-l40.log,,observed minimum/maximum; not a confidence interval,,,,1,32,,sample,,"[""/mnt/main0/home/nclack/tmp/2026-08-24-nfs/probe-l40.log#line:85""]",nfs,reported written bytes,retained io-depth wall_s; setup_s and fsync_s are separately reported,chucky dev/io-depth,32,filesystem_write_control,
1,threads,,direct,,,,filesystem_controls|cw-us-e4a2-l40-202-083|nfs|50331648|direct|0|16|8,synthetic,generated filesystem write buffers,0,filesystem_controls,,,,,cw-us-e4a2-l40-202-083,2558300000.0,6.6103,2558300000.0,2558300000.0,6.6103,in-flight request cap across available files; not a measured active-file count,configured_request_depth,32,probe-l40.log,,observed minimum/maximum; not a confidence interval,,,,1,32,,sample,,"[""/mnt/main0/home/nclack/tmp/2026-08-24-nfs/probe-l40.log#line:73""]",nfs,reported written bytes,retained io-depth wall_s; setup_s and fsync_s are separately reported,chucky dev/io-depth,32,filesystem_write_control,
1,threads,,direct,,,,filesystem_controls|cw-us-e4a2-l40-202-083|nfs|50331648|direct|0|1|1,synthetic,generated filesystem write buffers,0,filesystem_controls,,,,,cw-us-e4a2-l40-202-083,1045600000.0000001,16.4148,1045600000.0000001,1045600000.0000001,16.4148,in-flight request cap across available files; not a measured active-file count,configured_request_depth,32,probe-l40.log,,observed minimum/maximum; not a confidence interval,,,,1,32,,sample,,"[""/mnt/main0/home/nclack/tmp/2026-08-24-nfs/probe-l40.log#line:77""]",nfs,reported written bytes,retained io-depth wall_s; setup_s and fsync_s are separately reported,chucky dev/io-depth,32,filesystem_write_control,
1,threads,,direct,,,,filesystem_controls|cw-us-e4a2-l40-202-083|nfs|50331648|direct|0|1|64,synthetic,generated filesystem write buffers,0,filesystem_controls,,,,,cw-us-e4a2-l40-202-083,922100000.0,17.4677,922100000.0,922100000.0,17.4677,in-flight request cap across available files; not a measured active-file count,configured_request_depth,1,probe-l40.log,,observed minimum/maximum; not a confidence interval,,,,1,1,,sample,,"[""/mnt/main0/home/nclack/tmp/2026-08-24-nfs/probe-l40.log#line:25""]",nfs,reported written bytes,retained io-depth wall_s; setup_s and fsync_s are separately reported,chucky dev/io-depth,1,filesystem_write_control,
2,threads,,direct,,,,filesystem_controls|cw-us-e4a2-l40-202-083|nfs|50331648|direct|0|1|64,synthetic,generated filesystem write buffers,0,filesystem_controls,0.1453238662745704,,,,cw-us-e4a2-l40-202-083,6644800000.0,3.1003,5919950000.0,5195100000.0,2.4239,in-flight request cap across available files; not a measured active-file count,configured_request_depth,12,probe-l40.log,8,observed minimum/maximum; not a confidence interval,,,,2,12,,sample,,"[""/mnt/main0/home/nclack/tmp/2026-08-24-nfs/probe-l40.log#line:33"",""/mnt/main0/home/nclack/tmp/2026-08-24-nfs/probe-l40.log#line:51""]",nfs,reported written bytes,retained io-depth wall_s; setup_s and fsync_s are separately reported,chucky dev/io-depth,12,filesystem_write_control,
4,threads,,direct,,,,filesystem_controls|cw-us-e4a2-l40-202-083|nfs|50331648|direct|0|1|64,synthetic,generated filesystem write buffers,0,filesystem_controls,0.17794069206665597,,,,cw-us-e4a2-l40-202-083,9129800000.0,3.4619,6973350000.0,4652500000.0,1.7641,in-flight request cap across available files; not a measured active-file count,configured_request_depth,16,probe-l40.log,12,observed minimum/maximum; not a confidence interval,,,,4,16,,sample,,"[""/mnt/main0/home/nclack/tmp/2026-08-24-nfs/probe-l40.log#line:35"",""/mnt/main0/home/nclack/tmp/2026-08-24-nfs/probe-l40.log#line:53"",""/mnt/main0/home/nclack/tmp/2026-08-24-nfs/probe-l40.log#line:95"",""/mnt/main0/home/nclack/tmp/2026-08-24-nfs/probe-l40.log#line:108""]",nfs,reported written bytes,retained io-depth wall_s; setup_s and fsync_s are separately reported,chucky dev/io-depth,16,filesystem_write_control,
2,threads,,direct,,,,filesystem_controls|cw-us-e4a2-l40-202-083|nfs|50331648|direct|0|1|64,synthetic,generated filesystem write buffers,0,filesystem_controls,0.7784405162129922,,,,cw-us-e4a2-l40-202-083,1698600000.0,10.1861,1639900000.0,1581200000.0,9.482,in-flight request cap across available files; not a measured active-file count,configured_request_depth,2,probe-l40.log,1,observed minimum/maximum; not a confidence interval,,,,2,2,,sample,,"[""/mnt/main0/home/nclack/tmp/2026-08-24-nfs/probe-l40.log#line:27"",""/mnt/main0/home/nclack/tmp/2026-08-24-nfs/probe-l40.log#line:45""]",nfs,reported written bytes,retained io-depth wall_s; setup_s and fsync_s are separately reported,chucky dev/io-depth,2,filesystem_write_control,
2,threads,,direct,,,,filesystem_controls|cw-us-e4a2-l40-202-083|nfs|50331648|direct|0|1|64,synthetic,generated filesystem write buffers,0,filesystem_controls,0.14848673879842544,,,,cw-us-e4a2-l40-202-083,8786500000.0,2.2274,8008800000.0,7231100000.0,1.8331,in-flight request cap across available files; not a measured active-file count,configured_request_depth,24,probe-l40.log,16,observed minimum/maximum; not a confidence interval,,,,2,24,,sample,,"[""/mnt/main0/home/nclack/tmp/2026-08-24-nfs/probe-l40.log#line:37"",""/mnt/main0/home/nclack/tmp/2026-08-24-nfs/probe-l40.log#line:55""]",nfs,reported written bytes,retained io-depth wall_s; setup_s and fsync_s are separately reported,chucky dev/io-depth,24,filesystem_write_control,
2,threads,,direct,,,,filesystem_controls|cw-us-e4a2-l40-202-083|nfs|50331648|direct|0|1|64,synthetic,generated filesystem write buffers,0,filesystem_controls,-0.08396388972130653,,,,cw-us-e4a2-l40-202-083,9584900000.0,3.1656,7336350000.0,5087800000.0,1.6804,in-flight request cap across available files; not a measured active-file count,configured_request_depth,32,probe-l40.log,24,observed minimum/maximum; not a confidence interval,,,,2,32,,sample,,"[""/mnt/main0/home/nclack/tmp/2026-08-24-nfs/probe-l40.log#line:39"",""/mnt/main0/home/nclack/tmp/2026-08-24-nfs/probe-l40.log#line:57""]",nfs,reported written bytes,retained io-depth wall_s; setup_s and fsync_s are separately reported,chucky dev/io-depth,32,filesystem_write_control,
2,threads,,direct,,,,filesystem_controls|cw-us-e4a2-l40-202-083|nfs|50331648|direct|0|1|64,synthetic,generated filesystem write buffers,0,filesystem_controls,0.7499237758399901,,,,cw-us-e4a2-l40-202-083,2944900000.0,5.7636,2869700000.0,2794500000.0,5.4691,in-flight request cap across available files; not a measured active-file count,configured_request_depth,4,probe-l40.log,2,observed minimum/maximum; not a confidence interval,,,,2,4,,sample,,"[""/mnt/main0/home/nclack/tmp/2026-08-24-nfs/probe-l40.log#line:29"",""/mnt/main0/home/nclack/tmp/2026-08-24-nfs/probe-l40.log#line:47""]",nfs,reported written bytes,retained io-depth wall_s; setup_s and fsync_s are separately reported,chucky dev/io-depth,4,filesystem_write_control,
2,threads,,direct,,,,filesystem_controls|cw-us-e4a2-l40-202-083|nfs|50331648|direct|0|1|64,synthetic,generated filesystem write buffers,0,filesystem_controls,-0.05590654753385538,,,,cw-us-e4a2-l40-202-083,8820100000.0,3.2005,6926200000.0,5032300000.0,1.8261,in-flight request cap across available files; not a measured active-file count,configured_request_depth,48,probe-l40.log,32,observed minimum/maximum; not a confidence interval,,,,2,48,,sample,,"[""/mnt/main0/home/nclack/tmp/2026-08-24-nfs/probe-l40.log#line:41"",""/mnt/main0/home/nclack/tmp/2026-08-24-nfs/probe-l40.log#line:59""]",nfs,reported written bytes,retained io-depth wall_s; setup_s and fsync_s are separately reported,chucky dev/io-depth,48,filesystem_write_control,
2,threads,,direct,,,,filesystem_controls|cw-us-e4a2-l40-202-083|nfs|50331648|direct|0|1|64,synthetic,generated filesystem write buffers,0,filesystem_controls,-0.02261701943345562,,,,cw-us-e4a2-l40-202-083,7593100000.0,2.7088,6769550000.0,5946000000.0,2.1211,in-flight request cap across available files; not a measured active-file count,configured_request_depth,64,probe-l40.log,48,observed minimum/maximum; not a confidence interval,,,,2,64,,sample,,"[""/mnt/main0/home/nclack/tmp/2026-08-24-nfs/probe-l40.log#line:43"",""/mnt/main0/home/nclack/tmp/2026-08-24-nfs/probe-l40.log#line:61""]",nfs,reported written bytes,retained io-depth wall_s; setup_s and fsync_s are separately reported,chucky dev/io-depth,64,filesystem_write_control,
2,threads,,direct,,,,filesystem_controls|cw-us-e4a2-l40-202-083|nfs|50331648|direct|0|1|64,synthetic,generated filesystem write buffers,0,filesystem_controls,0.8011638847266265,,,,cw-us-e4a2-l40-202-083,5765100000.0,3.5224,5168800000.0,4572500000.0,2.7937,in-flight request cap across available files; not a measured active-file count,configured_request_depth,8,probe-l40.log,4,observed minimum/maximum; not a confidence interval,,,,2,8,,sample,,"[""/mnt/main0/home/nclack/tmp/2026-08-24-nfs/probe-l40.log#line:31"",""/mnt/main0/home/nclack/tmp/2026-08-24-nfs/probe-l40.log#line:49""]",nfs,reported written bytes,retained io-depth wall_s; setup_s and fsync_s are separately reported,chucky dev/io-depth,8,filesystem_write_control,
1,threads,,direct,,,,filesystem_controls|cw-us-e4a2-l40-202-083|nfs|50331648|direct|0|1|8,synthetic,generated filesystem write buffers,0,filesystem_controls,,,,,cw-us-e4a2-l40-202-083,4020500000.0,4.2062,4020500000.0,4020500000.0,4.2062,in-flight request cap across available files; not a measured active-file count,configured_request_depth,32,probe-l40.log,,observed minimum/maximum; not a confidence interval,,,,1,32,,sample,,"[""/mnt/main0/home/nclack/tmp/2026-08-24-nfs/probe-l40.log#line:65""]",nfs,reported written bytes,retained io-depth wall_s; setup_s and fsync_s are separately reported,chucky dev/io-depth,32,filesystem_write_control,
1,threads,,direct,,,,filesystem_controls|cw-us-e4a2-l40-202-083|nfs|50331648|direct|0|2|1,synthetic,generated filesystem write buffers,0,filesystem_controls,,,,,cw-us-e4a2-l40-202-083,1245300000.0,13.7823,1245300000.0,1245300000.0,13.7823,in-flight request cap across available files; not a measured active-file count,configured_request_depth,32,probe-l40.log,,observed minimum/maximum; not a confidence interval,,,,1,32,,sample,,"[""/mnt/main0/home/nclack/tmp/2026-08-24-nfs/probe-l40.log#line:79""]",nfs,reported written bytes,retained io-depth wall_s; setup_s and fsync_s are separately reported,chucky dev/io-depth,32,filesystem_write_control,
1,threads,,direct,,,,filesystem_controls|cw-us-e4a2-l40-202-083|nfs|50331648|direct|0|2|8,synthetic,generated filesystem write buffers,0,filesystem_controls,,,,,cw-us-e4a2-l40-202-083,3610500000.0,4.684,3610500000.0,3610500000.0,4.684,in-flight request cap across available files; not a measured active-file count,configured_request_depth,32,probe-l40.log,,observed minimum/maximum; not a confidence interval,,,,1,32,,sample,,"[""/mnt/main0/home/nclack/tmp/2026-08-24-nfs/probe-l40.log#line:67""]",nfs,reported written bytes,retained io-depth wall_s; setup_s and fsync_s are separately reported,chucky dev/io-depth,32,filesystem_write_control,
1,threads,,direct,,,,filesystem_controls|cw-us-e4a2-l40-202-083|nfs|50331648|direct|0|32|1,synthetic,generated filesystem write buffers,0,filesystem_controls,,,,,cw-us-e4a2-l40-202-083,1352900000.0,12.6858,1352900000.0,1352900000.0,12.6858,in-flight request cap across available files; not a measured active-file count,configured_request_depth,32,probe-l40.log,,observed minimum/maximum; not a confidence interval,,,,1,32,,sample,,"[""/mnt/main0/home/nclack/tmp/2026-08-24-nfs/probe-l40.log#line:87""]",nfs,reported written bytes,retained io-depth wall_s; setup_s and fsync_s are separately reported,chucky dev/io-depth,32,filesystem_write_control,
1,threads,,direct,,,,filesystem_controls|cw-us-e4a2-l40-202-083|nfs|50331648|direct|0|4|1,synthetic,generated filesystem write buffers,0,filesystem_controls,,,,,cw-us-e4a2-l40-202-083,1072200000.0,16.0068,1072200000.0,1072200000.0,16.0068,in-flight request cap across available files; not a measured active-file count,configured_request_depth,32,probe-l40.log,,observed minimum/maximum; not a confidence interval,,,,1,32,,sample,,"[""/mnt/main0/home/nclack/tmp/2026-08-24-nfs/probe-l40.log#line:81""]",nfs,reported written bytes,retained io-depth wall_s; setup_s and fsync_s are separately reported,chucky dev/io-depth,32,filesystem_write_control,
1,threads,,direct,,,,filesystem_controls|cw-us-e4a2-l40-202-083|nfs|50331648|direct|0|4|8,synthetic,generated filesystem write buffers,0,filesystem_controls,,,,,cw-us-e4a2-l40-202-083,2717200000.0,6.2239,2717200000.0,2717200000.0,6.2239,in-flight request cap across available files; not a measured active-file count,configured_request_depth,32,probe-l40.log,,observed minimum/maximum; not a confidence interval,,,,1,32,,sample,,"[""/mnt/main0/home/nclack/tmp/2026-08-24-nfs/probe-l40.log#line:69""]",nfs,reported written bytes,retained io-depth wall_s; setup_s and fsync_s are separately reported,chucky dev/io-depth,32,filesystem_write_control,
1,threads,,direct,,,,filesystem_controls|cw-us-e4a2-l40-202-083|nfs|50331648|direct|0|8|1,synthetic,generated filesystem write buffers,0,filesystem_controls,,,,,cw-us-e4a2-l40-202-083,1016300000.0,16.8879,1016300000.0,1016300000.0,16.8879,in-flight request cap across available files; not a measured active-file count,configured_request_depth,32,probe-l40.log,,observed minimum/maximum; not a confidence interval,,,,1,32,,sample,,"[""/mnt/main0/home/nclack/tmp/2026-08-24-nfs/probe-l40.log#line:83""]",nfs,reported written bytes,retained io-depth wall_s; setup_s and fsync_s are separately reported,chucky dev/io-depth,32,filesystem_write_control,
1,threads,,direct,,,,filesystem_controls|cw-us-e4a2-l40-202-083|nfs|50331648|direct|0|8|8,synthetic,generated filesystem write buffers,0,filesystem_controls,,,,,cw-us-e4a2-l40-202-083,2035000000.0000002,8.3103,2035000000.0000002,2035000000.0000002,8.3103,in-flight request cap across available files; not a measured active-file count,configured_request_depth,32,probe-l40.log,,observed minimum/maximum; not a confidence interval,,,,1,32,,sample,,"[""/mnt/main0/home/nclack/tmp/2026-08-24-nfs/probe-l40.log#line:71""]",nfs,reported written bytes,retained io-depth wall_s; setup_s and fsync_s are separately reported,chucky dev/io-depth,32,filesystem_write_control,
1,threads,,direct,,,,filesystem_controls|cw-us-e4a2-l40-202-083|nfs|50331648|direct|1|1|64,synthetic,generated filesystem write buffers,0,filesystem_controls,,,,,cw-us-e4a2-l40-202-083,6182600000.0,2.6051,6182600000.0,6182600000.0,2.6051,in-flight request cap across available files; not a measured active-file count,configured_request_depth,16,probe-l40.log,,observed minimum/maximum; not a confidence interval,,,,1,16,,sample,,"[""/mnt/main0/home/nclack/tmp/2026-08-24-nfs/probe-l40.log#line:101""]",nfs,reported written bytes,retained io-depth wall_s; setup_s and fsync_s are separately reported,chucky dev/io-depth,16,filesystem_write_control,
1,threads,,direct,,,,filesystem_controls|cw-us-e4a2-l40-202-083|nfs|8388608|direct|0|1|64,synthetic,generated filesystem write buffers,0,filesystem_controls,,,,,cw-us-e4a2-l40-202-083,7200600000.0,2.3859,7200600000.0,7200600000.0,2.3859,in-flight request cap across available files; not a measured active-file count,configured_request_depth,16,probe-l40.log,,observed minimum/maximum; not a confidence interval,,,,1,16,,sample,,"[""/mnt/main0/home/nclack/tmp/2026-08-24-nfs/probe-l40.log#line:92""]",nfs,reported written bytes,retained io-depth wall_s; setup_s and fsync_s are separately reported,chucky dev/io-depth,16,filesystem_write_control,
1,threads,,direct,,,,filesystem_controls|cw-us-e4a2-l40-202-083|xfs|50331648|direct|0|1|64,synthetic,generated filesystem write buffers,0,filesystem_controls,,,,,cw-us-e4a2-l40-202-083,2792800000.0,5.767,2792800000.0,2792800000.0,5.767,in-flight request cap across available files; not a measured active-file count,configured_request_depth,1,probe-l40.log,,observed minimum/maximum; not a confidence interval,,,,1,1,,sample,,"[""/mnt/main0/home/nclack/tmp/2026-08-24-nfs/probe-l40.log#line:116""]",xfs,reported written bytes,retained io-depth wall_s; setup_s and fsync_s are separately reported,chucky dev/io-depth,1,filesystem_write_control,
1,threads,,direct,,,,filesystem_controls|cw-us-e4a2-l40-202-083|xfs|50331648|direct|0|1|64,synthetic,generated filesystem write buffers,0,filesystem_controls,-0.15915397099628292,,,,cw-us-e4a2-l40-202-083,1606100000.0,10.0283,1606100000.0,1606100000.0,10.0283,in-flight request cap across available files; not a measured active-file count,configured_request_depth,16,probe-l40.log,8,observed minimum/maximum; not a confidence interval,,,,1,16,,sample,,"[""/mnt/main0/home/nclack/tmp/2026-08-24-nfs/probe-l40.log#line:120""]",xfs,reported written bytes,retained io-depth wall_s; setup_s and fsync_s are separately reported,chucky dev/io-depth,16,filesystem_write_control,
1,threads,,direct,,,,filesystem_controls|cw-us-e4a2-l40-202-083|xfs|50331648|direct|0|1|64,synthetic,generated filesystem write buffers,0,filesystem_controls,-0.02285038291513608,,,,cw-us-e4a2-l40-202-083,1569400000.0,10.2629,1569400000.0,1569400000.0,10.2629,in-flight request cap across available files; not a measured active-file count,configured_request_depth,32,probe-l40.log,16,observed minimum/maximum; not a confidence interval,,,,1,32,,sample,,"[""/mnt/main0/home/nclack/tmp/2026-08-24-nfs/probe-l40.log#line:122""]",xfs,reported written bytes,retained io-depth wall_s; setup_s and fsync_s are separately reported,chucky dev/io-depth,32,filesystem_write_control,
1,threads,,direct,,,,filesystem_controls|cw-us-e4a2-l40-202-083|xfs|50331648|direct|0|1|64,synthetic,generated filesystem write buffers,0,filesystem_controls,0.08410857652606096,,,,cw-us-e4a2-l40-202-083,1701400000.0,9.4665,1701400000.0,1701400000.0,9.4665,in-flight request cap across available files; not a measured active-file count,configured_request_depth,64,probe-l40.log,32,observed minimum/maximum; not a confidence interval,,,,1,64,,sample,,"[""/mnt/main0/home/nclack/tmp/2026-08-24-nfs/probe-l40.log#line:124""]",xfs,reported written bytes,retained io-depth wall_s; setup_s and fsync_s are separately reported,chucky dev/io-depth,64,filesystem_write_control,
1,threads,,direct,,,,filesystem_controls|cw-us-e4a2-l40-202-083|xfs|50331648|direct|0|1|64,synthetic,generated filesystem write buffers,0,filesystem_controls,-0.3160627327413349,,,,cw-us-e4a2-l40-202-083,1910100000.0,8.4319,1910100000.0,1910100000.0,8.4319,in-flight request cap across available files; not a measured active-file count,configured_request_depth,8,probe-l40.log,1,observed minimum/maximum; not a confidence interval,,,,1,8,,sample,,"[""/mnt/main0/home/nclack/tmp/2026-08-24-nfs/probe-l40.log#line:118""]",xfs,reported written bytes,retained io-depth wall_s; setup_s and fsync_s are separately reported,chucky dev/io-depth,8,filesystem_write_control,
8,cpu,16384,direct shard writes; server cache uncontrolled,"[4,64,128]",blosc-lz4,3,microscopy-shards-20260914|bbbc022-mito|cpu|fast-compression|fs|sample,microscopy,bbbc022-mito,0,microscopy_shard_targets,0.0022345875501033063,279842816.0,32,,cw-us-e4a2-l40-234-003,1700478296.1532207,20.466638036000003,1686547498.1859105,1678863117.2356615,20.206482692,geometry count in the non-append dimensions; not measured overlapping writes,writer_layer_shards,15,microscopy-shards-20260914,4,observed minimum/maximum; not a confidence interval,65536,1073741824,16,8,,3facc0dac1061ebc2a56bdd27a9c317dbda2e6f4,sample,"[16384,128,256]","[""/mnt/main0/home/nclack/tmp/2026-09-07-chucky-microscopy-pr/worktree/build-microscopy-shards-20260914/run-3684715/study.json#/records/36"",""/mnt/main0/home/nclack/tmp/2026-09-07-chucky-microscopy-pr/worktree/build-microscopy-shards-20260914/run-3684715/study.json#/records/55"",""/mnt/main0/home/nclack/tmp/2026-09-07-chucky-microscopy-pr/worktree/build-microscopy-shards-20260914/run-3684715/study.json#/records/83"",""/mnt/main0/home/nclack/tmp/2026-09-07-chucky-microscopy-pr/worktree/build-microscopy-shards-20260914/run-3684715/study.json#/records/100"",""/mnt/main0/home/nclack/tmp/2026-09-07-chucky-microscopy-pr/worktree/build-microscopy-shards-20260914/run-3684715/study.json#/records/154"",""/mnt/main0/home/nclack/tmp/2026-09-07-chucky-microscopy-pr/worktree/build-microscopy-shards-20260914/run-3684715/study.json#/records/191"",""/mnt/main0/home/nclack/tmp/2026-09-07-chucky-microscopy-pr/worktree/build-microscopy-shards-20260914/run-3684715/study.json#/records/215"",""/mnt/main0/home/nclack/tmp/2026-09-07-chucky-microscopy-pr/worktree/build-microscopy-shards-20260914/run-3684715/study.json#/records/226""]",nfs,logical unpadded input bytes,coverage-qualified-through-final-close-v2,chucky,4,preloaded_cyclic_streaming_replay,15
8,cpu,16384,direct shard writes; server cache uncontrolled,"[4,64,128]",blosc-lz4,3,microscopy-shards-20260914|bbbc022-mito|cpu|fast-compression|fs|sample,microscopy,bbbc022-mito,0,microscopy_shard_targets,,271493120.0,32,,cw-us-e4a2-l40-234-003,1694580843.9523146,20.483151802,1682787162.9421263,1677509605.1308937,20.276803759000003,geometry count in the non-append dimensions; not measured overlapping writes,writer_layer_shards,4,microscopy-shards-20260914,,observed minimum/maximum; not a confidence interval,65536,1073479680,16,8,,3facc0dac1061ebc2a56bdd27a9c317dbda2e6f4,sample,"[4368,320,384]","[""/mnt/main0/home/nclack/tmp/2026-09-07-chucky-microscopy-pr/worktree/build-microscopy-shards-20260914/run-3684715/study.json#/records/37"",""/mnt/main0/home/nclack/tmp/2026-09-07-chucky-microscopy-pr/worktree/build-microscopy-shards-20260914/run-3684715/study.json#/records/54"",""/mnt/main0/home/nclack/tmp/2026-09-07-chucky-microscopy-pr/worktree/build-microscopy-shards-20260914/run-3684715/study.json#/records/82"",""/mnt/main0/home/nclack/tmp/2026-09-07-chucky-microscopy-pr/worktree/build-microscopy-shards-20260914/run-3684715/study.json#/records/101"",""/mnt/main0/home/nclack/tmp/2026-09-07-chucky-microscopy-pr/worktree/build-microscopy-shards-20260914/run-3684715/study.json#/records/155"",""/mnt/main0/home/nclack/tmp/2026-09-07-chucky-microscopy-pr/worktree/build-microscopy-shards-20260914/run-3684715/study.json#/records/190"",""/mnt/main0/home/nclack/tmp/2026-09-07-chucky-microscopy-pr/worktree/build-microscopy-shards-20260914/run-3684715/study.json#/records/214"",""/mnt/main0/home/nclack/tmp/2026-09-07-chucky-microscopy-pr/worktree/build-microscopy-shards-20260914/run-3684715/study.json#/records/227""]",nfs,logical unpadded input bytes,coverage-qualified-through-final-close-v2,chucky,4,preloaded_cyclic_streaming_replay,4
8,cpu,262144,direct shard writes; server cache uncontrolled,"[4,128,256]",blosc-zstd,3,microscopy-shards-20260914|bbbc022-mito|cpu|smaller-output|fs|sample,microscopy,bbbc022-mito,0,microscopy_shard_targets,0.02641778633941705,257738752.0,32,,cw-us-e4a2-l40-234-003,577699059.6066687,60.62876940500001,570674975.1214815,566738943.6674846,59.478518882,geometry count in the non-append dimensions; not measured overlapping writes,writer_layer_shards,15,microscopy-shards-20260914,4,observed minimum/maximum; not a confidence interval,262144,1073741824,16,8,,3facc0dac1061ebc2a56bdd27a9c317dbda2e6f4,sample,"[16384,128,256]","[""/mnt/main0/home/nclack/tmp/2026-09-07-chucky-microscopy-pr/worktree/build-microscopy-shards-20260914/run-3684715/study.json#/records/25"",""/mnt/main0/home/nclack/tmp/2026-09-07-chucky-microscopy-pr/worktree/build-microscopy-shards-20260914/run-3684715/study.json#/records/41"",""/mnt/main0/home/nclack/tmp/2026-09-07-chucky-microscopy-pr/worktree/build-microscopy-shards-20260914/run-3684715/study.json#/records/75"",""/mnt/main0/home/nclack/tmp/2026-09-07-chucky-microscopy-pr/worktree/build-microscopy-shards-20260914/run-3684715/study.json#/records/89"",""/mnt/main0/home/nclack/tmp/2026-09-07-chucky-microscopy-pr/worktree/build-microscopy-shards-20260914/run-3684715/study.json#/records/159"",""/mnt/main0/home/nclack/tmp/2026-09-07-chucky-microscopy-pr/worktree/build-microscopy-shards-20260914/run-3684715/study.json#/records/183"",""/mnt/main0/home/nclack/tmp/2026-09-07-chucky-microscopy-pr/worktree/build-microscopy-shards-20260914/run-3684715/study.json#/records/200"",""/mnt/main0/home/nclack/tmp/2026-09-07-chucky-microscopy-pr/worktree/build-microscopy-shards-20260914/run-3684715/study.json#/records/221""]",nfs,logical unpadded input bytes,coverage-qualified-through-final-close-v2,chucky,4,preloaded_cyclic_streaming_replay,15
8,cpu,262144,direct shard writes; server cache uncontrolled,"[4,128,256]",blosc-zstd,3,microscopy-shards-20260914|bbbc022-mito|cpu|smaller-output|fs|sample,microscopy,bbbc022-mito,0,microscopy_shard_targets,,256536576.0,32,,cw-us-e4a2-l40-234-003,560766644.403031,62.04903359200001,555987028.592634,553766625.2742523,61.274479361,geometry count in the non-append dimensions; not measured overlapping writes,writer_layer_shards,4,microscopy-shards-20260914,,observed minimum/maximum; not a confidence interval,262144,1072693248,16,8,,3facc0dac1061ebc2a56bdd27a9c317dbda2e6f4,sample,"[2728,384,512]","[""/mnt/main0/home/nclack/tmp/2026-09-07-chucky-microscopy-pr/worktree/build-microscopy-shards-20260914/run-3684715/study.json#/records/24"",""/mnt/main0/home/nclack/tmp/2026-09-07-chucky-microscopy-pr/worktree/build-microscopy-shards-20260914/run-3684715/study.json#/records/40"",""/mnt/main0/home/nclack/tmp/2026-09-07-chucky-microscopy-pr/worktree/build-microscopy-shards-20260914/run-3684715/study.json#/records/74"",""/mnt/main0/home/nclack/tmp/2026-09-07-chucky-microscopy-pr/worktree/build-microscopy-shards-20260914/run-3684715/study.json#/records/88"",""/mnt/main0/home/nclack/tmp/2026-09-07-chucky-microscopy-pr/worktree/build-microscopy-shards-20260914/run-3684715/study.json#/records/158"",""/mnt/main0/home/nclack/tmp/2026-09-07-chucky-microscopy-pr/worktree/build-microscopy-shards-20260914/run-3684715/study.json#/records/182"",""/mnt/main0/home/nclack/tmp/2026-09-07-chucky-microscopy-pr/worktree/build-microscopy-shards-20260914/run-3684715/study.json#/records/201"",""/mnt/main0/home/nclack/tmp/2026-09-07-chucky-microscopy-pr/worktree/build-microscopy-shards-20260914/run-3684715/study.json#/records/220""]",nfs,logical unpadded input bytes,coverage-qualified-through-final-close-v2,chucky,4,preloaded_cyclic_streaming_replay,4
2,cpu,,direct shard writes; server cache uncontrolled,"[4,128,256]",none,0,microscopy-shards-20260914|bbbc022-mito|cpu|uncompressed|discard|reference-after,microscopy,bbbc022-mito,0,microscopy_shard_targets,0.017949871063509093,448796672.0,32,,cw-us-e4a2-l40-234-003,2916842343.0045667,11.850647982,2908159884.651115,2899477426.297663,11.780096962,geometry count in the non-append dimensions; not measured overlapping writes,writer_layer_shards,15,microscopy-shards-20260914,4,observed minimum/maximum; not a confidence interval,262144,1073741824,,2,,3facc0dac1061ebc2a56bdd27a9c317dbda2e6f4,reference-after,"[16384,128,256]","[""/mnt/main0/home/nclack/tmp/2026-09-07-chucky-microscopy-pr/worktree/build-microscopy-shards-20260914/run-3684715/study.json#/records/125"",""/mnt/main0/home/nclack/tmp/2026-09-07-chucky-microscopy-pr/worktree/build-microscopy-shards-20260914/run-3684715/study.json#/records/241""]",discard,logical unpadded input bytes,coverage-qualified-through-final-close-v2,chucky,4,preloaded_cyclic_streaming_replay,15
2,cpu,,direct shard writes; server cache uncontrolled,"[4,128,256]",none,0,microscopy-shards-20260914|bbbc022-mito|cpu|uncompressed|discard|reference-after,microscopy,bbbc022-mito,0,microscopy_shard_targets,,447223808.0,32,,cw-us-e4a2-l40-234-003,2864421899.585422,12.059188081,2856879270.1086526,2849336640.631883,11.995679079,geometry count in the non-append dimensions; not measured overlapping writes,writer_layer_shards,4,microscopy-shards-20260914,,observed minimum/maximum; not a confidence interval,262144,1072693248,,2,,3facc0dac1061ebc2a56bdd27a9c317dbda2e6f4,reference-after,"[2728,384,512]","[""/mnt/main0/home/nclack/tmp/2026-09-07-chucky-microscopy-pr/worktree/build-microscopy-shards-20260914/run-3684715/study.json#/records/124"",""/mnt/main0/home/nclack/tmp/2026-09-07-chucky-microscopy-pr/worktree/build-microscopy-shards-20260914/run-3684715/study.json#/records/240""]",discard,logical unpadded input bytes,coverage-qualified-through-final-close-v2,chucky,4,preloaded_cyclic_streaming_replay,4
2,cpu,,direct shard writes; server cache uncontrolled,"[4,128,256]",none,0,microscopy-shards-20260914|bbbc022-mito|cpu|uncompressed|discard|reference-before,microscopy,bbbc022-mito,0,microscopy_shard_targets,0.018471121549890723,448794624.0,32,,cw-us-e4a2-l40-234-003,2951591783.4387317,12.416410662000002,2859476213.470979,2767360643.5032268,11.641407676,geometry count in the non-append dimensions; not measured overlapping writes,writer_layer_shards,15,microscopy-shards-20260914,4,observed minimum/maximum; not a confidence interval,262144,1073741824,,2,,3facc0dac1061ebc2a56bdd27a9c317dbda2e6f4,reference-before,"[16384,128,256]","[""/mnt/main0/home/nclack/tmp/2026-09-07-chucky-microscopy-pr/worktree/build-microscopy-shards-20260914/run-3684715/study.json#/records/9"",""/mnt/main0/home/nclack/tmp/2026-09-07-chucky-microscopy-pr/worktree/build-microscopy-shards-20260914/run-3684715/study.json#/records/136""]",discard,logical unpadded input bytes,coverage-qualified-through-final-close-v2,chucky,4,preloaded_cyclic_streaming_replay,15
2,cpu,,direct shard writes; server cache uncontrolled,"[4,128,256]",none,0,microscopy-shards-20260914|bbbc022-mito|cpu|uncompressed|discard|reference-before,microscopy,bbbc022-mito,0,microscopy_shard_targets,,446697472.0,32,,cw-us-e4a2-l40-234-003,2896480950.5600977,12.638403883,2807616389.8682575,2718751829.1764174,11.862906985,geometry count in the non-append dimensions; not measured overlapping writes,writer_layer_shards,4,microscopy-shards-20260914,,observed minimum/maximum; not a confidence interval,262144,1072693248,,2,,3facc0dac1061ebc2a56bdd27a9c317dbda2e6f4,reference-before,"[2728,384,512]","[""/mnt/main0/home/nclack/tmp/2026-09-07-chucky-microscopy-pr/worktree/build-microscopy-shards-20260914/run-3684715/study.json#/records/8"",""/mnt/main0/home/nclack/tmp/2026-09-07-chucky-microscopy-pr/worktree/build-microscopy-shards-20260914/run-3684715/study.json#/records/137""]",discard,logical unpadded input bytes,coverage-qualified-through-final-close-v2,chucky,4,preloaded_cyclic_streaming_replay,4
2,cpu,,direct shard writes; server cache uncontrolled,"[4,128,256]",none,0,microscopy-shards-20260914|bbbc022-mito|cpu|uncompressed|fs|reference-after,microscopy,bbbc022-mito,0,microscopy_shard_targets,0.14265113996299772,450371584.0,32,,cw-us-e4a2-l40-234-003,2072680866.3928175,16.907804303000002,2052459481.0288863,2032238095.664955,16.577893259,geometry count in the non-append dimensions; not measured overlapping writes,writer_layer_shards,15,microscopy-shards-20260914,4,observed minimum/maximum; not a confidence interval,262144,1073741824,16,2,,3facc0dac1061ebc2a56bdd27a9c317dbda2e6f4,reference-after,"[16384,128,256]","[""/mnt/main0/home/nclack/tmp/2026-09-07-chucky-microscopy-pr/worktree/build-microscopy-shards-20260914/run-3684715/study.json#/records/112"",""/mnt/main0/home/nclack/tmp/2026-09-07-chucky-microscopy-pr/worktree/build-microscopy-shards-20260914/run-3684715/study.json#/records/251""]",nfs,logical unpadded input bytes,coverage-qualified-through-final-close-v2,chucky,4,preloaded_cyclic_streaming_replay,15
2,cpu,,direct shard writes; server cache uncontrolled,"[4,128,256]",none,0,microscopy-shards-20260914|bbbc022-mito|cpu|uncompressed|fs|reference-after,microscopy,bbbc022-mito,0,microscopy_shard_targets,,449841152.0,32,,cw-us-e4a2-l40-234-003,1846455199.097211,19.679698067,1796225820.153079,1745996441.2089474,18.608999020000002,geometry count in the non-append dimensions; not measured overlapping writes,writer_layer_shards,4,microscopy-shards-20260914,,observed minimum/maximum; not a confidence interval,262144,1072693248,16,2,,3facc0dac1061ebc2a56bdd27a9c317dbda2e6f4,reference-after,"[2728,384,512]","[""/mnt/main0/home/nclack/tmp/2026-09-07-chucky-microscopy-pr/worktree/build-microscopy-shards-20260914/run-3684715/study.json#/records/113"",""/mnt/main0/home/nclack/tmp/2026-09-07-chucky-microscopy-pr/worktree/build-microscopy-shards-20260914/run-3684715/study.json#/records/250""]",nfs,logical unpadded input bytes,coverage-qualified-through-final-close-v2,chucky,4,preloaded_cyclic_streaming_replay,4
2,cpu,,direct shard writes; server cache uncontrolled,"[4,128,256]",none,0,microscopy-shards-20260914|bbbc022-mito|cpu|uncompressed|fs|reference-before,microscopy,bbbc022-mito,0,microscopy_shard_targets,0.18783947189665295,451418112.0,32,,cw-us-e4a2-l40-234-003,2054001965.844996,17.019596221,2036445784.0610752,2018889602.2771547,16.728653169,geometry count in the non-append dimensions; not measured overlapping writes,writer_layer_shards,15,microscopy-shards-20260914,4,observed minimum/maximum; not a confidence interval,262144,1073741824,16,2,,3facc0dac1061ebc2a56bdd27a9c317dbda2e6f4,reference-before,"[16384,128,256]","[""/mnt/main0/home/nclack/tmp/2026-09-07-chucky-microscopy-pr/worktree/build-microscopy-shards-20260914/run-3684715/study.json#/records/11"",""/mnt/main0/home/nclack/tmp/2026-09-07-chucky-microscopy-pr/worktree/build-microscopy-shards-20260914/run-3684715/study.json#/records/135""]",nfs,logical unpadded input bytes,coverage-qualified-through-final-close-v2,chucky,4,preloaded_cyclic_streaming_replay,15
2,cpu,,direct shard writes; server cache uncontrolled,"[4,128,256]",none,0,microscopy-shards-20260914|bbbc022-mito|cpu|uncompressed|fs|reference-before,microscopy,bbbc022-mito,0,microscopy_shard_targets,,449855488.0,32,,cw-us-e4a2-l40-234-003,1857908240.8269277,21.873040172,1714411612.21005,1570914983.5931723,18.494286459,geometry count in the non-append dimensions; not measured overlapping writes,writer_layer_shards,4,microscopy-shards-20260914,,observed minimum/maximum; not a confidence interval,262144,1072693248,16,2,,3facc0dac1061ebc2a56bdd27a9c317dbda2e6f4,reference-before,"[2728,384,512]","[""/mnt/main0/home/nclack/tmp/2026-09-07-chucky-microscopy-pr/worktree/build-microscopy-shards-20260914/run-3684715/study.json#/records/10"",""/mnt/main0/home/nclack/tmp/2026-09-07-chucky-microscopy-pr/worktree/build-microscopy-shards-20260914/run-3684715/study.json#/records/134""]",nfs,logical unpadded input bytes,coverage-qualified-through-final-close-v2,chucky,4,preloaded_cyclic_streaming_replay,4
8,cpu,,direct shard writes; server cache uncontrolled,"[4,128,256]",none,0,microscopy-shards-20260914|bbbc022-mito|cpu|uncompressed|fs|sample,microscopy,bbbc022-mito,0,microscopy_shard_targets,0.12231022511038292,450887680.0,32,,cw-us-e4a2-l40-234-003,2067896960.9702854,16.915182841000004,2045195671.0716534,2031351807.5074246,16.616245316,geometry count in the non-append dimensions; not measured overlapping writes,writer_layer_shards,15,microscopy-shards-20260914,4,observed minimum/maximum; not a confidence interval,262144,1073741824,16,8,,3facc0dac1061ebc2a56bdd27a9c317dbda2e6f4,sample,"[16384,128,256]","[""/mnt/main0/home/nclack/tmp/2026-09-07-chucky-microscopy-pr/worktree/build-microscopy-shards-20260914/run-3684715/study.json#/records/22"",""/mnt/main0/home/nclack/tmp/2026-09-07-chucky-microscopy-pr/worktree/build-microscopy-shards-20260914/run-3684715/study.json#/records/45"",""/mnt/main0/home/nclack/tmp/2026-09-07-chucky-microscopy-pr/worktree/build-microscopy-shards-20260914/run-3684715/study.json#/records/81"",""/mnt/main0/home/nclack/tmp/2026-09-07-chucky-microscopy-pr/worktree/build-microscopy-shards-20260914/run-3684715/study.json#/records/98"",""/mnt/main0/home/nclack/tmp/2026-09-07-chucky-microscopy-pr/worktree/build-microscopy-shards-20260914/run-3684715/study.json#/records/146"",""/mnt/main0/home/nclack/tmp/2026-09-07-chucky-microscopy-pr/worktree/build-microscopy-shards-20260914/run-3684715/study.json#/records/168"",""/mnt/main0/home/nclack/tmp/2026-09-07-chucky-microscopy-pr/worktree/build-microscopy-shards-20260914/run-3684715/study.json#/records/203"",""/mnt/main0/home/nclack/tmp/2026-09-07-chucky-microscopy-pr/worktree/build-microscopy-shards-20260914/run-3684715/study.json#/records/218""]",nfs,logical unpadded input bytes,coverage-qualified-through-final-close-v2,chucky,4,preloaded_cyclic_streaming_replay,15
8,cpu,,direct shard writes; server cache uncontrolled,"[4,128,256]",none,0,microscopy-shards-20260914|bbbc022-mito|cpu|uncompressed|fs|sample,microscopy,bbbc022-mito,0,microscopy_shard_targets,,449843200.0,32,,cw-us-e4a2-l40-234-003,1895050459.2456882,21.299711233,1822308685.524541,1613199582.887532,18.131805891,geometry count in the non-append dimensions; not measured overlapping writes,writer_layer_shards,4,microscopy-shards-20260914,,observed minimum/maximum; not a confidence interval,262144,1072693248,16,8,,3facc0dac1061ebc2a56bdd27a9c317dbda2e6f4,sample,"[2728,384,512]","[""/mnt/main0/home/nclack/tmp/2026-09-07-chucky-microscopy-pr/worktree/build-microscopy-shards-20260914/run-3684715/study.json#/records/23"",""/mnt/main0/home/nclack/tmp/2026-09-07-chucky-microscopy-pr/worktree/build-microscopy-shards-20260914/run-3684715/study.json#/records/44"",""/mnt/main0/home/nclack/tmp/2026-09-07-chucky-microscopy-pr/worktree/build-microscopy-shards-20260914/run-3684715/study.json#/records/80"",""/mnt/main0/home/nclack/tmp/2026-09-07-chucky-microscopy-pr/worktree/build-microscopy-shards-20260914/run-3684715/study.json#/records/99"",""/mnt/main0/home/nclack/tmp/2026-09-07-chucky-microscopy-pr/worktree/build-microscopy-shards-20260914/run-3684715/study.json#/records/147"",""/mnt/main0/home/nclack/tmp/2026-09-07-chucky-microscopy-pr/worktree/build-microscopy-shards-20260914/run-3684715/study.json#/records/169"",""/mnt/main0/home/nclack/tmp/2026-09-07-chucky-microscopy-pr/worktree/build-microscopy-shards-20260914/run-3684715/study.json#/records/202"",""/mnt/main0/home/nclack/tmp/2026-09-07-chucky-microscopy-pr/worktree/build-microscopy-shards-20260914/run-3684715/study.json#/records/219""]",nfs,logical unpadded input bytes,coverage-qualified-through-final-close-v2,chucky,4,preloaded_cyclic_streaming_replay,4
8,gpu,16384,direct shard writes; server cache uncontrolled,"[4,64,128]",blosc-lz4,3,microscopy-shards-20260914|bbbc022-mito|gpu|fast-compression|fs|sample,microscopy,bbbc022-mito,0,microscopy_shard_targets,0.5602463517821119,675745792.0,32,,cw-us-e4a2-l40-234-003,6593162484.641557,7.243477605000001,5597609388.903318,4743672124.121895,5.211563735,geometry count in the non-append dimensions; not measured overlapping writes,writer_layer_shards,15,microscopy-shards-20260914,4,observed minimum/maximum; not a confidence interval,65536,1073741824,16,8,,3facc0dac1061ebc2a56bdd27a9c317dbda2e6f4,sample,"[16384,128,256]","[""/mnt/main0/home/nclack/tmp/2026-09-07-chucky-microscopy-pr/worktree/build-microscopy-shards-20260914/run-3684715/study.json#/records/17"",""/mnt/main0/home/nclack/tmp/2026-09-07-chucky-microscopy-pr/worktree/build-microscopy-shards-20260914/run-3684715/study.json#/records/51"",""/mnt/main0/home/nclack/tmp/2026-09-07-chucky-microscopy-pr/worktree/build-microscopy-shards-20260914/run-3684715/study.json#/records/70"",""/mnt/main0/home/nclack/tmp/2026-09-07-chucky-microscopy-pr/worktree/build-microscopy-shards-20260914/run-3684715/study.json#/records/108"",""/mnt/main0/home/nclack/tmp/2026-09-07-chucky-microscopy-pr/worktree/build-microscopy-shards-20260914/run-3684715/study.json#/records/153"",""/mnt/main0/home/nclack/tmp/2026-09-07-chucky-microscopy-pr/worktree/build-microscopy-shards-20260914/run-3684715/study.json#/records/185"",""/mnt/main0/home/nclack/tmp/2026-09-07-chucky-microscopy-pr/worktree/build-microscopy-shards-20260914/run-3684715/study.json#/records/204"",""/mnt/main0/home/nclack/tmp/2026-09-07-chucky-microscopy-pr/worktree/build-microscopy-shards-20260914/run-3684715/study.json#/records/237""]",nfs,logical unpadded input bytes,coverage-qualified-through-final-close-v2,chucky,4,preloaded_cyclic_streaming_replay,15
8,gpu,16384,direct shard writes; server cache uncontrolled,"[4,64,128]",blosc-lz4,3,microscopy-shards-20260914|bbbc022-mito|gpu|fast-compression|fs|sample,microscopy,bbbc022-mito,0,microscopy_shard_targets,,667428864.0,32,,cw-us-e4a2-l40-234-003,4581601819.132849,10.109412679,3587644593.759014,3398880281.961843,7.499710026000001,geometry count in the non-append dimensions; not measured overlapping writes,writer_layer_shards,4,microscopy-shards-20260914,,observed minimum/maximum; not a confidence interval,65536,1073479680,16,8,,3facc0dac1061ebc2a56bdd27a9c317dbda2e6f4,sample,"[4368,320,384]","[""/mnt/main0/home/nclack/tmp/2026-09-07-chucky-microscopy-pr/worktree/build-microscopy-shards-20260914/run-3684715/study.json#/records/16"",""/mnt/main0/home/nclack/tmp/2026-09-07-chucky-microscopy-pr/worktree/build-microscopy-shards-20260914/run-3684715/study.json#/records/50"",""/mnt/main0/home/nclack/tmp/2026-09-07-chucky-microscopy-pr/worktree/build-microscopy-shards-20260914/run-3684715/study.json#/records/71"",""/mnt/main0/home/nclack/tmp/2026-09-07-chucky-microscopy-pr/worktree/build-microscopy-shards-20260914/run-3684715/study.json#/records/109"",""/mnt/main0/home/nclack/tmp/2026-09-07-chucky-microscopy-pr/worktree/build-microscopy-shards-20260914/run-3684715/study.json#/records/152"",""/mnt/main0/home/nclack/tmp/2026-09-07-chucky-microscopy-pr/worktree/build-microscopy-shards-20260914/run-3684715/study.json#/records/184"",""/mnt/main0/home/nclack/tmp/2026-09-07-chucky-microscopy-pr/worktree/build-microscopy-shards-20260914/run-3684715/study.json#/records/205"",""/mnt/main0/home/nclack/tmp/2026-09-07-chucky-microscopy-pr/worktree/build-microscopy-shards-20260914/run-3684715/study.json#/records/236""]",nfs,logical unpadded input bytes,coverage-qualified-through-final-close-v2,chucky,4,preloaded_cyclic_streaming_replay,4
8,gpu,262144,direct shard writes; server cache uncontrolled,"[4,128,256]",blosc-zstd,3,microscopy-shards-20260914|bbbc022-mito|gpu|smaller-output|fs|sample,microscopy,bbbc022-mito,0,microscopy_shard_targets,0.019461535066206626,760229888.0,32,,cw-us-e4a2-l40-234-003,2960891137.979303,11.778159172,2945631107.274299,2917322161.7906227,11.604846221,geometry count in the non-append dimensions; not measured overlapping writes,writer_layer_shards,15,microscopy-shards-20260914,4,observed minimum/maximum; not a confidence interval,262144,1073741824,16,8,,3facc0dac1061ebc2a56bdd27a9c317dbda2e6f4,sample,"[16384,128,256]","[""/mnt/main0/home/nclack/tmp/2026-09-07-chucky-microscopy-pr/worktree/build-microscopy-shards-20260914/run-3684715/study.json#/records/35"",""/mnt/main0/home/nclack/tmp/2026-09-07-chucky-microscopy-pr/worktree/build-microscopy-shards-20260914/run-3684715/study.json#/records/53"",""/mnt/main0/home/nclack/tmp/2026-09-07-chucky-microscopy-pr/worktree/build-microscopy-shards-20260914/run-3684715/study.json#/records/85"",""/mnt/main0/home/nclack/tmp/2026-09-07-chucky-microscopy-pr/worktree/build-microscopy-shards-20260914/run-3684715/study.json#/records/102"",""/mnt/main0/home/nclack/tmp/2026-09-07-chucky-microscopy-pr/worktree/build-microscopy-shards-20260914/run-3684715/study.json#/records/166"",""/mnt/main0/home/nclack/tmp/2026-09-07-chucky-microscopy-pr/worktree/build-microscopy-shards-20260914/run-3684715/study.json#/records/188"",""/mnt/main0/home/nclack/tmp/2026-09-07-chucky-microscopy-pr/worktree/build-microscopy-shards-20260914/run-3684715/study.json#/records/197"",""/mnt/main0/home/nclack/tmp/2026-09-07-chucky-microscopy-pr/worktree/build-microscopy-shards-20260914/run-3684715/study.json#/records/223""]",nfs,logical unpadded input bytes,coverage-qualified-through-final-close-v2,chucky,4,preloaded_cyclic_streaming_replay,15
8,gpu,262144,direct shard writes; server cache uncontrolled,"[4,128,256]",blosc-zstd,3,microscopy-shards-20260914|bbbc022-mito|gpu|smaller-output|fs|sample,microscopy,bbbc022-mito,0,microscopy_shard_targets,,757604352.0,32,,cw-us-e4a2-l40-234-003,2945010424.4239063,12.458172019,2889398967.9394836,2758084022.660829,11.667424054,geometry count in the non-append dimensions; not measured overlapping writes,writer_layer_shards,4,microscopy-shards-20260914,,observed minimum/maximum; not a confidence interval,262144,1072693248,16,8,,3facc0dac1061ebc2a56bdd27a9c317dbda2e6f4,sample,"[2728,384,512]","[""/mnt/main0/home/nclack/tmp/2026-09-07-chucky-microscopy-pr/worktree/build-microscopy-shards-20260914/run-3684715/study.json#/records/34"",""/mnt/main0/home/nclack/tmp/2026-09-07-chucky-microscopy-pr/worktree/build-microscopy-shards-20260914/run-3684715/study.json#/records/52"",""/mnt/main0/home/nclack/tmp/2026-09-07-chucky-microscopy-pr/worktree/build-microscopy-shards-20260914/run-3684715/study.json#/records/84"",""/mnt/main0/home/nclack/tmp/2026-09-07-chucky-microscopy-pr/worktree/build-microscopy-shards-20260914/run-3684715/study.json#/records/103"",""/mnt/main0/home/nclack/tmp/2026-09-07-chucky-microscopy-pr/worktree/build-microscopy-shards-20260914/run-3684715/study.json#/records/167"",""/mnt/main0/home/nclack/tmp/2026-09-07-chucky-microscopy-pr/worktree/build-microscopy-shards-20260914/run-3684715/study.json#/records/189"",""/mnt/main0/home/nclack/tmp/2026-09-07-chucky-microscopy-pr/worktree/build-microscopy-shards-20260914/run-3684715/study.json#/records/196"",""/mnt/main0/home/nclack/tmp/2026-09-07-chucky-microscopy-pr/worktree/build-microscopy-shards-20260914/run-3684715/study.json#/records/222""]",nfs,logical unpadded input bytes,coverage-qualified-through-final-close-v2,chucky,4,preloaded_cyclic_streaming_replay,4
2,gpu,,direct shard writes; server cache uncontrolled,"[4,128,256]",none,0,microscopy-shards-20260914|bbbc022-mito|gpu|uncompressed|discard|reference-after,microscopy,bbbc022-mito,0,microscopy_shard_targets,-0.005508881413232802,672663552.0,32,,cw-us-e4a2-l40-234-003,15922612939.11625,8.009691124000001,15873471668.650434,15824330398.18462,8.009348382,geometry count in the non-append dimensions; not measured overlapping writes,writer_layer_shards,15,microscopy-shards-20260914,4,observed minimum/maximum; not a confidence interval,262144,1073741824,,2,,3facc0dac1061ebc2a56bdd27a9c317dbda2e6f4,reference-after,"[16384,128,256]","[""/mnt/main0/home/nclack/tmp/2026-09-07-chucky-microscopy-pr/worktree/build-microscopy-shards-20260914/run-3684715/study.json#/records/123"",""/mnt/main0/home/nclack/tmp/2026-09-07-chucky-microscopy-pr/worktree/build-microscopy-shards-20260914/run-3684715/study.json#/records/245""]",discard,logical unpadded input bytes,coverage-qualified-through-final-close-v2,chucky,4,preloaded_cyclic_streaming_replay,15
2,gpu,,direct shard writes; server cache uncontrolled,"[4,128,256]",none,0,microscopy-shards-20260914|bbbc022-mito|gpu|uncompressed|discard|reference-after,microscopy,bbbc022-mito,0,microscopy_shard_targets,,671617024.0,32,,cw-us-e4a2-l40-234-003,15984656885.01013,8.008128248,15961401134.690483,15938145384.370834,8.007694476000001,geometry count in the non-append dimensions; not measured overlapping writes,writer_layer_shards,4,microscopy-shards-20260914,,observed minimum/maximum; not a confidence interval,262144,1072693248,,2,,3facc0dac1061ebc2a56bdd27a9c317dbda2e6f4,reference-after,"[2728,384,512]","[""/mnt/main0/home/nclack/tmp/2026-09-07-chucky-microscopy-pr/worktree/build-microscopy-shards-20260914/run-3684715/study.json#/records/122"",""/mnt/main0/home/nclack/tmp/2026-09-07-chucky-microscopy-pr/worktree/build-microscopy-shards-20260914/run-3684715/study.json#/records/244""]",discard,logical unpadded input bytes,coverage-qualified-through-final-close-v2,chucky,4,preloaded_cyclic_streaming_replay,4
2,gpu,,direct shard writes; server cache uncontrolled,"[4,128,256]",none,0,microscopy-shards-20260914|bbbc022-mito|gpu|uncompressed|discard|reference-before,microscopy,bbbc022-mito,0,microscopy_shard_targets,-0.004538144716350168,673710080.0,32,,cw-us-e4a2-l40-234-003,15965063335.460423,8.009134599000001,15955127719.098598,15945192102.736776,8.009128286000001,geometry count in the non-append dimensions; not measured overlapping writes,writer_layer_shards,15,microscopy-shards-20260914,4,observed minimum/maximum; not a confidence interval,262144,1073741824,,2,,3facc0dac1061ebc2a56bdd27a9c317dbda2e6f4,reference-before,"[16384,128,256]","[""/mnt/main0/home/nclack/tmp/2026-09-07-chucky-microscopy-pr/worktree/build-microscopy-shards-20260914/run-3684715/study.json#/records/14"",""/mnt/main0/home/nclack/tmp/2026-09-07-chucky-microscopy-pr/worktree/build-microscopy-shards-20260914/run-3684715/study.json#/records/141""]",discard,logical unpadded input bytes,coverage-qualified-through-final-close-v2,chucky,4,preloaded_cyclic_streaming_replay,15
2,gpu,,direct shard writes; server cache uncontrolled,"[4,128,256]",none,0,microscopy-shards-20260914|bbbc022-mito|gpu|uncompressed|discard|reference-before,microscopy,bbbc022-mito,0,microscopy_shard_targets,,671617024.0,32,,cw-us-e4a2-l40-234-003,16108562037.607864,8.007436575000002,16027864487.637547,15947166937.667229,8.00677519,geometry count in the non-append dimensions; not measured overlapping writes,writer_layer_shards,4,microscopy-shards-20260914,,observed minimum/maximum; not a confidence interval,262144,1072693248,,2,,3facc0dac1061ebc2a56bdd27a9c317dbda2e6f4,reference-before,"[2728,384,512]","[""/mnt/main0/home/nclack/tmp/2026-09-07-chucky-microscopy-pr/worktree/build-microscopy-shards-20260914/run-3684715/study.json#/records/15"",""/mnt/main0/home/nclack/tmp/2026-09-07-chucky-microscopy-pr/worktree/build-microscopy-shards-20260914/run-3684715/study.json#/records/140""]",discard,logical unpadded input bytes,coverage-qualified-through-final-close-v2,chucky,4,preloaded_cyclic_streaming_replay,4
2,gpu,,direct shard writes; server cache uncontrolled,"[4,128,256]",none,0,microscopy-shards-20260914|bbbc022-mito|gpu|uncompressed|fs|reference-after,microscopy,bbbc022-mito,0,microscopy_shard_targets,0.8926479444046167,675813376.0,32,,cw-us-e4a2-l40-234-003,3637674135.503779,10.628950683000001,3435209381.6505995,3232744627.79742,9.445784230000001,geometry count in the non-append dimensions; not measured overlapping writes,writer_layer_shards,15,microscopy-shards-20260914,4,observed minimum/maximum; not a confidence interval,262144,1073741824,16,2,,3facc0dac1061ebc2a56bdd27a9c317dbda2e6f4,reference-after,"[16384,128,256]","[""/mnt/main0/home/nclack/tmp/2026-09-07-chucky-microscopy-pr/worktree/build-microscopy-shards-20260914/run-3684715/study.json#/records/118"",""/mnt/main0/home/nclack/tmp/2026-09-07-chucky-microscopy-pr/worktree/build-microscopy-shards-20260914/run-3684715/study.json#/records/248""]",nfs,logical unpadded input bytes,coverage-qualified-through-final-close-v2,chucky,4,preloaded_cyclic_streaming_replay,15
2,gpu,,direct shard writes; server cache uncontrolled,"[4,128,256]",none,0,microscopy-shards-20260914|bbbc022-mito|gpu|uncompressed|fs|reference-after,microscopy,bbbc022-mito,0,microscopy_shard_targets,,673189888.0,32,,cw-us-e4a2-l40-234-003,1833950476.8433487,19.130656403,1815028194.6552067,1796105912.4670644,18.735884835,geometry count in the non-append dimensions; not measured overlapping writes,writer_layer_shards,4,microscopy-shards-20260914,,observed minimum/maximum; not a confidence interval,262144,1072693248,16,2,,3facc0dac1061ebc2a56bdd27a9c317dbda2e6f4,reference-after,"[2728,384,512]","[""/mnt/main0/home/nclack/tmp/2026-09-07-chucky-microscopy-pr/worktree/build-microscopy-shards-20260914/run-3684715/study.json#/records/119"",""/mnt/main0/home/nclack/tmp/2026-09-07-chucky-microscopy-pr/worktree/build-microscopy-shards-20260914/run-3684715/study.json#/records/249""]",nfs,logical unpadded input bytes,coverage-qualified-through-final-close-v2,chucky,4,preloaded_cyclic_streaming_replay,4
2,gpu,,direct shard writes; server cache uncontrolled,"[4,128,256]",none,0,microscopy-shards-20260914|bbbc022-mito|gpu|uncompressed|fs|reference-before,microscopy,bbbc022-mito,0,microscopy_shard_targets,1.1078194202277643,675293184.0,32,,cw-us-e4a2-l40-234-003,4134498780.4845085,8.682787673,4045915946.4173384,3957333112.3501678,8.310725083,geometry count in the non-append dimensions; not measured overlapping writes,writer_layer_shards,15,microscopy-shards-20260914,4,observed minimum/maximum; not a confidence interval,262144,1073741824,16,2,,3facc0dac1061ebc2a56bdd27a9c317dbda2e6f4,reference-before,"[16384,128,256]","[""/mnt/main0/home/nclack/tmp/2026-09-07-chucky-microscopy-pr/worktree/build-microscopy-shards-20260914/run-3684715/study.json#/records/12"",""/mnt/main0/home/nclack/tmp/2026-09-07-chucky-microscopy-pr/worktree/build-microscopy-shards-20260914/run-3684715/study.json#/records/133""]",nfs,logical unpadded input bytes,coverage-qualified-through-final-close-v2,chucky,4,preloaded_cyclic_streaming_replay,15
2,gpu,,direct shard writes; server cache uncontrolled,"[4,128,256]",none,0,microscopy-shards-20260914|bbbc022-mito|gpu|uncompressed|fs|reference-before,microscopy,bbbc022-mito,0,microscopy_shard_targets,,672667648.0,32,,cw-us-e4a2-l40-234-003,2075648635.2469742,19.486467317,1919479395.431393,1763310155.6158116,16.554192181,geometry count in the non-append dimensions; not measured overlapping writes,writer_layer_shards,4,microscopy-shards-20260914,,observed minimum/maximum; not a confidence interval,262144,1072693248,16,2,,3facc0dac1061ebc2a56bdd27a9c317dbda2e6f4,reference-before,"[2728,384,512]","[""/mnt/main0/home/nclack/tmp/2026-09-07-chucky-microscopy-pr/worktree/build-microscopy-shards-20260914/run-3684715/study.json#/records/13"",""/mnt/main0/home/nclack/tmp/2026-09-07-chucky-microscopy-pr/worktree/build-microscopy-shards-20260914/run-3684715/study.json#/records/132""]",nfs,logical unpadded input bytes,coverage-qualified-through-final-close-v2,chucky,4,preloaded_cyclic_streaming_replay,4
8,gpu,,direct shard writes; server cache uncontrolled,"[4,128,256]",none,0,microscopy-shards-20260914|bbbc022-mito|gpu|uncompressed|fs|sample,microscopy,bbbc022-mito,0,microscopy_shard_targets,1.0329136642431291,674762752.0,32,,cw-us-e4a2-l40-234-003,4404085920.110518,11.024372601,3856108450.1037035,3116792642.438744,7.802001666000001,geometry count in the non-append dimensions; not measured overlapping writes,writer_layer_shards,15,microscopy-shards-20260914,4,observed minimum/maximum; not a confidence interval,262144,1073741824,16,8,,3facc0dac1061ebc2a56bdd27a9c317dbda2e6f4,sample,"[16384,128,256]","[""/mnt/main0/home/nclack/tmp/2026-09-07-chucky-microscopy-pr/worktree/build-microscopy-shards-20260914/run-3684715/study.json#/records/30"",""/mnt/main0/home/nclack/tmp/2026-09-07-chucky-microscopy-pr/worktree/build-microscopy-shards-20260914/run-3684715/study.json#/records/42"",""/mnt/main0/home/nclack/tmp/2026-09-07-chucky-microscopy-pr/worktree/build-microscopy-shards-20260914/run-3684715/study.json#/records/64"",""/mnt/main0/home/nclack/tmp/2026-09-07-chucky-microscopy-pr/worktree/build-microscopy-shards-20260914/run-3684715/study.json#/records/106"",""/mnt/main0/home/nclack/tmp/2026-09-07-chucky-microscopy-pr/worktree/build-microscopy-shards-20260914/run-3684715/study.json#/records/160"",""/mnt/main0/home/nclack/tmp/2026-09-07-chucky-microscopy-pr/worktree/build-microscopy-shards-20260914/run-3684715/study.json#/records/177"",""/mnt/main0/home/nclack/tmp/2026-09-07-chucky-microscopy-pr/worktree/build-microscopy-shards-20260914/run-3684715/study.json#/records/212"",""/mnt/main0/home/nclack/tmp/2026-09-07-chucky-microscopy-pr/worktree/build-microscopy-shards-20260914/run-3684715/study.json#/records/239""]",nfs,logical unpadded input bytes,coverage-qualified-through-final-close-v2,chucky,4,preloaded_cyclic_streaming_replay,15
8,gpu,,direct shard writes; server cache uncontrolled,"[4,128,256]",none,0,microscopy-shards-20260914|bbbc022-mito|gpu|uncompressed|fs|sample,microscopy,bbbc022-mito,0,microscopy_shard_targets,,671088640.0,32,,cw-us-e4a2-l40-234-003,2207802439.0317364,20.675571575,1896838275.982254,1661897642.2300887,15.563297117000001,geometry count in the non-append dimensions; not measured overlapping writes,writer_layer_shards,4,microscopy-shards-20260914,,observed minimum/maximum; not a confidence interval,262144,1072693248,16,8,,3facc0dac1061ebc2a56bdd27a9c317dbda2e6f4,sample,"[2728,384,512]","[""/mnt/main0/home/nclack/tmp/2026-09-07-chucky-microscopy-pr/worktree/build-microscopy-shards-20260914/run-3684715/study.json#/records/31"",""/mnt/main0/home/nclack/tmp/2026-09-07-chucky-microscopy-pr/worktree/build-microscopy-shards-20260914/run-3684715/study.json#/records/43"",""/mnt/main0/home/nclack/tmp/2026-09-07-chucky-microscopy-pr/worktree/build-microscopy-shards-20260914/run-3684715/study.json#/records/65"",""/mnt/main0/home/nclack/tmp/2026-09-07-chucky-microscopy-pr/worktree/build-microscopy-shards-20260914/run-3684715/study.json#/records/107"",""/mnt/main0/home/nclack/tmp/2026-09-07-chucky-microscopy-pr/worktree/build-microscopy-shards-20260914/run-3684715/study.json#/records/161"",""/mnt/main0/home/nclack/tmp/2026-09-07-chucky-microscopy-pr/worktree/build-microscopy-shards-20260914/run-3684715/study.json#/records/176"",""/mnt/main0/home/nclack/tmp/2026-09-07-chucky-microscopy-pr/worktree/build-microscopy-shards-20260914/run-3684715/study.json#/records/213"",""/mnt/main0/home/nclack/tmp/2026-09-07-chucky-microscopy-pr/worktree/build-microscopy-shards-20260914/run-3684715/study.json#/records/238""]",nfs,logical unpadded input bytes,coverage-qualified-through-final-close-v2,chucky,4,preloaded_cyclic_streaming_replay,4
8,cpu,4096,direct shard writes; server cache uncontrolled,"[1,128,128]",blosc-lz4,3,microscopy-shards-20260914|cosem-cos7-em|cpu|fast-compression|fs|sample,microscopy,cosem-cos7-em,0,microscopy_shard_targets,0.00508259240866038,489549824.0,32,,cw-us-e4a2-l40-234-003,1402371446.6112027,25.444114518000003,1374753551.3648736,1350400202.6205254,24.501166723000004,geometry count in the non-append dimensions; not measured overlapping writes,writer_layer_shards,16,microscopy-shards-20260914,4,observed minimum/maximum; not a confidence interval,16384,1073741824,16,8,,3facc0dac1061ebc2a56bdd27a9c317dbda2e6f4,sample,"[16384,256,256]","[""/mnt/main0/home/nclack/tmp/2026-09-07-chucky-microscopy-pr/worktree/build-microscopy-shards-20260914/run-3684715/study.json#/records/33"",""/mnt/main0/home/nclack/tmp/2026-09-07-chucky-microscopy-pr/worktree/build-microscopy-shards-20260914/run-3684715/study.json#/records/58"",""/mnt/main0/home/nclack/tmp/2026-09-07-chucky-microscopy-pr/worktree/build-microscopy-shards-20260914/run-3684715/study.json#/records/76"",""/mnt/main0/home/nclack/tmp/2026-09-07-chucky-microscopy-pr/worktree/build-microscopy-shards-20260914/run-3684715/study.json#/records/111"",""/mnt/main0/home/nclack/tmp/2026-09-07-chucky-microscopy-pr/worktree/build-microscopy-shards-20260914/run-3684715/study.json#/records/149"",""/mnt/main0/home/nclack/tmp/2026-09-07-chucky-microscopy-pr/worktree/build-microscopy-shards-20260914/run-3684715/study.json#/records/175"",""/mnt/main0/home/nclack/tmp/2026-09-07-chucky-microscopy-pr/worktree/build-microscopy-shards-20260914/run-3684715/study.json#/records/198"",""/mnt/main0/home/nclack/tmp/2026-09-07-chucky-microscopy-pr/worktree/build-microscopy-shards-20260914/run-3684715/study.json#/records/234""]",nfs,logical unpadded input bytes,coverage-qualified-through-final-close-v2,chucky,4,preloaded_cyclic_streaming_replay,16
8,cpu,4096,direct shard writes; server cache uncontrolled,"[1,128,128]",blosc-lz4,3,microscopy-shards-20260914|cosem-cos7-em|cpu|fast-compression|fs|sample,microscopy,cosem-cos7-em,0,microscopy_shard_targets,,464349184.0,32,,cw-us-e4a2-l40-234-003,1381151024.3009195,25.219849687,1367801573.4709964,1362408535.347785,24.877610988000004,geometry count in the non-append dimensions; not measured overlapping writes,writer_layer_shards,4,microscopy-shards-20260914,,observed minimum/maximum; not a confidence interval,16384,1073741824,16,8,,3facc0dac1061ebc2a56bdd27a9c317dbda2e6f4,sample,"[4096,512,512]","[""/mnt/main0/home/nclack/tmp/2026-09-07-chucky-microscopy-pr/worktree/build-microscopy-shards-20260914/run-3684715/study.json#/records/32"",""/mnt/main0/home/nclack/tmp/2026-09-07-chucky-microscopy-pr/worktree/build-microscopy-shards-20260914/run-3684715/study.json#/records/59"",""/mnt/main0/home/nclack/tmp/2026-09-07-chucky-microscopy-pr/worktree/build-microscopy-shards-20260914/run-3684715/study.json#/records/77"",""/mnt/main0/home/nclack/tmp/2026-09-07-chucky-microscopy-pr/worktree/build-microscopy-shards-20260914/run-3684715/study.json#/records/110"",""/mnt/main0/home/nclack/tmp/2026-09-07-chucky-microscopy-pr/worktree/build-microscopy-shards-20260914/run-3684715/study.json#/records/148"",""/mnt/main0/home/nclack/tmp/2026-09-07-chucky-microscopy-pr/worktree/build-microscopy-shards-20260914/run-3684715/study.json#/records/174"",""/mnt/main0/home/nclack/tmp/2026-09-07-chucky-microscopy-pr/worktree/build-microscopy-shards-20260914/run-3684715/study.json#/records/199"",""/mnt/main0/home/nclack/tmp/2026-09-07-chucky-microscopy-pr/worktree/build-microscopy-shards-20260914/run-3684715/study.json#/records/235""]",nfs,logical unpadded input bytes,coverage-qualified-through-final-close-v2,chucky,4,preloaded_cyclic_streaming_replay,4
8,cpu,,direct shard writes; server cache uncontrolled,"[4,256,256]",zstd,3,microscopy-shards-20260914|cosem-cos7-em|cpu|smaller-output|fs|sample,microscopy,cosem-cos7-em,0,microscopy_shard_targets,0.01901433546673026,386412544.0,32,,cw-us-e4a2-l40-234-003,1207358056.0763571,29.703694018000004,1194083881.2811666,1156749699.516928,28.458613944,geometry count in the non-append dimensions; not measured overlapping writes,writer_layer_shards,16,microscopy-shards-20260914,4,observed minimum/maximum; not a confidence interval,262144,1073741824,16,8,,3facc0dac1061ebc2a56bdd27a9c317dbda2e6f4,sample,"[16384,256,256]","[""/mnt/main0/home/nclack/tmp/2026-09-07-chucky-microscopy-pr/worktree/build-microscopy-shards-20260914/run-3684715/study.json#/records/20"",""/mnt/main0/home/nclack/tmp/2026-09-07-chucky-microscopy-pr/worktree/build-microscopy-shards-20260914/run-3684715/study.json#/records/46"",""/mnt/main0/home/nclack/tmp/2026-09-07-chucky-microscopy-pr/worktree/build-microscopy-shards-20260914/run-3684715/study.json#/records/73"",""/mnt/main0/home/nclack/tmp/2026-09-07-chucky-microscopy-pr/worktree/build-microscopy-shards-20260914/run-3684715/study.json#/records/92"",""/mnt/main0/home/nclack/tmp/2026-09-07-chucky-microscopy-pr/worktree/build-microscopy-shards-20260914/run-3684715/study.json#/records/162"",""/mnt/main0/home/nclack/tmp/2026-09-07-chucky-microscopy-pr/worktree/build-microscopy-shards-20260914/run-3684715/study.json#/records/178"",""/mnt/main0/home/nclack/tmp/2026-09-07-chucky-microscopy-pr/worktree/build-microscopy-shards-20260914/run-3684715/study.json#/records/210"",""/mnt/main0/home/nclack/tmp/2026-09-07-chucky-microscopy-pr/worktree/build-microscopy-shards-20260914/run-3684715/study.json#/records/232""]",nfs,logical unpadded input bytes,coverage-qualified-through-final-close-v2,chucky,4,preloaded_cyclic_streaming_replay,16
8,cpu,,direct shard writes; server cache uncontrolled,"[4,256,256]",zstd,3,microscopy-shards-20260914|cosem-cos7-em|cpu|smaller-output|fs|sample,microscopy,cosem-cos7-em,0,microscopy_shard_targets,,384313344.0,32,,cw-us-e4a2-l40-234-003,1189875133.0439074,29.980791857,1171802829.1861572,1146058432.884337,28.876759638000003,geometry count in the non-append dimensions; not measured overlapping writes,writer_layer_shards,4,microscopy-shards-20260914,,observed minimum/maximum; not a confidence interval,262144,1073741824,16,8,,3facc0dac1061ebc2a56bdd27a9c317dbda2e6f4,sample,"[4096,512,512]","[""/mnt/main0/home/nclack/tmp/2026-09-07-chucky-microscopy-pr/worktree/build-microscopy-shards-20260914/run-3684715/study.json#/records/21"",""/mnt/main0/home/nclack/tmp/2026-09-07-chucky-microscopy-pr/worktree/build-microscopy-shards-20260914/run-3684715/study.json#/records/47"",""/mnt/main0/home/nclack/tmp/2026-09-07-chucky-microscopy-pr/worktree/build-microscopy-shards-20260914/run-3684715/study.json#/records/72"",""/mnt/main0/home/nclack/tmp/2026-09-07-chucky-microscopy-pr/worktree/build-microscopy-shards-20260914/run-3684715/study.json#/records/93"",""/mnt/main0/home/nclack/tmp/2026-09-07-chucky-microscopy-pr/worktree/build-microscopy-shards-20260914/run-3684715/study.json#/records/163"",""/mnt/main0/home/nclack/tmp/2026-09-07-chucky-microscopy-pr/worktree/build-microscopy-shards-20260914/run-3684715/study.json#/records/179"",""/mnt/main0/home/nclack/tmp/2026-09-07-chucky-microscopy-pr/worktree/build-microscopy-shards-20260914/run-3684715/study.json#/records/211"",""/mnt/main0/home/nclack/tmp/2026-09-07-chucky-microscopy-pr/worktree/build-microscopy-shards-20260914/run-3684715/study.json#/records/233""]",nfs,logical unpadded input bytes,coverage-qualified-through-final-close-v2,chucky,4,preloaded_cyclic_streaming_replay,4
2,cpu,,direct shard writes; server cache uncontrolled,"[4,256,256]",none,0,microscopy-shards-20260914|cosem-cos7-em|cpu|uncompressed|discard|reference-after,microscopy,cosem-cos7-em,0,microscopy_shard_targets,-0.044069507389781215,449845248.0,32,,cw-us-e4a2-l40-234-003,2327700272.3846264,17.666996058000002,2136277429.0289075,1944854585.6731887,14.761237780000002,geometry count in the non-append dimensions; not measured overlapping writes,writer_layer_shards,16,microscopy-shards-20260914,4,observed minimum/maximum; not a confidence interval,262144,1073741824,,2,,3facc0dac1061ebc2a56bdd27a9c317dbda2e6f4,reference-after,"[16384,256,256]","[""/mnt/main0/home/nclack/tmp/2026-09-07-chucky-microscopy-pr/worktree/build-microscopy-shards-20260914/run-3684715/study.json#/records/114"",""/mnt/main0/home/nclack/tmp/2026-09-07-chucky-microscopy-pr/worktree/build-microscopy-shards-20260914/run-3684715/study.json#/records/254""]",discard,logical unpadded input bytes,coverage-qualified-through-final-close-v2,chucky,4,preloaded_cyclic_streaming_replay,16
2,cpu,,direct shard writes; server cache uncontrolled,"[4,256,256]",none,0,microscopy-shards-20260914|cosem-cos7-em|cpu|uncompressed|discard|reference-after,microscopy,cosem-cos7-em,0,microscopy_shard_targets,,447748096.0,32,,cw-us-e4a2-l40-234-003,2343571680.8915606,16.162040832,2234762302.848703,2125952924.805845,14.661270418,geometry count in the non-append dimensions; not measured overlapping writes,writer_layer_shards,4,microscopy-shards-20260914,,observed minimum/maximum; not a confidence interval,262144,1073741824,,2,,3facc0dac1061ebc2a56bdd27a9c317dbda2e6f4,reference-after,"[4096,512,512]","[""/mnt/main0/home/nclack/tmp/2026-09-07-chucky-microscopy-pr/worktree/build-microscopy-shards-20260914/run-3684715/study.json#/records/115"",""/mnt/main0/home/nclack/tmp/2026-09-07-chucky-microscopy-pr/worktree/build-microscopy-shards-20260914/run-3684715/study.json#/records/255""]",discard,logical unpadded input bytes,coverage-qualified-through-final-close-v2,chucky,4,preloaded_cyclic_streaming_replay,4
2,cpu,,direct shard writes; server cache uncontrolled,"[4,256,256]",none,0,microscopy-shards-20260914|cosem-cos7-em|cpu|uncompressed|discard|reference-before,microscopy,cosem-cos7-em,0,microscopy_shard_targets,0.09024594108433215,449845248.0,32,,cw-us-e4a2-l40-234-003,2399056757.972821,14.948143562,2348826224.645156,2298595691.31749,14.32218679,geometry count in the non-append dimensions; not measured overlapping writes,writer_layer_shards,16,microscopy-shards-20260914,4,observed minimum/maximum; not a confidence interval,262144,1073741824,,2,,3facc0dac1061ebc2a56bdd27a9c317dbda2e6f4,reference-before,"[16384,256,256]","[""/mnt/main0/home/nclack/tmp/2026-09-07-chucky-microscopy-pr/worktree/build-microscopy-shards-20260914/run-3684715/study.json#/records/6"",""/mnt/main0/home/nclack/tmp/2026-09-07-chucky-microscopy-pr/worktree/build-microscopy-shards-20260914/run-3684715/study.json#/records/139""]",discard,logical unpadded input bytes,coverage-qualified-through-final-close-v2,chucky,4,preloaded_cyclic_streaming_replay,16
2,cpu,,direct shard writes; server cache uncontrolled,"[4,256,256]",none,0,microscopy-shards-20260914|cosem-cos7-em|cpu|uncompressed|discard|reference-before,microscopy,cosem-cos7-em,0,microscopy_shard_targets,,447219712.0,32,,cw-us-e4a2-l40-234-003,2368761924.8997846,17.71085185,2154400338.6144876,1940038752.3291907,14.505358144,geometry count in the non-append dimensions; not measured overlapping writes,writer_layer_shards,4,microscopy-shards-20260914,,observed minimum/maximum; not a confidence interval,262144,1073741824,,2,,3facc0dac1061ebc2a56bdd27a9c317dbda2e6f4,reference-before,"[4096,512,512]","[""/mnt/main0/home/nclack/tmp/2026-09-07-chucky-microscopy-pr/worktree/build-microscopy-shards-20260914/run-3684715/study.json#/records/7"",""/mnt/main0/home/nclack/tmp/2026-09-07-chucky-microscopy-pr/worktree/build-microscopy-shards-20260914/run-3684715/study.json#/records/138""]",discard,logical unpadded input bytes,coverage-qualified-through-final-close-v2,chucky,4,preloaded_cyclic_streaming_replay,4
2,cpu,,direct shard writes; server cache uncontrolled,"[4,256,256]",none,0,microscopy-shards-20260914|cosem-cos7-em|cpu|uncompressed|fs|reference-after,microscopy,cosem-cos7-em,0,microscopy_shard_targets,0.010625799721483586,450887680.0,32,,cw-us-e4a2-l40-234-003,1790060086.6932642,19.520695643,1775114943.4474466,1760169800.201629,19.194740919,geometry count in the non-append dimensions; not measured overlapping writes,writer_layer_shards,16,microscopy-shards-20260914,4,observed minimum/maximum; not a confidence interval,262144,1073741824,16,2,,3facc0dac1061ebc2a56bdd27a9c317dbda2e6f4,reference-after,"[16384,256,256]","[""/mnt/main0/home/nclack/tmp/2026-09-07-chucky-microscopy-pr/worktree/build-microscopy-shards-20260914/run-3684715/study.json#/records/116"",""/mnt/main0/home/nclack/tmp/2026-09-07-chucky-microscopy-pr/worktree/build-microscopy-shards-20260914/run-3684715/study.json#/records/252""]",nfs,logical unpadded input bytes,coverage-qualified-through-final-close-v2,chucky,4,preloaded_cyclic_streaming_replay,16
2,cpu,,direct shard writes; server cache uncontrolled,"[4,256,256]",none,0,microscopy-shards-20260914|cosem-cos7-em|cpu|uncompressed|fs|reference-after,microscopy,cosem-cos7-em,0,microscopy_shard_targets,,448800768.0,32,,cw-us-e4a2-l40-234-003,1774495054.9199,19.765065596,1756451244.304912,1738407433.6899245,19.363108344,geometry count in the non-append dimensions; not measured overlapping writes,writer_layer_shards,4,microscopy-shards-20260914,,observed minimum/maximum; not a confidence interval,262144,1073741824,16,2,,3facc0dac1061ebc2a56bdd27a9c317dbda2e6f4,reference-after,"[4096,512,512]","[""/mnt/main0/home/nclack/tmp/2026-09-07-chucky-microscopy-pr/worktree/build-microscopy-shards-20260914/run-3684715/study.json#/records/117"",""/mnt/main0/home/nclack/tmp/2026-09-07-chucky-microscopy-pr/worktree/build-microscopy-shards-20260914/run-3684715/study.json#/records/253""]",nfs,logical unpadded input bytes,coverage-qualified-through-final-close-v2,chucky,4,preloaded_cyclic_streaming_replay,4
2,cpu,,direct shard writes; server cache uncontrolled,"[4,256,256]",none,0,microscopy-shards-20260914|cosem-cos7-em|cpu|uncompressed|fs|reference-before,microscopy,cosem-cos7-em,0,microscopy_shard_targets,0.033761476610015606,450895872.0,32,,cw-us-e4a2-l40-234-003,1789928588.2225938,19.332902772,1783598027.3465948,1777267466.4705956,19.196149952,geometry count in the non-append dimensions; not measured overlapping writes,writer_layer_shards,16,microscopy-shards-20260914,4,observed minimum/maximum; not a confidence interval,262144,1073741824,16,2,,3facc0dac1061ebc2a56bdd27a9c317dbda2e6f4,reference-before,"[16384,256,256]","[""/mnt/main0/home/nclack/tmp/2026-09-07-chucky-microscopy-pr/worktree/build-microscopy-shards-20260914/run-3684715/study.json#/records/3"",""/mnt/main0/home/nclack/tmp/2026-09-07-chucky-microscopy-pr/worktree/build-microscopy-shards-20260914/run-3684715/study.json#/records/143""]",nfs,logical unpadded input bytes,coverage-qualified-through-final-close-v2,chucky,4,preloaded_cyclic_streaming_replay,16
2,cpu,,direct shard writes; server cache uncontrolled,"[4,256,256]",none,0,microscopy-shards-20260914|cosem-cos7-em|cpu|uncompressed|fs|reference-before,microscopy,cosem-cos7-em,0,microscopy_shard_targets,,448794624.0,32,,cw-us-e4a2-l40-234-003,1748973467.6627254,20.191157437,1725347739.9791458,1701722012.295566,19.645661264,geometry count in the non-append dimensions; not measured overlapping writes,writer_layer_shards,4,microscopy-shards-20260914,,observed minimum/maximum; not a confidence interval,262144,1073741824,16,2,,3facc0dac1061ebc2a56bdd27a9c317dbda2e6f4,reference-before,"[4096,512,512]","[""/mnt/main0/home/nclack/tmp/2026-09-07-chucky-microscopy-pr/worktree/build-microscopy-shards-20260914/run-3684715/study.json#/records/2"",""/mnt/main0/home/nclack/tmp/2026-09-07-chucky-microscopy-pr/worktree/build-microscopy-shards-20260914/run-3684715/study.json#/records/142""]",nfs,logical unpadded input bytes,coverage-qualified-through-final-close-v2,chucky,4,preloaded_cyclic_streaming_replay,4
8,cpu,,direct shard writes; server cache uncontrolled,"[4,256,256]",none,0,microscopy-shards-20260914|cosem-cos7-em|cpu|uncompressed|fs|sample,microscopy,cosem-cos7-em,0,microscopy_shard_targets,0.018295275980980907,450887680.0,32,,cw-us-e4a2-l40-234-003,1882729822.8244975,19.825097296,1789411904.5106633,1733143461.0698047,18.249955386,geometry count in the non-append dimensions; not measured overlapping writes,writer_layer_shards,16,microscopy-shards-20260914,4,observed minimum/maximum; not a confidence interval,262144,1073741824,16,8,,3facc0dac1061ebc2a56bdd27a9c317dbda2e6f4,sample,"[16384,256,256]","[""/mnt/main0/home/nclack/tmp/2026-09-07-chucky-microscopy-pr/worktree/build-microscopy-shards-20260914/run-3684715/study.json#/records/18"",""/mnt/main0/home/nclack/tmp/2026-09-07-chucky-microscopy-pr/worktree/build-microscopy-shards-20260914/run-3684715/study.json#/records/48"",""/mnt/main0/home/nclack/tmp/2026-09-07-chucky-microscopy-pr/worktree/build-microscopy-shards-20260914/run-3684715/study.json#/records/68"",""/mnt/main0/home/nclack/tmp/2026-09-07-chucky-microscopy-pr/worktree/build-microscopy-shards-20260914/run-3684715/study.json#/records/104"",""/mnt/main0/home/nclack/tmp/2026-09-07-chucky-microscopy-pr/worktree/build-microscopy-shards-20260914/run-3684715/study.json#/records/164"",""/mnt/main0/home/nclack/tmp/2026-09-07-chucky-microscopy-pr/worktree/build-microscopy-shards-20260914/run-3684715/study.json#/records/180"",""/mnt/main0/home/nclack/tmp/2026-09-07-chucky-microscopy-pr/worktree/build-microscopy-shards-20260914/run-3684715/study.json#/records/193"",""/mnt/main0/home/nclack/tmp/2026-09-07-chucky-microscopy-pr/worktree/build-microscopy-shards-20260914/run-3684715/study.json#/records/230""]",nfs,logical unpadded input bytes,coverage-qualified-through-final-close-v2,chucky,4,preloaded_cyclic_streaming_replay,16
8,cpu,,direct shard writes; server cache uncontrolled,"[4,256,256]",none,0,microscopy-shards-20260914|cosem-cos7-em|cpu|uncompressed|fs|sample,microscopy,cosem-cos7-em,0,microscopy_shard_targets,,448790528.0,32,,cw-us-e4a2-l40-234-003,1775155596.354552,20.357786966000003,1757262305.657681,1687793382.620498,19.355902292,geometry count in the non-append dimensions; not measured overlapping writes,writer_layer_shards,4,microscopy-shards-20260914,,observed minimum/maximum; not a confidence interval,262144,1073741824,16,8,,3facc0dac1061ebc2a56bdd27a9c317dbda2e6f4,sample,"[4096,512,512]","[""/mnt/main0/home/nclack/tmp/2026-09-07-chucky-microscopy-pr/worktree/build-microscopy-shards-20260914/run-3684715/study.json#/records/19"",""/mnt/main0/home/nclack/tmp/2026-09-07-chucky-microscopy-pr/worktree/build-microscopy-shards-20260914/run-3684715/study.json#/records/49"",""/mnt/main0/home/nclack/tmp/2026-09-07-chucky-microscopy-pr/worktree/build-microscopy-shards-20260914/run-3684715/study.json#/records/69"",""/mnt/main0/home/nclack/tmp/2026-09-07-chucky-microscopy-pr/worktree/build-microscopy-shards-20260914/run-3684715/study.json#/records/105"",""/mnt/main0/home/nclack/tmp/2026-09-07-chucky-microscopy-pr/worktree/build-microscopy-shards-20260914/run-3684715/study.json#/records/165"",""/mnt/main0/home/nclack/tmp/2026-09-07-chucky-microscopy-pr/worktree/build-microscopy-shards-20260914/run-3684715/study.json#/records/181"",""/mnt/main0/home/nclack/tmp/2026-09-07-chucky-microscopy-pr/worktree/build-microscopy-shards-20260914/run-3684715/study.json#/records/192"",""/mnt/main0/home/nclack/tmp/2026-09-07-chucky-microscopy-pr/worktree/build-microscopy-shards-20260914/run-3684715/study.json#/records/231""]",nfs,logical unpadded input bytes,coverage-qualified-through-final-close-v2,chucky,4,preloaded_cyclic_streaming_replay,4
8,gpu,4096,direct shard writes; server cache uncontrolled,"[1,128,128]",blosc-lz4,3,microscopy-shards-20260914|cosem-cos7-em|gpu|fast-compression|fs|sample,microscopy,cosem-cos7-em,0,microscopy_shard_targets,0.5463555019239543,736063488.0,32,,cw-us-e4a2-l40-234-003,6040954762.396519,7.872530682,5073247908.018553,4364510160.593768,5.6877994460000005,geometry count in the non-append dimensions; not measured overlapping writes,writer_layer_shards,16,microscopy-shards-20260914,4,observed minimum/maximum; not a confidence interval,16384,1073741824,16,8,,3facc0dac1061ebc2a56bdd27a9c317dbda2e6f4,sample,"[16384,256,256]","[""/mnt/main0/home/nclack/tmp/2026-09-07-chucky-microscopy-pr/worktree/build-microscopy-shards-20260914/run-3684715/study.json#/records/29"",""/mnt/main0/home/nclack/tmp/2026-09-07-chucky-microscopy-pr/worktree/build-microscopy-shards-20260914/run-3684715/study.json#/records/63"",""/mnt/main0/home/nclack/tmp/2026-09-07-chucky-microscopy-pr/worktree/build-microscopy-shards-20260914/run-3684715/study.json#/records/79"",""/mnt/main0/home/nclack/tmp/2026-09-07-chucky-microscopy-pr/worktree/build-microscopy-shards-20260914/run-3684715/study.json#/records/90"",""/mnt/main0/home/nclack/tmp/2026-09-07-chucky-microscopy-pr/worktree/build-microscopy-shards-20260914/run-3684715/study.json#/records/156"",""/mnt/main0/home/nclack/tmp/2026-09-07-chucky-microscopy-pr/worktree/build-microscopy-shards-20260914/run-3684715/study.json#/records/186"",""/mnt/main0/home/nclack/tmp/2026-09-07-chucky-microscopy-pr/worktree/build-microscopy-shards-20260914/run-3684715/study.json#/records/206"",""/mnt/main0/home/nclack/tmp/2026-09-07-chucky-microscopy-pr/worktree/build-microscopy-shards-20260914/run-3684715/study.json#/records/216""]",nfs,logical unpadded input bytes,coverage-qualified-through-final-close-v2,chucky,4,preloaded_cyclic_streaming_replay,16
8,gpu,4096,direct shard writes; server cache uncontrolled,"[1,128,128]",blosc-lz4,3,microscopy-shards-20260914|cosem-cos7-em|gpu|fast-compression|fs|sample,microscopy,cosem-cos7-em,0,microscopy_shard_targets,,714610688.0,32,,cw-us-e4a2-l40-234-003,3673088945.8596764,13.026856225000001,3280777222.1242056,2637607815.227271,9.354453438,geometry count in the non-append dimensions; not measured overlapping writes,writer_layer_shards,4,microscopy-shards-20260914,,observed minimum/maximum; not a confidence interval,16384,1073741824,16,8,,3facc0dac1061ebc2a56bdd27a9c317dbda2e6f4,sample,"[4096,512,512]","[""/mnt/main0/home/nclack/tmp/2026-09-07-chucky-microscopy-pr/worktree/build-microscopy-shards-20260914/run-3684715/study.json#/records/28"",""/mnt/main0/home/nclack/tmp/2026-09-07-chucky-microscopy-pr/worktree/build-microscopy-shards-20260914/run-3684715/study.json#/records/62"",""/mnt/main0/home/nclack/tmp/2026-09-07-chucky-microscopy-pr/worktree/build-microscopy-shards-20260914/run-3684715/study.json#/records/78"",""/mnt/main0/home/nclack/tmp/2026-09-07-chucky-microscopy-pr/worktree/build-microscopy-shards-20260914/run-3684715/study.json#/records/91"",""/mnt/main0/home/nclack/tmp/2026-09-07-chucky-microscopy-pr/worktree/build-microscopy-shards-20260914/run-3684715/study.json#/records/157"",""/mnt/main0/home/nclack/tmp/2026-09-07-chucky-microscopy-pr/worktree/build-microscopy-shards-20260914/run-3684715/study.json#/records/187"",""/mnt/main0/home/nclack/tmp/2026-09-07-chucky-microscopy-pr/worktree/build-microscopy-shards-20260914/run-3684715/study.json#/records/207"",""/mnt/main0/home/nclack/tmp/2026-09-07-chucky-microscopy-pr/worktree/build-microscopy-shards-20260914/run-3684715/study.json#/records/217""]",nfs,logical unpadded input bytes,coverage-qualified-through-final-close-v2,chucky,4,preloaded_cyclic_streaming_replay,4
8,gpu,,direct shard writes; server cache uncontrolled,"[4,256,256]",zstd,3,microscopy-shards-20260914|cosem-cos7-em|gpu|smaller-output|fs|sample,microscopy,cosem-cos7-em,0,microscopy_shard_targets,0.27868962235217953,765474816.0,32,,cw-us-e4a2-l40-234-003,4660882409.320077,8.55388308,4528324988.78441,4016858214.970653,7.371938869,geometry count in the non-append dimensions; not measured overlapping writes,writer_layer_shards,16,microscopy-shards-20260914,4,observed minimum/maximum; not a confidence interval,262144,1073741824,16,8,,3facc0dac1061ebc2a56bdd27a9c317dbda2e6f4,sample,"[16384,256,256]","[""/mnt/main0/home/nclack/tmp/2026-09-07-chucky-microscopy-pr/worktree/build-microscopy-shards-20260914/run-3684715/study.json#/records/27"",""/mnt/main0/home/nclack/tmp/2026-09-07-chucky-microscopy-pr/worktree/build-microscopy-shards-20260914/run-3684715/study.json#/records/61"",""/mnt/main0/home/nclack/tmp/2026-09-07-chucky-microscopy-pr/worktree/build-microscopy-shards-20260914/run-3684715/study.json#/records/86"",""/mnt/main0/home/nclack/tmp/2026-09-07-chucky-microscopy-pr/worktree/build-microscopy-shards-20260914/run-3684715/study.json#/records/94"",""/mnt/main0/home/nclack/tmp/2026-09-07-chucky-microscopy-pr/worktree/build-microscopy-shards-20260914/run-3684715/study.json#/records/150"",""/mnt/main0/home/nclack/tmp/2026-09-07-chucky-microscopy-pr/worktree/build-microscopy-shards-20260914/run-3684715/study.json#/records/172"",""/mnt/main0/home/nclack/tmp/2026-09-07-chucky-microscopy-pr/worktree/build-microscopy-shards-20260914/run-3684715/study.json#/records/209"",""/mnt/main0/home/nclack/tmp/2026-09-07-chucky-microscopy-pr/worktree/build-microscopy-shards-20260914/run-3684715/study.json#/records/228""]",nfs,logical unpadded input bytes,coverage-qualified-through-final-close-v2,chucky,4,preloaded_cyclic_streaming_replay,16
8,gpu,,direct shard writes; server cache uncontrolled,"[4,256,256]",zstd,3,microscopy-shards-20260914|cosem-cos7-em|gpu|smaller-output|fs|sample,microscopy,cosem-cos7-em,0,microscopy_shard_targets,,763363328.0,32,,cw-us-e4a2-l40-234-003,4097453720.869041,10.885260905,3541379322.7276297,3156537926.0814176,8.385631866,geometry count in the non-append dimensions; not measured overlapping writes,writer_layer_shards,4,microscopy-shards-20260914,,observed minimum/maximum; not a confidence interval,262144,1073741824,16,8,,3facc0dac1061ebc2a56bdd27a9c317dbda2e6f4,sample,"[4096,512,512]","[""/mnt/main0/home/nclack/tmp/2026-09-07-chucky-microscopy-pr/worktree/build-microscopy-shards-20260914/run-3684715/study.json#/records/26"",""/mnt/main0/home/nclack/tmp/2026-09-07-chucky-microscopy-pr/worktree/build-microscopy-shards-20260914/run-3684715/study.json#/records/60"",""/mnt/main0/home/nclack/tmp/2026-09-07-chucky-microscopy-pr/worktree/build-microscopy-shards-20260914/run-3684715/study.json#/records/87"",""/mnt/main0/home/nclack/tmp/2026-09-07-chucky-microscopy-pr/worktree/build-microscopy-shards-20260914/run-3684715/study.json#/records/95"",""/mnt/main0/home/nclack/tmp/2026-09-07-chucky-microscopy-pr/worktree/build-microscopy-shards-20260914/run-3684715/study.json#/records/151"",""/mnt/main0/home/nclack/tmp/2026-09-07-chucky-microscopy-pr/worktree/build-microscopy-shards-20260914/run-3684715/study.json#/records/173"",""/mnt/main0/home/nclack/tmp/2026-09-07-chucky-microscopy-pr/worktree/build-microscopy-shards-20260914/run-3684715/study.json#/records/208"",""/mnt/main0/home/nclack/tmp/2026-09-07-chucky-microscopy-pr/worktree/build-microscopy-shards-20260914/run-3684715/study.json#/records/229""]",nfs,logical unpadded input bytes,coverage-qualified-through-final-close-v2,chucky,4,preloaded_cyclic_streaming_replay,4
2,gpu,,direct shard writes; server cache uncontrolled,"[4,256,256]",none,0,microscopy-shards-20260914|cosem-cos7-em|gpu|uncompressed|discard|reference-after,microscopy,cosem-cos7-em,0,microscopy_shard_targets,-0.00824639246843395,680011776.0,32,,cw-us-e4a2-l40-234-003,21352386125.48046,8.009401562,21183160012.9495,21013933900.418537,8.009144875,geometry count in the non-append dimensions; not measured overlapping writes,writer_layer_shards,16,microscopy-shards-20260914,4,observed minimum/maximum; not a confidence interval,262144,1073741824,,2,,3facc0dac1061ebc2a56bdd27a9c317dbda2e6f4,reference-after,"[16384,256,256]","[""/mnt/main0/home/nclack/tmp/2026-09-07-chucky-microscopy-pr/worktree/build-microscopy-shards-20260914/run-3684715/study.json#/records/120"",""/mnt/main0/home/nclack/tmp/2026-09-07-chucky-microscopy-pr/worktree/build-microscopy-shards-20260914/run-3684715/study.json#/records/242""]",discard,logical unpadded input bytes,coverage-qualified-through-final-close-v2,chucky,4,preloaded_cyclic_streaming_replay,16
2,gpu,,direct shard writes; server cache uncontrolled,"[4,256,256]",none,0,microscopy-shards-20260914|cosem-cos7-em|gpu|uncompressed|discard|reference-after,microscopy,cosem-cos7-em,0,microscopy_shard_targets,,675807232.0,32,,cw-us-e4a2-l40-234-003,21408712479.50359,8.007602761000001,21359297160.18227,21309881840.86095,8.006880336,geometry count in the non-append dimensions; not measured overlapping writes,writer_layer_shards,4,microscopy-shards-20260914,,observed minimum/maximum; not a confidence interval,262144,1073741824,,2,,3facc0dac1061ebc2a56bdd27a9c317dbda2e6f4,reference-after,"[4096,512,512]","[""/mnt/main0/home/nclack/tmp/2026-09-07-chucky-microscopy-pr/worktree/build-microscopy-shards-20260914/run-3684715/study.json#/records/121"",""/mnt/main0/home/nclack/tmp/2026-09-07-chucky-microscopy-pr/worktree/build-microscopy-shards-20260914/run-3684715/study.json#/records/243""]",discard,logical unpadded input bytes,coverage-qualified-through-final-close-v2,chucky,4,preloaded_cyclic_streaming_replay,4
2,gpu,,direct shard writes; server cache uncontrolled,"[4,256,256]",none,0,microscopy-shards-20260914|cosem-cos7-em|gpu|uncompressed|discard|reference-before,microscopy,cosem-cos7-em,0,microscopy_shard_targets,-0.020472656026322533,678434816.0,32,,cw-us-e4a2-l40-234-003,21447171958.53401,8.009340866,21296325255.82618,21145478553.11835,8.009163493,geometry count in the non-append dimensions; not measured overlapping writes,writer_layer_shards,16,microscopy-shards-20260914,4,observed minimum/maximum; not a confidence interval,262144,1073741824,,2,,3facc0dac1061ebc2a56bdd27a9c317dbda2e6f4,reference-before,"[16384,256,256]","[""/mnt/main0/home/nclack/tmp/2026-09-07-chucky-microscopy-pr/worktree/build-microscopy-shards-20260914/run-3684715/study.json#/records/4"",""/mnt/main0/home/nclack/tmp/2026-09-07-chucky-microscopy-pr/worktree/build-microscopy-shards-20260914/run-3684715/study.json#/records/129""]",discard,logical unpadded input bytes,coverage-qualified-through-final-close-v2,chucky,4,preloaded_cyclic_streaming_replay,16
2,gpu,,direct shard writes; server cache uncontrolled,"[4,256,256]",none,0,microscopy-shards-20260914|cosem-cos7-em|gpu|uncompressed|discard|reference-before,microscopy,cosem-cos7-em,0,microscopy_shard_targets,,677888000.0,32,,cw-us-e4a2-l40-234-003,21924158371.803143,8.007458813,21741430075.277683,21558701778.752224,8.006233303,geometry count in the non-append dimensions; not measured overlapping writes,writer_layer_shards,4,microscopy-shards-20260914,,observed minimum/maximum; not a confidence interval,262144,1073741824,,2,,3facc0dac1061ebc2a56bdd27a9c317dbda2e6f4,reference-before,"[4096,512,512]","[""/mnt/main0/home/nclack/tmp/2026-09-07-chucky-microscopy-pr/worktree/build-microscopy-shards-20260914/run-3684715/study.json#/records/5"",""/mnt/main0/home/nclack/tmp/2026-09-07-chucky-microscopy-pr/worktree/build-microscopy-shards-20260914/run-3684715/study.json#/records/128""]",discard,logical unpadded input bytes,coverage-qualified-through-final-close-v2,chucky,4,preloaded_cyclic_streaming_replay,4
2,gpu,,direct shard writes; server cache uncontrolled,"[4,256,256]",none,0,microscopy-shards-20260914|cosem-cos7-em|gpu|uncompressed|fs|reference-after,microscopy,cosem-cos7-em,0,microscopy_shard_targets,0.43112740699570407,682622976.0,32,,cw-us-e4a2-l40-234-003,5396825285.980472,8.169715131,5202586494.129183,5008347702.277894,8.106638247000001,geometry count in the non-append dimensions; not measured overlapping writes,writer_layer_shards,16,microscopy-shards-20260914,4,observed minimum/maximum; not a confidence interval,262144,1073741824,16,2,,3facc0dac1061ebc2a56bdd27a9c317dbda2e6f4,reference-after,"[16384,256,256]","[""/mnt/main0/home/nclack/tmp/2026-09-07-chucky-microscopy-pr/worktree/build-microscopy-shards-20260914/run-3684715/study.json#/records/126"",""/mnt/main0/home/nclack/tmp/2026-09-07-chucky-microscopy-pr/worktree/build-microscopy-shards-20260914/run-3684715/study.json#/records/247""]",nfs,logical unpadded input bytes,coverage-qualified-through-final-close-v2,chucky,4,preloaded_cyclic_streaming_replay,16
2,gpu,,direct shard writes; server cache uncontrolled,"[4,256,256]",none,0,microscopy-shards-20260914|cosem-cos7-em|gpu|uncompressed|fs|reference-after,microscopy,cosem-cos7-em,0,microscopy_shard_targets,,677904384.0,32,,cw-us-e4a2-l40-234-003,3929185191.697294,10.282951923,3635306310.7433033,3341427429.789312,8.744749246,geometry count in the non-append dimensions; not measured overlapping writes,writer_layer_shards,4,microscopy-shards-20260914,,observed minimum/maximum; not a confidence interval,262144,1073741824,16,2,,3facc0dac1061ebc2a56bdd27a9c317dbda2e6f4,reference-after,"[4096,512,512]","[""/mnt/main0/home/nclack/tmp/2026-09-07-chucky-microscopy-pr/worktree/build-microscopy-shards-20260914/run-3684715/study.json#/records/127"",""/mnt/main0/home/nclack/tmp/2026-09-07-chucky-microscopy-pr/worktree/build-microscopy-shards-20260914/run-3684715/study.json#/records/246""]",nfs,logical unpadded input bytes,coverage-qualified-through-final-close-v2,chucky,4,preloaded_cyclic_streaming_replay,4
2,gpu,,direct shard writes; server cache uncontrolled,"[4,256,256]",none,0,microscopy-shards-20260914|cosem-cos7-em|gpu|uncompressed|fs|reference-before,microscopy,cosem-cos7-em,0,microscopy_shard_targets,0.7724857138017602,682625024.0,32,,cw-us-e4a2-l40-234-003,6065320896.193898,8.125031207,5820248692.757547,5575176489.321196,8.099107509000001,geometry count in the non-append dimensions; not measured overlapping writes,writer_layer_shards,16,microscopy-shards-20260914,4,observed minimum/maximum; not a confidence interval,262144,1073741824,16,2,,3facc0dac1061ebc2a56bdd27a9c317dbda2e6f4,reference-before,"[16384,256,256]","[""/mnt/main0/home/nclack/tmp/2026-09-07-chucky-microscopy-pr/worktree/build-microscopy-shards-20260914/run-3684715/study.json#/records/0"",""/mnt/main0/home/nclack/tmp/2026-09-07-chucky-microscopy-pr/worktree/build-microscopy-shards-20260914/run-3684715/study.json#/records/131""]",nfs,logical unpadded input bytes,coverage-qualified-through-final-close-v2,chucky,4,preloaded_cyclic_streaming_replay,16
2,gpu,,direct shard writes; server cache uncontrolled,"[4,256,256]",none,0,microscopy-shards-20260914|cosem-cos7-em|gpu|uncompressed|fs|reference-before,microscopy,cosem-cos7-em,0,microscopy_shard_targets,,677384192.0,32,,cw-us-e4a2-l40-234-003,3668500524.4878473,11.852972566000002,3283664656.610316,2898828788.7327843,9.366153257,geometry count in the non-append dimensions; not measured overlapping writes,writer_layer_shards,4,microscopy-shards-20260914,,observed minimum/maximum; not a confidence interval,262144,1073741824,16,2,,3facc0dac1061ebc2a56bdd27a9c317dbda2e6f4,reference-before,"[4096,512,512]","[""/mnt/main0/home/nclack/tmp/2026-09-07-chucky-microscopy-pr/worktree/build-microscopy-shards-20260914/run-3684715/study.json#/records/1"",""/mnt/main0/home/nclack/tmp/2026-09-07-chucky-microscopy-pr/worktree/build-microscopy-shards-20260914/run-3684715/study.json#/records/130""]",nfs,logical unpadded input bytes,coverage-qualified-through-final-close-v2,chucky,4,preloaded_cyclic_streaming_replay,4
8,gpu,,direct shard writes; server cache uncontrolled,"[4,256,256]",none,0,microscopy-shards-20260914|cosem-cos7-em|gpu|uncompressed|fs|sample,microscopy,cosem-cos7-em,0,microscopy_shard_targets,0.7915993981432325,681578496.0,32,,cw-us-e4a2-l40-234-003,5898651708.423529,9.298338882000001,5009439331.541955,3695255556.8017178,5.825015360000001,geometry count in the non-append dimensions; not measured overlapping writes,writer_layer_shards,16,microscopy-shards-20260914,4,observed minimum/maximum; not a confidence interval,262144,1073741824,16,8,,3facc0dac1061ebc2a56bdd27a9c317dbda2e6f4,sample,"[16384,256,256]","[""/mnt/main0/home/nclack/tmp/2026-09-07-chucky-microscopy-pr/worktree/build-microscopy-shards-20260914/run-3684715/study.json#/records/38"",""/mnt/main0/home/nclack/tmp/2026-09-07-chucky-microscopy-pr/worktree/build-microscopy-shards-20260914/run-3684715/study.json#/records/57"",""/mnt/main0/home/nclack/tmp/2026-09-07-chucky-microscopy-pr/worktree/build-microscopy-shards-20260914/run-3684715/study.json#/records/67"",""/mnt/main0/home/nclack/tmp/2026-09-07-chucky-microscopy-pr/worktree/build-microscopy-shards-20260914/run-3684715/study.json#/records/96"",""/mnt/main0/home/nclack/tmp/2026-09-07-chucky-microscopy-pr/worktree/build-microscopy-shards-20260914/run-3684715/study.json#/records/144"",""/mnt/main0/home/nclack/tmp/2026-09-07-chucky-microscopy-pr/worktree/build-microscopy-shards-20260914/run-3684715/study.json#/records/170"",""/mnt/main0/home/nclack/tmp/2026-09-07-chucky-microscopy-pr/worktree/build-microscopy-shards-20260914/run-3684715/study.json#/records/195"",""/mnt/main0/home/nclack/tmp/2026-09-07-chucky-microscopy-pr/worktree/build-microscopy-shards-20260914/run-3684715/study.json#/records/225""]",nfs,logical unpadded input bytes,coverage-qualified-through-final-close-v2,chucky,4,preloaded_cyclic_streaming_replay,16
8,gpu,,direct shard writes; server cache uncontrolled,"[4,256,256]",none,0,microscopy-shards-20260914|cosem-cos7-em|gpu|uncompressed|fs|sample,microscopy,cosem-cos7-em,0,microscopy_shard_targets,,678438912.0,32,,cw-us-e4a2-l40-234-003,3699440083.8076663,16.167083952000002,2796071117.646952,2125289780.223054,9.287821859,geometry count in the non-append dimensions; not measured overlapping writes,writer_layer_shards,4,microscopy-shards-20260914,,observed minimum/maximum; not a confidence interval,262144,1073741824,16,8,,3facc0dac1061ebc2a56bdd27a9c317dbda2e6f4,sample,"[4096,512,512]","[""/mnt/main0/home/nclack/tmp/2026-09-07-chucky-microscopy-pr/worktree/build-microscopy-shards-20260914/run-3684715/study.json#/records/39"",""/mnt/main0/home/nclack/tmp/2026-09-07-chucky-microscopy-pr/worktree/build-microscopy-shards-20260914/run-3684715/study.json#/records/56"",""/mnt/main0/home/nclack/tmp/2026-09-07-chucky-microscopy-pr/worktree/build-microscopy-shards-20260914/run-3684715/study.json#/records/66"",""/mnt/main0/home/nclack/tmp/2026-09-07-chucky-microscopy-pr/worktree/build-microscopy-shards-20260914/run-3684715/study.json#/records/97"",""/mnt/main0/home/nclack/tmp/2026-09-07-chucky-microscopy-pr/worktree/build-microscopy-shards-20260914/run-3684715/study.json#/records/145"",""/mnt/main0/home/nclack/tmp/2026-09-07-chucky-microscopy-pr/worktree/build-microscopy-shards-20260914/run-3684715/study.json#/records/171"",""/mnt/main0/home/nclack/tmp/2026-09-07-chucky-microscopy-pr/worktree/build-microscopy-shards-20260914/run-3684715/study.json#/records/194"",""/mnt/main0/home/nclack/tmp/2026-09-07-chucky-microscopy-pr/worktree/build-microscopy-shards-20260914/run-3684715/study.json#/records/224""]",nfs,logical unpadded input bytes,coverage-qualified-through-final-close-v2,chucky,4,preloaded_cyclic_streaming_replay,4
12,gpu,,filesystem write mode not encoded in result; historical NFS mount retained,"[16,1,128,256]",none,,orca|confirm-results|cw-us-e4a2-l40-234-049|write-cap-32,synthetic,orca2_single,0,orca_append_shard_split,,3161456640.0,,,cw-us-e4a2-l40-234-049,3649745096.54016,13.0212,3312128454.81984,2597531796.11136,9.26718,count along append axis; writer layer remains a separate geometry count,append_axis_shards,4,confirm-results,,observed minimum/maximum; not a confidence interval,1048576,704643072,16,12,,6e19b0f866afd9b7aff3dda956033949ccaf2b26,sample,"[448,2,512,768]","[""/mnt/main0/home/nclack/tmp/2026-09-04-orca-shard-split/confirm-results/raw/b01-p3-C.json#/"",""/mnt/main0/home/nclack/tmp/2026-09-04-orca-shard-split/confirm-results/raw/b02-p2-C.json#/"",""/mnt/main0/home/nclack/tmp/2026-09-04-orca-shard-split/confirm-results/raw/b03-p1-C.json#/"",""/mnt/main0/home/nclack/tmp/2026-09-04-orca-shard-split/confirm-results/raw/b04-p1-C.json#/"",""/mnt/main0/home/nclack/tmp/2026-09-04-orca-shard-split/confirm-results/raw/b05-p2-C.json#/"",""/mnt/main0/home/nclack/tmp/2026-09-04-orca-shard-split/confirm-results/raw/b06-p3-C.json#/"",""/mnt/main0/home/nclack/tmp/2026-09-04-orca-shard-split/confirm-results/raw/b07-p3-C.json#/"",""/mnt/main0/home/nclack/tmp/2026-09-04-orca-shard-split/confirm-results/raw/b08-p2-C.json#/"",""/mnt/main0/home/nclack/tmp/2026-09-04-orca-shard-split/confirm-results/raw/b09-p1-C.json#/"",""/mnt/main0/home/nclack/tmp/2026-09-04-orca-shard-split/confirm-results/raw/b10-p1-C.json#/"",""/mnt/main0/home/nclack/tmp/2026-09-04-orca-shard-split/confirm-results/raw/b11-p2-C.json#/"",""/mnt/main0/home/nclack/tmp/2026-09-04-orca-shard-split/confirm-results/raw/b12-p3-C.json#/""]",nfs,reported input GiB; synthetic padded layout volume,pump_data_prefill_blocked plus bench_zarr_flush; includes fill/pump and drain; init excluded,chucky,4,synthetic_streaming_replay,12
12,gpu,,filesystem write mode not encoded in result; historical NFS mount retained,"[16,1,128,256]",none,,orca|confirm-results|cw-us-e4a2-l40-234-049|write-cap-64,synthetic,orca2_single,0,orca_append_shard_split,,3161976832.0,,,cw-us-e4a2-l40-234-049,5126634025.7792,16.2411,3844393014.3948803,2082554479.90272,6.59749,count along append axis; writer layer remains a separate geometry count,append_axis_shards,1,confirm-results,,observed minimum/maximum; not a confidence interval,1048576,2818572288,16,12,,6e19b0f866afd9b7aff3dda956033949ccaf2b26,sample,"[1792,2,512,768]","[""/mnt/main0/home/nclack/tmp/2026-09-04-orca-shard-split/confirm-results/raw/b01-p2-B.json#/"",""/mnt/main0/home/nclack/tmp/2026-09-04-orca-shard-split/confirm-results/raw/b02-p1-B.json#/"",""/mnt/main0/home/nclack/tmp/2026-09-04-orca-shard-split/confirm-results/raw/b03-p3-B.json#/"",""/mnt/main0/home/nclack/tmp/2026-09-04-orca-shard-split/confirm-results/raw/b04-p2-B.json#/"",""/mnt/main0/home/nclack/tmp/2026-09-04-orca-shard-split/confirm-results/raw/b05-p3-B.json#/"",""/mnt/main0/home/nclack/tmp/2026-09-04-orca-shard-split/confirm-results/raw/b06-p1-B.json#/"",""/mnt/main0/home/nclack/tmp/2026-09-04-orca-shard-split/confirm-results/raw/b07-p2-B.json#/"",""/mnt/main0/home/nclack/tmp/2026-09-04-orca-shard-split/confirm-results/raw/b08-p1-B.json#/"",""/mnt/main0/home/nclack/tmp/2026-09-04-orca-shard-split/confirm-results/raw/b09-p3-B.json#/"",""/mnt/main0/home/nclack/tmp/2026-09-04-orca-shard-split/confirm-results/raw/b10-p2-B.json#/"",""/mnt/main0/home/nclack/tmp/2026-09-04-orca-shard-split/confirm-results/raw/b11-p3-B.json#/"",""/mnt/main0/home/nclack/tmp/2026-09-04-orca-shard-split/confirm-results/raw/b12-p1-B.json#/""]",nfs,reported input GiB; synthetic padded layout volume,pump_data_prefill_blocked plus bench_zarr_flush; includes fill/pump and drain; init excluded,chucky,4,synthetic_streaming_replay,12
12,gpu,,filesystem write mode not encoded in result; historical NFS mount retained,"[16,1,128,256]",none,,orca|confirm-results|cw-us-e4a2-l40-234-049|write-cap-64,synthetic,orca2_single,0,orca_append_shard_split,-0.05130196041191282,3160936448.0,,,cw-us-e4a2-l40-234-049,4276166076.66176,11.4291,3647168116.16256,2959372053.38112,7.90962,count along append axis; writer layer remains a separate geometry count,append_axis_shards,4,confirm-results,1,observed minimum/maximum; not a confidence interval,1048576,704643072,16,12,,6e19b0f866afd9b7aff3dda956033949ccaf2b26,sample,"[448,2,512,768]","[""/mnt/main0/home/nclack/tmp/2026-09-04-orca-shard-split/confirm-results/raw/b01-p1-A.json#/"",""/mnt/main0/home/nclack/tmp/2026-09-04-orca-shard-split/confirm-results/raw/b02-p3-A.json#/"",""/mnt/main0/home/nclack/tmp/2026-09-04-orca-shard-split/confirm-results/raw/b03-p2-A.json#/"",""/mnt/main0/home/nclack/tmp/2026-09-04-orca-shard-split/confirm-results/raw/b04-p3-A.json#/"",""/mnt/main0/home/nclack/tmp/2026-09-04-orca-shard-split/confirm-results/raw/b05-p1-A.json#/"",""/mnt/main0/home/nclack/tmp/2026-09-04-orca-shard-split/confirm-results/raw/b06-p2-A.json#/"",""/mnt/main0/home/nclack/tmp/2026-09-04-orca-shard-split/confirm-results/raw/b07-p1-A.json#/"",""/mnt/main0/home/nclack/tmp/2026-09-04-orca-shard-split/confirm-results/raw/b08-p3-A.json#/"",""/mnt/main0/home/nclack/tmp/2026-09-04-orca-shard-split/confirm-results/raw/b09-p2-A.json#/"",""/mnt/main0/home/nclack/tmp/2026-09-04-orca-shard-split/confirm-results/raw/b10-p3-A.json#/"",""/mnt/main0/home/nclack/tmp/2026-09-04-orca-shard-split/confirm-results/raw/b11-p1-A.json#/"",""/mnt/main0/home/nclack/tmp/2026-09-04-orca-shard-split/confirm-results/raw/b12-p2-A.json#/""]",nfs,reported input GiB; synthetic padded layout volume,pump_data_prefill_blocked plus bench_zarr_flush; includes fill/pump and drain; init excluded,chucky,4,synthetic_streaming_replay,12
12,gpu,,filesystem write mode not encoded in result; historical NFS mount retained,"[16,1,128,256]",none,,orca|large-split-results|cw-us-e4a2-l40-234-053|write-cap-128,synthetic,orca2_single,0,orca_append_shard_split,,3159310336.0,,,cw-us-e4a2-l40-234-053,4186003975.70048,15.4529,3380123155.8246403,2188769021.1328,8.07999,count along append axis; writer layer remains a separate geometry count,append_axis_shards,4,large-split-results,,observed minimum/maximum; not a confidence interval,1048576,704643072,16,12,,6e19b0f866afd9b7aff3dda956033949ccaf2b26,sample,"[448,2,512,768]","[""/mnt/main0/home/nclack/tmp/2026-09-04-orca-shard-split/large-split-results/raw/b01-p2-D.json#/"",""/mnt/main0/home/nclack/tmp/2026-09-04-orca-shard-split/large-split-results/raw/b02-p1-D.json#/"",""/mnt/main0/home/nclack/tmp/2026-09-04-orca-shard-split/large-split-results/raw/b03-p2-D.json#/"",""/mnt/main0/home/nclack/tmp/2026-09-04-orca-shard-split/large-split-results/raw/b04-p1-D.json#/"",""/mnt/main0/home/nclack/tmp/2026-09-04-orca-shard-split/large-split-results/raw/b05-p2-D.json#/"",""/mnt/main0/home/nclack/tmp/2026-09-04-orca-shard-split/large-split-results/raw/b06-p1-D.json#/"",""/mnt/main0/home/nclack/tmp/2026-09-04-orca-shard-split/large-split-results/raw/b07-p2-D.json#/"",""/mnt/main0/home/nclack/tmp/2026-09-04-orca-shard-split/large-split-results/raw/b08-p1-D.json#/"",""/mnt/main0/home/nclack/tmp/2026-09-04-orca-shard-split/large-split-results/raw/b09-p2-D.json#/"",""/mnt/main0/home/nclack/tmp/2026-09-04-orca-shard-split/large-split-results/raw/b10-p1-D.json#/"",""/mnt/main0/home/nclack/tmp/2026-09-04-orca-shard-split/large-split-results/raw/b11-p2-D.json#/"",""/mnt/main0/home/nclack/tmp/2026-09-04-orca-shard-split/large-split-results/raw/b12-p1-D.json#/""]",nfs,reported input GiB; synthetic padded layout volume,pump_data_prefill_blocked plus bench_zarr_flush; includes fill/pump and drain; init excluded,chucky,4,synthetic_streaming_replay,12
12,gpu,,filesystem write mode not encoded in result; historical NFS mount retained,"[16,1,128,256]",none,,orca|large-split-results|cw-us-e4a2-l40-234-053|write-cap-64,synthetic,orca2_single,0,orca_append_shard_split,,3159330816.0,,,cw-us-e4a2-l40-234-053,4274426614.90688,13.246,3460986652.5900803,2553443956.81792,7.91284,count along append axis; writer layer remains a separate geometry count,append_axis_shards,4,large-split-results,,observed minimum/maximum; not a confidence interval,1048576,704643072,16,12,,6e19b0f866afd9b7aff3dda956033949ccaf2b26,sample,"[448,2,512,768]","[""/mnt/main0/home/nclack/tmp/2026-09-04-orca-shard-split/large-split-results/raw/b01-p1-A.json#/"",""/mnt/main0/home/nclack/tmp/2026-09-04-orca-shard-split/large-split-results/raw/b02-p2-A.json#/"",""/mnt/main0/home/nclack/tmp/2026-09-04-orca-shard-split/large-split-results/raw/b03-p1-A.json#/"",""/mnt/main0/home/nclack/tmp/2026-09-04-orca-shard-split/large-split-results/raw/b04-p2-A.json#/"",""/mnt/main0/home/nclack/tmp/2026-09-04-orca-shard-split/large-split-results/raw/b05-p1-A.json#/"",""/mnt/main0/home/nclack/tmp/2026-09-04-orca-shard-split/large-split-results/raw/b06-p2-A.json#/"",""/mnt/main0/home/nclack/tmp/2026-09-04-orca-shard-split/large-split-results/raw/b07-p1-A.json#/"",""/mnt/main0/home/nclack/tmp/2026-09-04-orca-shard-split/large-split-results/raw/b08-p2-A.json#/"",""/mnt/main0/home/nclack/tmp/2026-09-04-orca-shard-split/large-split-results/raw/b09-p1-A.json#/"",""/mnt/main0/home/nclack/tmp/2026-09-04-orca-shard-split/large-split-results/raw/b10-p2-A.json#/"",""/mnt/main0/home/nclack/tmp/2026-09-04-orca-shard-split/large-split-results/raw/b11-p1-A.json#/"",""/mnt/main0/home/nclack/tmp/2026-09-04-orca-shard-split/large-split-results/raw/b12-p2-A.json#/""]",nfs,reported input GiB; synthetic padded layout volume,pump_data_prefill_blocked plus bench_zarr_flush; includes fill/pump and drain; init excluded,chucky,4,synthetic_streaming_replay,12
4,gpu,,filesystem write mode not encoded in result; historical NFS mount retained,"[16,1,128,256]",none,,orca|results|cw-us-e4a2-l40-202-011|write-cap-128,synthetic,orca2_single,0,orca_append_shard_split,,3162509312.0,,,cw-us-e4a2-l40-202-011,5713691630.63296,9.44813,4661864877.260799,3579844503.79776,5.91962,count along append axis; writer layer remains a separate geometry count,append_axis_shards,1,results,,observed minimum/maximum; not a confidence interval,1048576,2818572288,16,4,,6e19b0f866afd9b7aff3dda956033949ccaf2b26,sample,"[1792,2,512,768]","[""/mnt/main0/home/nclack/tmp/2026-09-04-orca-shard-split/results/raw/b1-p03-m1-c128.json#/"",""/mnt/main0/home/nclack/tmp/2026-09-04-orca-shard-split/results/raw/b2-p10-m1-c128.json#/"",""/mnt/main0/home/nclack/tmp/2026-09-04-orca-shard-split/results/raw/b3-p09-m1-c128.json#/"",""/mnt/main0/home/nclack/tmp/2026-09-04-orca-shard-split/results/raw/b4-p04-m1-c128.json#/""]",nfs,reported input GiB; synthetic padded layout volume,pump_data_prefill_blocked plus bench_zarr_flush; includes fill/pump and drain; init excluded,chucky,4,synthetic_streaming_replay,12
4,gpu,,filesystem write mode not encoded in result; historical NFS mount retained,"[16,1,128,256]",none,,orca|results|cw-us-e4a2-l40-202-011|write-cap-128,synthetic,orca2_single,0,orca_append_shard_split,-0.06492502936637701,3160412160.0,,,cw-us-e4a2-l40-202-011,4620686878.3104,11.3105,4359193163.20256,2990392454.67648,7.31987,count along append axis; writer layer remains a separate geometry count,append_axis_shards,2,results,1,observed minimum/maximum; not a confidence interval,1048576,1409286144,16,4,,6e19b0f866afd9b7aff3dda956033949ccaf2b26,sample,"[896,2,512,768]","[""/mnt/main0/home/nclack/tmp/2026-09-04-orca-shard-split/results/raw/b1-p11-m2-c128.json#/"",""/mnt/main0/home/nclack/tmp/2026-09-04-orca-shard-split/results/raw/b2-p02-m2-c128.json#/"",""/mnt/main0/home/nclack/tmp/2026-09-04-orca-shard-split/results/raw/b3-p05-m2-c128.json#/"",""/mnt/main0/home/nclack/tmp/2026-09-04-orca-shard-split/results/raw/b4-p08-m2-c128.json#/""]",nfs,reported input GiB; synthetic padded layout volume,pump_data_prefill_blocked plus bench_zarr_flush; includes fill/pump and drain; init excluded,chucky,4,synthetic_streaming_replay,12
4,gpu,,filesystem write mode not encoded in result; historical NFS mount retained,"[16,1,128,256]",none,,orca|results|cw-us-e4a2-l40-202-011|write-cap-128,synthetic,orca2_single,0,orca_append_shard_split,0.06390931606489447,3158835200.0,,,cw-us-e4a2-l40-202-011,5424865817.3952,8.29605,4637786216.8576,4076986968.30976,6.23479,count along append axis; writer layer remains a separate geometry count,append_axis_shards,4,results,2,observed minimum/maximum; not a confidence interval,1048576,704643072,16,4,,6e19b0f866afd9b7aff3dda956033949ccaf2b26,sample,"[448,2,512,768]","[""/mnt/main0/home/nclack/tmp/2026-09-04-orca-shard-split/results/raw/b1-p07-m4-c128.json#/"",""/mnt/main0/home/nclack/tmp/2026-09-04-orca-shard-split/results/raw/b2-p06-m4-c128.json#/"",""/mnt/main0/home/nclack/tmp/2026-09-04-orca-shard-split/results/raw/b3-p01-m4-c128.json#/"",""/mnt/main0/home/nclack/tmp/2026-09-04-orca-shard-split/results/raw/b4-p12-m4-c128.json#/""]",nfs,reported input GiB; synthetic padded layout volume,pump_data_prefill_blocked plus bench_zarr_flush; includes fill/pump and drain; init excluded,chucky,4,synthetic_streaming_replay,12
4,gpu,,filesystem write mode not encoded in result; historical NFS mount retained,"[16,1,128,256]",none,,orca|results|cw-us-e4a2-l40-202-011|write-cap-16,synthetic,orca2_single,0,orca_append_shard_split,,3161980928.0,,,cw-us-e4a2-l40-202-011,5268410896.22016,8.0929,4685014750.98624,4179325301.5552,6.41994,count along append axis; writer layer remains a separate geometry count,append_axis_shards,1,results,,observed minimum/maximum; not a confidence interval,1048576,2818572288,16,4,,6e19b0f866afd9b7aff3dda956033949ccaf2b26,sample,"[1792,2,512,768]","[""/mnt/main0/home/nclack/tmp/2026-09-04-orca-shard-split/results/raw/b1-p12-m1-c16.json#/"",""/mnt/main0/home/nclack/tmp/2026-09-04-orca-shard-split/results/raw/b2-p01-m1-c16.json#/"",""/mnt/main0/home/nclack/tmp/2026-09-04-orca-shard-split/results/raw/b3-p06-m1-c16.json#/"",""/mnt/main0/home/nclack/tmp/2026-09-04-orca-shard-split/results/raw/b4-p07-m1-c16.json#/""]",nfs,reported input GiB; synthetic padded layout volume,pump_data_prefill_blocked plus bench_zarr_flush; includes fill/pump and drain; init excluded,chucky,4,synthetic_streaming_replay,12
4,gpu,,filesystem write mode not encoded in result; historical NFS mount retained,"[16,1,128,256]",none,,orca|results|cw-us-e4a2-l40-202-011|write-cap-16,synthetic,orca2_single,0,orca_append_shard_split,0.031646062806250264,3160418304.0,,,cw-us-e4a2-l40-202-011,5125345535.5904,10.3161,4833277022.04416,3278659922.16576,6.59914,count along append axis; writer layer remains a separate geometry count,append_axis_shards,2,results,1,observed minimum/maximum; not a confidence interval,1048576,1409286144,16,4,,6e19b0f866afd9b7aff3dda956033949ccaf2b26,sample,"[896,2,512,768]","[""/mnt/main0/home/nclack/tmp/2026-09-04-orca-shard-split/results/raw/b1-p08-m2-c16.json#/"",""/mnt/main0/home/nclack/tmp/2026-09-04-orca-shard-split/results/raw/b2-p05-m2-c16.json#/"",""/mnt/main0/home/nclack/tmp/2026-09-04-orca-shard-split/results/raw/b3-p02-m2-c16.json#/"",""/mnt/main0/home/nclack/tmp/2026-09-04-orca-shard-split/results/raw/b4-p11-m2-c16.json#/""]",nfs,reported input GiB; synthetic padded layout volume,pump_data_prefill_blocked plus bench_zarr_flush; includes fill/pump and drain; init excluded,chucky,4,synthetic_streaming_replay,12
4,gpu,,filesystem write mode not encoded in result; historical NFS mount retained,"[16,1,128,256]",none,,orca|results|cw-us-e4a2-l40-202-011|write-cap-16,synthetic,orca2_single,0,orca_append_shard_split,-0.02484815632678261,3161458688.0,,,cw-us-e4a2-l40-202-011,4937741364.10112,8.05302,4713178999.02976,4200027043.92192,6.84987,count along append axis; writer layer remains a separate geometry count,append_axis_shards,4,results,2,observed minimum/maximum; not a confidence interval,1048576,704643072,16,4,,6e19b0f866afd9b7aff3dda956033949ccaf2b26,sample,"[448,2,512,768]","[""/mnt/main0/home/nclack/tmp/2026-09-04-orca-shard-split/results/raw/b1-p04-m4-c16.json#/"",""/mnt/main0/home/nclack/tmp/2026-09-04-orca-shard-split/results/raw/b2-p09-m4-c16.json#/"",""/mnt/main0/home/nclack/tmp/2026-09-04-orca-shard-split/results/raw/b3-p10-m4-c16.json#/"",""/mnt/main0/home/nclack/tmp/2026-09-04-orca-shard-split/results/raw/b4-p03-m4-c16.json#/""]",nfs,reported input GiB; synthetic padded layout volume,pump_data_prefill_blocked plus bench_zarr_flush; includes fill/pump and drain; init excluded,chucky,4,synthetic_streaming_replay,12
4,gpu,,filesystem write mode not encoded in result; historical NFS mount retained,"[16,1,128,256]",none,,orca|results|cw-us-e4a2-l40-202-011|write-cap-32,synthetic,orca2_single,0,orca_append_shard_split,,3161980928.0,,,cw-us-e4a2-l40-202-011,6093194940.90752,10.5984,4483779427.04128,3191332499.61984,5.55093,count along append axis; writer layer remains a separate geometry count,append_axis_shards,1,results,,observed minimum/maximum; not a confidence interval,1048576,2818572288,16,4,,6e19b0f866afd9b7aff3dda956033949ccaf2b26,sample,"[1792,2,512,768]","[""/mnt/main0/home/nclack/tmp/2026-09-04-orca-shard-split/results/raw/b1-p06-m1-c32.json#/"",""/mnt/main0/home/nclack/tmp/2026-09-04-orca-shard-split/results/raw/b2-p07-m1-c32.json#/"",""/mnt/main0/home/nclack/tmp/2026-09-04-orca-shard-split/results/raw/b3-p12-m1-c32.json#/"",""/mnt/main0/home/nclack/tmp/2026-09-04-orca-shard-split/results/raw/b4-p01-m1-c32.json#/""]",nfs,reported input GiB; synthetic padded layout volume,pump_data_prefill_blocked plus bench_zarr_flush; includes fill/pump and drain; init excluded,chucky,4,synthetic_streaming_replay,12
4,gpu,,filesystem write mode not encoded in result; historical NFS mount retained,"[16,1,128,256]",none,,orca|results|cw-us-e4a2-l40-202-011|write-cap-32,synthetic,orca2_single,0,orca_append_shard_split,0.10038207835779334,3160412160.0,,,cw-us-e4a2-l40-202-011,5671719062.7328,9.29903,4933870524.8256,3637246741.7088,5.96342,count along append axis; writer layer remains a separate geometry count,append_axis_shards,2,results,1,observed minimum/maximum; not a confidence interval,1048576,1409286144,16,4,,6e19b0f866afd9b7aff3dda956033949ccaf2b26,sample,"[896,2,512,768]","[""/mnt/main0/home/nclack/tmp/2026-09-04-orca-shard-split/results/raw/b1-p02-m2-c32.json#/"",""/mnt/main0/home/nclack/tmp/2026-09-04-orca-shard-split/results/raw/b2-p11-m2-c32.json#/"",""/mnt/main0/home/nclack/tmp/2026-09-04-orca-shard-split/results/raw/b3-p08-m2-c32.json#/"",""/mnt/main0/home/nclack/tmp/2026-09-04-orca-shard-split/results/raw/b4-p05-m2-c32.json#/""]",nfs,reported input GiB; synthetic padded layout volume,pump_data_prefill_blocked plus bench_zarr_flush; includes fill/pump and drain; init excluded,chucky,4,synthetic_streaming_replay,12
4,gpu,,filesystem write mode not encoded in result; historical NFS mount retained,"[16,1,128,256]",none,,orca|results|cw-us-e4a2-l40-202-011|write-cap-32,synthetic,orca2_single,0,orca_append_shard_split,0.016286092023438448,3161456640.0,,,cw-us-e4a2-l40-202-011,5444042846.37184,8.30083,5014223994.22464,4074635473.7152,6.21282,count along append axis; writer layer remains a separate geometry count,append_axis_shards,4,results,2,observed minimum/maximum; not a confidence interval,1048576,704643072,16,4,,6e19b0f866afd9b7aff3dda956033949ccaf2b26,sample,"[448,2,512,768]","[""/mnt/main0/home/nclack/tmp/2026-09-04-orca-shard-split/results/raw/b1-p10-m4-c32.json#/"",""/mnt/main0/home/nclack/tmp/2026-09-04-orca-shard-split/results/raw/b2-p03-m4-c32.json#/"",""/mnt/main0/home/nclack/tmp/2026-09-04-orca-shard-split/results/raw/b3-p04-m4-c32.json#/"",""/mnt/main0/home/nclack/tmp/2026-09-04-orca-shard-split/results/raw/b4-p09-m4-c32.json#/""]",nfs,reported input GiB; synthetic padded layout volume,pump_data_prefill_blocked plus bench_zarr_flush; includes fill/pump and drain; init excluded,chucky,4,synthetic_streaming_replay,12
4,gpu,,filesystem write mode not encoded in result; historical NFS mount retained,"[16,1,128,256]",none,,orca|results|cw-us-e4a2-l40-202-011|write-cap-64,synthetic,orca2_single,0,orca_append_shard_split,,3161933824.0,,,cw-us-e4a2-l40-202-011,5686268264.448,7.22305,5483588757.74976,4682631044.13696,5.94817,count along append axis; writer layer remains a separate geometry count,append_axis_shards,1,results,,observed minimum/maximum; not a confidence interval,1048576,2818572288,16,4,,6e19b0f866afd9b7aff3dda956033949ccaf2b26,sample,"[1792,2,512,768]","[""/mnt/main0/home/nclack/tmp/2026-09-04-orca-shard-split/results/raw/b1-p09-m1-c64.json#/"",""/mnt/main0/home/nclack/tmp/2026-09-04-orca-shard-split/results/raw/b2-p04-m1-c64.json#/"",""/mnt/main0/home/nclack/tmp/2026-09-04-orca-shard-split/results/raw/b3-p03-m1-c64.json#/"",""/mnt/main0/home/nclack/tmp/2026-09-04-orca-shard-split/results/raw/b4-p10-m1-c64.json#/""]",nfs,reported input GiB; synthetic padded layout volume,pump_data_prefill_blocked plus bench_zarr_flush; includes fill/pump and drain; init excluded,chucky,4,synthetic_streaming_replay,12
4,gpu,,filesystem write mode not encoded in result; historical NFS mount retained,"[16,1,128,256]",none,,orca|results|cw-us-e4a2-l40-202-011|write-cap-64,synthetic,orca2_single,0,orca_append_shard_split,-0.2626361124654639,3159867392.0,,,cw-us-e4a2-l40-202-011,5179182950.64576,9.6759,4043400324.0550404,3495577245.45024,6.53055,count along append axis; writer layer remains a separate geometry count,append_axis_shards,2,results,1,observed minimum/maximum; not a confidence interval,1048576,1409286144,16,4,,6e19b0f866afd9b7aff3dda956033949ccaf2b26,sample,"[896,2,512,768]","[""/mnt/main0/home/nclack/tmp/2026-09-04-orca-shard-split/results/raw/b1-p05-m2-c64.json#/"",""/mnt/main0/home/nclack/tmp/2026-09-04-orca-shard-split/results/raw/b2-p08-m2-c64.json#/"",""/mnt/main0/home/nclack/tmp/2026-09-04-orca-shard-split/results/raw/b3-p11-m2-c64.json#/"",""/mnt/main0/home/nclack/tmp/2026-09-04-orca-shard-split/results/raw/b4-p02-m2-c64.json#/""]",nfs,reported input GiB; synthetic padded layout volume,pump_data_prefill_blocked plus bench_zarr_flush; includes fill/pump and drain; init excluded,chucky,4,synthetic_streaming_replay,12
4,gpu,,filesystem write mode not encoded in result; historical NFS mount retained,"[16,1,128,256]",none,,orca|results|cw-us-e4a2-l40-202-011|write-cap-64,synthetic,orca2_single,0,orca_append_shard_split,0.08820381813788081,3158835200.0,,,cw-us-e4a2-l40-202-011,5056400573.07136,10.413,4400043670.89664,3248133442.10944,6.68911,count along append axis; writer layer remains a separate geometry count,append_axis_shards,4,results,2,observed minimum/maximum; not a confidence interval,1048576,704643072,16,4,,6e19b0f866afd9b7aff3dda956033949ccaf2b26,sample,"[448,2,512,768]","[""/mnt/main0/home/nclack/tmp/2026-09-04-orca-shard-split/results/raw/b1-p01-m4-c64.json#/"",""/mnt/main0/home/nclack/tmp/2026-09-04-orca-shard-split/results/raw/b2-p12-m4-c64.json#/"",""/mnt/main0/home/nclack/tmp/2026-09-04-orca-shard-split/results/raw/b3-p07-m4-c64.json#/"",""/mnt/main0/home/nclack/tmp/2026-09-04-orca-shard-split/results/raw/b4-p06-m4-c64.json#/""]",nfs,reported input GiB; synthetic padded layout volume,pump_data_prefill_blocked plus bench_zarr_flush; includes fill/pump and drain; init excluded,chucky,4,synthetic_streaming_replay,12
