source_file,exists,kind,sha256,bytes,mtime_ns_at_collection
/bio/projects/katamari/data/CHAMMI-75/train/hpa0018/14711_172.ome.zarr/C/8/0/0/zarr.json,True,current_source_metadata,f6965a8b3a45e5796c22255ccaac2ed21dd1ccb225b89787d31a55004d79a189,704,1771668158000000000
/bio/projects/katamari/data/CHAMMI-75/train/hpa0018/26871_260.ome.zarr/D/10/0/0/zarr.json,True,current_source_metadata,f6965a8b3a45e5796c22255ccaac2ed21dd1ccb225b89787d31a55004d79a189,704,1771669566000000000
/bio/projects/katamari/data/CHAMMI-75/train/hpa0018/35050_376.ome.zarr/A/9/1/0/zarr.json,True,current_source_metadata,f6965a8b3a45e5796c22255ccaac2ed21dd1ccb225b89787d31a55004d79a189,704,1771667740000000000
/bio/projects/katamari/data/CHAMMI-75/train/hpa0018/36354_403.ome.zarr/A/11/1/0/zarr.json,True,current_source_metadata,f6965a8b3a45e5796c22255ccaac2ed21dd1ccb225b89787d31a55004d79a189,704,1771669261000000000
/bio/projects/katamari/data/CHAMMI-75/train/hpa0018/36462_410.ome.zarr/F/12/0/0/zarr.json,True,current_source_metadata,f6965a8b3a45e5796c22255ccaac2ed21dd1ccb225b89787d31a55004d79a189,704,1771669403000000000
/bio/projects/katamari/data/CHAMMI-75/train/hpa0018/43978_530.ome.zarr/F/7/1/0/zarr.json,True,current_source_metadata,f6965a8b3a45e5796c22255ccaac2ed21dd1ccb225b89787d31a55004d79a189,704,1771665774000000000
/bio/projects/katamari/data/CHAMMI-75/train/hpa0018/44792_522.ome.zarr/C/1/1/0/zarr.json,True,current_source_metadata,f6965a8b3a45e5796c22255ccaac2ed21dd1ccb225b89787d31a55004d79a189,704,1771666506000000000
/bio/projects/katamari/data/CHAMMI-75/train/hpa0018/47547_871.ome.zarr/C/5/0/0/zarr.json,True,current_source_metadata,f6965a8b3a45e5796c22255ccaac2ed21dd1ccb225b89787d31a55004d79a189,704,1771668906000000000
/bio/projects/katamari/data/CHAMMI-75/train/hpa0018/5730_71.ome.zarr/C/5/1/0/zarr.json,True,current_source_metadata,f6965a8b3a45e5796c22255ccaac2ed21dd1ccb225b89787d31a55004d79a189,704,1771669291000000000
/bio/projects/katamari/data/CHAMMI-75/train/hpa0018/71217_1572.ome.zarr/D/2/1/0/zarr.json,True,current_source_metadata,f6965a8b3a45e5796c22255ccaac2ed21dd1ccb225b89787d31a55004d79a189,704,1771666927000000000
/bio/projects/katamari/data/CHAMMI-75/train/hpa0018/73659_1410.ome.zarr/D/10/1/0/zarr.json,True,current_source_metadata,f6965a8b3a45e5796c22255ccaac2ed21dd1ccb225b89787d31a55004d79a189,704,1771668306000000000
/bio/projects/katamari/data/CHAMMI-75/train/hpa0018/9637_111.ome.zarr/C/7/0/0/zarr.json,True,current_source_metadata,f6965a8b3a45e5796c22255ccaac2ed21dd1ccb225b89787d31a55004d79a189,704,1771667750000000000
/bio/projects/katamari/data/CHAMMI-75/train/hpa0018/HEK293.ome.zarr/U/0/1547/0/zarr.json,True,current_source_metadata,f6965a8b3a45e5796c22255ccaac2ed21dd1ccb225b89787d31a55004d79a189,704,1771646115000000000
/bio/projects/katamari/data/CHAMMI-75/train/hpa0018/RH-30.ome.zarr/U/0/1542/0/zarr.json,True,current_source_metadata,f6965a8b3a45e5796c22255ccaac2ed21dd1ccb225b89787d31a55004d79a189,704,1771663472000000000
/bio/projects/katamari/data/CHAMMI-75/train/hpa0018/RT-4.ome.zarr/U/0/420/0/zarr.json,True,current_source_metadata,f6965a8b3a45e5796c22255ccaac2ed21dd1ccb225b89787d31a55004d79a189,704,1771644952000000000
/bio/projects/katamari/data/CHAMMI-75/train/hpa0018/SK-MEL-30.ome.zarr/U/0/434/0/zarr.json,True,current_source_metadata,f6965a8b3a45e5796c22255ccaac2ed21dd1ccb225b89787d31a55004d79a189,704,1771663698000000000
/bio/projects/katamari/data/CHAMMI-75/train/hpa0018/SiHa.ome.zarr/U/0/426/0/zarr.json,True,current_source_metadata,f6965a8b3a45e5796c22255ccaac2ed21dd1ccb225b89787d31a55004d79a189,704,1771645965000000000
/bio/projects/katamari/data/CHAMMI-75/train/hpa0018/U2OS.ome.zarr/U/0/1622/0/zarr.json,True,current_source_metadata,f6965a8b3a45e5796c22255ccaac2ed21dd1ccb225b89787d31a55004d79a189,704,1771645098000000000
/bio/projects/katamari/data/CHAMMI-75/train/hpa0018/hTCEpi.ome.zarr/U/0/117/0/zarr.json,True,current_source_metadata,f6965a8b3a45e5796c22255ccaac2ed21dd1ccb225b89787d31a55004d79a189,704,1771665638000000000
/bio/projects/katamari/data/CHAMMI-75/train/hpa0023/1126.ome.zarr/D/7/8/0/zarr.json,True,current_source_metadata,a8275e8ad5782e9aa2cd7c8dd765563faa6e32ce577d7a74d76dfb78e28ad31f,708,1771664539000000000
/bio/projects/katamari/data/CHAMMI-75/train/hpa0023/1148.ome.zarr/G/9/10/0/zarr.json,True,current_source_metadata,a8275e8ad5782e9aa2cd7c8dd765563faa6e32ce577d7a74d76dfb78e28ad31f,708,1771663276000000000
/bio/projects/katamari/data/CHAMMI-75/train/hpa0023/1154.ome.zarr/B/6/3/0/zarr.json,True,current_source_metadata,a8275e8ad5782e9aa2cd7c8dd765563faa6e32ce577d7a74d76dfb78e28ad31f,708,1771645868000000000
/bio/projects/katamari/data/CHAMMI-75/train/hpa0023/1219.ome.zarr/E/11/0/0/zarr.json,True,current_source_metadata,a8275e8ad5782e9aa2cd7c8dd765563faa6e32ce577d7a74d76dfb78e28ad31f,708,1771663688000000000
/bio/projects/katamari/data/CHAMMI-75/train/hpa0023/1239.ome.zarr/B/6/11/0/zarr.json,True,current_source_metadata,a8275e8ad5782e9aa2cd7c8dd765563faa6e32ce577d7a74d76dfb78e28ad31f,708,1771663731000000000
/bio/projects/katamari/data/CHAMMI-75/train/hpa0023/1242.ome.zarr/C/9/2/0/zarr.json,True,current_source_metadata,a8275e8ad5782e9aa2cd7c8dd765563faa6e32ce577d7a74d76dfb78e28ad31f,708,1771663965000000000
/bio/projects/katamari/data/CHAMMI-75/train/hpa0023/1253.ome.zarr/C/5/0/0/zarr.json,True,current_source_metadata,a8275e8ad5782e9aa2cd7c8dd765563faa6e32ce577d7a74d76dfb78e28ad31f,708,1771645076000000000
/bio/projects/katamari/data/CHAMMI-75/train/hpa0023/1254.ome.zarr/A/6/11/0/zarr.json,True,current_source_metadata,a8275e8ad5782e9aa2cd7c8dd765563faa6e32ce577d7a74d76dfb78e28ad31f,708,1771663483000000000
/bio/projects/katamari/data/CHAMMI-75/train/hpa0023/1304.ome.zarr/G/1/8/0/zarr.json,True,current_source_metadata,a8275e8ad5782e9aa2cd7c8dd765563faa6e32ce577d7a74d76dfb78e28ad31f,708,1771664339000000000
/bio/projects/katamari/data/CHAMMI-75/train/hpa0023/132.ome.zarr/H/8/1/0/zarr.json,True,current_source_metadata,a8275e8ad5782e9aa2cd7c8dd765563faa6e32ce577d7a74d76dfb78e28ad31f,708,1771665301000000000
/bio/projects/katamari/data/CHAMMI-75/train/hpa0023/1374.ome.zarr/E/7/20/0/zarr.json,True,current_source_metadata,a8275e8ad5782e9aa2cd7c8dd765563faa6e32ce577d7a74d76dfb78e28ad31f,708,1771663611000000000
/bio/projects/katamari/data/CHAMMI-75/train/hpa0023/1394.ome.zarr/E/11/6/0/zarr.json,True,current_source_metadata,a8275e8ad5782e9aa2cd7c8dd765563faa6e32ce577d7a74d76dfb78e28ad31f,708,1771644774000000000
/bio/projects/katamari/data/CHAMMI-75/train/hpa0023/1399.ome.zarr/H/6/6/0/zarr.json,True,current_source_metadata,a8275e8ad5782e9aa2cd7c8dd765563faa6e32ce577d7a74d76dfb78e28ad31f,708,1771644870000000000
/bio/projects/katamari/data/CHAMMI-75/train/hpa0023/1431.ome.zarr/E/11/2/0/zarr.json,True,current_source_metadata,a8275e8ad5782e9aa2cd7c8dd765563faa6e32ce577d7a74d76dfb78e28ad31f,708,1771664378000000000
/bio/projects/katamari/data/CHAMMI-75/train/hpa0023/1565.ome.zarr/E/3/7/0/zarr.json,True,current_source_metadata,a8275e8ad5782e9aa2cd7c8dd765563faa6e32ce577d7a74d76dfb78e28ad31f,708,1771664267000000000
/bio/projects/katamari/data/CHAMMI-75/train/hpa0023/1573.ome.zarr/A/1/0/0/zarr.json,True,current_source_metadata,a8275e8ad5782e9aa2cd7c8dd765563faa6e32ce577d7a74d76dfb78e28ad31f,708,1771664164000000000
/bio/projects/katamari/data/CHAMMI-75/train/hpa0023/1581.ome.zarr/A/7/10/0/zarr.json,True,current_source_metadata,a8275e8ad5782e9aa2cd7c8dd765563faa6e32ce577d7a74d76dfb78e28ad31f,708,1771645978000000000
/bio/projects/katamari/data/CHAMMI-75/train/hpa0023/1641.ome.zarr/G/3/17/0/zarr.json,True,current_source_metadata,a8275e8ad5782e9aa2cd7c8dd765563faa6e32ce577d7a74d76dfb78e28ad31f,708,1771664464000000000
/bio/projects/katamari/data/CHAMMI-75/train/hpa0023/1668.ome.zarr/C/2/0/0/zarr.json,True,current_source_metadata,a8275e8ad5782e9aa2cd7c8dd765563faa6e32ce577d7a74d76dfb78e28ad31f,708,1771663483000000000
/bio/projects/katamari/data/CHAMMI-75/train/hpa0023/1715.ome.zarr/B/1/3/0/zarr.json,True,current_source_metadata,a8275e8ad5782e9aa2cd7c8dd765563faa6e32ce577d7a74d76dfb78e28ad31f,708,1771663929000000000
/bio/projects/katamari/data/CHAMMI-75/train/hpa0023/1778.ome.zarr/F/2/9/0/zarr.json,True,current_source_metadata,a8275e8ad5782e9aa2cd7c8dd765563faa6e32ce577d7a74d76dfb78e28ad31f,708,1771645676000000000
/bio/projects/katamari/data/CHAMMI-75/train/hpa0023/182.ome.zarr/C/4/1/0/zarr.json,True,current_source_metadata,a8275e8ad5782e9aa2cd7c8dd765563faa6e32ce577d7a74d76dfb78e28ad31f,708,1771664603000000000
/bio/projects/katamari/data/CHAMMI-75/train/hpa0023/1859.ome.zarr/B/9/29/0/zarr.json,True,current_source_metadata,a8275e8ad5782e9aa2cd7c8dd765563faa6e32ce577d7a74d76dfb78e28ad31f,708,1771645903000000000
/bio/projects/katamari/data/CHAMMI-75/train/hpa0023/1886.ome.zarr/E/8/3/0/zarr.json,True,current_source_metadata,a8275e8ad5782e9aa2cd7c8dd765563faa6e32ce577d7a74d76dfb78e28ad31f,708,1771665035000000000
/bio/projects/katamari/data/CHAMMI-75/train/hpa0023/1898.ome.zarr/C/1/10/0/zarr.json,True,current_source_metadata,a8275e8ad5782e9aa2cd7c8dd765563faa6e32ce577d7a74d76dfb78e28ad31f,708,1771663663000000000
/bio/projects/katamari/data/CHAMMI-75/train/hpa0023/1910.ome.zarr/B/3/7/0/zarr.json,True,current_source_metadata,a8275e8ad5782e9aa2cd7c8dd765563faa6e32ce577d7a74d76dfb78e28ad31f,708,1771663436000000000
/bio/projects/katamari/data/CHAMMI-75/train/hpa0023/1918.ome.zarr/G/11/28/0/zarr.json,True,current_source_metadata,a8275e8ad5782e9aa2cd7c8dd765563faa6e32ce577d7a74d76dfb78e28ad31f,708,1771645577000000000
/bio/projects/katamari/data/CHAMMI-75/train/hpa0023/1923.ome.zarr/C/12/14/0/zarr.json,True,current_source_metadata,a8275e8ad5782e9aa2cd7c8dd765563faa6e32ce577d7a74d76dfb78e28ad31f,708,1771663964000000000
/bio/projects/katamari/data/CHAMMI-75/train/hpa0023/1962.ome.zarr/F/12/3/0/zarr.json,True,current_source_metadata,a8275e8ad5782e9aa2cd7c8dd765563faa6e32ce577d7a74d76dfb78e28ad31f,708,1771664235000000000
/bio/projects/katamari/data/CHAMMI-75/train/hpa0023/1984.ome.zarr/A/1/16/0/zarr.json,True,current_source_metadata,a8275e8ad5782e9aa2cd7c8dd765563faa6e32ce577d7a74d76dfb78e28ad31f,708,1771664007000000000
/bio/projects/katamari/data/CHAMMI-75/train/hpa0023/2007.ome.zarr/F/7/4/0/zarr.json,True,current_source_metadata,a8275e8ad5782e9aa2cd7c8dd765563faa6e32ce577d7a74d76dfb78e28ad31f,708,1771664000000000000
/bio/projects/katamari/data/CHAMMI-75/train/hpa0023/2117.ome.zarr/B/6/7/0/zarr.json,True,current_source_metadata,a8275e8ad5782e9aa2cd7c8dd765563faa6e32ce577d7a74d76dfb78e28ad31f,708,1771664625000000000
/bio/projects/katamari/data/CHAMMI-75/train/hpa0023/212.ome.zarr/F/5/2/0/zarr.json,True,current_source_metadata,a8275e8ad5782e9aa2cd7c8dd765563faa6e32ce577d7a74d76dfb78e28ad31f,708,1771664883000000000
/bio/projects/katamari/data/CHAMMI-75/train/hpa0023/2125.ome.zarr/E/5/4/0/zarr.json,True,current_source_metadata,a8275e8ad5782e9aa2cd7c8dd765563faa6e32ce577d7a74d76dfb78e28ad31f,708,1771664855000000000
/bio/projects/katamari/data/CHAMMI-75/train/hpa0023/280.ome.zarr/G/6/3/0/zarr.json,True,current_source_metadata,a8275e8ad5782e9aa2cd7c8dd765563faa6e32ce577d7a74d76dfb78e28ad31f,708,1771665304000000000
/bio/projects/katamari/data/CHAMMI-75/train/hpa0023/299.ome.zarr/C/12/5/0/zarr.json,True,current_source_metadata,a8275e8ad5782e9aa2cd7c8dd765563faa6e32ce577d7a74d76dfb78e28ad31f,708,1771664922000000000
/bio/projects/katamari/data/CHAMMI-75/train/hpa0023/299.ome.zarr/G/8/1/0/zarr.json,True,current_source_metadata,a8275e8ad5782e9aa2cd7c8dd765563faa6e32ce577d7a74d76dfb78e28ad31f,708,1771664924000000000
/bio/projects/katamari/data/CHAMMI-75/train/hpa0023/332.ome.zarr/C/12/1/0/zarr.json,True,current_source_metadata,a8275e8ad5782e9aa2cd7c8dd765563faa6e32ce577d7a74d76dfb78e28ad31f,708,1771664310000000000
/bio/projects/katamari/data/CHAMMI-75/train/hpa0023/528.ome.zarr/A/12/1/0/zarr.json,True,current_source_metadata,a8275e8ad5782e9aa2cd7c8dd765563faa6e32ce577d7a74d76dfb78e28ad31f,708,1771663618000000000
/bio/projects/katamari/data/CHAMMI-75/train/hpa0023/539.ome.zarr/D/6/1/0/zarr.json,True,current_source_metadata,a8275e8ad5782e9aa2cd7c8dd765563faa6e32ce577d7a74d76dfb78e28ad31f,708,1771664083000000000
/bio/projects/katamari/data/CHAMMI-75/train/hpa0023/544.ome.zarr/F/7/11/0/zarr.json,True,current_source_metadata,a8275e8ad5782e9aa2cd7c8dd765563faa6e32ce577d7a74d76dfb78e28ad31f,708,1771663831000000000
/bio/projects/katamari/data/CHAMMI-75/train/hpa0023/560.ome.zarr/C/6/0/0/zarr.json,True,current_source_metadata,a8275e8ad5782e9aa2cd7c8dd765563faa6e32ce577d7a74d76dfb78e28ad31f,708,1771644849000000000
/bio/projects/katamari/data/CHAMMI-75/train/hpa0023/569.ome.zarr/C/12/3/0/zarr.json,True,current_source_metadata,a8275e8ad5782e9aa2cd7c8dd765563faa6e32ce577d7a74d76dfb78e28ad31f,708,1771664131000000000
/bio/projects/katamari/data/CHAMMI-75/train/hpa0023/73.ome.zarr/B/9/4/0/zarr.json,True,current_source_metadata,a8275e8ad5782e9aa2cd7c8dd765563faa6e32ce577d7a74d76dfb78e28ad31f,708,1771664066000000000
/bio/projects/katamari/data/CHAMMI-75/train/hpa0023/739.ome.zarr/A/4/1/0/zarr.json,True,current_source_metadata,a8275e8ad5782e9aa2cd7c8dd765563faa6e32ce577d7a74d76dfb78e28ad31f,708,1771664025000000000
/bio/projects/katamari/data/CHAMMI-75/train/hpa0023/740.ome.zarr/E/7/1/0/zarr.json,True,current_source_metadata,a8275e8ad5782e9aa2cd7c8dd765563faa6e32ce577d7a74d76dfb78e28ad31f,708,1771663961000000000
/bio/projects/katamari/data/CHAMMI-75/train/hpa0023/776.ome.zarr/A/6/2/0/zarr.json,True,current_source_metadata,a8275e8ad5782e9aa2cd7c8dd765563faa6e32ce577d7a74d76dfb78e28ad31f,708,1771664188000000000
/bio/projects/katamari/data/CHAMMI-75/train/hpa0023/865.ome.zarr/B/10/5/0/zarr.json,True,current_source_metadata,a8275e8ad5782e9aa2cd7c8dd765563faa6e32ce577d7a74d76dfb78e28ad31f,708,1771663639000000000
/bio/projects/katamari/data/CHAMMI-75/train/hpa0023/965.ome.zarr/A/12/7/0/zarr.json,True,current_source_metadata,a8275e8ad5782e9aa2cd7c8dd765563faa6e32ce577d7a74d76dfb78e28ad31f,708,1771663831000000000
/bio/projects/katamari/data/CHAMMI-75/train/hpa0023/979.ome.zarr/E/11/2/0/zarr.json,True,current_source_metadata,a8275e8ad5782e9aa2cd7c8dd765563faa6e32ce577d7a74d76dfb78e28ad31f,708,1771663859000000000
/bio/projects/katamari/data/CHAMMI-75/train/idr0001/JL_120802_S8A.ome.zarr/F/6/13/0/zarr.json,True,current_source_metadata,9a2a297d6d23ef8da88a09590aef86af2db330ed776db9fa6a7c8747d7328a7b,708,1771663278000000000
/bio/projects/katamari/data/CHAMMI-75/train/idr0001/JL_120804_S10A.ome.zarr/E/5/2/0/zarr.json,True,current_source_metadata,9a2a297d6d23ef8da88a09590aef86af2db330ed776db9fa6a7c8747d7328a7b,708,1771663348000000000
/bio/projects/katamari/data/CHAMMI-75/train/idr0001/JL_120808_S13A.ome.zarr/G/2/6/0/zarr.json,True,current_source_metadata,9a2a297d6d23ef8da88a09590aef86af2db330ed776db9fa6a7c8747d7328a7b,708,1771646175000000000
/bio/projects/katamari/data/CHAMMI-75/train/idr0001/JL_120810_S15B.ome.zarr/A/7/4/0/zarr.json,True,current_source_metadata,9a2a297d6d23ef8da88a09590aef86af2db330ed776db9fa6a7c8747d7328a7b,708,1771646178000000000
/bio/projects/katamari/data/CHAMMI-75/train/idr0001/JL_120813_S16B.ome.zarr/D/10/9/0/zarr.json,True,current_source_metadata,9a2a297d6d23ef8da88a09590aef86af2db330ed776db9fa6a7c8747d7328a7b,708,1771646181000000000
/bio/projects/katamari/data/CHAMMI-75/train/idr0001/JL_120820_S21A.ome.zarr/B/4/2/0/zarr.json,True,current_source_metadata,9a2a297d6d23ef8da88a09590aef86af2db330ed776db9fa6a7c8747d7328a7b,708,1771663318000000000
/bio/projects/katamari/data/CHAMMI-75/train/idr0001/JL_120824_S25A.ome.zarr/E/6/3/0/zarr.json,True,current_source_metadata,9a2a297d6d23ef8da88a09590aef86af2db330ed776db9fa6a7c8747d7328a7b,708,1771646140000000000
/bio/projects/katamari/data/CHAMMI-75/train/idr0001/JL_120829_S28A.ome.zarr/C/2/7/0/zarr.json,True,current_source_metadata,9a2a297d6d23ef8da88a09590aef86af2db330ed776db9fa6a7c8747d7328a7b,708,1771663428000000000
/bio/projects/katamari/data/CHAMMI-75/train/idr0001/JL_120830_S29A.ome.zarr/B/5/10/0/zarr.json,True,current_source_metadata,9a2a297d6d23ef8da88a09590aef86af2db330ed776db9fa6a7c8747d7328a7b,708,1771645289000000000
/bio/projects/katamari/data/CHAMMI-75/train/idr0001/JL_121217_J8_1.ome.zarr/B/12/1/0/zarr.json,True,current_source_metadata,9a2a297d6d23ef8da88a09590aef86af2db330ed776db9fa6a7c8747d7328a7b,708,1771663745000000000
/bio/projects/katamari/data/CHAMMI-75/train/idr0001/JL_121219_J3_4.ome.zarr/B/4/0/0/zarr.json,True,current_source_metadata,9a2a297d6d23ef8da88a09590aef86af2db330ed776db9fa6a7c8747d7328a7b,708,1771663421000000000
/bio/projects/katamari/data/CHAMMI-75/train/idr0001/JL_130116_J6_5.ome.zarr/E/11/6/0/zarr.json,True,current_source_metadata,9a2a297d6d23ef8da88a09590aef86af2db330ed776db9fa6a7c8747d7328a7b,708,1771646134000000000
/bio/projects/katamari/data/CHAMMI-75/train/idr0001/JL_130117_J7_6.ome.zarr/G/11/7/0/zarr.json,True,current_source_metadata,9a2a297d6d23ef8da88a09590aef86af2db330ed776db9fa6a7c8747d7328a7b,708,1771646139000000000
/bio/projects/katamari/data/CHAMMI-75/train/idr0001/JL_130119_J4_7.ome.zarr/A/4/0/0/zarr.json,True,current_source_metadata,9a2a297d6d23ef8da88a09590aef86af2db330ed776db9fa6a7c8747d7328a7b,708,1771663423000000000
/bio/projects/katamari/data/CHAMMI-75/train/idr0001/JL_130121_J8_8.ome.zarr/B/12/6/0/zarr.json,True,current_source_metadata,9a2a297d6d23ef8da88a09590aef86af2db330ed776db9fa6a7c8747d7328a7b,708,1771664010000000000
/bio/projects/katamari/data/CHAMMI-75/train/idr0001/JL_130127_J9_5.ome.zarr/H/2/7/0/zarr.json,True,current_source_metadata,9a2a297d6d23ef8da88a09590aef86af2db330ed776db9fa6a7c8747d7328a7b,708,1771663362000000000
/bio/projects/katamari/data/CHAMMI-75/train/idr0001/JL_130305_R1_8.ome.zarr/F/6/2/0/zarr.json,True,current_source_metadata,9a2a297d6d23ef8da88a09590aef86af2db330ed776db9fa6a7c8747d7328a7b,708,1771646159000000000
/bio/projects/katamari/data/CHAMMI-75/train/idr0001/X_110227_S4.ome.zarr/F/6/0/0/zarr.json,True,current_source_metadata,9a2a297d6d23ef8da88a09590aef86af2db330ed776db9fa6a7c8747d7328a7b,708,1771663561000000000
/bio/projects/katamari/data/CHAMMI-75/train/idr0001/X_110314_S7.ome.zarr/G/10/0/0/zarr.json,True,current_source_metadata,9a2a297d6d23ef8da88a09590aef86af2db330ed776db9fa6a7c8747d7328a7b,708,1771663612000000000
/bio/projects/katamari/data/CHAMMI-75/train/idr0001/X_110401_S16.ome.zarr/C/8/2/0/zarr.json,True,current_source_metadata,9a2a297d6d23ef8da88a09590aef86af2db330ed776db9fa6a7c8747d7328a7b,708,1771663352000000000
/bio/projects/katamari/data/CHAMMI-75/train/idr0001/X_110505_S27.ome.zarr/C/1/7/0/zarr.json,True,current_source_metadata,9a2a297d6d23ef8da88a09590aef86af2db330ed776db9fa6a7c8747d7328a7b,708,1771663433000000000
/bio/projects/katamari/data/CHAMMI-75/train/idr0001/X_110514_S32.ome.zarr/G/10/0/0/zarr.json,True,current_source_metadata,9a2a297d6d23ef8da88a09590aef86af2db330ed776db9fa6a7c8747d7328a7b,708,1771663318000000000
/bio/projects/katamari/data/CHAMMI-75/train/idr0002/plate1_7_015.ome.zarr/C/10/1/0/zarr.json,True,current_source_metadata,2cfad33d6c205242bedb07c17499b3aad5111ef03039517279cf7a4693658d8f,708,1771644063000000000
/bio/projects/katamari/data/CHAMMI-75/train/idr0002/plate2_5_015.ome.zarr/F/5/26/0/zarr.json,True,current_source_metadata,2cfad33d6c205242bedb07c17499b3aad5111ef03039517279cf7a4693658d8f,708,1771644099000000000
/bio/projects/katamari/data/CHAMMI-75/train/idr0002/plate3_11_007.ome.zarr/B/1/19/0/zarr.json,True,current_source_metadata,2cfad33d6c205242bedb07c17499b3aad5111ef03039517279cf7a4693658d8f,708,1771645784000000000
/bio/projects/katamari/data/CHAMMI-75/train/idr0003/DTT p12.ome.zarr/R/88/1/0/zarr.json,True,current_source_metadata,c652ac6f372be478fd9497bbc3a834aa0a265828fc43287b7776dc9eebf14e5b,704,1771664631000000000
/bio/projects/katamari/data/CHAMMI-75/train/idr0003/DTT p16.ome.zarr/R/309/0/0/zarr.json,True,current_source_metadata,c652ac6f372be478fd9497bbc3a834aa0a265828fc43287b7776dc9eebf14e5b,704,1771664116000000000
/bio/projects/katamari/data/CHAMMI-75/train/idr0003/DTT p4.ome.zarr/R/20/0/0/zarr.json,True,current_source_metadata,c652ac6f372be478fd9497bbc3a834aa0a265828fc43287b7776dc9eebf14e5b,704,1771664348000000000
/bio/projects/katamari/data/CHAMMI-75/train/idr0003/DTT p8.ome.zarr/R/27/0/0/zarr.json,True,current_source_metadata,c652ac6f372be478fd9497bbc3a834aa0a265828fc43287b7776dc9eebf14e5b,704,1771664687000000000
/bio/projects/katamari/data/CHAMMI-75/train/idr0003/H2O2 p10.ome.zarr/R/278/0/0/zarr.json,True,current_source_metadata,c652ac6f372be478fd9497bbc3a834aa0a265828fc43287b7776dc9eebf14e5b,704,1771664511000000000
/bio/projects/katamari/data/CHAMMI-75/train/idr0003/H2O2 p15.ome.zarr/R/237/0/0/zarr.json,True,current_source_metadata,c652ac6f372be478fd9497bbc3a834aa0a265828fc43287b7776dc9eebf14e5b,704,1771664703000000000
/bio/projects/katamari/data/CHAMMI-75/train/idr0003/SD1 p10.ome.zarr/R/325/0/0/zarr.json,True,current_source_metadata,c652ac6f372be478fd9497bbc3a834aa0a265828fc43287b7776dc9eebf14e5b,704,1771664174000000000
/bio/projects/katamari/data/CHAMMI-75/train/idr0003/SD2 p6.ome.zarr/R/1/2/0/zarr.json,True,current_source_metadata,c652ac6f372be478fd9497bbc3a834aa0a265828fc43287b7776dc9eebf14e5b,704,1771664618000000000
/bio/projects/katamari/data/CHAMMI-75/train/idr0003/starvation p11.ome.zarr/R/257/1/0/zarr.json,True,current_source_metadata,c652ac6f372be478fd9497bbc3a834aa0a265828fc43287b7776dc9eebf14e5b,704,1771664738000000000
/bio/projects/katamari/data/CHAMMI-75/train/idr0003/starvation p11.ome.zarr/R/8/0/0/zarr.json,True,current_source_metadata,c652ac6f372be478fd9497bbc3a834aa0a265828fc43287b7776dc9eebf14e5b,704,1771664730000000000
/bio/projects/katamari/data/CHAMMI-75/train/idr0003/starvation p14.ome.zarr/R/341/0/0/zarr.json,True,current_source_metadata,c652ac6f372be478fd9497bbc3a834aa0a265828fc43287b7776dc9eebf14e5b,704,1771664950000000000
/bio/projects/katamari/data/CHAMMI-75/train/idr0005/Primary_023.ome.zarr/C/12/2/0/zarr.json,True,current_source_metadata,a24a97ebd01a2bfd8fd3c2cd3b0d431ecdbfdd1af9a77e29ff54bd7864f84f3e,708,1771664983000000000
/bio/projects/katamari/data/CHAMMI-75/train/idr0005/Primary_065.ome.zarr/B/7/0/0/zarr.json,True,current_source_metadata,a24a97ebd01a2bfd8fd3c2cd3b0d431ecdbfdd1af9a77e29ff54bd7864f84f3e,708,1771665369000000000
/bio/projects/katamari/data/CHAMMI-75/train/idr0005/Primary_110.ome.zarr/H/7/1/0/zarr.json,True,current_source_metadata,a24a97ebd01a2bfd8fd3c2cd3b0d431ecdbfdd1af9a77e29ff54bd7864f84f3e,708,1771665085000000000
/bio/projects/katamari/data/CHAMMI-75/train/idr0006/11008.ome.zarr/F/8/5/0/zarr.json,True,current_source_metadata,3e77afb179ad56cf289b80239a06dfdd2bdf7d8ff2342d6fe80b33f04c9e1b77,708,1771645916000000000
/bio/projects/katamari/data/CHAMMI-75/train/idr0006/11009.ome.zarr/D/5/5/0/zarr.json,True,current_source_metadata,3e77afb179ad56cf289b80239a06dfdd2bdf7d8ff2342d6fe80b33f04c9e1b77,708,1771645933000000000
/bio/projects/katamari/data/CHAMMI-75/train/idr0006/11012.ome.zarr/A/8/2/0/zarr.json,True,current_source_metadata,3e77afb179ad56cf289b80239a06dfdd2bdf7d8ff2342d6fe80b33f04c9e1b77,708,1771645942000000000
/bio/projects/katamari/data/CHAMMI-75/train/idr0006/11028.ome.zarr/B/9/5/0/zarr.json,True,current_source_metadata,3e77afb179ad56cf289b80239a06dfdd2bdf7d8ff2342d6fe80b33f04c9e1b77,708,1771646048000000000
/bio/projects/katamari/data/CHAMMI-75/train/idr0006/11037.ome.zarr/A/11/10/0/zarr.json,True,current_source_metadata,3e77afb179ad56cf289b80239a06dfdd2bdf7d8ff2342d6fe80b33f04c9e1b77,708,1771646028000000000
/bio/projects/katamari/data/CHAMMI-75/train/idr0006/11038.ome.zarr/H/10/4/0/zarr.json,True,current_source_metadata,3e77afb179ad56cf289b80239a06dfdd2bdf7d8ff2342d6fe80b33f04c9e1b77,708,1771646026000000000
/bio/projects/katamari/data/CHAMMI-75/train/idr0006/11057.ome.zarr/D/3/7/0/zarr.json,True,current_source_metadata,3e77afb179ad56cf289b80239a06dfdd2bdf7d8ff2342d6fe80b33f04c9e1b77,708,1771646064000000000
/bio/projects/katamari/data/CHAMMI-75/train/idr0006/11059.ome.zarr/B/4/3/0/zarr.json,True,current_source_metadata,3e77afb179ad56cf289b80239a06dfdd2bdf7d8ff2342d6fe80b33f04c9e1b77,708,1771645100000000000
/bio/projects/katamari/data/CHAMMI-75/train/idr0006/11061.ome.zarr/G/6/5/0/zarr.json,True,current_source_metadata,3e77afb179ad56cf289b80239a06dfdd2bdf7d8ff2342d6fe80b33f04c9e1b77,708,1771645982000000000
/bio/projects/katamari/data/CHAMMI-75/train/idr0006/11069.ome.zarr/C/12/7/0/zarr.json,True,current_source_metadata,3e77afb179ad56cf289b80239a06dfdd2bdf7d8ff2342d6fe80b33f04c9e1b77,708,1771646028000000000
/bio/projects/katamari/data/CHAMMI-75/train/idr0006/11073.ome.zarr/B/12/6/0/zarr.json,True,current_source_metadata,3e77afb179ad56cf289b80239a06dfdd2bdf7d8ff2342d6fe80b33f04c9e1b77,708,1771645956000000000
/bio/projects/katamari/data/CHAMMI-75/train/idr0006/11079.ome.zarr/A/12/4/0/zarr.json,True,current_source_metadata,3e77afb179ad56cf289b80239a06dfdd2bdf7d8ff2342d6fe80b33f04c9e1b77,708,1771645946000000000
/bio/projects/katamari/data/CHAMMI-75/train/idr0006/11080.ome.zarr/D/6/2/0/zarr.json,True,current_source_metadata,3e77afb179ad56cf289b80239a06dfdd2bdf7d8ff2342d6fe80b33f04c9e1b77,708,1771646085000000000
/bio/projects/katamari/data/CHAMMI-75/train/idr0006/31010.ome.zarr/C/3/3/0/zarr.json,True,current_source_metadata,3e77afb179ad56cf289b80239a06dfdd2bdf7d8ff2342d6fe80b33f04c9e1b77,708,1771646061000000000
/bio/projects/katamari/data/CHAMMI-75/train/idr0006/31010.ome.zarr/H/6/5/0/zarr.json,True,current_source_metadata,3e77afb179ad56cf289b80239a06dfdd2bdf7d8ff2342d6fe80b33f04c9e1b77,708,1771646073000000000
/bio/projects/katamari/data/CHAMMI-75/train/idr0006/31012.ome.zarr/B/8/8/0/zarr.json,True,current_source_metadata,3e77afb179ad56cf289b80239a06dfdd2bdf7d8ff2342d6fe80b33f04c9e1b77,708,1771646036000000000
/bio/projects/katamari/data/CHAMMI-75/train/idr0006/31015.ome.zarr/F/12/0/0/zarr.json,True,current_source_metadata,3e77afb179ad56cf289b80239a06dfdd2bdf7d8ff2342d6fe80b33f04c9e1b77,708,1771645944000000000
/bio/projects/katamari/data/CHAMMI-75/train/idr0006/31024.ome.zarr/E/3/0/0/zarr.json,True,current_source_metadata,3e77afb179ad56cf289b80239a06dfdd2bdf7d8ff2342d6fe80b33f04c9e1b77,708,1771645974000000000
/bio/projects/katamari/data/CHAMMI-75/train/idr0006/31034.ome.zarr/A/11/2/0/zarr.json,True,current_source_metadata,3e77afb179ad56cf289b80239a06dfdd2bdf7d8ff2342d6fe80b33f04c9e1b77,708,1771645948000000000
/bio/projects/katamari/data/CHAMMI-75/train/idr0006/31044.ome.zarr/D/6/3/0/zarr.json,True,current_source_metadata,3e77afb179ad56cf289b80239a06dfdd2bdf7d8ff2342d6fe80b33f04c9e1b77,708,1771645970000000000
/bio/projects/katamari/data/CHAMMI-75/train/idr0006/51004.ome.zarr/B/6/6/0/zarr.json,True,current_source_metadata,3e77afb179ad56cf289b80239a06dfdd2bdf7d8ff2342d6fe80b33f04c9e1b77,708,1771663451000000000
/bio/projects/katamari/data/CHAMMI-75/train/idr0006/51010.ome.zarr/B/9/0/0/zarr.json,True,current_source_metadata,3e77afb179ad56cf289b80239a06dfdd2bdf7d8ff2342d6fe80b33f04c9e1b77,708,1771645102000000000
/bio/projects/katamari/data/CHAMMI-75/train/idr0006/51012.ome.zarr/E/9/3/0/zarr.json,True,current_source_metadata,3e77afb179ad56cf289b80239a06dfdd2bdf7d8ff2342d6fe80b33f04c9e1b77,708,1771663351000000000
/bio/projects/katamari/data/CHAMMI-75/train/idr0006/51016.ome.zarr/D/6/1/0/zarr.json,True,current_source_metadata,3e77afb179ad56cf289b80239a06dfdd2bdf7d8ff2342d6fe80b33f04c9e1b77,708,1771663274000000000
/bio/projects/katamari/data/CHAMMI-75/train/idr0006/51024.ome.zarr/B/12/6/0/zarr.json,True,current_source_metadata,3e77afb179ad56cf289b80239a06dfdd2bdf7d8ff2342d6fe80b33f04c9e1b77,708,1771646122000000000
/bio/projects/katamari/data/CHAMMI-75/train/idr0006/51029.ome.zarr/H/1/1/0/zarr.json,True,current_source_metadata,3e77afb179ad56cf289b80239a06dfdd2bdf7d8ff2342d6fe80b33f04c9e1b77,708,1771663431000000000
/bio/projects/katamari/data/CHAMMI-75/train/idr0008/006B30_S2R.ome.zarr/I/17/1/0/zarr.json,True,current_source_metadata,552de709bf5653a3c34d0d3620b0df86d69bb2d6de655bfc4c147fca3ab45a67,704,1771664862000000000
/bio/projects/katamari/data/CHAMMI-75/train/idr0008/014B30_S2R.ome.zarr/C/2/0/0/zarr.json,True,current_source_metadata,552de709bf5653a3c34d0d3620b0df86d69bb2d6de655bfc4c147fca3ab45a67,704,1771664699000000000
/bio/projects/katamari/data/CHAMMI-75/train/idr0008/040B30_S2R.ome.zarr/J/16/0/0/zarr.json,True,current_source_metadata,552de709bf5653a3c34d0d3620b0df86d69bb2d6de655bfc4c147fca3ab45a67,704,1771664700000000000
/bio/projects/katamari/data/CHAMMI-75/train/idr0008/052B30_S2R.ome.zarr/J/4/0/0/zarr.json,True,current_source_metadata,552de709bf5653a3c34d0d3620b0df86d69bb2d6de655bfc4c147fca3ab45a67,704,1771664451000000000
/bio/projects/katamari/data/CHAMMI-75/train/idr0008/055B30_S2R.ome.zarr/K/22/0/0/zarr.json,True,current_source_metadata,552de709bf5653a3c34d0d3620b0df86d69bb2d6de655bfc4c147fca3ab45a67,704,1771664492000000000
/bio/projects/katamari/data/CHAMMI-75/train/idr0009/0015-38--2005-08-18.ome.zarr/M/6/0/0/zarr.json,True,current_source_metadata,375655a547597daad7218f1257c4ff5661d04770523a9b2eae889323bcc38695,708,1771666310000000000
/bio/projects/katamari/data/CHAMMI-75/train/idr0009/0027-20--2005-09-21.ome.zarr/P/7/0/0/zarr.json,True,current_source_metadata,375655a547597daad7218f1257c4ff5661d04770523a9b2eae889323bcc38695,708,1771665051000000000
/bio/projects/katamari/data/CHAMMI-75/train/idr0009/0045-13--2005-09-08.ome.zarr/D/5/0/0/zarr.json,True,current_source_metadata,375655a547597daad7218f1257c4ff5661d04770523a9b2eae889323bcc38695,708,1771665274000000000
/bio/projects/katamari/data/CHAMMI-75/train/idr0009/0049-20--2005-10-13.ome.zarr/D/23/0/0/zarr.json,True,current_source_metadata,375655a547597daad7218f1257c4ff5661d04770523a9b2eae889323bcc38695,708,1771665121000000000
/bio/projects/katamari/data/CHAMMI-75/train/idr0009/0061-23--2006-02-12.ome.zarr/B/17/0/0/zarr.json,True,current_source_metadata,375655a547597daad7218f1257c4ff5661d04770523a9b2eae889323bcc38695,708,1771665417000000000
/bio/projects/katamari/data/CHAMMI-75/train/idr0009/0065-10--2006-01-06.ome.zarr/N/7/0/0/zarr.json,True,current_source_metadata,375655a547597daad7218f1257c4ff5661d04770523a9b2eae889323bcc38695,708,1771665201000000000
/bio/projects/katamari/data/CHAMMI-75/train/idr0009/0072-18--2006-01-09.ome.zarr/O/17/0/0/zarr.json,True,current_source_metadata,375655a547597daad7218f1257c4ff5661d04770523a9b2eae889323bcc38695,708,1771665221000000000
/bio/projects/katamari/data/CHAMMI-75/train/idr0009/0078-22--2006-02-23.ome.zarr/P/20/0/0/zarr.json,True,current_source_metadata,375655a547597daad7218f1257c4ff5661d04770523a9b2eae889323bcc38695,708,1771665155000000000
/bio/projects/katamari/data/CHAMMI-75/train/idr0009/0081-15--2006-01-23.ome.zarr/M/10/0/0/zarr.json,True,current_source_metadata,375655a547597daad7218f1257c4ff5661d04770523a9b2eae889323bcc38695,708,1771665392000000000
/bio/projects/katamari/data/CHAMMI-75/train/idr0009/0082-19--2006-05-02.ome.zarr/H/19/0/0/zarr.json,True,current_source_metadata,375655a547597daad7218f1257c4ff5661d04770523a9b2eae889323bcc38695,708,1771665348000000000
/bio/projects/katamari/data/CHAMMI-75/train/idr0009/0090-22--2006-02-24.ome.zarr/A/13/0/0/zarr.json,True,current_source_metadata,375655a547597daad7218f1257c4ff5661d04770523a9b2eae889323bcc38695,708,1771665333000000000
/bio/projects/katamari/data/CHAMMI-75/train/idr0009/0093-35--2006-03-04.ome.zarr/B/24/0/0/zarr.json,True,current_source_metadata,375655a547597daad7218f1257c4ff5661d04770523a9b2eae889323bcc38695,708,1771665064000000000
/bio/projects/katamari/data/CHAMMI-75/train/idr0009/0095-30--2006-02-17.ome.zarr/F/5/0/0/zarr.json,True,current_source_metadata,375655a547597daad7218f1257c4ff5661d04770523a9b2eae889323bcc38695,708,1771665340000000000
/bio/projects/katamari/data/CHAMMI-75/train/idr0009/0100-08--2006-03-06.ome.zarr/G/1/0/0/zarr.json,True,current_source_metadata,375655a547597daad7218f1257c4ff5661d04770523a9b2eae889323bcc38695,708,1771665092000000000
/bio/projects/katamari/data/CHAMMI-75/train/idr0009/0110-03--2006-02-08.ome.zarr/H/20/0/0/zarr.json,True,current_source_metadata,375655a547597daad7218f1257c4ff5661d04770523a9b2eae889323bcc38695,708,1771665248000000000
/bio/projects/katamari/data/CHAMMI-75/train/idr0009/0122-12--2006-05-20.ome.zarr/G/14/0/0/zarr.json,True,current_source_metadata,375655a547597daad7218f1257c4ff5661d04770523a9b2eae889323bcc38695,708,1771665219000000000
/bio/projects/katamari/data/CHAMMI-75/train/idr0009/0141-46--2006-01-03.ome.zarr/N/11/0/0/zarr.json,True,current_source_metadata,375655a547597daad7218f1257c4ff5661d04770523a9b2eae889323bcc38695,708,1771665442000000000
/bio/projects/katamari/data/CHAMMI-75/train/idr0009/0145-28--2006-03-07.ome.zarr/B/20/0/0/zarr.json,True,current_source_metadata,375655a547597daad7218f1257c4ff5661d04770523a9b2eae889323bcc38695,708,1771665217000000000
/bio/projects/katamari/data/CHAMMI-75/train/idr0009/0148-32--2006-02-01.ome.zarr/C/12/0/0/zarr.json,True,current_source_metadata,375655a547597daad7218f1257c4ff5661d04770523a9b2eae889323bcc38695,708,1771665379000000000
/bio/projects/katamari/data/CHAMMI-75/train/idr0009/0309-10--2007-05-31.ome.zarr/E/17/0/0/zarr.json,True,current_source_metadata,375655a547597daad7218f1257c4ff5661d04770523a9b2eae889323bcc38695,708,1771665452000000000
/bio/projects/katamari/data/CHAMMI-75/train/idr0009/0311-12--2007-06-03.ome.zarr/L/19/0/0/zarr.json,True,current_source_metadata,375655a547597daad7218f1257c4ff5661d04770523a9b2eae889323bcc38695,708,1771665406000000000
/bio/projects/katamari/data/CHAMMI-75/train/idr0010/104-13.ome.zarr/C/24/0/0/zarr.json,True,current_source_metadata,6a6ddcff65a800207cc3b53ac7d0db35d739847bfd0428e08d938ea8ccbbcdd0,704,1771665612000000000
/bio/projects/katamari/data/CHAMMI-75/train/idr0010/126-12.ome.zarr/F/21/0/0/zarr.json,True,current_source_metadata,6a6ddcff65a800207cc3b53ac7d0db35d739847bfd0428e08d938ea8ccbbcdd0,704,1771665445000000000
/bio/projects/katamari/data/CHAMMI-75/train/idr0010/3-11.ome.zarr/J/8/0/0/zarr.json,True,current_source_metadata,6a6ddcff65a800207cc3b53ac7d0db35d739847bfd0428e08d938ea8ccbbcdd0,704,1771665371000000000
/bio/projects/katamari/data/CHAMMI-75/train/idr0010/38-21.ome.zarr/L/11/0/0/zarr.json,True,current_source_metadata,6a6ddcff65a800207cc3b53ac7d0db35d739847bfd0428e08d938ea8ccbbcdd0,704,1771665168000000000
/bio/projects/katamari/data/CHAMMI-75/train/idr0010/96-14.ome.zarr/D/27/0/0/zarr.json,True,current_source_metadata,6a6ddcff65a800207cc3b53ac7d0db35d739847bfd0428e08d938ea8ccbbcdd0,704,1771665844000000000
/bio/projects/katamari/data/CHAMMI-75/train/idr0011/Plate1-Blue-A.ome.zarr/E/2/0/0/zarr.json,True,current_source_metadata,c652ac6f372be478fd9497bbc3a834aa0a265828fc43287b7776dc9eebf14e5b,704,1771664671000000000
/bio/projects/katamari/data/CHAMMI-75/train/idr0011/Plate4-Green-B.ome.zarr/B/8/1/0/zarr.json,True,current_source_metadata,c652ac6f372be478fd9497bbc3a834aa0a265828fc43287b7776dc9eebf14e5b,704,1771665505000000000
/bio/projects/katamari/data/CHAMMI-75/train/idr0011/Plate5-Red-B.ome.zarr/D/3/2/0/zarr.json,True,current_source_metadata,c652ac6f372be478fd9497bbc3a834aa0a265828fc43287b7776dc9eebf14e5b,704,1771665534000000000
/bio/projects/katamari/data/CHAMMI-75/train/idr0012/HT01.ome.zarr/O/12/0/0/zarr.json,True,current_source_metadata,375655a547597daad7218f1257c4ff5661d04770523a9b2eae889323bcc38695,708,1771663516000000000
/bio/projects/katamari/data/CHAMMI-75/train/idr0012/HT02.ome.zarr/D/9/0/0/zarr.json,True,current_source_metadata,375655a547597daad7218f1257c4ff5661d04770523a9b2eae889323bcc38695,708,1771663718000000000
/bio/projects/katamari/data/CHAMMI-75/train/idr0012/HT05.ome.zarr/G/20/0/0/zarr.json,True,current_source_metadata,375655a547597daad7218f1257c4ff5661d04770523a9b2eae889323bcc38695,708,1771663368000000000
/bio/projects/katamari/data/CHAMMI-75/train/idr0012/HT15.ome.zarr/C/22/1/0/zarr.json,True,current_source_metadata,375655a547597daad7218f1257c4ff5661d04770523a9b2eae889323bcc38695,708,1771663594000000000
/bio/projects/katamari/data/CHAMMI-75/train/idr0012/HT22.ome.zarr/G/10/0/0/zarr.json,True,current_source_metadata,375655a547597daad7218f1257c4ff5661d04770523a9b2eae889323bcc38695,708,1771645909000000000
/bio/projects/katamari/data/CHAMMI-75/train/idr0012/HT49.ome.zarr/N/24/0/0/zarr.json,True,current_source_metadata,375655a547597daad7218f1257c4ff5661d04770523a9b2eae889323bcc38695,708,1771663666000000000
/bio/projects/katamari/data/CHAMMI-75/train/idr0012/HT60.ome.zarr/O/22/0/0/zarr.json,True,current_source_metadata,375655a547597daad7218f1257c4ff5661d04770523a9b2eae889323bcc38695,708,1771663393000000000
/bio/projects/katamari/data/CHAMMI-75/train/idr0013/LT0001_09.ome.zarr/J/1/3/0/zarr.json,True,current_source_metadata,5267b16590feadb11f0b825594ca45fa2890fcf72eebcc102d26dc8137d6944a,708,1771664507000000000
/bio/projects/katamari/data/CHAMMI-75/train/idr0013/LT0001_12.ome.zarr/M/23/0/0/zarr.json,True,current_source_metadata,5267b16590feadb11f0b825594ca45fa2890fcf72eebcc102d26dc8137d6944a,708,1771664329000000000
/bio/projects/katamari/data/CHAMMI-75/train/idr0013/LT0008_14.ome.zarr/P/16/0/0/zarr.json,True,current_source_metadata,5267b16590feadb11f0b825594ca45fa2890fcf72eebcc102d26dc8137d6944a,708,1771664372000000000
/bio/projects/katamari/data/CHAMMI-75/train/idr0013/LT0010_26.ome.zarr/E/17/0/0/zarr.json,True,current_source_metadata,5267b16590feadb11f0b825594ca45fa2890fcf72eebcc102d26dc8137d6944a,708,1771664529000000000
/bio/projects/katamari/data/CHAMMI-75/train/idr0013/LT0020_04.ome.zarr/M/19/0/0/zarr.json,True,current_source_metadata,5267b16590feadb11f0b825594ca45fa2890fcf72eebcc102d26dc8137d6944a,708,1771664249000000000
/bio/projects/katamari/data/CHAMMI-75/train/idr0013/LT0026_21.ome.zarr/F/13/0/0/zarr.json,True,current_source_metadata,5267b16590feadb11f0b825594ca45fa2890fcf72eebcc102d26dc8137d6944a,708,1771664314000000000
/bio/projects/katamari/data/CHAMMI-75/train/idr0013/LT0030_04.ome.zarr/M/5/0/0/zarr.json,True,current_source_metadata,5267b16590feadb11f0b825594ca45fa2890fcf72eebcc102d26dc8137d6944a,708,1771644828000000000
/bio/projects/katamari/data/CHAMMI-75/train/idr0013/LT0031_51.ome.zarr/L/5/1/0/zarr.json,True,current_source_metadata,5267b16590feadb11f0b825594ca45fa2890fcf72eebcc102d26dc8137d6944a,708,1771664334000000000
/bio/projects/katamari/data/CHAMMI-75/train/idr0013/LT0037_46.ome.zarr/J/24/1/0/zarr.json,True,current_source_metadata,5267b16590feadb11f0b825594ca45fa2890fcf72eebcc102d26dc8137d6944a,708,1771664311000000000
/bio/projects/katamari/data/CHAMMI-75/train/idr0013/LT0062_07.ome.zarr/F/6/1/0/zarr.json,True,current_source_metadata,5267b16590feadb11f0b825594ca45fa2890fcf72eebcc102d26dc8137d6944a,708,1771664541000000000
/bio/projects/katamari/data/CHAMMI-75/train/idr0013/LT0063_01.ome.zarr/A/11/0/0/zarr.json,True,current_source_metadata,5267b16590feadb11f0b825594ca45fa2890fcf72eebcc102d26dc8137d6944a,708,1771664735000000000
/bio/projects/katamari/data/CHAMMI-75/train/idr0013/LT0069_41.ome.zarr/J/13/1/0/zarr.json,True,current_source_metadata,5267b16590feadb11f0b825594ca45fa2890fcf72eebcc102d26dc8137d6944a,708,1771664387000000000
/bio/projects/katamari/data/CHAMMI-75/train/idr0013/LT0074_18.ome.zarr/G/7/1/0/zarr.json,True,current_source_metadata,5267b16590feadb11f0b825594ca45fa2890fcf72eebcc102d26dc8137d6944a,708,1771664699000000000
/bio/projects/katamari/data/CHAMMI-75/train/idr0013/LT0079_13.ome.zarr/B/5/0/0/zarr.json,True,current_source_metadata,5267b16590feadb11f0b825594ca45fa2890fcf72eebcc102d26dc8137d6944a,708,1771664510000000000
/bio/projects/katamari/data/CHAMMI-75/train/idr0013/LT0081_02.ome.zarr/E/2/1/0/zarr.json,True,current_source_metadata,5267b16590feadb11f0b825594ca45fa2890fcf72eebcc102d26dc8137d6944a,708,1771664635000000000
/bio/projects/katamari/data/CHAMMI-75/train/idr0013/LT0087_35.ome.zarr/J/24/1/0/zarr.json,True,current_source_metadata,5267b16590feadb11f0b825594ca45fa2890fcf72eebcc102d26dc8137d6944a,708,1771664495000000000
/bio/projects/katamari/data/CHAMMI-75/train/idr0013/LT0092_15.ome.zarr/M/4/1/0/zarr.json,True,current_source_metadata,5267b16590feadb11f0b825594ca45fa2890fcf72eebcc102d26dc8137d6944a,708,1771664410000000000
/bio/projects/katamari/data/CHAMMI-75/train/idr0013/LT0093_17.ome.zarr/E/12/0/0/zarr.json,True,current_source_metadata,5267b16590feadb11f0b825594ca45fa2890fcf72eebcc102d26dc8137d6944a,708,1771664438000000000
/bio/projects/katamari/data/CHAMMI-75/train/idr0013/LT0094_44.ome.zarr/B/7/0/0/zarr.json,True,current_source_metadata,5267b16590feadb11f0b825594ca45fa2890fcf72eebcc102d26dc8137d6944a,708,1771664601000000000
/bio/projects/katamari/data/CHAMMI-75/train/idr0013/LT0094_44.ome.zarr/P/19/1/0/zarr.json,True,current_source_metadata,5267b16590feadb11f0b825594ca45fa2890fcf72eebcc102d26dc8137d6944a,708,1771664611000000000
/bio/projects/katamari/data/CHAMMI-75/train/idr0013/LT0096_29.ome.zarr/O/6/0/0/zarr.json,True,current_source_metadata,5267b16590feadb11f0b825594ca45fa2890fcf72eebcc102d26dc8137d6944a,708,1771664607000000000
/bio/projects/katamari/data/CHAMMI-75/train/idr0013/LT0096_33.ome.zarr/G/9/0/0/zarr.json,True,current_source_metadata,5267b16590feadb11f0b825594ca45fa2890fcf72eebcc102d26dc8137d6944a,708,1771664642000000000
/bio/projects/katamari/data/CHAMMI-75/train/idr0013/LT0096_33.ome.zarr/M/11/1/0/zarr.json,True,current_source_metadata,5267b16590feadb11f0b825594ca45fa2890fcf72eebcc102d26dc8137d6944a,708,1771664645000000000
/bio/projects/katamari/data/CHAMMI-75/train/idr0013/LT0101_15.ome.zarr/M/13/0/0/zarr.json,True,current_source_metadata,5267b16590feadb11f0b825594ca45fa2890fcf72eebcc102d26dc8137d6944a,708,1771664395000000000
/bio/projects/katamari/data/CHAMMI-75/train/idr0013/LT0105_07.ome.zarr/K/6/0/0/zarr.json,True,current_source_metadata,5267b16590feadb11f0b825594ca45fa2890fcf72eebcc102d26dc8137d6944a,708,1771664607000000000
/bio/projects/katamari/data/CHAMMI-75/train/idr0013/LT0121_41.ome.zarr/L/3/2/0/zarr.json,True,current_source_metadata,5267b16590feadb11f0b825594ca45fa2890fcf72eebcc102d26dc8137d6944a,708,1771664494000000000
/bio/projects/katamari/data/CHAMMI-75/train/idr0013/LT0122_51.ome.zarr/E/9/1/0/zarr.json,True,current_source_metadata,5267b16590feadb11f0b825594ca45fa2890fcf72eebcc102d26dc8137d6944a,708,1771664734000000000
/bio/projects/katamari/data/CHAMMI-75/train/idr0013/LT0122_55.ome.zarr/E/24/1/0/zarr.json,True,current_source_metadata,5267b16590feadb11f0b825594ca45fa2890fcf72eebcc102d26dc8137d6944a,708,1771664460000000000
/bio/projects/katamari/data/CHAMMI-75/train/idr0013/LT0125_03.ome.zarr/H/5/0/0/zarr.json,True,current_source_metadata,5267b16590feadb11f0b825594ca45fa2890fcf72eebcc102d26dc8137d6944a,708,1771664434000000000
/bio/projects/katamari/data/CHAMMI-75/train/idr0013/LT0134_06.ome.zarr/P/14/2/0/zarr.json,True,current_source_metadata,5267b16590feadb11f0b825594ca45fa2890fcf72eebcc102d26dc8137d6944a,708,1771664834000000000
/bio/projects/katamari/data/CHAMMI-75/train/idr0013/LT0136_21.ome.zarr/F/10/0/0/zarr.json,True,current_source_metadata,5267b16590feadb11f0b825594ca45fa2890fcf72eebcc102d26dc8137d6944a,708,1771664409000000000
/bio/projects/katamari/data/CHAMMI-75/train/idr0013/LT0137_01.ome.zarr/O/8/0/0/zarr.json,True,current_source_metadata,5267b16590feadb11f0b825594ca45fa2890fcf72eebcc102d26dc8137d6944a,708,1771664509000000000
/bio/projects/katamari/data/CHAMMI-75/train/idr0013/LT0139_08.ome.zarr/E/11/0/0/zarr.json,True,current_source_metadata,5267b16590feadb11f0b825594ca45fa2890fcf72eebcc102d26dc8137d6944a,708,1771664590000000000
/bio/projects/katamari/data/CHAMMI-75/train/idr0013/LT0140_10.ome.zarr/B/15/0/0/zarr.json,True,current_source_metadata,5267b16590feadb11f0b825594ca45fa2890fcf72eebcc102d26dc8137d6944a,708,1771664625000000000
/bio/projects/katamari/data/CHAMMI-75/train/idr0013/LT0146_06.ome.zarr/A/18/0/0/zarr.json,True,current_source_metadata,5267b16590feadb11f0b825594ca45fa2890fcf72eebcc102d26dc8137d6944a,708,1771664568000000000
/bio/projects/katamari/data/CHAMMI-75/train/idr0013/LT0149_05.ome.zarr/A/24/0/0/zarr.json,True,current_source_metadata,5267b16590feadb11f0b825594ca45fa2890fcf72eebcc102d26dc8137d6944a,708,1771664608000000000
/bio/projects/katamari/data/CHAMMI-75/train/idr0013/LT0153_08.ome.zarr/I/20/0/0/zarr.json,True,current_source_metadata,5267b16590feadb11f0b825594ca45fa2890fcf72eebcc102d26dc8137d6944a,708,1771664398000000000
/bio/projects/katamari/data/CHAMMI-75/train/idr0013/LT0601_03.ome.zarr/K/16/0/0/zarr.json,True,current_source_metadata,5267b16590feadb11f0b825594ca45fa2890fcf72eebcc102d26dc8137d6944a,708,1771664517000000000
/bio/projects/katamari/data/CHAMMI-75/train/idr0017/AKT1-_-_&_AKT2-_-_LOPAC_Plate_1_Replicate_1.ome.zarr/C/14/0/0/zarr.json,True,current_source_metadata,46de69c79992ad6070fdc56925b26bd75771932d1fe5f27c24ddd99465db3677,708,1771644614000000000
/bio/projects/katamari/data/CHAMMI-75/train/idr0017/AKT1-_-_&_AKT2-_-_LOPAC_Plate_1_Replicate_1.ome.zarr/E/20/0/0/zarr.json,True,current_source_metadata,46de69c79992ad6070fdc56925b26bd75771932d1fe5f27c24ddd99465db3677,708,1771644616000000000
/bio/projects/katamari/data/CHAMMI-75/train/idr0017/AKT1-_-_&_AKT2-_-_LOPAC_Plate_1_Replicate_1.ome.zarr/G/19/0/0/zarr.json,True,current_source_metadata,46de69c79992ad6070fdc56925b26bd75771932d1fe5f27c24ddd99465db3677,708,1771644618000000000
/bio/projects/katamari/data/CHAMMI-75/train/idr0017/AKT1-_-_&_AKT2-_-_LOPAC_Plate_1_Replicate_1.ome.zarr/N/12/2/0/zarr.json,True,current_source_metadata,46de69c79992ad6070fdc56925b26bd75771932d1fe5f27c24ddd99465db3677,708,1771644624000000000
/bio/projects/katamari/data/CHAMMI-75/train/idr0017/AKT1-_-_&_AKT2-_-_LOPAC_Plate_1_Replicate_1.ome.zarr/N/4/1/0/zarr.json,True,current_source_metadata,46de69c79992ad6070fdc56925b26bd75771932d1fe5f27c24ddd99465db3677,708,1771644625000000000
/bio/projects/katamari/data/CHAMMI-75/train/idr0017/AKT1-_-_&_AKT2-_-_LOPAC_Plate_1_Replicate_2.ome.zarr/A/19/0/0/zarr.json,True,current_source_metadata,46de69c79992ad6070fdc56925b26bd75771932d1fe5f27c24ddd99465db3677,708,1771644665000000000
/bio/projects/katamari/data/CHAMMI-75/train/idr0017/AKT1-_-_&_AKT2-_-_LOPAC_Plate_1_Replicate_2.ome.zarr/B/16/1/0/zarr.json,True,current_source_metadata,46de69c79992ad6070fdc56925b26bd75771932d1fe5f27c24ddd99465db3677,708,1771644666000000000
/bio/projects/katamari/data/CHAMMI-75/train/idr0017/AKT1-_-_&_AKT2-_-_LOPAC_Plate_1_Replicate_2.ome.zarr/E/4/0/0/zarr.json,True,current_source_metadata,46de69c79992ad6070fdc56925b26bd75771932d1fe5f27c24ddd99465db3677,708,1771644670000000000
/bio/projects/katamari/data/CHAMMI-75/train/idr0017/AKT1-_-_&_AKT2-_-_LOPAC_Plate_1_Replicate_2.ome.zarr/G/4/0/0/zarr.json,True,current_source_metadata,46de69c79992ad6070fdc56925b26bd75771932d1fe5f27c24ddd99465db3677,708,1771644672000000000
/bio/projects/katamari/data/CHAMMI-75/train/idr0017/AKT1-_-_&_AKT2-_-_LOPAC_Plate_1_Replicate_2.ome.zarr/K/5/2/0/zarr.json,True,current_source_metadata,46de69c79992ad6070fdc56925b26bd75771932d1fe5f27c24ddd99465db3677,708,1771644676000000000
/bio/projects/katamari/data/CHAMMI-75/train/idr0017/AKT1-_-_&_AKT2-_-_LOPAC_Plate_2_Replicate_1.ome.zarr/A/16/0/0/zarr.json,True,current_source_metadata,46de69c79992ad6070fdc56925b26bd75771932d1fe5f27c24ddd99465db3677,708,1771644626000000000
/bio/projects/katamari/data/CHAMMI-75/train/idr0017/AKT1-_-_&_AKT2-_-_LOPAC_Plate_2_Replicate_1.ome.zarr/F/18/0/0/zarr.json,True,current_source_metadata,46de69c79992ad6070fdc56925b26bd75771932d1fe5f27c24ddd99465db3677,708,1771644631000000000
/bio/projects/katamari/data/CHAMMI-75/train/idr0017/AKT1-_-_&_AKT2-_-_LOPAC_Plate_2_Replicate_1.ome.zarr/J/15/0/0/zarr.json,True,current_source_metadata,46de69c79992ad6070fdc56925b26bd75771932d1fe5f27c24ddd99465db3677,708,1771644635000000000
/bio/projects/katamari/data/CHAMMI-75/train/idr0017/AKT1-_-_&_AKT2-_-_LOPAC_Plate_2_Replicate_1.ome.zarr/L/14/1/0/zarr.json,True,current_source_metadata,46de69c79992ad6070fdc56925b26bd75771932d1fe5f27c24ddd99465db3677,708,1771644637000000000
/bio/projects/katamari/data/CHAMMI-75/train/idr0017/AKT1-_-_&_AKT2-_-_LOPAC_Plate_2_Replicate_1.ome.zarr/N/13/1/0/zarr.json,True,current_source_metadata,46de69c79992ad6070fdc56925b26bd75771932d1fe5f27c24ddd99465db3677,708,1771644638000000000
/bio/projects/katamari/data/CHAMMI-75/train/idr0017/AKT1-_-_&_AKT2-_-_LOPAC_Plate_2_Replicate_1.ome.zarr/N/7/2/0/zarr.json,True,current_source_metadata,46de69c79992ad6070fdc56925b26bd75771932d1fe5f27c24ddd99465db3677,708,1771644639000000000
/bio/projects/katamari/data/CHAMMI-75/train/idr0017/AKT1-_-_&_AKT2-_-_LOPAC_Plate_2_Replicate_1.ome.zarr/N/9/0/0/zarr.json,True,current_source_metadata,46de69c79992ad6070fdc56925b26bd75771932d1fe5f27c24ddd99465db3677,708,1771644639000000000
/bio/projects/katamari/data/CHAMMI-75/train/idr0017/AKT1-_-_&_AKT2-_-_LOPAC_Plate_2_Replicate_2.ome.zarr/A/9/0/0/zarr.json,True,current_source_metadata,46de69c79992ad6070fdc56925b26bd75771932d1fe5f27c24ddd99465db3677,708,1771644848000000000
/bio/projects/katamari/data/CHAMMI-75/train/idr0017/AKT1-_-_&_AKT2-_-_LOPAC_Plate_2_Replicate_2.ome.zarr/B/19/0/0/zarr.json,True,current_source_metadata,46de69c79992ad6070fdc56925b26bd75771932d1fe5f27c24ddd99465db3677,708,1771644849000000000
/bio/projects/katamari/data/CHAMMI-75/train/idr0017/AKT1-_-_&_AKT2-_-_LOPAC_Plate_2_Replicate_2.ome.zarr/J/20/0/0/zarr.json,True,current_source_metadata,46de69c79992ad6070fdc56925b26bd75771932d1fe5f27c24ddd99465db3677,708,1771644856000000000
/bio/projects/katamari/data/CHAMMI-75/train/idr0017/AKT1-_-_&_AKT2-_-_LOPAC_Plate_2_Replicate_2.ome.zarr/K/10/1/0/zarr.json,True,current_source_metadata,46de69c79992ad6070fdc56925b26bd75771932d1fe5f27c24ddd99465db3677,708,1771644856000000000
/bio/projects/katamari/data/CHAMMI-75/train/idr0017/AKT1-_-_&_AKT2-_-_LOPAC_Plate_2_Replicate_2.ome.zarr/N/14/0/0/zarr.json,True,current_source_metadata,46de69c79992ad6070fdc56925b26bd75771932d1fe5f27c24ddd99465db3677,708,1771644859000000000
/bio/projects/katamari/data/CHAMMI-75/train/idr0017/AKT1-_-_&_AKT2-_-_LOPAC_Plate_2_Replicate_2.ome.zarr/N/8/0/0/zarr.json,True,current_source_metadata,46de69c79992ad6070fdc56925b26bd75771932d1fe5f27c24ddd99465db3677,708,1771644860000000000
/bio/projects/katamari/data/CHAMMI-75/train/idr0017/AKT1-_-_&_AKT2-_-_LOPAC_Plate_3_Replicate_1.ome.zarr/J/12/0/0/zarr.json,True,current_source_metadata,46de69c79992ad6070fdc56925b26bd75771932d1fe5f27c24ddd99465db3677,708,1771644837000000000
/bio/projects/katamari/data/CHAMMI-75/train/idr0017/AKT1-_-_&_AKT2-_-_LOPAC_Plate_3_Replicate_1.ome.zarr/O/20/1/0/zarr.json,True,current_source_metadata,46de69c79992ad6070fdc56925b26bd75771932d1fe5f27c24ddd99465db3677,708,1771644843000000000
/bio/projects/katamari/data/CHAMMI-75/train/idr0017/AKT1-_-_&_AKT2-_-_LOPAC_Plate_3_Replicate_2.ome.zarr/A/10/0/0/zarr.json,True,current_source_metadata,46de69c79992ad6070fdc56925b26bd75771932d1fe5f27c24ddd99465db3677,708,1771644801000000000
/bio/projects/katamari/data/CHAMMI-75/train/idr0017/AKT1-_-_&_AKT2-_-_LOPAC_Plate_3_Replicate_2.ome.zarr/B/13/1/0/zarr.json,True,current_source_metadata,46de69c79992ad6070fdc56925b26bd75771932d1fe5f27c24ddd99465db3677,708,1771644802000000000
/bio/projects/katamari/data/CHAMMI-75/train/idr0017/AKT1-_-_&_AKT2-_-_LOPAC_Plate_3_Replicate_2.ome.zarr/I/15/1/0/zarr.json,True,current_source_metadata,46de69c79992ad6070fdc56925b26bd75771932d1fe5f27c24ddd99465db3677,708,1771644809000000000
/bio/projects/katamari/data/CHAMMI-75/train/idr0017/AKT1-_-_&_AKT2-_-_LOPAC_Plate_3_Replicate_2.ome.zarr/J/7/0/0/zarr.json,True,current_source_metadata,46de69c79992ad6070fdc56925b26bd75771932d1fe5f27c24ddd99465db3677,708,1771644811000000000
/bio/projects/katamari/data/CHAMMI-75/train/idr0017/AKT1-_-_&_AKT2-_-_LOPAC_Plate_3_Replicate_2.ome.zarr/L/10/0/0/zarr.json,True,current_source_metadata,46de69c79992ad6070fdc56925b26bd75771932d1fe5f27c24ddd99465db3677,708,1771644812000000000
/bio/projects/katamari/data/CHAMMI-75/train/idr0017/AKT1-_-_&_AKT2-_-_LOPAC_Plate_3_Replicate_2.ome.zarr/P/17/0/0/zarr.json,True,current_source_metadata,46de69c79992ad6070fdc56925b26bd75771932d1fe5f27c24ddd99465db3677,708,1771644817000000000
/bio/projects/katamari/data/CHAMMI-75/train/idr0017/AKT1-_-_&_AKT2-_-_LOPAC_Plate_4_Replicate_1.ome.zarr/D/10/0/0/zarr.json,True,current_source_metadata,46de69c79992ad6070fdc56925b26bd75771932d1fe5f27c24ddd99465db3677,708,1771644705000000000
/bio/projects/katamari/data/CHAMMI-75/train/idr0017/AKT1-_-_&_AKT2-_-_LOPAC_Plate_4_Replicate_1.ome.zarr/D/21/0/0/zarr.json,True,current_source_metadata,46de69c79992ad6070fdc56925b26bd75771932d1fe5f27c24ddd99465db3677,708,1771644706000000000
/bio/projects/katamari/data/CHAMMI-75/train/idr0017/AKT1-_-_&_AKT2-_-_LOPAC_Plate_4_Replicate_1.ome.zarr/H/9/2/0/zarr.json,True,current_source_metadata,46de69c79992ad6070fdc56925b26bd75771932d1fe5f27c24ddd99465db3677,708,1771644710000000000
/bio/projects/katamari/data/CHAMMI-75/train/idr0017/AKT1-_-_&_AKT2-_-_LOPAC_Plate_4_Replicate_1.ome.zarr/M/6/0/0/zarr.json,True,current_source_metadata,46de69c79992ad6070fdc56925b26bd75771932d1fe5f27c24ddd99465db3677,708,1771644715000000000
/bio/projects/katamari/data/CHAMMI-75/train/idr0017/AKT1-_-_&_AKT2-_-_LOPAC_Plate_4_Replicate_1.ome.zarr/P/14/1/0/zarr.json,True,current_source_metadata,46de69c79992ad6070fdc56925b26bd75771932d1fe5f27c24ddd99465db3677,708,1771644718000000000
/bio/projects/katamari/data/CHAMMI-75/train/idr0017/AKT1-_-_&_AKT2-_-_LOPAC_Plate_4_Replicate_2.ome.zarr/A/4/2/0/zarr.json,True,current_source_metadata,46de69c79992ad6070fdc56925b26bd75771932d1fe5f27c24ddd99465db3677,708,1771644614000000000
/bio/projects/katamari/data/CHAMMI-75/train/idr0017/AKT1-_-_&_AKT2-_-_LOPAC_Plate_4_Replicate_2.ome.zarr/G/17/0/0/zarr.json,True,current_source_metadata,46de69c79992ad6070fdc56925b26bd75771932d1fe5f27c24ddd99465db3677,708,1771644619000000000
/bio/projects/katamari/data/CHAMMI-75/train/idr0017/AKT1-_-_&_AKT2-_-_LOPAC_Plate_4_Replicate_2.ome.zarr/J/6/0/0/zarr.json,True,current_source_metadata,46de69c79992ad6070fdc56925b26bd75771932d1fe5f27c24ddd99465db3677,708,1771644623000000000
/bio/projects/katamari/data/CHAMMI-75/train/idr0017/AKT1-_-_&_AKT2-_-_LOPAC_Plate_4_Replicate_2.ome.zarr/L/16/0/0/zarr.json,True,current_source_metadata,46de69c79992ad6070fdc56925b26bd75771932d1fe5f27c24ddd99465db3677,708,1771644624000000000
/bio/projects/katamari/data/CHAMMI-75/train/idr0017/AKT1-_-_LOPAC_Plate_1_Replicate_1.ome.zarr/B/21/1/0/zarr.json,True,current_source_metadata,46de69c79992ad6070fdc56925b26bd75771932d1fe5f27c24ddd99465db3677,708,1771644704000000000
/bio/projects/katamari/data/CHAMMI-75/train/idr0017/AKT1-_-_LOPAC_Plate_1_Replicate_1.ome.zarr/J/4/0/0/zarr.json,True,current_source_metadata,46de69c79992ad6070fdc56925b26bd75771932d1fe5f27c24ddd99465db3677,708,1771644711000000000
/bio/projects/katamari/data/CHAMMI-75/train/idr0017/AKT1-_-_LOPAC_Plate_1_Replicate_1.ome.zarr/K/14/0/0/zarr.json,True,current_source_metadata,46de69c79992ad6070fdc56925b26bd75771932d1fe5f27c24ddd99465db3677,708,1771644712000000000
/bio/projects/katamari/data/CHAMMI-75/train/idr0017/AKT1-_-_LOPAC_Plate_1_Replicate_1.ome.zarr/O/9/1/0/zarr.json,True,current_source_metadata,46de69c79992ad6070fdc56925b26bd75771932d1fe5f27c24ddd99465db3677,708,1771644717000000000
/bio/projects/katamari/data/CHAMMI-75/train/idr0017/AKT1-_-_LOPAC_Plate_1_Replicate_1.ome.zarr/P/11/0/0/zarr.json,True,current_source_metadata,46de69c79992ad6070fdc56925b26bd75771932d1fe5f27c24ddd99465db3677,708,1771644717000000000
/bio/projects/katamari/data/CHAMMI-75/train/idr0017/AKT1-_-_LOPAC_Plate_1_Replicate_2.ome.zarr/B/9/1/0/zarr.json,True,current_source_metadata,46de69c79992ad6070fdc56925b26bd75771932d1fe5f27c24ddd99465db3677,708,1771644628000000000
/bio/projects/katamari/data/CHAMMI-75/train/idr0017/AKT1-_-_LOPAC_Plate_1_Replicate_2.ome.zarr/D/4/0/0/zarr.json,True,current_source_metadata,46de69c79992ad6070fdc56925b26bd75771932d1fe5f27c24ddd99465db3677,708,1771644630000000000
/bio/projects/katamari/data/CHAMMI-75/train/idr0017/AKT1-_-_LOPAC_Plate_1_Replicate_2.ome.zarr/G/5/0/0/zarr.json,True,current_source_metadata,46de69c79992ad6070fdc56925b26bd75771932d1fe5f27c24ddd99465db3677,708,1771644633000000000
/bio/projects/katamari/data/CHAMMI-75/train/idr0017/AKT1-_-_LOPAC_Plate_1_Replicate_2.ome.zarr/H/13/0/0/zarr.json,True,current_source_metadata,46de69c79992ad6070fdc56925b26bd75771932d1fe5f27c24ddd99465db3677,708,1771644633000000000
/bio/projects/katamari/data/CHAMMI-75/train/idr0017/AKT1-_-_LOPAC_Plate_1_Replicate_2.ome.zarr/H/6/1/0/zarr.json,True,current_source_metadata,46de69c79992ad6070fdc56925b26bd75771932d1fe5f27c24ddd99465db3677,708,1771644634000000000
/bio/projects/katamari/data/CHAMMI-75/train/idr0017/AKT1-_-_LOPAC_Plate_1_Replicate_2.ome.zarr/N/8/0/0/zarr.json,True,current_source_metadata,46de69c79992ad6070fdc56925b26bd75771932d1fe5f27c24ddd99465db3677,708,1771644640000000000
/bio/projects/katamari/data/CHAMMI-75/train/idr0017/AKT1-_-_LOPAC_Plate_1_Replicate_2.ome.zarr/O/15/2/0/zarr.json,True,current_source_metadata,46de69c79992ad6070fdc56925b26bd75771932d1fe5f27c24ddd99465db3677,708,1771644641000000000
/bio/projects/katamari/data/CHAMMI-75/train/idr0017/AKT1-_-_LOPAC_Plate_1_Replicate_2.ome.zarr/P/22/1/0/zarr.json,True,current_source_metadata,46de69c79992ad6070fdc56925b26bd75771932d1fe5f27c24ddd99465db3677,708,1771644642000000000
/bio/projects/katamari/data/CHAMMI-75/train/idr0017/AKT1-_-_LOPAC_Plate_2_Replicate_1.ome.zarr/B/13/2/0/zarr.json,True,current_source_metadata,46de69c79992ad6070fdc56925b26bd75771932d1fe5f27c24ddd99465db3677,708,1771644806000000000
/bio/projects/katamari/data/CHAMMI-75/train/idr0017/AKT1-_-_LOPAC_Plate_2_Replicate_1.ome.zarr/B/7/0/0/zarr.json,True,current_source_metadata,46de69c79992ad6070fdc56925b26bd75771932d1fe5f27c24ddd99465db3677,708,1771644807000000000
/bio/projects/katamari/data/CHAMMI-75/train/idr0017/AKT1-_-_LOPAC_Plate_2_Replicate_1.ome.zarr/C/17/0/0/zarr.json,True,current_source_metadata,46de69c79992ad6070fdc56925b26bd75771932d1fe5f27c24ddd99465db3677,708,1771644807000000000
/bio/projects/katamari/data/CHAMMI-75/train/idr0017/AKT1-_-_LOPAC_Plate_2_Replicate_1.ome.zarr/F/13/0/0/zarr.json,True,current_source_metadata,46de69c79992ad6070fdc56925b26bd75771932d1fe5f27c24ddd99465db3677,708,1771644810000000000
/bio/projects/katamari/data/CHAMMI-75/train/idr0017/AKT1-_-_LOPAC_Plate_2_Replicate_1.ome.zarr/N/8/2/0/zarr.json,True,current_source_metadata,46de69c79992ad6070fdc56925b26bd75771932d1fe5f27c24ddd99465db3677,708,1771644817000000000
/bio/projects/katamari/data/CHAMMI-75/train/idr0017/AKT1-_-_LOPAC_Plate_2_Replicate_1.ome.zarr/P/12/2/0/zarr.json,True,current_source_metadata,46de69c79992ad6070fdc56925b26bd75771932d1fe5f27c24ddd99465db3677,708,1771644819000000000
/bio/projects/katamari/data/CHAMMI-75/train/idr0017/AKT1-_-_LOPAC_Plate_2_Replicate_1.ome.zarr/P/4/0/0/zarr.json,True,current_source_metadata,46de69c79992ad6070fdc56925b26bd75771932d1fe5f27c24ddd99465db3677,708,1771644820000000000
/bio/projects/katamari/data/CHAMMI-75/train/idr0017/AKT1-_-_LOPAC_Plate_2_Replicate_2.ome.zarr/C/10/3/0/zarr.json,True,current_source_metadata,46de69c79992ad6070fdc56925b26bd75771932d1fe5f27c24ddd99465db3677,708,1771644707000000000
/bio/projects/katamari/data/CHAMMI-75/train/idr0017/AKT1-_-_LOPAC_Plate_2_Replicate_2.ome.zarr/C/15/2/0/zarr.json,True,current_source_metadata,46de69c79992ad6070fdc56925b26bd75771932d1fe5f27c24ddd99465db3677,708,1771644707000000000
/bio/projects/katamari/data/CHAMMI-75/train/idr0017/AKT1-_-_LOPAC_Plate_2_Replicate_2.ome.zarr/H/16/0/0/zarr.json,True,current_source_metadata,46de69c79992ad6070fdc56925b26bd75771932d1fe5f27c24ddd99465db3677,708,1771644712000000000
/bio/projects/katamari/data/CHAMMI-75/train/idr0017/AKT1-_-_LOPAC_Plate_2_Replicate_2.ome.zarr/O/14/1/0/zarr.json,True,current_source_metadata,46de69c79992ad6070fdc56925b26bd75771932d1fe5f27c24ddd99465db3677,708,1771644719000000000
/bio/projects/katamari/data/CHAMMI-75/train/idr0017/AKT1-_-_LOPAC_Plate_2_Replicate_2.ome.zarr/P/14/3/0/zarr.json,True,current_source_metadata,46de69c79992ad6070fdc56925b26bd75771932d1fe5f27c24ddd99465db3677,708,1771644720000000000
/bio/projects/katamari/data/CHAMMI-75/train/idr0017/AKT1-_-_LOPAC_Plate_2_Replicate_2.ome.zarr/P/7/2/0/zarr.json,True,current_source_metadata,46de69c79992ad6070fdc56925b26bd75771932d1fe5f27c24ddd99465db3677,708,1771644721000000000
/bio/projects/katamari/data/CHAMMI-75/train/idr0017/AKT1-_-_LOPAC_Plate_3_Replicate_1.ome.zarr/D/7/2/0/zarr.json,True,current_source_metadata,46de69c79992ad6070fdc56925b26bd75771932d1fe5f27c24ddd99465db3677,708,1771644809000000000
/bio/projects/katamari/data/CHAMMI-75/train/idr0017/AKT1-_-_LOPAC_Plate_3_Replicate_1.ome.zarr/F/22/1/0/zarr.json,True,current_source_metadata,46de69c79992ad6070fdc56925b26bd75771932d1fe5f27c24ddd99465db3677,708,1771644810000000000
/bio/projects/katamari/data/CHAMMI-75/train/idr0017/AKT1-_-_LOPAC_Plate_3_Replicate_1.ome.zarr/O/13/1/0/zarr.json,True,current_source_metadata,46de69c79992ad6070fdc56925b26bd75771932d1fe5f27c24ddd99465db3677,708,1771644817000000000
/bio/projects/katamari/data/CHAMMI-75/train/idr0017/AKT1-_-_LOPAC_Plate_3_Replicate_2.ome.zarr/B/7/1/0/zarr.json,True,current_source_metadata,46de69c79992ad6070fdc56925b26bd75771932d1fe5f27c24ddd99465db3677,708,1771644792000000000
/bio/projects/katamari/data/CHAMMI-75/train/idr0017/AKT1-_-_LOPAC_Plate_3_Replicate_2.ome.zarr/C/17/2/0/zarr.json,True,current_source_metadata,46de69c79992ad6070fdc56925b26bd75771932d1fe5f27c24ddd99465db3677,708,1771644792000000000
/bio/projects/katamari/data/CHAMMI-75/train/idr0017/AKT1-_-_LOPAC_Plate_3_Replicate_2.ome.zarr/C/6/0/0/zarr.json,True,current_source_metadata,46de69c79992ad6070fdc56925b26bd75771932d1fe5f27c24ddd99465db3677,708,1771644793000000000
/bio/projects/katamari/data/CHAMMI-75/train/idr0017/AKT1-_-_LOPAC_Plate_3_Replicate_2.ome.zarr/H/20/0/0/zarr.json,True,current_source_metadata,46de69c79992ad6070fdc56925b26bd75771932d1fe5f27c24ddd99465db3677,708,1771644797000000000
/bio/projects/katamari/data/CHAMMI-75/train/idr0017/AKT1-_-_LOPAC_Plate_3_Replicate_2.ome.zarr/J/13/1/0/zarr.json,True,current_source_metadata,46de69c79992ad6070fdc56925b26bd75771932d1fe5f27c24ddd99465db3677,708,1771644799000000000
/bio/projects/katamari/data/CHAMMI-75/train/idr0017/AKT1-_-_LOPAC_Plate_4_Replicate_1.ome.zarr/A/20/2/0/zarr.json,True,current_source_metadata,46de69c79992ad6070fdc56925b26bd75771932d1fe5f27c24ddd99465db3677,708,1771644667000000000
/bio/projects/katamari/data/CHAMMI-75/train/idr0017/AKT1-_-_LOPAC_Plate_4_Replicate_1.ome.zarr/K/17/1/0/zarr.json,True,current_source_metadata,46de69c79992ad6070fdc56925b26bd75771932d1fe5f27c24ddd99465db3677,708,1771644676000000000
/bio/projects/katamari/data/CHAMMI-75/train/idr0017/AKT1-_-_LOPAC_Plate_4_Replicate_1.ome.zarr/L/16/0/0/zarr.json,True,current_source_metadata,46de69c79992ad6070fdc56925b26bd75771932d1fe5f27c24ddd99465db3677,708,1771644677000000000
/bio/projects/katamari/data/CHAMMI-75/train/idr0017/AKT1-_-_LOPAC_Plate_4_Replicate_1.ome.zarr/O/12/1/0/zarr.json,True,current_source_metadata,46de69c79992ad6070fdc56925b26bd75771932d1fe5f27c24ddd99465db3677,708,1771644679000000000
/bio/projects/katamari/data/CHAMMI-75/train/idr0017/AKT1-_-_LOPAC_Plate_4_Replicate_1.ome.zarr/P/19/0/0/zarr.json,True,current_source_metadata,46de69c79992ad6070fdc56925b26bd75771932d1fe5f27c24ddd99465db3677,708,1771644681000000000
/bio/projects/katamari/data/CHAMMI-75/train/idr0017/AKT1-_-_LOPAC_Plate_4_Replicate_2.ome.zarr/E/11/0/0/zarr.json,True,current_source_metadata,46de69c79992ad6070fdc56925b26bd75771932d1fe5f27c24ddd99465db3677,708,1771644708000000000
/bio/projects/katamari/data/CHAMMI-75/train/idr0017/AKT1-_-_LOPAC_Plate_4_Replicate_2.ome.zarr/E/15/1/0/zarr.json,True,current_source_metadata,46de69c79992ad6070fdc56925b26bd75771932d1fe5f27c24ddd99465db3677,708,1771644709000000000
/bio/projects/katamari/data/CHAMMI-75/train/idr0017/AKT1-_-_LOPAC_Plate_4_Replicate_2.ome.zarr/N/21/0/0/zarr.json,True,current_source_metadata,46de69c79992ad6070fdc56925b26bd75771932d1fe5f27c24ddd99465db3677,708,1771644717000000000
/bio/projects/katamari/data/CHAMMI-75/train/idr0017/AKT1-_-_LOPAC_Plate_4_Replicate_2.ome.zarr/O/6/0/0/zarr.json,True,current_source_metadata,46de69c79992ad6070fdc56925b26bd75771932d1fe5f27c24ddd99465db3677,708,1771644718000000000
/bio/projects/katamari/data/CHAMMI-75/train/idr0017/BAX-_-_LOPAC_Plate_1_Replicate_1.ome.zarr/H/20/0/0/zarr.json,True,current_source_metadata,46de69c79992ad6070fdc56925b26bd75771932d1fe5f27c24ddd99465db3677,708,1771644680000000000
/bio/projects/katamari/data/CHAMMI-75/train/idr0017/BAX-_-_LOPAC_Plate_1_Replicate_1.ome.zarr/J/12/1/0/zarr.json,True,current_source_metadata,46de69c79992ad6070fdc56925b26bd75771932d1fe5f27c24ddd99465db3677,708,1771644682000000000
/bio/projects/katamari/data/CHAMMI-75/train/idr0017/BAX-_-_LOPAC_Plate_1_Replicate_1.ome.zarr/L/4/3/0/zarr.json,True,current_source_metadata,46de69c79992ad6070fdc56925b26bd75771932d1fe5f27c24ddd99465db3677,708,1771644685000000000
/bio/projects/katamari/data/CHAMMI-75/train/idr0017/BAX-_-_LOPAC_Plate_1_Replicate_1.ome.zarr/P/22/0/0/zarr.json,True,current_source_metadata,46de69c79992ad6070fdc56925b26bd75771932d1fe5f27c24ddd99465db3677,708,1771644689000000000
/bio/projects/katamari/data/CHAMMI-75/train/idr0017/BAX-_-_LOPAC_Plate_1_Replicate_1.ome.zarr/P/7/0/0/zarr.json,True,current_source_metadata,46de69c79992ad6070fdc56925b26bd75771932d1fe5f27c24ddd99465db3677,708,1771644690000000000
/bio/projects/katamari/data/CHAMMI-75/train/idr0017/BAX-_-_LOPAC_Plate_1_Replicate_2.ome.zarr/A/17/1/0/zarr.json,True,current_source_metadata,46de69c79992ad6070fdc56925b26bd75771932d1fe5f27c24ddd99465db3677,708,1771644792000000000
/bio/projects/katamari/data/CHAMMI-75/train/idr0017/BAX-_-_LOPAC_Plate_1_Replicate_2.ome.zarr/D/19/2/0/zarr.json,True,current_source_metadata,46de69c79992ad6070fdc56925b26bd75771932d1fe5f27c24ddd99465db3677,708,1771644795000000000
/bio/projects/katamari/data/CHAMMI-75/train/idr0017/BAX-_-_LOPAC_Plate_1_Replicate_2.ome.zarr/D/5/0/0/zarr.json,True,current_source_metadata,46de69c79992ad6070fdc56925b26bd75771932d1fe5f27c24ddd99465db3677,708,1771644796000000000
/bio/projects/katamari/data/CHAMMI-75/train/idr0017/BAX-_-_LOPAC_Plate_1_Replicate_2.ome.zarr/G/17/0/0/zarr.json,True,current_source_metadata,46de69c79992ad6070fdc56925b26bd75771932d1fe5f27c24ddd99465db3677,708,1771644798000000000
/bio/projects/katamari/data/CHAMMI-75/train/idr0017/BAX-_-_LOPAC_Plate_1_Replicate_2.ome.zarr/I/9/2/0/zarr.json,True,current_source_metadata,46de69c79992ad6070fdc56925b26bd75771932d1fe5f27c24ddd99465db3677,708,1771644801000000000
/bio/projects/katamari/data/CHAMMI-75/train/idr0017/BAX-_-_LOPAC_Plate_2_Replicate_1.ome.zarr/H/3/0/0/zarr.json,True,current_source_metadata,46de69c79992ad6070fdc56925b26bd75771932d1fe5f27c24ddd99465db3677,708,1771644625000000000
/bio/projects/katamari/data/CHAMMI-75/train/idr0017/BAX-_-_LOPAC_Plate_2_Replicate_1.ome.zarr/H/5/1/0/zarr.json,True,current_source_metadata,46de69c79992ad6070fdc56925b26bd75771932d1fe5f27c24ddd99465db3677,708,1771644625000000000
/bio/projects/katamari/data/CHAMMI-75/train/idr0017/BAX-_-_LOPAC_Plate_2_Replicate_1.ome.zarr/I/7/1/0/zarr.json,True,current_source_metadata,46de69c79992ad6070fdc56925b26bd75771932d1fe5f27c24ddd99465db3677,708,1771644626000000000
/bio/projects/katamari/data/CHAMMI-75/train/idr0017/BAX-_-_LOPAC_Plate_2_Replicate_1.ome.zarr/M/16/1/0/zarr.json,True,current_source_metadata,46de69c79992ad6070fdc56925b26bd75771932d1fe5f27c24ddd99465db3677,708,1771644630000000000
/bio/projects/katamari/data/CHAMMI-75/train/idr0017/BAX-_-_LOPAC_Plate_2_Replicate_2.ome.zarr/F/15/0/0/zarr.json,True,current_source_metadata,46de69c79992ad6070fdc56925b26bd75771932d1fe5f27c24ddd99465db3677,708,1771644636000000000
/bio/projects/katamari/data/CHAMMI-75/train/idr0017/BAX-_-_LOPAC_Plate_2_Replicate_2.ome.zarr/F/16/2/0/zarr.json,True,current_source_metadata,46de69c79992ad6070fdc56925b26bd75771932d1fe5f27c24ddd99465db3677,708,1771644636000000000
/bio/projects/katamari/data/CHAMMI-75/train/idr0017/BAX-_-_LOPAC_Plate_2_Replicate_2.ome.zarr/F/3/2/0/zarr.json,True,current_source_metadata,46de69c79992ad6070fdc56925b26bd75771932d1fe5f27c24ddd99465db3677,708,1771644637000000000
/bio/projects/katamari/data/CHAMMI-75/train/idr0017/BAX-_-_LOPAC_Plate_2_Replicate_2.ome.zarr/H/14/1/0/zarr.json,True,current_source_metadata,46de69c79992ad6070fdc56925b26bd75771932d1fe5f27c24ddd99465db3677,708,1771644638000000000
/bio/projects/katamari/data/CHAMMI-75/train/idr0017/BAX-_-_LOPAC_Plate_2_Replicate_2.ome.zarr/O/5/3/0/zarr.json,True,current_source_metadata,46de69c79992ad6070fdc56925b26bd75771932d1fe5f27c24ddd99465db3677,708,1771644645000000000
/bio/projects/katamari/data/CHAMMI-75/train/idr0017/BAX-_-_LOPAC_Plate_2_Replicate_2.ome.zarr/O/7/1/0/zarr.json,True,current_source_metadata,46de69c79992ad6070fdc56925b26bd75771932d1fe5f27c24ddd99465db3677,708,1771644645000000000
/bio/projects/katamari/data/CHAMMI-75/train/idr0017/BAX-_-_LOPAC_Plate_3_Replicate_1.ome.zarr/E/16/1/0/zarr.json,True,current_source_metadata,46de69c79992ad6070fdc56925b26bd75771932d1fe5f27c24ddd99465db3677,708,1771644835000000000
/bio/projects/katamari/data/CHAMMI-75/train/idr0017/BAX-_-_LOPAC_Plate_3_Replicate_1.ome.zarr/G/13/1/0/zarr.json,True,current_source_metadata,46de69c79992ad6070fdc56925b26bd75771932d1fe5f27c24ddd99465db3677,708,1771644837000000000
/bio/projects/katamari/data/CHAMMI-75/train/idr0017/BAX-_-_LOPAC_Plate_3_Replicate_1.ome.zarr/L/12/1/0/zarr.json,True,current_source_metadata,46de69c79992ad6070fdc56925b26bd75771932d1fe5f27c24ddd99465db3677,708,1771644841000000000
/bio/projects/katamari/data/CHAMMI-75/train/idr0017/BAX-_-_LOPAC_Plate_3_Replicate_1.ome.zarr/O/3/1/0/zarr.json,True,current_source_metadata,46de69c79992ad6070fdc56925b26bd75771932d1fe5f27c24ddd99465db3677,708,1771644845000000000
/bio/projects/katamari/data/CHAMMI-75/train/idr0017/BAX-_-_LOPAC_Plate_3_Replicate_1.ome.zarr/P/5/2/0/zarr.json,True,current_source_metadata,46de69c79992ad6070fdc56925b26bd75771932d1fe5f27c24ddd99465db3677,708,1771644846000000000
/bio/projects/katamari/data/CHAMMI-75/train/idr0017/BAX-_-_LOPAC_Plate_3_Replicate_2.ome.zarr/C/19/0/0/zarr.json,True,current_source_metadata,46de69c79992ad6070fdc56925b26bd75771932d1fe5f27c24ddd99465db3677,708,1771644798000000000
/bio/projects/katamari/data/CHAMMI-75/train/idr0017/BAX-_-_LOPAC_Plate_3_Replicate_2.ome.zarr/G/19/2/0/zarr.json,True,current_source_metadata,46de69c79992ad6070fdc56925b26bd75771932d1fe5f27c24ddd99465db3677,708,1771644802000000000
/bio/projects/katamari/data/CHAMMI-75/train/idr0017/BAX-_-_LOPAC_Plate_3_Replicate_2.ome.zarr/J/20/0/0/zarr.json,True,current_source_metadata,46de69c79992ad6070fdc56925b26bd75771932d1fe5f27c24ddd99465db3677,708,1771644805000000000
/bio/projects/katamari/data/CHAMMI-75/train/idr0017/BAX-_-_LOPAC_Plate_3_Replicate_2.ome.zarr/J/7/0/0/zarr.json,True,current_source_metadata,46de69c79992ad6070fdc56925b26bd75771932d1fe5f27c24ddd99465db3677,708,1771644805000000000
/bio/projects/katamari/data/CHAMMI-75/train/idr0017/BAX-_-_LOPAC_Plate_3_Replicate_2.ome.zarr/N/18/0/0/zarr.json,True,current_source_metadata,46de69c79992ad6070fdc56925b26bd75771932d1fe5f27c24ddd99465db3677,708,1771644808000000000
/bio/projects/katamari/data/CHAMMI-75/train/idr0017/BAX-_-_LOPAC_Plate_4_Replicate_1.ome.zarr/C/21/1/0/zarr.json,True,current_source_metadata,46de69c79992ad6070fdc56925b26bd75771932d1fe5f27c24ddd99465db3677,708,1771644634000000000
/bio/projects/katamari/data/CHAMMI-75/train/idr0017/BAX-_-_LOPAC_Plate_4_Replicate_1.ome.zarr/C/4/1/0/zarr.json,True,current_source_metadata,46de69c79992ad6070fdc56925b26bd75771932d1fe5f27c24ddd99465db3677,708,1771644635000000000
/bio/projects/katamari/data/CHAMMI-75/train/idr0017/BAX-_-_LOPAC_Plate_4_Replicate_1.ome.zarr/D/7/1/0/zarr.json,True,current_source_metadata,46de69c79992ad6070fdc56925b26bd75771932d1fe5f27c24ddd99465db3677,708,1771644636000000000
/bio/projects/katamari/data/CHAMMI-75/train/idr0017/BAX-_-_LOPAC_Plate_4_Replicate_1.ome.zarr/H/16/1/0/zarr.json,True,current_source_metadata,46de69c79992ad6070fdc56925b26bd75771932d1fe5f27c24ddd99465db3677,708,1771644639000000000
/bio/projects/katamari/data/CHAMMI-75/train/idr0017/BAX-_-_LOPAC_Plate_4_Replicate_1.ome.zarr/L/16/2/0/zarr.json,True,current_source_metadata,46de69c79992ad6070fdc56925b26bd75771932d1fe5f27c24ddd99465db3677,708,1771644643000000000
/bio/projects/katamari/data/CHAMMI-75/train/idr0017/BAX-_-_LOPAC_Plate_4_Replicate_2.ome.zarr/A/12/1/0/zarr.json,True,current_source_metadata,46de69c79992ad6070fdc56925b26bd75771932d1fe5f27c24ddd99465db3677,708,1771644795000000000
/bio/projects/katamari/data/CHAMMI-75/train/idr0017/BAX-_-_LOPAC_Plate_4_Replicate_2.ome.zarr/D/17/0/0/zarr.json,True,current_source_metadata,46de69c79992ad6070fdc56925b26bd75771932d1fe5f27c24ddd99465db3677,708,1771644799000000000
/bio/projects/katamari/data/CHAMMI-75/train/idr0017/BAX-_-_LOPAC_Plate_4_Replicate_2.ome.zarr/E/3/2/0/zarr.json,True,current_source_metadata,46de69c79992ad6070fdc56925b26bd75771932d1fe5f27c24ddd99465db3677,708,1771644800000000000
/bio/projects/katamari/data/CHAMMI-75/train/idr0017/BAX-_-_LOPAC_Plate_4_Replicate_2.ome.zarr/F/15/1/0/zarr.json,True,current_source_metadata,46de69c79992ad6070fdc56925b26bd75771932d1fe5f27c24ddd99465db3677,708,1771644801000000000
/bio/projects/katamari/data/CHAMMI-75/train/idr0017/BAX-_-_LOPAC_Plate_4_Replicate_2.ome.zarr/O/3/1/0/zarr.json,True,current_source_metadata,46de69c79992ad6070fdc56925b26bd75771932d1fe5f27c24ddd99465db3677,708,1771644810000000000
/bio/projects/katamari/data/CHAMMI-75/train/idr0017/CTNNB1_mt-_wt+_LOPAC_Plate_1_Replicate_1.ome.zarr/B/18/1/0/zarr.json,True,current_source_metadata,46de69c79992ad6070fdc56925b26bd75771932d1fe5f27c24ddd99465db3677,708,1771644707000000000
/bio/projects/katamari/data/CHAMMI-75/train/idr0017/CTNNB1_mt-_wt+_LOPAC_Plate_1_Replicate_1.ome.zarr/B/9/0/0/zarr.json,True,current_source_metadata,46de69c79992ad6070fdc56925b26bd75771932d1fe5f27c24ddd99465db3677,708,1771644708000000000
/bio/projects/katamari/data/CHAMMI-75/train/idr0017/CTNNB1_mt-_wt+_LOPAC_Plate_1_Replicate_1.ome.zarr/C/4/0/0/zarr.json,True,current_source_metadata,46de69c79992ad6070fdc56925b26bd75771932d1fe5f27c24ddd99465db3677,708,1771644709000000000
/bio/projects/katamari/data/CHAMMI-75/train/idr0017/CTNNB1_mt-_wt+_LOPAC_Plate_1_Replicate_1.ome.zarr/C/7/2/0/zarr.json,True,current_source_metadata,46de69c79992ad6070fdc56925b26bd75771932d1fe5f27c24ddd99465db3677,708,1771644709000000000
/bio/projects/katamari/data/CHAMMI-75/train/idr0017/CTNNB1_mt-_wt+_LOPAC_Plate_1_Replicate_1.ome.zarr/F/6/0/0/zarr.json,True,current_source_metadata,46de69c79992ad6070fdc56925b26bd75771932d1fe5f27c24ddd99465db3677,708,1771644712000000000
/bio/projects/katamari/data/CHAMMI-75/train/idr0017/CTNNB1_mt-_wt+_LOPAC_Plate_1_Replicate_1.ome.zarr/M/10/0/0/zarr.json,True,current_source_metadata,46de69c79992ad6070fdc56925b26bd75771932d1fe5f27c24ddd99465db3677,708,1771644718000000000
/bio/projects/katamari/data/CHAMMI-75/train/idr0017/CTNNB1_mt-_wt+_LOPAC_Plate_1_Replicate_2.ome.zarr/A/3/2/0/zarr.json,True,current_source_metadata,46de69c79992ad6070fdc56925b26bd75771932d1fe5f27c24ddd99465db3677,708,1771644727000000000
/bio/projects/katamari/data/CHAMMI-75/train/idr0017/CTNNB1_mt-_wt+_LOPAC_Plate_1_Replicate_2.ome.zarr/B/15/1/0/zarr.json,True,current_source_metadata,46de69c79992ad6070fdc56925b26bd75771932d1fe5f27c24ddd99465db3677,708,1771644728000000000
/bio/projects/katamari/data/CHAMMI-75/train/idr0017/CTNNB1_mt-_wt+_LOPAC_Plate_1_Replicate_2.ome.zarr/D/21/0/0/zarr.json,True,current_source_metadata,46de69c79992ad6070fdc56925b26bd75771932d1fe5f27c24ddd99465db3677,708,1771644730000000000
/bio/projects/katamari/data/CHAMMI-75/train/idr0017/CTNNB1_mt-_wt+_LOPAC_Plate_1_Replicate_2.ome.zarr/D/8/0/0/zarr.json,True,current_source_metadata,46de69c79992ad6070fdc56925b26bd75771932d1fe5f27c24ddd99465db3677,708,1771644730000000000
/bio/projects/katamari/data/CHAMMI-75/train/idr0017/CTNNB1_mt-_wt+_LOPAC_Plate_1_Replicate_2.ome.zarr/F/13/0/0/zarr.json,True,current_source_metadata,46de69c79992ad6070fdc56925b26bd75771932d1fe5f27c24ddd99465db3677,708,1771644731000000000
/bio/projects/katamari/data/CHAMMI-75/train/idr0017/CTNNB1_mt-_wt+_LOPAC_Plate_1_Replicate_2.ome.zarr/O/21/0/0/zarr.json,True,current_source_metadata,46de69c79992ad6070fdc56925b26bd75771932d1fe5f27c24ddd99465db3677,708,1771644741000000000
/bio/projects/katamari/data/CHAMMI-75/train/idr0017/CTNNB1_mt-_wt+_LOPAC_Plate_2_Replicate_1.ome.zarr/A/12/0/0/zarr.json,True,current_source_metadata,46de69c79992ad6070fdc56925b26bd75771932d1fe5f27c24ddd99465db3677,708,1771644638000000000
/bio/projects/katamari/data/CHAMMI-75/train/idr0017/CTNNB1_mt-_wt+_LOPAC_Plate_2_Replicate_1.ome.zarr/G/13/1/0/zarr.json,True,current_source_metadata,46de69c79992ad6070fdc56925b26bd75771932d1fe5f27c24ddd99465db3677,708,1771644644000000000
/bio/projects/katamari/data/CHAMMI-75/train/idr0017/CTNNB1_mt-_wt+_LOPAC_Plate_2_Replicate_1.ome.zarr/H/10/2/0/zarr.json,True,current_source_metadata,46de69c79992ad6070fdc56925b26bd75771932d1fe5f27c24ddd99465db3677,708,1771644645000000000
/bio/projects/katamari/data/CHAMMI-75/train/idr0017/CTNNB1_mt-_wt+_LOPAC_Plate_2_Replicate_1.ome.zarr/J/8/0/0/zarr.json,True,current_source_metadata,46de69c79992ad6070fdc56925b26bd75771932d1fe5f27c24ddd99465db3677,708,1771644647000000000
/bio/projects/katamari/data/CHAMMI-75/train/idr0017/CTNNB1_mt-_wt+_LOPAC_Plate_2_Replicate_1.ome.zarr/L/5/1/0/zarr.json,True,current_source_metadata,46de69c79992ad6070fdc56925b26bd75771932d1fe5f27c24ddd99465db3677,708,1771644649000000000
/bio/projects/katamari/data/CHAMMI-75/train/idr0017/CTNNB1_mt-_wt+_LOPAC_Plate_2_Replicate_1.ome.zarr/N/15/2/0/zarr.json,True,current_source_metadata,46de69c79992ad6070fdc56925b26bd75771932d1fe5f27c24ddd99465db3677,708,1771644650000000000
/bio/projects/katamari/data/CHAMMI-75/train/idr0017/CTNNB1_mt-_wt+_LOPAC_Plate_2_Replicate_1.ome.zarr/N/5/2/0/zarr.json,True,current_source_metadata,46de69c79992ad6070fdc56925b26bd75771932d1fe5f27c24ddd99465db3677,708,1771644651000000000
/bio/projects/katamari/data/CHAMMI-75/train/idr0017/CTNNB1_mt-_wt+_LOPAC_Plate_2_Replicate_2.ome.zarr/A/15/1/0/zarr.json,True,current_source_metadata,46de69c79992ad6070fdc56925b26bd75771932d1fe5f27c24ddd99465db3677,708,1771644797000000000
/bio/projects/katamari/data/CHAMMI-75/train/idr0017/CTNNB1_mt-_wt+_LOPAC_Plate_2_Replicate_2.ome.zarr/B/17/1/0/zarr.json,True,current_source_metadata,46de69c79992ad6070fdc56925b26bd75771932d1fe5f27c24ddd99465db3677,708,1771644798000000000
/bio/projects/katamari/data/CHAMMI-75/train/idr0017/CTNNB1_mt-_wt+_LOPAC_Plate_2_Replicate_2.ome.zarr/B/3/0/0/zarr.json,True,current_source_metadata,46de69c79992ad6070fdc56925b26bd75771932d1fe5f27c24ddd99465db3677,708,1771644799000000000
/bio/projects/katamari/data/CHAMMI-75/train/idr0017/CTNNB1_mt-_wt+_LOPAC_Plate_2_Replicate_2.ome.zarr/B/6/1/0/zarr.json,True,current_source_metadata,46de69c79992ad6070fdc56925b26bd75771932d1fe5f27c24ddd99465db3677,708,1771644799000000000
/bio/projects/katamari/data/CHAMMI-75/train/idr0017/CTNNB1_mt-_wt+_LOPAC_Plate_2_Replicate_2.ome.zarr/C/10/0/0/zarr.json,True,current_source_metadata,46de69c79992ad6070fdc56925b26bd75771932d1fe5f27c24ddd99465db3677,708,1771644799000000000
/bio/projects/katamari/data/CHAMMI-75/train/idr0017/CTNNB1_mt-_wt+_LOPAC_Plate_2_Replicate_2.ome.zarr/I/6/0/0/zarr.json,True,current_source_metadata,46de69c79992ad6070fdc56925b26bd75771932d1fe5f27c24ddd99465db3677,708,1771644806000000000
/bio/projects/katamari/data/CHAMMI-75/train/idr0017/CTNNB1_mt-_wt+_LOPAC_Plate_2_Replicate_2.ome.zarr/K/20/2/0/zarr.json,True,current_source_metadata,46de69c79992ad6070fdc56925b26bd75771932d1fe5f27c24ddd99465db3677,708,1771644808000000000
/bio/projects/katamari/data/CHAMMI-75/train/idr0017/CTNNB1_mt-_wt+_LOPAC_Plate_2_Replicate_2.ome.zarr/K/8/2/0/zarr.json,True,current_source_metadata,46de69c79992ad6070fdc56925b26bd75771932d1fe5f27c24ddd99465db3677,708,1771644808000000000
/bio/projects/katamari/data/CHAMMI-75/train/idr0017/CTNNB1_mt-_wt+_LOPAC_Plate_3_Replicate_1.ome.zarr/A/22/2/0/zarr.json,True,current_source_metadata,46de69c79992ad6070fdc56925b26bd75771932d1fe5f27c24ddd99465db3677,708,1771644799000000000
/bio/projects/katamari/data/CHAMMI-75/train/idr0017/CTNNB1_mt-_wt+_LOPAC_Plate_3_Replicate_1.ome.zarr/B/15/2/0/zarr.json,True,current_source_metadata,46de69c79992ad6070fdc56925b26bd75771932d1fe5f27c24ddd99465db3677,708,1771644800000000000
/bio/projects/katamari/data/CHAMMI-75/train/idr0017/CTNNB1_mt-_wt+_LOPAC_Plate_3_Replicate_1.ome.zarr/G/21/1/0/zarr.json,True,current_source_metadata,46de69c79992ad6070fdc56925b26bd75771932d1fe5f27c24ddd99465db3677,708,1771644805000000000
/bio/projects/katamari/data/CHAMMI-75/train/idr0017/CTNNB1_mt-_wt+_LOPAC_Plate_3_Replicate_1.ome.zarr/I/12/2/0/zarr.json,True,current_source_metadata,46de69c79992ad6070fdc56925b26bd75771932d1fe5f27c24ddd99465db3677,708,1771644806000000000
/bio/projects/katamari/data/CHAMMI-75/train/idr0017/CTNNB1_mt-_wt+_LOPAC_Plate_3_Replicate_1.ome.zarr/L/20/0/0/zarr.json,True,current_source_metadata,46de69c79992ad6070fdc56925b26bd75771932d1fe5f27c24ddd99465db3677,708,1771644810000000000
/bio/projects/katamari/data/CHAMMI-75/train/idr0017/CTNNB1_mt-_wt+_LOPAC_Plate_3_Replicate_1.ome.zarr/M/21/2/0/zarr.json,True,current_source_metadata,46de69c79992ad6070fdc56925b26bd75771932d1fe5f27c24ddd99465db3677,708,1771644811000000000
/bio/projects/katamari/data/CHAMMI-75/train/idr0017/CTNNB1_mt-_wt+_LOPAC_Plate_3_Replicate_1.ome.zarr/N/20/1/0/zarr.json,True,current_source_metadata,46de69c79992ad6070fdc56925b26bd75771932d1fe5f27c24ddd99465db3677,708,1771644811000000000
/bio/projects/katamari/data/CHAMMI-75/train/idr0017/CTNNB1_mt-_wt+_LOPAC_Plate_3_Replicate_1.ome.zarr/N/21/0/0/zarr.json,True,current_source_metadata,46de69c79992ad6070fdc56925b26bd75771932d1fe5f27c24ddd99465db3677,708,1771644812000000000
/bio/projects/katamari/data/CHAMMI-75/train/idr0017/CTNNB1_mt-_wt+_LOPAC_Plate_3_Replicate_2.ome.zarr/A/20/2/0/zarr.json,True,current_source_metadata,46de69c79992ad6070fdc56925b26bd75771932d1fe5f27c24ddd99465db3677,708,1771644686000000000
/bio/projects/katamari/data/CHAMMI-75/train/idr0017/CTNNB1_mt-_wt+_LOPAC_Plate_3_Replicate_2.ome.zarr/F/16/0/0/zarr.json,True,current_source_metadata,46de69c79992ad6070fdc56925b26bd75771932d1fe5f27c24ddd99465db3677,708,1771644691000000000
/bio/projects/katamari/data/CHAMMI-75/train/idr0017/CTNNB1_mt-_wt+_LOPAC_Plate_3_Replicate_2.ome.zarr/J/20/0/0/zarr.json,True,current_source_metadata,46de69c79992ad6070fdc56925b26bd75771932d1fe5f27c24ddd99465db3677,708,1771644695000000000
/bio/projects/katamari/data/CHAMMI-75/train/idr0017/CTNNB1_mt-_wt+_LOPAC_Plate_3_Replicate_2.ome.zarr/N/22/0/0/zarr.json,True,current_source_metadata,46de69c79992ad6070fdc56925b26bd75771932d1fe5f27c24ddd99465db3677,708,1771644699000000000
/bio/projects/katamari/data/CHAMMI-75/train/idr0017/CTNNB1_mt-_wt+_LOPAC_Plate_3_Replicate_2.ome.zarr/P/7/3/0/zarr.json,True,current_source_metadata,46de69c79992ad6070fdc56925b26bd75771932d1fe5f27c24ddd99465db3677,708,1771644701000000000
/bio/projects/katamari/data/CHAMMI-75/train/idr0017/CTNNB1_mt-_wt+_LOPAC_Plate_3_Replicate_2.ome.zarr/P/9/2/0/zarr.json,True,current_source_metadata,46de69c79992ad6070fdc56925b26bd75771932d1fe5f27c24ddd99465db3677,708,1771644701000000000
/bio/projects/katamari/data/CHAMMI-75/train/idr0017/CTNNB1_mt-_wt+_LOPAC_Plate_4_Replicate_1.ome.zarr/C/9/3/0/zarr.json,True,current_source_metadata,46de69c79992ad6070fdc56925b26bd75771932d1fe5f27c24ddd99465db3677,708,1771644605000000000
/bio/projects/katamari/data/CHAMMI-75/train/idr0017/CTNNB1_mt-_wt+_LOPAC_Plate_4_Replicate_1.ome.zarr/G/14/2/0/zarr.json,True,current_source_metadata,46de69c79992ad6070fdc56925b26bd75771932d1fe5f27c24ddd99465db3677,708,1771644608000000000
/bio/projects/katamari/data/CHAMMI-75/train/idr0017/CTNNB1_mt-_wt+_LOPAC_Plate_4_Replicate_1.ome.zarr/H/22/3/0/zarr.json,True,current_source_metadata,46de69c79992ad6070fdc56925b26bd75771932d1fe5f27c24ddd99465db3677,708,1771644609000000000
/bio/projects/katamari/data/CHAMMI-75/train/idr0017/CTNNB1_mt-_wt+_LOPAC_Plate_4_Replicate_1.ome.zarr/I/19/1/0/zarr.json,True,current_source_metadata,46de69c79992ad6070fdc56925b26bd75771932d1fe5f27c24ddd99465db3677,708,1771644610000000000
/bio/projects/katamari/data/CHAMMI-75/train/idr0017/CTNNB1_mt-_wt+_LOPAC_Plate_4_Replicate_1.ome.zarr/J/6/0/0/zarr.json,True,current_source_metadata,46de69c79992ad6070fdc56925b26bd75771932d1fe5f27c24ddd99465db3677,708,1771644611000000000
/bio/projects/katamari/data/CHAMMI-75/train/idr0017/CTNNB1_mt-_wt+_LOPAC_Plate_4_Replicate_1.ome.zarr/O/12/3/0/zarr.json,True,current_source_metadata,46de69c79992ad6070fdc56925b26bd75771932d1fe5f27c24ddd99465db3677,708,1771644616000000000
/bio/projects/katamari/data/CHAMMI-75/train/idr0017/CTNNB1_mt-_wt+_LOPAC_Plate_4_Replicate_2.ome.zarr/D/10/1/0/zarr.json,True,current_source_metadata,46de69c79992ad6070fdc56925b26bd75771932d1fe5f27c24ddd99465db3677,708,1771644810000000000
/bio/projects/katamari/data/CHAMMI-75/train/idr0017/CTNNB1_mt-_wt+_LOPAC_Plate_4_Replicate_2.ome.zarr/E/12/2/0/zarr.json,True,current_source_metadata,46de69c79992ad6070fdc56925b26bd75771932d1fe5f27c24ddd99465db3677,708,1771644811000000000
/bio/projects/katamari/data/CHAMMI-75/train/idr0017/CTNNB1_mt-_wt+_LOPAC_Plate_4_Replicate_2.ome.zarr/H/6/2/0/zarr.json,True,current_source_metadata,46de69c79992ad6070fdc56925b26bd75771932d1fe5f27c24ddd99465db3677,708,1771644815000000000
/bio/projects/katamari/data/CHAMMI-75/train/idr0017/CTNNB1_mt-_wt+_LOPAC_Plate_4_Replicate_2.ome.zarr/I/16/1/0/zarr.json,True,current_source_metadata,46de69c79992ad6070fdc56925b26bd75771932d1fe5f27c24ddd99465db3677,708,1771644816000000000
/bio/projects/katamari/data/CHAMMI-75/train/idr0017/CTNNB1_mt-_wt+_LOPAC_Plate_4_Replicate_2.ome.zarr/I/20/0/0/zarr.json,True,current_source_metadata,46de69c79992ad6070fdc56925b26bd75771932d1fe5f27c24ddd99465db3677,708,1771644816000000000
/bio/projects/katamari/data/CHAMMI-75/train/idr0017/CTNNB1_mt-_wt+_LOPAC_Plate_4_Replicate_2.ome.zarr/K/5/2/0/zarr.json,True,current_source_metadata,46de69c79992ad6070fdc56925b26bd75771932d1fe5f27c24ddd99465db3677,708,1771644818000000000
/bio/projects/katamari/data/CHAMMI-75/train/idr0017/CTNNB1_mt-_wt+_LOPAC_Plate_4_Replicate_2.ome.zarr/M/7/0/0/zarr.json,True,current_source_metadata,46de69c79992ad6070fdc56925b26bd75771932d1fe5f27c24ddd99465db3677,708,1771644820000000000
/bio/projects/katamari/data/CHAMMI-75/train/idr0017/CTNNB1_mt-_wt+_LOPAC_Plate_4_Replicate_2.ome.zarr/M/9/0/0/zarr.json,True,current_source_metadata,46de69c79992ad6070fdc56925b26bd75771932d1fe5f27c24ddd99465db3677,708,1771644820000000000
/bio/projects/katamari/data/CHAMMI-75/train/idr0017/KRAS_mt-_wt+_LOPAC_Plate_1_Replicate_1.ome.zarr/E/5/0/0/zarr.json,True,current_source_metadata,46de69c79992ad6070fdc56925b26bd75771932d1fe5f27c24ddd99465db3677,708,1771644692000000000
/bio/projects/katamari/data/CHAMMI-75/train/idr0017/KRAS_mt-_wt+_LOPAC_Plate_1_Replicate_1.ome.zarr/H/11/0/0/zarr.json,True,current_source_metadata,46de69c79992ad6070fdc56925b26bd75771932d1fe5f27c24ddd99465db3677,708,1771644694000000000
/bio/projects/katamari/data/CHAMMI-75/train/idr0017/KRAS_mt-_wt+_LOPAC_Plate_1_Replicate_1.ome.zarr/N/11/1/0/zarr.json,True,current_source_metadata,46de69c79992ad6070fdc56925b26bd75771932d1fe5f27c24ddd99465db3677,708,1771644699000000000
/bio/projects/katamari/data/CHAMMI-75/train/idr0017/KRAS_mt-_wt+_LOPAC_Plate_1_Replicate_1.ome.zarr/O/6/0/0/zarr.json,True,current_source_metadata,46de69c79992ad6070fdc56925b26bd75771932d1fe5f27c24ddd99465db3677,708,1771644701000000000
/bio/projects/katamari/data/CHAMMI-75/train/idr0017/KRAS_mt-_wt+_LOPAC_Plate_1_Replicate_2.ome.zarr/C/13/0/0/zarr.json,True,current_source_metadata,46de69c79992ad6070fdc56925b26bd75771932d1fe5f27c24ddd99465db3677,708,1771644832000000000
/bio/projects/katamari/data/CHAMMI-75/train/idr0017/KRAS_mt-_wt+_LOPAC_Plate_1_Replicate_2.ome.zarr/D/22/0/0/zarr.json,True,current_source_metadata,46de69c79992ad6070fdc56925b26bd75771932d1fe5f27c24ddd99465db3677,708,1771644834000000000
/bio/projects/katamari/data/CHAMMI-75/train/idr0017/KRAS_mt-_wt+_LOPAC_Plate_1_Replicate_2.ome.zarr/H/15/1/0/zarr.json,True,current_source_metadata,46de69c79992ad6070fdc56925b26bd75771932d1fe5f27c24ddd99465db3677,708,1771644837000000000
/bio/projects/katamari/data/CHAMMI-75/train/idr0017/KRAS_mt-_wt+_LOPAC_Plate_1_Replicate_2.ome.zarr/I/16/1/0/zarr.json,True,current_source_metadata,46de69c79992ad6070fdc56925b26bd75771932d1fe5f27c24ddd99465db3677,708,1771644838000000000
/bio/projects/katamari/data/CHAMMI-75/train/idr0017/KRAS_mt-_wt+_LOPAC_Plate_1_Replicate_2.ome.zarr/L/6/1/0/zarr.json,True,current_source_metadata,46de69c79992ad6070fdc56925b26bd75771932d1fe5f27c24ddd99465db3677,708,1771644841000000000
/bio/projects/katamari/data/CHAMMI-75/train/idr0017/KRAS_mt-_wt+_LOPAC_Plate_2_Replicate_1.ome.zarr/A/19/0/0/zarr.json,True,current_source_metadata,46de69c79992ad6070fdc56925b26bd75771932d1fe5f27c24ddd99465db3677,708,1771644850000000000
/bio/projects/katamari/data/CHAMMI-75/train/idr0017/KRAS_mt-_wt+_LOPAC_Plate_2_Replicate_1.ome.zarr/G/14/0/0/zarr.json,True,current_source_metadata,46de69c79992ad6070fdc56925b26bd75771932d1fe5f27c24ddd99465db3677,708,1771644855000000000
/bio/projects/katamari/data/CHAMMI-75/train/idr0017/KRAS_mt-_wt+_LOPAC_Plate_2_Replicate_1.ome.zarr/H/11/2/0/zarr.json,True,current_source_metadata,46de69c79992ad6070fdc56925b26bd75771932d1fe5f27c24ddd99465db3677,708,1771644856000000000
/bio/projects/katamari/data/CHAMMI-75/train/idr0017/KRAS_mt-_wt+_LOPAC_Plate_2_Replicate_1.ome.zarr/N/3/1/0/zarr.json,True,current_source_metadata,46de69c79992ad6070fdc56925b26bd75771932d1fe5f27c24ddd99465db3677,708,1771644862000000000
/bio/projects/katamari/data/CHAMMI-75/train/idr0017/KRAS_mt-_wt+_LOPAC_Plate_2_Replicate_2.ome.zarr/A/14/0/0/zarr.json,True,current_source_metadata,46de69c79992ad6070fdc56925b26bd75771932d1fe5f27c24ddd99465db3677,708,1771644690000000000
/bio/projects/katamari/data/CHAMMI-75/train/idr0017/KRAS_mt-_wt+_LOPAC_Plate_2_Replicate_2.ome.zarr/E/3/0/0/zarr.json,True,current_source_metadata,46de69c79992ad6070fdc56925b26bd75771932d1fe5f27c24ddd99465db3677,708,1771644696000000000
/bio/projects/katamari/data/CHAMMI-75/train/idr0017/KRAS_mt-_wt+_LOPAC_Plate_2_Replicate_2.ome.zarr/K/6/0/0/zarr.json,True,current_source_metadata,46de69c79992ad6070fdc56925b26bd75771932d1fe5f27c24ddd99465db3677,708,1771644703000000000
/bio/projects/katamari/data/CHAMMI-75/train/idr0017/KRAS_mt-_wt+_LOPAC_Plate_2_Replicate_2.ome.zarr/P/16/3/0/zarr.json,True,current_source_metadata,46de69c79992ad6070fdc56925b26bd75771932d1fe5f27c24ddd99465db3677,708,1771644707000000000
/bio/projects/katamari/data/CHAMMI-75/train/idr0017/KRAS_mt-_wt+_LOPAC_Plate_3_Replicate_1.ome.zarr/E/13/0/0/zarr.json,True,current_source_metadata,46de69c79992ad6070fdc56925b26bd75771932d1fe5f27c24ddd99465db3677,708,1771644844000000000
/bio/projects/katamari/data/CHAMMI-75/train/idr0017/KRAS_mt-_wt+_LOPAC_Plate_3_Replicate_1.ome.zarr/F/5/3/0/zarr.json,True,current_source_metadata,46de69c79992ad6070fdc56925b26bd75771932d1fe5f27c24ddd99465db3677,708,1771644846000000000
/bio/projects/katamari/data/CHAMMI-75/train/idr0017/KRAS_mt-_wt+_LOPAC_Plate_3_Replicate_1.ome.zarr/H/20/0/0/zarr.json,True,current_source_metadata,46de69c79992ad6070fdc56925b26bd75771932d1fe5f27c24ddd99465db3677,708,1771644847000000000
/bio/projects/katamari/data/CHAMMI-75/train/idr0017/KRAS_mt-_wt+_LOPAC_Plate_3_Replicate_1.ome.zarr/J/21/2/0/zarr.json,True,current_source_metadata,46de69c79992ad6070fdc56925b26bd75771932d1fe5f27c24ddd99465db3677,708,1771644849000000000
/bio/projects/katamari/data/CHAMMI-75/train/idr0017/KRAS_mt-_wt+_LOPAC_Plate_3_Replicate_1.ome.zarr/L/18/0/0/zarr.json,True,current_source_metadata,46de69c79992ad6070fdc56925b26bd75771932d1fe5f27c24ddd99465db3677,708,1771644851000000000
/bio/projects/katamari/data/CHAMMI-75/train/idr0017/KRAS_mt-_wt+_LOPAC_Plate_3_Replicate_1.ome.zarr/N/16/1/0/zarr.json,True,current_source_metadata,46de69c79992ad6070fdc56925b26bd75771932d1fe5f27c24ddd99465db3677,708,1771644852000000000
/bio/projects/katamari/data/CHAMMI-75/train/idr0017/KRAS_mt-_wt+_LOPAC_Plate_3_Replicate_1.ome.zarr/P/20/0/0/zarr.json,True,current_source_metadata,46de69c79992ad6070fdc56925b26bd75771932d1fe5f27c24ddd99465db3677,708,1771644855000000000
/bio/projects/katamari/data/CHAMMI-75/train/idr0017/KRAS_mt-_wt+_LOPAC_Plate_3_Replicate_2.ome.zarr/A/3/1/0/zarr.json,True,current_source_metadata,46de69c79992ad6070fdc56925b26bd75771932d1fe5f27c24ddd99465db3677,708,1771644766000000000
/bio/projects/katamari/data/CHAMMI-75/train/idr0017/KRAS_mt-_wt+_LOPAC_Plate_3_Replicate_2.ome.zarr/D/15/2/0/zarr.json,True,current_source_metadata,46de69c79992ad6070fdc56925b26bd75771932d1fe5f27c24ddd99465db3677,708,1771644769000000000
/bio/projects/katamari/data/CHAMMI-75/train/idr0017/KRAS_mt-_wt+_LOPAC_Plate_3_Replicate_2.ome.zarr/D/7/1/0/zarr.json,True,current_source_metadata,46de69c79992ad6070fdc56925b26bd75771932d1fe5f27c24ddd99465db3677,708,1771644769000000000
/bio/projects/katamari/data/CHAMMI-75/train/idr0017/KRAS_mt-_wt+_LOPAC_Plate_3_Replicate_2.ome.zarr/K/9/1/0/zarr.json,True,current_source_metadata,46de69c79992ad6070fdc56925b26bd75771932d1fe5f27c24ddd99465db3677,708,1771644776000000000
/bio/projects/katamari/data/CHAMMI-75/train/idr0017/KRAS_mt-_wt+_LOPAC_Plate_4_Replicate_1.ome.zarr/B/20/1/0/zarr.json,True,current_source_metadata,46de69c79992ad6070fdc56925b26bd75771932d1fe5f27c24ddd99465db3677,708,1771644832000000000
/bio/projects/katamari/data/CHAMMI-75/train/idr0017/KRAS_mt-_wt+_LOPAC_Plate_4_Replicate_1.ome.zarr/E/7/1/0/zarr.json,True,current_source_metadata,46de69c79992ad6070fdc56925b26bd75771932d1fe5f27c24ddd99465db3677,708,1771644835000000000
/bio/projects/katamari/data/CHAMMI-75/train/idr0017/KRAS_mt-_wt+_LOPAC_Plate_4_Replicate_2.ome.zarr/B/8/0/0/zarr.json,True,current_source_metadata,46de69c79992ad6070fdc56925b26bd75771932d1fe5f27c24ddd99465db3677,708,1771644609000000000
/bio/projects/katamari/data/CHAMMI-75/train/idr0017/KRAS_mt-_wt+_LOPAC_Plate_4_Replicate_2.ome.zarr/C/20/1/0/zarr.json,True,current_source_metadata,46de69c79992ad6070fdc56925b26bd75771932d1fe5f27c24ddd99465db3677,708,1771644610000000000
/bio/projects/katamari/data/CHAMMI-75/train/idr0017/KRAS_mt-_wt+_LOPAC_Plate_4_Replicate_2.ome.zarr/I/15/1/0/zarr.json,True,current_source_metadata,46de69c79992ad6070fdc56925b26bd75771932d1fe5f27c24ddd99465db3677,708,1771644615000000000
/bio/projects/katamari/data/CHAMMI-75/train/idr0017/KRAS_mt-_wt+_LOPAC_Plate_4_Replicate_2.ome.zarr/J/14/0/0/zarr.json,True,current_source_metadata,46de69c79992ad6070fdc56925b26bd75771932d1fe5f27c24ddd99465db3677,708,1771644616000000000
/bio/projects/katamari/data/CHAMMI-75/train/idr0017/KRAS_mt-_wt+_LOPAC_Plate_4_Replicate_2.ome.zarr/K/19/0/0/zarr.json,True,current_source_metadata,46de69c79992ad6070fdc56925b26bd75771932d1fe5f27c24ddd99465db3677,708,1771644617000000000
/bio/projects/katamari/data/CHAMMI-75/train/idr0017/KRAS_mt-_wt+_LOPAC_Plate_4_Replicate_2.ome.zarr/L/18/1/0/zarr.json,True,current_source_metadata,46de69c79992ad6070fdc56925b26bd75771932d1fe5f27c24ddd99465db3677,708,1771644618000000000
/bio/projects/katamari/data/CHAMMI-75/train/idr0017/KRAS_mt-_wt+_LOPAC_Plate_4_Replicate_2.ome.zarr/M/11/3/0/zarr.json,True,current_source_metadata,46de69c79992ad6070fdc56925b26bd75771932d1fe5f27c24ddd99465db3677,708,1771644619000000000
/bio/projects/katamari/data/CHAMMI-75/train/idr0017/KRAS_mt-_wt+_LOPAC_Plate_4_Replicate_2.ome.zarr/P/9/2/0/zarr.json,True,current_source_metadata,46de69c79992ad6070fdc56925b26bd75771932d1fe5f27c24ddd99465db3677,708,1771644623000000000
/bio/projects/katamari/data/CHAMMI-75/train/idr0017/MEK1-_-_LOPAC_Plate_1_Replicate_1.ome.zarr/E/15/1/0/zarr.json,True,current_source_metadata,46de69c79992ad6070fdc56925b26bd75771932d1fe5f27c24ddd99465db3677,708,1771644601000000000
/bio/projects/katamari/data/CHAMMI-75/train/idr0017/MEK1-_-_LOPAC_Plate_1_Replicate_1.ome.zarr/K/5/0/0/zarr.json,True,current_source_metadata,46de69c79992ad6070fdc56925b26bd75771932d1fe5f27c24ddd99465db3677,708,1771644607000000000
/bio/projects/katamari/data/CHAMMI-75/train/idr0017/MEK1-_-_LOPAC_Plate_1_Replicate_1.ome.zarr/L/8/1/0/zarr.json,True,current_source_metadata,46de69c79992ad6070fdc56925b26bd75771932d1fe5f27c24ddd99465db3677,708,1771644608000000000
/bio/projects/katamari/data/CHAMMI-75/train/idr0017/MEK1-_-_LOPAC_Plate_1_Replicate_1.ome.zarr/O/19/2/0/zarr.json,True,current_source_metadata,46de69c79992ad6070fdc56925b26bd75771932d1fe5f27c24ddd99465db3677,708,1771644610000000000
/bio/projects/katamari/data/CHAMMI-75/train/idr0017/MEK1-_-_LOPAC_Plate_1_Replicate_1.ome.zarr/O/7/0/0/zarr.json,True,current_source_metadata,46de69c79992ad6070fdc56925b26bd75771932d1fe5f27c24ddd99465db3677,708,1771644610000000000
/bio/projects/katamari/data/CHAMMI-75/train/idr0017/MEK1-_-_LOPAC_Plate_1_Replicate_2.ome.zarr/A/14/3/0/zarr.json,True,current_source_metadata,46de69c79992ad6070fdc56925b26bd75771932d1fe5f27c24ddd99465db3677,708,1771644850000000000
/bio/projects/katamari/data/CHAMMI-75/train/idr0017/MEK1-_-_LOPAC_Plate_1_Replicate_2.ome.zarr/J/4/1/0/zarr.json,True,current_source_metadata,46de69c79992ad6070fdc56925b26bd75771932d1fe5f27c24ddd99465db3677,708,1771644859000000000
/bio/projects/katamari/data/CHAMMI-75/train/idr0017/MEK1-_-_LOPAC_Plate_1_Replicate_2.ome.zarr/L/18/2/0/zarr.json,True,current_source_metadata,46de69c79992ad6070fdc56925b26bd75771932d1fe5f27c24ddd99465db3677,708,1771644861000000000
/bio/projects/katamari/data/CHAMMI-75/train/idr0017/MEK1-_-_LOPAC_Plate_1_Replicate_2.ome.zarr/M/17/0/0/zarr.json,True,current_source_metadata,46de69c79992ad6070fdc56925b26bd75771932d1fe5f27c24ddd99465db3677,708,1771644862000000000
/bio/projects/katamari/data/CHAMMI-75/train/idr0017/MEK1-_-_LOPAC_Plate_1_Replicate_2.ome.zarr/N/22/0/0/zarr.json,True,current_source_metadata,46de69c79992ad6070fdc56925b26bd75771932d1fe5f27c24ddd99465db3677,708,1771644863000000000
/bio/projects/katamari/data/CHAMMI-75/train/idr0017/MEK1-_-_LOPAC_Plate_2_Replicate_1.ome.zarr/B/19/0/0/zarr.json,True,current_source_metadata,46de69c79992ad6070fdc56925b26bd75771932d1fe5f27c24ddd99465db3677,708,1771644736000000000
/bio/projects/katamari/data/CHAMMI-75/train/idr0017/MEK1-_-_LOPAC_Plate_2_Replicate_1.ome.zarr/D/19/0/0/zarr.json,True,current_source_metadata,46de69c79992ad6070fdc56925b26bd75771932d1fe5f27c24ddd99465db3677,708,1771644738000000000
/bio/projects/katamari/data/CHAMMI-75/train/idr0017/MEK1-_-_LOPAC_Plate_2_Replicate_1.ome.zarr/E/20/1/0/zarr.json,True,current_source_metadata,46de69c79992ad6070fdc56925b26bd75771932d1fe5f27c24ddd99465db3677,708,1771644739000000000
/bio/projects/katamari/data/CHAMMI-75/train/idr0017/MEK1-_-_LOPAC_Plate_2_Replicate_1.ome.zarr/I/6/0/0/zarr.json,True,current_source_metadata,46de69c79992ad6070fdc56925b26bd75771932d1fe5f27c24ddd99465db3677,708,1771644743000000000
/bio/projects/katamari/data/CHAMMI-75/train/idr0017/MEK1-_-_LOPAC_Plate_2_Replicate_1.ome.zarr/J/18/0/0/zarr.json,True,current_source_metadata,46de69c79992ad6070fdc56925b26bd75771932d1fe5f27c24ddd99465db3677,708,1771644743000000000
/bio/projects/katamari/data/CHAMMI-75/train/idr0017/MEK1-_-_LOPAC_Plate_2_Replicate_1.ome.zarr/J/8/1/0/zarr.json,True,current_source_metadata,46de69c79992ad6070fdc56925b26bd75771932d1fe5f27c24ddd99465db3677,708,1771644744000000000
/bio/projects/katamari/data/CHAMMI-75/train/idr0017/MEK1-_-_LOPAC_Plate_2_Replicate_1.ome.zarr/N/18/0/0/zarr.json,True,current_source_metadata,46de69c79992ad6070fdc56925b26bd75771932d1fe5f27c24ddd99465db3677,708,1771644747000000000
/bio/projects/katamari/data/CHAMMI-75/train/idr0017/MEK1-_-_LOPAC_Plate_2_Replicate_1.ome.zarr/O/3/1/0/zarr.json,True,current_source_metadata,46de69c79992ad6070fdc56925b26bd75771932d1fe5f27c24ddd99465db3677,708,1771644749000000000
/bio/projects/katamari/data/CHAMMI-75/train/idr0017/MEK1-_-_LOPAC_Plate_2_Replicate_2.ome.zarr/B/7/1/0/zarr.json,True,current_source_metadata,46de69c79992ad6070fdc56925b26bd75771932d1fe5f27c24ddd99465db3677,708,1771644801000000000
/bio/projects/katamari/data/CHAMMI-75/train/idr0017/MEK1-_-_LOPAC_Plate_2_Replicate_2.ome.zarr/E/4/1/0/zarr.json,True,current_source_metadata,46de69c79992ad6070fdc56925b26bd75771932d1fe5f27c24ddd99465db3677,708,1771644804000000000
/bio/projects/katamari/data/CHAMMI-75/train/idr0017/MEK1-_-_LOPAC_Plate_2_Replicate_2.ome.zarr/E/9/0/0/zarr.json,True,current_source_metadata,46de69c79992ad6070fdc56925b26bd75771932d1fe5f27c24ddd99465db3677,708,1771644804000000000
/bio/projects/katamari/data/CHAMMI-75/train/idr0017/MEK1-_-_LOPAC_Plate_2_Replicate_2.ome.zarr/I/6/0/0/zarr.json,True,current_source_metadata,46de69c79992ad6070fdc56925b26bd75771932d1fe5f27c24ddd99465db3677,708,1771644808000000000
/bio/projects/katamari/data/CHAMMI-75/train/idr0017/MEK1-_-_LOPAC_Plate_2_Replicate_2.ome.zarr/J/11/0/0/zarr.json,True,current_source_metadata,46de69c79992ad6070fdc56925b26bd75771932d1fe5f27c24ddd99465db3677,708,1771644808000000000
/bio/projects/katamari/data/CHAMMI-75/train/idr0017/MEK1-_-_LOPAC_Plate_2_Replicate_2.ome.zarr/J/22/2/0/zarr.json,True,current_source_metadata,46de69c79992ad6070fdc56925b26bd75771932d1fe5f27c24ddd99465db3677,708,1771644809000000000
/bio/projects/katamari/data/CHAMMI-75/train/idr0017/MEK1-_-_LOPAC_Plate_2_Replicate_2.ome.zarr/K/16/2/0/zarr.json,True,current_source_metadata,46de69c79992ad6070fdc56925b26bd75771932d1fe5f27c24ddd99465db3677,708,1771644809000000000
/bio/projects/katamari/data/CHAMMI-75/train/idr0017/MEK1-_-_LOPAC_Plate_2_Replicate_2.ome.zarr/M/3/1/0/zarr.json,True,current_source_metadata,46de69c79992ad6070fdc56925b26bd75771932d1fe5f27c24ddd99465db3677,708,1771644811000000000
/bio/projects/katamari/data/CHAMMI-75/train/idr0017/MEK1-_-_LOPAC_Plate_3_Replicate_1.ome.zarr/A/10/2/0/zarr.json,True,current_source_metadata,46de69c79992ad6070fdc56925b26bd75771932d1fe5f27c24ddd99465db3677,708,1771644696000000000
/bio/projects/katamari/data/CHAMMI-75/train/idr0017/MEK1-_-_LOPAC_Plate_3_Replicate_1.ome.zarr/G/3/0/0/zarr.json,True,current_source_metadata,46de69c79992ad6070fdc56925b26bd75771932d1fe5f27c24ddd99465db3677,708,1771644703000000000
/bio/projects/katamari/data/CHAMMI-75/train/idr0017/MEK1-_-_LOPAC_Plate_3_Replicate_1.ome.zarr/J/12/0/0/zarr.json,True,current_source_metadata,46de69c79992ad6070fdc56925b26bd75771932d1fe5f27c24ddd99465db3677,708,1771644705000000000
/bio/projects/katamari/data/CHAMMI-75/train/idr0017/MEK1-_-_LOPAC_Plate_3_Replicate_2.ome.zarr/B/18/0/0/zarr.json,True,current_source_metadata,46de69c79992ad6070fdc56925b26bd75771932d1fe5f27c24ddd99465db3677,708,1771644845000000000
/bio/projects/katamari/data/CHAMMI-75/train/idr0017/MEK1-_-_LOPAC_Plate_3_Replicate_2.ome.zarr/G/7/0/0/zarr.json,True,current_source_metadata,46de69c79992ad6070fdc56925b26bd75771932d1fe5f27c24ddd99465db3677,708,1771644851000000000
/bio/projects/katamari/data/CHAMMI-75/train/idr0017/MEK1-_-_LOPAC_Plate_3_Replicate_2.ome.zarr/H/13/1/0/zarr.json,True,current_source_metadata,46de69c79992ad6070fdc56925b26bd75771932d1fe5f27c24ddd99465db3677,708,1771644851000000000
/bio/projects/katamari/data/CHAMMI-75/train/idr0017/MEK1-_-_LOPAC_Plate_4_Replicate_1.ome.zarr/D/9/2/0/zarr.json,True,current_source_metadata,46de69c79992ad6070fdc56925b26bd75771932d1fe5f27c24ddd99465db3677,708,1771644624000000000
/bio/projects/katamari/data/CHAMMI-75/train/idr0017/MEK1-_-_LOPAC_Plate_4_Replicate_1.ome.zarr/F/4/1/0/zarr.json,True,current_source_metadata,46de69c79992ad6070fdc56925b26bd75771932d1fe5f27c24ddd99465db3677,708,1771644626000000000
/bio/projects/katamari/data/CHAMMI-75/train/idr0017/MEK1-_-_LOPAC_Plate_4_Replicate_1.ome.zarr/M/11/1/0/zarr.json,True,current_source_metadata,46de69c79992ad6070fdc56925b26bd75771932d1fe5f27c24ddd99465db3677,708,1771644634000000000
/bio/projects/katamari/data/CHAMMI-75/train/idr0017/MEK1-_-_LOPAC_Plate_4_Replicate_1.ome.zarr/N/3/1/0/zarr.json,True,current_source_metadata,46de69c79992ad6070fdc56925b26bd75771932d1fe5f27c24ddd99465db3677,708,1771644635000000000
/bio/projects/katamari/data/CHAMMI-75/train/idr0017/MEK1-_-_LOPAC_Plate_4_Replicate_2.ome.zarr/C/20/2/0/zarr.json,True,current_source_metadata,46de69c79992ad6070fdc56925b26bd75771932d1fe5f27c24ddd99465db3677,708,1771644612000000000
/bio/projects/katamari/data/CHAMMI-75/train/idr0017/MEK1-_-_LOPAC_Plate_4_Replicate_2.ome.zarr/G/3/2/0/zarr.json,True,current_source_metadata,46de69c79992ad6070fdc56925b26bd75771932d1fe5f27c24ddd99465db3677,708,1771644617000000000
/bio/projects/katamari/data/CHAMMI-75/train/idr0017/MEK1-_-_LOPAC_Plate_4_Replicate_2.ome.zarr/O/17/0/0/zarr.json,True,current_source_metadata,46de69c79992ad6070fdc56925b26bd75771932d1fe5f27c24ddd99465db3677,708,1771644625000000000
/bio/projects/katamari/data/CHAMMI-75/train/idr0017/MEK2-_-_LOPAC_Plate_1_Replicate_1.ome.zarr/B/5/0/0/zarr.json,True,current_source_metadata,46de69c79992ad6070fdc56925b26bd75771932d1fe5f27c24ddd99465db3677,708,1771644749000000000
/bio/projects/katamari/data/CHAMMI-75/train/idr0017/MEK2-_-_LOPAC_Plate_1_Replicate_1.ome.zarr/C/22/0/0/zarr.json,True,current_source_metadata,46de69c79992ad6070fdc56925b26bd75771932d1fe5f27c24ddd99465db3677,708,1771644750000000000
/bio/projects/katamari/data/CHAMMI-75/train/idr0017/MEK2-_-_LOPAC_Plate_1_Replicate_1.ome.zarr/E/4/0/0/zarr.json,True,current_source_metadata,46de69c79992ad6070fdc56925b26bd75771932d1fe5f27c24ddd99465db3677,708,1771644752000000000
/bio/projects/katamari/data/CHAMMI-75/train/idr0017/MEK2-_-_LOPAC_Plate_1_Replicate_1.ome.zarr/L/3/2/0/zarr.json,True,current_source_metadata,46de69c79992ad6070fdc56925b26bd75771932d1fe5f27c24ddd99465db3677,708,1771644759000000000
/bio/projects/katamari/data/CHAMMI-75/train/idr0017/MEK2-_-_LOPAC_Plate_1_Replicate_2.ome.zarr/C/9/0/0/zarr.json,True,current_source_metadata,46de69c79992ad6070fdc56925b26bd75771932d1fe5f27c24ddd99465db3677,708,1771644751000000000
/bio/projects/katamari/data/CHAMMI-75/train/idr0017/MEK2-_-_LOPAC_Plate_1_Replicate_2.ome.zarr/H/8/2/0/zarr.json,True,current_source_metadata,46de69c79992ad6070fdc56925b26bd75771932d1fe5f27c24ddd99465db3677,708,1771644756000000000
/bio/projects/katamari/data/CHAMMI-75/train/idr0017/MEK2-_-_LOPAC_Plate_1_Replicate_2.ome.zarr/I/7/1/0/zarr.json,True,current_source_metadata,46de69c79992ad6070fdc56925b26bd75771932d1fe5f27c24ddd99465db3677,708,1771644757000000000
/bio/projects/katamari/data/CHAMMI-75/train/idr0017/MEK2-_-_LOPAC_Plate_1_Replicate_2.ome.zarr/M/18/0/0/zarr.json,True,current_source_metadata,46de69c79992ad6070fdc56925b26bd75771932d1fe5f27c24ddd99465db3677,708,1771644760000000000
/bio/projects/katamari/data/CHAMMI-75/train/idr0017/MEK2-_-_LOPAC_Plate_1_Replicate_2.ome.zarr/O/16/0/0/zarr.json,True,current_source_metadata,46de69c79992ad6070fdc56925b26bd75771932d1fe5f27c24ddd99465db3677,708,1771644762000000000
/bio/projects/katamari/data/CHAMMI-75/train/idr0017/MEK2-_-_LOPAC_Plate_1_Replicate_2.ome.zarr/O/18/0/0/zarr.json,True,current_source_metadata,46de69c79992ad6070fdc56925b26bd75771932d1fe5f27c24ddd99465db3677,708,1771644762000000000
/bio/projects/katamari/data/CHAMMI-75/train/idr0017/MEK2-_-_LOPAC_Plate_2_Replicate_1.ome.zarr/A/12/1/0/zarr.json,True,current_source_metadata,46de69c79992ad6070fdc56925b26bd75771932d1fe5f27c24ddd99465db3677,708,1771644768000000000
/bio/projects/katamari/data/CHAMMI-75/train/idr0017/MEK2-_-_LOPAC_Plate_2_Replicate_1.ome.zarr/C/20/2/0/zarr.json,True,current_source_metadata,46de69c79992ad6070fdc56925b26bd75771932d1fe5f27c24ddd99465db3677,708,1771644771000000000
/bio/projects/katamari/data/CHAMMI-75/train/idr0017/MEK2-_-_LOPAC_Plate_2_Replicate_1.ome.zarr/F/15/1/0/zarr.json,True,current_source_metadata,46de69c79992ad6070fdc56925b26bd75771932d1fe5f27c24ddd99465db3677,708,1771644774000000000
/bio/projects/katamari/data/CHAMMI-75/train/idr0017/MEK2-_-_LOPAC_Plate_2_Replicate_1.ome.zarr/F/4/0/0/zarr.json,True,current_source_metadata,46de69c79992ad6070fdc56925b26bd75771932d1fe5f27c24ddd99465db3677,708,1771644774000000000
/bio/projects/katamari/data/CHAMMI-75/train/idr0017/MEK2-_-_LOPAC_Plate_2_Replicate_1.ome.zarr/K/7/0/0/zarr.json,True,current_source_metadata,46de69c79992ad6070fdc56925b26bd75771932d1fe5f27c24ddd99465db3677,708,1771644779000000000
/bio/projects/katamari/data/CHAMMI-75/train/idr0017/MEK2-_-_LOPAC_Plate_2_Replicate_1.ome.zarr/L/22/1/0/zarr.json,True,current_source_metadata,46de69c79992ad6070fdc56925b26bd75771932d1fe5f27c24ddd99465db3677,708,1771644779000000000
/bio/projects/katamari/data/CHAMMI-75/train/idr0017/MEK2-_-_LOPAC_Plate_2_Replicate_2.ome.zarr/B/11/0/0/zarr.json,True,current_source_metadata,46de69c79992ad6070fdc56925b26bd75771932d1fe5f27c24ddd99465db3677,708,1771644800000000000
/bio/projects/katamari/data/CHAMMI-75/train/idr0017/MEK2-_-_LOPAC_Plate_2_Replicate_2.ome.zarr/G/22/0/0/zarr.json,True,current_source_metadata,46de69c79992ad6070fdc56925b26bd75771932d1fe5f27c24ddd99465db3677,708,1771644806000000000
/bio/projects/katamari/data/CHAMMI-75/train/idr0017/MEK2-_-_LOPAC_Plate_2_Replicate_2.ome.zarr/L/4/1/0/zarr.json,True,current_source_metadata,46de69c79992ad6070fdc56925b26bd75771932d1fe5f27c24ddd99465db3677,708,1771644810000000000
/bio/projects/katamari/data/CHAMMI-75/train/idr0017/MEK2-_-_LOPAC_Plate_2_Replicate_2.ome.zarr/O/11/0/0/zarr.json,True,current_source_metadata,46de69c79992ad6070fdc56925b26bd75771932d1fe5f27c24ddd99465db3677,708,1771644813000000000
/bio/projects/katamari/data/CHAMMI-75/train/idr0017/MEK2-_-_LOPAC_Plate_3_Replicate_1.ome.zarr/A/18/0/0/zarr.json,True,current_source_metadata,46de69c79992ad6070fdc56925b26bd75771932d1fe5f27c24ddd99465db3677,708,1771644615000000000
/bio/projects/katamari/data/CHAMMI-75/train/idr0017/MEK2-_-_LOPAC_Plate_3_Replicate_1.ome.zarr/C/17/1/0/zarr.json,True,current_source_metadata,46de69c79992ad6070fdc56925b26bd75771932d1fe5f27c24ddd99465db3677,708,1771644617000000000
/bio/projects/katamari/data/CHAMMI-75/train/idr0017/MEK2-_-_LOPAC_Plate_3_Replicate_1.ome.zarr/D/18/1/0/zarr.json,True,current_source_metadata,46de69c79992ad6070fdc56925b26bd75771932d1fe5f27c24ddd99465db3677,708,1771644618000000000
/bio/projects/katamari/data/CHAMMI-75/train/idr0017/MEK2-_-_LOPAC_Plate_3_Replicate_1.ome.zarr/F/18/1/0/zarr.json,True,current_source_metadata,46de69c79992ad6070fdc56925b26bd75771932d1fe5f27c24ddd99465db3677,708,1771644620000000000
/bio/projects/katamari/data/CHAMMI-75/train/idr0017/MEK2-_-_LOPAC_Plate_3_Replicate_1.ome.zarr/F/9/0/0/zarr.json,True,current_source_metadata,46de69c79992ad6070fdc56925b26bd75771932d1fe5f27c24ddd99465db3677,708,1771644621000000000
/bio/projects/katamari/data/CHAMMI-75/train/idr0017/MEK2-_-_LOPAC_Plate_3_Replicate_1.ome.zarr/G/19/1/0/zarr.json,True,current_source_metadata,46de69c79992ad6070fdc56925b26bd75771932d1fe5f27c24ddd99465db3677,708,1771644621000000000
/bio/projects/katamari/data/CHAMMI-75/train/idr0017/MEK2-_-_LOPAC_Plate_3_Replicate_1.ome.zarr/J/6/3/0/zarr.json,True,current_source_metadata,46de69c79992ad6070fdc56925b26bd75771932d1fe5f27c24ddd99465db3677,708,1771644624000000000
/bio/projects/katamari/data/CHAMMI-75/train/idr0017/MEK2-_-_LOPAC_Plate_3_Replicate_2.ome.zarr/A/7/2/0/zarr.json,True,current_source_metadata,46de69c79992ad6070fdc56925b26bd75771932d1fe5f27c24ddd99465db3677,708,1771644699000000000
/bio/projects/katamari/data/CHAMMI-75/train/idr0017/MEK2-_-_LOPAC_Plate_3_Replicate_2.ome.zarr/A/9/0/0/zarr.json,True,current_source_metadata,46de69c79992ad6070fdc56925b26bd75771932d1fe5f27c24ddd99465db3677,708,1771644699000000000
/bio/projects/katamari/data/CHAMMI-75/train/idr0017/MEK2-_-_LOPAC_Plate_3_Replicate_2.ome.zarr/F/9/1/0/zarr.json,True,current_source_metadata,46de69c79992ad6070fdc56925b26bd75771932d1fe5f27c24ddd99465db3677,708,1771644704000000000
/bio/projects/katamari/data/CHAMMI-75/train/idr0017/MEK2-_-_LOPAC_Plate_3_Replicate_2.ome.zarr/I/14/0/0/zarr.json,True,current_source_metadata,46de69c79992ad6070fdc56925b26bd75771932d1fe5f27c24ddd99465db3677,708,1771644705000000000
/bio/projects/katamari/data/CHAMMI-75/train/idr0017/MEK2-_-_LOPAC_Plate_3_Replicate_2.ome.zarr/M/15/0/0/zarr.json,True,current_source_metadata,46de69c79992ad6070fdc56925b26bd75771932d1fe5f27c24ddd99465db3677,708,1771644709000000000
/bio/projects/katamari/data/CHAMMI-75/train/idr0017/MEK2-_-_LOPAC_Plate_3_Replicate_2.ome.zarr/M/16/0/0/zarr.json,True,current_source_metadata,46de69c79992ad6070fdc56925b26bd75771932d1fe5f27c24ddd99465db3677,708,1771644709000000000
/bio/projects/katamari/data/CHAMMI-75/train/idr0017/MEK2-_-_LOPAC_Plate_3_Replicate_2.ome.zarr/N/19/0/0/zarr.json,True,current_source_metadata,46de69c79992ad6070fdc56925b26bd75771932d1fe5f27c24ddd99465db3677,708,1771644710000000000
/bio/projects/katamari/data/CHAMMI-75/train/idr0017/MEK2-_-_LOPAC_Plate_3_Replicate_2.ome.zarr/P/21/0/0/zarr.json,True,current_source_metadata,46de69c79992ad6070fdc56925b26bd75771932d1fe5f27c24ddd99465db3677,708,1771644713000000000
/bio/projects/katamari/data/CHAMMI-75/train/idr0017/MEK2-_-_LOPAC_Plate_4_Replicate_1.ome.zarr/D/17/0/0/zarr.json,True,current_source_metadata,46de69c79992ad6070fdc56925b26bd75771932d1fe5f27c24ddd99465db3677,708,1771644610000000000
/bio/projects/katamari/data/CHAMMI-75/train/idr0017/MEK2-_-_LOPAC_Plate_4_Replicate_1.ome.zarr/K/21/1/0/zarr.json,True,current_source_metadata,46de69c79992ad6070fdc56925b26bd75771932d1fe5f27c24ddd99465db3677,708,1771644617000000000
/bio/projects/katamari/data/CHAMMI-75/train/idr0017/MEK2-_-_LOPAC_Plate_4_Replicate_1.ome.zarr/L/15/0/0/zarr.json,True,current_source_metadata,46de69c79992ad6070fdc56925b26bd75771932d1fe5f27c24ddd99465db3677,708,1771644618000000000
/bio/projects/katamari/data/CHAMMI-75/train/idr0017/MEK2-_-_LOPAC_Plate_4_Replicate_1.ome.zarr/N/5/0/0/zarr.json,True,current_source_metadata,46de69c79992ad6070fdc56925b26bd75771932d1fe5f27c24ddd99465db3677,708,1771644620000000000
/bio/projects/katamari/data/CHAMMI-75/train/idr0017/MEK2-_-_LOPAC_Plate_4_Replicate_1.ome.zarr/P/22/0/0/zarr.json,True,current_source_metadata,46de69c79992ad6070fdc56925b26bd75771932d1fe5f27c24ddd99465db3677,708,1771644622000000000
/bio/projects/katamari/data/CHAMMI-75/train/idr0017/MEK2-_-_LOPAC_Plate_4_Replicate_2.ome.zarr/B/11/0/0/zarr.json,True,current_source_metadata,46de69c79992ad6070fdc56925b26bd75771932d1fe5f27c24ddd99465db3677,708,1771644605000000000
/bio/projects/katamari/data/CHAMMI-75/train/idr0017/MEK2-_-_LOPAC_Plate_4_Replicate_2.ome.zarr/C/11/0/0/zarr.json,True,current_source_metadata,46de69c79992ad6070fdc56925b26bd75771932d1fe5f27c24ddd99465db3677,708,1771644606000000000
/bio/projects/katamari/data/CHAMMI-75/train/idr0017/MEK2-_-_LOPAC_Plate_4_Replicate_2.ome.zarr/E/11/2/0/zarr.json,True,current_source_metadata,46de69c79992ad6070fdc56925b26bd75771932d1fe5f27c24ddd99465db3677,708,1771644608000000000
/bio/projects/katamari/data/CHAMMI-75/train/idr0017/MEK2-_-_LOPAC_Plate_4_Replicate_2.ome.zarr/J/20/0/0/zarr.json,True,current_source_metadata,46de69c79992ad6070fdc56925b26bd75771932d1fe5f27c24ddd99465db3677,708,1771644613000000000
/bio/projects/katamari/data/CHAMMI-75/train/idr0017/MEK2-_-_LOPAC_Plate_4_Replicate_2.ome.zarr/J/8/1/0/zarr.json,True,current_source_metadata,46de69c79992ad6070fdc56925b26bd75771932d1fe5f27c24ddd99465db3677,708,1771644614000000000
/bio/projects/katamari/data/CHAMMI-75/train/idr0017/MEK2-_-_LOPAC_Plate_4_Replicate_2.ome.zarr/P/20/3/0/zarr.json,True,current_source_metadata,46de69c79992ad6070fdc56925b26bd75771932d1fe5f27c24ddd99465db3677,708,1771644620000000000
/bio/projects/katamari/data/CHAMMI-75/train/idr0017/P53-_-_LOPAC_Plate_1_Replicate_1.ome.zarr/D/17/0/0/zarr.json,True,current_source_metadata,46de69c79992ad6070fdc56925b26bd75771932d1fe5f27c24ddd99465db3677,708,1771644740000000000
/bio/projects/katamari/data/CHAMMI-75/train/idr0017/P53-_-_LOPAC_Plate_1_Replicate_1.ome.zarr/O/22/2/0/zarr.json,True,current_source_metadata,46de69c79992ad6070fdc56925b26bd75771932d1fe5f27c24ddd99465db3677,708,1771644751000000000
/bio/projects/katamari/data/CHAMMI-75/train/idr0017/P53-_-_LOPAC_Plate_1_Replicate_1.ome.zarr/P/10/2/0/zarr.json,True,current_source_metadata,46de69c79992ad6070fdc56925b26bd75771932d1fe5f27c24ddd99465db3677,708,1771644752000000000
/bio/projects/katamari/data/CHAMMI-75/train/idr0017/P53-_-_LOPAC_Plate_1_Replicate_2.ome.zarr/A/9/0/0/zarr.json,True,current_source_metadata,46de69c79992ad6070fdc56925b26bd75771932d1fe5f27c24ddd99465db3677,708,1771644756000000000
/bio/projects/katamari/data/CHAMMI-75/train/idr0017/P53-_-_LOPAC_Plate_1_Replicate_2.ome.zarr/B/19/1/0/zarr.json,True,current_source_metadata,46de69c79992ad6070fdc56925b26bd75771932d1fe5f27c24ddd99465db3677,708,1771644756000000000
/bio/projects/katamari/data/CHAMMI-75/train/idr0017/P53-_-_LOPAC_Plate_1_Replicate_2.ome.zarr/I/4/2/0/zarr.json,True,current_source_metadata,46de69c79992ad6070fdc56925b26bd75771932d1fe5f27c24ddd99465db3677,708,1771644763000000000
/bio/projects/katamari/data/CHAMMI-75/train/idr0017/P53-_-_LOPAC_Plate_1_Replicate_2.ome.zarr/K/13/1/0/zarr.json,True,current_source_metadata,46de69c79992ad6070fdc56925b26bd75771932d1fe5f27c24ddd99465db3677,708,1771644764000000000
/bio/projects/katamari/data/CHAMMI-75/train/idr0017/P53-_-_LOPAC_Plate_1_Replicate_2.ome.zarr/K/16/0/0/zarr.json,True,current_source_metadata,46de69c79992ad6070fdc56925b26bd75771932d1fe5f27c24ddd99465db3677,708,1771644765000000000
/bio/projects/katamari/data/CHAMMI-75/train/idr0017/P53-_-_LOPAC_Plate_1_Replicate_2.ome.zarr/O/15/2/0/zarr.json,True,current_source_metadata,46de69c79992ad6070fdc56925b26bd75771932d1fe5f27c24ddd99465db3677,708,1771644769000000000
/bio/projects/katamari/data/CHAMMI-75/train/idr0017/P53-_-_LOPAC_Plate_1_Replicate_2.ome.zarr/O/19/0/0/zarr.json,True,current_source_metadata,46de69c79992ad6070fdc56925b26bd75771932d1fe5f27c24ddd99465db3677,708,1771644769000000000
/bio/projects/katamari/data/CHAMMI-75/train/idr0017/P53-_-_LOPAC_Plate_1_Replicate_2.ome.zarr/O/4/3/0/zarr.json,True,current_source_metadata,46de69c79992ad6070fdc56925b26bd75771932d1fe5f27c24ddd99465db3677,708,1771644769000000000
/bio/projects/katamari/data/CHAMMI-75/train/idr0017/P53-_-_LOPAC_Plate_1_Replicate_2.ome.zarr/O/5/1/0/zarr.json,True,current_source_metadata,46de69c79992ad6070fdc56925b26bd75771932d1fe5f27c24ddd99465db3677,708,1771644770000000000
/bio/projects/katamari/data/CHAMMI-75/train/idr0017/P53-_-_LOPAC_Plate_1_Replicate_2.ome.zarr/O/8/1/0/zarr.json,True,current_source_metadata,46de69c79992ad6070fdc56925b26bd75771932d1fe5f27c24ddd99465db3677,708,1771644770000000000
/bio/projects/katamari/data/CHAMMI-75/train/idr0017/P53-_-_LOPAC_Plate_1_Replicate_2.ome.zarr/P/18/0/0/zarr.json,True,current_source_metadata,46de69c79992ad6070fdc56925b26bd75771932d1fe5f27c24ddd99465db3677,708,1771644770000000000
/bio/projects/katamari/data/CHAMMI-75/train/idr0017/P53-_-_LOPAC_Plate_2_Replicate_1.ome.zarr/B/20/2/0/zarr.json,True,current_source_metadata,46de69c79992ad6070fdc56925b26bd75771932d1fe5f27c24ddd99465db3677,708,1771644816000000000
/bio/projects/katamari/data/CHAMMI-75/train/idr0017/P53-_-_LOPAC_Plate_2_Replicate_1.ome.zarr/L/10/0/0/zarr.json,True,current_source_metadata,46de69c79992ad6070fdc56925b26bd75771932d1fe5f27c24ddd99465db3677,708,1771644825000000000
/bio/projects/katamari/data/CHAMMI-75/train/idr0017/P53-_-_LOPAC_Plate_2_Replicate_1.ome.zarr/O/3/0/0/zarr.json,True,current_source_metadata,46de69c79992ad6070fdc56925b26bd75771932d1fe5f27c24ddd99465db3677,708,1771644828000000000
/bio/projects/katamari/data/CHAMMI-75/train/idr0017/P53-_-_LOPAC_Plate_2_Replicate_1.ome.zarr/P/7/1/0/zarr.json,True,current_source_metadata,46de69c79992ad6070fdc56925b26bd75771932d1fe5f27c24ddd99465db3677,708,1771644830000000000
/bio/projects/katamari/data/CHAMMI-75/train/idr0017/P53-_-_LOPAC_Plate_2_Replicate_2.ome.zarr/A/12/1/0/zarr.json,True,current_source_metadata,46de69c79992ad6070fdc56925b26bd75771932d1fe5f27c24ddd99465db3677,708,1771644768000000000
/bio/projects/katamari/data/CHAMMI-75/train/idr0017/P53-_-_LOPAC_Plate_2_Replicate_2.ome.zarr/A/22/1/0/zarr.json,True,current_source_metadata,46de69c79992ad6070fdc56925b26bd75771932d1fe5f27c24ddd99465db3677,708,1771644768000000000
/bio/projects/katamari/data/CHAMMI-75/train/idr0017/P53-_-_LOPAC_Plate_2_Replicate_2.ome.zarr/C/4/0/0/zarr.json,True,current_source_metadata,46de69c79992ad6070fdc56925b26bd75771932d1fe5f27c24ddd99465db3677,708,1771644771000000000
/bio/projects/katamari/data/CHAMMI-75/train/idr0017/P53-_-_LOPAC_Plate_2_Replicate_2.ome.zarr/F/11/1/0/zarr.json,True,current_source_metadata,46de69c79992ad6070fdc56925b26bd75771932d1fe5f27c24ddd99465db3677,708,1771644773000000000
/bio/projects/katamari/data/CHAMMI-75/train/idr0017/P53-_-_LOPAC_Plate_2_Replicate_2.ome.zarr/H/20/0/0/zarr.json,True,current_source_metadata,46de69c79992ad6070fdc56925b26bd75771932d1fe5f27c24ddd99465db3677,708,1771644775000000000
/bio/projects/katamari/data/CHAMMI-75/train/idr0017/P53-_-_LOPAC_Plate_2_Replicate_2.ome.zarr/K/19/0/0/zarr.json,True,current_source_metadata,46de69c79992ad6070fdc56925b26bd75771932d1fe5f27c24ddd99465db3677,708,1771644778000000000
/bio/projects/katamari/data/CHAMMI-75/train/idr0017/P53-_-_LOPAC_Plate_2_Replicate_2.ome.zarr/L/18/0/0/zarr.json,True,current_source_metadata,46de69c79992ad6070fdc56925b26bd75771932d1fe5f27c24ddd99465db3677,708,1771644779000000000
/bio/projects/katamari/data/CHAMMI-75/train/idr0017/P53-_-_LOPAC_Plate_2_Replicate_2.ome.zarr/L/19/0/0/zarr.json,True,current_source_metadata,46de69c79992ad6070fdc56925b26bd75771932d1fe5f27c24ddd99465db3677,708,1771644779000000000
/bio/projects/katamari/data/CHAMMI-75/train/idr0017/P53-_-_LOPAC_Plate_2_Replicate_2.ome.zarr/L/7/0/0/zarr.json,True,current_source_metadata,46de69c79992ad6070fdc56925b26bd75771932d1fe5f27c24ddd99465db3677,708,1771644779000000000
/bio/projects/katamari/data/CHAMMI-75/train/idr0017/P53-_-_LOPAC_Plate_3_Replicate_1.ome.zarr/C/20/3/0/zarr.json,True,current_source_metadata,46de69c79992ad6070fdc56925b26bd75771932d1fe5f27c24ddd99465db3677,708,1771644774000000000
/bio/projects/katamari/data/CHAMMI-75/train/idr0017/P53-_-_LOPAC_Plate_3_Replicate_2.ome.zarr/C/16/1/0/zarr.json,True,current_source_metadata,46de69c79992ad6070fdc56925b26bd75771932d1fe5f27c24ddd99465db3677,708,1771644611000000000
/bio/projects/katamari/data/CHAMMI-75/train/idr0017/P53-_-_LOPAC_Plate_3_Replicate_2.ome.zarr/C/3/2/0/zarr.json,True,current_source_metadata,46de69c79992ad6070fdc56925b26bd75771932d1fe5f27c24ddd99465db3677,708,1771644612000000000
/bio/projects/katamari/data/CHAMMI-75/train/idr0017/P53-_-_LOPAC_Plate_3_Replicate_2.ome.zarr/J/21/1/0/zarr.json,True,current_source_metadata,46de69c79992ad6070fdc56925b26bd75771932d1fe5f27c24ddd99465db3677,708,1771644618000000000
/bio/projects/katamari/data/CHAMMI-75/train/idr0017/P53-_-_LOPAC_Plate_3_Replicate_2.ome.zarr/K/22/2/0/zarr.json,True,current_source_metadata,46de69c79992ad6070fdc56925b26bd75771932d1fe5f27c24ddd99465db3677,708,1771644619000000000
/bio/projects/katamari/data/CHAMMI-75/train/idr0017/P53-_-_LOPAC_Plate_3_Replicate_2.ome.zarr/K/4/0/0/zarr.json,True,current_source_metadata,46de69c79992ad6070fdc56925b26bd75771932d1fe5f27c24ddd99465db3677,708,1771644619000000000
/bio/projects/katamari/data/CHAMMI-75/train/idr0017/P53-_-_LOPAC_Plate_3_Replicate_2.ome.zarr/M/12/1/0/zarr.json,True,current_source_metadata,46de69c79992ad6070fdc56925b26bd75771932d1fe5f27c24ddd99465db3677,708,1771644620000000000
/bio/projects/katamari/data/CHAMMI-75/train/idr0017/P53-_-_LOPAC_Plate_4_Replicate_1.ome.zarr/A/19/0/0/zarr.json,True,current_source_metadata,46de69c79992ad6070fdc56925b26bd75771932d1fe5f27c24ddd99465db3677,708,1771644833000000000
/bio/projects/katamari/data/CHAMMI-75/train/idr0017/P53-_-_LOPAC_Plate_4_Replicate_1.ome.zarr/J/10/0/0/zarr.json,True,current_source_metadata,46de69c79992ad6070fdc56925b26bd75771932d1fe5f27c24ddd99465db3677,708,1771644841000000000
/bio/projects/katamari/data/CHAMMI-75/train/idr0017/P53-_-_LOPAC_Plate_4_Replicate_1.ome.zarr/J/3/2/0/zarr.json,True,current_source_metadata,46de69c79992ad6070fdc56925b26bd75771932d1fe5f27c24ddd99465db3677,708,1771644842000000000
/bio/projects/katamari/data/CHAMMI-75/train/idr0017/P53-_-_LOPAC_Plate_4_Replicate_1.ome.zarr/M/9/1/0/zarr.json,True,current_source_metadata,46de69c79992ad6070fdc56925b26bd75771932d1fe5f27c24ddd99465db3677,708,1771644845000000000
/bio/projects/katamari/data/CHAMMI-75/train/idr0017/P53-_-_LOPAC_Plate_4_Replicate_1.ome.zarr/N/11/1/0/zarr.json,True,current_source_metadata,46de69c79992ad6070fdc56925b26bd75771932d1fe5f27c24ddd99465db3677,708,1771644845000000000
/bio/projects/katamari/data/CHAMMI-75/train/idr0017/P53-_-_LOPAC_Plate_4_Replicate_1.ome.zarr/O/12/1/0/zarr.json,True,current_source_metadata,46de69c79992ad6070fdc56925b26bd75771932d1fe5f27c24ddd99465db3677,708,1771644847000000000
/bio/projects/katamari/data/CHAMMI-75/train/idr0017/P53-_-_LOPAC_Plate_4_Replicate_1.ome.zarr/O/3/1/0/zarr.json,True,current_source_metadata,46de69c79992ad6070fdc56925b26bd75771932d1fe5f27c24ddd99465db3677,708,1771644847000000000
/bio/projects/katamari/data/CHAMMI-75/train/idr0017/P53-_-_LOPAC_Plate_4_Replicate_2.ome.zarr/M/16/0/0/zarr.json,True,current_source_metadata,46de69c79992ad6070fdc56925b26bd75771932d1fe5f27c24ddd99465db3677,708,1771644616000000000
/bio/projects/katamari/data/CHAMMI-75/train/idr0017/P53-_-_LOPAC_Plate_4_Replicate_2.ome.zarr/N/20/0/0/zarr.json,True,current_source_metadata,46de69c79992ad6070fdc56925b26bd75771932d1fe5f27c24ddd99465db3677,708,1771644618000000000
/bio/projects/katamari/data/CHAMMI-75/train/idr0017/PARENTAL001_LOPAC_Plate_1_Replicate_1.ome.zarr/D/3/0/0/zarr.json,True,current_source_metadata,46de69c79992ad6070fdc56925b26bd75771932d1fe5f27c24ddd99465db3677,708,1771644838000000000
/bio/projects/katamari/data/CHAMMI-75/train/idr0017/PARENTAL001_LOPAC_Plate_1_Replicate_1.ome.zarr/E/3/2/0/zarr.json,True,current_source_metadata,46de69c79992ad6070fdc56925b26bd75771932d1fe5f27c24ddd99465db3677,708,1771644839000000000
/bio/projects/katamari/data/CHAMMI-75/train/idr0017/PARENTAL001_LOPAC_Plate_1_Replicate_1.ome.zarr/G/21/0/0/zarr.json,True,current_source_metadata,46de69c79992ad6070fdc56925b26bd75771932d1fe5f27c24ddd99465db3677,708,1771644841000000000
/bio/projects/katamari/data/CHAMMI-75/train/idr0017/PARENTAL001_LOPAC_Plate_1_Replicate_1.ome.zarr/J/7/0/0/zarr.json,True,current_source_metadata,46de69c79992ad6070fdc56925b26bd75771932d1fe5f27c24ddd99465db3677,708,1771644844000000000
/bio/projects/katamari/data/CHAMMI-75/train/idr0017/PARENTAL001_LOPAC_Plate_1_Replicate_1.ome.zarr/M/18/3/0/zarr.json,True,current_source_metadata,46de69c79992ad6070fdc56925b26bd75771932d1fe5f27c24ddd99465db3677,708,1771644847000000000
/bio/projects/katamari/data/CHAMMI-75/train/idr0017/PARENTAL001_LOPAC_Plate_1_Replicate_1.ome.zarr/P/10/0/0/zarr.json,True,current_source_metadata,46de69c79992ad6070fdc56925b26bd75771932d1fe5f27c24ddd99465db3677,708,1771644849000000000
/bio/projects/katamari/data/CHAMMI-75/train/idr0017/PARENTAL001_LOPAC_Plate_1_Replicate_1.ome.zarr/P/12/2/0/zarr.json,True,current_source_metadata,46de69c79992ad6070fdc56925b26bd75771932d1fe5f27c24ddd99465db3677,708,1771644849000000000
/bio/projects/katamari/data/CHAMMI-75/train/idr0017/PARENTAL001_LOPAC_Plate_1_Replicate_1.ome.zarr/P/4/2/0/zarr.json,True,current_source_metadata,46de69c79992ad6070fdc56925b26bd75771932d1fe5f27c24ddd99465db3677,708,1771644850000000000
/bio/projects/katamari/data/CHAMMI-75/train/idr0017/PARENTAL001_LOPAC_Plate_1_Replicate_2.ome.zarr/G/15/0/0/zarr.json,True,current_source_metadata,46de69c79992ad6070fdc56925b26bd75771932d1fe5f27c24ddd99465db3677,708,1771644626000000000
/bio/projects/katamari/data/CHAMMI-75/train/idr0017/PARENTAL001_LOPAC_Plate_1_Replicate_2.ome.zarr/G/20/0/0/zarr.json,True,current_source_metadata,46de69c79992ad6070fdc56925b26bd75771932d1fe5f27c24ddd99465db3677,708,1771644626000000000
/bio/projects/katamari/data/CHAMMI-75/train/idr0017/PARENTAL001_LOPAC_Plate_1_Replicate_2.ome.zarr/H/8/2/0/zarr.json,True,current_source_metadata,46de69c79992ad6070fdc56925b26bd75771932d1fe5f27c24ddd99465db3677,708,1771644627000000000
/bio/projects/katamari/data/CHAMMI-75/train/idr0017/PARENTAL001_LOPAC_Plate_1_Replicate_2.ome.zarr/N/15/0/0/zarr.json,True,current_source_metadata,46de69c79992ad6070fdc56925b26bd75771932d1fe5f27c24ddd99465db3677,708,1771644632000000000
/bio/projects/katamari/data/CHAMMI-75/train/idr0017/PARENTAL001_LOPAC_Plate_2_Replicate_1.ome.zarr/A/17/2/0/zarr.json,True,current_source_metadata,46de69c79992ad6070fdc56925b26bd75771932d1fe5f27c24ddd99465db3677,708,1771644622000000000
/bio/projects/katamari/data/CHAMMI-75/train/idr0017/PARENTAL001_LOPAC_Plate_2_Replicate_1.ome.zarr/A/4/1/0/zarr.json,True,current_source_metadata,46de69c79992ad6070fdc56925b26bd75771932d1fe5f27c24ddd99465db3677,708,1771644622000000000
/bio/projects/katamari/data/CHAMMI-75/train/idr0017/PARENTAL001_LOPAC_Plate_2_Replicate_1.ome.zarr/H/22/0/0/zarr.json,True,current_source_metadata,46de69c79992ad6070fdc56925b26bd75771932d1fe5f27c24ddd99465db3677,708,1771644631000000000
/bio/projects/katamari/data/CHAMMI-75/train/idr0017/PARENTAL001_LOPAC_Plate_2_Replicate_1.ome.zarr/I/7/0/0/zarr.json,True,current_source_metadata,46de69c79992ad6070fdc56925b26bd75771932d1fe5f27c24ddd99465db3677,708,1771644633000000000
/bio/projects/katamari/data/CHAMMI-75/train/idr0017/PARENTAL001_LOPAC_Plate_2_Replicate_1.ome.zarr/J/3/0/0/zarr.json,True,current_source_metadata,46de69c79992ad6070fdc56925b26bd75771932d1fe5f27c24ddd99465db3677,708,1771644634000000000
/bio/projects/katamari/data/CHAMMI-75/train/idr0017/PARENTAL001_LOPAC_Plate_2_Replicate_1.ome.zarr/M/13/2/0/zarr.json,True,current_source_metadata,46de69c79992ad6070fdc56925b26bd75771932d1fe5f27c24ddd99465db3677,708,1771644637000000000
/bio/projects/katamari/data/CHAMMI-75/train/idr0017/PARENTAL001_LOPAC_Plate_2_Replicate_1.ome.zarr/M/6/2/0/zarr.json,True,current_source_metadata,46de69c79992ad6070fdc56925b26bd75771932d1fe5f27c24ddd99465db3677,708,1771644637000000000
/bio/projects/katamari/data/CHAMMI-75/train/idr0017/PARENTAL001_LOPAC_Plate_2_Replicate_2.ome.zarr/C/22/1/0/zarr.json,True,current_source_metadata,46de69c79992ad6070fdc56925b26bd75771932d1fe5f27c24ddd99465db3677,708,1771644762000000000
/bio/projects/katamari/data/CHAMMI-75/train/idr0017/PARENTAL001_LOPAC_Plate_2_Replicate_2.ome.zarr/I/13/0/0/zarr.json,True,current_source_metadata,46de69c79992ad6070fdc56925b26bd75771932d1fe5f27c24ddd99465db3677,708,1771644767000000000
/bio/projects/katamari/data/CHAMMI-75/train/idr0017/PARENTAL001_LOPAC_Plate_2_Replicate_2.ome.zarr/J/10/0/0/zarr.json,True,current_source_metadata,46de69c79992ad6070fdc56925b26bd75771932d1fe5f27c24ddd99465db3677,708,1771644768000000000
/bio/projects/katamari/data/CHAMMI-75/train/idr0017/PARENTAL001_LOPAC_Plate_3_Replicate_1.ome.zarr/A/5/2/0/zarr.json,True,current_source_metadata,46de69c79992ad6070fdc56925b26bd75771932d1fe5f27c24ddd99465db3677,708,1771644777000000000
/bio/projects/katamari/data/CHAMMI-75/train/idr0017/PARENTAL001_LOPAC_Plate_3_Replicate_1.ome.zarr/D/13/0/0/zarr.json,True,current_source_metadata,46de69c79992ad6070fdc56925b26bd75771932d1fe5f27c24ddd99465db3677,708,1771644779000000000
/bio/projects/katamari/data/CHAMMI-75/train/idr0017/PARENTAL001_LOPAC_Plate_3_Replicate_1.ome.zarr/P/5/1/0/zarr.json,True,current_source_metadata,46de69c79992ad6070fdc56925b26bd75771932d1fe5f27c24ddd99465db3677,708,1771644790000000000
/bio/projects/katamari/data/CHAMMI-75/train/idr0017/PARENTAL001_LOPAC_Plate_3_Replicate_2.ome.zarr/A/7/1/0/zarr.json,True,current_source_metadata,46de69c79992ad6070fdc56925b26bd75771932d1fe5f27c24ddd99465db3677,708,1771644816000000000
/bio/projects/katamari/data/CHAMMI-75/train/idr0017/PARENTAL001_LOPAC_Plate_3_Replicate_2.ome.zarr/B/22/0/0/zarr.json,True,current_source_metadata,46de69c79992ad6070fdc56925b26bd75771932d1fe5f27c24ddd99465db3677,708,1771644817000000000
/bio/projects/katamari/data/CHAMMI-75/train/idr0017/PARENTAL001_LOPAC_Plate_3_Replicate_2.ome.zarr/C/3/0/0/zarr.json,True,current_source_metadata,46de69c79992ad6070fdc56925b26bd75771932d1fe5f27c24ddd99465db3677,708,1771644818000000000
/bio/projects/katamari/data/CHAMMI-75/train/idr0017/PARENTAL001_LOPAC_Plate_3_Replicate_2.ome.zarr/F/5/0/0/zarr.json,True,current_source_metadata,46de69c79992ad6070fdc56925b26bd75771932d1fe5f27c24ddd99465db3677,708,1771644821000000000
/bio/projects/katamari/data/CHAMMI-75/train/idr0017/PARENTAL001_LOPAC_Plate_3_Replicate_2.ome.zarr/I/12/1/0/zarr.json,True,current_source_metadata,46de69c79992ad6070fdc56925b26bd75771932d1fe5f27c24ddd99465db3677,708,1771644823000000000
/bio/projects/katamari/data/CHAMMI-75/train/idr0017/PARENTAL001_LOPAC_Plate_3_Replicate_2.ome.zarr/K/4/1/0/zarr.json,True,current_source_metadata,46de69c79992ad6070fdc56925b26bd75771932d1fe5f27c24ddd99465db3677,708,1771644825000000000
/bio/projects/katamari/data/CHAMMI-75/train/idr0017/PARENTAL001_LOPAC_Plate_3_Replicate_2.ome.zarr/K/7/0/0/zarr.json,True,current_source_metadata,46de69c79992ad6070fdc56925b26bd75771932d1fe5f27c24ddd99465db3677,708,1771644825000000000
/bio/projects/katamari/data/CHAMMI-75/train/idr0017/PARENTAL001_LOPAC_Plate_3_Replicate_2.ome.zarr/L/4/2/0/zarr.json,True,current_source_metadata,46de69c79992ad6070fdc56925b26bd75771932d1fe5f27c24ddd99465db3677,708,1771644826000000000
/bio/projects/katamari/data/CHAMMI-75/train/idr0017/PARENTAL001_LOPAC_Plate_3_Replicate_2.ome.zarr/O/18/0/0/zarr.json,True,current_source_metadata,46de69c79992ad6070fdc56925b26bd75771932d1fe5f27c24ddd99465db3677,708,1771644829000000000
/bio/projects/katamari/data/CHAMMI-75/train/idr0017/PARENTAL001_LOPAC_Plate_3_Replicate_2.ome.zarr/P/9/0/0/zarr.json,True,current_source_metadata,46de69c79992ad6070fdc56925b26bd75771932d1fe5f27c24ddd99465db3677,708,1771644830000000000
/bio/projects/katamari/data/CHAMMI-75/train/idr0017/PARENTAL001_LOPAC_Plate_4_Replicate_1.ome.zarr/G/13/0/0/zarr.json,True,current_source_metadata,46de69c79992ad6070fdc56925b26bd75771932d1fe5f27c24ddd99465db3677,708,1771644617000000000
/bio/projects/katamari/data/CHAMMI-75/train/idr0017/PARENTAL001_LOPAC_Plate_4_Replicate_1.ome.zarr/H/12/1/0/zarr.json,True,current_source_metadata,46de69c79992ad6070fdc56925b26bd75771932d1fe5f27c24ddd99465db3677,708,1771644618000000000
/bio/projects/katamari/data/CHAMMI-75/train/idr0017/PARENTAL001_LOPAC_Plate_4_Replicate_1.ome.zarr/M/4/1/0/zarr.json,True,current_source_metadata,46de69c79992ad6070fdc56925b26bd75771932d1fe5f27c24ddd99465db3677,708,1771644624000000000
/bio/projects/katamari/data/CHAMMI-75/train/idr0017/PARENTAL001_LOPAC_Plate_4_Replicate_2.ome.zarr/A/9/2/0/zarr.json,True,current_source_metadata,46de69c79992ad6070fdc56925b26bd75771932d1fe5f27c24ddd99465db3677,708,1771644846000000000
/bio/projects/katamari/data/CHAMMI-75/train/idr0017/PARENTAL001_LOPAC_Plate_4_Replicate_2.ome.zarr/B/22/3/0/zarr.json,True,current_source_metadata,46de69c79992ad6070fdc56925b26bd75771932d1fe5f27c24ddd99465db3677,708,1771644847000000000
/bio/projects/katamari/data/CHAMMI-75/train/idr0017/PARENTAL001_LOPAC_Plate_4_Replicate_2.ome.zarr/B/8/0/0/zarr.json,True,current_source_metadata,46de69c79992ad6070fdc56925b26bd75771932d1fe5f27c24ddd99465db3677,708,1771644847000000000
/bio/projects/katamari/data/CHAMMI-75/train/idr0017/PARENTAL001_LOPAC_Plate_4_Replicate_2.ome.zarr/E/10/0/0/zarr.json,True,current_source_metadata,46de69c79992ad6070fdc56925b26bd75771932d1fe5f27c24ddd99465db3677,708,1771644849000000000
/bio/projects/katamari/data/CHAMMI-75/train/idr0017/PARENTAL001_LOPAC_Plate_4_Replicate_2.ome.zarr/G/16/1/0/zarr.json,True,current_source_metadata,46de69c79992ad6070fdc56925b26bd75771932d1fe5f27c24ddd99465db3677,708,1771644852000000000
/bio/projects/katamari/data/CHAMMI-75/train/idr0017/PARENTAL001_LOPAC_Plate_4_Replicate_2.ome.zarr/I/19/0/0/zarr.json,True,current_source_metadata,46de69c79992ad6070fdc56925b26bd75771932d1fe5f27c24ddd99465db3677,708,1771644854000000000
/bio/projects/katamari/data/CHAMMI-75/train/idr0017/PARENTAL001_LOPAC_Plate_4_Replicate_2.ome.zarr/L/15/0/0/zarr.json,True,current_source_metadata,46de69c79992ad6070fdc56925b26bd75771932d1fe5f27c24ddd99465db3677,708,1771644857000000000
/bio/projects/katamari/data/CHAMMI-75/train/idr0017/PARENTAL001_LOPAC_Plate_4_Replicate_2.ome.zarr/L/7/0/0/zarr.json,True,current_source_metadata,46de69c79992ad6070fdc56925b26bd75771932d1fe5f27c24ddd99465db3677,708,1771644857000000000
/bio/projects/katamari/data/CHAMMI-75/train/idr0017/PARENTAL001_LOPAC_Plate_4_Replicate_2.ome.zarr/O/18/1/0/zarr.json,True,current_source_metadata,46de69c79992ad6070fdc56925b26bd75771932d1fe5f27c24ddd99465db3677,708,1771644860000000000
/bio/projects/katamari/data/CHAMMI-75/train/idr0017/PARENTAL001_LOPAC_Plate_4_Replicate_2.ome.zarr/P/4/2/0/zarr.json,True,current_source_metadata,46de69c79992ad6070fdc56925b26bd75771932d1fe5f27c24ddd99465db3677,708,1771644861000000000
/bio/projects/katamari/data/CHAMMI-75/train/idr0017/PARENTAL007_LOPAC_Plate_1_Replicate_1.ome.zarr/A/21/1/0/zarr.json,True,current_source_metadata,46de69c79992ad6070fdc56925b26bd75771932d1fe5f27c24ddd99465db3677,708,1771644738000000000
/bio/projects/katamari/data/CHAMMI-75/train/idr0017/PARENTAL007_LOPAC_Plate_1_Replicate_1.ome.zarr/I/19/1/0/zarr.json,True,current_source_metadata,46de69c79992ad6070fdc56925b26bd75771932d1fe5f27c24ddd99465db3677,708,1771644746000000000
/bio/projects/katamari/data/CHAMMI-75/train/idr0017/PARENTAL007_LOPAC_Plate_1_Replicate_2.ome.zarr/A/15/1/0/zarr.json,True,current_source_metadata,46de69c79992ad6070fdc56925b26bd75771932d1fe5f27c24ddd99465db3677,708,1771644642000000000
/bio/projects/katamari/data/CHAMMI-75/train/idr0017/PARENTAL007_LOPAC_Plate_1_Replicate_2.ome.zarr/B/17/2/0/zarr.json,True,current_source_metadata,46de69c79992ad6070fdc56925b26bd75771932d1fe5f27c24ddd99465db3677,708,1771644644000000000
/bio/projects/katamari/data/CHAMMI-75/train/idr0017/PARENTAL007_LOPAC_Plate_1_Replicate_2.ome.zarr/C/22/2/0/zarr.json,True,current_source_metadata,46de69c79992ad6070fdc56925b26bd75771932d1fe5f27c24ddd99465db3677,708,1771644645000000000
/bio/projects/katamari/data/CHAMMI-75/train/idr0017/PARENTAL007_LOPAC_Plate_1_Replicate_2.ome.zarr/J/18/2/0/zarr.json,True,current_source_metadata,46de69c79992ad6070fdc56925b26bd75771932d1fe5f27c24ddd99465db3677,708,1771644653000000000
/bio/projects/katamari/data/CHAMMI-75/train/idr0017/PARENTAL007_LOPAC_Plate_1_Replicate_2.ome.zarr/J/4/2/0/zarr.json,True,current_source_metadata,46de69c79992ad6070fdc56925b26bd75771932d1fe5f27c24ddd99465db3677,708,1771644653000000000
/bio/projects/katamari/data/CHAMMI-75/train/idr0017/PARENTAL007_LOPAC_Plate_1_Replicate_2.ome.zarr/K/9/1/0/zarr.json,True,current_source_metadata,46de69c79992ad6070fdc56925b26bd75771932d1fe5f27c24ddd99465db3677,708,1771644654000000000
/bio/projects/katamari/data/CHAMMI-75/train/idr0017/PARENTAL007_LOPAC_Plate_2_Replicate_1.ome.zarr/G/7/2/0/zarr.json,True,current_source_metadata,46de69c79992ad6070fdc56925b26bd75771932d1fe5f27c24ddd99465db3677,708,1771644751000000000
/bio/projects/katamari/data/CHAMMI-75/train/idr0017/PARENTAL007_LOPAC_Plate_2_Replicate_1.ome.zarr/H/4/0/0/zarr.json,True,current_source_metadata,46de69c79992ad6070fdc56925b26bd75771932d1fe5f27c24ddd99465db3677,708,1771644751000000000
/bio/projects/katamari/data/CHAMMI-75/train/idr0017/PARENTAL007_LOPAC_Plate_2_Replicate_1.ome.zarr/O/17/0/0/zarr.json,True,current_source_metadata,46de69c79992ad6070fdc56925b26bd75771932d1fe5f27c24ddd99465db3677,708,1771644758000000000
/bio/projects/katamari/data/CHAMMI-75/train/idr0017/PARENTAL007_LOPAC_Plate_2_Replicate_1.ome.zarr/O/19/0/0/zarr.json,True,current_source_metadata,46de69c79992ad6070fdc56925b26bd75771932d1fe5f27c24ddd99465db3677,708,1771644758000000000
/bio/projects/katamari/data/CHAMMI-75/train/idr0017/PARENTAL007_LOPAC_Plate_2_Replicate_2.ome.zarr/A/6/2/0/zarr.json,True,current_source_metadata,46de69c79992ad6070fdc56925b26bd75771932d1fe5f27c24ddd99465db3677,708,1771644646000000000
/bio/projects/katamari/data/CHAMMI-75/train/idr0017/PARENTAL007_LOPAC_Plate_2_Replicate_2.ome.zarr/D/7/1/0/zarr.json,True,current_source_metadata,46de69c79992ad6070fdc56925b26bd75771932d1fe5f27c24ddd99465db3677,708,1771644649000000000
/bio/projects/katamari/data/CHAMMI-75/train/idr0017/PARENTAL007_LOPAC_Plate_2_Replicate_2.ome.zarr/F/3/2/0/zarr.json,True,current_source_metadata,46de69c79992ad6070fdc56925b26bd75771932d1fe5f27c24ddd99465db3677,708,1771644651000000000
/bio/projects/katamari/data/CHAMMI-75/train/idr0017/PARENTAL007_LOPAC_Plate_2_Replicate_2.ome.zarr/I/15/0/0/zarr.json,True,current_source_metadata,46de69c79992ad6070fdc56925b26bd75771932d1fe5f27c24ddd99465db3677,708,1771644653000000000
/bio/projects/katamari/data/CHAMMI-75/train/idr0017/PARENTAL007_LOPAC_Plate_2_Replicate_2.ome.zarr/O/6/0/0/zarr.json,True,current_source_metadata,46de69c79992ad6070fdc56925b26bd75771932d1fe5f27c24ddd99465db3677,708,1771644660000000000
/bio/projects/katamari/data/CHAMMI-75/train/idr0017/PARENTAL007_LOPAC_Plate_3_Replicate_1.ome.zarr/B/13/0/0/zarr.json,True,current_source_metadata,46de69c79992ad6070fdc56925b26bd75771932d1fe5f27c24ddd99465db3677,708,1771644649000000000
/bio/projects/katamari/data/CHAMMI-75/train/idr0017/PARENTAL007_LOPAC_Plate_3_Replicate_1.ome.zarr/C/16/1/0/zarr.json,True,current_source_metadata,46de69c79992ad6070fdc56925b26bd75771932d1fe5f27c24ddd99465db3677,708,1771644650000000000
/bio/projects/katamari/data/CHAMMI-75/train/idr0017/PARENTAL007_LOPAC_Plate_3_Replicate_1.ome.zarr/E/15/1/0/zarr.json,True,current_source_metadata,46de69c79992ad6070fdc56925b26bd75771932d1fe5f27c24ddd99465db3677,708,1771644652000000000
/bio/projects/katamari/data/CHAMMI-75/train/idr0017/PARENTAL007_LOPAC_Plate_3_Replicate_1.ome.zarr/E/15/2/0/zarr.json,True,current_source_metadata,46de69c79992ad6070fdc56925b26bd75771932d1fe5f27c24ddd99465db3677,708,1771644652000000000
/bio/projects/katamari/data/CHAMMI-75/train/idr0017/PARENTAL007_LOPAC_Plate_3_Replicate_1.ome.zarr/E/4/1/0/zarr.json,True,current_source_metadata,46de69c79992ad6070fdc56925b26bd75771932d1fe5f27c24ddd99465db3677,708,1771644653000000000
/bio/projects/katamari/data/CHAMMI-75/train/idr0017/PARENTAL007_LOPAC_Plate_3_Replicate_1.ome.zarr/F/20/1/0/zarr.json,True,current_source_metadata,46de69c79992ad6070fdc56925b26bd75771932d1fe5f27c24ddd99465db3677,708,1771644653000000000
/bio/projects/katamari/data/CHAMMI-75/train/idr0017/PARENTAL007_LOPAC_Plate_3_Replicate_1.ome.zarr/H/11/0/0/zarr.json,True,current_source_metadata,46de69c79992ad6070fdc56925b26bd75771932d1fe5f27c24ddd99465db3677,708,1771644655000000000
/bio/projects/katamari/data/CHAMMI-75/train/idr0017/PARENTAL007_LOPAC_Plate_3_Replicate_1.ome.zarr/J/14/1/0/zarr.json,True,current_source_metadata,46de69c79992ad6070fdc56925b26bd75771932d1fe5f27c24ddd99465db3677,708,1771644657000000000
/bio/projects/katamari/data/CHAMMI-75/train/idr0017/PARENTAL007_LOPAC_Plate_3_Replicate_1.ome.zarr/J/7/0/0/zarr.json,True,current_source_metadata,46de69c79992ad6070fdc56925b26bd75771932d1fe5f27c24ddd99465db3677,708,1771644658000000000
/bio/projects/katamari/data/CHAMMI-75/train/idr0017/PARENTAL007_LOPAC_Plate_3_Replicate_2.ome.zarr/A/18/3/0/zarr.json,True,current_source_metadata,46de69c79992ad6070fdc56925b26bd75771932d1fe5f27c24ddd99465db3677,708,1771644817000000000
/bio/projects/katamari/data/CHAMMI-75/train/idr0017/PARENTAL007_LOPAC_Plate_3_Replicate_2.ome.zarr/B/7/1/0/zarr.json,True,current_source_metadata,46de69c79992ad6070fdc56925b26bd75771932d1fe5f27c24ddd99465db3677,708,1771644818000000000
/bio/projects/katamari/data/CHAMMI-75/train/idr0017/PARENTAL007_LOPAC_Plate_3_Replicate_2.ome.zarr/C/20/0/0/zarr.json,True,current_source_metadata,46de69c79992ad6070fdc56925b26bd75771932d1fe5f27c24ddd99465db3677,708,1771644819000000000
/bio/projects/katamari/data/CHAMMI-75/train/idr0017/PARENTAL007_LOPAC_Plate_3_Replicate_2.ome.zarr/G/12/2/0/zarr.json,True,current_source_metadata,46de69c79992ad6070fdc56925b26bd75771932d1fe5f27c24ddd99465db3677,708,1771644822000000000
/bio/projects/katamari/data/CHAMMI-75/train/idr0017/PARENTAL007_LOPAC_Plate_3_Replicate_2.ome.zarr/G/16/1/0/zarr.json,True,current_source_metadata,46de69c79992ad6070fdc56925b26bd75771932d1fe5f27c24ddd99465db3677,708,1771644823000000000
/bio/projects/katamari/data/CHAMMI-75/train/idr0017/PARENTAL007_LOPAC_Plate_3_Replicate_2.ome.zarr/I/8/1/0/zarr.json,True,current_source_metadata,46de69c79992ad6070fdc56925b26bd75771932d1fe5f27c24ddd99465db3677,708,1771644825000000000
/bio/projects/katamari/data/CHAMMI-75/train/idr0017/PARENTAL007_LOPAC_Plate_4_Replicate_1.ome.zarr/C/16/1/0/zarr.json,True,current_source_metadata,46de69c79992ad6070fdc56925b26bd75771932d1fe5f27c24ddd99465db3677,708,1771644783000000000
/bio/projects/katamari/data/CHAMMI-75/train/idr0017/PARENTAL007_LOPAC_Plate_4_Replicate_1.ome.zarr/C/3/0/0/zarr.json,True,current_source_metadata,46de69c79992ad6070fdc56925b26bd75771932d1fe5f27c24ddd99465db3677,708,1771644783000000000
/bio/projects/katamari/data/CHAMMI-75/train/idr0017/PARENTAL007_LOPAC_Plate_4_Replicate_1.ome.zarr/F/3/0/0/zarr.json,True,current_source_metadata,46de69c79992ad6070fdc56925b26bd75771932d1fe5f27c24ddd99465db3677,708,1771644787000000000
/bio/projects/katamari/data/CHAMMI-75/train/idr0017/PARENTAL007_LOPAC_Plate_4_Replicate_1.ome.zarr/G/20/0/0/zarr.json,True,current_source_metadata,46de69c79992ad6070fdc56925b26bd75771932d1fe5f27c24ddd99465db3677,708,1771644788000000000
/bio/projects/katamari/data/CHAMMI-75/train/idr0017/PARENTAL007_LOPAC_Plate_4_Replicate_1.ome.zarr/J/5/0/0/zarr.json,True,current_source_metadata,46de69c79992ad6070fdc56925b26bd75771932d1fe5f27c24ddd99465db3677,708,1771644791000000000
/bio/projects/katamari/data/CHAMMI-75/train/idr0017/PARENTAL007_LOPAC_Plate_4_Replicate_1.ome.zarr/K/10/1/0/zarr.json,True,current_source_metadata,46de69c79992ad6070fdc56925b26bd75771932d1fe5f27c24ddd99465db3677,708,1771644791000000000
/bio/projects/katamari/data/CHAMMI-75/train/idr0017/PARENTAL007_LOPAC_Plate_4_Replicate_1.ome.zarr/N/16/1/0/zarr.json,True,current_source_metadata,46de69c79992ad6070fdc56925b26bd75771932d1fe5f27c24ddd99465db3677,708,1771644795000000000
/bio/projects/katamari/data/CHAMMI-75/train/idr0017/PARENTAL007_LOPAC_Plate_4_Replicate_2.ome.zarr/B/3/2/0/zarr.json,True,current_source_metadata,46de69c79992ad6070fdc56925b26bd75771932d1fe5f27c24ddd99465db3677,708,1771644747000000000
/bio/projects/katamari/data/CHAMMI-75/train/idr0017/PARENTAL007_LOPAC_Plate_4_Replicate_2.ome.zarr/C/6/1/0/zarr.json,True,current_source_metadata,46de69c79992ad6070fdc56925b26bd75771932d1fe5f27c24ddd99465db3677,708,1771644748000000000
/bio/projects/katamari/data/CHAMMI-75/train/idr0017/PI3KCA_mt-_wt+_LOPAC_Plate_1_Replicate_1.ome.zarr/B/3/0/0/zarr.json,True,current_source_metadata,46de69c79992ad6070fdc56925b26bd75771932d1fe5f27c24ddd99465db3677,708,1771644838000000000
/bio/projects/katamari/data/CHAMMI-75/train/idr0017/PI3KCA_mt-_wt+_LOPAC_Plate_1_Replicate_1.ome.zarr/J/13/0/0/zarr.json,True,current_source_metadata,46de69c79992ad6070fdc56925b26bd75771932d1fe5f27c24ddd99465db3677,708,1771644845000000000
/bio/projects/katamari/data/CHAMMI-75/train/idr0017/PI3KCA_mt-_wt+_LOPAC_Plate_1_Replicate_1.ome.zarr/M/20/1/0/zarr.json,True,current_source_metadata,46de69c79992ad6070fdc56925b26bd75771932d1fe5f27c24ddd99465db3677,708,1771644848000000000
/bio/projects/katamari/data/CHAMMI-75/train/idr0017/PI3KCA_mt-_wt+_LOPAC_Plate_1_Replicate_1.ome.zarr/P/12/1/0/zarr.json,True,current_source_metadata,46de69c79992ad6070fdc56925b26bd75771932d1fe5f27c24ddd99465db3677,708,1771644851000000000
/bio/projects/katamari/data/CHAMMI-75/train/idr0017/PI3KCA_mt-_wt+_LOPAC_Plate_1_Replicate_2.ome.zarr/L/5/1/0/zarr.json,True,current_source_metadata,46de69c79992ad6070fdc56925b26bd75771932d1fe5f27c24ddd99465db3677,708,1771644798000000000
/bio/projects/katamari/data/CHAMMI-75/train/idr0017/PI3KCA_mt-_wt+_LOPAC_Plate_2_Replicate_1.ome.zarr/B/13/0/0/zarr.json,True,current_source_metadata,46de69c79992ad6070fdc56925b26bd75771932d1fe5f27c24ddd99465db3677,708,1771644854000000000
/bio/projects/katamari/data/CHAMMI-75/train/idr0017/PI3KCA_mt-_wt+_LOPAC_Plate_2_Replicate_1.ome.zarr/C/11/2/0/zarr.json,True,current_source_metadata,46de69c79992ad6070fdc56925b26bd75771932d1fe5f27c24ddd99465db3677,708,1771644855000000000
/bio/projects/katamari/data/CHAMMI-75/train/idr0017/PI3KCA_mt-_wt+_LOPAC_Plate_2_Replicate_1.ome.zarr/I/12/0/0/zarr.json,True,current_source_metadata,46de69c79992ad6070fdc56925b26bd75771932d1fe5f27c24ddd99465db3677,708,1771644860000000000
/bio/projects/katamari/data/CHAMMI-75/train/idr0017/PI3KCA_mt-_wt+_LOPAC_Plate_2_Replicate_1.ome.zarr/K/6/0/0/zarr.json,True,current_source_metadata,46de69c79992ad6070fdc56925b26bd75771932d1fe5f27c24ddd99465db3677,708,1771644863000000000
/bio/projects/katamari/data/CHAMMI-75/train/idr0017/PI3KCA_mt-_wt+_LOPAC_Plate_2_Replicate_2.ome.zarr/D/15/0/0/zarr.json,True,current_source_metadata,46de69c79992ad6070fdc56925b26bd75771932d1fe5f27c24ddd99465db3677,708,1771644764000000000
/bio/projects/katamari/data/CHAMMI-75/train/idr0017/PI3KCA_mt-_wt+_LOPAC_Plate_2_Replicate_2.ome.zarr/E/14/1/0/zarr.json,True,current_source_metadata,46de69c79992ad6070fdc56925b26bd75771932d1fe5f27c24ddd99465db3677,708,1771644765000000000
/bio/projects/katamari/data/CHAMMI-75/train/idr0017/PI3KCA_mt-_wt+_LOPAC_Plate_2_Replicate_2.ome.zarr/E/17/0/0/zarr.json,True,current_source_metadata,46de69c79992ad6070fdc56925b26bd75771932d1fe5f27c24ddd99465db3677,708,1771644765000000000
/bio/projects/katamari/data/CHAMMI-75/train/idr0017/PI3KCA_mt-_wt+_LOPAC_Plate_2_Replicate_2.ome.zarr/K/18/1/0/zarr.json,True,current_source_metadata,46de69c79992ad6070fdc56925b26bd75771932d1fe5f27c24ddd99465db3677,708,1771644771000000000
/bio/projects/katamari/data/CHAMMI-75/train/idr0017/PI3KCA_mt-_wt+_LOPAC_Plate_2_Replicate_2.ome.zarr/K/22/3/0/zarr.json,True,current_source_metadata,46de69c79992ad6070fdc56925b26bd75771932d1fe5f27c24ddd99465db3677,708,1771644771000000000
/bio/projects/katamari/data/CHAMMI-75/train/idr0017/PI3KCA_mt-_wt+_LOPAC_Plate_2_Replicate_2.ome.zarr/M/16/0/0/zarr.json,True,current_source_metadata,46de69c79992ad6070fdc56925b26bd75771932d1fe5f27c24ddd99465db3677,708,1771644773000000000
/bio/projects/katamari/data/CHAMMI-75/train/idr0017/PI3KCA_mt-_wt+_LOPAC_Plate_2_Replicate_2.ome.zarr/N/17/0/0/zarr.json,True,current_source_metadata,46de69c79992ad6070fdc56925b26bd75771932d1fe5f27c24ddd99465db3677,708,1771644773000000000
/bio/projects/katamari/data/CHAMMI-75/train/idr0017/PI3KCA_mt-_wt+_LOPAC_Plate_3_Replicate_1.ome.zarr/H/11/0/0/zarr.json,True,current_source_metadata,46de69c79992ad6070fdc56925b26bd75771932d1fe5f27c24ddd99465db3677,708,1771644769000000000
/bio/projects/katamari/data/CHAMMI-75/train/idr0017/PI3KCA_mt-_wt+_LOPAC_Plate_3_Replicate_1.ome.zarr/H/21/0/0/zarr.json,True,current_source_metadata,46de69c79992ad6070fdc56925b26bd75771932d1fe5f27c24ddd99465db3677,708,1771644769000000000
/bio/projects/katamari/data/CHAMMI-75/train/idr0017/PI3KCA_mt-_wt+_LOPAC_Plate_3_Replicate_1.ome.zarr/L/22/0/0/zarr.json,True,current_source_metadata,46de69c79992ad6070fdc56925b26bd75771932d1fe5f27c24ddd99465db3677,708,1771644773000000000
/bio/projects/katamari/data/CHAMMI-75/train/idr0017/PI3KCA_mt-_wt+_LOPAC_Plate_3_Replicate_1.ome.zarr/L/8/0/0/zarr.json,True,current_source_metadata,46de69c79992ad6070fdc56925b26bd75771932d1fe5f27c24ddd99465db3677,708,1771644773000000000
/bio/projects/katamari/data/CHAMMI-75/train/idr0017/PI3KCA_mt-_wt+_LOPAC_Plate_3_Replicate_1.ome.zarr/O/19/0/0/zarr.json,True,current_source_metadata,46de69c79992ad6070fdc56925b26bd75771932d1fe5f27c24ddd99465db3677,708,1771644776000000000
/bio/projects/katamari/data/CHAMMI-75/train/idr0017/PI3KCA_mt-_wt+_LOPAC_Plate_3_Replicate_1.ome.zarr/O/8/1/0/zarr.json,True,current_source_metadata,46de69c79992ad6070fdc56925b26bd75771932d1fe5f27c24ddd99465db3677,708,1771644776000000000
/bio/projects/katamari/data/CHAMMI-75/train/idr0017/PI3KCA_mt-_wt+_LOPAC_Plate_3_Replicate_2.ome.zarr/I/9/0/0/zarr.json,True,current_source_metadata,46de69c79992ad6070fdc56925b26bd75771932d1fe5f27c24ddd99465db3677,708,1771644707000000000
/bio/projects/katamari/data/CHAMMI-75/train/idr0017/PI3KCA_mt-_wt+_LOPAC_Plate_3_Replicate_2.ome.zarr/K/22/1/0/zarr.json,True,current_source_metadata,46de69c79992ad6070fdc56925b26bd75771932d1fe5f27c24ddd99465db3677,708,1771644709000000000
/bio/projects/katamari/data/CHAMMI-75/train/idr0017/PI3KCA_mt-_wt+_LOPAC_Plate_3_Replicate_2.ome.zarr/O/15/0/0/zarr.json,True,current_source_metadata,46de69c79992ad6070fdc56925b26bd75771932d1fe5f27c24ddd99465db3677,708,1771644713000000000
/bio/projects/katamari/data/CHAMMI-75/train/idr0017/PI3KCA_mt-_wt+_LOPAC_Plate_4_Replicate_1.ome.zarr/A/6/0/0/zarr.json,True,current_source_metadata,46de69c79992ad6070fdc56925b26bd75771932d1fe5f27c24ddd99465db3677,708,1771644746000000000
/bio/projects/katamari/data/CHAMMI-75/train/idr0017/PI3KCA_mt-_wt+_LOPAC_Plate_4_Replicate_1.ome.zarr/B/16/1/0/zarr.json,True,current_source_metadata,46de69c79992ad6070fdc56925b26bd75771932d1fe5f27c24ddd99465db3677,708,1771644746000000000
/bio/projects/katamari/data/CHAMMI-75/train/idr0017/PI3KCA_mt-_wt+_LOPAC_Plate_4_Replicate_1.ome.zarr/I/16/2/0/zarr.json,True,current_source_metadata,46de69c79992ad6070fdc56925b26bd75771932d1fe5f27c24ddd99465db3677,708,1771644753000000000
/bio/projects/katamari/data/CHAMMI-75/train/idr0017/PI3KCA_mt-_wt+_LOPAC_Plate_4_Replicate_1.ome.zarr/I/21/0/0/zarr.json,True,current_source_metadata,46de69c79992ad6070fdc56925b26bd75771932d1fe5f27c24ddd99465db3677,708,1771644753000000000
/bio/projects/katamari/data/CHAMMI-75/train/idr0017/PI3KCA_mt-_wt+_LOPAC_Plate_4_Replicate_1.ome.zarr/I/6/1/0/zarr.json,True,current_source_metadata,46de69c79992ad6070fdc56925b26bd75771932d1fe5f27c24ddd99465db3677,708,1771644754000000000
/bio/projects/katamari/data/CHAMMI-75/train/idr0017/PI3KCA_mt-_wt+_LOPAC_Plate_4_Replicate_1.ome.zarr/K/4/0/0/zarr.json,True,current_source_metadata,46de69c79992ad6070fdc56925b26bd75771932d1fe5f27c24ddd99465db3677,708,1771644755000000000
/bio/projects/katamari/data/CHAMMI-75/train/idr0017/PI3KCA_mt-_wt+_LOPAC_Plate_4_Replicate_1.ome.zarr/K/4/2/0/zarr.json,True,current_source_metadata,46de69c79992ad6070fdc56925b26bd75771932d1fe5f27c24ddd99465db3677,708,1771644755000000000
/bio/projects/katamari/data/CHAMMI-75/train/idr0017/PI3KCA_mt-_wt+_LOPAC_Plate_4_Replicate_1.ome.zarr/L/8/0/0/zarr.json,True,current_source_metadata,46de69c79992ad6070fdc56925b26bd75771932d1fe5f27c24ddd99465db3677,708,1771644757000000000
/bio/projects/katamari/data/CHAMMI-75/train/idr0017/PI3KCA_mt-_wt+_LOPAC_Plate_4_Replicate_2.ome.zarr/B/18/0/0/zarr.json,True,current_source_metadata,46de69c79992ad6070fdc56925b26bd75771932d1fe5f27c24ddd99465db3677,708,1771644701000000000
/bio/projects/katamari/data/CHAMMI-75/train/idr0017/PI3KCA_mt-_wt+_LOPAC_Plate_4_Replicate_2.ome.zarr/F/9/0/0/zarr.json,True,current_source_metadata,46de69c79992ad6070fdc56925b26bd75771932d1fe5f27c24ddd99465db3677,708,1771644706000000000
/bio/projects/katamari/data/CHAMMI-75/train/idr0017/PI3KCA_mt-_wt+_LOPAC_Plate_4_Replicate_2.ome.zarr/M/6/0/0/zarr.json,True,current_source_metadata,46de69c79992ad6070fdc56925b26bd75771932d1fe5f27c24ddd99465db3677,708,1771644712000000000
/bio/projects/katamari/data/CHAMMI-75/train/idr0017/PI3KCA_mt-_wt+_LOPAC_Plate_4_Replicate_2.ome.zarr/P/11/2/0/zarr.json,True,current_source_metadata,46de69c79992ad6070fdc56925b26bd75771932d1fe5f27c24ddd99465db3677,708,1771644715000000000
/bio/projects/katamari/data/CHAMMI-75/train/idr0017/PTEN-_-_LOPAC_Plate_1_Replicate_1.ome.zarr/C/10/0/0/zarr.json,True,current_source_metadata,46de69c79992ad6070fdc56925b26bd75771932d1fe5f27c24ddd99465db3677,708,1771644650000000000
/bio/projects/katamari/data/CHAMMI-75/train/idr0017/PTEN-_-_LOPAC_Plate_1_Replicate_1.ome.zarr/G/8/1/0/zarr.json,True,current_source_metadata,46de69c79992ad6070fdc56925b26bd75771932d1fe5f27c24ddd99465db3677,708,1771644655000000000
/bio/projects/katamari/data/CHAMMI-75/train/idr0017/PTEN-_-_LOPAC_Plate_1_Replicate_1.ome.zarr/J/12/2/0/zarr.json,True,current_source_metadata,46de69c79992ad6070fdc56925b26bd75771932d1fe5f27c24ddd99465db3677,708,1771644657000000000
/bio/projects/katamari/data/CHAMMI-75/train/idr0017/PTEN-_-_LOPAC_Plate_1_Replicate_1.ome.zarr/M/15/0/0/zarr.json,True,current_source_metadata,46de69c79992ad6070fdc56925b26bd75771932d1fe5f27c24ddd99465db3677,708,1771644660000000000
/bio/projects/katamari/data/CHAMMI-75/train/idr0017/PTEN-_-_LOPAC_Plate_1_Replicate_1.ome.zarr/M/21/0/0/zarr.json,True,current_source_metadata,46de69c79992ad6070fdc56925b26bd75771932d1fe5f27c24ddd99465db3677,708,1771644661000000000
/bio/projects/katamari/data/CHAMMI-75/train/idr0017/PTEN-_-_LOPAC_Plate_1_Replicate_1.ome.zarr/O/10/1/0/zarr.json,True,current_source_metadata,46de69c79992ad6070fdc56925b26bd75771932d1fe5f27c24ddd99465db3677,708,1771644662000000000
/bio/projects/katamari/data/CHAMMI-75/train/idr0017/PTEN-_-_LOPAC_Plate_1_Replicate_2.ome.zarr/A/6/0/0/zarr.json,True,current_source_metadata,46de69c79992ad6070fdc56925b26bd75771932d1fe5f27c24ddd99465db3677,708,1771644616000000000
/bio/projects/katamari/data/CHAMMI-75/train/idr0017/PTEN-_-_LOPAC_Plate_1_Replicate_2.ome.zarr/C/15/2/0/zarr.json,True,current_source_metadata,46de69c79992ad6070fdc56925b26bd75771932d1fe5f27c24ddd99465db3677,708,1771644618000000000
/bio/projects/katamari/data/CHAMMI-75/train/idr0017/PTEN-_-_LOPAC_Plate_1_Replicate_2.ome.zarr/J/9/3/0/zarr.json,True,current_source_metadata,46de69c79992ad6070fdc56925b26bd75771932d1fe5f27c24ddd99465db3677,708,1771644624000000000
/bio/projects/katamari/data/CHAMMI-75/train/idr0017/PTEN-_-_LOPAC_Plate_1_Replicate_2.ome.zarr/K/11/2/0/zarr.json,True,current_source_metadata,46de69c79992ad6070fdc56925b26bd75771932d1fe5f27c24ddd99465db3677,708,1771644625000000000
/bio/projects/katamari/data/CHAMMI-75/train/idr0017/PTEN-_-_LOPAC_Plate_1_Replicate_2.ome.zarr/L/4/0/0/zarr.json,True,current_source_metadata,46de69c79992ad6070fdc56925b26bd75771932d1fe5f27c24ddd99465db3677,708,1771644626000000000
/bio/projects/katamari/data/CHAMMI-75/train/idr0017/PTEN-_-_LOPAC_Plate_1_Replicate_2.ome.zarr/O/12/1/0/zarr.json,True,current_source_metadata,46de69c79992ad6070fdc56925b26bd75771932d1fe5f27c24ddd99465db3677,708,1771644629000000000
/bio/projects/katamari/data/CHAMMI-75/train/idr0017/PTEN-_-_LOPAC_Plate_2_Replicate_1.ome.zarr/K/19/1/0/zarr.json,True,current_source_metadata,46de69c79992ad6070fdc56925b26bd75771932d1fe5f27c24ddd99465db3677,708,1771644617000000000
/bio/projects/katamari/data/CHAMMI-75/train/idr0017/PTEN-_-_LOPAC_Plate_2_Replicate_1.ome.zarr/K/22/0/0/zarr.json,True,current_source_metadata,46de69c79992ad6070fdc56925b26bd75771932d1fe5f27c24ddd99465db3677,708,1771644617000000000
/bio/projects/katamari/data/CHAMMI-75/train/idr0017/PTEN-_-_LOPAC_Plate_2_Replicate_1.ome.zarr/K/22/1/0/zarr.json,True,current_source_metadata,46de69c79992ad6070fdc56925b26bd75771932d1fe5f27c24ddd99465db3677,708,1771644617000000000
/bio/projects/katamari/data/CHAMMI-75/train/idr0017/PTEN-_-_LOPAC_Plate_2_Replicate_1.ome.zarr/N/3/1/0/zarr.json,True,current_source_metadata,46de69c79992ad6070fdc56925b26bd75771932d1fe5f27c24ddd99465db3677,708,1771644620000000000
/bio/projects/katamari/data/CHAMMI-75/train/idr0017/PTEN-_-_LOPAC_Plate_2_Replicate_1.ome.zarr/O/15/0/0/zarr.json,True,current_source_metadata,46de69c79992ad6070fdc56925b26bd75771932d1fe5f27c24ddd99465db3677,708,1771644621000000000
/bio/projects/katamari/data/CHAMMI-75/train/idr0017/PTEN-_-_LOPAC_Plate_2_Replicate_2.ome.zarr/A/6/2/0/zarr.json,True,current_source_metadata,46de69c79992ad6070fdc56925b26bd75771932d1fe5f27c24ddd99465db3677,708,1771644650000000000
/bio/projects/katamari/data/CHAMMI-75/train/idr0017/PTEN-_-_LOPAC_Plate_2_Replicate_2.ome.zarr/I/19/1/0/zarr.json,True,current_source_metadata,46de69c79992ad6070fdc56925b26bd75771932d1fe5f27c24ddd99465db3677,708,1771644657000000000
/bio/projects/katamari/data/CHAMMI-75/train/idr0017/PTEN-_-_LOPAC_Plate_2_Replicate_2.ome.zarr/M/11/0/0/zarr.json,True,current_source_metadata,46de69c79992ad6070fdc56925b26bd75771932d1fe5f27c24ddd99465db3677,708,1771644661000000000
/bio/projects/katamari/data/CHAMMI-75/train/idr0017/PTEN-_-_LOPAC_Plate_2_Replicate_2.ome.zarr/N/16/1/0/zarr.json,True,current_source_metadata,46de69c79992ad6070fdc56925b26bd75771932d1fe5f27c24ddd99465db3677,708,1771644662000000000
/bio/projects/katamari/data/CHAMMI-75/train/idr0017/PTEN-_-_LOPAC_Plate_2_Replicate_2.ome.zarr/P/11/3/0/zarr.json,True,current_source_metadata,46de69c79992ad6070fdc56925b26bd75771932d1fe5f27c24ddd99465db3677,708,1771644664000000000
/bio/projects/katamari/data/CHAMMI-75/train/idr0017/PTEN-_-_LOPAC_Plate_2_Replicate_2.ome.zarr/P/18/0/0/zarr.json,True,current_source_metadata,46de69c79992ad6070fdc56925b26bd75771932d1fe5f27c24ddd99465db3677,708,1771644665000000000
/bio/projects/katamari/data/CHAMMI-75/train/idr0017/PTEN-_-_LOPAC_Plate_3_Replicate_1.ome.zarr/B/20/3/0/zarr.json,True,current_source_metadata,46de69c79992ad6070fdc56925b26bd75771932d1fe5f27c24ddd99465db3677,708,1771644606000000000
/bio/projects/katamari/data/CHAMMI-75/train/idr0017/PTEN-_-_LOPAC_Plate_3_Replicate_1.ome.zarr/G/15/0/0/zarr.json,True,current_source_metadata,46de69c79992ad6070fdc56925b26bd75771932d1fe5f27c24ddd99465db3677,708,1771644611000000000
/bio/projects/katamari/data/CHAMMI-75/train/idr0017/PTEN-_-_LOPAC_Plate_3_Replicate_1.ome.zarr/H/9/2/0/zarr.json,True,current_source_metadata,46de69c79992ad6070fdc56925b26bd75771932d1fe5f27c24ddd99465db3677,708,1771644613000000000
/bio/projects/katamari/data/CHAMMI-75/train/idr0017/PTEN-_-_LOPAC_Plate_3_Replicate_1.ome.zarr/L/4/0/0/zarr.json,True,current_source_metadata,46de69c79992ad6070fdc56925b26bd75771932d1fe5f27c24ddd99465db3677,708,1771644616000000000
/bio/projects/katamari/data/CHAMMI-75/train/idr0017/PTEN-_-_LOPAC_Plate_3_Replicate_1.ome.zarr/N/4/1/0/zarr.json,True,current_source_metadata,46de69c79992ad6070fdc56925b26bd75771932d1fe5f27c24ddd99465db3677,708,1771644618000000000
/bio/projects/katamari/data/CHAMMI-75/train/idr0017/PTEN-_-_LOPAC_Plate_3_Replicate_2.ome.zarr/A/11/0/0/zarr.json,True,current_source_metadata,46de69c79992ad6070fdc56925b26bd75771932d1fe5f27c24ddd99465db3677,708,1771644600000000000
/bio/projects/katamari/data/CHAMMI-75/train/idr0017/PTEN-_-_LOPAC_Plate_3_Replicate_2.ome.zarr/A/8/0/0/zarr.json,True,current_source_metadata,46de69c79992ad6070fdc56925b26bd75771932d1fe5f27c24ddd99465db3677,708,1771644601000000000
/bio/projects/katamari/data/CHAMMI-75/train/idr0017/PTEN-_-_LOPAC_Plate_3_Replicate_2.ome.zarr/C/9/0/0/zarr.json,True,current_source_metadata,46de69c79992ad6070fdc56925b26bd75771932d1fe5f27c24ddd99465db3677,708,1771644603000000000
/bio/projects/katamari/data/CHAMMI-75/train/idr0017/PTEN-_-_LOPAC_Plate_3_Replicate_2.ome.zarr/L/22/0/0/zarr.json,True,current_source_metadata,46de69c79992ad6070fdc56925b26bd75771932d1fe5f27c24ddd99465db3677,708,1771644611000000000
/bio/projects/katamari/data/CHAMMI-75/train/idr0017/PTEN-_-_LOPAC_Plate_3_Replicate_2.ome.zarr/M/22/1/0/zarr.json,True,current_source_metadata,46de69c79992ad6070fdc56925b26bd75771932d1fe5f27c24ddd99465db3677,708,1771644612000000000
/bio/projects/katamari/data/CHAMMI-75/train/idr0017/PTEN-_-_LOPAC_Plate_3_Replicate_2.ome.zarr/N/9/2/0/zarr.json,True,current_source_metadata,46de69c79992ad6070fdc56925b26bd75771932d1fe5f27c24ddd99465db3677,708,1771644613000000000
/bio/projects/katamari/data/CHAMMI-75/train/idr0017/PTEN-_-_LOPAC_Plate_4_Replicate_1.ome.zarr/A/18/3/0/zarr.json,True,current_source_metadata,46de69c79992ad6070fdc56925b26bd75771932d1fe5f27c24ddd99465db3677,708,1771644826000000000
/bio/projects/katamari/data/CHAMMI-75/train/idr0017/PTEN-_-_LOPAC_Plate_4_Replicate_1.ome.zarr/B/22/1/0/zarr.json,True,current_source_metadata,46de69c79992ad6070fdc56925b26bd75771932d1fe5f27c24ddd99465db3677,708,1771644828000000000
/bio/projects/katamari/data/CHAMMI-75/train/idr0017/PTEN-_-_LOPAC_Plate_4_Replicate_1.ome.zarr/E/10/0/0/zarr.json,True,current_source_metadata,46de69c79992ad6070fdc56925b26bd75771932d1fe5f27c24ddd99465db3677,708,1771644830000000000
/bio/projects/katamari/data/CHAMMI-75/train/idr0017/PTEN-_-_LOPAC_Plate_4_Replicate_1.ome.zarr/H/20/1/0/zarr.json,True,current_source_metadata,46de69c79992ad6070fdc56925b26bd75771932d1fe5f27c24ddd99465db3677,708,1771644834000000000
/bio/projects/katamari/data/CHAMMI-75/train/idr0017/PTEN-_-_LOPAC_Plate_4_Replicate_1.ome.zarr/N/12/1/0/zarr.json,True,current_source_metadata,46de69c79992ad6070fdc56925b26bd75771932d1fe5f27c24ddd99465db3677,708,1771644839000000000
/bio/projects/katamari/data/CHAMMI-75/train/idr0017/PTEN-_-_LOPAC_Plate_4_Replicate_1.ome.zarr/P/12/0/0/zarr.json,True,current_source_metadata,46de69c79992ad6070fdc56925b26bd75771932d1fe5f27c24ddd99465db3677,708,1771644842000000000
/bio/projects/katamari/data/CHAMMI-75/train/idr0017/PTEN-_-_LOPAC_Plate_4_Replicate_2.ome.zarr/A/13/2/0/zarr.json,True,current_source_metadata,46de69c79992ad6070fdc56925b26bd75771932d1fe5f27c24ddd99465db3677,708,1771644786000000000
/bio/projects/katamari/data/CHAMMI-75/train/idr0017/PTEN-_-_LOPAC_Plate_4_Replicate_2.ome.zarr/A/4/0/0/zarr.json,True,current_source_metadata,46de69c79992ad6070fdc56925b26bd75771932d1fe5f27c24ddd99465db3677,708,1771644787000000000
/bio/projects/katamari/data/CHAMMI-75/train/idr0017/PTEN-_-_LOPAC_Plate_4_Replicate_2.ome.zarr/B/19/0/0/zarr.json,True,current_source_metadata,46de69c79992ad6070fdc56925b26bd75771932d1fe5f27c24ddd99465db3677,708,1771644788000000000
/bio/projects/katamari/data/CHAMMI-75/train/idr0017/PTEN-_-_LOPAC_Plate_4_Replicate_2.ome.zarr/F/10/0/0/zarr.json,True,current_source_metadata,46de69c79992ad6070fdc56925b26bd75771932d1fe5f27c24ddd99465db3677,708,1771644791000000000
/bio/projects/katamari/data/CHAMMI-75/train/idr0017/PTEN-_-_LOPAC_Plate_4_Replicate_2.ome.zarr/F/4/1/0/zarr.json,True,current_source_metadata,46de69c79992ad6070fdc56925b26bd75771932d1fe5f27c24ddd99465db3677,708,1771644792000000000
/bio/projects/katamari/data/CHAMMI-75/train/idr0017/PTEN-_-_LOPAC_Plate_4_Replicate_2.ome.zarr/G/5/1/0/zarr.json,True,current_source_metadata,46de69c79992ad6070fdc56925b26bd75771932d1fe5f27c24ddd99465db3677,708,1771644793000000000
/bio/projects/katamari/data/CHAMMI-75/train/idr0017/PTEN-_-_LOPAC_Plate_4_Replicate_2.ome.zarr/K/20/2/0/zarr.json,True,current_source_metadata,46de69c79992ad6070fdc56925b26bd75771932d1fe5f27c24ddd99465db3677,708,1771644796000000000
/bio/projects/katamari/data/CHAMMI-75/train/idr0017/PTEN-_-_LOPAC_Plate_4_Replicate_2.ome.zarr/K/6/2/0/zarr.json,True,current_source_metadata,46de69c79992ad6070fdc56925b26bd75771932d1fe5f27c24ddd99465db3677,708,1771644797000000000
/bio/projects/katamari/data/CHAMMI-75/train/idr0017/PTEN-_-_LOPAC_Plate_4_Replicate_2.ome.zarr/L/15/1/0/zarr.json,True,current_source_metadata,46de69c79992ad6070fdc56925b26bd75771932d1fe5f27c24ddd99465db3677,708,1771644797000000000
/bio/projects/katamari/data/CHAMMI-75/train/idr0017/PTEN-_-_LOPAC_Plate_4_Replicate_2.ome.zarr/M/9/1/0/zarr.json,True,current_source_metadata,46de69c79992ad6070fdc56925b26bd75771932d1fe5f27c24ddd99465db3677,708,1771644799000000000
/bio/projects/katamari/data/CHAMMI-75/train/idr0022/10-07-2012 Endo1c.ome.zarr/C/11/0/0/zarr.json,True,current_source_metadata,f1590c844b78d11928d397999be3c520acca445def98c1278ba8405fa4eaa814,708,1771663624000000000
/bio/projects/katamari/data/CHAMMI-75/train/idr0022/Hs578T_GPCR2b.ome.zarr/B/12/0/0/zarr.json,True,current_source_metadata,f1590c844b78d11928d397999be3c520acca445def98c1278ba8405fa4eaa814,708,1771663914000000000
/bio/projects/katamari/data/CHAMMI-75/train/idr0022/Hs578T_GPCR4b.ome.zarr/E/10/0/0/zarr.json,True,current_source_metadata,f1590c844b78d11928d397999be3c520acca445def98c1278ba8405fa4eaa814,708,1771663845000000000
/bio/projects/katamari/data/CHAMMI-75/train/idr0022/Hs578T_TF11e.ome.zarr/B/12/0/0/zarr.json,True,current_source_metadata,f1590c844b78d11928d397999be3c520acca445def98c1278ba8405fa4eaa814,708,1771664061000000000
/bio/projects/katamari/data/CHAMMI-75/train/idr0022/Hs578T_Ubi2c.ome.zarr/F/11/0/0/zarr.json,True,current_source_metadata,f1590c844b78d11928d397999be3c520acca445def98c1278ba8405fa4eaa814,708,1771663921000000000
/bio/projects/katamari/data/CHAMMI-75/train/idr0022/MDA231 Adhesome7b.ome.zarr/H/10/0/0/zarr.json,True,current_source_metadata,f1590c844b78d11928d397999be3c520acca445def98c1278ba8405fa4eaa814,708,1771665133000000000
/bio/projects/katamari/data/CHAMMI-75/train/idr0022/MDA231_TF20a.ome.zarr/H/9/0/0/zarr.json,True,current_source_metadata,f1590c844b78d11928d397999be3c520acca445def98c1278ba8405fa4eaa814,708,1771663731000000000
/bio/projects/katamari/data/CHAMMI-75/train/idr0022/MDA231_TF6c.ome.zarr/F/7/0/0/zarr.json,True,current_source_metadata,f1590c844b78d11928d397999be3c520acca445def98c1278ba8405fa4eaa814,708,1771663979000000000
/bio/projects/katamari/data/CHAMMI-75/train/idr0022/MDA231_TF8b.ome.zarr/G/6/0/0/zarr.json,True,current_source_metadata,f1590c844b78d11928d397999be3c520acca445def98c1278ba8405fa4eaa814,708,1771663603000000000
/bio/projects/katamari/data/CHAMMI-75/train/idr0022/MDA231_Val-2668d.ome.zarr/G/11/0/0/zarr.json,True,current_source_metadata,f1590c844b78d11928d397999be3c520acca445def98c1278ba8405fa4eaa814,708,1771663871000000000
/bio/projects/katamari/data/CHAMMI-75/train/idr0022/MDA231_plate_97a.ome.zarr/D/4/0/0/zarr.json,True,current_source_metadata,f1590c844b78d11928d397999be3c520acca445def98c1278ba8405fa4eaa814,708,1771663883000000000
/bio/projects/katamari/data/CHAMMI-75/train/idr0022/MF_VMR_Hs578T_Adhesome5a.ome.zarr/E/5/0/0/zarr.json,True,current_source_metadata,f1590c844b78d11928d397999be3c520acca445def98c1278ba8405fa4eaa814,708,1771663678000000000
/bio/projects/katamari/data/CHAMMI-75/train/idr0028/LM2_siGENOME_1B.ome.zarr/N/20/8/0/zarr.json,True,current_source_metadata,023d23d10f46380abf1a2071da13f050a0c27acaaa0ee51033753e9c645d75c3,704,1771645049000000000
/bio/projects/katamari/data/CHAMMI-75/train/idr0028/LM2_siGENOME_2A.ome.zarr/K/19/1/0/zarr.json,True,current_source_metadata,023d23d10f46380abf1a2071da13f050a0c27acaaa0ee51033753e9c645d75c3,704,1771663256000000000
/bio/projects/katamari/data/CHAMMI-75/train/idr0028/MDA-MB-231_ONTARGETPlus_1B.ome.zarr/C/16/10/0/zarr.json,True,current_source_metadata,2dbf1d6e4e038a94bc07fe7f9f68a7b3487c94b2c153a61522559072d4f555fe,704,1771644913000000000
/bio/projects/katamari/data/CHAMMI-75/train/idr0028/MDA-MB-231_siGENOME_1B.ome.zarr/E/9/4/0/zarr.json,True,current_source_metadata,2dbf1d6e4e038a94bc07fe7f9f68a7b3487c94b2c153a61522559072d4f555fe,704,1771645007000000000
/bio/projects/katamari/data/CHAMMI-75/train/idr0028/MDA-MB-231_siGENOME_1B.ome.zarr/L/21/4/0/zarr.json,True,current_source_metadata,2dbf1d6e4e038a94bc07fe7f9f68a7b3487c94b2c153a61522559072d4f555fe,704,1771645046000000000
/bio/projects/katamari/data/CHAMMI-75/train/idr0030/200972726[5176]_kinome_YAP_TAZ.ome.zarr/I/15/0/0/zarr.json,True,current_source_metadata,3897364500d2fc8498aa49d41be3a18348836aaf5169d4bda7564b44eb4bae6b,704,1771644942000000000
/bio/projects/katamari/data/CHAMMI-75/train/idr0030/200972726[5176]_kinome_YAP_TAZ.ome.zarr/L/12/11/0/zarr.json,True,current_source_metadata,3897364500d2fc8498aa49d41be3a18348836aaf5169d4bda7564b44eb4bae6b,704,1771644959000000000
/bio/projects/katamari/data/CHAMMI-75/train/idr0030/200972727[5177]_kinome_YAP_CD44.ome.zarr/E/3/13/0/zarr.json,True,current_source_metadata,3897364500d2fc8498aa49d41be3a18348836aaf5169d4bda7564b44eb4bae6b,704,1771644922000000000
/bio/projects/katamari/data/CHAMMI-75/train/idr0030/200972727[5177]_kinome_YAP_CD44.ome.zarr/J/4/5/0/zarr.json,True,current_source_metadata,3897364500d2fc8498aa49d41be3a18348836aaf5169d4bda7564b44eb4bae6b,704,1771644958000000000
/bio/projects/katamari/data/CHAMMI-75/train/idr0030/200972822[5178]_RhoGGG_YAP_CD44.ome.zarr/K/9/16/0/zarr.json,True,current_source_metadata,38b8c3eba2516c0fcf0cbcd351d2185c54dbb5053dfd6869ea2f282053746f0d,704,1771645031000000000
/bio/projects/katamari/data/CHAMMI-75/train/idr0030/200972986[5183]_kinome_YAP_TAZ.ome.zarr/E/7/8/0/zarr.json,True,current_source_metadata,3897364500d2fc8498aa49d41be3a18348836aaf5169d4bda7564b44eb4bae6b,704,1771644853000000000
/bio/projects/katamari/data/CHAMMI-75/train/idr0030/200973013[5185]_kinome_YAP_TAZ.ome.zarr/C/2/9/0/zarr.json,True,current_source_metadata,3897364500d2fc8498aa49d41be3a18348836aaf5169d4bda7564b44eb4bae6b,704,1771644714000000000
/bio/projects/katamari/data/CHAMMI-75/train/idr0030/200973013[5185]_kinome_YAP_TAZ.ome.zarr/D/8/9/0/zarr.json,True,current_source_metadata,3897364500d2fc8498aa49d41be3a18348836aaf5169d4bda7564b44eb4bae6b,704,1771644724000000000
/bio/projects/katamari/data/CHAMMI-75/train/idr0030/200973013[5185]_kinome_YAP_TAZ.ome.zarr/L/7/7/0/zarr.json,True,current_source_metadata,3897364500d2fc8498aa49d41be3a18348836aaf5169d4bda7564b44eb4bae6b,704,1771644783000000000
/bio/projects/katamari/data/CHAMMI-75/train/idr0033/41744.ome.zarr/O/14/6/0/zarr.json,True,current_source_metadata,fad85a85b49e25e7db2770c0010f4af10fefa7b8be23b3a3315cfc4153a0caae,708,1771643637000000000
/bio/projects/katamari/data/CHAMMI-75/train/idr0033/41749.ome.zarr/A/17/2/0/zarr.json,True,current_source_metadata,fad85a85b49e25e7db2770c0010f4af10fefa7b8be23b3a3315cfc4153a0caae,708,1771643581000000000
/bio/projects/katamari/data/CHAMMI-75/train/idr0033/41757.ome.zarr/N/17/8/0/zarr.json,True,current_source_metadata,fad85a85b49e25e7db2770c0010f4af10fefa7b8be23b3a3315cfc4153a0caae,708,1771643593000000000
/bio/projects/katamari/data/CHAMMI-75/train/idr0035/Week2_24161.ome.zarr/F/6/2/0/zarr.json,True,current_source_metadata,fb7d9c8e73fba1e6438b93ed186e05c6756ed315b91adc6d482976a01a9b9277,708,1771644851000000000
/bio/projects/katamari/data/CHAMMI-75/train/idr0035/Week5_28901.ome.zarr/F/8/1/0/zarr.json,True,current_source_metadata,fb7d9c8e73fba1e6438b93ed186e05c6756ed315b91adc6d482976a01a9b9277,708,1771664031000000000
/bio/projects/katamari/data/CHAMMI-75/train/idr0035/Week8_38241.ome.zarr/F/8/0/0/zarr.json,True,current_source_metadata,fb7d9c8e73fba1e6438b93ed186e05c6756ed315b91adc6d482976a01a9b9277,708,1771664050000000000
/bio/projects/katamari/data/CHAMMI-75/train/idr0037/experiment_16.ome.zarr/B/7/7/0/zarr.json,True,current_source_metadata,c6a10802642707eaa20e667018cf5e5a2b50dc2a9f2c2645af84bdd8e14b93ab,708,1771645192000000000
/bio/projects/katamari/data/CHAMMI-75/train/idr0037/experiment_51.ome.zarr/D/8/4/0/zarr.json,True,current_source_metadata,c6a10802642707eaa20e667018cf5e5a2b50dc2a9f2c2645af84bdd8e14b93ab,708,1771663401000000000
/bio/projects/katamari/data/CHAMMI-75/train/idr0037/experiment_63.ome.zarr/B/2/1/0/zarr.json,True,current_source_metadata,c6a10802642707eaa20e667018cf5e5a2b50dc2a9f2c2645af84bdd8e14b93ab,708,1771665383000000000
/bio/projects/katamari/data/CHAMMI-75/train/idr0037/idr0037-plate_31A-converted.ome.zarr/D/7/4/0/zarr.json,True,current_source_metadata,c6a10802642707eaa20e667018cf5e5a2b50dc2a9f2c2645af84bdd8e14b93ab,708,1771663272000000000
/bio/projects/katamari/data/CHAMMI-75/train/idr0056/1923.ome.zarr/L/10/4/0/zarr.json,True,current_source_metadata,97aea5121e2ae7665e1839e03f93d47364de3a3a5d9729ee7f26a89d89647e4f,704,1771645271000000000
/bio/projects/katamari/data/CHAMMI-75/train/idr0056/1927.ome.zarr/K/18/5/0/zarr.json,True,current_source_metadata,97aea5121e2ae7665e1839e03f93d47364de3a3a5d9729ee7f26a89d89647e4f,704,1771645253000000000
/bio/projects/katamari/data/CHAMMI-75/train/idr0056/1930.ome.zarr/E/11/4/0/zarr.json,True,current_source_metadata,97aea5121e2ae7665e1839e03f93d47364de3a3a5d9729ee7f26a89d89647e4f,704,1771645188000000000
/bio/projects/katamari/data/CHAMMI-75/train/idr0056/1982.ome.zarr/B/8/5/0/zarr.json,True,current_source_metadata,0cf4843fb571f965b3b530ec5d626e459121a0cba0c59e51a5d5ef04dd81b585,704,1771644944000000000
/bio/projects/katamari/data/CHAMMI-75/train/idr0056/1984.ome.zarr/K/4/0/0/zarr.json,True,current_source_metadata,0cf4843fb571f965b3b530ec5d626e459121a0cba0c59e51a5d5ef04dd81b585,704,1771644967000000000
/bio/projects/katamari/data/CHAMMI-75/train/idr0056/1987.ome.zarr/D/17/5/0/zarr.json,True,current_source_metadata,6ecf2d74569412d9f005f8686b6d95646d94e7436f32746c4a42470be1bb60f1,704,1771644936000000000
/bio/projects/katamari/data/CHAMMI-75/train/idr0056/1987.ome.zarr/O/9/3/0/zarr.json,True,current_source_metadata,6ecf2d74569412d9f005f8686b6d95646d94e7436f32746c4a42470be1bb60f1,704,1771644983000000000
/bio/projects/katamari/data/CHAMMI-75/train/idr0056/1988.ome.zarr/M/23/3/0/zarr.json,True,current_source_metadata,0cf4843fb571f965b3b530ec5d626e459121a0cba0c59e51a5d5ef04dd81b585,704,1771644990000000000
/bio/projects/katamari/data/CHAMMI-75/train/idr0069/1315012.ome.zarr/H/17/1/0/zarr.json,True,current_source_metadata,c212a2a2c652f9827fd2e2c2f8e0735d257afd5e5e3c33e3a5b37716c53c07a2,708,1771645667000000000
/bio/projects/katamari/data/CHAMMI-75/train/idr0069/1315055.ome.zarr/E/6/0/0/zarr.json,True,current_source_metadata,c212a2a2c652f9827fd2e2c2f8e0735d257afd5e5e3c33e3a5b37716c53c07a2,708,1771645688000000000
/bio/projects/katamari/data/CHAMMI-75/train/idr0069/1315066.ome.zarr/D/3/1/0/zarr.json,True,current_source_metadata,c212a2a2c652f9827fd2e2c2f8e0735d257afd5e5e3c33e3a5b37716c53c07a2,708,1771645747000000000
/bio/projects/katamari/data/CHAMMI-75/train/idr0069/1315082.ome.zarr/N/22/2/0/zarr.json,True,current_source_metadata,c212a2a2c652f9827fd2e2c2f8e0735d257afd5e5e3c33e3a5b37716c53c07a2,708,1771645603000000000
/bio/projects/katamari/data/CHAMMI-75/train/idr0069/1315085.ome.zarr/H/23/1/0/zarr.json,True,current_source_metadata,c212a2a2c652f9827fd2e2c2f8e0735d257afd5e5e3c33e3a5b37716c53c07a2,708,1771645599000000000
/bio/projects/katamari/data/CHAMMI-75/train/idr0069/1315085.ome.zarr/N/23/0/0/zarr.json,True,current_source_metadata,c212a2a2c652f9827fd2e2c2f8e0735d257afd5e5e3c33e3a5b37716c53c07a2,708,1771645605000000000
/bio/projects/katamari/data/CHAMMI-75/train/idr0069/1315092.ome.zarr/D/14/0/0/zarr.json,True,current_source_metadata,c212a2a2c652f9827fd2e2c2f8e0735d257afd5e5e3c33e3a5b37716c53c07a2,708,1771645532000000000
/bio/projects/katamari/data/CHAMMI-75/train/idr0069/1315109.ome.zarr/N/8/1/0/zarr.json,True,current_source_metadata,c212a2a2c652f9827fd2e2c2f8e0735d257afd5e5e3c33e3a5b37716c53c07a2,708,1771645657000000000
/bio/projects/katamari/data/CHAMMI-75/train/idr0069/1315110.ome.zarr/N/16/3/0/zarr.json,True,current_source_metadata,c212a2a2c652f9827fd2e2c2f8e0735d257afd5e5e3c33e3a5b37716c53c07a2,708,1771645750000000000
/bio/projects/katamari/data/CHAMMI-75/train/idr0069/1315111.ome.zarr/I/13/0/0/zarr.json,True,current_source_metadata,c212a2a2c652f9827fd2e2c2f8e0735d257afd5e5e3c33e3a5b37716c53c07a2,708,1771645172000000000
/bio/projects/katamari/data/CHAMMI-75/train/idr0069/1315123.ome.zarr/J/16/0/0/zarr.json,True,current_source_metadata,c212a2a2c652f9827fd2e2c2f8e0735d257afd5e5e3c33e3a5b37716c53c07a2,708,1771645729000000000
/bio/projects/katamari/data/CHAMMI-75/train/idr0072/20151029_Plate115_Meas_01.ome.zarr/E/10/2/0/zarr.json,True,current_source_metadata,f80f1dc5986f68b9eb13197c9d161880a5ebba7fd3934ad5198117bda6e8489a,706,1771646133000000000
/bio/projects/katamari/data/CHAMMI-75/train/idr0072/VAMP_DEG_20130921_Meas_01.ome.zarr/F/18/11/0/zarr.json,True,current_source_metadata,997f7ed5ba1d3a78c1a67956285e1bef2a2824615b4a100ebc9107005060c4eb,704,1771663904000000000
/bio/projects/katamari/data/CHAMMI-75/train/idr0072/VAMP_DEG_BIN1_Pl79_20140617_Meas_01.ome.zarr/O/2/13/0/zarr.json,True,current_source_metadata,76b9d4d07649fc6bf69528b14714ab5d413efce9c490592f8991e5c40ca56fcc,708,1771645936000000000
/bio/projects/katamari/data/CHAMMI-75/train/idr0072/VAMP_DEG_BIN1_Pl82_20140630_Meas_01.ome.zarr/C/9/1/0/zarr.json,True,current_source_metadata,76b9d4d07649fc6bf69528b14714ab5d413efce9c490592f8991e5c40ca56fcc,708,1771644057000000000
/bio/projects/katamari/data/CHAMMI-75/train/idr0072/VAMP_DEG_BIN_Pl81_20140629_Meas_01.ome.zarr/L/17/9/0/zarr.json,True,current_source_metadata,76b9d4d07649fc6bf69528b14714ab5d413efce9c490592f8991e5c40ca56fcc,708,1771644102000000000
/bio/projects/katamari/data/CHAMMI-75/train/idr0072/VAMP_DEG_BLUE_20120713_Meas_01.ome.zarr/O/14/5/0/zarr.json,True,current_source_metadata,b7ee4e3bee050a9544c69430437da466d0957a4bcb51d74f038c52e1bb6355eb,704,1771664250000000000
/bio/projects/katamari/data/CHAMMI-75/train/idr0072/VAMP_DEG_Pl101_20150513_Meas_04.ome.zarr/G/18/0/0/zarr.json,True,current_source_metadata,308d22ca77c97684f13a3d7e78bc896793530b4a7e88d691d9cce3d65c531cdf,708,1771663301000000000
/bio/projects/katamari/data/CHAMMI-75/train/idr0072/VAMP_DEG_Pl68_20140415_Meas_01.ome.zarr/B/16/3/0/zarr.json,True,current_source_metadata,e66dbe9b5866d22b4605dad9e049db519384306ee354ae1a0dcebc4a7d411575,708,1771663344000000000
/bio/projects/katamari/data/CHAMMI-75/train/idr0072/WS_MCF10A_Landmark_20180511_Meas_01.ome.zarr/B/7/1/0/zarr.json,True,current_source_metadata,2be78ac2c80963269440ef66535102e1a8fa1006028a6dd2f7b1c0fc1c71f51b,708,1771663686000000000
/bio/projects/katamari/data/CHAMMI-75/train/idr0072/idr0072-plate_5B-converted.ome.zarr/H/20/5/0/zarr.json,True,current_source_metadata,f80f1dc5986f68b9eb13197c9d161880a5ebba7fd3934ad5198117bda6e8489a,706,1771663247000000000
/bio/projects/katamari/data/CHAMMI-75/train/idr0080/SQ00014610.ome.zarr/O/16/4/0/zarr.json,True,current_source_metadata,79bc529c8eb3a2e8a63c6c9262b1edcc0b83792fcf70dc041ae6f867dceb0c61,708,1771643607000000000
/bio/projects/katamari/data/CHAMMI-75/train/idr0081/idr0081-plate_14E-converted.ome.zarr/D/20/0/0/zarr.json,True,current_source_metadata,46de69c79992ad6070fdc56925b26bd75771932d1fe5f27c24ddd99465db3677,708,1771645906000000000
/bio/projects/katamari/data/CHAMMI-75/train/idr0081/idr0081-plate_2E-converted.ome.zarr/L/6/0/0/zarr.json,True,current_source_metadata,46de69c79992ad6070fdc56925b26bd75771932d1fe5f27c24ddd99465db3677,708,1771645848000000000
/bio/projects/katamari/data/CHAMMI-75/train/idr0088/1013608254.ome.zarr/N/16/0/0/zarr.json,True,current_source_metadata,5eba1d8e54f0f9fde8f0344d46be754583d78ab31add34b12ffe0358bed3f30c,708,1771664357000000000
/bio/projects/katamari/data/CHAMMI-75/train/idr0088/110000251212.ome.zarr/H/16/0/0/zarr.json,True,current_source_metadata,5eba1d8e54f0f9fde8f0344d46be754583d78ab31add34b12ffe0358bed3f30c,708,1771664810000000000
/bio/projects/katamari/data/CHAMMI-75/train/idr0088/110000251270.ome.zarr/G/9/0/0/zarr.json,True,current_source_metadata,5eba1d8e54f0f9fde8f0344d46be754583d78ab31add34b12ffe0358bed3f30c,708,1771665066000000000
/bio/projects/katamari/data/CHAMMI-75/train/idr0088/110000251422.ome.zarr/J/17/0/0/zarr.json,True,current_source_metadata,5eba1d8e54f0f9fde8f0344d46be754583d78ab31add34b12ffe0358bed3f30c,708,1771664841000000000
/bio/projects/katamari/data/CHAMMI-75/train/idr0088/110000251595.ome.zarr/H/12/0/0/zarr.json,True,current_source_metadata,5eba1d8e54f0f9fde8f0344d46be754583d78ab31add34b12ffe0358bed3f30c,708,1771664962000000000
/bio/projects/katamari/data/CHAMMI-75/train/idr0088/110000251737.ome.zarr/J/11/0/0/zarr.json,True,current_source_metadata,5eba1d8e54f0f9fde8f0344d46be754583d78ab31add34b12ffe0358bed3f30c,708,1771665063000000000
/bio/projects/katamari/data/CHAMMI-75/train/idr0088/110000251827.ome.zarr/G/19/0/0/zarr.json,True,current_source_metadata,5eba1d8e54f0f9fde8f0344d46be754583d78ab31add34b12ffe0358bed3f30c,708,1771664923000000000
/bio/projects/katamari/data/CHAMMI-75/train/idr0088/110000251863.ome.zarr/D/8/0/0/zarr.json,True,current_source_metadata,5eba1d8e54f0f9fde8f0344d46be754583d78ab31add34b12ffe0358bed3f30c,708,1771664840000000000
/bio/projects/katamari/data/CHAMMI-75/train/idr0088/110000251912.ome.zarr/J/18/1/0/zarr.json,True,current_source_metadata,5eba1d8e54f0f9fde8f0344d46be754583d78ab31add34b12ffe0358bed3f30c,708,1771665020000000000
/bio/projects/katamari/data/CHAMMI-75/train/idr0088/110000252069.ome.zarr/G/11/0/0/zarr.json,True,current_source_metadata,5eba1d8e54f0f9fde8f0344d46be754583d78ab31add34b12ffe0358bed3f30c,708,1771665125000000000
/bio/projects/katamari/data/CHAMMI-75/train/idr0088/110000252080.ome.zarr/O/12/1/0/zarr.json,True,current_source_metadata,5eba1d8e54f0f9fde8f0344d46be754583d78ab31add34b12ffe0358bed3f30c,708,1771664929000000000
/bio/projects/katamari/data/CHAMMI-75/train/idr0088/110000252110.ome.zarr/H/13/0/0/zarr.json,True,current_source_metadata,5eba1d8e54f0f9fde8f0344d46be754583d78ab31add34b12ffe0358bed3f30c,708,1771664945000000000
/bio/projects/katamari/data/CHAMMI-75/train/idr0088/110000252125.ome.zarr/K/4/0/0/zarr.json,True,current_source_metadata,5eba1d8e54f0f9fde8f0344d46be754583d78ab31add34b12ffe0358bed3f30c,708,1771664795000000000
/bio/projects/katamari/data/CHAMMI-75/train/idr0088/110000252135.ome.zarr/N/8/0/0/zarr.json,True,current_source_metadata,5eba1d8e54f0f9fde8f0344d46be754583d78ab31add34b12ffe0358bed3f30c,708,1771664859000000000
/bio/projects/katamari/data/CHAMMI-75/train/idr0088/110000252169.ome.zarr/O/11/0/0/zarr.json,True,current_source_metadata,5eba1d8e54f0f9fde8f0344d46be754583d78ab31add34b12ffe0358bed3f30c,708,1771664854000000000
/bio/projects/katamari/data/CHAMMI-75/train/idr0088/110000252227.ome.zarr/B/9/0/0/zarr.json,True,current_source_metadata,5eba1d8e54f0f9fde8f0344d46be754583d78ab31add34b12ffe0358bed3f30c,708,1771664937000000000
/bio/projects/katamari/data/CHAMMI-75/train/idr0088/110000252286.ome.zarr/J/19/1/0/zarr.json,True,current_source_metadata,5eba1d8e54f0f9fde8f0344d46be754583d78ab31add34b12ffe0358bed3f30c,708,1771664061000000000
/bio/projects/katamari/data/CHAMMI-75/train/idr0088/110000252298.ome.zarr/G/3/0/0/zarr.json,True,current_source_metadata,5eba1d8e54f0f9fde8f0344d46be754583d78ab31add34b12ffe0358bed3f30c,708,1771664052000000000
/bio/projects/katamari/data/CHAMMI-75/train/idr0088/110000252324.ome.zarr/C/4/0/0/zarr.json,True,current_source_metadata,5eba1d8e54f0f9fde8f0344d46be754583d78ab31add34b12ffe0358bed3f30c,708,1771664230000000000
/bio/projects/katamari/data/CHAMMI-75/train/idr0088/110000252353.ome.zarr/O/20/0/0/zarr.json,True,current_source_metadata,5eba1d8e54f0f9fde8f0344d46be754583d78ab31add34b12ffe0358bed3f30c,708,1771664161000000000
/bio/projects/katamari/data/CHAMMI-75/train/idr0088/110000252356.ome.zarr/N/4/0/0/zarr.json,True,current_source_metadata,5eba1d8e54f0f9fde8f0344d46be754583d78ab31add34b12ffe0358bed3f30c,708,1771664193000000000
/bio/projects/katamari/data/CHAMMI-75/train/idr0088/110000252375.ome.zarr/N/16/0/0/zarr.json,True,current_source_metadata,5eba1d8e54f0f9fde8f0344d46be754583d78ab31add34b12ffe0358bed3f30c,708,1771664115000000000
/bio/projects/katamari/data/CHAMMI-75/train/idr0088/110000252436.ome.zarr/H/16/0/0/zarr.json,True,current_source_metadata,5eba1d8e54f0f9fde8f0344d46be754583d78ab31add34b12ffe0358bed3f30c,708,1771668414000000000
/bio/projects/katamari/data/CHAMMI-75/train/idr0088/110000252438.ome.zarr/J/12/0/0/zarr.json,True,current_source_metadata,5eba1d8e54f0f9fde8f0344d46be754583d78ab31add34b12ffe0358bed3f30c,708,1771664073000000000
/bio/projects/katamari/data/CHAMMI-75/train/idr0088/110000252458.ome.zarr/C/9/0/0/zarr.json,True,current_source_metadata,5eba1d8e54f0f9fde8f0344d46be754583d78ab31add34b12ffe0358bed3f30c,708,1771664235000000000
/bio/projects/katamari/data/CHAMMI-75/train/idr0088/110000252478.ome.zarr/N/6/0/0/zarr.json,True,current_source_metadata,5eba1d8e54f0f9fde8f0344d46be754583d78ab31add34b12ffe0358bed3f30c,708,1771664056000000000
/bio/projects/katamari/data/CHAMMI-75/train/idr0088/110000252513.ome.zarr/L/16/0/0/zarr.json,True,current_source_metadata,5eba1d8e54f0f9fde8f0344d46be754583d78ab31add34b12ffe0358bed3f30c,708,1771664085000000000
/bio/projects/katamari/data/CHAMMI-75/train/idr0088/110000252536.ome.zarr/D/17/0/0/zarr.json,True,current_source_metadata,5eba1d8e54f0f9fde8f0344d46be754583d78ab31add34b12ffe0358bed3f30c,708,1771664143000000000
/bio/projects/katamari/data/CHAMMI-75/train/idr0088/110000252536.ome.zarr/O/22/0/0/zarr.json,True,current_source_metadata,5eba1d8e54f0f9fde8f0344d46be754583d78ab31add34b12ffe0358bed3f30c,708,1771664147000000000
/bio/projects/katamari/data/CHAMMI-75/train/idr0088/110000252539.ome.zarr/O/9/1/0/zarr.json,True,current_source_metadata,5eba1d8e54f0f9fde8f0344d46be754583d78ab31add34b12ffe0358bed3f30c,708,1771664134000000000
/bio/projects/katamari/data/CHAMMI-75/train/idr0089/AC16_CRY2_Rep2.ome.zarr/W/AC16T18d24h37d2hRep2PoorProbeChan1Cry2Chan2DAPIChan318png/1/0/zarr.json,True,current_source_metadata,e5f87c51761d5a1697de38ef313b026237b5151d243850e436abeaa2558be28f,704,1771665130000000000
/bio/projects/katamari/data/CHAMMI-75/train/idr0093/1.ome.zarr/H/15/0/0/zarr.json,True,current_source_metadata,8d778e1de24bd23dfa4c78a355f528fce0639a04bcb1be3b8a3b877985f5662a,708,1771643990000000000
/bio/projects/katamari/data/CHAMMI-75/train/idr0093/12.ome.zarr/I/2/4/0/zarr.json,True,current_source_metadata,8d778e1de24bd23dfa4c78a355f528fce0639a04bcb1be3b8a3b877985f5662a,708,1771643587000000000
/bio/projects/katamari/data/CHAMMI-75/train/idr0093/24.ome.zarr/I/13/1/0/zarr.json,True,current_source_metadata,8d778e1de24bd23dfa4c78a355f528fce0639a04bcb1be3b8a3b877985f5662a,708,1771643992000000000
/bio/projects/katamari/data/CHAMMI-75/train/idr0093/30.ome.zarr/N/6/2/0/zarr.json,True,current_source_metadata,8d778e1de24bd23dfa4c78a355f528fce0639a04bcb1be3b8a3b877985f5662a,708,1771643965000000000
/bio/projects/katamari/data/CHAMMI-75/train/idr0093/31.ome.zarr/L/17/2/0/zarr.json,True,current_source_metadata,8d778e1de24bd23dfa4c78a355f528fce0639a04bcb1be3b8a3b877985f5662a,708,1771643589000000000
/bio/projects/katamari/data/CHAMMI-75/train/idr0093/33.ome.zarr/E/8/0/0/zarr.json,True,current_source_metadata,8d778e1de24bd23dfa4c78a355f528fce0639a04bcb1be3b8a3b877985f5662a,708,1771643535000000000
/bio/projects/katamari/data/CHAMMI-75/train/idr0093/37.ome.zarr/F/5/1/0/zarr.json,True,current_source_metadata,8d778e1de24bd23dfa4c78a355f528fce0639a04bcb1be3b8a3b877985f5662a,708,1771643585000000000
/bio/projects/katamari/data/CHAMMI-75/train/idr0093/7.ome.zarr/H/11/1/0/zarr.json,True,current_source_metadata,8d778e1de24bd23dfa4c78a355f528fce0639a04bcb1be3b8a3b877985f5662a,708,1771644018000000000
/bio/projects/katamari/data/CHAMMI-75/train/idr0094/ESP0025720.ome.zarr/C/8/3/0/zarr.json,True,current_source_metadata,0050d3a6768bb65e362e9177c97cc03e46eee8101d40a7c944d76a9f2a4399c7,708,1771664838000000000
/bio/projects/katamari/data/CHAMMI-75/train/idr0094/ESP0025738.ome.zarr/B/4/3/0/zarr.json,True,current_source_metadata,0050d3a6768bb65e362e9177c97cc03e46eee8101d40a7c944d76a9f2a4399c7,708,1771664918000000000
/bio/projects/katamari/data/CHAMMI-75/train/idr0094/ESP0025744.ome.zarr/H/10/1/0/zarr.json,True,current_source_metadata,0050d3a6768bb65e362e9177c97cc03e46eee8101d40a7c944d76a9f2a4399c7,708,1771663975000000000
/bio/projects/katamari/data/CHAMMI-75/train/idr0094/ESP0025750.ome.zarr/A/5/1/0/zarr.json,True,current_source_metadata,0050d3a6768bb65e362e9177c97cc03e46eee8101d40a7c944d76a9f2a4399c7,708,1771665106000000000
/bio/projects/katamari/data/CHAMMI-75/train/idr0094/ESP0025762.ome.zarr/H/10/3/0/zarr.json,True,current_source_metadata,0050d3a6768bb65e362e9177c97cc03e46eee8101d40a7c944d76a9f2a4399c7,708,1771664905000000000
/bio/projects/katamari/data/CHAMMI-75/train/idr0094/ESP0025762.ome.zarr/H/4/4/0/zarr.json,True,current_source_metadata,0050d3a6768bb65e362e9177c97cc03e46eee8101d40a7c944d76a9f2a4399c7,708,1771664906000000000
/bio/projects/katamari/data/CHAMMI-75/train/idr0094/ESP0025845.ome.zarr/E/4/2/0/zarr.json,True,current_source_metadata,0050d3a6768bb65e362e9177c97cc03e46eee8101d40a7c944d76a9f2a4399c7,708,1771664749000000000
/bio/projects/katamari/data/CHAMMI-75/train/idr0094/ESP0025936.ome.zarr/F/8/5/0/zarr.json,True,current_source_metadata,0050d3a6768bb65e362e9177c97cc03e46eee8101d40a7c944d76a9f2a4399c7,708,1771665047000000000
/bio/projects/katamari/data/CHAMMI-75/train/idr0094/GUF0000029.ome.zarr/E/5/4/0/zarr.json,True,current_source_metadata,0050d3a6768bb65e362e9177c97cc03e46eee8101d40a7c944d76a9f2a4399c7,708,1771664555000000000
/bio/projects/katamari/data/CHAMMI-75/train/idr0094/GUF0000046.ome.zarr/H/1/3/0/zarr.json,True,current_source_metadata,0050d3a6768bb65e362e9177c97cc03e46eee8101d40a7c944d76a9f2a4399c7,708,1771664761000000000
/bio/projects/katamari/data/CHAMMI-75/train/idr0094/GUF0000050.ome.zarr/B/8/0/0/zarr.json,True,current_source_metadata,0050d3a6768bb65e362e9177c97cc03e46eee8101d40a7c944d76a9f2a4399c7,708,1771664733000000000
/bio/projects/katamari/data/CHAMMI-75/train/idr0120/NK cells traitements references Yolla 22112018__2018-11-22T15_58_29-Measurement 1b.ome.zarr/E/6/51/0/zarr.json,True,current_source_metadata,fad85a85b49e25e7db2770c0010f4af10fefa7b8be23b3a3315cfc4153a0caae,708,1771643645000000000
/bio/projects/katamari/data/CHAMMI-75/train/idr0120/YOLLA jurkat PLL PLAQUE 1 09072018__2018-07-09T09_50_28-Measurement 2b.ome.zarr/A/9/21/0/zarr.json,True,current_source_metadata,fad85a85b49e25e7db2770c0010f4af10fefa7b8be23b3a3315cfc4153a0caae,708,1771669844000000000
/bio/projects/katamari/data/CHAMMI-75/train/idr0120/Yolla 20190624 2arp pts 3Nd act488 perf555 LFA1-647 dapi__2019-06-24T10_29_00-Measurement 1.ome.zarr/H/7/36/0/zarr.json,True,current_source_metadata,703ed4846ba3db914b5b45d9cbc929fbdcb1e619ec0fc9fadc63c1af75e58485,708,1771644046000000000
/bio/projects/katamari/data/CHAMMI-75/train/idr0120/Yolla jurkat icam okt3 plate 1 27062018__2018-06-27T19_12_37-Measurement 1b.ome.zarr/B/5/4/0/zarr.json,True,current_source_metadata,fad85a85b49e25e7db2770c0010f4af10fefa7b8be23b3a3315cfc4153a0caae,708,1771669859000000000
/bio/projects/katamari/data/CHAMMI-75/train/idr0120/Yolla jurkat icam okt3 plate 1 27062018__2018-06-27T19_12_37-Measurement 1b.ome.zarr/F/4/16/0/zarr.json,True,current_source_metadata,fad85a85b49e25e7db2770c0010f4af10fefa7b8be23b3a3315cfc4153a0caae,708,1771669921000000000
/bio/projects/katamari/data/CHAMMI-75/train/idr0129/3B.ome.zarr/K/17/0/0/zarr.json,True,current_source_metadata,46de69c79992ad6070fdc56925b26bd75771932d1fe5f27c24ddd99465db3677,708,1771645797000000000
/bio/projects/katamari/data/CHAMMI-75/train/idr0130/BSF020906-2D.ome.zarr/C/12/0/0/zarr.json,True,current_source_metadata,91371b83b49ace10fbcc6ebb70d72fb473d14ee1190652c14c81b428ed9f1753,708,1771645472000000000
/bio/projects/katamari/data/CHAMMI-75/train/idr0133/BR00110003.ome.zarr/D/13/1/0/zarr.json,True,current_source_metadata,79bc529c8eb3a2e8a63c6c9262b1edcc0b83792fcf70dc041ae6f867dceb0c61,708,1771644417000000000
/bio/projects/katamari/data/CHAMMI-75/train/idr0133/BR00110009.ome.zarr/D/7/2/0/zarr.json,True,current_source_metadata,79bc529c8eb3a2e8a63c6c9262b1edcc0b83792fcf70dc041ae6f867dceb0c61,708,1771644421000000000
/bio/projects/katamari/data/CHAMMI-75/train/idr0133/BR00110009.ome.zarr/M/21/2/0/zarr.json,True,current_source_metadata,79bc529c8eb3a2e8a63c6c9262b1edcc0b83792fcf70dc041ae6f867dceb0c61,708,1771644426000000000
/bio/projects/katamari/data/CHAMMI-75/train/idr0133/BR00110029.ome.zarr/F/5/4/0/zarr.json,True,current_source_metadata,79bc529c8eb3a2e8a63c6c9262b1edcc0b83792fcf70dc041ae6f867dceb0c61,708,1771644429000000000
/bio/projects/katamari/data/CHAMMI-75/train/idr0133/BR00110040.ome.zarr/H/22/0/0/zarr.json,True,current_source_metadata,79bc529c8eb3a2e8a63c6c9262b1edcc0b83792fcf70dc041ae6f867dceb0c61,708,1771644394000000000
/bio/projects/katamari/data/CHAMMI-75/train/idr0133/BR00110041.ome.zarr/N/4/0/0/zarr.json,True,current_source_metadata,79bc529c8eb3a2e8a63c6c9262b1edcc0b83792fcf70dc041ae6f867dceb0c61,708,1771644464000000000
/bio/projects/katamari/data/CHAMMI-75/train/idr0140/20150201_Sml1_MMS_000.ome.zarr/A/18/3/0/zarr.json,True,current_source_metadata,ee9a8240f0e00383235b9a76922bc6fefa968fc1a9232dd172e638c4f266b32c,708,1771645300000000000
/bio/projects/katamari/data/CHAMMI-75/train/idr0140/20150201_Sml1_MMS_000.ome.zarr/N/17/3/0/zarr.json,True,current_source_metadata,ee9a8240f0e00383235b9a76922bc6fefa968fc1a9232dd172e638c4f266b32c,708,1771645322000000000
/bio/projects/katamari/data/CHAMMI-75/train/idr0140/20150201_Sml1_MMS_030.ome.zarr/A/4/3/0/zarr.json,True,current_source_metadata,ee9a8240f0e00383235b9a76922bc6fefa968fc1a9232dd172e638c4f266b32c,708,1771645352000000000
/bio/projects/katamari/data/CHAMMI-75/train/idr0140/20150201_Sml1_MMS_180.ome.zarr/N/16/0/0/zarr.json,True,current_source_metadata,cf59ccff8eca60d6faaddcede51a46c3283a07d373ccc17f6e5fde26e8c1a46a,708,1771645457000000000
/bio/projects/katamari/data/CHAMMI-75/train/idr0140/20150301_Sml1HU_120.ome.zarr/P/12/0/0/zarr.json,True,current_source_metadata,ee9a8240f0e00383235b9a76922bc6fefa968fc1a9232dd172e638c4f266b32c,708,1771645455000000000
/bio/projects/katamari/data/CHAMMI-75/train/idr0145/Mec1-Sml1-MMS-030384 PerkinElmer CellCarrier NEW.ome.zarr/O/4/1/0/zarr.json,True,current_source_metadata,ee9a8240f0e00383235b9a76922bc6fefa968fc1a9232dd172e638c4f266b32c,708,1771645353000000000
/bio/projects/katamari/data/CHAMMI-75/train/idr0145/Mec1-Sml1-MMS-240384 PerkinElmer CellCarrier NEW.ome.zarr/D/11/2/0/zarr.json,True,current_source_metadata,ee9a8240f0e00383235b9a76922bc6fefa968fc1a9232dd172e638c4f266b32c,708,1771645462000000000
/bio/projects/katamari/data/CHAMMI-75/train/idr0145/rad53-MMS-120384 PerkinElmer CellCarrier NEW.ome.zarr/K/3/3/0/zarr.json,True,current_source_metadata,811db273bc0112801748a8d7a476af61d2faa520cf59a1c70ee6a6cc5355b0c5,708,1771645411000000000
/bio/projects/katamari/data/CHAMMI-75/train/idr0145/rad53-MMS-240384 PerkinElmer CellCarrier NEW.ome.zarr/I/19/1/0/zarr.json,True,current_source_metadata,811db273bc0112801748a8d7a476af61d2faa520cf59a1c70ee6a6cc5355b0c5,708,1771645346000000000
/bio/projects/katamari/data/CHAMMI-75/train/jump0001/110000295571.ome.zarr/I/1/0/0/zarr.json,True,current_source_metadata,24500b7998904a4abffef1aef0dceaf932fc48da94383f5cd55142765a219976,704,1771665606000000000
/bio/projects/katamari/data/CHAMMI-75/train/jump0001/110000296326.ome.zarr/H/9/0/0/zarr.json,True,current_source_metadata,24500b7998904a4abffef1aef0dceaf932fc48da94383f5cd55142765a219976,704,1771665342000000000
/bio/projects/katamari/data/CHAMMI-75/train/jump0001/110000296386.ome.zarr/F/16/3/0/zarr.json,True,current_source_metadata,24500b7998904a4abffef1aef0dceaf932fc48da94383f5cd55142765a219976,704,1771665677000000000
/bio/projects/katamari/data/CHAMMI-75/train/jump0001/A1170484.ome.zarr/C/14/3/0/zarr.json,True,current_source_metadata,1d80d1e85915c491afe35c7c76d8d714cdd8e750f68d23bf36b76512d748a475,708,1771665620000000000
/bio/projects/katamari/data/CHAMMI-75/train/jump0001/B40403aW.ome.zarr/H/15/3/0/zarr.json,True,current_source_metadata,fad85a85b49e25e7db2770c0010f4af10fefa7b8be23b3a3315cfc4153a0caae,708,1771665434000000000
/bio/projects/katamari/data/CHAMMI-75/train/jump0001/CP-CC9-R1-16.ome.zarr/I/1/0/0/zarr.json,True,current_source_metadata,006fdd3a5d0e9f76e4a6add6ffa6f3cabc92775ad2de50c3ac0c58dcf8921208,708,1771645508000000000
/bio/projects/katamari/data/CHAMMI-75/train/jump0001/CP-CC9-R1-17.ome.zarr/M/8/0/0/zarr.json,True,current_source_metadata,006fdd3a5d0e9f76e4a6add6ffa6f3cabc92775ad2de50c3ac0c58dcf8921208,708,1771645299000000000
/bio/projects/katamari/data/CHAMMI-75/train/jump0001/CP-CC9-R1-21.ome.zarr/M/9/0/0/zarr.json,True,current_source_metadata,006fdd3a5d0e9f76e4a6add6ffa6f3cabc92775ad2de50c3ac0c58dcf8921208,708,1771645282000000000
/bio/projects/katamari/data/CHAMMI-75/train/jump0001/CP-CC9-R1-27.ome.zarr/N/4/0/0/zarr.json,True,current_source_metadata,006fdd3a5d0e9f76e4a6add6ffa6f3cabc92775ad2de50c3ac0c58dcf8921208,708,1771645328000000000
/bio/projects/katamari/data/CHAMMI-75/train/jump0001/CP-CC9-R2-15.ome.zarr/G/21/1/0/zarr.json,True,current_source_metadata,006fdd3a5d0e9f76e4a6add6ffa6f3cabc92775ad2de50c3ac0c58dcf8921208,708,1771645087000000000
/bio/projects/katamari/data/CHAMMI-75/train/jump0001/CP-CC9-R3-09.ome.zarr/P/16/2/0/zarr.json,True,current_source_metadata,006fdd3a5d0e9f76e4a6add6ffa6f3cabc92775ad2de50c3ac0c58dcf8921208,708,1771645476000000000
/bio/projects/katamari/data/CHAMMI-75/train/jump0001/CP-CC9-R3-10.ome.zarr/E/2/0/0/zarr.json,True,current_source_metadata,006fdd3a5d0e9f76e4a6add6ffa6f3cabc92775ad2de50c3ac0c58dcf8921208,708,1771645241000000000
/bio/projects/katamari/data/CHAMMI-75/train/jump0001/CP-CC9-R3-16.ome.zarr/O/8/0/0/zarr.json,True,current_source_metadata,006fdd3a5d0e9f76e4a6add6ffa6f3cabc92775ad2de50c3ac0c58dcf8921208,708,1771645477000000000
/bio/projects/katamari/data/CHAMMI-75/train/jump0001/CP-CC9-R4-10.ome.zarr/M/2/0/0/zarr.json,True,current_source_metadata,006fdd3a5d0e9f76e4a6add6ffa6f3cabc92775ad2de50c3ac0c58dcf8921208,708,1771645532000000000
/bio/projects/katamari/data/CHAMMI-75/train/jump0001/CP-CC9-R5-10.ome.zarr/J/11/1/0/zarr.json,True,current_source_metadata,006fdd3a5d0e9f76e4a6add6ffa6f3cabc92775ad2de50c3ac0c58dcf8921208,708,1771645325000000000
/bio/projects/katamari/data/CHAMMI-75/train/jump0001/CP-CC9-R5-12.ome.zarr/K/19/0/0/zarr.json,True,current_source_metadata,006fdd3a5d0e9f76e4a6add6ffa6f3cabc92775ad2de50c3ac0c58dcf8921208,708,1771645071000000000
/bio/projects/katamari/data/CHAMMI-75/train/jump0001/CP-CC9-R5-14.ome.zarr/A/5/2/0/zarr.json,True,current_source_metadata,006fdd3a5d0e9f76e4a6add6ffa6f3cabc92775ad2de50c3ac0c58dcf8921208,708,1771645400000000000
/bio/projects/katamari/data/CHAMMI-75/train/jump0001/CP-CC9-R6-02.ome.zarr/O/12/0/0/zarr.json,True,current_source_metadata,006fdd3a5d0e9f76e4a6add6ffa6f3cabc92775ad2de50c3ac0c58dcf8921208,708,1771645521000000000
/bio/projects/katamari/data/CHAMMI-75/train/jump0001/Dest210622-143317.ome.zarr/I/12/1/0/zarr.json,True,current_source_metadata,eee562a062c6dd3d4cec220a5e4a143ac466af4cc3fadf1bcf100d494a635fa0,708,1771665915000000000
/bio/projects/katamari/data/CHAMMI-75/train/jump0001/EC000151.ome.zarr/B/8/3/0/zarr.json,True,current_source_metadata,fad85a85b49e25e7db2770c0010f4af10fefa7b8be23b3a3315cfc4153a0caae,708,1771665257000000000
/bio/projects/katamari/data/CHAMMI-75/train/jump0001/GR00004384.ome.zarr/H/16/3/0/zarr.json,True,current_source_metadata,fad85a85b49e25e7db2770c0010f4af10fefa7b8be23b3a3315cfc4153a0caae,708,1771663385000000000
/bio/projects/katamari/data/CHAMMI-75/train/jump0001/UL001673.ome.zarr/Q/46/0/0/zarr.json,True,current_source_metadata,fad85a85b49e25e7db2770c0010f4af10fefa7b8be23b3a3315cfc4153a0caae,708,1771664119000000000
/bio/projects/katamari/data/CHAMMI-75/train/jump0001/UL001771.ome.zarr/K/14/1/0/zarr.json,True,current_source_metadata,fad85a85b49e25e7db2770c0010f4af10fefa7b8be23b3a3315cfc4153a0caae,708,1771663354000000000
/bio/projects/katamari/data/CHAMMI-75/train/nidr0003/20232103.ome.zarr/R/13/74/0/zarr.json,True,current_source_metadata,58b8501b6e793352e872016da5109b01f5b99c571530b10de59040ee3949ead8,706,1771644072000000000
/bio/projects/katamari/data/CHAMMI-75/train/nidr0003/20232103.ome.zarr/R/8/56/0/zarr.json,True,current_source_metadata,58b8501b6e793352e872016da5109b01f5b99c571530b10de59040ee3949ead8,706,1771644061000000000
/bio/projects/katamari/data/CHAMMI-75/train/nidr0003/20232803.ome.zarr/R/75/84/0/zarr.json,True,current_source_metadata,58b8501b6e793352e872016da5109b01f5b99c571530b10de59040ee3949ead8,706,1771644209000000000
/bio/projects/katamari/data/CHAMMI-75/train/nidr0007/nidr0007-plate_1A-converted.ome.zarr/R/13194/0/0/zarr.json,True,current_source_metadata,2d6b98e4789fd0047026d38b876607b70f6865bf820ccaf54c69a3e6ceffc1b5,704,1771645852000000000
/bio/projects/katamari/data/CHAMMI-75/train/nidr0007/nidr0007-plate_1A-converted.ome.zarr/R/2616/0/0/zarr.json,True,current_source_metadata,2d6b98e4789fd0047026d38b876607b70f6865bf820ccaf54c69a3e6ceffc1b5,704,1771644396000000000
/bio/projects/katamari/data/CHAMMI-75/train/nidr0007/nidr0007-plate_1A-converted.ome.zarr/R/617/0/0/zarr.json,True,current_source_metadata,2d6b98e4789fd0047026d38b876607b70f6865bf820ccaf54c69a3e6ceffc1b5,704,1771644113000000000
/bio/projects/katamari/data/CHAMMI-75/train/nidr0007/nidr0007-plate_1A-converted.ome.zarr/R/9759/0/0/zarr.json,True,current_source_metadata,2d6b98e4789fd0047026d38b876607b70f6865bf820ccaf54c69a3e6ceffc1b5,704,1771645399000000000
/bio/projects/katamari/data/CHAMMI-75/train/nidr0007/nidr0007-plate_2A-converted.ome.zarr/R/18780/0/0/zarr.json,True,current_source_metadata,2d6b98e4789fd0047026d38b876607b70f6865bf820ccaf54c69a3e6ceffc1b5,704,1771644142000000000
/bio/projects/katamari/data/CHAMMI-75/train/nidr0007/nidr0007-plate_2A-converted.ome.zarr/R/24807/0/0/zarr.json,True,current_source_metadata,2d6b98e4789fd0047026d38b876607b70f6865bf820ccaf54c69a3e6ceffc1b5,704,1771644933000000000
/bio/projects/katamari/data/CHAMMI-75/train/nidr0007/nidr0007-plate_2A-converted.ome.zarr/R/27181/0/0/zarr.json,True,current_source_metadata,2d6b98e4789fd0047026d38b876607b70f6865bf820ccaf54c69a3e6ceffc1b5,704,1771645244000000000
/bio/projects/katamari/data/CHAMMI-75/train/nidr0009/Z7.ome.zarr/R/97/0/0/zarr.json,True,current_source_metadata,43bb1d82139b777d573b0d70b8fbc60823ccef7a1233321f5aaccce89f9b1a6b,708,1771664422000000000
/bio/projects/katamari/data/CHAMMI-75/train/nidr0016/19b.ome.zarr/R/967/0/0/zarr.json,True,current_source_metadata,4d4b3356582d38f909469019982d84040d51f162b26e75c81cfc763941195bc3,708,1771663994000000000
/bio/projects/katamari/data/CHAMMI-75/train/nidr0017/nidr0017-plate_3A-converted.ome.zarr/D/4/104/0/zarr.json,True,current_source_metadata,a0fbc300947e69e6f53fa43678eb065b4b2b04ae789430228b81337b27afc5a3,704,1771664771000000000
/bio/projects/katamari/data/CHAMMI-75/train/nidr0017/nidr0017-plate_4A-converted.ome.zarr/A/10/56/0/zarr.json,True,current_source_metadata,a0fbc300947e69e6f53fa43678eb065b4b2b04ae789430228b81337b27afc5a3,704,1771665708000000000
/bio/projects/katamari/data/CHAMMI-75/train/nidr0020/unknown.ome.zarr/U/0/2777/0/zarr.json,True,current_source_metadata,22e6d941c76a8d1df911002e6db3e151db4c29e3827c27df1bf2e2e3f5de4319,704,1771644229000000000
/bio/projects/katamari/data/CHAMMI-75/train/nidr0020/unknown.ome.zarr/U/0/301/0/zarr.json,True,current_source_metadata,22e6d941c76a8d1df911002e6db3e151db4c29e3827c27df1bf2e2e3f5de4319,704,1771644499000000000
/bio/projects/katamari/data/CHAMMI-75/train/nidr0024/41LJ23I5KFGG.ome.zarr/R/12199/0/0/zarr.json,True,current_source_metadata,ece6778278c63bd1e6bc6ca251a5359a12eb6c1ef4d7d07474fddfcc6dde18c0,704,1771663534000000000
/bio/projects/katamari/data/CHAMMI-75/train/nidr0024/41LJ23I5KFGG.ome.zarr/R/137810/0/0/zarr.json,True,current_source_metadata,ece6778278c63bd1e6bc6ca251a5359a12eb6c1ef4d7d07474fddfcc6dde18c0,704,1771665440000000000
/bio/projects/katamari/data/CHAMMI-75/train/nidr0024/41LJ23I5KFGG.ome.zarr/R/195126/0/0/zarr.json,True,current_source_metadata,ece6778278c63bd1e6bc6ca251a5359a12eb6c1ef4d7d07474fddfcc6dde18c0,704,1771666332000000000
/bio/projects/katamari/data/CHAMMI-75/train/nidr0024/41LJ23I5KFGG.ome.zarr/R/306789/0/0/zarr.json,True,current_source_metadata,b15d8565abb7c3579cd877a225ee5ec18f22ea15dab9c8b1587da70af23a05fd,704,1771667993000000000
/bio/projects/katamari/data/CHAMMI-75/train/nidr0024/41LJ23I5KFGG.ome.zarr/R/349096/0/0/zarr.json,True,current_source_metadata,ece6778278c63bd1e6bc6ca251a5359a12eb6c1ef4d7d07474fddfcc6dde18c0,704,1771668615000000000
/bio/projects/katamari/data/CHAMMI-75/train/nidr0024/41LJ23I5KFGG.ome.zarr/R/83524/0/0/zarr.json,True,current_source_metadata,43fd51926fae7af13f6be6bbf2aeca7ba85b8db4ef947196776552f6291c2ab7,704,1771664607000000000
/bio/projects/katamari/data/CHAMMI-75/train/nidr0024/4OHCE6WGO2PJ.ome.zarr/R/233326/0/0/zarr.json,True,current_source_metadata,ece6778278c63bd1e6bc6ca251a5359a12eb6c1ef4d7d07474fddfcc6dde18c0,704,1771665538000000000
/bio/projects/katamari/data/CHAMMI-75/train/nidr0024/4OHCE6WGO2PJ.ome.zarr/R/312674/0/0/zarr.json,True,current_source_metadata,ece6778278c63bd1e6bc6ca251a5359a12eb6c1ef4d7d07474fddfcc6dde18c0,704,1771665625000000000
/bio/projects/katamari/data/CHAMMI-75/train/nidr0024/5XAJRPUZAAMT.ome.zarr/R/203562/0/0/zarr.json,True,current_source_metadata,ece6778278c63bd1e6bc6ca251a5359a12eb6c1ef4d7d07474fddfcc6dde18c0,704,1771665581000000000
/bio/projects/katamari/data/CHAMMI-75/train/nidr0024/5XAJRPUZAAMT.ome.zarr/R/227642/0/0/zarr.json,True,current_source_metadata,ece6778278c63bd1e6bc6ca251a5359a12eb6c1ef4d7d07474fddfcc6dde18c0,704,1771665589000000000
/bio/projects/katamari/data/CHAMMI-75/train/nidr0024/5XAJRPUZAAMT.ome.zarr/R/257083/0/0/zarr.json,True,current_source_metadata,ece6778278c63bd1e6bc6ca251a5359a12eb6c1ef4d7d07474fddfcc6dde18c0,704,1771665599000000000
/bio/projects/katamari/data/CHAMMI-75/train/nidr0024/982VCQOY64QI.ome.zarr/R/10192/0/0/zarr.json,True,current_source_metadata,b434be096349b790c38e48f6ebcc87d9ac69627caed0fd13949cbaee46e34c13,704,1771665038000000000
/bio/projects/katamari/data/CHAMMI-75/train/nidr0024/982VCQOY64QI.ome.zarr/R/166118/0/0/zarr.json,True,current_source_metadata,ece6778278c63bd1e6bc6ca251a5359a12eb6c1ef4d7d07474fddfcc6dde18c0,704,1771665320000000000
/bio/projects/katamari/data/CHAMMI-75/train/nidr0024/AS9C5VKPWP0N.ome.zarr/R/109651/0/0/zarr.json,True,current_source_metadata,ece6778278c63bd1e6bc6ca251a5359a12eb6c1ef4d7d07474fddfcc6dde18c0,704,1771666085000000000
/bio/projects/katamari/data/CHAMMI-75/train/nidr0024/B0UIZUCUBUAG.ome.zarr/R/27885/0/0/zarr.json,True,current_source_metadata,01b59ffc66e16ae6b17c9624f4e06331f062c11ff4ac911690c6c94203978d82,702,1771664663000000000
/bio/projects/katamari/data/CHAMMI-75/train/nidr0024/CDI828FIHCAQ.ome.zarr/R/38191/0/0/zarr.json,True,current_source_metadata,ece6778278c63bd1e6bc6ca251a5359a12eb6c1ef4d7d07474fddfcc6dde18c0,704,1771663787000000000
/bio/projects/katamari/data/CHAMMI-75/train/nidr0024/J3NFNUJI06QH.ome.zarr/R/115292/0/0/zarr.json,True,current_source_metadata,ece6778278c63bd1e6bc6ca251a5359a12eb6c1ef4d7d07474fddfcc6dde18c0,704,1771666060000000000
/bio/projects/katamari/data/CHAMMI-75/train/nidr0024/KLTRRMP4CLZ0.ome.zarr/R/176039/0/0/zarr.json,True,current_source_metadata,ece6778278c63bd1e6bc6ca251a5359a12eb6c1ef4d7d07474fddfcc6dde18c0,704,1771665514000000000
/bio/projects/katamari/data/CHAMMI-75/train/nidr0024/L6GICWWTTA8G.ome.zarr/R/309034/0/0/zarr.json,True,current_source_metadata,ece6778278c63bd1e6bc6ca251a5359a12eb6c1ef4d7d07474fddfcc6dde18c0,704,1771665634000000000
/bio/projects/katamari/data/CHAMMI-75/train/nidr0024/L6GICWWTTA8G.ome.zarr/R/442429/0/0/zarr.json,True,current_source_metadata,70f8a5a9e755eee523944a86aff5927f4dd3d3bec0ec8d7eff413a1f7a760976,704,1771665870000000000
/bio/projects/katamari/data/CHAMMI-75/train/nidr0024/L6GICWWTTA8G.ome.zarr/R/476248/0/0/zarr.json,True,current_source_metadata,cf3059a9fcfd97ef33caae4be518a56ef5f3fa21a7286dc37c12dbdcb5d807f6,704,1771665929000000000
/bio/projects/katamari/data/CHAMMI-75/train/nidr0024/L6GICWWTTA8G.ome.zarr/R/6098/0/0/zarr.json,True,current_source_metadata,f5f900a18b04564bb052c147e99001c7ef0429c4e0d6d3587cddcb558c9e8197,704,1771665087000000000
/bio/projects/katamari/data/CHAMMI-75/train/nidr0024/MPEXURTPZPMZ.ome.zarr/R/124391/0/0/zarr.json,True,current_source_metadata,efa95d1e6e500761ca08972a8378302aea9e84b52367c3f2967a2754c44a35c4,704,1771666004000000000
/bio/projects/katamari/data/CHAMMI-75/train/nidr0024/MPEXURTPZPMZ.ome.zarr/R/139726/0/0/zarr.json,True,current_source_metadata,ece6778278c63bd1e6bc6ca251a5359a12eb6c1ef4d7d07474fddfcc6dde18c0,704,1771666286000000000
/bio/projects/katamari/data/CHAMMI-75/train/nidr0024/MPEXURTPZPMZ.ome.zarr/R/195125/0/0/zarr.json,True,current_source_metadata,ece6778278c63bd1e6bc6ca251a5359a12eb6c1ef4d7d07474fddfcc6dde18c0,704,1771667392000000000
/bio/projects/katamari/data/CHAMMI-75/train/nidr0024/VOZ5UXTW50E7.ome.zarr/R/273709/0/0/zarr.json,True,current_source_metadata,bb422648825b708872413c6bec7956028fb25952bef69d210b5f0e561d474dcd,704,1771664929000000000
/bio/projects/katamari/data/CHAMMI-75/train/nidr0024/VUICQL0DQ9A2.ome.zarr/R/202771/0/0/zarr.json,True,current_source_metadata,94f7f8e46e66673050c7c0262e2d59b4b5679ef0c58ccd995d9edfab356dc5e3,704,1771665516000000000
/bio/projects/katamari/data/CHAMMI-75/train/nidr0024/WIQGAU866P8M.ome.zarr/R/179699/0/0/zarr.json,True,current_source_metadata,ece6778278c63bd1e6bc6ca251a5359a12eb6c1ef4d7d07474fddfcc6dde18c0,704,1771665049000000000
/bio/projects/katamari/data/CHAMMI-75/train/nidr0024/ZQT59PUX3C8V.ome.zarr/R/59543/0/0/zarr.json,True,current_source_metadata,ece6778278c63bd1e6bc6ca251a5359a12eb6c1ef4d7d07474fddfcc6dde18c0,704,1771665106000000000
/bio/projects/katamari/data/CHAMMI-75/train/nidr0024/aarnet.ome.zarr/R/278598/0/0/zarr.json,True,current_source_metadata,ece6778278c63bd1e6bc6ca251a5359a12eb6c1ef4d7d07474fddfcc6dde18c0,704,1771663929000000000
/bio/projects/katamari/data/CHAMMI-75/train/nidr0024/aarnet.ome.zarr/R/68439/0/0/zarr.json,True,current_source_metadata,acd251fdd8fd7fef5d15c1eb7242356c33b0316339c13e178ba48adee26a522f,702,1771663876000000000
/bio/projects/katamari/data/CHAMMI-75/train/nidr0024/cali18.ome.zarr/R/149607/0/0/zarr.json,True,current_source_metadata,ece6778278c63bd1e6bc6ca251a5359a12eb6c1ef4d7d07474fddfcc6dde18c0,704,1771665143000000000
/bio/projects/katamari/data/CHAMMI-75/train/nidr0024/cali18.ome.zarr/R/32986/0/0/zarr.json,True,current_source_metadata,ece6778278c63bd1e6bc6ca251a5359a12eb6c1ef4d7d07474fddfcc6dde18c0,704,1771665060000000000
/bio/projects/katamari/data/CHAMMI-75/train/nidr0024/cali18.ome.zarr/R/466532/0/0/zarr.json,True,current_source_metadata,ece6778278c63bd1e6bc6ca251a5359a12eb6c1ef4d7d07474fddfcc6dde18c0,704,1771665368000000000
/bio/projects/katamari/data/CHAMMI-75/train/nidr0024/cil_project20099.ome.zarr/R/454433/0/0/zarr.json,True,current_source_metadata,ece6778278c63bd1e6bc6ca251a5359a12eb6c1ef4d7d07474fddfcc6dde18c0,704,1771665637000000000
/bio/projects/katamari/data/CHAMMI-75/train/nidr0024/cremi.ome.zarr/R/130574/0/0/zarr.json,True,current_source_metadata,a4ed3d503e7759b909981b404ecb3d4375b7c059cd0f3a6f426c89e80435cdaf,704,1771664497000000000
/bio/projects/katamari/data/CHAMMI-75/train/nidr0024/cremi.ome.zarr/R/229735/0/0/zarr.json,True,current_source_metadata,63cb82caa3ad37f8e15a62d79b724dc287c4ebb50ad4660f307e9086659420ce,704,1771664747000000000
/bio/projects/katamari/data/CHAMMI-75/train/nidr0024/cremi.ome.zarr/R/412119/0/0/zarr.json,True,current_source_metadata,63cb82caa3ad37f8e15a62d79b724dc287c4ebb50ad4660f307e9086659420ce,704,1771665194000000000
/bio/projects/katamari/data/CHAMMI-75/train/nidr0024/empiar10310.ome.zarr/R/225486/0/0/zarr.json,True,current_source_metadata,ece6778278c63bd1e6bc6ca251a5359a12eb6c1ef4d7d07474fddfcc6dde18c0,704,1771665713000000000
/bio/projects/katamari/data/CHAMMI-75/train/nidr0024/empiar10311.ome.zarr/R/355040/0/0/zarr.json,True,current_source_metadata,ece6778278c63bd1e6bc6ca251a5359a12eb6c1ef4d7d07474fddfcc6dde18c0,704,1771664197000000000
/bio/projects/katamari/data/CHAMMI-75/train/nidr0024/empiar10327.ome.zarr/R/189516/0/0/zarr.json,True,current_source_metadata,ece6778278c63bd1e6bc6ca251a5359a12eb6c1ef4d7d07474fddfcc6dde18c0,704,1771664382000000000
/bio/projects/katamari/data/CHAMMI-75/train/nidr0024/empiar10327.ome.zarr/R/394371/0/0/zarr.json,True,current_source_metadata,ece6778278c63bd1e6bc6ca251a5359a12eb6c1ef4d7d07474fddfcc6dde18c0,704,1771664407000000000
/bio/projects/katamari/data/CHAMMI-75/train/nidr0024/segem15.ome.zarr/R/20965/0/0/zarr.json,True,current_source_metadata,5b6cbd6e49b9f95c564bf483f7f10ef52a7617174c1a27e0d5e6a50c4a06bdf3,704,1771664266000000000
/bio/projects/katamari/data/CHAMMI-75/train/nidr0024/segem15.ome.zarr/R/240616/0/0/zarr.json,True,current_source_metadata,5b6cbd6e49b9f95c564bf483f7f10ef52a7617174c1a27e0d5e6a50c4a06bdf3,704,1771665544000000000
/bio/projects/katamari/data/CHAMMI-75/train/nidr0024/segem15.ome.zarr/R/29999/0/0/zarr.json,True,current_source_metadata,b123fb6e0d4c1cb0c82d05624e2d6d4707dc7da190db6409756e9dcf918a1be3,704,1771664323000000000
/bio/projects/katamari/data/CHAMMI-75/train/nidr0024/segem15.ome.zarr/R/401074/0/0/zarr.json,True,current_source_metadata,5b6cbd6e49b9f95c564bf483f7f10ef52a7617174c1a27e0d5e6a50c4a06bdf3,704,1771666388000000000
/bio/projects/katamari/data/CHAMMI-75/train/nidr0024/segem15.ome.zarr/R/440607/0/0/zarr.json,True,current_source_metadata,5b6cbd6e49b9f95c564bf483f7f10ef52a7617174c1a27e0d5e6a50c4a06bdf3,704,1771666611000000000
/bio/projects/katamari/data/CHAMMI-75/train/nidr0027/BA.ome.zarr/R/878312/0/0/zarr.json,True,current_source_metadata,2bc06fec4ef14a017e8145aa226ac7dbe9b5808642205c806a25a3bf3bce6067,704,1771664990000000000
/bio/projects/katamari/data/CHAMMI-75/train/nidr0027/EO.ome.zarr/R/6091/0/0/zarr.json,True,current_source_metadata,2bc06fec4ef14a017e8145aa226ac7dbe9b5808642205c806a25a3bf3bce6067,704,1771663748000000000
/bio/projects/katamari/data/CHAMMI-75/train/nidr0027/LY.ome.zarr/R/202821/0/0/zarr.json,True,current_source_metadata,2bc06fec4ef14a017e8145aa226ac7dbe9b5808642205c806a25a3bf3bce6067,704,1771664607000000000
/bio/projects/katamari/data/CHAMMI-75/train/nidr0027/LY.ome.zarr/R/447658/0/0/zarr.json,True,current_source_metadata,2bc06fec4ef14a017e8145aa226ac7dbe9b5808642205c806a25a3bf3bce6067,704,1771664615000000000
/bio/projects/katamari/data/CHAMMI-75/train/nidr0027/MO.ome.zarr/R/194646/0/0/zarr.json,True,current_source_metadata,2bc06fec4ef14a017e8145aa226ac7dbe9b5808642205c806a25a3bf3bce6067,704,1771664887000000000
/bio/projects/katamari/data/CHAMMI-75/train/nidr0027/PLATELET.ome.zarr/R/124685/0/0/zarr.json,True,current_source_metadata,2bc06fec4ef14a017e8145aa226ac7dbe9b5808642205c806a25a3bf3bce6067,704,1771664081000000000
/bio/projects/katamari/data/CHAMMI-75/train/nidr0027/PLATELET.ome.zarr/R/485804/0/0/zarr.json,True,current_source_metadata,2bc06fec4ef14a017e8145aa226ac7dbe9b5808642205c806a25a3bf3bce6067,704,1771664119000000000
/bio/projects/katamari/data/CHAMMI-75/train/nidr0027/PMY.ome.zarr/R/89006/0/0/zarr.json,True,current_source_metadata,2bc06fec4ef14a017e8145aa226ac7dbe9b5808642205c806a25a3bf3bce6067,704,1771665403000000000
/bio/projects/katamari/data/CHAMMI-75/train/nidr0028/Sec4.ome.zarr/R/15/35/0/zarr.json,True,current_source_metadata,9e793fc8ae8f86e79584351bcbd887c31dae1bd47bc8dc6c52ac00b4f6de8094,708,1771638194000000000
/bio/projects/katamari/data/CHAMMI-75/train/nidr0029/nidr0029-plate_12A-converted.ome.zarr/E/34/0/0/zarr.json,True,current_source_metadata,1d80d1e85915c491afe35c7c76d8d714cdd8e750f68d23bf36b76512d748a475,708,1771644921000000000
/bio/projects/katamari/data/CHAMMI-75/train/nidr0029/nidr0029-plate_15A-converted.ome.zarr/G/34/1/0/zarr.json,True,current_source_metadata,1d80d1e85915c491afe35c7c76d8d714cdd8e750f68d23bf36b76512d748a475,708,1771644962000000000
/bio/projects/katamari/data/CHAMMI-75/train/nidr0029/nidr0029-plate_17A-converted.ome.zarr/R/38/0/0/zarr.json,True,current_source_metadata,1d80d1e85915c491afe35c7c76d8d714cdd8e750f68d23bf36b76512d748a475,708,1771645018000000000
/bio/projects/katamari/data/CHAMMI-75/train/nidr0029/nidr0029-plate_23A-converted.ome.zarr/F/6/0/0/zarr.json,True,current_source_metadata,1d80d1e85915c491afe35c7c76d8d714cdd8e750f68d23bf36b76512d748a475,708,1771644891000000000
/bio/projects/katamari/data/CHAMMI-75/train/nidr0029/nidr0029-plate_25A-converted.ome.zarr/AE/5/1/0/zarr.json,True,current_source_metadata,1d80d1e85915c491afe35c7c76d8d714cdd8e750f68d23bf36b76512d748a475,708,1771644884000000000
/bio/projects/katamari/data/CHAMMI-75/train/nidr0029/nidr0029-plate_27A-converted.ome.zarr/AD/47/0/0/zarr.json,True,current_source_metadata,1d80d1e85915c491afe35c7c76d8d714cdd8e750f68d23bf36b76512d748a475,708,1771644049000000000
/bio/projects/katamari/data/CHAMMI-75/train/nidr0029/nidr0029-plate_2A-converted.ome.zarr/G/13/1/0/zarr.json,True,current_source_metadata,1d80d1e85915c491afe35c7c76d8d714cdd8e750f68d23bf36b76512d748a475,708,1771644587000000000
/bio/projects/katamari/data/CHAMMI-75/train/nidr0029/nidr0029-plate_30A-converted.ome.zarr/Z/7/0/0/zarr.json,True,current_source_metadata,1d80d1e85915c491afe35c7c76d8d714cdd8e750f68d23bf36b76512d748a475,708,1771644466000000000
/bio/projects/katamari/data/CHAMMI-75/train/nidr0029/nidr0029-plate_34A-converted.ome.zarr/N/43/1/0/zarr.json,True,current_source_metadata,1d80d1e85915c491afe35c7c76d8d714cdd8e750f68d23bf36b76512d748a475,708,1771644603000000000
/bio/projects/katamari/data/CHAMMI-75/train/nidr0029/nidr0029-plate_37A-converted.ome.zarr/AA/37/0/0/zarr.json,True,current_source_metadata,1d80d1e85915c491afe35c7c76d8d714cdd8e750f68d23bf36b76512d748a475,708,1771644409000000000
/bio/projects/katamari/data/CHAMMI-75/train/nidr0029/nidr0029-plate_38A-converted.ome.zarr/Z/22/2/0/zarr.json,True,current_source_metadata,1d80d1e85915c491afe35c7c76d8d714cdd8e750f68d23bf36b76512d748a475,708,1771644532000000000
/bio/projects/katamari/data/CHAMMI-75/train/nidr0029/nidr0029-plate_42A-converted.ome.zarr/M/28/1/0/zarr.json,True,current_source_metadata,1d80d1e85915c491afe35c7c76d8d714cdd8e750f68d23bf36b76512d748a475,708,1771644558000000000
/bio/projects/katamari/data/CHAMMI-75/train/nidr0029/nidr0029-plate_45A-converted.ome.zarr/P/11/0/0/zarr.json,True,current_source_metadata,1d80d1e85915c491afe35c7c76d8d714cdd8e750f68d23bf36b76512d748a475,708,1771644534000000000
/bio/projects/katamari/data/CHAMMI-75/train/nidr0029/nidr0029-plate_4A-converted.ome.zarr/Y/38/1/0/zarr.json,True,current_source_metadata,1d80d1e85915c491afe35c7c76d8d714cdd8e750f68d23bf36b76512d748a475,708,1771645021000000000
/bio/projects/katamari/data/CHAMMI-75/train/nidr0030/11.ome.zarr/V/39/0/0/zarr.json,True,current_source_metadata,406588bcb195219d60f7e84ae4eb26094d537d0a259228dfaaf52527f8ea0fc1,708,1771643552000000000
/bio/projects/katamari/data/CHAMMI-75/train/nidr0030/17.ome.zarr/AC/6/0/0/zarr.json,True,current_source_metadata,406588bcb195219d60f7e84ae4eb26094d537d0a259228dfaaf52527f8ea0fc1,708,1771643524000000000
/bio/projects/katamari/data/CHAMMI-75/train/nidr0030/32.ome.zarr/M/10/0/0/zarr.json,True,current_source_metadata,406588bcb195219d60f7e84ae4eb26094d537d0a259228dfaaf52527f8ea0fc1,708,1771643590000000000
/bio/projects/katamari/data/CHAMMI-75/train/nidr0030/38.ome.zarr/C/41/0/0/zarr.json,True,current_source_metadata,406588bcb195219d60f7e84ae4eb26094d537d0a259228dfaaf52527f8ea0fc1,708,1771643584000000000
/bio/projects/katamari/data/CHAMMI-75/train/nidr0030/42.ome.zarr/K/47/0/0/zarr.json,True,current_source_metadata,406588bcb195219d60f7e84ae4eb26094d537d0a259228dfaaf52527f8ea0fc1,708,1771643587000000000
/bio/projects/katamari/data/CHAMMI-75/train/nidr0030/52.ome.zarr/O/40/0/0/zarr.json,True,current_source_metadata,406588bcb195219d60f7e84ae4eb26094d537d0a259228dfaaf52527f8ea0fc1,708,1771643546000000000
/bio/projects/katamari/data/CHAMMI-75/train/nidr0031/nidr0031-plate_118A-converted.ome.zarr/D/13/1/0/zarr.json,True,current_source_metadata,512557436d0614619c8ca71d41e593380c7d27193a519294be83e940ded33f54,704,1771665323000000000
/bio/projects/katamari/data/CHAMMI-75/train/nidr0031/nidr0031-plate_132A-converted.ome.zarr/G/7/1/0/zarr.json,True,current_source_metadata,512557436d0614619c8ca71d41e593380c7d27193a519294be83e940ded33f54,704,1771665444000000000
/bio/projects/katamari/data/CHAMMI-75/train/nidr0031/nidr0031-plate_143A-converted.ome.zarr/E/14/0/0/zarr.json,True,current_source_metadata,512557436d0614619c8ca71d41e593380c7d27193a519294be83e940ded33f54,704,1771665578000000000
/bio/projects/katamari/data/CHAMMI-75/train/nidr0031/nidr0031-plate_146A-converted.ome.zarr/K/4/0/0/zarr.json,True,current_source_metadata,512557436d0614619c8ca71d41e593380c7d27193a519294be83e940ded33f54,704,1771665497000000000
/bio/projects/katamari/data/CHAMMI-75/train/nidr0031/nidr0031-plate_44A-converted.ome.zarr/M/2/0/0/zarr.json,True,current_source_metadata,512557436d0614619c8ca71d41e593380c7d27193a519294be83e940ded33f54,704,1771665275000000000
/bio/projects/katamari/data/CHAMMI-75/train/nidr0031/nidr0031-plate_47A-converted.ome.zarr/O/18/0/0/zarr.json,True,current_source_metadata,512557436d0614619c8ca71d41e593380c7d27193a519294be83e940ded33f54,704,1771665342000000000
/bio/projects/katamari/data/CHAMMI-75/train/nidr0031/nidr0031-plate_72A-converted.ome.zarr/C/13/1/0/zarr.json,True,current_source_metadata,512557436d0614619c8ca71d41e593380c7d27193a519294be83e940ded33f54,704,1771664846000000000
/bio/projects/katamari/data/CHAMMI-75/train/nidr0032/nidr0032-plate_1A-converted.ome.zarr/S/12/1/0/zarr.json,True,current_source_metadata,7ecebba4e6ad5ce4a69db0a431acf58751cb9467eab2b51358434a76eb8b1196,708,1771644425000000000
/bio/projects/katamari/data/CHAMMI-75/train/nidr0032/nidr0032-plate_20A-converted.ome.zarr/H/33/1/0/zarr.json,True,current_source_metadata,7ecebba4e6ad5ce4a69db0a431acf58751cb9467eab2b51358434a76eb8b1196,708,1771644610000000000
/bio/projects/katamari/data/CHAMMI-75/train/nidr0032/nidr0032-plate_22A-converted.ome.zarr/U/23/0/0/zarr.json,True,current_source_metadata,7ecebba4e6ad5ce4a69db0a431acf58751cb9467eab2b51358434a76eb8b1196,708,1771644085000000000
/bio/projects/katamari/data/CHAMMI-75/train/nidr0032/nidr0032-plate_2A-converted.ome.zarr/C/44/0/0/zarr.json,True,current_source_metadata,7ecebba4e6ad5ce4a69db0a431acf58751cb9467eab2b51358434a76eb8b1196,708,1771644062000000000
/bio/projects/katamari/data/CHAMMI-75/train/nidr0032/nidr0032-plate_5A-converted.ome.zarr/AD/14/1/0/zarr.json,True,current_source_metadata,7ecebba4e6ad5ce4a69db0a431acf58751cb9467eab2b51358434a76eb8b1196,708,1771644057000000000
/bio/projects/katamari/data/CHAMMI-75/train/wtc0001/3500000915.ome.zarr/R/19543/0/0/zarr.json,True,current_source_metadata,52f1658a089278635ae115a17b7a210ecc6aa61f297c13ff3f32d033814219a3,704,1771645833000000000
/bio/projects/katamari/data/CHAMMI-75/train/wtc0001/3500000961.ome.zarr/R/22327/60/0/zarr.json,True,current_source_metadata,52f1658a089278635ae115a17b7a210ecc6aa61f297c13ff3f32d033814219a3,704,1771644957000000000
/bio/projects/katamari/data/CHAMMI-75/train/wtc0001/3500001100.ome.zarr/R/33556/45/0/zarr.json,True,current_source_metadata,52f1658a089278635ae115a17b7a210ecc6aa61f297c13ff3f32d033814219a3,704,1771664333000000000
/bio/projects/katamari/data/CHAMMI-75/train/wtc0001/3500001101.ome.zarr/R/33664/45/0/zarr.json,True,current_source_metadata,52f1658a089278635ae115a17b7a210ecc6aa61f297c13ff3f32d033814219a3,704,1771664975000000000
/bio/projects/katamari/data/CHAMMI-75/train/wtc0001/3500001131.ome.zarr/R/40468/3/0/zarr.json,True,current_source_metadata,52f1658a089278635ae115a17b7a210ecc6aa61f297c13ff3f32d033814219a3,704,1771664825000000000
/bio/projects/katamari/data/CHAMMI-75/train/wtc0001/3500001152.ome.zarr/R/40964/25/0/zarr.json,True,current_source_metadata,52f1658a089278635ae115a17b7a210ecc6aa61f297c13ff3f32d033814219a3,704,1771665439000000000
/bio/projects/katamari/data/CHAMMI-75/train/wtc0001/3500001250.ome.zarr/R/49216/51/0/zarr.json,True,current_source_metadata,52f1658a089278635ae115a17b7a210ecc6aa61f297c13ff3f32d033814219a3,704,1771664752000000000
/bio/projects/katamari/data/CHAMMI-75/train/wtc0001/3500001284.ome.zarr/R/52375/11/0/zarr.json,True,current_source_metadata,52f1658a089278635ae115a17b7a210ecc6aa61f297c13ff3f32d033814219a3,704,1771665063000000000
/bio/projects/katamari/data/CHAMMI-75/train/wtc0001/3500001494.ome.zarr/R/75797/22/0/zarr.json,True,current_source_metadata,52f1658a089278635ae115a17b7a210ecc6aa61f297c13ff3f32d033814219a3,704,1771664157000000000
/bio/projects/katamari/data/CHAMMI-75/train/wtc0001/3500001534.ome.zarr/R/74262/39/0/zarr.json,True,current_source_metadata,52f1658a089278635ae115a17b7a210ecc6aa61f297c13ff3f32d033814219a3,704,1771664259000000000
/bio/projects/katamari/data/CHAMMI-75/train/wtc0001/3500001827.ome.zarr/R/112280/11/0/zarr.json,True,current_source_metadata,52f1658a089278635ae115a17b7a210ecc6aa61f297c13ff3f32d033814219a3,704,1771664498000000000
/bio/projects/katamari/data/CHAMMI-75/train/wtc0001/3500001874.ome.zarr/R/114965/18/0/zarr.json,True,current_source_metadata,52f1658a089278635ae115a17b7a210ecc6aa61f297c13ff3f32d033814219a3,704,1771664261000000000
/bio/projects/katamari/data/CHAMMI-75/train/wtc0001/3500001903.ome.zarr/R/116320/9/0/zarr.json,True,current_source_metadata,52f1658a089278635ae115a17b7a210ecc6aa61f297c13ff3f32d033814219a3,704,1771667526000000000
/bio/projects/katamari/data/CHAMMI-75/train/wtc0001/3500002048.ome.zarr/R/132831/16/0/zarr.json,True,current_source_metadata,52f1658a089278635ae115a17b7a210ecc6aa61f297c13ff3f32d033814219a3,704,1771665048000000000
/bio/projects/katamari/data/CHAMMI-75/train/wtc0001/3500002059.ome.zarr/R/133891/12/0/zarr.json,True,current_source_metadata,52f1658a089278635ae115a17b7a210ecc6aa61f297c13ff3f32d033814219a3,704,1771664151000000000
/bio/projects/katamari/data/CHAMMI-75/train/wtc0001/3500002087.ome.zarr/R/135616/21/0/zarr.json,True,current_source_metadata,52f1658a089278635ae115a17b7a210ecc6aa61f297c13ff3f32d033814219a3,704,1771646058000000000
/bio/projects/katamari/data/CHAMMI-75/train/wtc0001/3500002099.ome.zarr/R/137952/33/0/zarr.json,True,current_source_metadata,52f1658a089278635ae115a17b7a210ecc6aa61f297c13ff3f32d033814219a3,704,1771664760000000000
/bio/projects/katamari/data/CHAMMI-75/train/wtc0001/3500002410.ome.zarr/R/157689/59/0/zarr.json,True,current_source_metadata,52f1658a089278635ae115a17b7a210ecc6aa61f297c13ff3f32d033814219a3,704,1771663333000000000
/bio/projects/katamari/data/CHAMMI-75/train/wtc0001/3500002670.ome.zarr/R/175178/25/0/zarr.json,True,current_source_metadata,52f1658a089278635ae115a17b7a210ecc6aa61f297c13ff3f32d033814219a3,704,1771663893000000000
/bio/projects/katamari/data/CHAMMI-75/train/wtc0001/3500002680.ome.zarr/R/176235/38/0/zarr.json,True,current_source_metadata,52f1658a089278635ae115a17b7a210ecc6aa61f297c13ff3f32d033814219a3,704,1771645131000000000
/bio/projects/katamari/data/CHAMMI-75/train/wtc0001/3500002811.ome.zarr/R/185296/5/0/zarr.json,True,current_source_metadata,52f1658a089278635ae115a17b7a210ecc6aa61f297c13ff3f32d033814219a3,704,1771665443000000000
/bio/projects/katamari/data/CHAMMI-75/train/wtc0001/3500002823.ome.zarr/R/186323/7/0/zarr.json,True,current_source_metadata,52f1658a089278635ae115a17b7a210ecc6aa61f297c13ff3f32d033814219a3,704,1771663892000000000
/bio/projects/katamari/data/CHAMMI-75/train/wtc0001/3500002955.ome.zarr/R/196070/36/0/zarr.json,True,current_source_metadata,52f1658a089278635ae115a17b7a210ecc6aa61f297c13ff3f32d033814219a3,704,1771645988000000000
/bio/projects/katamari/data/CHAMMI-75/train/wtc0001/3500003116.ome.zarr/R/210451/13/0/zarr.json,True,current_source_metadata,52f1658a089278635ae115a17b7a210ecc6aa61f297c13ff3f32d033814219a3,704,1771664240000000000
/bio/projects/katamari/ivirshup/2026-05-28_rechunked/CHAMMI-75/train/idr0017/PI3KCA_mt-_wt+_LOPAC_Plate_2_Replicate_2.ome.zarr/K/22/3/0/zarr.json,True,current_reference_metadata,98697f427f2e29ee25e388d7b7d53f26f3f32218a2c08adf1d912b8fc38e9a6e,706,1780093447623411131
/mnt/main0/data-sync/runai-cluster/runai-dynamic-imaging-models/dynamic-imaging-models-120t/data/dynacell/2024_10_09_A549_TOMM20_ZIKV_DENV.zarr/A/1/001000/0/zarr.json,True,current_source_metadata,b9f774bf9fc3577b48d69367fcc3a94e2ebef6066788a67e7c543d67c9610179,1419,1765229094384574774
/mnt/main0/data-sync/runai-cluster/runai-dynamic-imaging-models/dynamic-imaging-models-120t/data/dynacell/2024_10_09_A549_TOMM20_ZIKV_DENV.zarr/A/1/002001/0/zarr.json,True,current_source_metadata,b9f774bf9fc3577b48d69367fcc3a94e2ebef6066788a67e7c543d67c9610179,1419,1765229167500269528
/mnt/main0/data-sync/runai-cluster/runai-dynamic-imaging-models/dynamic-imaging-models-120t/data/dynacell/2024_10_09_A549_TOMM20_ZIKV_DENV.zarr/A/2/001000/0/zarr.json,True,current_source_metadata,b9f774bf9fc3577b48d69367fcc3a94e2ebef6066788a67e7c543d67c9610179,1419,1765229241931864897
/mnt/main0/data-sync/runai-cluster/runai-dynamic-imaging-models/dynamic-imaging-models-120t/data/dynacell/2024_10_09_A549_TOMM20_ZIKV_DENV.zarr/A/3/001001/0/zarr.json,True,current_source_metadata,b9f774bf9fc3577b48d69367fcc3a94e2ebef6066788a67e7c543d67c9610179,1419,1765229362684654598
/mnt/main0/data-sync/runai-cluster/runai-dynamic-imaging-models/dynamic-imaging-models-120t/data/dynacell/2024_10_09_A549_TOMM20_ZIKV_DENV.zarr/B/2/001000/0/zarr.json,True,current_source_metadata,b9f774bf9fc3577b48d69367fcc3a94e2ebef6066788a67e7c543d67c9610179,1419,1765229517406361695
/mnt/main0/data-sync/runai-cluster/runai-dynamic-imaging-models/dynamic-imaging-models-120t/data/dynacell/2024_10_09_A549_TOMM20_ZIKV_DENV.zarr/B/2/002001/0/zarr.json,True,current_source_metadata,b9f774bf9fc3577b48d69367fcc3a94e2ebef6066788a67e7c543d67c9610179,1419,1765229564467473921
/mnt/main0/data-sync/runai-cluster/runai-dynamic-imaging-models/dynamic-imaging-models-120t/data/dynacell/2024_10_09_A549_TOMM20_ZIKV_DENV.zarr/B/4/001000/0/zarr.json,True,current_source_metadata,b9f774bf9fc3577b48d69367fcc3a94e2ebef6066788a67e7c543d67c9610179,1419,1765229703144949376
/mnt/main0/data-sync/runai-cluster/runai-dynamic-imaging-models/dynamic-imaging-models-120t/data/dynacell/2024_10_09_A549_TOMM20_ZIKV_DENV.zarr/B/4/001001/0/zarr.json,True,current_source_metadata,b9f774bf9fc3577b48d69367fcc3a94e2ebef6066788a67e7c543d67c9610179,1419,1765229720131408743
/mnt/main0/data-sync/runai-cluster/runai-dynamic-imaging-models/dynamic-imaging-models-120t/data/dynacell/2024_10_09_A549_TOMM20_ZIKV_DENV.zarr/B/4/002000/0/zarr.json,True,current_source_metadata,b9f774bf9fc3577b48d69367fcc3a94e2ebef6066788a67e7c543d67c9610179,1419,1765229735953455768
/mnt/main0/data-sync/runai-cluster/runai-dynamic-imaging-models/dynamic-imaging-models-120t/data/dynacell/2024_10_09_A549_TOMM20_ZIKV_DENV.zarr/B/4/002001/0/zarr.json,True,current_source_metadata,b9f774bf9fc3577b48d69367fcc3a94e2ebef6066788a67e7c543d67c9610179,1419,1765229754902331135
/mnt/main0/data-sync/runai-cluster/runai-dynamic-imaging-models/dynamic-imaging-models-120t/data/dynacell/2024_10_16_A549_SEC61_ZIKV_DENV.zarr/B/2/000000/0/zarr.json,True,current_source_metadata,40dded9b1f0115861b5b747d77189536de077ce1024db082afb1e83a24305fe1,1420,1765229978925129707
/mnt/main0/data-sync/runai-cluster/runai-dynamic-imaging-models/dynamic-imaging-models-120t/data/dynacell/2024_10_16_A549_SEC61_ZIKV_DENV.zarr/B/2/000001/0/zarr.json,True,current_source_metadata,40dded9b1f0115861b5b747d77189536de077ce1024db082afb1e83a24305fe1,1420,1765230004565896336
/mnt/main0/data-sync/runai-cluster/runai-dynamic-imaging-models/dynamic-imaging-models-120t/data/dynacell/2024_10_16_A549_SEC61_ZIKV_DENV.zarr/B/3/001000/0/zarr.json,True,current_source_metadata,40dded9b1f0115861b5b747d77189536de077ce1024db082afb1e83a24305fe1,1420,1765230191202046600
/mnt/main0/data-sync/runai-cluster/runai-dynamic-imaging-models/dynamic-imaging-models-120t/data/dynacell/2024_10_16_A549_SEC61_ZIKV_DENV.zarr/B/3/002000/0/zarr.json,True,current_source_metadata,40dded9b1f0115861b5b747d77189536de077ce1024db082afb1e83a24305fe1,1420,1765230245404798979
/mnt/main0/data-sync/runai-cluster/runai-dynamic-imaging-models/dynamic-imaging-models-120t/data/dynacell/2024_10_16_A549_SEC61_ZIKV_DENV.zarr/C/3/001000/0/zarr.json,True,current_source_metadata,40dded9b1f0115861b5b747d77189536de077ce1024db082afb1e83a24305fe1,1420,1765230694818874249
/mnt/main0/data-sync/runai-cluster/runai-dynamic-imaging-models/dynamic-imaging-models-120t/data/dynacell/2024_10_16_A549_SEC61_ZIKV_DENV.zarr/C/3/001001/0/zarr.json,True,current_source_metadata,40dded9b1f0115861b5b747d77189536de077ce1024db082afb1e83a24305fe1,1420,1765230721206573832
/mnt/main0/data-sync/runai-cluster/runai-dynamic-imaging-models/dynamic-imaging-models-120t/data/dynacell/2024_10_16_A549_SEC61_ZIKV_DENV.zarr/C/3/002000/0/zarr.json,True,current_source_metadata,40dded9b1f0115861b5b747d77189536de077ce1024db082afb1e83a24305fe1,1420,1765230748194329508
/mnt/main0/data-sync/runai-cluster/runai-dynamic-imaging-models/dynamic-imaging-models-120t/data/dynacell/2024_10_16_A549_SEC61_ZIKV_DENV.zarr/C/4/000000/0/zarr.json,True,current_source_metadata,40dded9b1f0115861b5b747d77189536de077ce1024db082afb1e83a24305fe1,1420,1765230804820642512
/mnt/main0/data-sync/runai-cluster/runai-dynamic-imaging-models/dynamic-imaging-models-120t/data/dynacell/2024_10_31_A549_SEC61_ZIKV_DENV.zarr/B/1/000001/0/zarr.json,True,current_source_metadata,b0d427ebebfcab2e1517ce3040995080b6917e23133d61932fcfeb724f0be195,1420,1765230980880202651
/mnt/main0/data-sync/runai-cluster/runai-dynamic-imaging-models/dynamic-imaging-models-120t/data/dynacell/2024_10_31_A549_SEC61_ZIKV_DENV.zarr/B/3/001001/0/zarr.json,True,current_source_metadata,b0d427ebebfcab2e1517ce3040995080b6917e23133d61932fcfeb724f0be195,1420,1765231232386734096
/mnt/main0/data-sync/runai-cluster/runai-dynamic-imaging-models/dynamic-imaging-models-120t/data/dynacell/2024_10_31_A549_SEC61_ZIKV_DENV.zarr/B/4/000000/0/zarr.json,True,current_source_metadata,b0d427ebebfcab2e1517ce3040995080b6917e23133d61932fcfeb724f0be195,1420,1765231293737585702
/mnt/main0/data-sync/runai-cluster/runai-dynamic-imaging-models/dynamic-imaging-models-120t/data/dynacell/2024_10_31_A549_SEC61_ZIKV_DENV.zarr/C/2/001001/0/zarr.json,True,current_source_metadata,b0d427ebebfcab2e1517ce3040995080b6917e23133d61932fcfeb724f0be195,1420,1765231473694659700
/mnt/main0/data-sync/runai-cluster/runai-dynamic-imaging-models/dynamic-imaging-models-120t/data/dynacell/2024_10_31_A549_SEC61_ZIKV_DENV.zarr/C/2/002000/0/zarr.json,True,current_source_metadata,b0d427ebebfcab2e1517ce3040995080b6917e23133d61932fcfeb724f0be195,1420,1765231492678261706
/mnt/main0/data-sync/runai-cluster/runai-dynamic-imaging-models/dynamic-imaging-models-120t/data/dynacell/2024_10_31_A549_SEC61_ZIKV_DENV.zarr/C/4/002000/0/zarr.json,True,current_source_metadata,b0d427ebebfcab2e1517ce3040995080b6917e23133d61932fcfeb724f0be195,1420,1765231709134661631
/mnt/main0/data-sync/runai-cluster/runai-dynamic-imaging-models/dynamic-imaging-models-120t/data/dynacell/2024_11_05_A549_TOMM20_ZIKV_DENV.zarr/B/1/002000/0/zarr.json,True,current_source_metadata,067a66ec576b408c9e85312b82197a4cb3b6122f903374b565e1fcb47d508d90,1420,1765231855102260213
/mnt/main0/data-sync/runai-cluster/runai-dynamic-imaging-models/dynamic-imaging-models-120t/data/dynacell/2024_11_05_A549_TOMM20_ZIKV_DENV.zarr/B/2/000000/0/zarr.json,True,current_source_metadata,067a66ec576b408c9e85312b82197a4cb3b6122f903374b565e1fcb47d508d90,1420,1765231906039242572
/mnt/main0/data-sync/runai-cluster/runai-dynamic-imaging-models/dynamic-imaging-models-120t/data/dynacell/2024_11_05_A549_TOMM20_ZIKV_DENV.zarr/B/3/000001/0/zarr.json,True,current_source_metadata,067a66ec576b408c9e85312b82197a4cb3b6122f903374b565e1fcb47d508d90,1420,1765232080779486365
/mnt/main0/data-sync/runai-cluster/runai-dynamic-imaging-models/dynamic-imaging-models-120t/data/dynacell/2024_11_05_A549_TOMM20_ZIKV_DENV.zarr/B/3/001000/0/zarr.json,True,current_source_metadata,067a66ec576b408c9e85312b82197a4cb3b6122f903374b565e1fcb47d508d90,1420,1765232108234237533
/mnt/main0/data-sync/runai-cluster/runai-dynamic-imaging-models/dynamic-imaging-models-120t/data/dynacell/2024_11_05_A549_TOMM20_ZIKV_DENV.zarr/B/3/001001/0/zarr.json,True,current_source_metadata,067a66ec576b408c9e85312b82197a4cb3b6122f903374b565e1fcb47d508d90,1420,1765232134571280938
/mnt/main0/data-sync/runai-cluster/runai-dynamic-imaging-models/dynamic-imaging-models-120t/data/dynacell/2024_11_05_A549_TOMM20_ZIKV_DENV.zarr/B/3/002001/0/zarr.json,True,current_source_metadata,067a66ec576b408c9e85312b82197a4cb3b6122f903374b565e1fcb47d508d90,1420,1765232186388436492
/mnt/main0/data-sync/runai-cluster/runai-dynamic-imaging-models/dynamic-imaging-models-120t/data/dynacell/2024_11_05_A549_TOMM20_ZIKV_DENV.zarr/B/4/001000/0/zarr.json,True,current_source_metadata,067a66ec576b408c9e85312b82197a4cb3b6122f903374b565e1fcb47d508d90,1420,1765232265218560186
/mnt/main0/data-sync/runai-cluster/runai-dynamic-imaging-models/dynamic-imaging-models-120t/data/dynacell/2024_11_05_A549_TOMM20_ZIKV_DENV.zarr/B/4/001001/0/zarr.json,True,current_source_metadata,067a66ec576b408c9e85312b82197a4cb3b6122f903374b565e1fcb47d508d90,1420,1765232292068903356
/mnt/main0/data-sync/runai-cluster/runai-dynamic-imaging-models/dynamic-imaging-models-120t/data/dynacell/2024_11_05_A549_TOMM20_ZIKV_DENV.zarr/C/2/000000/0/zarr.json,True,current_source_metadata,067a66ec576b408c9e85312b82197a4cb3b6122f903374b565e1fcb47d508d90,1420,1765232375726837403
/mnt/main0/data-sync/runai-cluster/runai-dynamic-imaging-models/dynamic-imaging-models-120t/data/dynacell/2024_11_05_A549_TOMM20_ZIKV_DENV.zarr/C/2/002000/0/zarr.json,True,current_source_metadata,067a66ec576b408c9e85312b82197a4cb3b6122f903374b565e1fcb47d508d90,1420,1765232479444820065
/mnt/main0/data-sync/runai-cluster/runai-dynamic-imaging-models/dynamic-imaging-models-120t/data/dynacell/2024_11_05_A549_TOMM20_ZIKV_DENV.zarr/C/3/002000/0/zarr.json,True,current_source_metadata,067a66ec576b408c9e85312b82197a4cb3b6122f903374b565e1fcb47d508d90,1420,1765232626115761562
/mnt/main0/data-sync/runai-cluster/runai-dynamic-imaging-models/dynamic-imaging-models-120t/data/dynacell/2025_01_22_A549_G3BP1_ZIKV_DENV.zarr/B/1/000001/0/zarr.json,True,current_source_metadata,66f01578606b04991f0bf855df450077bf0b6bbc31e82a26d6dae8a79d08c3bd,1420,1765232812804575633
/mnt/main0/data-sync/runai-cluster/runai-dynamic-imaging-models/dynamic-imaging-models-120t/data/dynacell/2025_01_22_A549_G3BP1_ZIKV_DENV.zarr/B/2/001001/0/zarr.json,True,current_source_metadata,66f01578606b04991f0bf855df450077bf0b6bbc31e82a26d6dae8a79d08c3bd,1420,1765232875387683827
/mnt/main0/data-sync/runai-cluster/runai-dynamic-imaging-models/dynamic-imaging-models-120t/data/dynacell/2025_01_22_A549_G3BP1_ZIKV_DENV.zarr/B/3/000001/0/zarr.json,True,current_source_metadata,66f01578606b04991f0bf855df450077bf0b6bbc31e82a26d6dae8a79d08c3bd,1420,1765232909688062078
/mnt/main0/data-sync/runai-cluster/runai-dynamic-imaging-models/dynamic-imaging-models-120t/data/dynacell/2025_01_22_A549_G3BP1_ZIKV_DENV.zarr/B/3/001000/0/zarr.json,True,current_source_metadata,66f01578606b04991f0bf855df450077bf0b6bbc31e82a26d6dae8a79d08c3bd,1420,1765232917761866765
/mnt/main0/data-sync/runai-cluster/runai-dynamic-imaging-models/dynamic-imaging-models-120t/data/dynacell/2025_01_22_A549_G3BP1_ZIKV_DENV.zarr/B/3/001001/0/zarr.json,True,current_source_metadata,66f01578606b04991f0bf855df450077bf0b6bbc31e82a26d6dae8a79d08c3bd,1420,1765232925930221216
/mnt/main0/data-sync/runai-cluster/runai-dynamic-imaging-models/dynamic-imaging-models-120t/data/dynacell/2025_01_22_A549_G3BP1_ZIKV_DENV.zarr/B/4/001000/0/zarr.json,True,current_source_metadata,66f01578606b04991f0bf855df450077bf0b6bbc31e82a26d6dae8a79d08c3bd,1420,1765232964606847919
/mnt/main0/data-sync/runai-cluster/runai-dynamic-imaging-models/dynamic-imaging-models-120t/data/dynacell/2025_01_22_A549_G3BP1_ZIKV_DENV.zarr/C/1/000000/0/zarr.json,True,current_source_metadata,66f01578606b04991f0bf855df450077bf0b6bbc31e82a26d6dae8a79d08c3bd,1420,1765232994106973647
/mnt/main0/data-sync/runai-cluster/runai-dynamic-imaging-models/dynamic-imaging-models-120t/data/dynacell/2025_01_22_A549_G3BP1_ZIKV_DENV.zarr/C/2/002000/0/zarr.json,True,current_source_metadata,66f01578606b04991f0bf855df450077bf0b6bbc31e82a26d6dae8a79d08c3bd,1420,1765233032390643662
/mnt/main0/data-sync/runai-cluster/runai-dynamic-imaging-models/dynamic-imaging-models-120t/data/dynacell/2025_01_22_A549_G3BP1_ZIKV_DENV.zarr/C/3/001001/0/zarr.json,True,current_source_metadata,66f01578606b04991f0bf855df450077bf0b6bbc31e82a26d6dae8a79d08c3bd,1420,1765233071737840371
/mnt/main0/data-sync/runai-cluster/runai-dynamic-imaging-models/dynamic-imaging-models-120t/data/dynacell/2025_01_22_A549_G3BP1_ZIKV_DENV.zarr/C/4/001001/0/zarr.json,True,current_source_metadata,66f01578606b04991f0bf855df450077bf0b6bbc31e82a26d6dae8a79d08c3bd,1420,1765233117107504300
/mnt/main0/data-sync/runai-cluster/runai-dynamic-imaging-models/dynamic-imaging-models-120t/data/dynacell/2025_01_28_A549_G3BP1_ZIKV_DENV.zarr/B/1/002001/0/zarr.json,True,current_source_metadata,558136175adcfab80f0ee75f3e5f1d1f26cf04bb1a86274603011c46ef3aff2e,1420,1765233259746183927
/mnt/main0/data-sync/runai-cluster/runai-dynamic-imaging-models/dynamic-imaging-models-120t/data/dynacell/2025_01_28_A549_G3BP1_ZIKV_DENV.zarr/B/3/000000/0/zarr.json,True,current_source_metadata,558136175adcfab80f0ee75f3e5f1d1f26cf04bb1a86274603011c46ef3aff2e,1420,1765233406104854109
/mnt/main0/data-sync/runai-cluster/runai-dynamic-imaging-models/dynamic-imaging-models-120t/data/dynacell/2025_01_28_A549_G3BP1_ZIKV_DENV.zarr/C/1/000000/0/zarr.json,True,current_source_metadata,558136175adcfab80f0ee75f3e5f1d1f26cf04bb1a86274603011c46ef3aff2e,1420,1765233657354514175
/mnt/main0/data-sync/runai-cluster/runai-dynamic-imaging-models/dynamic-imaging-models-120t/data/dynacell/2025_01_28_A549_G3BP1_ZIKV_DENV.zarr/C/3/001000/0/zarr.json,True,current_source_metadata,558136175adcfab80f0ee75f3e5f1d1f26cf04bb1a86274603011c46ef3aff2e,1420,1765233842068124930
/mnt/main0/data-sync/runai-cluster/runai-dynamic-imaging-models/dynamic-imaging-models-120t/data/dynacell/2025_01_28_A549_G3BP1_ZIKV_DENV.zarr/C/4/000000/0/zarr.json,True,current_source_metadata,558136175adcfab80f0ee75f3e5f1d1f26cf04bb1a86274603011c46ef3aff2e,1420,1765233925656406240
/mnt/main0/home/nclack/.claude/projects/-mnt-main0-home-nclack-src-acquire-zarr/memory/MEMORY.md,True,scope_or_implementation_reference,2943ec3c2bff6c5cafc6c338392c032d7d5cee267ed554b09811d646d77e0449,147,1781272494454232215
/mnt/main0/home/nclack/.claude/projects/-mnt-main0-home-nclack-src-chucky/memory/memory-estimate-is-accurate.md,True,retained_record,16a338770a379b0a625d1b3fa8644fa642b00790d98daf895d9dcb82a33bdddd,2616,1787170090230919956
/mnt/main0/home/nclack/.claude/projects/-mnt-main0-home-nclack-src-damacy/memory/chammi-reformat-test.md,True,scope_or_implementation_reference,e60962f9f800b380cb34feba7123c6dbee55f5ab0e523a7d40aeca45965df81b,5564,1781497490234019014
/mnt/main0/home/nclack/.claude/projects/-mnt-main0-home-nclack-src-damacy/memory/corpus-survey.md,True,scope_or_implementation_reference,0a0a67dc947d18cd0f4e84b4f33b4ed428aac5f5eca67dd9cf01237a7a5d563a,9942,1781404588738148910
/mnt/main0/home/nclack/.claude/projects/-mnt-main0-home-nclack-src-damacy/memory/katamari-real-crop.md,True,scope_or_implementation_reference,cbeb6644b1e50009ce71bf3acdddb7c3858d307c1c2f6c4a6f55e80d5f895501,6818,1781546835131027966
/mnt/main0/home/nclack/data/chucky-benchmarks-data/scripts/import_bbbc022.py,True,scope_or_implementation_reference,09fc976cb8ce3cc8e10f6160c92a2fccde10ea1c600daac263d95c0ad9db6c03,14652,1789326934197058747
/mnt/main0/home/nclack/data/damacy/chammi-sharded/idr0017-128shard/idr0017/PI3KCA_mt-_wt+_LOPAC_Plate_2_Replicate_2.ome.zarr/K/22/3/0/zarr.json,False,current_destination_metadata,,,
/mnt/main0/home/nclack/data/damacy/chammi-sharded/idr0017-16shard/idr0017/PI3KCA_mt-_wt+_LOPAC_Plate_2_Replicate_2.ome.zarr/K/22/3/0/zarr.json,False,current_destination_metadata,,,
/mnt/main0/home/nclack/data/damacy/chammi-sharded/idr0017-2shard/idr0017/PI3KCA_mt-_wt+_LOPAC_Plate_2_Replicate_2.ome.zarr/K/22/3/0/zarr.json,False,current_destination_metadata,,,
/mnt/main0/home/nclack/data/damacy/chammi-sharded/idr0017-32shard/idr0017/PI3KCA_mt-_wt+_LOPAC_Plate_2_Replicate_2.ome.zarr/K/22/3/0/zarr.json,False,current_destination_metadata,,,
/mnt/main0/home/nclack/data/damacy/chammi-sharded/idr0017-4shard/idr0017/PI3KCA_mt-_wt+_LOPAC_Plate_2_Replicate_2.ome.zarr/K/22/3/0/zarr.json,False,current_destination_metadata,,,
/mnt/main0/home/nclack/data/damacy/chammi-sharded/idr0017-64shard/idr0017/PI3KCA_mt-_wt+_LOPAC_Plate_2_Replicate_2.ome.zarr/K/22/3/0/zarr.json,False,current_destination_metadata,,,
/mnt/main0/home/nclack/data/damacy/chammi-sharded/idr0017-8shard/idr0017/PI3KCA_mt-_wt+_LOPAC_Plate_2_Replicate_2.ome.zarr/K/22/3/0/zarr.json,False,current_destination_metadata,,,
/mnt/main0/home/nclack/data/damacy/chammi-sharded/idr0017/idr0017/PI3KCA_mt-_wt+_LOPAC_Plate_2_Replicate_2.ome.zarr/K/22/3/0/zarr.json,False,current_destination_metadata,,,
/mnt/main0/home/nclack/data/damacy/chammi-sharded/mix/idr0088/110000252536.ome.zarr/D/17/0/0/zarr.json,False,current_destination_metadata,,,
/mnt/main0/home/nclack/data/damacy/scenarios/chammi/after-idr0017-128shard.json,True,retained_record,5e4d48bac4f0ad83aaa714085ab895fcf4e99c31d5e5542f00baa6fe113ea700,37328,1781495945104706175
/mnt/main0/home/nclack/data/damacy/scenarios/chammi/after-idr0017-16shard.json,True,retained_record,d12a17c8a5bc2b3add122050bd1be5a769640ee0837e5ab3b45233306366f02a,37326,1781495945085738989
/mnt/main0/home/nclack/data/damacy/scenarios/chammi/after-idr0017-2shard.json,True,retained_record,383da020412424d849b27f012655f202a8038ff5c57a7b47643e4e206f327b18,37324,1781495945081138410
/mnt/main0/home/nclack/data/damacy/scenarios/chammi/after-idr0017-32shard.json,True,retained_record,0cb26adabdfbf316b800f5c08c1349035323cc004b93be0933b9e27306c6f955,37326,1781495945094912911
/mnt/main0/home/nclack/data/damacy/scenarios/chammi/after-idr0017-4shard.json,True,retained_record,d0d729f2beff70ed428963b7aa99e1443747d0bc10392603f7cc44eeea742c6c,37324,1781485567668624778
/mnt/main0/home/nclack/data/damacy/scenarios/chammi/after-idr0017-64shard.json,True,retained_record,3559d969b4b608a2ad35ca6826fb387baaf243a6f3959c44309de4261bfc8f9a,37326,1781495945101488585
/mnt/main0/home/nclack/data/damacy/scenarios/chammi/after-idr0017-8shard.json,True,retained_record,bb39d63bed4d90e8278744cf1d854f3495aa2b17b1ab4ca11c7453bbf387bfc2,37324,1781485567671623951
/mnt/main0/home/nclack/data/damacy/scenarios/chammi/after-idr0017.json,True,retained_record,2704482162f23d4cc3c8ea1bc3534ed6d5faaa0e2ad174949a65d4b925945ace,37310,1781484515050923072
/mnt/main0/home/nclack/data/damacy/scenarios/chammi/after-mix.json,True,retained_record,6a7d9f6489a5a91dfb6a6d83dd6f5311ca447b2e6eac096e788f430c1efb1540,26002,1781484515048627204
/mnt/main0/home/nclack/data/damacy/scenarios/chammi/before-idr0017.json,True,retained_record,49413be9fb56ea763d9872b23cb080594733655107f2109ec69ab325d4b424a3,37298,1781484190269549961
/mnt/main0/home/nclack/data/damacy/scenarios/chammi/before-mix.json,True,retained_record,f580594b5e0ca079fdf0f865ff40de041a73be5fd6eaa17d7a4b032d1cf21c76,25994,1781484162302731431
/mnt/main0/home/nclack/data/damacy/scenarios/chammi/ivirshup-idr0017.json,True,retained_record,1c4ce9e3c12d5a9393578e033198bae61aa3619907e853454f1396ded0223d99,37324,1781484491811808085
/mnt/main0/home/nclack/data/damacy/scenarios/make_sharded_chammi.py,True,implementation_snapshot,d6469e485449757451c96fcecebcfb99646a91393c7ee649a54bfaa287287e19,6294,1781485506853134321
/mnt/main0/home/nclack/src/chucky/scripts/writers/README.md,True,scope_or_implementation_reference,7bb943a4cb99b5f6b805b476424a582ed9bd51b0f1e2c5a65dca951f389cd1cc,27033,1789834998818539649
/mnt/main0/home/nclack/tmp/2026-06-15-chammi-reformat/cpu_job.log,True,retained_record,3463e547e5964dc6fa0f5cb5ac7539000c61a6d3517142c305acbfba495f1b66,2140,1781484444118251389
/mnt/main0/home/nclack/tmp/2026-06-15-chammi-reformat/cpu_job.sh,True,retained_record,a120eafb39cd0c4f1900ae5371a4c42ef43b020258f592be8511f58a2c357c46,1239,1781484398630526527
/mnt/main0/home/nclack/tmp/2026-06-15-chammi-reformat/cpu_job2.log,True,retained_record,5d57b5905b3172097eb0f02b748b5de41738f191d2865067bd44ba38b938ba19,1593,1781485590252749784
/mnt/main0/home/nclack/tmp/2026-06-15-chammi-reformat/cpu_job2.sh,True,retained_record,bf966cec8df0cbc5fcebff3150d7d33fb67014d3a15332974bc4da84ced093dd,1560,1781485542667523050
/mnt/main0/home/nclack/tmp/2026-06-15-chammi-reformat/cpu_job3.log,True,retained_record,4855780c2f48855e7b223aa9ba2be986a85058c156134c7a384016a6f921cf7a,2201,1781496008631700506
/mnt/main0/home/nclack/tmp/2026-06-15-chammi-reformat/cpu_job3.sh,True,retained_record,8827181e910d48894f687622c66c84012089c41011bdc4e19f0b9d6d3889b89a,1901,1781495885777366017
/mnt/main0/home/nclack/tmp/2026-06-15-compression-survey/results.json,True,retained_record,505e2ce1c97201f6eb56c78669820220f61d0fc9d9ac6fc0f7203cb21cade124,41645,1781541319738550102
/mnt/main0/home/nclack/tmp/2026-06-15-compression-survey/survey.py,True,scope_or_implementation_reference,864dd2ab5dccfdf207a862d800396c52e13af53010d1e1e313efec7300f9e9f0,14849,1781541028663631697
/mnt/main0/home/nclack/tmp/2026-06-15-corpus128/corpus/summary.json,True,retained_record,4ddbbac8f87ff5d6f91fe497c6fc2faf866251d74ff4dca55a01036601d6b0c2,67356,1781540744437465554
/mnt/main0/home/nclack/tmp/2026-06-15-dynacell-reformat/cmp-current.json,True,retained_record,f88731c4fe4a2ff993b9807940f3598ec49a6f26d9e0fb6990f438d3aadc9856,4378,1781546583648348841
/mnt/main0/home/nclack/tmp/2026-06-15-dynacell-reformat/cmp-reformat.json,True,retained_record,b6ec7013f8a917eff2282aa6b704e411991704a7c7371f2fbb8f7f839abd19d5,4380,1781546580848521909
/mnt/main0/home/nclack/tmp/2026-06-15-dynacell-reformat/cpu_rechunk.sh,True,retained_record,f08e16d4cec9f44df55d4050babb68f5ad630d31cce9f5550f6fc17b2625cecc,843,1781546510199357651
/mnt/main0/home/nclack/tmp/2026-06-15-dynacell-reformat/logs/rechunk.log,True,retained_record,71c611ccb426dfd37b5c4ef618bc16ae2d3234dd734960cec638e33b6dbad984,1146,1781546592042305209
/mnt/main0/home/nclack/tmp/2026-06-15-dynacell-reformat/reformat_dynacell.py,True,implementation_snapshot,8005123da239a45c0da5a3ed5d9fba4c15ccc37ffd24b90bdc7775ea9b217ab0,5991,1781546495950095736
/mnt/main0/home/nclack/tmp/2026-06-15-dynacell-reformat/src-dynacell.json,True,retained_record,a0c8636fb433e79121c8c876e5c7b46682b57c3581a8f9b0295c2ac5dde02bcf,4397,1781546502066899041
/mnt/main0/home/nclack/tmp/2026-06-15-dynacell-reformat/store/current/data/dynacell/2024_10_09_A549_TOMM20_ZIKV_DENV.zarr/A/1/001000/0/zarr.json,True,current_destination_metadata,ddfacac56024dac8e7a2ddb8a0c3d729b25717634957d8850029428dd98847e3,611,1781546582664851264
/mnt/main0/home/nclack/tmp/2026-06-15-dynacell-reformat/store/current/data/dynacell/2024_10_09_A549_TOMM20_ZIKV_DENV.zarr/A/1/002001/0/zarr.json,True,current_destination_metadata,ddfacac56024dac8e7a2ddb8a0c3d729b25717634957d8850029428dd98847e3,611,1781546583339836932
/mnt/main0/home/nclack/tmp/2026-06-15-dynacell-reformat/store/current/data/dynacell/2024_10_09_A549_TOMM20_ZIKV_DENV.zarr/A/2/001000/0/zarr.json,True,current_destination_metadata,ddfacac56024dac8e7a2ddb8a0c3d729b25717634957d8850029428dd98847e3,611,1781546581848819631
/mnt/main0/home/nclack/tmp/2026-06-15-dynacell-reformat/store/current/data/dynacell/2024_10_09_A549_TOMM20_ZIKV_DENV.zarr/A/3/001001/0/zarr.json,True,current_destination_metadata,ddfacac56024dac8e7a2ddb8a0c3d729b25717634957d8850029428dd98847e3,611,1781546581818951035
/mnt/main0/home/nclack/tmp/2026-06-15-dynacell-reformat/store/current/data/dynacell/2024_10_09_A549_TOMM20_ZIKV_DENV.zarr/B/2/001000/0/zarr.json,True,current_destination_metadata,ddfacac56024dac8e7a2ddb8a0c3d729b25717634957d8850029428dd98847e3,611,1781546581854517641
/mnt/main0/home/nclack/tmp/2026-06-15-dynacell-reformat/store/current/data/dynacell/2024_10_09_A549_TOMM20_ZIKV_DENV.zarr/B/2/002001/0/zarr.json,True,current_destination_metadata,ddfacac56024dac8e7a2ddb8a0c3d729b25717634957d8850029428dd98847e3,611,1781546582693210154
/mnt/main0/home/nclack/tmp/2026-06-15-dynacell-reformat/store/current/data/dynacell/2024_10_09_A549_TOMM20_ZIKV_DENV.zarr/B/4/001000/0/zarr.json,True,current_destination_metadata,ddfacac56024dac8e7a2ddb8a0c3d729b25717634957d8850029428dd98847e3,611,1781546582654068356
/mnt/main0/home/nclack/tmp/2026-06-15-dynacell-reformat/store/current/data/dynacell/2024_10_09_A549_TOMM20_ZIKV_DENV.zarr/B/4/001001/0/zarr.json,True,current_destination_metadata,ddfacac56024dac8e7a2ddb8a0c3d729b25717634957d8850029428dd98847e3,611,1781546582628331070
/mnt/main0/home/nclack/tmp/2026-06-15-dynacell-reformat/store/current/data/dynacell/2024_10_09_A549_TOMM20_ZIKV_DENV.zarr/B/4/002000/0/zarr.json,True,current_destination_metadata,ddfacac56024dac8e7a2ddb8a0c3d729b25717634957d8850029428dd98847e3,611,1781546581864466349
/mnt/main0/home/nclack/tmp/2026-06-15-dynacell-reformat/store/current/data/dynacell/2024_10_09_A549_TOMM20_ZIKV_DENV.zarr/B/4/002001/0/zarr.json,True,current_destination_metadata,ddfacac56024dac8e7a2ddb8a0c3d729b25717634957d8850029428dd98847e3,611,1781546581854507542
/mnt/main0/home/nclack/tmp/2026-06-15-dynacell-reformat/store/current/data/dynacell/2024_10_16_A549_SEC61_ZIKV_DENV.zarr/B/2/000000/0/zarr.json,True,current_destination_metadata,ddfacac56024dac8e7a2ddb8a0c3d729b25717634957d8850029428dd98847e3,611,1781546583363883629
/mnt/main0/home/nclack/tmp/2026-06-15-dynacell-reformat/store/current/data/dynacell/2024_10_16_A549_SEC61_ZIKV_DENV.zarr/B/2/000001/0/zarr.json,True,current_destination_metadata,ddfacac56024dac8e7a2ddb8a0c3d729b25717634957d8850029428dd98847e3,611,1781546582644990240
/mnt/main0/home/nclack/tmp/2026-06-15-dynacell-reformat/store/current/data/dynacell/2024_10_16_A549_SEC61_ZIKV_DENV.zarr/B/3/001000/0/zarr.json,True,current_destination_metadata,ddfacac56024dac8e7a2ddb8a0c3d729b25717634957d8850029428dd98847e3,611,1781546583343586492
/mnt/main0/home/nclack/tmp/2026-06-15-dynacell-reformat/store/current/data/dynacell/2024_10_16_A549_SEC61_ZIKV_DENV.zarr/B/3/002000/0/zarr.json,True,current_destination_metadata,ddfacac56024dac8e7a2ddb8a0c3d729b25717634957d8850029428dd98847e3,611,1781546582749662132
/mnt/main0/home/nclack/tmp/2026-06-15-dynacell-reformat/store/current/data/dynacell/2024_10_16_A549_SEC61_ZIKV_DENV.zarr/C/3/001000/0/zarr.json,True,current_destination_metadata,ddfacac56024dac8e7a2ddb8a0c3d729b25717634957d8850029428dd98847e3,611,1781546583262938637
/mnt/main0/home/nclack/tmp/2026-06-15-dynacell-reformat/store/current/data/dynacell/2024_10_16_A549_SEC61_ZIKV_DENV.zarr/C/3/001001/0/zarr.json,True,current_destination_metadata,ddfacac56024dac8e7a2ddb8a0c3d729b25717634957d8850029428dd98847e3,611,1781546581912163123
/mnt/main0/home/nclack/tmp/2026-06-15-dynacell-reformat/store/current/data/dynacell/2024_10_16_A549_SEC61_ZIKV_DENV.zarr/C/3/002000/0/zarr.json,True,current_destination_metadata,ddfacac56024dac8e7a2ddb8a0c3d729b25717634957d8850029428dd98847e3,611,1781546582274836245
/mnt/main0/home/nclack/tmp/2026-06-15-dynacell-reformat/store/current/data/dynacell/2024_10_16_A549_SEC61_ZIKV_DENV.zarr/C/4/000000/0/zarr.json,True,current_destination_metadata,ddfacac56024dac8e7a2ddb8a0c3d729b25717634957d8850029428dd98847e3,611,1781546583140993846
/mnt/main0/home/nclack/tmp/2026-06-15-dynacell-reformat/store/current/data/dynacell/2024_10_31_A549_SEC61_ZIKV_DENV.zarr/B/1/000001/0/zarr.json,True,current_destination_metadata,ddfacac56024dac8e7a2ddb8a0c3d729b25717634957d8850029428dd98847e3,611,1781546582432317338
/mnt/main0/home/nclack/tmp/2026-06-15-dynacell-reformat/store/current/data/dynacell/2024_10_31_A549_SEC61_ZIKV_DENV.zarr/B/3/001001/0/zarr.json,True,current_destination_metadata,ddfacac56024dac8e7a2ddb8a0c3d729b25717634957d8850029428dd98847e3,611,1781546583071222842
/mnt/main0/home/nclack/tmp/2026-06-15-dynacell-reformat/store/current/data/dynacell/2024_10_31_A549_SEC61_ZIKV_DENV.zarr/B/4/000000/0/zarr.json,True,current_destination_metadata,ddfacac56024dac8e7a2ddb8a0c3d729b25717634957d8850029428dd98847e3,611,1781546583346675213
/mnt/main0/home/nclack/tmp/2026-06-15-dynacell-reformat/store/current/data/dynacell/2024_10_31_A549_SEC61_ZIKV_DENV.zarr/C/2/001001/0/zarr.json,True,current_destination_metadata,ddfacac56024dac8e7a2ddb8a0c3d729b25717634957d8850029428dd98847e3,611,1781546581859677076
/mnt/main0/home/nclack/tmp/2026-06-15-dynacell-reformat/store/current/data/dynacell/2024_10_31_A549_SEC61_ZIKV_DENV.zarr/C/2/002000/0/zarr.json,True,current_destination_metadata,ddfacac56024dac8e7a2ddb8a0c3d729b25717634957d8850029428dd98847e3,611,1781546582618745634
/mnt/main0/home/nclack/tmp/2026-06-15-dynacell-reformat/store/current/data/dynacell/2024_10_31_A549_SEC61_ZIKV_DENV.zarr/C/4/002000/0/zarr.json,True,current_destination_metadata,ddfacac56024dac8e7a2ddb8a0c3d729b25717634957d8850029428dd98847e3,611,1781546581874247175
/mnt/main0/home/nclack/tmp/2026-06-15-dynacell-reformat/store/current/data/dynacell/2024_11_05_A549_TOMM20_ZIKV_DENV.zarr/B/1/002000/0/zarr.json,True,current_destination_metadata,ddfacac56024dac8e7a2ddb8a0c3d729b25717634957d8850029428dd98847e3,611,1781546583351503582
/mnt/main0/home/nclack/tmp/2026-06-15-dynacell-reformat/store/current/data/dynacell/2024_11_05_A549_TOMM20_ZIKV_DENV.zarr/B/2/000000/0/zarr.json,True,current_destination_metadata,ddfacac56024dac8e7a2ddb8a0c3d729b25717634957d8850029428dd98847e3,611,1781546581864748176
/mnt/main0/home/nclack/tmp/2026-06-15-dynacell-reformat/store/current/data/dynacell/2024_11_05_A549_TOMM20_ZIKV_DENV.zarr/B/3/000001/0/zarr.json,True,current_destination_metadata,ddfacac56024dac8e7a2ddb8a0c3d729b25717634957d8850029428dd98847e3,611,1781546582662850129
/mnt/main0/home/nclack/tmp/2026-06-15-dynacell-reformat/store/current/data/dynacell/2024_11_05_A549_TOMM20_ZIKV_DENV.zarr/B/3/001000/0/zarr.json,True,current_destination_metadata,ddfacac56024dac8e7a2ddb8a0c3d729b25717634957d8850029428dd98847e3,611,1781546581868194469
/mnt/main0/home/nclack/tmp/2026-06-15-dynacell-reformat/store/current/data/dynacell/2024_11_05_A549_TOMM20_ZIKV_DENV.zarr/B/3/001001/0/zarr.json,True,current_destination_metadata,ddfacac56024dac8e7a2ddb8a0c3d729b25717634957d8850029428dd98847e3,611,1781546581863000543
/mnt/main0/home/nclack/tmp/2026-06-15-dynacell-reformat/store/current/data/dynacell/2024_11_05_A549_TOMM20_ZIKV_DENV.zarr/B/3/002001/0/zarr.json,True,current_destination_metadata,ddfacac56024dac8e7a2ddb8a0c3d729b25717634957d8850029428dd98847e3,611,1781546581946655281
/mnt/main0/home/nclack/tmp/2026-06-15-dynacell-reformat/store/current/data/dynacell/2024_11_05_A549_TOMM20_ZIKV_DENV.zarr/B/4/001000/0/zarr.json,True,current_destination_metadata,ddfacac56024dac8e7a2ddb8a0c3d729b25717634957d8850029428dd98847e3,611,1781546583335111965
/mnt/main0/home/nclack/tmp/2026-06-15-dynacell-reformat/store/current/data/dynacell/2024_11_05_A549_TOMM20_ZIKV_DENV.zarr/B/4/001001/0/zarr.json,True,current_destination_metadata,ddfacac56024dac8e7a2ddb8a0c3d729b25717634957d8850029428dd98847e3,611,1781546582209096380
/mnt/main0/home/nclack/tmp/2026-06-15-dynacell-reformat/store/current/data/dynacell/2024_11_05_A549_TOMM20_ZIKV_DENV.zarr/C/2/000000/0/zarr.json,True,current_destination_metadata,ddfacac56024dac8e7a2ddb8a0c3d729b25717634957d8850029428dd98847e3,611,1781546582659853870
/mnt/main0/home/nclack/tmp/2026-06-15-dynacell-reformat/store/current/data/dynacell/2024_11_05_A549_TOMM20_ZIKV_DENV.zarr/C/2/002000/0/zarr.json,True,current_destination_metadata,ddfacac56024dac8e7a2ddb8a0c3d729b25717634957d8850029428dd98847e3,611,1781546582162605882
/mnt/main0/home/nclack/tmp/2026-06-15-dynacell-reformat/store/current/data/dynacell/2024_11_05_A549_TOMM20_ZIKV_DENV.zarr/C/3/002000/0/zarr.json,True,current_destination_metadata,ddfacac56024dac8e7a2ddb8a0c3d729b25717634957d8850029428dd98847e3,611,1781546583376645957
/mnt/main0/home/nclack/tmp/2026-06-15-dynacell-reformat/store/current/data/dynacell/2025_01_22_A549_G3BP1_ZIKV_DENV.zarr/B/1/000001/0/zarr.json,True,current_destination_metadata,ddfacac56024dac8e7a2ddb8a0c3d729b25717634957d8850029428dd98847e3,611,1781546582491526903
/mnt/main0/home/nclack/tmp/2026-06-15-dynacell-reformat/store/current/data/dynacell/2025_01_22_A549_G3BP1_ZIKV_DENV.zarr/B/2/001001/0/zarr.json,True,current_destination_metadata,ddfacac56024dac8e7a2ddb8a0c3d729b25717634957d8850029428dd98847e3,611,1781546582687818422
/mnt/main0/home/nclack/tmp/2026-06-15-dynacell-reformat/store/current/data/dynacell/2025_01_22_A549_G3BP1_ZIKV_DENV.zarr/B/3/000001/0/zarr.json,True,current_destination_metadata,ddfacac56024dac8e7a2ddb8a0c3d729b25717634957d8850029428dd98847e3,611,1781546582622391834
/mnt/main0/home/nclack/tmp/2026-06-15-dynacell-reformat/store/current/data/dynacell/2025_01_22_A549_G3BP1_ZIKV_DENV.zarr/B/3/001000/0/zarr.json,True,current_destination_metadata,ddfacac56024dac8e7a2ddb8a0c3d729b25717634957d8850029428dd98847e3,611,1781546583068194556
/mnt/main0/home/nclack/tmp/2026-06-15-dynacell-reformat/store/current/data/dynacell/2025_01_22_A549_G3BP1_ZIKV_DENV.zarr/B/3/001001/0/zarr.json,True,current_destination_metadata,ddfacac56024dac8e7a2ddb8a0c3d729b25717634957d8850029428dd98847e3,611,1781546582973303293
/mnt/main0/home/nclack/tmp/2026-06-15-dynacell-reformat/store/current/data/dynacell/2025_01_22_A549_G3BP1_ZIKV_DENV.zarr/B/4/001000/0/zarr.json,True,current_destination_metadata,ddfacac56024dac8e7a2ddb8a0c3d729b25717634957d8850029428dd98847e3,611,1781546582439575978
/mnt/main0/home/nclack/tmp/2026-06-15-dynacell-reformat/store/current/data/dynacell/2025_01_22_A549_G3BP1_ZIKV_DENV.zarr/C/1/000000/0/zarr.json,True,current_destination_metadata,ddfacac56024dac8e7a2ddb8a0c3d729b25717634957d8850029428dd98847e3,611,1781546583116752418
/mnt/main0/home/nclack/tmp/2026-06-15-dynacell-reformat/store/current/data/dynacell/2025_01_22_A549_G3BP1_ZIKV_DENV.zarr/C/2/002000/0/zarr.json,True,current_destination_metadata,ddfacac56024dac8e7a2ddb8a0c3d729b25717634957d8850029428dd98847e3,611,1781546582655123474
/mnt/main0/home/nclack/tmp/2026-06-15-dynacell-reformat/store/current/data/dynacell/2025_01_22_A549_G3BP1_ZIKV_DENV.zarr/C/3/001001/0/zarr.json,True,current_destination_metadata,ddfacac56024dac8e7a2ddb8a0c3d729b25717634957d8850029428dd98847e3,611,1781546583317536665
/mnt/main0/home/nclack/tmp/2026-06-15-dynacell-reformat/store/current/data/dynacell/2025_01_22_A549_G3BP1_ZIKV_DENV.zarr/C/4/001001/0/zarr.json,True,current_destination_metadata,ddfacac56024dac8e7a2ddb8a0c3d729b25717634957d8850029428dd98847e3,611,1781546581866360868
/mnt/main0/home/nclack/tmp/2026-06-15-dynacell-reformat/store/current/data/dynacell/2025_01_28_A549_G3BP1_ZIKV_DENV.zarr/B/1/002001/0/zarr.json,True,current_destination_metadata,ddfacac56024dac8e7a2ddb8a0c3d729b25717634957d8850029428dd98847e3,611,1781546582657593121
/mnt/main0/home/nclack/tmp/2026-06-15-dynacell-reformat/store/current/data/dynacell/2025_01_28_A549_G3BP1_ZIKV_DENV.zarr/B/3/000000/0/zarr.json,True,current_destination_metadata,ddfacac56024dac8e7a2ddb8a0c3d729b25717634957d8850029428dd98847e3,611,1781546583118046556
/mnt/main0/home/nclack/tmp/2026-06-15-dynacell-reformat/store/current/data/dynacell/2025_01_28_A549_G3BP1_ZIKV_DENV.zarr/C/1/000000/0/zarr.json,True,current_destination_metadata,ddfacac56024dac8e7a2ddb8a0c3d729b25717634957d8850029428dd98847e3,611,1781546582262417297
/mnt/main0/home/nclack/tmp/2026-06-15-dynacell-reformat/store/current/data/dynacell/2025_01_28_A549_G3BP1_ZIKV_DENV.zarr/C/3/001000/0/zarr.json,True,current_destination_metadata,ddfacac56024dac8e7a2ddb8a0c3d729b25717634957d8850029428dd98847e3,611,1781546582989480188
/mnt/main0/home/nclack/tmp/2026-06-15-dynacell-reformat/store/current/data/dynacell/2025_01_28_A549_G3BP1_ZIKV_DENV.zarr/C/4/000000/0/zarr.json,True,current_destination_metadata,ddfacac56024dac8e7a2ddb8a0c3d729b25717634957d8850029428dd98847e3,611,1781546581869144809
/mnt/main0/home/nclack/tmp/2026-06-15-dynacell-reformat/store/reformat/data/dynacell/2024_10_09_A549_TOMM20_ZIKV_DENV.zarr/A/1/001000/0/zarr.json,True,current_destination_metadata,c52426c178f303d1402a7fdcbb1bc6f0fa47477be3a14057fb398c8f7edd971c,611,1781546579450835705
/mnt/main0/home/nclack/tmp/2026-06-15-dynacell-reformat/store/reformat/data/dynacell/2024_10_09_A549_TOMM20_ZIKV_DENV.zarr/A/1/002001/0/zarr.json,True,current_destination_metadata,c52426c178f303d1402a7fdcbb1bc6f0fa47477be3a14057fb398c8f7edd971c,611,1781546580529489066
/mnt/main0/home/nclack/tmp/2026-06-15-dynacell-reformat/store/reformat/data/dynacell/2024_10_09_A549_TOMM20_ZIKV_DENV.zarr/A/2/001000/0/zarr.json,True,current_destination_metadata,c52426c178f303d1402a7fdcbb1bc6f0fa47477be3a14057fb398c8f7edd971c,611,1781546579006518788
/mnt/main0/home/nclack/tmp/2026-06-15-dynacell-reformat/store/reformat/data/dynacell/2024_10_09_A549_TOMM20_ZIKV_DENV.zarr/A/3/001001/0/zarr.json,True,current_destination_metadata,c52426c178f303d1402a7fdcbb1bc6f0fa47477be3a14057fb398c8f7edd971c,611,1781546578739510136
/mnt/main0/home/nclack/tmp/2026-06-15-dynacell-reformat/store/reformat/data/dynacell/2024_10_09_A549_TOMM20_ZIKV_DENV.zarr/B/2/001000/0/zarr.json,True,current_destination_metadata,c52426c178f303d1402a7fdcbb1bc6f0fa47477be3a14057fb398c8f7edd971c,611,1781546579061351187
/mnt/main0/home/nclack/tmp/2026-06-15-dynacell-reformat/store/reformat/data/dynacell/2024_10_09_A549_TOMM20_ZIKV_DENV.zarr/B/2/002001/0/zarr.json,True,current_destination_metadata,c52426c178f303d1402a7fdcbb1bc6f0fa47477be3a14057fb398c8f7edd971c,611,1781546579793069359
/mnt/main0/home/nclack/tmp/2026-06-15-dynacell-reformat/store/reformat/data/dynacell/2024_10_09_A549_TOMM20_ZIKV_DENV.zarr/B/4/001000/0/zarr.json,True,current_destination_metadata,c52426c178f303d1402a7fdcbb1bc6f0fa47477be3a14057fb398c8f7edd971c,611,1781546580093525914
/mnt/main0/home/nclack/tmp/2026-06-15-dynacell-reformat/store/reformat/data/dynacell/2024_10_09_A549_TOMM20_ZIKV_DENV.zarr/B/4/001001/0/zarr.json,True,current_destination_metadata,c52426c178f303d1402a7fdcbb1bc6f0fa47477be3a14057fb398c8f7edd971c,611,1781546579835211909
/mnt/main0/home/nclack/tmp/2026-06-15-dynacell-reformat/store/reformat/data/dynacell/2024_10_09_A549_TOMM20_ZIKV_DENV.zarr/B/4/002000/0/zarr.json,True,current_destination_metadata,c52426c178f303d1402a7fdcbb1bc6f0fa47477be3a14057fb398c8f7edd971c,611,1781546578842938965
/mnt/main0/home/nclack/tmp/2026-06-15-dynacell-reformat/store/reformat/data/dynacell/2024_10_09_A549_TOMM20_ZIKV_DENV.zarr/B/4/002001/0/zarr.json,True,current_destination_metadata,c52426c178f303d1402a7fdcbb1bc6f0fa47477be3a14057fb398c8f7edd971c,611,1781546578888154257
/mnt/main0/home/nclack/tmp/2026-06-15-dynacell-reformat/store/reformat/data/dynacell/2024_10_16_A549_SEC61_ZIKV_DENV.zarr/B/2/000000/0/zarr.json,True,current_destination_metadata,c52426c178f303d1402a7fdcbb1bc6f0fa47477be3a14057fb398c8f7edd971c,611,1781546580539864976
/mnt/main0/home/nclack/tmp/2026-06-15-dynacell-reformat/store/reformat/data/dynacell/2024_10_16_A549_SEC61_ZIKV_DENV.zarr/B/2/000001/0/zarr.json,True,current_destination_metadata,c52426c178f303d1402a7fdcbb1bc6f0fa47477be3a14057fb398c8f7edd971c,611,1781546579786212715
/mnt/main0/home/nclack/tmp/2026-06-15-dynacell-reformat/store/reformat/data/dynacell/2024_10_16_A549_SEC61_ZIKV_DENV.zarr/B/3/001000/0/zarr.json,True,current_destination_metadata,c52426c178f303d1402a7fdcbb1bc6f0fa47477be3a14057fb398c8f7edd971c,611,1781546580544385537
/mnt/main0/home/nclack/tmp/2026-06-15-dynacell-reformat/store/reformat/data/dynacell/2024_10_16_A549_SEC61_ZIKV_DENV.zarr/B/3/002000/0/zarr.json,True,current_destination_metadata,c52426c178f303d1402a7fdcbb1bc6f0fa47477be3a14057fb398c8f7edd971c,611,1781546579820421650
/mnt/main0/home/nclack/tmp/2026-06-15-dynacell-reformat/store/reformat/data/dynacell/2024_10_16_A549_SEC61_ZIKV_DENV.zarr/C/3/001000/0/zarr.json,True,current_destination_metadata,c52426c178f303d1402a7fdcbb1bc6f0fa47477be3a14057fb398c8f7edd971c,611,1781546580529565093
/mnt/main0/home/nclack/tmp/2026-06-15-dynacell-reformat/store/reformat/data/dynacell/2024_10_16_A549_SEC61_ZIKV_DENV.zarr/C/3/001001/0/zarr.json,True,current_destination_metadata,c52426c178f303d1402a7fdcbb1bc6f0fa47477be3a14057fb398c8f7edd971c,611,1781546578675599898
/mnt/main0/home/nclack/tmp/2026-06-15-dynacell-reformat/store/reformat/data/dynacell/2024_10_16_A549_SEC61_ZIKV_DENV.zarr/C/3/002000/0/zarr.json,True,current_destination_metadata,c52426c178f303d1402a7fdcbb1bc6f0fa47477be3a14057fb398c8f7edd971c,611,1781546579343302508
/mnt/main0/home/nclack/tmp/2026-06-15-dynacell-reformat/store/reformat/data/dynacell/2024_10_16_A549_SEC61_ZIKV_DENV.zarr/C/4/000000/0/zarr.json,True,current_destination_metadata,c52426c178f303d1402a7fdcbb1bc6f0fa47477be3a14057fb398c8f7edd971c,611,1781546580528888762
/mnt/main0/home/nclack/tmp/2026-06-15-dynacell-reformat/store/reformat/data/dynacell/2024_10_31_A549_SEC61_ZIKV_DENV.zarr/B/1/000001/0/zarr.json,True,current_destination_metadata,c52426c178f303d1402a7fdcbb1bc6f0fa47477be3a14057fb398c8f7edd971c,611,1781546579472473123
/mnt/main0/home/nclack/tmp/2026-06-15-dynacell-reformat/store/reformat/data/dynacell/2024_10_31_A549_SEC61_ZIKV_DENV.zarr/B/3/001001/0/zarr.json,True,current_destination_metadata,c52426c178f303d1402a7fdcbb1bc6f0fa47477be3a14057fb398c8f7edd971c,611,1781546580191309378
/mnt/main0/home/nclack/tmp/2026-06-15-dynacell-reformat/store/reformat/data/dynacell/2024_10_31_A549_SEC61_ZIKV_DENV.zarr/B/4/000000/0/zarr.json,True,current_destination_metadata,c52426c178f303d1402a7fdcbb1bc6f0fa47477be3a14057fb398c8f7edd971c,611,1781546580543953609
/mnt/main0/home/nclack/tmp/2026-06-15-dynacell-reformat/store/reformat/data/dynacell/2024_10_31_A549_SEC61_ZIKV_DENV.zarr/C/2/001001/0/zarr.json,True,current_destination_metadata,c52426c178f303d1402a7fdcbb1bc6f0fa47477be3a14057fb398c8f7edd971c,611,1781546579042840588
/mnt/main0/home/nclack/tmp/2026-06-15-dynacell-reformat/store/reformat/data/dynacell/2024_10_31_A549_SEC61_ZIKV_DENV.zarr/C/2/002000/0/zarr.json,True,current_destination_metadata,c52426c178f303d1402a7fdcbb1bc6f0fa47477be3a14057fb398c8f7edd971c,611,1781546579459575758
/mnt/main0/home/nclack/tmp/2026-06-15-dynacell-reformat/store/reformat/data/dynacell/2024_10_31_A549_SEC61_ZIKV_DENV.zarr/C/4/002000/0/zarr.json,True,current_destination_metadata,c52426c178f303d1402a7fdcbb1bc6f0fa47477be3a14057fb398c8f7edd971c,611,1781546579019222199
/mnt/main0/home/nclack/tmp/2026-06-15-dynacell-reformat/store/reformat/data/dynacell/2024_11_05_A549_TOMM20_ZIKV_DENV.zarr/B/1/002000/0/zarr.json,True,current_destination_metadata,c52426c178f303d1402a7fdcbb1bc6f0fa47477be3a14057fb398c8f7edd971c,611,1781546580529010578
/mnt/main0/home/nclack/tmp/2026-06-15-dynacell-reformat/store/reformat/data/dynacell/2024_11_05_A549_TOMM20_ZIKV_DENV.zarr/B/2/000000/0/zarr.json,True,current_destination_metadata,c52426c178f303d1402a7fdcbb1bc6f0fa47477be3a14057fb398c8f7edd971c,611,1781546579064929492
/mnt/main0/home/nclack/tmp/2026-06-15-dynacell-reformat/store/reformat/data/dynacell/2024_11_05_A549_TOMM20_ZIKV_DENV.zarr/B/3/000001/0/zarr.json,True,current_destination_metadata,c52426c178f303d1402a7fdcbb1bc6f0fa47477be3a14057fb398c8f7edd971c,611,1781546579787244821
/mnt/main0/home/nclack/tmp/2026-06-15-dynacell-reformat/store/reformat/data/dynacell/2024_11_05_A549_TOMM20_ZIKV_DENV.zarr/B/3/001000/0/zarr.json,True,current_destination_metadata,c52426c178f303d1402a7fdcbb1bc6f0fa47477be3a14057fb398c8f7edd971c,611,1781546578851017574
/mnt/main0/home/nclack/tmp/2026-06-15-dynacell-reformat/store/reformat/data/dynacell/2024_11_05_A549_TOMM20_ZIKV_DENV.zarr/B/3/001001/0/zarr.json,True,current_destination_metadata,c52426c178f303d1402a7fdcbb1bc6f0fa47477be3a14057fb398c8f7edd971c,611,1781546579196726163
/mnt/main0/home/nclack/tmp/2026-06-15-dynacell-reformat/store/reformat/data/dynacell/2024_11_05_A549_TOMM20_ZIKV_DENV.zarr/B/3/002001/0/zarr.json,True,current_destination_metadata,c52426c178f303d1402a7fdcbb1bc6f0fa47477be3a14057fb398c8f7edd971c,611,1781546579014849553
/mnt/main0/home/nclack/tmp/2026-06-15-dynacell-reformat/store/reformat/data/dynacell/2024_11_05_A549_TOMM20_ZIKV_DENV.zarr/B/4/001000/0/zarr.json,True,current_destination_metadata,c52426c178f303d1402a7fdcbb1bc6f0fa47477be3a14057fb398c8f7edd971c,611,1781546580549517230
/mnt/main0/home/nclack/tmp/2026-06-15-dynacell-reformat/store/reformat/data/dynacell/2024_11_05_A549_TOMM20_ZIKV_DENV.zarr/B/4/001001/0/zarr.json,True,current_destination_metadata,c52426c178f303d1402a7fdcbb1bc6f0fa47477be3a14057fb398c8f7edd971c,611,1781546579068614879
/mnt/main0/home/nclack/tmp/2026-06-15-dynacell-reformat/store/reformat/data/dynacell/2024_11_05_A549_TOMM20_ZIKV_DENV.zarr/C/2/000000/0/zarr.json,True,current_destination_metadata,c52426c178f303d1402a7fdcbb1bc6f0fa47477be3a14057fb398c8f7edd971c,611,1781546579796611668
/mnt/main0/home/nclack/tmp/2026-06-15-dynacell-reformat/store/reformat/data/dynacell/2024_11_05_A549_TOMM20_ZIKV_DENV.zarr/C/2/002000/0/zarr.json,True,current_destination_metadata,c52426c178f303d1402a7fdcbb1bc6f0fa47477be3a14057fb398c8f7edd971c,611,1781546578864307634
/mnt/main0/home/nclack/tmp/2026-06-15-dynacell-reformat/store/reformat/data/dynacell/2024_11_05_A549_TOMM20_ZIKV_DENV.zarr/C/3/002000/0/zarr.json,True,current_destination_metadata,c52426c178f303d1402a7fdcbb1bc6f0fa47477be3a14057fb398c8f7edd971c,611,1781546580204246206
/mnt/main0/home/nclack/tmp/2026-06-15-dynacell-reformat/store/reformat/data/dynacell/2025_01_22_A549_G3BP1_ZIKV_DENV.zarr/B/1/000001/0/zarr.json,True,current_destination_metadata,c52426c178f303d1402a7fdcbb1bc6f0fa47477be3a14057fb398c8f7edd971c,611,1781546579456193493
/mnt/main0/home/nclack/tmp/2026-06-15-dynacell-reformat/store/reformat/data/dynacell/2025_01_22_A549_G3BP1_ZIKV_DENV.zarr/B/2/001001/0/zarr.json,True,current_destination_metadata,c52426c178f303d1402a7fdcbb1bc6f0fa47477be3a14057fb398c8f7edd971c,611,1781546579826309897
/mnt/main0/home/nclack/tmp/2026-06-15-dynacell-reformat/store/reformat/data/dynacell/2025_01_22_A549_G3BP1_ZIKV_DENV.zarr/B/3/000001/0/zarr.json,True,current_destination_metadata,c52426c178f303d1402a7fdcbb1bc6f0fa47477be3a14057fb398c8f7edd971c,611,1781546579466902724
/mnt/main0/home/nclack/tmp/2026-06-15-dynacell-reformat/store/reformat/data/dynacell/2025_01_22_A549_G3BP1_ZIKV_DENV.zarr/B/3/001000/0/zarr.json,True,current_destination_metadata,c52426c178f303d1402a7fdcbb1bc6f0fa47477be3a14057fb398c8f7edd971c,611,1781546579959215536
/mnt/main0/home/nclack/tmp/2026-06-15-dynacell-reformat/store/reformat/data/dynacell/2025_01_22_A549_G3BP1_ZIKV_DENV.zarr/B/3/001001/0/zarr.json,True,current_destination_metadata,c52426c178f303d1402a7fdcbb1bc6f0fa47477be3a14057fb398c8f7edd971c,611,1781546580274736513
/mnt/main0/home/nclack/tmp/2026-06-15-dynacell-reformat/store/reformat/data/dynacell/2025_01_22_A549_G3BP1_ZIKV_DENV.zarr/B/4/001000/0/zarr.json,True,current_destination_metadata,c52426c178f303d1402a7fdcbb1bc6f0fa47477be3a14057fb398c8f7edd971c,611,1781546579379420877
/mnt/main0/home/nclack/tmp/2026-06-15-dynacell-reformat/store/reformat/data/dynacell/2025_01_22_A549_G3BP1_ZIKV_DENV.zarr/C/1/000000/0/zarr.json,True,current_destination_metadata,c52426c178f303d1402a7fdcbb1bc6f0fa47477be3a14057fb398c8f7edd971c,611,1781546580271040231
/mnt/main0/home/nclack/tmp/2026-06-15-dynacell-reformat/store/reformat/data/dynacell/2025_01_22_A549_G3BP1_ZIKV_DENV.zarr/C/2/002000/0/zarr.json,True,current_destination_metadata,c52426c178f303d1402a7fdcbb1bc6f0fa47477be3a14057fb398c8f7edd971c,611,1781546579793621307
/mnt/main0/home/nclack/tmp/2026-06-15-dynacell-reformat/store/reformat/data/dynacell/2025_01_22_A549_G3BP1_ZIKV_DENV.zarr/C/3/001001/0/zarr.json,True,current_destination_metadata,c52426c178f303d1402a7fdcbb1bc6f0fa47477be3a14057fb398c8f7edd971c,611,1781546580548287510
/mnt/main0/home/nclack/tmp/2026-06-15-dynacell-reformat/store/reformat/data/dynacell/2025_01_22_A549_G3BP1_ZIKV_DENV.zarr/C/4/001001/0/zarr.json,True,current_destination_metadata,c52426c178f303d1402a7fdcbb1bc6f0fa47477be3a14057fb398c8f7edd971c,611,1781546579077289189
/mnt/main0/home/nclack/tmp/2026-06-15-dynacell-reformat/store/reformat/data/dynacell/2025_01_28_A549_G3BP1_ZIKV_DENV.zarr/B/1/002001/0/zarr.json,True,current_destination_metadata,c52426c178f303d1402a7fdcbb1bc6f0fa47477be3a14057fb398c8f7edd971c,611,1781546579816936673
/mnt/main0/home/nclack/tmp/2026-06-15-dynacell-reformat/store/reformat/data/dynacell/2025_01_28_A549_G3BP1_ZIKV_DENV.zarr/B/3/000000/0/zarr.json,True,current_destination_metadata,c52426c178f303d1402a7fdcbb1bc6f0fa47477be3a14057fb398c8f7edd971c,611,1781546580422147240
/mnt/main0/home/nclack/tmp/2026-06-15-dynacell-reformat/store/reformat/data/dynacell/2025_01_28_A549_G3BP1_ZIKV_DENV.zarr/C/1/000000/0/zarr.json,True,current_destination_metadata,c52426c178f303d1402a7fdcbb1bc6f0fa47477be3a14057fb398c8f7edd971c,611,1781546579360966796
/mnt/main0/home/nclack/tmp/2026-06-15-dynacell-reformat/store/reformat/data/dynacell/2025_01_28_A549_G3BP1_ZIKV_DENV.zarr/C/3/001000/0/zarr.json,True,current_destination_metadata,c52426c178f303d1402a7fdcbb1bc6f0fa47477be3a14057fb398c8f7edd971c,611,1781546580195113214
/mnt/main0/home/nclack/tmp/2026-06-15-dynacell-reformat/store/reformat/data/dynacell/2025_01_28_A549_G3BP1_ZIKV_DENV.zarr/C/4/000000/0/zarr.json,True,current_destination_metadata,c52426c178f303d1402a7fdcbb1bc6f0fa47477be3a14057fb398c8f7edd971c,611,1781546578701013769
/mnt/main0/home/nclack/tmp/2026-06-15-size-impact/results.json,True,retained_record,8edcbf554431593ed80bf2419a70cf1c840031771ac5ef64ab1dc262a433da49,67626,1781543055731655662
/mnt/main0/home/nclack/tmp/2026-06-15-size-impact/size_impact.py,True,scope_or_implementation_reference,ff1eaabf5c5a24a6b8c8405210de5a964340796ce4e1d8d9e7e0f272d63958ea,18644,1781542744944224621
/mnt/main0/home/nclack/tmp/2026-09-07-chucky-microscopy-pr/worktree/scripts/datasets/extract.py,True,scope_or_implementation_reference,80f6223eccc74b87f718c95134930685cd0b02e8df1a0aef74dbcdaeb0dc3001,21009,1788827920586181172
/mnt/main0/home/nclack/tmp/2026-09-08-opencell/extract.log,True,retained_record,3b19cd057882c0850eb69e1e249ec9c1112f41aba8e94cbbe95ea0027fb317f9,10690,1788828039544118392
/mnt/main0/home/nclack/tmp/2026-09-08-opencell/extract.sh,True,scope_or_implementation_reference,9642c3e374d0e61a4fda20cd3ee6aaacde740bbbe37d52652a928658b27ac1cc,1180,1788827988924580448
/mnt/main0/home/nclack/tmp/2026-09-08-opencell/fetch.log,True,retained_record,d4674bc7268e394f58652713b64eade6c6c2b8c80192c64798d37e976cd2b97c,1932,1788827759976854134
/mnt/main0/home/nclack/tmp/2026-09-08-opencell/store.log,True,scope_or_implementation_reference,2a5cc6fa9e45f31e2dbdb765b5ff078d0b28ff404999c518c9c264d9daf78ef1,4590,1788828439853646238
/mnt/main0/home/nclack/tmp/2026-09-08-opencell/store.sh,True,scope_or_implementation_reference,0566d59a4fa36780d9779667afcbeccc9fc5086915b46cddb1e1d37f19c4839a,1005,1788828418552678617
/mnt/main0/home/nclack/tmp/2026-09-10-corpus-additions/license-additions.md,True,retained_record,8fd75fa3bbe6e15080f274801cb582362c1c4a64c6b63b3d4f27431d22bc1821,4371,1789071631138896691
/mnt/main0/home/nclack/tmp/2026-09-13-bbbc022-pilot.qFGPCw/import.sh,True,scope_or_implementation_reference,0001a05468f2632b45c4de98eaad27e4083c4c4f063c70f787a74a7e7f3e6273,498,1789325011879881843
/mnt/main0/home/nclack/tmp/2026-09-13-bbbc022-pilot.qFGPCw/slurm-3671605.log,True,retained_record,18aafd0c64644a634648407f84a5f4a3de2cf61b465e3189c14dea12cbc830ad,1102,1789325496950988789
/mnt/main0/home/nclack/tmp/2026-09-13-cosem-stack.ruflut1h/import.log,True,retained_record,23f78bee772d9ab80cbe8fc11a196b9c5c2bc52c80376fd2164ff50092b593ee,824,1789331754292131465
/mnt/main0/home/nclack/tmp/2026-09-13-cosem-stack.ruflut1h/import_cosem.py,True,scope_or_implementation_reference,5546f1bd6a3a9b6f90f81e6c22ef9d515510715b67c83c98b9a3c92acd0afe92,16425,1789331509427063972
/mnt/main0/home/nclack/tmp/2026-09-13-microscopy-v3-rc1.gbqip5w3/notes.md,True,scope_or_implementation_reference,e0e58c79896d05a773a0bd8a6bc3816be4e7c7f82607755bf9196b70e0b76ebf,2316,1789331964119617218
/mnt/main0/home/nclack/tmp/2026-09-16-writer-comparison/input-preparation-comparison/comparison.json,True,retained_record,0fb9ca7a4a6b2b76a3a0b88ede6308266ec8f8fb99b9957732c692941310b720,36835,1789595637396331884
/mnt/main0/home/nclack/tmp/2026-09-16-writer-comparison/input-preparation-comparison/summary.md,True,scope_or_implementation_reference,535e412e6ab7e48a7b637ae01c7f23be5f3ad32a6f7efad2cb472cc3711d4a47,4780,1789595637403335922
/mnt/main0/home/nclack/tmp/2026-09-16-writer-comparison/tensorstore-frame-input/RESULTS.md,True,scope_or_implementation_reference,b7954e44da69551815a3d7be00f030e15cdbc97ee38d38678c320a3775e7120a,5580,1789596698213341240
/mnt/main0/home/nclack/tmp/2026-09-16-writer-comparison/tensorstore-frame-input/analysis.json,True,retained_record,4d36328ef0a7257df23a7526476dc57c25b345263b6d7caf752ec80a8493d430,5197,1789596698203540556
/mnt/main0/home/nclack/tmp/2026-09-16-writer-comparison/tensorstore-transactions/RESULTS.md,True,scope_or_implementation_reference,d65dc5970ae9aa686462f93263d61e4d75239d81109944b6c0cd6cf7cc988075,8666,1789599233239902578
/mnt/main0/home/nclack/tmp/2026-09-16-writer-comparison/tensorstore-transactions/results/study.json,True,retained_record,a22cec5965cc30626df2e301c88465c1f9d98a6eb5dbf89fbd876bcadbb33fd3,217398,1789598947295644075
/mnt/main0/home/nclack/tmp/2026-09-16-writer-comparison/tensorstore-transactions/storage-preflight.json,True,scope_or_implementation_reference,4597f0166b8795cb003731a0f8ae407bd34beb5d79fcb0bed4d0e354bea2240c,4449,1789598854066059613
