phase,reader,implementation,storage_type,configuration_id,crop_summary_id,control_summary_id,control_workload,crop_selection_shape,control_selection_shape,chunk_shape,crop_primary_gib_s,control_primary_gib_s,control_to_crop_ratio,scope,source_run_ids
cpu-small-chunks,damacy,chunks256-random,local block storage,smooth4-lz4-64-16,1c4df2f07e0cd306aded,001ea501e998f373fea4,full-scan,"[1,256,256]","[8,256,256]","[1,128,256]",2.9570443711351304,21.04487883125118,7.116862714904955,"different selections/workloads on same encoding; aligned refers to XY 256-grid, not necessarily whole chunks","[""a72a5b30022aa467c3c531e9"",""b3484e415ceb6eff1bab4c3b"",""506b47991216b6616a4131a4"",""fbf0cf2656ef0e49262e04ad"",""c63660b1addcd66b1cb303b0"",""98f117ab309f76b0fb924956""]"
cpu-small-chunks,damacy,chunks256-random,local block storage,smooth4-zstd-32-16,6107d0ef007c625a3731,028254a4a576076bf4a1,full-scan,"[1,256,256]","[8,256,256]","[1,128,128]",3.9322356744163263,11.606553983680637,2.951642511967046,"different selections/workloads on same encoding; aligned refers to XY 256-grid, not necessarily whole chunks","[""4ae5a4da3e5e32941b547579"",""806a9d912c736620ec3e5244"",""0ab5af6c633b366caa37c837"",""89cd513199573be68757a729"",""e40b38598e083117b5c47daf"",""a056645d63e95da5e58064b4""]"
cpu-chunk-blocks,tensorstore,tensorstore,local block storage,smooth4-zstd-128-16,02c8f633c439d597dec7,d3b0b7986b8bd2b0b6af,full-scan,"[1,256,256]","[8,256,256]","[1,256,256]",2.7885904217072945,9.855317002946705,3.534157230918429,"different selections/workloads on same encoding; aligned refers to XY 256-grid, not necessarily whole chunks","[""6f06ebdf7503c6c7fdae2b73"",""b7f8a600383991322049f3f1"",""9f4e33207403826dfbf7d51c"",""faab31d99e9fd3dddee78733"",""d3bfbdc42e14b75c54c5c81b"",""71da33ea6eccf53713e26e02""]"
pr160-cold-storage,damacy,damacy,local block storage,random12-zstd-256-16,05dbbc664b1e2d9b26cb,e208bf7d15d0d9cdba88,full-scan,"[1,256,256]","[8,256,256]","[2,256,256]",0.941982121810818,7.216189468772513,7.6606437656167845,"different selections/workloads on same encoding; aligned refers to XY 256-grid, not necessarily whole chunks","[""4002b2e7b9572e51a86d09ab"",""56fde1e08a265e0f42e319d5"",""49778b91775a322ccce201a5"",""ee46e1b5f676af464b62cf05"",""91c0017a76f2907c5355666b"",""ac21d2fe0386beeb1bed1c62""]"
cpu-small-chunks,tensorstore,tensorstore,local block storage,smooth4-lz4-16-16,07b2f7e564b81bb8acd9,518e87715a8d4f4ebd3a,full-scan,"[1,256,256]","[8,256,256]","[1,64,128]",2.3746206485602244,4.962697402772585,2.089890612962352,"different selections/workloads on same encoding; aligned refers to XY 256-grid, not necessarily whole chunks","[""a17e856ff0b18cc2ece15d05"",""157ecf65dd3fec17e5d4e1d0"",""92a6e8559c9a47861908bcac"",""e72083de90fb8a5a59c54ae6"",""9ca5117d5cfcfa15f4b0bb0f"",""e5e57dd23bed0518ca9a11c5""]"
cpu-chunk-blocks,damacy,chunks256-random,local block storage,smooth4-zstd-512-256,07cef6acb2857e970788,47b194318b313ae777ff,full-scan,"[1,256,256]","[8,256,256]","[1,512,512]",2.7608076028677018,27.49631419984913,9.959518429059743,"different selections/workloads on same encoding; aligned refers to XY 256-grid, not necessarily whole chunks","[""c1d194207a0a51557d2a35dc"",""4663e9b2904c486ee8ab6263"",""009bd1d32387be840bc9b43c"",""520ac0568ce0895687d1c12a"",""bc9af6e56aa09903abb17960"",""48e7b695e532b8060084b641""]"
cpu-chunk-blocks,damacy,chunks256-random,local block storage,smooth4-lz4-128-128,07eb7eb13f270b32598c,52d1bec0eaa456724c8c,full-scan,"[1,256,256]","[8,256,256]","[1,256,256]",3.300574491483771,24.601522512649222,7.453709218236618,"different selections/workloads on same encoding; aligned refers to XY 256-grid, not necessarily whole chunks","[""5c788b50775e8552a865ab40"",""06539b83bdd14a9e6ab29a0a"",""620e56e996ac5d67be8dc998"",""8d6c3e92f319c54377d789c0"",""249fa9402748f66323186e67"",""0d82cb26c677d507cbf5d89b""]"
cpu-chunk-blocks,damacy,chunks256-random,local block storage,smooth4-lz4-32-4,77f87023f08be27c32b9,08607dcb0a2cca919213,full-scan,"[1,256,256]","[8,256,256]","[1,128,128]",3.3291162733955186,12.15802800515401,3.652028648658005,"different selections/workloads on same encoding; aligned refers to XY 256-grid, not necessarily whole chunks","[""3d21a881cc224ff3b8dc989e"",""e05bd8f7178554a9b2553c35"",""45b092d2d431179e1280815e"",""93b24f4c321a4a7dbf6e64c0"",""db21d98e80bc3ba4e3345ef3"",""4dde92ab9fa3a2d5b3142d40""]"
cpu-nfs-local-spot,damacy,chunks256-default,NFS,smooth4-zstd-128-128,86dba5fc9845deaccd07,091d1f7eae5f10207018,full-scan,"[1,256,256]","[8,256,256]","[1,256,256]",1.0541116368936732,21.078052644125222,19.996034486669213,"different selections/workloads on same encoding; aligned refers to XY 256-grid, not necessarily whole chunks","[""b5c9fef0f7901ce7087032ec"",""241c8e8241b7a0479d1f545a"",""0c31e8b2bafb6a4907c6a496"",""56fc4fdea998069ff3b2aec8"",""bb54cb2c82f4d3961c127df0"",""0703b2b6e4e1d00992fd5291""]"
pr160-cold-storage,damacy,damacy,local block storage,smooth4-zstd-64-16,095275d9ec1be456167d,646928239775e5db9689,aligned,"[1,256,256]","[1,256,256]","[1,128,256]",1.0575638641168887,3.0148877381042185,2.8507855084683507,"different selections/workloads on same encoding; aligned refers to XY 256-grid, not necessarily whole chunks","[""ff6caf61828e16cd2263d887"",""1401ee3825504728a1911938"",""eefb479f02c4a0bf1654bf76"",""ffafbadb9b99ca9d1dc6f152"",""faecaae6aa67114d85985fc4"",""4f1547ec87bf558ee86b65c7""]"
cpu-nfs-local-spot,damacy,chunks256-default,local block storage,smooth4-zstd-512-512,095a997003f7acc48ae4,162e68cd39aa67e0057d,full-scan,"[1,256,256]","[8,256,256]","[1,512,512]",2.9194093624467086,22.097641226288726,7.569216400597229,"different selections/workloads on same encoding; aligned refers to XY 256-grid, not necessarily whole chunks","[""8cd77a00310a785694fe2cfd"",""294e59f0a89732934e25b1d1"",""5035241120f45f9d48d17a5e"",""baff1626686c2d522824d5fa"",""077aad28b305bd7acd55dfb4"",""ba96927cf48acbe76fbda465""]"
cpu-readahead-control,damacy,batch-random,local block storage,smooth4-lz4-64-16,0b6020329367c4e536ef,14ca97d608cf03c4666f,aligned,"[1,256,256]","[1,256,256]","[1,128,256]",2.1304459029301372,6.40615961266805,3.006957183872753,"different selections/workloads on same encoding; aligned refers to XY 256-grid, not necessarily whole chunks","[""8d405b6e0df7072bcaa4aaf1"",""f5c0eadd6d781e7cb71a3e2d"",""1b7b7ad7f250a0b20df423c8"",""6cae7466b2ca42fe453f14a3"",""91d5c2c529092bd0b0be54d6"",""67e36de4077fa9031fb173b6""]"
cpu-readahead-control,damacy,batch-random,local block storage,smooth4-lz4-64-16,0b6020329367c4e536ef,3ed1a73579a445fa454e,full-scan,"[1,256,256]","[8,256,256]","[1,128,256]",2.1304459029301372,5.0351416352054565,2.3634214923177854,"different selections/workloads on same encoding; aligned refers to XY 256-grid, not necessarily whole chunks","[""8d405b6e0df7072bcaa4aaf1"",""f5c0eadd6d781e7cb71a3e2d"",""1b7b7ad7f250a0b20df423c8"",""e548f01e769c9514c0d7f8a1"",""ea4c98190e85ca9a4416f06d"",""b089f9931d6854af0dc7fc43""]"
cpu-chunk-blocks,damacy,chunks256-default,local block storage,smooth4-zstd-32-16,5ba76a18ff3be3a30151,0c9ea4306a7cab55e5bf,full-scan,"[1,256,256]","[8,256,256]","[1,128,128]",3.597022514346559,14.87676376933399,4.135855060678297,"different selections/workloads on same encoding; aligned refers to XY 256-grid, not necessarily whole chunks","[""5fe74e760d25edbf8ce3ec4d"",""03354bce62ced4c0388d2e3f"",""298a194b17f897d39ac67ce0"",""6354a4465eccaea124f4365d"",""2c3a01f934206d4f7c010ea5"",""fa9f95001345fb4440438558""]"
pr160-cold-storage,damacy,damacy,local block storage,random12-zstd-16-16,b2335f0032039171f8c2,0cbf1c5cf595f0a468ab,full-scan,"[1,256,256]","[8,256,256]","[1,64,128]",0.6377355601231282,3.161649313507337,4.957618033557537,"different selections/workloads on same encoding; aligned refers to XY 256-grid, not necessarily whole chunks","[""9132fdf0b59b375ae03bef23"",""8221a6479fca06c823caef9f"",""eff701ca8487d580be4a5fbb"",""9ea695d489c8a2dd25f41347"",""736e88e0019ef4810cb324bb"",""19f242bdcf535e79cc5a4322""]"
cpu-chunk-blocks,damacy,chunks256-random,local block storage,smooth4-lz4-128-16,0cfb280dc5f2bed93ff8,c78d9386401ad7b945cf,full-scan,"[1,256,256]","[8,256,256]","[1,256,256]",3.267337595907511,24.56192277075033,7.5174119752777475,"different selections/workloads on same encoding; aligned refers to XY 256-grid, not necessarily whole chunks","[""9aaac42cfd76c38bdd2fb022"",""de500d446bbdd7c94e12ee7f"",""9e8b010ed0a110e318eadc76"",""cb0292f502be08864c1c7ba3"",""a854e0bcceceec163639fbef"",""ee41887045405cf24a0ebd57""]"
cpu-chunk-blocks,damacy,chunks256-default,local block storage,smooth4-zstd-512-256,f8c76cd0b067301a7943,0d8aeb700426faee3f8f,full-scan,"[1,256,256]","[8,256,256]","[1,512,512]",2.902611380856856,22.907115929743046,7.89189902610415,"different selections/workloads on same encoding; aligned refers to XY 256-grid, not necessarily whole chunks","[""667f3c64aa6b78d834d83b0e"",""d5582c09ec7ac7aa34840826"",""6082ad8a14eeb13e16efac54"",""be10d0d8692c5c57f8eb810d"",""efe0be43d7e4823b7cc37142"",""42d57e8d6718a12531565f23""]"
cpu-readahead-control,damacy,persistent-default,local block storage,smooth4-zstd-64-16,4aabe80f1fc0b73a7001,0e1eca74778484504ab8,aligned,"[1,256,256]","[1,256,256]","[1,128,256]",2.061051459930021,7.091714614351852,3.440823653472794,"different selections/workloads on same encoding; aligned refers to XY 256-grid, not necessarily whole chunks","[""eb896465c2ae49daee18d980"",""71e3df9cac700223055ed328"",""60149230fdd5c57a900875a2"",""21829aa335938cb31a1a517d"",""e170c2974744f5d8a5fbfb28"",""4e77e1f80256620eaa2cfd56""]"
cpu-readahead-control,damacy,persistent-default,local block storage,smooth4-zstd-64-16,4aabe80f1fc0b73a7001,2338d5a77b815853aa77,full-scan,"[1,256,256]","[8,256,256]","[1,128,256]",2.061051459930021,10.947295603978915,5.311510079593359,"different selections/workloads on same encoding; aligned refers to XY 256-grid, not necessarily whole chunks","[""eb896465c2ae49daee18d980"",""71e3df9cac700223055ed328"",""60149230fdd5c57a900875a2"",""c18fe6c29349644712fa863a"",""f1ef6cef1f569740257ce2da"",""47b179e60730194cc19c880f""]"
cpu-chunk-blocks,tensorstore,tensorstore,local block storage,smooth4-zstd-512-256,708cd329d7e5ad02f54a,0e3c3513bcc4b4ef36ce,full-scan,"[1,256,256]","[8,256,256]","[1,512,512]",3.36437546031021,11.044383599552601,3.2827440723676724,"different selections/workloads on same encoding; aligned refers to XY 256-grid, not necessarily whole chunks","[""d29f119cb752b8c29898c9c6"",""8ce070d1afdbf20bcf099f41"",""57028032a92f16bbdcc55551"",""fbe1e41396d93ec5c0c5107a"",""15a3145304747826b53e927d"",""ab1645a7d056ec06e06cfea8""]"
cpu-fixed-layout-pilot,damacy,damacy,local block storage,smooth4-lz4-64-16,e1e81d497b33a9ad56af,0eca832cc0051d04b0f9,full-scan,"[1,256,256]","[8,256,256]","[1,128,256]",4.805628834644621,15.226492961535929,3.168470451102147,"different selections/workloads on same encoding; aligned refers to XY 256-grid, not necessarily whole chunks","[""27ca813cba94658db53479f3"",""74f8ccc2efc4b445ba3ad99a"",""c6790296f257a0e547902a4c"",""8fbbcdc6e6961e84c9f4f16b"",""b5c25e7c61c403ea4a5d3190"",""8c5fb09b812694ca8968ac2c""]"
cpu-fixed-layout-pilot,damacy,damacy,local block storage,smooth4-lz4-64-16,e1e81d497b33a9ad56af,5c47b265e94163e60e7f,aligned,"[1,256,256]","[1,256,256]","[1,128,256]",4.805628834644621,13.359082378727125,2.7798822668990075,"different selections/workloads on same encoding; aligned refers to XY 256-grid, not necessarily whole chunks","[""27ca813cba94658db53479f3"",""74f8ccc2efc4b445ba3ad99a"",""c6790296f257a0e547902a4c"",""466447360c474eb004d5e73f"",""e44b9ea036e26a0050de4d3b"",""3658583645424d2793e113d8""]"
cpu-readahead-control,tensorstore,tensorstore,local block storage,smooth4-lz4-64-16,83b9ebc90652012644fc,0fd8266116352c868a70,aligned,"[1,256,256]","[1,256,256]","[1,128,256]",2.3133142442945474,4.590774216751136,1.984500907333974,"different selections/workloads on same encoding; aligned refers to XY 256-grid, not necessarily whole chunks","[""b00ea505160062eef3c14aac"",""eb7afacfac704b16836963e9"",""4dbd1be7e6426d00b803c4c3"",""59b0860411229939f1af5de8"",""1875bfb370b46a62084ec246"",""b3e131090dc3ebb8a381c277""]"
cpu-readahead-control,tensorstore,tensorstore,local block storage,smooth4-lz4-64-16,83b9ebc90652012644fc,343170b9c2c84596e0a1,full-scan,"[1,256,256]","[8,256,256]","[1,128,256]",2.3133142442945474,8.441242999772017,3.648982415852543,"different selections/workloads on same encoding; aligned refers to XY 256-grid, not necessarily whole chunks","[""b00ea505160062eef3c14aac"",""eb7afacfac704b16836963e9"",""4dbd1be7e6426d00b803c4c3"",""d2f62d3bc6cb4c55c14217c4"",""6bf10ac651fa2dbb8d531ec8"",""a5174beba5e14683896d6d8d""]"
cpu-buffer-control,damacy,chunks32-random,local block storage,smooth4-zstd-64-16,6ba438dbe3e1c8bd1286,101eba24e03e5187d75a,full-scan,"[1,256,256]","[8,256,256]","[1,128,256]",2.2497564113352353,4.970170999854505,2.2092040608541694,"different selections/workloads on same encoding; aligned refers to XY 256-grid, not necessarily whole chunks","[""0b91ca7fb632c291c73b0b0a"",""ddf3cbf4a0b5bb77c344b1a2"",""d7fc32968ea012ff7e41bb78"",""404142c50cce6cde2be145e1"",""1e70d4c24c2e48678692205e"",""4dfc90d63b760f3ee9f2597b""]"
cpu-readahead-control,damacy,persistent-default,local block storage,smooth4-lz4-64-16,33a3450bf21eecb1db7c,102c33c073324cff24fd,aligned,"[1,256,256]","[1,256,256]","[1,128,256]",2.0499453734797615,6.269759321454591,3.058500681319004,"different selections/workloads on same encoding; aligned refers to XY 256-grid, not necessarily whole chunks","[""fce30458e0bd13adece294cc"",""d276e29b96065e4a6ee82395"",""acf07237f40d160bf56d2883"",""74fe84d5cf05c41ee7c0aef3"",""a56126d6b0b11c9983eda4ee"",""1ec2f9791ed4459b99d658f0""]"
cpu-readahead-control,damacy,persistent-default,local block storage,smooth4-lz4-64-16,33a3450bf21eecb1db7c,a7a4acffb09b7a4e97ad,full-scan,"[1,256,256]","[8,256,256]","[1,128,256]",2.0499453734797615,11.354959354512705,5.53915216542467,"different selections/workloads on same encoding; aligned refers to XY 256-grid, not necessarily whole chunks","[""fce30458e0bd13adece294cc"",""d276e29b96065e4a6ee82395"",""acf07237f40d160bf56d2883"",""d18f6a0d29c56576f99cca19"",""647aa071799e0c118b61c619"",""e29ca9383bf3e8ac6d637cb7""]"
cpu-scheduling-paired,damacy,before,local block storage,smooth4-lz4-64-16,5598acb2e45d895463bc,104fb67e3a115a86be7b,full-scan,"[1,256,256]","[8,256,256]","[1,128,256]",1.7116933756988102,9.61975511333483,5.6200223999859205,"different selections/workloads on same encoding; aligned refers to XY 256-grid, not necessarily whole chunks","[""79809e5557e09feb990d6ad8"",""70aff981d7e7164fad04e75f"",""4dba7a3f40a2d5df49c775ed"",""4974a1b77ca7b7fbe7703b7f"",""2b0a8506a6a4e2a6167ec997"",""f08711914bae6e318b0e4b72""]"
cpu-scheduling-paired,damacy,before,local block storage,smooth4-lz4-64-16,5598acb2e45d895463bc,de4b19fed9fc499bf4b4,aligned,"[1,256,256]","[1,256,256]","[1,128,256]",1.7116933756988102,6.020159149448787,3.5170780204667307,"different selections/workloads on same encoding; aligned refers to XY 256-grid, not necessarily whole chunks","[""79809e5557e09feb990d6ad8"",""70aff981d7e7164fad04e75f"",""4dba7a3f40a2d5df49c775ed"",""72289c818f67cd2b222e1661"",""a929cd8013fc442ea0dcd2ef"",""3aa5cec3a51dced73d7067a4""]"
cpu-chunk-blocks,tensorstore,tensorstore,local block storage,smooth4-lz4-32-32,8ce0d88cd40b18fe4d99,10e2b2b4a0f12b51b47e,full-scan,"[1,256,256]","[8,256,256]","[1,128,128]",2.4670099215710266,8.627165081209997,3.4970127220712985,"different selections/workloads on same encoding; aligned refers to XY 256-grid, not necessarily whole chunks","[""bdd7ef0e756e5ef4578e4c74"",""3aa7ab5df6739344af0f07ee"",""30f71ea656bca5c694034d9a"",""a18ec2ed0d9ba4b58b01e17b"",""a6e5f4657047d33fccded726"",""094d50abaa190d206cd2eb65""]"
cpu-buffer-control,damacy,chunks256-random,local block storage,smooth4-lz4-64-16,602309ffb9707982d3d9,112da9aae5147c558929,full-scan,"[1,256,256]","[8,256,256]","[1,128,256]",3.001879770807607,20.80892746898263,6.931965654102239,"different selections/workloads on same encoding; aligned refers to XY 256-grid, not necessarily whole chunks","[""b3b942d050475846398b1aa2"",""716d1edd60d0f61459feb82a"",""d1e395b38a68ff15dd9bfd80"",""1a0433d0db68e56e506f211e"",""da552fc02f8a8b85a9232bce"",""906d053a20bab9bcec3a0230""]"
cpu-nfs-local-spot,damacy,chunks256-random,NFS,smooth4-zstd-512-512,ecb0c9ee0a0a6bc8048f,11b57364d1be83ffcc43,full-scan,"[1,256,256]","[8,256,256]","[1,512,512]",1.1988820767423807,23.648857760618004,19.725758036918037,"different selections/workloads on same encoding; aligned refers to XY 256-grid, not necessarily whole chunks","[""880c56368bf8c56becb9cdd1"",""21b25691077ee1581aecb61f"",""721fb10cdb596bd8ee85dadc"",""835ba666cd70029c093dd9ee"",""fe870b5b435e1f868469fc33"",""2de4f165bbbc046da00b5e46""]"
cpu-chunk-blocks,damacy,chunks256-random,local block storage,smooth4-lz4-128-64,14690f27af6f57929a53,2cab33d9b4ae2f80d0e9,full-scan,"[1,256,256]","[8,256,256]","[1,256,256]",3.34135666333119,24.728612649854032,7.400770148614024,"different selections/workloads on same encoding; aligned refers to XY 256-grid, not necessarily whole chunks","[""36cfed2d0912dc10a7d40127"",""98ade07614ffcbeed757f93a"",""855b95352651b8b95d675c15"",""60f53c3890027eea94df7b93"",""5f835f4693ab76e13b41f52b"",""84f56f26ac42be55dd850a76""]"
pr160-warm-xor-crops,damacy,damacy,local block storage,xor-lz4-1024-16,1558ffc30ca8d7dbac34,96ec2a332374abfcddc6,aligned,"[1,256,256]","[1,256,256]","[8,256,256]",3.5061961182943464,10.605762005903907,3.02486274243646,"different selections/workloads on same encoding; aligned refers to XY 256-grid, not necessarily whole chunks","[""5ea995835e5bc3efd81bfc43"",""da35cd586de83dcbb722741c"",""5bbc65610d21d979a8df3f05"",""37823520446cb4b61440bbb0"",""c26cf6ca73e85fa7c9d7e22f"",""a62c522509c1685338615823"",""9087a458a608ff823631aa30"",""386189f4756b7a67f02fad40"",""6828faab2e387aa86ffc1323"",""fc2fb95aadb6e22b13c4cd8e""]"
cpu-readahead-control,damacy,batch-default,local block storage,smooth4-zstd-64-16,15924aa6b1954dffe095,5befefe7168fbe35f469,aligned,"[1,256,256]","[1,256,256]","[1,128,256]",2.0881498842285153,7.071632550124103,3.3865540991741487,"different selections/workloads on same encoding; aligned refers to XY 256-grid, not necessarily whole chunks","[""7d2f9562656974ab19380b8c"",""5e45ef9d360b1a1929f5957a"",""ab3a6ec15f70b348505c2b9f"",""9f00cca1a8ee823b271bee25"",""e48d8737c14bca5e7f96e145"",""2d5632eb9b0f3d075db4cba6""]"
cpu-readahead-control,damacy,batch-default,local block storage,smooth4-zstd-64-16,15924aa6b1954dffe095,687c0ad2c460d64dfc19,full-scan,"[1,256,256]","[8,256,256]","[1,128,256]",2.0881498842285153,9.248944964464473,4.429253395228176,"different selections/workloads on same encoding; aligned refers to XY 256-grid, not necessarily whole chunks","[""7d2f9562656974ab19380b8c"",""5e45ef9d360b1a1929f5957a"",""ab3a6ec15f70b348505c2b9f"",""a29ff9a8a844a6309aa2202f"",""81d63be404fd2bc8f138be04"",""ec4c583656dcbf065b9efebf""]"
cpu-scheduling-paired,damacy,after,local block storage,smooth4-lz4-64-16,8f7f33ee9ea5eaf249f3,1653f70b3669d97d985b,aligned,"[1,256,256]","[1,256,256]","[1,128,256]",2.0397024386100124,6.149694710766649,3.0149960084165297,"different selections/workloads on same encoding; aligned refers to XY 256-grid, not necessarily whole chunks","[""76860d4dcfc4b9c337e984fe"",""effcdcee11d5dca875cd82ff"",""ec9d0aeb7c1c49e78b59c781"",""76325154966362e5f880b438"",""447e25d1f6f65cbc15ca83b2"",""14c304efe3a18e6214ea9632""]"
cpu-scheduling-paired,damacy,after,local block storage,smooth4-lz4-64-16,8f7f33ee9ea5eaf249f3,5c8ecd59ddbc4396f168,full-scan,"[1,256,256]","[8,256,256]","[1,128,256]",2.0397024386100124,11.028996269045274,5.407159426921683,"different selections/workloads on same encoding; aligned refers to XY 256-grid, not necessarily whole chunks","[""76860d4dcfc4b9c337e984fe"",""effcdcee11d5dca875cd82ff"",""ec9d0aeb7c1c49e78b59c781"",""9736458c14d3c73b6d4867d4"",""07661a194f4efdb16fb886e9"",""e176defd909325f534ea27b9""]"
cpu-nfs-local-spot,tensorstore,tensorstore,NFS,smooth4-zstd-512-512,29f20cff58b766176b79,17c2ed44fb1c2f4e31e3,full-scan,"[1,256,256]","[8,256,256]","[1,512,512]",1.396484194408053,8.717645730755935,6.242566701194354,"different selections/workloads on same encoding; aligned refers to XY 256-grid, not necessarily whole chunks","[""bd80d6af74c3498b550db50a"",""8f0fb17bea10aa1368d1b298"",""43b5218b8dd638a21824ec43"",""371972d665271678cb3347bd"",""f85a3edc887576edf509164c"",""95bda482d3ca23453429d614""]"
cpu-small-chunks,tensorstore,tensorstore,local block storage,smooth4-zstd-32-16,2ed41f5de31097d9b6ab,1837639dd821dcbc7785,full-scan,"[1,256,256]","[8,256,256]","[1,128,128]",2.6853015622851006,8.567692056629987,3.1905884154549744,"different selections/workloads on same encoding; aligned refers to XY 256-grid, not necessarily whole chunks","[""144123816ba2bdcc575a23d6"",""c2b6a986144a6890bcdf0f88"",""e876d2a8f8b391442ecffd86"",""1863e1a32fdea85e756e86fd"",""08d91bb7771f3499b0624a58"",""6ff2f0accbbaf227dee5e457""]"
cpu-buffer-control,damacy,chunks128-random,local block storage,smooth4-lz4-64-16,18edad9bf900a633629a,35f67e83ed5eb730f960,full-scan,"[1,256,256]","[8,256,256]","[1,128,256]",2.966204016464885,13.260935725957152,4.470675534234326,"different selections/workloads on same encoding; aligned refers to XY 256-grid, not necessarily whole chunks","[""61ca8964e7a49697590c5e9c"",""995a3e8dcdbca92463f390f8"",""fa7a4f260caeb0a1eae06c69"",""e2d578694f391d31a1cb820e"",""4e7e229455383b68e332ef43"",""47c72430689569e1890accb2""]"
cpu-nfs-local-spot,damacy,chunks256-random,local block storage,smooth4-zstd-512-512,c67b731900f01f2cb938,18f3d550a435612a5772,full-scan,"[1,256,256]","[8,256,256]","[1,512,512]",2.794722680618743,27.094203949423598,9.694773702349968,"different selections/workloads on same encoding; aligned refers to XY 256-grid, not necessarily whole chunks","[""9238d8286db9f4fd615fb0d0"",""b5c5f54b461259e80a9929f6"",""28a222897039beadb11677df"",""8c13fb251f5b420b06d08177"",""09ed70e7fb438e712c0fe0df"",""6bffa1d31c8432dd01502faa""]"
cpu-scheduling-paired,damacy,before,local block storage,smooth4-lz4-64-16,1961abe2fb8514b31338,6661c91bd9ea0fa56da9,full-scan,"[1,256,256]","[8,256,256]","[1,128,256]",4.883857195187145,15.519936838182067,3.1778031621146448,"different selections/workloads on same encoding; aligned refers to XY 256-grid, not necessarily whole chunks","[""db0b09e5a994737d894612bf"",""4e623f09cab92191d970b95b"",""0c23391e0b7c18055ded9ac5"",""e677a81af34ef5c22b56a23a"",""dd60784acc201b42d6f3ac47"",""945de7f0fcba60a7fa439f9c""]"
cpu-scheduling-paired,damacy,before,local block storage,smooth4-lz4-64-16,1961abe2fb8514b31338,d69eccc4ae6d400010af,aligned,"[1,256,256]","[1,256,256]","[1,128,256]",4.883857195187145,13.236323513220205,2.7102191944236407,"different selections/workloads on same encoding; aligned refers to XY 256-grid, not necessarily whole chunks","[""db0b09e5a994737d894612bf"",""4e623f09cab92191d970b95b"",""0c23391e0b7c18055ded9ac5"",""2c244c9fdf528f1e408ea549"",""943cf7dbf263f27a6a39dc1c"",""a2cb8de03a800083242aed5d""]"
cpu-chunk-blocks,damacy,chunks256-default,local block storage,smooth4-lz4-128-16,198d3fd79c5f09cbc376,fa60e4f27ce64909e6e9,full-scan,"[1,256,256]","[8,256,256]","[1,256,256]",3.338837969317557,23.72670684431703,7.106276813177208,"different selections/workloads on same encoding; aligned refers to XY 256-grid, not necessarily whole chunks","[""1e7fbdaf551d71fde75a3fdc"",""b7b27190fc42796ce7ba3f24"",""de564ba7db265cc324c49d78"",""f862bf104f7f85c25b2f3b06"",""b1fd570333f4c9df23b9a7e3"",""5a545ab7f7dd40b8ed512442""]"
pr160-cold-storage,damacy,damacy,local block storage,random12-lz4-256-16,1a4a058e431620e02ebe,4881a2d1bd15d5d22e65,full-scan,"[1,256,256]","[8,256,256]","[2,256,256]",0.9374258903534393,7.242086847454675,7.725503340561864,"different selections/workloads on same encoding; aligned refers to XY 256-grid, not necessarily whole chunks","[""0b8d0626d55b4e3476a09dcb"",""5da47a4f38ab135d7e4fdff6"",""ba154d4416dc7dc8c24acce6"",""a3024db9eb073f38759feb93"",""800c9fc2292580e265c1311d"",""61c0dcb8cd6bbf61c60ab29b""]"
pr160-warm-random-crops,damacy,damacy,local block storage,random12-lz4-16-16,1b3b9d05b40dcfabfc7e,7a5bbf60f2033fb8746f,aligned,"[1,256,256]","[1,256,256]","[1,64,128]",2.57854342151716,6.7798429579140285,2.629330536510769,"different selections/workloads on same encoding; aligned refers to XY 256-grid, not necessarily whole chunks","[""75815ac24a37dfd5987d4ea0"",""81d2b42ca235ed610ccfe57f"",""db5b516e6a62d69aeaa0e2c7"",""611cd49896d21d4b35cf6e3b"",""95f9f98894af60b039720e31"",""0ce722764fbd8d5c2e6d86c5"",""5e679b49e69a44a09cc6c320"",""27556c9043c361e026500f10"",""8012bf7d58bb99e99227655a"",""2a22b41677f71ed445b766af""]"
cpu-chunk-blocks,tensorstore,tensorstore,local block storage,smooth4-zstd-128-64,bb36b9b4735f967c7483,1bc449a5e386a8cef064,full-scan,"[1,256,256]","[8,256,256]","[1,256,256]",2.8235578971427544,9.396063880732578,3.327739052293118,"different selections/workloads on same encoding; aligned refers to XY 256-grid, not necessarily whole chunks","[""92d672c9052ec441ff2c2c64"",""886ea3dcb458fe432bbfc99e"",""a3dd7b959f694bb3513789ef"",""2b2b04a5126d676141fa4777"",""b16f3a11cda7825a113bb84c"",""878f26c365bcab6f36d22c29""]"
cpu-nfs-local-spot,damacy,chunks256-default,NFS,smooth4-lz4-512-512,f6f7c7e8747336b4849a,1c441bc5c62d77629061,full-scan,"[1,256,256]","[8,256,256]","[1,512,512]",1.3435673297209518,22.076481824652085,16.43124340425663,"different selections/workloads on same encoding; aligned refers to XY 256-grid, not necessarily whole chunks","[""e81a96f523f4c156e71d961e"",""a856b250ba02074a1b43b024"",""fead4ffe1bbd9c7fcc45c761"",""a79032e92a3a0d4670ab6fab"",""3edb818854326104a3fd1688"",""25622cbff768d2fd6e13551a""]"
cpu-chunk-blocks,tensorstore,tensorstore,local block storage,smooth4-zstd-512-16,1c55fb472959a2215944,35d9bbc6086d56ebbcac,full-scan,"[1,256,256]","[8,256,256]","[1,512,512]",3.2289676101536053,10.623629968616369,3.2901011255764785,"different selections/workloads on same encoding; aligned refers to XY 256-grid, not necessarily whole chunks","[""ebe82fc6b003a6a25afef356"",""450ab98468fd80f671bed5fd"",""f13d90ba28f142ff760c3ecc"",""004b9ea5379c699d6e99b59f"",""b9db2f8ad1db6bc9dd85711e"",""10b1bef4d90dae86fc12f6a9""]"
cpu-scheduling-paired,damacy,before,local block storage,smooth4-zstd-64-16,df12ddf085405156366f,20d950f4365ec166dc0f,aligned,"[1,256,256]","[1,256,256]","[1,128,256]",1.78689253096781,6.4396662145166035,3.6038352071619975,"different selections/workloads on same encoding; aligned refers to XY 256-grid, not necessarily whole chunks","[""7baaed24f031c6156bbd949d"",""b9c777e3e29cbd4147126906"",""a8583ea11821aaf8e1a87cde"",""26ba0e78168d766437a86735"",""64bc10759702f79eb0ef24f2"",""41bd655128c8c4504ff7214b""]"
cpu-scheduling-paired,damacy,before,local block storage,smooth4-zstd-64-16,df12ddf085405156366f,356b19d0962ce667c214,full-scan,"[1,256,256]","[8,256,256]","[1,128,256]",1.78689253096781,8.879198282668385,4.969072358178847,"different selections/workloads on same encoding; aligned refers to XY 256-grid, not necessarily whole chunks","[""7baaed24f031c6156bbd949d"",""b9c777e3e29cbd4147126906"",""a8583ea11821aaf8e1a87cde"",""0f5520925688abd8e94e70bb"",""8e0658fded4bc70b59fe6f01"",""b605b7e9b9f3a8b9b5fb5815""]"
pr160-warm-smooth-crops,damacy,damacy,local block storage,smooth4-lz4-1024-16,7dbe3be5d7c0404b2046,20f79549206ec40c5fc7,aligned,"[1,256,256]","[1,256,256]","[8,256,256]",2.7807599080165875,8.443088852375784,3.0362523668567722,"different selections/workloads on same encoding; aligned refers to XY 256-grid, not necessarily whole chunks","[""5c4186b208b666eae02dfc65"",""297fff300763c1966fbf7723"",""a0be309f426b8d6ccce6e256"",""e88e96b35c0e70ec733c0d19"",""855f2077b78b422aed812020"",""31a8c141005158e6712180e7"",""a0928e73c6f31820742d711f"",""bb9d8422f0d14cd9c981f3ab"",""11b19da4b9bf7435d2c86bad"",""050476fa09f76146bc567398""]"
cpu-chunk-blocks,damacy,chunks256-default,local block storage,smooth4-lz4-512-16,2193347a8b3e0be524a7,342ce216e902f2d22f74,full-scan,"[1,256,256]","[8,256,256]","[1,512,512]",3.132266171530596,24.925740703219017,7.957733901981562,"different selections/workloads on same encoding; aligned refers to XY 256-grid, not necessarily whole chunks","[""6527cafaf52a99358ac72d50"",""c965c47cd3f9210de96d00e2"",""1afb6b055d19e8e9abe278b2"",""a58164a2b30dcbdce87b769a"",""15c3cf03675edc350d5617b5"",""444e5953c211188d996e170b""]"
cpu-fixed-layout-pilot,tensorstore,tensorstore,local block storage,smooth4-zstd-64-16,7108b9b7a5ef9440b221,2402d7ddc06cb36bb635,aligned,"[1,256,256]","[1,256,256]","[1,128,256]",2.4654099381744756,4.879786131249294,1.9793000975985986,"different selections/workloads on same encoding; aligned refers to XY 256-grid, not necessarily whole chunks","[""38344f69cacca9f28fc55a46"",""af68bfc7264675e700f984a1"",""a32d669d2df8578a23053c10"",""aad255c026c1185a031c1331"",""801f647ecb01759488b3e956"",""bda2f2463873261d34f91481""]"
cpu-fixed-layout-pilot,tensorstore,tensorstore,local block storage,smooth4-zstd-64-16,7108b9b7a5ef9440b221,ba6f0c727010155bc895,full-scan,"[1,256,256]","[8,256,256]","[1,128,256]",2.4654099381744756,8.304684268353848,3.368480081046112,"different selections/workloads on same encoding; aligned refers to XY 256-grid, not necessarily whole chunks","[""38344f69cacca9f28fc55a46"",""af68bfc7264675e700f984a1"",""a32d669d2df8578a23053c10"",""dbf19862b91c30dc22ad9cce"",""9bbedfe0add446a14ec5e8db"",""a203bcc233b6c2a01c772a8a""]"
cpu-small-chunks,damacy,chunks256-default,local block storage,smooth4-lz4-64-16,de48cc7cb88a530197a6,2437f623d092743b32fa,full-scan,"[1,256,256]","[8,256,256]","[1,128,256]",3.0123132689607117,21.58774140065304,7.1664994551184575,"different selections/workloads on same encoding; aligned refers to XY 256-grid, not necessarily whole chunks","[""8aa7edcdbdca0aa8e005ffb1"",""289138773a014d3af045bc31"",""b7f510f5ee1e1b18af302631"",""2ab804185ab99acfffef8dda"",""3fd982a11bb6fdc495e8f9b5"",""e8a289fb7a6d74cff7d43fcd""]"
pr160-warm-random-crops,damacy,damacy,local block storage,random12-zstd-256-16,c34371921a8d5345d0e4,a73a1fb676ca9d114645,aligned,"[1,256,256]","[1,256,256]","[2,256,256]",4.615076138226998,15.82647895189262,3.4292996427081213,"different selections/workloads on same encoding; aligned refers to XY 256-grid, not necessarily whole chunks","[""28c5add4cf97999242deddca"",""31dc7d4fae8f7147612afb42"",""ed30c4e93aeee5822b0b5262"",""e909e6b4fc5fe3a0866dd8c7"",""577104c4da0fc648e2cd7401"",""76033622a89cf5cd655025b0"",""c18481892c9f087ec89377b4"",""b3aefb3e9009e84c36166d47"",""5139de44a0ac1366afc833d0"",""52a264886708ae96a6fb5806""]"
cpu-chunk-blocks,tensorstore,tensorstore,local block storage,smooth4-lz4-512-512,253a76e148d1ddc3c911,9b7b1aee8da3af615e26,full-scan,"[1,256,256]","[8,256,256]","[1,512,512]",3.141153263612946,10.347251047927298,3.2940930223907374,"different selections/workloads on same encoding; aligned refers to XY 256-grid, not necessarily whole chunks","[""767651fb821ab2f0024e3f32"",""a373a9feafa40d845f7c1fa6"",""948981122665a9d733c13e8d"",""9e4e07b50dbae6bc99dc544a"",""1b33df0f98d3c08380864935"",""ebbf1c73110838abbfedb095""]"
cpu-small-chunks,damacy,chunks256-random,local block storage,smooth4-lz4-16-16,f6e2ea5aed2285ec3735,257e95ebb3f00e040007,full-scan,"[1,256,256]","[8,256,256]","[1,64,128]",3.5826611679345013,8.117920399617777,2.265891196263467,"different selections/workloads on same encoding; aligned refers to XY 256-grid, not necessarily whole chunks","[""3e260836346efb5c2efaf7ce"",""412dcb32c368c281757de079"",""e767899d754bc514689a0f52"",""13655729738fc6987952eb4a"",""ca9b5c6dacf531362d88e406"",""d5596d243e8debf802d7c5aa""]"
cpu-chunk-blocks,damacy,chunks256-random,local block storage,smooth4-lz4-32-32,260982ad0a9e8b4cd629,e63f444f983cf03fec40,full-scan,"[1,256,256]","[8,256,256]","[1,128,128]",3.4667847858160625,11.935534447479737,3.4428253222734093,"different selections/workloads on same encoding; aligned refers to XY 256-grid, not necessarily whole chunks","[""eb133482dddf4c2fcb038810"",""8363cd7131f481de363d5d95"",""90409a4137cb0d87220b3807"",""7022a0839234acf449e3c47e"",""23c97db1d54fc6fcdeb12b5d"",""a0658f3912e392f08f61da8a""]"
cpu-nfs-local-spot,damacy,chunks256-random,local block storage,smooth4-zstd-32-32,269117776b39f0a686bb,3bab90bb50f4364495f4,full-scan,"[1,256,256]","[8,256,256]","[1,128,128]",3.906019472245198,11.078408935514947,2.8362400684979243,"different selections/workloads on same encoding; aligned refers to XY 256-grid, not necessarily whole chunks","[""5605740766688971dc3bec40"",""bdbd79545d8c12f97423da31"",""012dcb0e1e7521168d5baa36"",""dc2bfbdf7cf393dc1f9e9643"",""eccc839a7f202b083c7db853"",""cbfe71f8b486a005224c8b8c""]"
cpu-chunk-blocks,damacy,chunks256-random,local block storage,smooth4-zstd-32-16,5da8449c9972c910eaac,285005c46cc1d034bbff,full-scan,"[1,256,256]","[8,256,256]","[1,128,128]",4.014959096350938,11.379308956514828,2.8342278671922463,"different selections/workloads on same encoding; aligned refers to XY 256-grid, not necessarily whole chunks","[""81534a42900a85073ab51f41"",""61a9fada86bf536ac43a1fba"",""ec179c7fcadebf4a040a917e"",""148d4f00f9e74294a87905e3"",""bd0bd2084a43c35afc3fd8fd"",""3526c9797995c53f5cd623a1""]"
cpu-chunk-blocks,damacy,chunks256-random,local block storage,smooth4-zstd-128-16,7c3e837cb0fe58c768a4,28c7fee8f9d819639e0c,full-scan,"[1,256,256]","[8,256,256]","[1,256,256]",3.497935565962786,22.492849769003637,6.4303213552227385,"different selections/workloads on same encoding; aligned refers to XY 256-grid, not necessarily whole chunks","[""fdfd952b59a29ab937638471"",""e8f3121f0e537e7edf2bff59"",""954e0ca3bfc65a1789cf5718"",""2884274242068cd336a09a21"",""d53835a4262218abf8e9a8e3"",""7b3e3cf706c4df269997a2da""]"
cpu-chunk-blocks,damacy,chunks256-default,local block storage,smooth4-zstd-512-16,2a13137721cac8de5b63,dbac840665d23f7de8c2,full-scan,"[1,256,256]","[8,256,256]","[1,512,512]",2.6627178727855276,21.566002917816334,8.099244436758772,"different selections/workloads on same encoding; aligned refers to XY 256-grid, not necessarily whole chunks","[""d52bac319892b0fd954d734f"",""df84b077c9ef7950c4bc7ed8"",""8332f9f2060e5dfe25155b0a"",""69a662ef57b7a77548c33eb2"",""4a64c63bb11f0a22942eef11"",""26c9910d17910ed383db9267""]"
cpu-chunk-blocks,damacy,chunks256-random,local block storage,smooth4-zstd-128-128,2b935d5a7baf8fbd9c05,94da843482c442609ddd,full-scan,"[1,256,256]","[8,256,256]","[1,256,256]",3.518721774525175,24.028436685309444,6.828740157653386,"different selections/workloads on same encoding; aligned refers to XY 256-grid, not necessarily whole chunks","[""3279cd2a02a8e3656d33d97c"",""be4d47796badd09cae7106aa"",""2650233c375dc742f124a74a"",""099108eb05722f5def70e421"",""2797d763c4316a46caec1aeb"",""e993b94329f82619b4b4ef76""]"
cpu-nfs-local-spot,damacy,chunks256-random,NFS,smooth4-lz4-512-512,2c09d958f5753908e1e7,bbf813355fad4da4b531,full-scan,"[1,256,256]","[8,256,256]","[1,512,512]",1.350479381539752,20.657924173229457,15.296734223129182,"different selections/workloads on same encoding; aligned refers to XY 256-grid, not necessarily whole chunks","[""2d915fc139ae09edf16e3bae"",""481b45f32f4be6f21e53b878"",""5a3b899fd73715c320c30475"",""08651a9570fc6ba357cec5d1"",""98d7e37d51975800015e8e3e"",""2ca58bbce8c13c6fdbcd21fc""]"
pr160-cold-storage,damacy,damacy,local block storage,random12-lz4-1024-16,9718778eac257ec505b9,2d3b1e1678e0d3c93a81,full-scan,"[1,256,256]","[8,256,256]","[8,256,256]",0.9534984803776616,8.366866736471867,8.774913551155235,"different selections/workloads on same encoding; aligned refers to XY 256-grid, not necessarily whole chunks","[""21e43dc32b8fb808e3c4c746"",""5df92b04f89fdfdf447e265a"",""5d186a6975a6af47c27006f4"",""b456fe925b6b79367794f339"",""a1d4d3c464d8c6e505b3b425"",""8693bf6770a8fa58a02d7b41""]"
pr160-warm-smooth-crops,damacy,damacy,local block storage,smooth4-lz4-256-16,2e97d7f7ebd29c8c3421,5127c4e69c4bf5360c49,aligned,"[1,256,256]","[1,256,256]","[2,256,256]",5.583798697994235,16.29599865181171,2.918443076693546,"different selections/workloads on same encoding; aligned refers to XY 256-grid, not necessarily whole chunks","[""108205ac5753ad668f93f453"",""9dc25821d2814bb3cb759a5b"",""df4fddd65a3b778cb450071b"",""2ea58debd4903e867235ee0a"",""2601ccc08ab57706180c24a7"",""adb726334150117cb94c3212"",""baa168547b0cd00b3528a691"",""07453f35a24718af5a7396a6"",""7c40085a7a39c88184edd1e7"",""7c0f8155f86bda76ad616659""]"
cpu-fixed-layout-pilot,tensorstore,tensorstore,local block storage,smooth4-lz4-64-16,2eec8e89e0121d651cf4,804bbf8a01aa4da014db,full-scan,"[1,256,256]","[8,256,256]","[1,128,256]",2.3108899115904773,8.73412367630685,3.7795498749205074,"different selections/workloads on same encoding; aligned refers to XY 256-grid, not necessarily whole chunks","[""a941539f63f73623b2c894d6"",""99881db1ef1044912f493c49"",""beb74cf2c845f67eaf061626"",""14ffac4995723c055b6f8c3b"",""754298afe25fada8e589ffdc"",""3debf31a0f350727bcd7ac54""]"
cpu-fixed-layout-pilot,tensorstore,tensorstore,local block storage,smooth4-lz4-64-16,2eec8e89e0121d651cf4,ed4b79aed63dd685afae,aligned,"[1,256,256]","[1,256,256]","[1,128,256]",2.3108899115904773,4.4179362756709875,1.9117900223253512,"different selections/workloads on same encoding; aligned refers to XY 256-grid, not necessarily whole chunks","[""a941539f63f73623b2c894d6"",""99881db1ef1044912f493c49"",""beb74cf2c845f67eaf061626"",""852f5bc46ca296f6abe97019"",""f1d055bb449d8ec20589588b"",""0ecf06aa1bc3d8f7f0ad1a4f""]"
cpu-chunk-blocks,tensorstore,tensorstore,local block storage,smooth4-lz4-512-64,2f0076a1082af313e627,a2c7d7d4ac009a0016c2,full-scan,"[1,256,256]","[8,256,256]","[1,512,512]",3.0794965114355413,10.479551156967071,3.40300796511762,"different selections/workloads on same encoding; aligned refers to XY 256-grid, not necessarily whole chunks","[""fb927fbeb0d04d1935d44496"",""171c9c745b4127b78fb7e537"",""f75693befc8318d26040c39e"",""b2100d032bb2c42ac40c49ad"",""04a27dd8d781ce03f8c34fbf"",""76affbde00cf39ef3b85eaea""]"
pr160-cold-storage,damacy,damacy,local block storage,random12-lz4-64-16,5d0dfaa45e3b40e9037f,2f2c43fd0b5c62327ab1,aligned,"[1,256,256]","[1,256,256]","[1,128,256]",0.8656646406065336,2.4191388318304567,2.794545044759448,"different selections/workloads on same encoding; aligned refers to XY 256-grid, not necessarily whole chunks","[""aa1f5f9ec3d46192b31a633e"",""247930fe3895af9e5955ec6c"",""51a75d71cac20ee06a355343"",""958a570fb0062ede56218258"",""555669faf339248764b7857c"",""fad3b2f4697d2b90e41c9187""]"
pr160-cold-storage,damacy,damacy,local block storage,random12-lz4-64-16,5d0dfaa45e3b40e9037f,9e0969f84832c69c16f7,full-scan,"[1,256,256]","[8,256,256]","[1,128,256]",0.8656646406065336,5.793334874467564,6.6923547557728895,"different selections/workloads on same encoding; aligned refers to XY 256-grid, not necessarily whole chunks","[""aa1f5f9ec3d46192b31a633e"",""247930fe3895af9e5955ec6c"",""51a75d71cac20ee06a355343"",""ebc181b56c0f87666b883c62"",""6df91440a8a48a2c99de8faf"",""696c86ff7943a9069a1813c8""]"
pr160-warm-random-crops,damacy,damacy,local block storage,random12-zstd-64-16,d619e5a2365dbe0c677e,2f68473e73b507608be8,aligned,"[1,256,256]","[1,256,256]","[1,128,256]",6.005013255919161,14.666221087883299,2.4423295108344276,"different selections/workloads on same encoding; aligned refers to XY 256-grid, not necessarily whole chunks","[""315a5e06cdec065374592e05"",""937212b11b98577cb2ac22f5"",""cf07e48a0deb82db2d9badc2"",""f94350a8e62235338d2fdeea"",""a47be50d81b71ccf3c461cd9"",""ac4105dc2c9544ada82f2292"",""823410c8d0a65bb893369fe4"",""fd57ff116a1bc7ba7bdd6d04"",""7b955f323b13801562460f5a"",""bda4a9263a843737c79e4798""]"
cpu-buffer-control,damacy,chunks256-default,local block storage,smooth4-zstd-64-16,2f812430aba5b936934a,40e1b9709343589f9cee,full-scan,"[1,256,256]","[8,256,256]","[1,128,256]",3.29916566099855,19.073066667277917,5.7811788273478575,"different selections/workloads on same encoding; aligned refers to XY 256-grid, not necessarily whole chunks","[""14db787bef65e24361209af3"",""04d37dc444a9cfa0394f6df9"",""1e7e21fd23e668d946171cf6"",""76735c6d6f92999a3704d841"",""69cf379138aab0c509ed8aad"",""d792660ab33c4b06885ad2bd""]"
cpu-small-chunks,damacy,chunks256-random,local block storage,smooth4-zstd-128-16,ac019b78cdf5a2e01fdc,30a531eabed4ebe3a85c,full-scan,"[1,256,256]","[8,256,256]","[1,256,256]",3.500600013025718,23.218832377059492,6.632815029041397,"different selections/workloads on same encoding; aligned refers to XY 256-grid, not necessarily whole chunks","[""7a044b224c6a6b07ce94595c"",""1b570242ad5ff574e62834f9"",""450e51486de6c5117b105e83"",""e2316fd269633a32437e45dc"",""a0c1aa85c6671a9b8e0a9b6e"",""45843b0efac85d0013cedd0d""]"
cpu-small-chunks,damacy,chunks256-random,local block storage,smooth4-lz4-32-16,f845e1f2c98f2e5c6a30,31269cb96735af684495,full-scan,"[1,256,256]","[8,256,256]","[1,128,128]",3.465460275739863,12.324082645296247,3.556261409652171,"different selections/workloads on same encoding; aligned refers to XY 256-grid, not necessarily whole chunks","[""f6cea3c7638569e57fb24649"",""39e83e4f3995628ce6a5772b"",""230dd002fa991f61121cd520"",""d2d0e7aa0c050718003942ec"",""e316bda74d1f04eb748ea3be"",""50a42ce9cc45e96fd9d0adb0""]"
cpu-chunk-blocks,damacy,chunks256-default,local block storage,smooth4-zstd-128-128,3292cced38420d3b410b,fb03913d0fed7c5a5c7a,full-scan,"[1,256,256]","[8,256,256]","[1,256,256]",3.619893573671275,22.086371883985688,6.101387080721773,"different selections/workloads on same encoding; aligned refers to XY 256-grid, not necessarily whole chunks","[""ade249f72f0da77e78b5dd89"",""ba9f6066441b737e45693e73"",""4c867f26bdc941ca3220f2c8"",""8eeb84fb75068074c9999b27"",""1dd6d1028cd8eaf0cc8f1077"",""c4448cd5b028be3749ab7587""]"
cpu-scheduling-paired,damacy,after,local block storage,smooth4-lz4-64-16,44b14a62bbb923ac7aa3,32d2e2cf02ce148ca06f,full-scan,"[1,256,256]","[8,256,256]","[1,128,256]",5.7964852403974305,18.961634086732232,3.27122959868559,"different selections/workloads on same encoding; aligned refers to XY 256-grid, not necessarily whole chunks","[""086bee3683c5ebf666a5082b"",""ebd717969fe2f347baa0b61f"",""b0ded6ca74d002f8f33772a9"",""0bb7771558962fe7ef781309"",""715f5f4b97f14101431d9242"",""5b5d2e58a4a17e612ee55347""]"
cpu-scheduling-paired,damacy,after,local block storage,smooth4-lz4-64-16,44b14a62bbb923ac7aa3,7a1dcd57f5841cf0243c,aligned,"[1,256,256]","[1,256,256]","[1,128,256]",5.7964852403974305,13.09079042186878,2.2584014068793214,"different selections/workloads on same encoding; aligned refers to XY 256-grid, not necessarily whole chunks","[""086bee3683c5ebf666a5082b"",""ebd717969fe2f347baa0b61f"",""b0ded6ca74d002f8f33772a9"",""b2d33b3dc2005662c1519e70"",""fd52eb4beeee039c818eefa8"",""075343fa1475ccf3d800c0f1""]"
cpu-fixed-layout-pilot,tensorstore,tensorstore,local block storage,smooth4-lz4-64-16,8eafde97c25493891550,36be49e2ab74491f7425,aligned,"[1,256,256]","[1,256,256]","[1,128,256]",5.6419151150976035,9.40455023479361,1.6669074317738852,"different selections/workloads on same encoding; aligned refers to XY 256-grid, not necessarily whole chunks","[""145c9f16adf51f464887041b"",""8347af245f3f17e82cc4b464"",""bb9e2ce65c97ffd8e3bf6d52"",""32104d157972212f4a63942c"",""e1d8016375b34f6faaec04af"",""b26de3b00a073324fce2a68d""]"
cpu-fixed-layout-pilot,tensorstore,tensorstore,local block storage,smooth4-lz4-64-16,8eafde97c25493891550,c0b7712e21ba719963c7,full-scan,"[1,256,256]","[8,256,256]","[1,128,256]",5.6419151150976035,9.141715975571755,1.6203214314779009,"different selections/workloads on same encoding; aligned refers to XY 256-grid, not necessarily whole chunks","[""145c9f16adf51f464887041b"",""8347af245f3f17e82cc4b464"",""bb9e2ce65c97ffd8e3bf6d52"",""424534d775567ed9944d53f1"",""3a3dd38f706e72b52d41df04"",""781c765d4452ef14a54a8830""]"
cpu-small-chunks,damacy,chunks256-default,local block storage,smooth4-zstd-64-16,c25c7145e466b02cccfc,3738bdc3761056b6e51f,full-scan,"[1,256,256]","[8,256,256]","[1,128,256]",3.2384981470600116,19.144293491902808,5.911472732903204,"different selections/workloads on same encoding; aligned refers to XY 256-grid, not necessarily whole chunks","[""9f6e276ecdd2ebbe0d98977a"",""7eb09d15fb69a32724ec4e8e"",""660fee8f69bc992c16d08c38"",""6dc4ef1df8ccada8f74675c5"",""d3060e8c98d58890ef8f60f9"",""13593acb6cfb56dda6c774e5""]"
cpu-chunk-blocks,damacy,chunks256-default,local block storage,smooth4-lz4-128-64,37a973ead319ba8f91d1,96a1e0c243bb85a6605d,full-scan,"[1,256,256]","[8,256,256]","[1,256,256]",3.435674326011809,25.477056047338415,7.415445595191971,"different selections/workloads on same encoding; aligned refers to XY 256-grid, not necessarily whole chunks","[""8880169d5ddb32ca86c94ac5"",""cb09eb7d426ac9f4bdaf5a42"",""757503a64a48e9ed1431f777"",""df6a63538e7abe2bfa72c459"",""28a052ad156f85db25aea2e4"",""99c1f73d7a159035eb730f71""]"
cpu-nfs-local-spot,damacy,chunks256-default,NFS,smooth4-zstd-512-512,37eec29813f17b313d0c,49a096beebd4c4f995de,full-scan,"[1,256,256]","[8,256,256]","[1,512,512]",1.3059929628947897,24.672025600560787,18.89139245120753,"different selections/workloads on same encoding; aligned refers to XY 256-grid, not necessarily whole chunks","[""63aaa89af9dd7f45ce161be0"",""10232b62b3d408d3af226308"",""70268e480f17e05ab5271802"",""b644a109d0944e76048f96df"",""6ee8a6f592b7706d1521f00f"",""61511f22e290e1387f18565c""]"
cpu-buffer-control,damacy,chunks256-random,local block storage,smooth4-zstd-64-16,6d88355b5800c6fedbad,39f1195cf3760832d992,full-scan,"[1,256,256]","[8,256,256]","[1,128,256]",3.287698250030859,18.84726154037408,5.7326616091355636,"different selections/workloads on same encoding; aligned refers to XY 256-grid, not necessarily whole chunks","[""d86cc34f3f56499ea207b3e4"",""0f4e5d5b56ab4d468ff0ceef"",""c40a7477f16bde3a40e2502a"",""de5cf8553c15dfd0229ed83b"",""794477ed101703ed7907df6b"",""8357e1ae8679d6bcb254fa8c""]"
pr160-warm-smooth-crops,damacy,damacy,local block storage,smooth4-zstd-1024-16,3a3235fb5ac11447c2b0,891750e53911a46dfa1b,aligned,"[1,256,256]","[1,256,256]","[8,256,256]",1.5510468997846723,5.091969599380998,3.282924326845244,"different selections/workloads on same encoding; aligned refers to XY 256-grid, not necessarily whole chunks","[""9c0486aa951edd3b3805f4b9"",""c228608d27f2a673b75d2e6f"",""f68972910913567aefc7eea9"",""d4a1a652b61864188436d596"",""aa28de6972de250c1363ea91"",""389b5593d6bd1cc18949e0e3"",""c02159f6311c1068ba5327b6"",""6e29e9b7edaefea2074bad36"",""1a0874cb225b7a05490fa395"",""3cd2185c22d8b4d439ca2ee7""]"
pr160-warm-random-crops,damacy,damacy,local block storage,random12-zstd-1024-16,3e81f3ff61f1ad06fb4c,f31274f9cf68f0c89d70,aligned,"[1,256,256]","[1,256,256]","[8,256,256]",2.752302417367322,8.731667365950807,3.1724956207039803,"different selections/workloads on same encoding; aligned refers to XY 256-grid, not necessarily whole chunks","[""62347662ad3ad59c7644bc9c"",""5db6dc32746de3e19e661f5d"",""0490aeff931e34a59c45685d"",""7e4698ab926954b070a266ee"",""1ff34fed1c802e7869b1e63e"",""f3c9ac8526ffeedf647ee18f"",""ef17d64380bd2521a32a7239"",""e2cb8d1f26886208baa525ea"",""d8ccca69969d4ddbe9476e11"",""1b1273cee8fd5f83b845eca3""]"
cpu-chunk-blocks,tensorstore,tensorstore,local block storage,smooth4-zstd-128-128,3be39143a4b50bdad21a,fad991237a57dc82a6e1,full-scan,"[1,256,256]","[8,256,256]","[1,256,256]",2.848641394485035,11.897570399355192,4.176577094747295,"different selections/workloads on same encoding; aligned refers to XY 256-grid, not necessarily whole chunks","[""41e28c632d6403ceeb79cc9c"",""b95a7b3ff1cb4e009350b98d"",""d081f40cb1bfad3b26d5840c"",""89c81922caeecaf1b87d4c5f"",""209a69f61fbc155e3b92c9c5"",""28fdd354c8da969cc71da1f9""]"
cpu-chunk-blocks,tensorstore,tensorstore,local block storage,smooth4-zstd-512-512,49b28caf6ad45ed90fa6,3d31c982f28a7eb23755,full-scan,"[1,256,256]","[8,256,256]","[1,512,512]",3.331578653268955,10.76618940925628,3.2315579278587534,"different selections/workloads on same encoding; aligned refers to XY 256-grid, not necessarily whole chunks","[""4e81fdd06af4fcde932ded8a"",""b67a15c86fa62e6891612079"",""39bfdbc06c617c679a3eecd3"",""bdc8f3eed54708fbf713cf4a"",""a8c710ea8b258c5db5913f36"",""70b76972dcdff7b889f7d535""]"
pr160-warm-random-crops,damacy,damacy,local block storage,random12-lz4-1024-16,eeeefbfcb7b1c31ae873,77de7e9d0ff83f3bc1da,aligned,"[1,256,256]","[1,256,256]","[8,256,256]",2.6292439495716513,8.170578288676525,3.107577100256388,"different selections/workloads on same encoding; aligned refers to XY 256-grid, not necessarily whole chunks","[""b00d2765ca58d53e378505da"",""abb3eaff34f6f6d307fb1d75"",""0bad8b6d90a14dedc55f5de9"",""f6034841669e0003202080f7"",""0b655f5298f7e137f71326d2"",""6af1e7fc01c5e3b2982bd1d2"",""2df8ec0ca4127c6099d71198"",""a0c89cc2dfa6367204494afa"",""c4004be8159f641f16420288"",""3a1a09fc2580b063a11b8bce""]"
pr160-cold-storage,damacy,damacy,local block storage,random12-zstd-1024-16,40401762f903efe8579c,578843a0f97b9a41edeb,full-scan,"[1,256,256]","[8,256,256]","[8,256,256]",0.9755756881445531,8.341152034868317,8.549979398043785,"different selections/workloads on same encoding; aligned refers to XY 256-grid, not necessarily whole chunks","[""487a1423faeffb65e07ffc83"",""f448a00185d8fe64dd18d83e"",""776554e2463282118571a3db"",""4eba4f8942046e6f9d9968f8"",""ee9c7f2c02394b96014226f2"",""54f1fe5bd34a425fe2a196ff""]"
pr160-warm-xor-crops,damacy,damacy,local block storage,xor-zstd-64-16,70fa9b6a21bbfe4fb387,418eaa1262a5502a257c,aligned,"[1,256,256]","[1,256,256]","[1,128,256]",5.938868112477314,12.010727247150896,2.0223933281018414,"different selections/workloads on same encoding; aligned refers to XY 256-grid, not necessarily whole chunks","[""bd8b3c0064c0c1acb89cd76d"",""05f5c986f7aa5b5736a7fcd7"",""2a0c6afd703e13d83183ed93"",""a5e26db74e2adb0a3391cb60"",""97c0f5ce3cd76e19cb413b91"",""99b27a55af679736838d9d7c"",""078c418c875e5bbad22195d6"",""ee975bab572f221430896f6d"",""087d919f7d95a33e3151fda3"",""eec9e5bd28e05ce9e7db96bc""]"
cpu-small-chunks,tensorstore,tensorstore,local block storage,smooth4-lz4-64-16,41962a1b4acfa91ff4c6,bca944d2da8e1fcbc52d,full-scan,"[1,256,256]","[8,256,256]","[1,128,256]",2.3447623072611385,10.01728152323285,4.272194879716316,"different selections/workloads on same encoding; aligned refers to XY 256-grid, not necessarily whole chunks","[""50fdeac338e02fa20182949e"",""b682130017be360a4c8d0227"",""a3128bc88b075f577537e745"",""ef7d440803fb3d1dfdf1f74e"",""4e8386dedfbc6891b1350645"",""b3ed67e1b71271e68e89b7ff""]"
cpu-chunk-blocks,damacy,chunks256-random,local block storage,smooth4-zstd-32-32,43266e444304ca0a6d9c,780ecf5160360df3d158,full-scan,"[1,256,256]","[8,256,256]","[1,128,128]",4.106672220242911,11.590241944084916,2.8222953580160217,"different selections/workloads on same encoding; aligned refers to XY 256-grid, not necessarily whole chunks","[""2f07c5bdb15ce9691fdbbfc4"",""aa47e4d84f8c9a610e2853b5"",""1692161f999ef86d7d756c62"",""12abcc37af7fd63f90b26923"",""be89b7e125bf76ba65a54188"",""7dbb281134b5f943be59e5f1""]"
cpu-chunk-blocks,tensorstore,tensorstore,local block storage,smooth4-zstd-32-32,70d32be324a15ddc2870,434f8980ab58b6682cdb,full-scan,"[1,256,256]","[8,256,256]","[1,128,128]",2.7381308614201565,8.625032989307996,3.1499710663333835,"different selections/workloads on same encoding; aligned refers to XY 256-grid, not necessarily whole chunks","[""4489b210c94a9b93298370c0"",""4c68d913c1febd2aa9f86ba2"",""fa50ef8d5994141b20e029bb"",""e0d7a8557524a813926a3cc8"",""b25545cd290b6a0612c245a6"",""25a48ab3447771b1f503b32c""]"
cpu-small-chunks,damacy,chunks256-default,local block storage,smooth4-zstd-32-16,43eac340ce24a461429f,ff72122aea68e14dc0f3,full-scan,"[1,256,256]","[8,256,256]","[1,128,128]",3.636158167734458,15.45615080648425,4.250681651759486,"different selections/workloads on same encoding; aligned refers to XY 256-grid, not necessarily whole chunks","[""a7e862ae78963c13e624c14a"",""e4981d471353ad2337648e8a"",""7fdbdbbc39a8e8fab2ada60a"",""d1f229a2381f6291d8907af5"",""33064437c16bf04bc02acf86"",""afa19e83cfd37baf6eae620a""]"
pr160-warm-xor-crops,damacy,damacy,local block storage,xor-zstd-1024-16,acd664f23639010f19f9,4483bf9a2521a2aed8c8,aligned,"[1,256,256]","[1,256,256]","[8,256,256]",2.4631600884374913,7.894017151352304,3.2048331687445795,"different selections/workloads on same encoding; aligned refers to XY 256-grid, not necessarily whole chunks","[""9ce2a9c9b65861a10509c742"",""e64aa01f6f5e1532055cf0d7"",""be5cdbe31d9bdaa267b74bf8"",""9e873416a861b13146d96b2e"",""7e9933cc992a073880dd3402"",""0e7888e7a811d35f8b7b177d"",""623a6be03473c72637b185ad"",""02d4d2b2c778e88ef8aa50e7"",""6ee11438047e744facfce2e0"",""92e62e4a8c36c22ba6548ba0""]"
cpu-buffer-control,damacy,chunks128-default,local block storage,smooth4-zstd-64-16,966f06d22f139d41b642,45f07e6b372866828020,full-scan,"[1,256,256]","[8,256,256]","[1,128,256]",3.2437037867311687,16.379558649593633,5.049646862514557,"different selections/workloads on same encoding; aligned refers to XY 256-grid, not necessarily whole chunks","[""f03e7c9fe5b62a7f1cd6ac3c"",""92a8a12c364c516972ff45df"",""5d53a7439e772bc1d9c59cee"",""82662205b3e6fe338a13a6e0"",""a99174dd4100f8297da9270d"",""8d3f7b85ed9cb8b861ccc692""]"
cpu-scheduling-paired,damacy,after,local block storage,smooth4-zstd-64-16,46e12f387130704537a8,4a68e5f081dbff550653,full-scan,"[1,256,256]","[8,256,256]","[1,128,256]",4.959434030703154,16.137465776419816,3.2538926168822995,"different selections/workloads on same encoding; aligned refers to XY 256-grid, not necessarily whole chunks","[""1a0dac7cc993025c8c9958bf"",""00942847c5205efa1aa7bcd6"",""b627bbcc52ab738ad698fbc0"",""c4ca5937d397096c9364a468"",""2f8f2a66ec6836c534de69ae"",""49070f9c80a6019d91bc0dd9""]"
cpu-scheduling-paired,damacy,after,local block storage,smooth4-zstd-64-16,46e12f387130704537a8,65b50c6ef310df977cb2,aligned,"[1,256,256]","[1,256,256]","[1,128,256]",4.959434030703154,11.274772958922624,2.2733991195612444,"different selections/workloads on same encoding; aligned refers to XY 256-grid, not necessarily whole chunks","[""1a0dac7cc993025c8c9958bf"",""00942847c5205efa1aa7bcd6"",""b627bbcc52ab738ad698fbc0"",""366c4a1c71c386c581f3f463"",""0d39bd5dc1236c3a5a062a2e"",""1c4420b2f4efd71facf6c885""]"
cpu-small-chunks,tensorstore,tensorstore,local block storage,smooth4-zstd-64-16,47096854b7057272bacc,599f58740de174de1632,full-scan,"[1,256,256]","[8,256,256]","[1,128,256]",2.4972368843186956,10.487161993827895,4.199506286200413,"different selections/workloads on same encoding; aligned refers to XY 256-grid, not necessarily whole chunks","[""9f237ca4fdc822dcfd773ac3"",""2b02b92486e4606acd0f7039"",""fa54a390839da9e8b4b42f31"",""3b12b1e0084b3f43a0b80aea"",""b2e8ec9ea942860af085532b"",""6491c6195282de8abb7d7836""]"
cpu-chunk-blocks,damacy,chunks256-random,local block storage,smooth4-lz4-32-16,48792ac080280790d588,9099019a217644788586,full-scan,"[1,256,256]","[8,256,256]","[1,128,128]",3.4622321886447875,12.266355389796864,3.5429037457474077,"different selections/workloads on same encoding; aligned refers to XY 256-grid, not necessarily whole chunks","[""f39005eb2b435181fc762e89"",""fa987757b3f4319934d667d9"",""10b269016a693a85ee95138c"",""c13f7b8e5248306663eda60c"",""1de7fe7a73fe07f797bcdf2a"",""7b7d88b420878df1a891c575""]"
cpu-chunk-blocks,damacy,chunks256-random,local block storage,smooth4-lz4-512-64,7341105eaf66ece7593c,49628dfc3d0dba051cab,full-scan,"[1,256,256]","[8,256,256]","[1,512,512]",2.9793213075505114,25.91720212241094,8.699028888468264,"different selections/workloads on same encoding; aligned refers to XY 256-grid, not necessarily whole chunks","[""3a7284a6ab1d4afa8360dcbe"",""badb0002afd509659b72f62c"",""9470197a3a03b9b0a38fb8f7"",""2a924bca68e2d157c4c7ec67"",""8e23dc3ff12ab16567bba90c"",""3db5370cad81293737fd122c""]"
pr160-warm-random-crops,damacy,damacy,local block storage,random12-zstd-16-16,5db286016536560bf12a,d9c46d4bca5ba44530b2,aligned,"[1,256,256]","[1,256,256]","[1,64,128]",3.043590529468409,5.308118170294481,1.744031635957808,"different selections/workloads on same encoding; aligned refers to XY 256-grid, not necessarily whole chunks","[""442ac6051c20fd1b9c949a1f"",""8c2125ec6433bf0cdeeec5a6"",""42cf7d2431716a5139e52d4e"",""3e5c8e90a940c2fbee4012b9"",""cf5613cd30b318b14453472c"",""4b408c62c85352fd717fac8a"",""8ad7f9ae694c05db202b5fce"",""c0613e4ec7d77b86f5b89e0a"",""8b7fc20772e4be927eb28051"",""18bb8503b0b6d5e432e7a5ab""]"
pr160-warm-smooth-crops,damacy,damacy,local block storage,smooth4-zstd-64-16,4e979dd81fe3d66bdc94,a33f35871ce482404756,aligned,"[1,256,256]","[1,256,256]","[1,128,256]",5.298948329457145,13.26162431821644,2.5026898723458655,"different selections/workloads on same encoding; aligned refers to XY 256-grid, not necessarily whole chunks","[""4dad72bbe29cc3aa9f68ec7c"",""b5981a90904c7077bab91f64"",""89fe32bded97da91d106e693"",""6f956e462cd3f720e06231f0"",""cebbcc71e28858b5640cec4f"",""9e367e630eaf2875f4e86b36"",""0201a8025750fa71a2c48b83"",""7fa10cd0619e5dfa041ab90c"",""518c9791fb5b2b6ee45d267e"",""481104d60af993349c7cbc82""]"
cpu-chunk-blocks,tensorstore,tensorstore,local block storage,smooth4-zstd-32-4,e7bb77d486b2c4786bea,4fc529a63b152eaac6f1,full-scan,"[1,256,256]","[8,256,256]","[1,128,128]",2.66134244089532,8.416666849404772,3.1625643960997607,"different selections/workloads on same encoding; aligned refers to XY 256-grid, not necessarily whole chunks","[""59a12b486e158ec9c516f145"",""cf2f02344a19756eff99bc36"",""bd6211d9d90ca8467cce7003"",""58d88791e9581d21e3e6f12e"",""b2fc46c8256253794e87c690"",""9060ac0871674f08ac79393a""]"
cpu-fixed-layout-pilot,damacy,damacy,local block storage,smooth4-zstd-64-16,4fcf656602613eedbd4d,77d2a8d026c237bc9a60,aligned,"[1,256,256]","[1,256,256]","[1,128,256]",4.501607926852983,12.015889378989032,2.6692438733528685,"different selections/workloads on same encoding; aligned refers to XY 256-grid, not necessarily whole chunks","[""19170c8c9218b78ef589b5b3"",""f446b2c8eb8a6d343c541399"",""8580b7d36e86ad04f2e2c5fa"",""893215f7124833c48a8acdf6"",""d1b18c3164e13f1c53727099"",""b12f9d6e04c451a6b81ff9cb""]"
cpu-fixed-layout-pilot,damacy,damacy,local block storage,smooth4-zstd-64-16,4fcf656602613eedbd4d,922aaefabe863196d39f,full-scan,"[1,256,256]","[8,256,256]","[1,128,256]",4.501607926852983,12.561121319556369,2.7903632487909027,"different selections/workloads on same encoding; aligned refers to XY 256-grid, not necessarily whole chunks","[""19170c8c9218b78ef589b5b3"",""f446b2c8eb8a6d343c541399"",""8580b7d36e86ad04f2e2c5fa"",""6f070fefd4239f7a55399758"",""c69697f0f5a478cfb5dea042"",""f9d50dec65dfa0fc483124d1""]"
cpu-chunk-blocks,damacy,chunks256-default,local block storage,smooth4-lz4-32-4,50e7544feb9c1c6c3d87,ad29c096dd6c503d48e0,full-scan,"[1,256,256]","[8,256,256]","[1,128,128]",3.1777482926486442,14.084179829087006,4.4321256852435855,"different selections/workloads on same encoding; aligned refers to XY 256-grid, not necessarily whole chunks","[""9775fdfc095f5e4045822185"",""4e7b0ae1da8f4c1f3cd3b8fc"",""721f35e8e41f7c4d2d5329d4"",""ec8eba13550b20b2b5558325"",""663062a6cf667adcd1c37f50"",""96fe3833724190f3e13261b1""]"
cpu-chunk-blocks,damacy,chunks256-random,local block storage,smooth4-zstd-32-4,51f3bb22bb2b3f61ff76,cc86525b3ad1968e62d5,full-scan,"[1,256,256]","[8,256,256]","[1,128,128]",3.8299012627386015,10.5917587615775,2.765543557121308,"different selections/workloads on same encoding; aligned refers to XY 256-grid, not necessarily whole chunks","[""d26d384a497761d03da338ef"",""6e3c63a2656b2b12b72fa344"",""6ea277ba3d005fc9ace6a120"",""37d47149e386f4fffc31dfc1"",""2b6bf242ecfc4df6fe55ebce"",""3b0dd0c48434ecfb46719263""]"
cpu-buffer-control,damacy,chunks32-random,local block storage,smooth4-lz4-64-16,5370bc0854c98fed4975,e1805950bd6398992152,full-scan,"[1,256,256]","[8,256,256]","[1,128,256]",2.1446617346169607,5.023760426941314,2.3424488560843204,"different selections/workloads on same encoding; aligned refers to XY 256-grid, not necessarily whole chunks","[""0d3249ec1cbcfd307e63071b"",""0cfee5fb6e09d23b34df90f3"",""6a4a6a8dc9c253e30d0608ff"",""52673958454b9078fc4f2d82"",""126614315e0e0bce3082e55d"",""8dc62f60a6d4962d1fe6c175""]"
pr160-warm-xor-crops,damacy,damacy,local block storage,xor-zstd-16-16,a3b48468ae44124b92fc,53bd899b34ad2b7b1ac5,aligned,"[1,256,256]","[1,256,256]","[1,64,128]",2.9171692964367915,5.528892152546836,1.8952935502578347,"different selections/workloads on same encoding; aligned refers to XY 256-grid, not necessarily whole chunks","[""d2ce9e07afb8776030575163"",""7fbf790cfff8d30ef7cea76f"",""27d34b4d640a3a1ffeabb736"",""d30c2a12ea3f7397e18ec4c0"",""0a81685330e59070dfc26387"",""fc00ab68fdbc8705a47e4b16"",""357d374790389bd8c2baa940"",""3fa570b35650ae479a93a206"",""b4df19dd0c91909108c45475"",""9763be6184e21c1e165fd13a""]"
cpu-readahead-control,tensorstore,tensorstore,local block storage,smooth4-zstd-64-16,e5b4ba43f3617ce40858,557664964f4488d8e9e1,aligned,"[1,256,256]","[1,256,256]","[1,128,256]",2.5446195329013657,5.511254929829867,2.1658463509261656,"different selections/workloads on same encoding; aligned refers to XY 256-grid, not necessarily whole chunks","[""3226520b7e0c1128dba41466"",""ca14abfce544c18d454613bd"",""72625c49c0f88cda618aca71"",""744c59780fc9fc62986fb3bb"",""8ad3f1acd87c71c791113b32"",""82a52fb7ff354bfb5d6072d3""]"
cpu-readahead-control,tensorstore,tensorstore,local block storage,smooth4-zstd-64-16,e5b4ba43f3617ce40858,cd5e13edc43eb0983c70,full-scan,"[1,256,256]","[8,256,256]","[1,128,256]",2.5446195329013657,11.925553248610788,4.6865761637117185,"different selections/workloads on same encoding; aligned refers to XY 256-grid, not necessarily whole chunks","[""3226520b7e0c1128dba41466"",""ca14abfce544c18d454613bd"",""72625c49c0f88cda618aca71"",""5e5ea4a2e5eb4e21a8e28ba3"",""6a3358e8c857e76c8b70c54f"",""e658682b76537f1f4bdde576""]"
cpu-readahead-control,damacy,batch-default,local block storage,smooth4-lz4-64-16,a8cf33275ad484b2e4f6,55c000582059f0f7040f,aligned,"[1,256,256]","[1,256,256]","[1,128,256]",2.0398560653302242,6.23483056178736,3.056505146493279,"different selections/workloads on same encoding; aligned refers to XY 256-grid, not necessarily whole chunks","[""2c03e05498c8ea7faab7d358"",""2a45e1fb44bea9ead7487355"",""34adde36273a380566c31e3c"",""d3629f9678f41567e485aa27"",""302ec013811988218a37651a"",""ea5721616ad31d1823c5e360""]"
cpu-readahead-control,damacy,batch-default,local block storage,smooth4-lz4-64-16,a8cf33275ad484b2e4f6,a7cfc31a985ef551c7ca,full-scan,"[1,256,256]","[8,256,256]","[1,128,256]",2.0398560653302242,9.942827248303201,4.874278836283283,"different selections/workloads on same encoding; aligned refers to XY 256-grid, not necessarily whole chunks","[""2c03e05498c8ea7faab7d358"",""2a45e1fb44bea9ead7487355"",""34adde36273a380566c31e3c"",""b4557f78c972490eba8af427"",""c68c98cd1a4ba97bf37d382f"",""678aebe05e0de7651d5aeed9""]"
cpu-chunk-blocks,damacy,chunks256-default,local block storage,smooth4-zstd-128-64,56b2c472f82a51b90065,f63e00ce094be3423daa,full-scan,"[1,256,256]","[8,256,256]","[1,256,256]",3.6461391390988416,21.50152314152179,5.8970659981001115,"different selections/workloads on same encoding; aligned refers to XY 256-grid, not necessarily whole chunks","[""0ebe4300494591e85dd2c23d"",""4c280d6df315fbbe822a8405"",""ea9611016fa0cccac06b2842"",""9d3f1dd82ff2413e02cd6f49"",""758ecfd6aaba42e5892df0b2"",""465e0364af6b16f45b77765e""]"
cpu-buffer-control,damacy,chunks256-default,local block storage,smooth4-lz4-64-16,aa7523d1a41cfd987ac3,56e028d972f85d478587,full-scan,"[1,256,256]","[8,256,256]","[1,128,256]",3.038672448615974,21.720272200863427,7.147947851620654,"different selections/workloads on same encoding; aligned refers to XY 256-grid, not necessarily whole chunks","[""a03f472bc02e497f96ac5cee"",""d3ec22cd338e8aab4cd90561"",""a8d84123b7831fcc7b23301c"",""2d9fdb8abf108a97daec8a59"",""69165c61c7e2c7344ca41a3e"",""3f1e34007f51851aea7368a7""]"
cpu-nfs-local-spot,damacy,chunks256-random,local block storage,smooth4-zstd-128-128,5715ec1edbd7e5fee8c4,7ed4aec77a93d0052e81,full-scan,"[1,256,256]","[8,256,256]","[1,256,256]",3.486640384510773,22.071794688989886,6.33039036289568,"different selections/workloads on same encoding; aligned refers to XY 256-grid, not necessarily whole chunks","[""48084b563f29e3fdbac10029"",""8b70fb5d02aad2f2f1d0c1c8"",""78012a69e9344dec5056379b"",""7fb8d9d4dee9e5df2740a1ce"",""4d323f2e91dc357b3591bc7d"",""1ec0750890cb6054dd2dbdcb""]"
cpu-chunk-blocks,tensorstore,tensorstore,local block storage,smooth4-lz4-128-16,5774493aa464d5cb8758,da2569cbee2b17b893e1,full-scan,"[1,256,256]","[8,256,256]","[1,256,256]",2.6650267825805014,10.931299345186767,4.101759658340908,"different selections/workloads on same encoding; aligned refers to XY 256-grid, not necessarily whole chunks","[""de82058c7adc268df4450356"",""b967b86505fa7d588029a73c"",""018e4dcac8151e01514b89ae"",""4737b9de17ca75197013271d"",""195a6195db30c4265b7e1ae2"",""66cfce36b2b51398386f97ae""]"
pr160-cold-storage,damacy,damacy,local block storage,random12-zstd-64-16,57fe3fa8cfaa40b10894,6c7e513dbbe54a58ea79,aligned,"[1,256,256]","[1,256,256]","[1,128,256]",0.8640943985985381,2.4491309711200064,2.8343326551962558,"different selections/workloads on same encoding; aligned refers to XY 256-grid, not necessarily whole chunks","[""b778ba6fdcb60950eb37a69d"",""80a8e1eac81122e62a217e6c"",""e65e6f38bc461980059d0e20"",""c3c7fb9cf69c78c4597f7722"",""67166d9a02c6395989809f0c"",""1513717d5c744894eab89da7""]"
pr160-cold-storage,damacy,damacy,local block storage,random12-zstd-64-16,57fe3fa8cfaa40b10894,961e0fe44a5a775b7967,full-scan,"[1,256,256]","[8,256,256]","[1,128,256]",0.8640943985985381,5.745450342029152,6.64910031976554,"different selections/workloads on same encoding; aligned refers to XY 256-grid, not necessarily whole chunks","[""b778ba6fdcb60950eb37a69d"",""80a8e1eac81122e62a217e6c"",""e65e6f38bc461980059d0e20"",""3406699fab1e2a49b64dd1b1"",""3a980c2708f4a2787a634d0b"",""9a7f631dd64c80183966b5c1""]"
cpu-nfs-local-spot,tensorstore,tensorstore,NFS,smooth4-zstd-32-32,58f4d442e1750143af89,6d367713976c55123810,full-scan,"[1,256,256]","[8,256,256]","[1,128,128]",0.6577383870659211,6.704972117830468,10.193980235425228,"different selections/workloads on same encoding; aligned refers to XY 256-grid, not necessarily whole chunks","[""09ca523036a5d9346b2f405f"",""04bd8c1c5ab0e34ef4feb22f"",""b982c5ad87faacc405f64b8e"",""33ae483377720c3c1607bbe9"",""df3fd9e763152f1d9e2e9114"",""c3976ee025f83ca188f20d74""]"
cpu-buffer-control,damacy,chunks128-default,local block storage,smooth4-lz4-64-16,e5618f7b1f3c22770648,591d71a3ce81237507b2,full-scan,"[1,256,256]","[8,256,256]","[1,128,256]",2.9999813243628792,17.240979124754052,5.747028818059594,"different selections/workloads on same encoding; aligned refers to XY 256-grid, not necessarily whole chunks","[""8b32b7a078211f5083fbb94a"",""6dc95cb53832782bc5ba837f"",""2c407a422848dcca7533f1d9"",""4f0e54925acc701c3a5e3a42"",""aad0ae399ddc12747f58efab"",""d216d1353c602c20a7faf67d""]"
cpu-small-chunks,damacy,chunks256-default,local block storage,smooth4-zstd-128-16,dc2ec61aae9317777db5,5ad87abdc01425726a22,full-scan,"[1,256,256]","[8,256,256]","[1,256,256]",3.602894373805735,21.19102193697656,5.881666165692362,"different selections/workloads on same encoding; aligned refers to XY 256-grid, not necessarily whole chunks","[""7fa34f78fcf632a8ba6366f9"",""a4adc143178bd655efb17a4c"",""7ca091c4c3c6c14fcd5335af"",""f81070a4d6b77848d33e0518"",""564d066daba613823fc439d3"",""34523b2e9f784dd5ab53d472""]"
pr160-warm-random-crops,damacy,damacy,local block storage,random12-lz4-64-16,cdee4fb9137244fa76f1,93703882801f38f9a7bc,aligned,"[1,256,256]","[1,256,256]","[1,128,256]",5.381446797225053,12.301631524952786,2.285933874008776,"different selections/workloads on same encoding; aligned refers to XY 256-grid, not necessarily whole chunks","[""862d905e514d9fd2b8559e55"",""1d5aceaf65929a8a393fb82f"",""2199f5058b1104a96f8a9677"",""83bea9e63d8d87f5fe8fdd91"",""07dc9f1e68cd6867a5be09f7"",""6245f766cac6d9090f887e1d"",""ab05b7bf3bdee1083274e5d1"",""9f70b3066c7dc8713680de9c"",""e48c4fcc17826af702b7c57f"",""234684d0dbf0ad80df3abace""]"
cpu-nfs-local-spot,tensorstore,tensorstore,NFS,smooth4-zstd-128-128,5b69b75dd23e7eb24d1a,a4d021bba2407b6bdbe0,full-scan,"[1,256,256]","[8,256,256]","[1,256,256]",0.6925474780090995,6.955410614508835,10.043225678193064,"different selections/workloads on same encoding; aligned refers to XY 256-grid, not necessarily whole chunks","[""57e80559fde46144bfb5ac60"",""c463dd4c71a1dead4b80c294"",""133642aace584089a38b1d4b"",""0420075058af67a435dbcaee"",""c091b2a5f47abdc829619423"",""423be1e58e6f57e8cf1bb255""]"
cpu-chunk-blocks,tensorstore,tensorstore,local block storage,smooth4-lz4-512-16,abbd887317cdfe275799,5c35ba6af4a1ed522bc1,full-scan,"[1,256,256]","[8,256,256]","[1,512,512]",3.033380312347614,10.54890196933527,3.4776061301628194,"different selections/workloads on same encoding; aligned refers to XY 256-grid, not necessarily whole chunks","[""bb0b9347fb65f7c2f39f5437"",""4ef777b120688af19966f5e0"",""a005bebf8b9f26204914a14d"",""32abde6b0bbd1dfae1648f90"",""8c6607aa69674402ea9aa076"",""8dd1232e8161d705157eb66c""]"
pr160-cold-storage,damacy,damacy,local block storage,random12-lz4-16-16,5c78298e0ae376759837,c0d31927a0972a673ee5,full-scan,"[1,256,256]","[8,256,256]","[1,64,128]",0.6241865702691938,3.3653869171375335,5.391636214931921,"different selections/workloads on same encoding; aligned refers to XY 256-grid, not necessarily whole chunks","[""432e1b3fe03ef6fc74ea375d"",""3b4fa2b6c032e3187d0bc6e8"",""f9c8276d04ed0c71a1a1da36"",""b25c98064cf10a2a4d2d03c1"",""494851df80e28ccfe91bc599"",""f606c89a54644642483ec80d""]"
cpu-small-chunks,damacy,chunks256-random,local block storage,smooth4-lz4-128-16,5d116a373f6e8a3da675,fc7666c105299e2b29f0,full-scan,"[1,256,256]","[8,256,256]","[1,256,256]",3.2896316431875516,24.85666413168419,7.5560630574427625,"different selections/workloads on same encoding; aligned refers to XY 256-grid, not necessarily whole chunks","[""6fe1d38c81a242a6c365459a"",""e8b31bf112be53db87a9448c"",""f62731f7fc71a5ba4e54677f"",""16adcc61f6fc9469087ef5e5"",""befdf724e4e8d3416199a4a3"",""d4292045bea162e8efdecd1a""]"
cpu-buffer-control,damacy,chunks128-random,local block storage,smooth4-zstd-64-16,ad0fb4b9e2aa3b5bb7fc,5d2aeabfee9a9a5bd7ec,full-scan,"[1,256,256]","[8,256,256]","[1,128,256]",3.26257467294582,11.705763893434009,3.5878914865923135,"different selections/workloads on same encoding; aligned refers to XY 256-grid, not necessarily whole chunks","[""f58cc3e0b276cafd662d826c"",""ef815292ff353ed94445e822"",""ba49f550f2cf1916504789c0"",""93c6b1e2f7e9aa38a006daef"",""7277854bf0018c60d93f05d5"",""377ccc3d37891908e6c85a44""]"
cpu-buffer-control,tensorstore,tensorstore,local block storage,smooth4-lz4-64-16,ad2e92ef06f7d862e0c9,5e3234b8c8dd297a9728,full-scan,"[1,256,256]","[8,256,256]","[1,128,256]",2.3547455994323077,10.920762984623211,4.6377676583220016,"different selections/workloads on same encoding; aligned refers to XY 256-grid, not necessarily whole chunks","[""ba578f41a51f84e80e6e7262"",""8e0f0c53a9d2abdf1561b1fb"",""d4040122d5b5259bd94645ea"",""346ce789250e085f8b08f738"",""4785362971ea4e953f8670f1"",""1d92361707858ae6fcbd6ea8""]"
cpu-nfs-local-spot,tensorstore,tensorstore,local block storage,smooth4-zstd-32-32,6008cee67da996b07715,f333e24459a3f1a50d96,full-scan,"[1,256,256]","[8,256,256]","[1,128,128]",2.538630622141914,7.961225078559265,3.136031295424206,"different selections/workloads on same encoding; aligned refers to XY 256-grid, not necessarily whole chunks","[""bff71a06e9086c0242a3bc45"",""1abbffd9eb6d23002f6cf3c1"",""08f5c6cd3df540050c0fdf84"",""0b5e0083fd7ab16d27b22b1c"",""fbf72913e26c9fb36c33d0b9"",""d846d08ee78e2d9d6d942772""]"
cpu-chunk-blocks,tensorstore,tensorstore,local block storage,smooth4-lz4-32-4,7a0b7a05cffc7d6f3920,6024bf1fcdb4aadba199,full-scan,"[1,256,256]","[8,256,256]","[1,128,128]",2.4080746846541397,9.101739671609815,3.779674994970953,"different selections/workloads on same encoding; aligned refers to XY 256-grid, not necessarily whole chunks","[""c80d4e118168888e0a0535fb"",""ac209c50ff7ed0e4e0dad506"",""5cdd47d75eadc246b4f10788"",""113424dc7eb2763f60e9c079"",""7048b932e76d2b60f21c8a79"",""4f2c6599ec97758ceb899b2c""]"
cpu-nfs-local-spot,damacy,chunks256-random,NFS,smooth4-zstd-128-128,6da07ec4d503f861d4b4,606463428cd1d8de794c,full-scan,"[1,256,256]","[8,256,256]","[1,256,256]",1.1908955711329807,19.791925382052266,16.619362655973983,"different selections/workloads on same encoding; aligned refers to XY 256-grid, not necessarily whole chunks","[""596d6c88913b83a96e0548ce"",""f190c163444984eae653004b"",""591695c0cd19c964ef3f76d8"",""358a8ef7d601340c20b91b59"",""698ba9430f4be643d1da302b"",""7f39354700d1dcd34b8c55ef""]"
pr160-warm-random-crops,damacy,damacy,local block storage,random12-lz4-256-16,a1f1e4f3021f1fd5cff4,6145afc45c249c7379fd,aligned,"[1,256,256]","[1,256,256]","[2,256,256]",5.488567511341932,15.138192382294969,2.758131762251703,"different selections/workloads on same encoding; aligned refers to XY 256-grid, not necessarily whole chunks","[""517ede78001da7c51bccca86"",""535514696bb94669922e5366"",""3c267122031b641346a0c6a4"",""c9424bffa044292534b88804"",""78a0dadb4e877ba2a9a5f04a"",""77daff8d141d371569c0de00"",""277c36fd0cbeef471e1c8ee9"",""15f2cd62dcf6675b4e9884d1"",""2bd6cfe4ee798e27360bf456"",""2a614e662763ac28a9c5d379""]"
cpu-chunk-blocks,damacy,chunks256-random,local block storage,smooth4-lz4-512-256,68de91bcc2eba5b94bfb,64c32a23d71f4c1efe7c,full-scan,"[1,256,256]","[8,256,256]","[1,512,512]",2.967669918862145,25.772188652725994,8.684317783767371,"different selections/workloads on same encoding; aligned refers to XY 256-grid, not necessarily whole chunks","[""4e413ddb02d99c90b89a86e0"",""b03edcfbf85b8058328e81f4"",""fe1ec9e36bb20a9af8d4b617"",""874c38e612383766b29edac1"",""eecef4dd2cce9434032b5698"",""67e2e8f981cfaf943c95c21e""]"
cpu-small-chunks,damacy,chunks256-default,local block storage,smooth4-zstd-16-16,7cbc16b9869971c42452,65dca62f94faac206554,full-scan,"[1,256,256]","[8,256,256]","[1,64,128]",3.71247322968761,12.097161572992546,3.25851819650979,"different selections/workloads on same encoding; aligned refers to XY 256-grid, not necessarily whole chunks","[""79a490112e7affc498514e7a"",""1808ca30063f0ceb34147835"",""a0571a85884f7948b4976140"",""078a4be4b07b274cf7504e0b"",""bf16b727cd78a75f4ec6ef0c"",""0b857d4bdf22661c8aac2ba7""]"
cpu-scheduling-paired,damacy,before,local block storage,smooth4-zstd-64-16,ae4471743b5c4fc5b310,680168c7d457184f0e34,aligned,"[1,256,256]","[1,256,256]","[1,128,256]",4.413391285941943,12.168243233442482,2.757118606773483,"different selections/workloads on same encoding; aligned refers to XY 256-grid, not necessarily whole chunks","[""6607bafa52090323e408b1e5"",""9bf4ed0542c71950abe5af70"",""291b7c1d688a5cb6961ef66e"",""365de00eaca6f244ab671e4c"",""b2117ebcfb2c289082eb36bf"",""cc908c076cab4bdae60a40ad""]"
cpu-scheduling-paired,damacy,before,local block storage,smooth4-zstd-64-16,ae4471743b5c4fc5b310,7e1f1d467775d2ba6c49,full-scan,"[1,256,256]","[8,256,256]","[1,128,256]",4.413391285941943,13.62465327334896,3.087116548389403,"different selections/workloads on same encoding; aligned refers to XY 256-grid, not necessarily whole chunks","[""6607bafa52090323e408b1e5"",""9bf4ed0542c71950abe5af70"",""291b7c1d688a5cb6961ef66e"",""d066bc6b604d3529922fd5e6"",""234dec1d2ff417de1441b3d5"",""fe00fe1c63accff79cfd9e5c""]"
cpu-nfs-local-spot,damacy,chunks256-default,local block storage,smooth4-zstd-128-128,d8d86051d74f8dba16e5,68eee9f20d4d22aa363a,full-scan,"[1,256,256]","[8,256,256]","[1,256,256]",3.5531414889598314,20.053381017321485,5.6438453350733395,"different selections/workloads on same encoding; aligned refers to XY 256-grid, not necessarily whole chunks","[""a8e37a61b8d4448fbc3d1777"",""052a55198600cb50d4fb54bf"",""fecf1fe31ad24be1e71d47d9"",""a7c6e3f359dfba4d84ae4b4c"",""a6e7df55bcd3b9b569881a87"",""adb994453f4713efc6455ad4""]"
cpu-nfs-local-spot,tensorstore,tensorstore,NFS,smooth4-lz4-512-512,6b06c3de16daa836ea5f,94a515f84c0130f1232d,full-scan,"[1,256,256]","[8,256,256]","[1,512,512]",1.5194660782103915,7.5093974526055,4.942129054601848,"different selections/workloads on same encoding; aligned refers to XY 256-grid, not necessarily whole chunks","[""9faacdf990512c060519b6d3"",""62d48c603f7c9e14c72eead5"",""31ad5ef622903e711c28ec53"",""1786ecce1d8fb228213fa23a"",""43a21da1216be495215f1ef3"",""7c74cdbb6f655233932bab61""]"
cpu-nfs-local-spot,damacy,chunks256-default,local block storage,smooth4-zstd-32-32,fe36e3e3bb554590dfc2,6c8f0c9b4602f47eb0e8,full-scan,"[1,256,256]","[8,256,256]","[1,128,128]",3.5594590174334693,14.350636432559051,4.031690310879463,"different selections/workloads on same encoding; aligned refers to XY 256-grid, not necessarily whole chunks","[""9d5806b4cb348533f3927125"",""655867e3dc33750d54d45347"",""8757e5bae81031c0e55f4cdf"",""6f57acfe1f9bce34d4c704b9"",""4cd7aeb3d3de28bff4d38fdf"",""c8ea782e33db4a41ef137afa""]"
cpu-chunk-blocks,damacy,chunks256-default,local block storage,smooth4-zstd-32-4,e8e046b88cc3db501693,6cd446b8f0010f247447,full-scan,"[1,256,256]","[8,256,256]","[1,128,128]",3.5325883373538547,13.017425820200891,3.684954083823935,"different selections/workloads on same encoding; aligned refers to XY 256-grid, not necessarily whole chunks","[""d285ae99221d612317020647"",""6f55fbd2a504ccae7cfbc5e7"",""17b49dfa368403113ebc1908"",""d6c9bf14f2be078ff94ef2fc"",""4a608eeb7fa97ff4c9e6f293"",""5fc801b3a6b72569f4f20045""]"
cpu-nfs-local-spot,tensorstore,tensorstore,local block storage,smooth4-zstd-512-512,6ceecee743d4642bb6cf,7b468ac53f1da04d0b5c,full-scan,"[1,256,256]","[8,256,256]","[1,512,512]",3.2218399171451986,10.518278861816343,3.2646807825065247,"different selections/workloads on same encoding; aligned refers to XY 256-grid, not necessarily whole chunks","[""eb0af77af0a78d6371862ae8"",""dc35db20a132dd2cfa729013"",""259b518d0fbbcc028bf692f3"",""7638954d74dfca0af4b6e10a"",""7b4dabe786a75c8b15621585"",""d3ec94040ee0ff71c5630f11""]"
pr160-warm-smooth-crops,damacy,damacy,local block storage,smooth4-lz4-16-16,6eab42695648f8e10b37,9ae1887d14e69066ed54,aligned,"[1,256,256]","[1,256,256]","[1,64,128]",3.2957750843594464,5.591532547180718,1.6965758900587917,"different selections/workloads on same encoding; aligned refers to XY 256-grid, not necessarily whole chunks","[""43faa43edf3bb08e1aefeb94"",""194762fbf7009ed00a4e3111"",""78c5912a7abeeab3a5436f32"",""d22058f74b4dbf65518e8a8c"",""719e1fca81458a106872a662"",""bd78e2229b721a9cd541aea5"",""6f66368a4367e83a9afff1e3"",""4a064eb84e62f8e6392e9be2"",""76686b7e32897a69979ca0f3"",""7d6ca6a15a958b3b0486da61""]"
cpu-small-chunks,tensorstore,tensorstore,local block storage,smooth4-zstd-128-16,94f7c74db6b0d14d5c4c,6eb002f6882aaa5c4062,full-scan,"[1,256,256]","[8,256,256]","[1,256,256]",2.7751541917132,10.350832788136119,3.729822587532041,"different selections/workloads on same encoding; aligned refers to XY 256-grid, not necessarily whole chunks","[""551f81cb990d07e46cb40c45"",""7e2767ec0449d740c94d97ed"",""4121ad6da52ee251f7abc0a9"",""b42ee03df35296d52dae6e7d"",""a3f6c3943622ea3b16f671c0"",""ba63dadb462ca8751d3428a8""]"
cpu-readahead-control,damacy,persistent-random,local block storage,smooth4-zstd-64-16,d6c5441dfcb770ab6d1b,72df752e3c705916d49f,full-scan,"[1,256,256]","[8,256,256]","[1,128,256]",2.2188490005902968,4.957670997296247,2.234343570011894,"different selections/workloads on same encoding; aligned refers to XY 256-grid, not necessarily whole chunks","[""81ed45dd68c3e94205740b68"",""6966f91b80908776c6ea1e33"",""5bd2a23b123073dd8d1d2490"",""7b736c551b9d11aaf904c391"",""3d04e2819538c5cb1209c037"",""771c66041edfd199fa6c3a8d""]"
cpu-readahead-control,damacy,persistent-random,local block storage,smooth4-zstd-64-16,d6c5441dfcb770ab6d1b,e522235ec29bc470ab57,aligned,"[1,256,256]","[1,256,256]","[1,128,256]",2.2188490005902968,7.421675517839777,3.34483126876382,"different selections/workloads on same encoding; aligned refers to XY 256-grid, not necessarily whole chunks","[""81ed45dd68c3e94205740b68"",""6966f91b80908776c6ea1e33"",""5bd2a23b123073dd8d1d2490"",""c0c3777313c704691bcb8a80"",""9afc74689e5efaeaceb7de40"",""63893db62a0788b9e7728396""]"
cpu-chunk-blocks,damacy,chunks256-default,local block storage,smooth4-lz4-512-64,750acc902fa991aa7dc2,7ed6450bef48f2e9ea66,full-scan,"[1,256,256]","[8,256,256]","[1,512,512]",3.1476673042616428,25.629862008397136,8.142493958525012,"different selections/workloads on same encoding; aligned refers to XY 256-grid, not necessarily whole chunks","[""e35bee6fbae86449d05c6d0c"",""b0590aa8728d8271627c326f"",""180bf20cab6fb3f64dba818f"",""d4ca218e88d8e9ac16f4ffd3"",""33460c2bf9cf908e053b142e"",""0b9db39e7b9d7867a8025caa""]"
cpu-small-chunks,damacy,chunks256-random,local block storage,smooth4-zstd-16-16,7570ff4d4cc287bd501d,766a9dd5daf44fb6cd86,full-scan,"[1,256,256]","[8,256,256]","[1,64,128]",3.871399624138299,7.975866877116969,2.060202420692296,"different selections/workloads on same encoding; aligned refers to XY 256-grid, not necessarily whole chunks","[""b2cc4577ad9765ecca08b0f0"",""91d0833c9d6782728787e62a"",""49542856c45b6443772fb8c9"",""9abe147bcb8072b10801c165"",""cfb445f280581238f90a424a"",""23b4fd8f647801ba01d5a8b3""]"
cpu-nfs-local-spot,damacy,chunks256-random,local block storage,smooth4-lz4-512-512,ac3bc2c7b478faf27a5c,774c401366f9498e1ba5,full-scan,"[1,256,256]","[8,256,256]","[1,512,512]",2.860405591232296,24.30912491620834,8.498488812467915,"different selections/workloads on same encoding; aligned refers to XY 256-grid, not necessarily whole chunks","[""f8c98bbd4f04ce7432871567"",""432588932b269e2f9307a888"",""c023797a673b40df6fb02513"",""bc63316d9a28b17a9a42b375"",""fb7028a3a1e2eca7f3303d54"",""873a58dbfc8bb717bb7b3b0c""]"
cpu-nfs-local-spot,damacy,chunks256-default,NFS,smooth4-zstd-32-32,cb478cb7d6d87ed8d80d,77e75658a7564f80ab01,full-scan,"[1,256,256]","[8,256,256]","[1,128,128]",0.8370415520927246,14.498235993367938,17.320807977955525,"different selections/workloads on same encoding; aligned refers to XY 256-grid, not necessarily whole chunks","[""73be2d5706a787a2935ce847"",""9ff16d2e1780d8a17769f1bc"",""074e20538987a770c5de3965"",""9f8c7ba3f1670d798d7a8375"",""ac5a79390c81d3b8fe0f1ad3"",""6b574c7d1af4dccab2181c39""]"
cpu-readahead-control,damacy,batch-random,local block storage,smooth4-zstd-64-16,cf9aace9d650e189871c,784e7a8593ad3da21249,full-scan,"[1,256,256]","[8,256,256]","[1,128,256]",2.219684411229312,4.9742224359840295,2.2409593052145604,"different selections/workloads on same encoding; aligned refers to XY 256-grid, not necessarily whole chunks","[""cf1af43cf13dda6ccc0119be"",""f925a17a3cc2e419917037ae"",""afec649f2e53733b4ae3e425"",""d1936bb04fdd5be400330194"",""45cb44a8ed738ac4d11a6b28"",""b24f5604bdc384bb9d9f403a""]"
cpu-readahead-control,damacy,batch-random,local block storage,smooth4-zstd-64-16,cf9aace9d650e189871c,f93bead10e089132e59d,aligned,"[1,256,256]","[1,256,256]","[1,128,256]",2.219684411229312,7.36448554733718,3.317807482036854,"different selections/workloads on same encoding; aligned refers to XY 256-grid, not necessarily whole chunks","[""cf1af43cf13dda6ccc0119be"",""f925a17a3cc2e419917037ae"",""afec649f2e53733b4ae3e425"",""e4c109ae79d8754da2f94ba3"",""80f8c760c53a08de28ec1d61"",""ddc51774718e9c4f0eb90ba8""]"
cpu-chunk-blocks,damacy,chunks256-default,local block storage,smooth4-lz4-128-128,78fa6fc4debadc5e1994,c83132b18436d36e054e,full-scan,"[1,256,256]","[8,256,256]","[1,256,256]",3.3698734015883525,25.88775041634377,7.68211363790161,"different selections/workloads on same encoding; aligned refers to XY 256-grid, not necessarily whole chunks","[""4a8dd85ade15e404e59052e3"",""95380fb31ea9ad9f5a09e349"",""8d0c8aea04090df2543f902b"",""e1c750782e283b863388cfcc"",""80b9f64e200c611885931a29"",""fcd1d0865b9ab55eadca7661""]"
cpu-nfs-local-spot,damacy,chunks256-random,NFS,smooth4-zstd-32-32,f0fad72a82593ff60ac3,79da05fd205c30c01d1d,full-scan,"[1,256,256]","[8,256,256]","[1,128,128]",0.9315935721483636,5.7321524560927495,6.15306140731922,"different selections/workloads on same encoding; aligned refers to XY 256-grid, not necessarily whole chunks","[""95b3a17fc060a82df3dee2eb"",""1a82d0940c027bfd27120fff"",""aad28a7aefecb04276b6cf6b"",""5fc6862d23ba7b468fe7b28e"",""c912b665f8199a59e5164f2e"",""eaf560e0e8ce6db8706c8189""]"
cpu-nfs-local-spot,tensorstore,tensorstore,local block storage,smooth4-lz4-512-512,80af0b13e5447b13c5a9,7a034eb4a039cd63d2c7,full-scan,"[1,256,256]","[8,256,256]","[1,512,512]",2.9763961294330543,10.88636199865158,3.6575648956798035,"different selections/workloads on same encoding; aligned refers to XY 256-grid, not necessarily whole chunks","[""aaf9bb4e998f6136d05a53b7"",""a2ab052171a105b03b7f2de7"",""e0adda0195b7c2e0ec6d0dc9"",""c0975a6a2d06680e3b0dedac"",""73913c689a99e93bf5404231"",""bbf09ae05ce5b8f72e2a28ae""]"
pr160-warm-smooth-crops,damacy,damacy,local block storage,smooth4-zstd-16-16,d9707ae46bccc2362cca,7afc584a196cca4f9a65,aligned,"[1,256,256]","[1,256,256]","[1,64,128]",3.4070969855555573,4.948630788811808,1.4524478785874333,"different selections/workloads on same encoding; aligned refers to XY 256-grid, not necessarily whole chunks","[""d01a0b236c1d2ecfcb31f7cc"",""177b2784475c01665a97095e"",""9268760d4a9e2337763c8321"",""cc8737c3545b257b0015e44a"",""3d726f7db3197b67048b18f6"",""5dd0e4004864c2ffa0a5237d"",""8fec531add74ef2e196bea43"",""ce24fdae7d3e172568a74767"",""0c7758f636c5deedc1633a19"",""c95ea5dfd602ce87cb7eafdd""]"
cpu-scheduling-paired,damacy,after,local block storage,smooth4-zstd-64-16,7c7ae0288b0679184cb3,7b369f6910e059d8b855,full-scan,"[1,256,256]","[8,256,256]","[1,128,256]",2.1007216468134615,11.261200198919735,5.360634149698796,"different selections/workloads on same encoding; aligned refers to XY 256-grid, not necessarily whole chunks","[""f169bef848288e2acbbea3ff"",""f0afc498a6805f1d27dc23c1"",""5a4703f10cb4cc47fcd979d3"",""2005f87cb03c8e39922799ae"",""62326cab6afdd48d383f8b74"",""391784a3f480c0fa0a06a7e1""]"
cpu-scheduling-paired,damacy,after,local block storage,smooth4-zstd-64-16,7c7ae0288b0679184cb3,b3578788371202abc588,aligned,"[1,256,256]","[1,256,256]","[1,128,256]",2.1007216468134615,6.393918409831251,3.0436771190176697,"different selections/workloads on same encoding; aligned refers to XY 256-grid, not necessarily whole chunks","[""f169bef848288e2acbbea3ff"",""f0afc498a6805f1d27dc23c1"",""5a4703f10cb4cc47fcd979d3"",""d381b4bcf3e5241e228924b8"",""6c81a33095eaf009afcbd0d8"",""3aaf345875812099e2aaa0a3""]"
pr160-warm-xor-crops,damacy,damacy,local block storage,xor-zstd-256-16,7b79bc0277312068efd5,ca834d23acf10d5fc932,aligned,"[1,256,256]","[1,256,256]","[2,256,256]",4.809923597255416,14.324669289364019,2.9781490287159236,"different selections/workloads on same encoding; aligned refers to XY 256-grid, not necessarily whole chunks","[""e8ef69317149820b9588b1ea"",""7320630e1635834ce030722b"",""d91364b7b72319e5706a929a"",""e01a3af133c7c64338bc1333"",""f5eed886833297f7a6a58025"",""aebbbc7406b50fc90ad8381e"",""5f573df8daa1b8cd13d6db02"",""efef37757cefa0408b33c84c"",""41082be6fcee5a35cee4cf75"",""3d2f8e1ebd135d1c4e746100""]"
cpu-nfs-local-spot,tensorstore,tensorstore,local block storage,smooth4-zstd-128-128,7d6e14ffc88d47c14ef0,f4bd886b649b67dbcd57,full-scan,"[1,256,256]","[8,256,256]","[1,256,256]",2.7051180851384893,9.920080021541104,3.667152305121365,"different selections/workloads on same encoding; aligned refers to XY 256-grid, not necessarily whole chunks","[""ba82fc08f32d974db5f76173"",""882910f5e3d5821be89e2ea7"",""4dfc47fecc71797a4b580818"",""f1d897893437c88fbc838fbf"",""e33e91fb0d2c03329935d388"",""f00a5404f0276ea3999c145c""]"
cpu-chunk-blocks,tensorstore,tensorstore,local block storage,smooth4-lz4-512-256,7ffb6250a44a1c14edd4,85fb83171283edb287ce,full-scan,"[1,256,256]","[8,256,256]","[1,512,512]",3.062161162659001,10.795271927334245,3.5253768021668277,"different selections/workloads on same encoding; aligned refers to XY 256-grid, not necessarily whole chunks","[""e146de5c6bd0ae540da2ee29"",""fb77ed3904b19733e98bd05f"",""c25f361fa37a34d7f670e75b"",""7c134334dfe50ef26aad99e9"",""961b6cac59912d0e65cf6897"",""1e21dd4248d6ac2044351134""]"
cpu-small-chunks,damacy,chunks256-default,local block storage,smooth4-lz4-16-16,80aea25a03097c7492e9,b9da68e83a5c149b888a,full-scan,"[1,256,256]","[8,256,256]","[1,64,128]",3.32689185052666,11.591330472354947,3.4841320346857665,"different selections/workloads on same encoding; aligned refers to XY 256-grid, not necessarily whole chunks","[""bada4a29ba9d23b757348602"",""7e149946eea7c929fff9869c"",""f985e0db54d0c6ab2dc6da9f"",""30029531f2bba0443a9a9a7c"",""5f53c186382e0443ee8c0ff6"",""0b7a91a8a715f86d3ff6da04""]"
cpu-small-chunks,tensorstore,tensorstore,local block storage,smooth4-lz4-128-16,941c842a067f1797e574,8273ac868d346a584e29,full-scan,"[1,256,256]","[8,256,256]","[1,256,256]",2.6235484831088267,10.755862906295807,4.099738569935033,"different selections/workloads on same encoding; aligned refers to XY 256-grid, not necessarily whole chunks","[""ede58533198746ab6bb66043"",""449897c2cc28e986498cc73c"",""504effda05ac8bd314050608"",""742e095cafd4b33d60e050ca"",""29a448128e913e75e4edac50"",""ace4609d2eede6dddfa065e7""]"
cpu-fixed-layout-pilot,damacy,damacy,local block storage,smooth4-zstd-64-16,8403a9a63a1b476da0d0,a44a773db73859db705a,full-scan,"[1,256,256]","[8,256,256]","[1,128,256]",1.7721722728562281,8.973515151561939,5.063568191990293,"different selections/workloads on same encoding; aligned refers to XY 256-grid, not necessarily whole chunks","[""1da809beffb56f802407bef1"",""572e824c71cce47e12a6759d"",""489f648c199a33cc3ac83b1f"",""0c8aaeb4c8e91feb87938fcd"",""e95bbf78dcaa74291277580f"",""009b2ef2fbb8f3903ae9c7c2""]"
cpu-fixed-layout-pilot,damacy,damacy,local block storage,smooth4-zstd-64-16,8403a9a63a1b476da0d0,d1cbfe3072fe17e46e73,aligned,"[1,256,256]","[1,256,256]","[1,128,256]",1.7721722728562281,6.413976343151315,3.619273612047797,"different selections/workloads on same encoding; aligned refers to XY 256-grid, not necessarily whole chunks","[""1da809beffb56f802407bef1"",""572e824c71cce47e12a6759d"",""489f648c199a33cc3ac83b1f"",""df66493ec2698f008e0ad3d4"",""f015c5a49f0371710da61a7d"",""aac5ee9e3d2d8f9a5b9bf46c""]"
pr160-cold-storage,damacy,damacy,local block storage,smooth4-lz4-64-16,991481b1b6d7bc5b7471,8543a1529a433d1d9785,aligned,"[1,256,256]","[1,256,256]","[1,128,256]",0.9616693748074574,2.7755495423145344,2.886178571372564,"different selections/workloads on same encoding; aligned refers to XY 256-grid, not necessarily whole chunks","[""421ad14eb0bc5447bb939c14"",""383fbebd97991f958ba6ea01"",""9002de288e14ed171ac288b7"",""4261671d4ce91ae5bf37e2e3"",""05b4ee1f79e35158f1e82ec7"",""6a17503018976b4a1bb00d88""]"
cpu-chunk-blocks,damacy,chunks256-default,local block storage,smooth4-lz4-32-32,86f1e51510ee5393af3f,a34f51e8f57625a3e424,full-scan,"[1,256,256]","[8,256,256]","[1,128,128]",3.2824628488947263,14.815919802487114,4.513659555195253,"different selections/workloads on same encoding; aligned refers to XY 256-grid, not necessarily whole chunks","[""9585e548c09f4aaf1da04471"",""18b80209ccaf96614aba9107"",""159d99f8dbfa09b48cadce30"",""bba218516d4772d6402170f4"",""f4609f7d38d4ff9600ab6b44"",""8767222ef98e890903f776cf""]"
cpu-buffer-control,damacy,chunks32-default,local block storage,smooth4-zstd-64-16,8acc9f7b2235c3528962,ee2ceab76b2d693e84d3,full-scan,"[1,256,256]","[8,256,256]","[1,128,256]",2.1324439120364573,11.158002867402553,5.232495356347638,"different selections/workloads on same encoding; aligned refers to XY 256-grid, not necessarily whole chunks","[""67616dbbadca75a7c8f623e9"",""88dd0fac549812c6b5af18ac"",""6a73ce983aefb3fa013f6079"",""e05d7839d5bbc90ccd0c8e6b"",""f5aff96a4b1960bc15ea8b1c"",""3991f5f81a1e2790fcd83a5e""]"
cpu-nfs-local-spot,damacy,chunks256-default,local block storage,smooth4-lz4-512-512,8dcf43ed8d1ee62c2196,acaea2bb30da36473cca,full-scan,"[1,256,256]","[8,256,256]","[1,512,512]",2.991721036148308,21.835788941681006,7.2987383107729515,"different selections/workloads on same encoding; aligned refers to XY 256-grid, not necessarily whole chunks","[""c902e47435f2ec2ac4a077f1"",""1b8184fe0edf4a5b36e1247a"",""93de96368127ba40f63b36f1"",""5ec082578570c3c7b8dd42c0"",""4dc0ceb418193b78f4223ef2"",""19ae804a5d650393abdaade1""]"
cpu-buffer-control,damacy,chunks32-default,local block storage,smooth4-lz4-64-16,8de271ed207619ec65a1,9723605924a9f62f45da,full-scan,"[1,256,256]","[8,256,256]","[1,128,256]",2.0612883756054505,11.010545771307541,5.341584371024009,"different selections/workloads on same encoding; aligned refers to XY 256-grid, not necessarily whole chunks","[""ce09561ab20a063e647ec1bf"",""04eeb3d6ccb0d156069b299b"",""e333ea6c4545b24035b3b932"",""3b5ffad3712d39490b05003c"",""e22a0d4059c5d37c93f21532"",""78817e4f155e451a3f2dcdf5""]"
cpu-chunk-blocks,tensorstore,tensorstore,local block storage,smooth4-zstd-512-64,8e285fd4e990786acdfa,f42cecdba3b6cc5c54ec,full-scan,"[1,256,256]","[8,256,256]","[1,512,512]",3.2603688265330133,10.097123202388742,3.0969266790364163,"different selections/workloads on same encoding; aligned refers to XY 256-grid, not necessarily whole chunks","[""7bed7e68f12f3af36a2806a9"",""45d402a7f202e8719f293f56"",""1e0b3cf848463d4bea5db416"",""66fe4e4697d4ee6cfbab0f4d"",""359e3587c44e8e5d909d9100"",""bc23f04902d95a5fbe9a9d5b""]"
cpu-fixed-layout-pilot,damacy,damacy,local block storage,smooth4-lz4-64-16,8ef99492fd46f0dede95,8e91edcc5b9763e6b9b5,aligned,"[1,256,256]","[1,256,256]","[1,128,256]",1.7032897735440784,5.84336293153568,3.4306334848575095,"different selections/workloads on same encoding; aligned refers to XY 256-grid, not necessarily whole chunks","[""39bf57066b98eab2c8c87a1f"",""a1832d675f290a06d2d16c54"",""4b38bd51541023a22511dd6a"",""30150e7fe6f6de49eea1da52"",""c3be716571ffb3b1ad0374ca"",""6cdbfd9730617d2f7c5060e0""]"
cpu-fixed-layout-pilot,damacy,damacy,local block storage,smooth4-lz4-64-16,8ef99492fd46f0dede95,b96ae1fe437280c13dd4,full-scan,"[1,256,256]","[8,256,256]","[1,128,256]",1.7032897735440784,9.411372982174353,5.525409198337327,"different selections/workloads on same encoding; aligned refers to XY 256-grid, not necessarily whole chunks","[""39bf57066b98eab2c8c87a1f"",""a1832d675f290a06d2d16c54"",""4b38bd51541023a22511dd6a"",""1deffceb5e8c44e16f1839ed"",""aeb02faffbd58c0983939b76"",""ba56bd0f4b520dbb45355e9a""]"
cpu-chunk-blocks,damacy,chunks256-default,local block storage,smooth4-lz4-512-256,cf1687c100df52857ab1,8f46e2b27edf36494e7e,full-scan,"[1,256,256]","[8,256,256]","[1,512,512]",3.137293107147139,23.425450209292354,7.4667713245939,"different selections/workloads on same encoding; aligned refers to XY 256-grid, not necessarily whole chunks","[""506d76fd59bac2ce7a754889"",""b96667577a4da0d44756cc7e"",""43b341a7717fe0ddaa3ca4ba"",""5be71cfddf19e6e7b84f8762"",""d2466786915aacc9714179b9"",""56748006baef1c4970600373""]"
cpu-readahead-control,damacy,persistent-random,local block storage,smooth4-lz4-64-16,9669fff8c9d2848183db,8f56d834d960a3d87338,full-scan,"[1,256,256]","[8,256,256]","[1,128,256]",2.139451048373417,5.002972116843456,2.3384372924293446,"different selections/workloads on same encoding; aligned refers to XY 256-grid, not necessarily whole chunks","[""1f8e0d8250fd21733214cf61"",""989be3042f57beeb07d641e2"",""cfb46dc7104346e32379c47b"",""025d2c2c77e6cffd49fd9776"",""a3327101baab62b40aa80cc0"",""54a5a8337f22afc68fb2a209""]"
cpu-readahead-control,damacy,persistent-random,local block storage,smooth4-lz4-64-16,9669fff8c9d2848183db,94eba922ff0152384391,aligned,"[1,256,256]","[1,256,256]","[1,128,256]",2.139451048373417,6.564793616802431,3.0684476851169444,"different selections/workloads on same encoding; aligned refers to XY 256-grid, not necessarily whole chunks","[""1f8e0d8250fd21733214cf61"",""989be3042f57beeb07d641e2"",""cfb46dc7104346e32379c47b"",""835d06cff96e5f01a9db5f7d"",""3a912e05bf08985342d57208"",""63c48c2841eb66283b8a6976""]"
cpu-small-chunks,damacy,chunks256-default,local block storage,smooth4-lz4-128-16,fed3654e153376a5d9fe,904a57c89288724da011,full-scan,"[1,256,256]","[8,256,256]","[1,256,256]",3.386585295899104,25.56380772464454,7.5485497901382725,"different selections/workloads on same encoding; aligned refers to XY 256-grid, not necessarily whole chunks","[""dde4e13fe51b47862c32163f"",""a92fbb93d5c7e74ba6804644"",""03d0d997074eee534ac54044"",""70ed917e27f7e4bdb5715ba2"",""417dec01d3f6a282100660da"",""4d8a809c1c96475834bf61b5""]"
cpu-chunk-blocks,damacy,chunks256-random,local block storage,smooth4-zstd-512-64,fcb247b9ccf565121a50,9437e10b8db2fed860b9,full-scan,"[1,256,256]","[8,256,256]","[1,512,512]",2.675411368778187,27.162196145419443,10.152530733179898,"different selections/workloads on same encoding; aligned refers to XY 256-grid, not necessarily whole chunks","[""3262939a53a164b7e029d045"",""c3172468ea50b5fd28a9fb05"",""fe34ab429e359bb7bed44e8b"",""fe089807cc0338bfda7f7c10"",""31bd83458649fd9068fc0aa3"",""ca9fae85aa708581ed641105""]"
cpu-chunk-blocks,damacy,chunks256-random,local block storage,smooth4-lz4-512-16,9476260742a27ff876dc,95ede91a85c002e6e07c,full-scan,"[1,256,256]","[8,256,256]","[1,512,512]",2.9659069480179414,25.741762861846386,8.679221335331883,"different selections/workloads on same encoding; aligned refers to XY 256-grid, not necessarily whole chunks","[""7d3b8a747387fc603a0a2bd8"",""8376db70f1fefb45a0f0acb0"",""56af176a74135b46d3bad66b"",""7ecc484b8f5e6fa361574da7"",""b0c969430984598b141f0309"",""8fb908fffa2048bf937445d8""]"
cpu-chunk-blocks,tensorstore,tensorstore,local block storage,smooth4-zstd-32-16,c56d488690b1ae0b7e7c,972b2f1b8ce9fe1b92a3,full-scan,"[1,256,256]","[8,256,256]","[1,128,128]",2.69228212172535,8.50091928567391,3.1575142950568993,"different selections/workloads on same encoding; aligned refers to XY 256-grid, not necessarily whole chunks","[""a0884ee34c16c346deac2c5f"",""df8468ca08896568d61c00f6"",""b08b84260de64954e439b0a8"",""40f738a0913c209c8ce94ff7"",""bdbbfc54878116c90a7b3436"",""7bb3c2ee35acf56756430bc7""]"
cpu-small-chunks,damacy,chunks256-default,local block storage,smooth4-lz4-32-16,99cd5481e55ba80d0a8a,e650a1b8630741cfbbed,full-scan,"[1,256,256]","[8,256,256]","[1,128,128]",3.3279087634944102,16.82044128719348,5.054357701060133,"different selections/workloads on same encoding; aligned refers to XY 256-grid, not necessarily whole chunks","[""8ae41a9e29971199cd7c2f2c"",""7bcd517977f1e3dad9565281"",""d4e094f5e71292e6308fb312"",""ee436eb75563de367109104a"",""4f191c978bd5509d6bbbff3b"",""22d28613e6132003a30b2c2a""]"
cpu-chunk-blocks,damacy,chunks256-default,local block storage,smooth4-lz4-512-512,a179fa8c48a2f22b3e79,9adb31b3e4c049039463,full-scan,"[1,256,256]","[8,256,256]","[1,512,512]",3.1646295047547905,23.913682212211302,7.55655035645768,"different selections/workloads on same encoding; aligned refers to XY 256-grid, not necessarily whole chunks","[""fc094d291fa6fafa8ad0b158"",""20801fa2dea4cb4bfcdcc9e6"",""b0db1cc58486bf65d76d16df"",""39e7b69c2f24fa7a214021b8"",""def71c7100ef3a3ccaea0219"",""a241e16a1ecb1cab84c77a15""]"
cpu-chunk-blocks,damacy,chunks256-default,local block storage,smooth4-zstd-512-64,aa2d8c3ef06830505819,9cb7d145ab61c0e9389a,full-scan,"[1,256,256]","[8,256,256]","[1,512,512]",2.7829815032230663,22.129467796132733,7.951712136966717,"different selections/workloads on same encoding; aligned refers to XY 256-grid, not necessarily whole chunks","[""1d450b05a1eadabfaa9dc861"",""6be66dd28c5687dfa7add316"",""4277f97e4c6624c16c12702f"",""a7b0ad8493a28e96b60d977c"",""b4679907b5613c7ccf22534a"",""c772ddb184ae6f508a8c4fb3""]"
cpu-chunk-blocks,tensorstore,tensorstore,local block storage,smooth4-lz4-32-16,9cbaba92e2bb808b71d1,ef76264e1608fbe77224,full-scan,"[1,256,256]","[8,256,256]","[1,128,128]",2.444706078567658,8.89286898376982,3.63760251661014,"different selections/workloads on same encoding; aligned refers to XY 256-grid, not necessarily whole chunks","[""c856f039a5298094b04b8add"",""3dac89157fd32bc091abc03f"",""1f87a4ad3704f25470273032"",""3983c86482bd7500338f0a7a"",""4090a0220977e4d4507ad498"",""e6cdf38dd9c18f57fc40f302""]"
cpu-chunk-blocks,damacy,chunks256-default,local block storage,smooth4-zstd-32-32,9e2d99661304e0ce6fe2,ec2d35beb2c76540198c,full-scan,"[1,256,256]","[8,256,256]","[1,128,128]",3.653426328975041,15.594729558313555,4.268521698284419,"different selections/workloads on same encoding; aligned refers to XY 256-grid, not necessarily whole chunks","[""90901f85400e4268ac86661f"",""1bf2e671f37473ebaabe7bf1"",""4e1b99908404396efcd292e7"",""50c7315e9304636af75773a0"",""49d87fd05a40e9ef9285171e"",""a0ce94fbb7e8da6b5edfcd0e""]"
cpu-fixed-layout-pilot,tensorstore,tensorstore,local block storage,smooth4-zstd-64-16,fd7cf65378f1cfe08dcd,a0ba5f435c4ff3d6b953,aligned,"[1,256,256]","[1,256,256]","[1,128,256]",5.205948681039828,9.634579789645992,1.8506866624973328,"different selections/workloads on same encoding; aligned refers to XY 256-grid, not necessarily whole chunks","[""4886a46f7a76f50ba1083faa"",""b5388b1fa6014c93e933a127"",""a6cc4fbb81e7d910fc884e6c"",""990307767ba0c03da1861b8e"",""dec3667a75f0229254d044c6"",""4a2aa44f38c8b4ed73565a05""]"
cpu-fixed-layout-pilot,tensorstore,tensorstore,local block storage,smooth4-zstd-64-16,fd7cf65378f1cfe08dcd,b6aa3b8f32aa2cadbe55,full-scan,"[1,256,256]","[8,256,256]","[1,128,256]",5.205948681039828,9.139387320858486,1.7555661572585841,"different selections/workloads on same encoding; aligned refers to XY 256-grid, not necessarily whole chunks","[""4886a46f7a76f50ba1083faa"",""b5388b1fa6014c93e933a127"",""a6cc4fbb81e7d910fc884e6c"",""cfe5e63f8a7a60b46f945656"",""32660f4751acf14d2b4491dd"",""19a0e0d10a3269803be73d3c""]"
cpu-buffer-control,tensorstore,tensorstore,local block storage,smooth4-zstd-64-16,a317d0a274457c478f27,f4437c53f9fe6b21cc67,full-scan,"[1,256,256]","[8,256,256]","[1,128,256]",2.5165831972456925,10.148022021621195,4.0324603743392355,"different selections/workloads on same encoding; aligned refers to XY 256-grid, not necessarily whole chunks","[""532def71292ea176c5604b7d"",""c199c7aaeb1e8fe0bd942959"",""fc17850b08537cbb59cc6f17"",""f138bc512fb9bf9207336fc1"",""e2ea036d3f8c79508dd055bf"",""ac03d1a1aeeecac2b2f1596b""]"
pr160-warm-xor-crops,damacy,damacy,local block storage,xor-lz4-64-16,a38104989dfd441c0fec,ee9f1252d727491c23ba,aligned,"[1,256,256]","[1,256,256]","[1,128,256]",5.218903679922693,13.907204295741103,2.6647750463842836,"different selections/workloads on same encoding; aligned refers to XY 256-grid, not necessarily whole chunks","[""aac8912d51886a20e393614e"",""7917a41bd74d87e421f1038b"",""450daffb8aaa567a9ee00222"",""034397378340b41809260852"",""9dad56c227d444ad58a8dfc4"",""5cb025288002e9ce0ff87f58"",""106267fc90cc550d11b408fa"",""1c1ae3721b312b040a5e3fa4"",""d126e70d4bccdff6d99a8210"",""4b7fa8fc72534b8f23bbd66e""]"
cpu-chunk-blocks,tensorstore,tensorstore,local block storage,smooth4-lz4-128-128,b0bb1030120bba6faf01,a4dda02de2db6745470f,full-scan,"[1,256,256]","[8,256,256]","[1,256,256]",2.6331746442601394,11.546524998131833,4.385020577082208,"different selections/workloads on same encoding; aligned refers to XY 256-grid, not necessarily whole chunks","[""3ebf1971f405db8089020419"",""0571cb97e261dd9624f08a33"",""4b511ff42bf9f78bb717fa8e"",""775f185348a7e9aa4542e924"",""40bd15b7d517857a245fb59e"",""63edf3f191bc124482d570ee""]"
cpu-chunk-blocks,damacy,chunks256-default,local block storage,smooth4-zstd-512-512,cfa768eb7726f8f2a1e2,a65e6cfb316b6686e2d6,full-scan,"[1,256,256]","[8,256,256]","[1,512,512]",3.030353248322117,24.449770826304906,8.06829066540099,"different selections/workloads on same encoding; aligned refers to XY 256-grid, not necessarily whole chunks","[""dcd9823b563e34d8c5729499"",""a7e9a660fc29cc7c3c87e4fa"",""2fb017f434a016e8e37d6420"",""9d33ea82cc4334762e757a53"",""c1415236ca875de2d8c12ef4"",""005ec65099ed180604e59229""]"
pr160-warm-smooth-crops,damacy,damacy,local block storage,smooth4-lz4-64-16,e3592bf6eed0f5428743,a9d344e5d52199a1fee2,aligned,"[1,256,256]","[1,256,256]","[1,128,256]",6.0036164775044805,15.127958887390285,2.5198076766020394,"different selections/workloads on same encoding; aligned refers to XY 256-grid, not necessarily whole chunks","[""88a44a27b04b11143068309e"",""697b3934de664f541001bde8"",""a1d157426c49633552133054"",""a1ee2d6a8784dd4e67d077b6"",""cc0c5f93017193b0d51ebde8"",""ac617af19a0d81c4570031b4"",""0c9bec1ab52e1085e4f9b486"",""b07e0fbbd49f6c6568721594"",""6d74188be56d8ff7885fd687"",""39572e75871b1dca1b44bee0""]"
cpu-chunk-blocks,damacy,chunks256-default,local block storage,smooth4-zstd-128-16,f4c051b49f511a6bfa39,b6d61b6bd6e513dd2baf,full-scan,"[1,256,256]","[8,256,256]","[1,256,256]",3.6121389697849247,20.85629391884799,5.773945602123337,"different selections/workloads on same encoding; aligned refers to XY 256-grid, not necessarily whole chunks","[""e064dac02dc124d7d0f0de2e"",""3a162f70d9af430728076cb2"",""f82cde7b92e163885862bce5"",""8ac6640239f86bbd4351f4ac"",""bbeca892888a385676bab5b5"",""42dc7b509e5d75605f365f08""]"
pr160-warm-xor-crops,damacy,damacy,local block storage,xor-lz4-256-16,f44ca90209864a0038f9,bacbcfe50af54c7304fd,aligned,"[1,256,256]","[1,256,256]","[2,256,256]",5.479554767471614,17.640636320634332,3.2193557814869886,"different selections/workloads on same encoding; aligned refers to XY 256-grid, not necessarily whole chunks","[""77b0e2000f62b9c7f930f17d"",""d06e2e14ab903bda1422cf02"",""2212022b29bea9371c8d1cc8"",""1ffac854280e5901dfb46cf9"",""8f79eaf4a16a8b991ae41418"",""91ab52cd4a82ce2682f57827"",""1bf56feb6d0a5207f1c36fd7"",""834e8ef734b82bbb732af052"",""d4258c18a6d23d8fb6da153a"",""ab0b71bff4acd9c27ff48092""]"
cpu-chunk-blocks,damacy,chunks256-random,local block storage,smooth4-lz4-512-512,c1cb82019dcb89b050fe,bc53aecc7f829111b2ed,full-scan,"[1,256,256]","[8,256,256]","[1,512,512]",2.998727989247506,26.16913168012659,8.726744064136811,"different selections/workloads on same encoding; aligned refers to XY 256-grid, not necessarily whole chunks","[""7632505dac6fbf562f3197f0"",""3c9f14c7b368e8188ac95fff"",""a3c3f9a30a93350943437721"",""781441155aff52e76cf83930"",""21516f97e265200d8950bca3"",""8effccbaf71cc49f297530a0""]"
cpu-chunk-blocks,tensorstore,tensorstore,local block storage,smooth4-lz4-128-64,ee00f38a4a39cf7121b9,bcb64fe261a269affe74,full-scan,"[1,256,256]","[8,256,256]","[1,256,256]",2.7156786175719807,12.273815847143258,4.519612802385639,"different selections/workloads on same encoding; aligned refers to XY 256-grid, not necessarily whole chunks","[""87998b7f420d653ad7d3865a"",""e57a961337827ed6a9e7b67b"",""dd2d46aadc6ee852504b0f2d"",""88bed15e9ae5688b24031b17"",""009ed5d9e3f56b34baa61e8d"",""0bf92b54feac4e878962d7e8""]"
cpu-small-chunks,tensorstore,tensorstore,local block storage,smooth4-zstd-16-16,eab44d95242612caf841,bf83fad371573ba0b24c,full-scan,"[1,256,256]","[8,256,256]","[1,64,128]",2.518256178080527,4.883686162259403,1.939312689776408,"different selections/workloads on same encoding; aligned refers to XY 256-grid, not necessarily whole chunks","[""672693e056dc26ad33f1daae"",""41ae1d76edd4f2b7f695ba4b"",""8d1bb5014f567fc09149bc71"",""bc8a26a6006a1881270904a2"",""957cddc0f0cfc6e4b3616059"",""906074252ad0a758deba1bf6""]"
cpu-chunk-blocks,damacy,chunks256-random,local block storage,smooth4-zstd-128-64,ce32326313395649df42,c2ce26b5f5b8439f715a,full-scan,"[1,256,256]","[8,256,256]","[1,256,256]",3.5248388221869673,23.339910318809224,6.621553919542937,"different selections/workloads on same encoding; aligned refers to XY 256-grid, not necessarily whole chunks","[""03a30d320ec282fab5201a67"",""b3f3c7dd67161c9f3dc6b6da"",""e08ed355f60e7b7995c916e9"",""40dccfe24a9ec8be30b5e880"",""b8dc18286b8efe42cb36f320"",""1a29b5d9a333e02dec591753""]"
pr160-warm-xor-crops,damacy,damacy,local block storage,xor-lz4-16-16,c40e0aff4089e0233a9b,fffc62c4aaa74d333657,aligned,"[1,256,256]","[1,256,256]","[1,64,128]",3.3066941315643312,7.083874223148391,2.1422828787001085,"different selections/workloads on same encoding; aligned refers to XY 256-grid, not necessarily whole chunks","[""221832bbb76687e62bee6d2f"",""f3377baf38c5d453172ec578"",""1f9480d9a501a1e56b7437fd"",""699cd898b4e91d5faa7edf26"",""b214109efffa3d707b1d6f82"",""42cb549a5f567ecdf171abf8"",""6460252a51a445dc5706a650"",""586267ac309af9dee34ef9aa"",""0fbbf1aa22ed83227457d644"",""bb7e24a87efd48d853f0d333""]"
cpu-small-chunks,tensorstore,tensorstore,local block storage,smooth4-lz4-32-16,c96b3ad43ebb244f60ee,effcb261992d4dfdfb45,full-scan,"[1,256,256]","[8,256,256]","[1,128,128]",2.4683825255587863,8.900190946640945,3.6056773431525335,"different selections/workloads on same encoding; aligned refers to XY 256-grid, not necessarily whole chunks","[""7af7e8f810eec2155174eb11"",""ce19b5b4aa8d8b089441441b"",""bdd1a8df8562eceea6a481d6"",""94dd3b92849b6cd17e8479c8"",""8d32271f7d03f82c898f25e4"",""b07c8aac3f5f99c21b07c9ee""]"
cpu-chunk-blocks,damacy,chunks256-random,local block storage,smooth4-zstd-512-16,d2e833165e5217c7eca8,f676d8bcbcae9de83add,full-scan,"[1,256,256]","[8,256,256]","[1,512,512]",2.5520490948507972,25.530343637954708,10.003860697455474,"different selections/workloads on same encoding; aligned refers to XY 256-grid, not necessarily whole chunks","[""0c02ed8c673d80ac632c7028"",""0eb41cba36004da12824460e"",""29cb89e675386f61437951e5"",""8bb78e053824c51592c284f0"",""9565f6723ce5d4bb3a4aa45c"",""0fadb1597db5f1ac498f5983""]"
cpu-small-chunks,damacy,chunks256-random,local block storage,smooth4-zstd-64-16,f6decb78377080b06ebd,db586cad49105222e62f,full-scan,"[1,256,256]","[8,256,256]","[1,128,256]",3.221722040313703,19.105078691400948,5.930082872556151,"different selections/workloads on same encoding; aligned refers to XY 256-grid, not necessarily whole chunks","[""1dee2c9513f8bde53845985d"",""16ec380bff0b984ea309464d"",""fb28d3b41398986e789633d1"",""f536a8d26ac211d81f7a6d03"",""482b77edb7c90a6357d4bb92"",""64dfeae5131e8eec43faa314""]"
cpu-chunk-blocks,damacy,chunks256-random,local block storage,smooth4-zstd-512-512,e740d1c8d056e23877ad,e136161037774d0ba108,full-scan,"[1,256,256]","[8,256,256]","[1,512,512]",2.847424384684519,27.802660115409076,9.764143436065108,"different selections/workloads on same encoding; aligned refers to XY 256-grid, not necessarily whole chunks","[""c0dd487631e68a9305507d7f"",""1809fb11ba141d045ed39117"",""3d03d501228834df45b76e62"",""941f1f5925e18df2d249a418"",""d439051baa298ca82020d143"",""d1c8cddb1066cc1c0c26e3bb""]"
pr160-warm-smooth-crops,damacy,damacy,local block storage,smooth4-zstd-256-16,eecd67f6ea0e9b38b954,ecc66262853ff2719e0f,aligned,"[1,256,256]","[1,256,256]","[2,256,256]",3.916910098403079,12.532143156983304,3.199497267525402,"different selections/workloads on same encoding; aligned refers to XY 256-grid, not necessarily whole chunks","[""d6475cdcc1e6b95f98639600"",""372bb7d2b7e0bd5fbec3d8db"",""78a4f3e4ad697efa6b9e39a0"",""78d7ed03da48c1356f7e76d8"",""85467c90b0cbc9488f70b745"",""8eeff2a34d4bf636c1a85104"",""9a84616703ccdbe98a99332d"",""2b2483244ce430bf4ba4a2b1"",""e31552cf2e4f86d5516e750e"",""dcbbec5891b1e52694f8cd47""]"
cpu-chunk-blocks,damacy,chunks256-default,local block storage,smooth4-lz4-32-16,f1e18a6089200fb87725,f8a4c7408c5425cfe153,full-scan,"[1,256,256]","[8,256,256]","[1,128,128]",3.2841768251717824,16.27017106229654,4.954109333453905,"different selections/workloads on same encoding; aligned refers to XY 256-grid, not necessarily whole chunks","[""6b0c0c79273408d9733d2f81"",""c7d1dddeaddb7fd2b1bd8e17"",""ab3fd9667a459c9f6a509378"",""2307dc7d675d4668b2b8dd67"",""6263ba49c54ac6aa86998b5d"",""06618314d1f1c5907da89e75""]"
