comparison_group,summary_id,phase,reader,implementation,content,workload,storage_type,configuration_id,raw_chunk_bytes,chunk_shape,codec,block_bytes,frontier_axes,cost_value,cost_direction,primary_gib_s_median,on_frontier,recorded_frontier_objective,winner_selection,source_run_ids
8c9460fe6e58dbd700de,001ea501e998f373fea4,cpu-small-chunks,damacy,chunks256-random,smooth4,full-scan,local block storage,smooth4-lz4-64-16,65536,"[1,128,256]",lz4,16384,compression/output,1.5663428823641548,maximize,21.04487883125118,False,maximize compression and output throughput; original traffic frontier retained separately,undefined; nondominance is not a scalar winner rule,"[""fbf0cf2656ef0e49262e04ad"",""c63660b1addcd66b1cb303b0"",""98f117ab309f76b0fb924956""]"
8c9460fe6e58dbd700de,028254a4a576076bf4a1,cpu-small-chunks,damacy,chunks256-random,smooth4,full-scan,local block storage,smooth4-zstd-32-16,32768,"[1,128,128]",zstd,16384,compression/output,1.8366829025162181,maximize,11.606553983680637,True,maximize compression and output throughput; original traffic frontier retained separately,undefined; nondominance is not a scalar winner rule,"[""89cd513199573be68757a729"",""e40b38598e083117b5c47daf"",""a056645d63e95da5e58064b4""]"
8c9460fe6e58dbd700de,257e95ebb3f00e040007,cpu-small-chunks,damacy,chunks256-random,smooth4,full-scan,local block storage,smooth4-lz4-16-16,16384,"[1,64,128]",lz4,16384,compression/output,1.570198337802875,maximize,8.117920399617777,False,maximize compression and output throughput; original traffic frontier retained separately,undefined; nondominance is not a scalar winner rule,"[""13655729738fc6987952eb4a"",""ca9b5c6dacf531362d88e406"",""d5596d243e8debf802d7c5aa""]"
8c9460fe6e58dbd700de,30a531eabed4ebe3a85c,cpu-small-chunks,damacy,chunks256-random,smooth4,full-scan,local block storage,smooth4-zstd-128-16,131072,"[1,256,256]",zstd,16384,compression/output,1.8317621551383316,maximize,23.218832377059492,True,maximize compression and output throughput; original traffic frontier retained separately,undefined; nondominance is not a scalar winner rule,"[""e2316fd269633a32437e45dc"",""a0c1aa85c6671a9b8e0a9b6e"",""45843b0efac85d0013cedd0d""]"
8c9460fe6e58dbd700de,31269cb96735af684495,cpu-small-chunks,damacy,chunks256-random,smooth4,full-scan,local block storage,smooth4-lz4-32-16,32768,"[1,128,128]",lz4,16384,compression/output,1.572609772618283,maximize,12.324082645296247,False,maximize compression and output throughput; original traffic frontier retained separately,undefined; nondominance is not a scalar winner rule,"[""d2d0e7aa0c050718003942ec"",""e316bda74d1f04eb748ea3be"",""50a42ce9cc45e96fd9d0adb0""]"
8c9460fe6e58dbd700de,766a9dd5daf44fb6cd86,cpu-small-chunks,damacy,chunks256-random,smooth4,full-scan,local block storage,smooth4-zstd-16-16,16384,"[1,64,128]",zstd,16384,compression/output,1.8333944608562351,maximize,7.975866877116969,False,maximize compression and output throughput; original traffic frontier retained separately,undefined; nondominance is not a scalar winner rule,"[""9abe147bcb8072b10801c165"",""cfb445f280581238f90a424a"",""23b4fd8f647801ba01d5a8b3""]"
8c9460fe6e58dbd700de,db586cad49105222e62f,cpu-small-chunks,damacy,chunks256-random,smooth4,full-scan,local block storage,smooth4-zstd-64-16,65536,"[1,128,256]",zstd,16384,compression/output,1.8309433434379625,maximize,19.105078691400948,False,maximize compression and output throughput; original traffic frontier retained separately,undefined; nondominance is not a scalar winner rule,"[""f536a8d26ac211d81f7a6d03"",""482b77edb7c90a6357d4bb92"",""64dfeae5131e8eec43faa314""]"
8c9460fe6e58dbd700de,fc7666c105299e2b29f0,cpu-small-chunks,damacy,chunks256-random,smooth4,full-scan,local block storage,smooth4-lz4-128-16,131072,"[1,256,256]",lz4,16384,compression/output,1.5669420934469545,maximize,24.85666413168419,True,maximize compression and output throughput; original traffic frontier retained separately,undefined; nondominance is not a scalar winner rule,"[""16adcc61f6fc9469087ef5e5"",""befdf724e4e8d3416199a4a3"",""d4292045bea162e8efdecd1a""]"
8c9460fe6e58dbd700de,001ea501e998f373fea4,cpu-small-chunks,damacy,chunks256-random,smooth4,full-scan,local block storage,smooth4-lz4-64-16,65536,"[1,128,256]",lz4,16384,encoded-traffic/output,0.6381856728112325,minimize,21.04487883125118,False,maximize compression and output throughput; original traffic frontier retained separately,undefined; nondominance is not a scalar winner rule,"[""fbf0cf2656ef0e49262e04ad"",""c63660b1addcd66b1cb303b0"",""98f117ab309f76b0fb924956""]"
8c9460fe6e58dbd700de,028254a4a576076bf4a1,cpu-small-chunks,damacy,chunks256-random,smooth4,full-scan,local block storage,smooth4-zstd-32-16,32768,"[1,128,128]",zstd,16384,encoded-traffic/output,0.5439715118845925,minimize,11.606553983680637,True,maximize compression and output throughput; original traffic frontier retained separately,undefined; nondominance is not a scalar winner rule,"[""89cd513199573be68757a729"",""e40b38598e083117b5c47daf"",""a056645d63e95da5e58064b4""]"
8c9460fe6e58dbd700de,257e95ebb3f00e040007,cpu-small-chunks,damacy,chunks256-random,smooth4,full-scan,local block storage,smooth4-lz4-16-16,16384,"[1,64,128]",lz4,16384,encoded-traffic/output,0.6358856542501599,minimize,8.117920399617777,False,maximize compression and output throughput; original traffic frontier retained separately,undefined; nondominance is not a scalar winner rule,"[""13655729738fc6987952eb4a"",""ca9b5c6dacf531362d88e406"",""d5596d243e8debf802d7c5aa""]"
8c9460fe6e58dbd700de,30a531eabed4ebe3a85c,cpu-small-chunks,damacy,chunks256-random,smooth4,full-scan,local block storage,smooth4-zstd-128-16,131072,"[1,256,256]",zstd,16384,encoded-traffic/output,0.5458003303501755,minimize,23.218832377059492,True,maximize compression and output throughput; original traffic frontier retained separately,undefined; nondominance is not a scalar winner rule,"[""e2316fd269633a32437e45dc"",""a0c1aa85c6671a9b8e0a9b6e"",""45843b0efac85d0013cedd0d""]"
8c9460fe6e58dbd700de,31269cb96735af684495,cpu-small-chunks,damacy,chunks256-random,smooth4,full-scan,local block storage,smooth4-lz4-32-16,32768,"[1,128,128]",lz4,16384,encoded-traffic/output,0.6353973730001599,minimize,12.324082645296247,False,maximize compression and output throughput; original traffic frontier retained separately,undefined; nondominance is not a scalar winner rule,"[""d2d0e7aa0c050718003942ec"",""e316bda74d1f04eb748ea3be"",""50a42ce9cc45e96fd9d0adb0""]"
8c9460fe6e58dbd700de,766a9dd5daf44fb6cd86,cpu-small-chunks,damacy,chunks256-random,smooth4,full-scan,local block storage,smooth4-zstd-16-16,16384,"[1,64,128]",zstd,16384,encoded-traffic/output,0.5444597931345925,minimize,7.975866877116969,False,maximize compression and output throughput; original traffic frontier retained separately,undefined; nondominance is not a scalar winner rule,"[""9abe147bcb8072b10801c165"",""cfb445f280581238f90a424a"",""23b4fd8f647801ba01d5a8b3""]"
8c9460fe6e58dbd700de,db586cad49105222e62f,cpu-small-chunks,damacy,chunks256-random,smooth4,full-scan,local block storage,smooth4-zstd-64-16,65536,"[1,128,256]",zstd,16384,encoded-traffic/output,0.5459224006626755,minimize,19.105078691400948,False,maximize compression and output throughput; original traffic frontier retained separately,undefined; nondominance is not a scalar winner rule,"[""f536a8d26ac211d81f7a6d03"",""482b77edb7c90a6357d4bb92"",""64dfeae5131e8eec43faa314""]"
8c9460fe6e58dbd700de,fc7666c105299e2b29f0,cpu-small-chunks,damacy,chunks256-random,smooth4,full-scan,local block storage,smooth4-lz4-128-16,131072,"[1,256,256]",lz4,16384,encoded-traffic/output,0.6380636024987325,minimize,24.85666413168419,True,maximize compression and output throughput; original traffic frontier retained separately,undefined; nondominance is not a scalar winner rule,"[""16adcc61f6fc9469087ef5e5"",""befdf724e4e8d3416199a4a3"",""d4292045bea162e8efdecd1a""]"
8c9460fe6e58dbd700de,001ea501e998f373fea4,cpu-small-chunks,damacy,chunks256-random,smooth4,full-scan,local block storage,smooth4-lz4-64-16,65536,"[1,128,256]",lz4,16384,local-storage-traffic/output,0.6381874084472656,minimize,21.04487883125118,False,maximize compression and output throughput; original traffic frontier retained separately,undefined; nondominance is not a scalar winner rule,"[""fbf0cf2656ef0e49262e04ad"",""c63660b1addcd66b1cb303b0"",""98f117ab309f76b0fb924956""]"
8c9460fe6e58dbd700de,028254a4a576076bf4a1,cpu-small-chunks,damacy,chunks256-random,smooth4,full-scan,local block storage,smooth4-zstd-32-16,32768,"[1,128,128]",zstd,16384,local-storage-traffic/output,0.5439732074737549,minimize,11.606553983680637,True,maximize compression and output throughput; original traffic frontier retained separately,undefined; nondominance is not a scalar winner rule,"[""89cd513199573be68757a729"",""e40b38598e083117b5c47daf"",""a056645d63e95da5e58064b4""]"
8c9460fe6e58dbd700de,257e95ebb3f00e040007,cpu-small-chunks,damacy,chunks256-random,smooth4,full-scan,local block storage,smooth4-lz4-16-16,16384,"[1,64,128]",lz4,16384,local-storage-traffic/output,0.635887622833252,minimize,8.117920399617777,False,maximize compression and output throughput; original traffic frontier retained separately,undefined; nondominance is not a scalar winner rule,"[""13655729738fc6987952eb4a"",""ca9b5c6dacf531362d88e406"",""d5596d243e8debf802d7c5aa""]"
8c9460fe6e58dbd700de,30a531eabed4ebe3a85c,cpu-small-chunks,damacy,chunks256-random,smooth4,full-scan,local block storage,smooth4-zstd-128-16,131072,"[1,256,256]",zstd,16384,local-storage-traffic/output,0.5458023548126221,minimize,23.218832377059492,True,maximize compression and output throughput; original traffic frontier retained separately,undefined; nondominance is not a scalar winner rule,"[""e2316fd269633a32437e45dc"",""a0c1aa85c6671a9b8e0a9b6e"",""45843b0efac85d0013cedd0d""]"
8c9460fe6e58dbd700de,31269cb96735af684495,cpu-small-chunks,damacy,chunks256-random,smooth4,full-scan,local block storage,smooth4-lz4-32-16,32768,"[1,128,128]",lz4,16384,local-storage-traffic/output,0.635399341583252,minimize,12.324082645296247,False,maximize compression and output throughput; original traffic frontier retained separately,undefined; nondominance is not a scalar winner rule,"[""d2d0e7aa0c050718003942ec"",""e316bda74d1f04eb748ea3be"",""50a42ce9cc45e96fd9d0adb0""]"
8c9460fe6e58dbd700de,766a9dd5daf44fb6cd86,cpu-small-chunks,damacy,chunks256-random,smooth4,full-scan,local block storage,smooth4-zstd-16-16,16384,"[1,64,128]",zstd,16384,local-storage-traffic/output,0.5444614887237549,minimize,7.975866877116969,False,maximize compression and output throughput; original traffic frontier retained separately,undefined; nondominance is not a scalar winner rule,"[""9abe147bcb8072b10801c165"",""cfb445f280581238f90a424a"",""23b4fd8f647801ba01d5a8b3""]"
8c9460fe6e58dbd700de,db586cad49105222e62f,cpu-small-chunks,damacy,chunks256-random,smooth4,full-scan,local block storage,smooth4-zstd-64-16,65536,"[1,128,256]",zstd,16384,local-storage-traffic/output,0.5459244251251221,minimize,19.105078691400948,False,maximize compression and output throughput; original traffic frontier retained separately,undefined; nondominance is not a scalar winner rule,"[""f536a8d26ac211d81f7a6d03"",""482b77edb7c90a6357d4bb92"",""64dfeae5131e8eec43faa314""]"
8c9460fe6e58dbd700de,fc7666c105299e2b29f0,cpu-small-chunks,damacy,chunks256-random,smooth4,full-scan,local block storage,smooth4-lz4-128-16,131072,"[1,256,256]",lz4,16384,local-storage-traffic/output,0.6380653381347656,minimize,24.85666413168419,True,maximize compression and output throughput; original traffic frontier retained separately,undefined; nondominance is not a scalar winner rule,"[""16adcc61f6fc9469087ef5e5"",""befdf724e4e8d3416199a4a3"",""d4292045bea162e8efdecd1a""]"
0ce3149f29afdab44edb,01457024c4f8d52dd676,pr160-cold-storage,damacy,damacy,random12,full-scan,local block storage,random12-zstd-64-8,65536,"[1,128,256]",zstd,8192,compression/output,1.3244943944918124,maximize,5.8699964390452,False,minimize storage/useful bytes and maximize useful throughput,undefined; nondominance is not a scalar winner rule,"[""68a33f17145d24ef198d8070"",""fa0ffc9b28acd73192b2e0ca"",""c63abc51484e499b071cf4f6""]"
0ce3149f29afdab44edb,06c3ba8fbc48c8278309,pr160-cold-storage,damacy,damacy,random12,full-scan,local block storage,random12-lz4-64-8,65536,"[1,128,256]",lz4,8192,compression/output,1.318526503393448,maximize,5.921966138295515,False,minimize storage/useful bytes and maximize useful throughput,undefined; nondominance is not a scalar winner rule,"[""f9ea2a0c08c118706541d930"",""c6e9d0435d72f8b871383850"",""0e38a4ad971bec1df3c99276""]"
0ce3149f29afdab44edb,07e02f434d54d22b0693,pr160-cold-storage,damacy,damacy,random12,full-scan,local block storage,random12-lz4-1024-256,1048576,"[8,256,256]",lz4,262144,compression/output,1.3256937296916391,maximize,8.492422507631439,False,minimize storage/useful bytes and maximize useful throughput,undefined; nondominance is not a scalar winner rule,"[""6ec2665cd4ce50106a24a004"",""977a47b85e01046ac077e707"",""a4db8b401434eebe674da359""]"
0ce3149f29afdab44edb,0cbf1c5cf595f0a468ab,pr160-cold-storage,damacy,damacy,random12,full-scan,local block storage,random12-zstd-16-16,16384,"[1,64,128]",zstd,16384,compression/output,1.3253511793173984,maximize,3.161649313507337,False,minimize storage/useful bytes and maximize useful throughput,undefined; nondominance is not a scalar winner rule,"[""9ea695d489c8a2dd25f41347"",""736e88e0019ef4810cb324bb"",""19f242bdcf535e79cc5a4322""]"
0ce3149f29afdab44edb,1b9612b0c1ba23f0072b,pr160-cold-storage,damacy,damacy,random12,full-scan,local block storage,random12-lz4-256-4,262144,"[2,256,256]",lz4,4096,compression/output,1.3134536362028717,maximize,7.6305246167086915,False,minimize storage/useful bytes and maximize useful throughput,undefined; nondominance is not a scalar winner rule,"[""7e1d0a4983ead54a96fbe005"",""5c6c1f0948e804a32cc390ad"",""3ee6160c89ac1d76a9841edd""]"
0ce3149f29afdab44edb,1c43d80705b786c6ca09,pr160-cold-storage,damacy,damacy,random12,full-scan,local block storage,random12-lz4-256-64,262144,"[2,256,256]",lz4,65536,compression/output,1.324628888728375,maximize,7.509780627860471,False,minimize storage/useful bytes and maximize useful throughput,undefined; nondominance is not a scalar winner rule,"[""a5bca7d5605f500959d86d79"",""fc89d901165e1c6b781b8b33"",""0af2b4e9b80148d2e1345a69""]"
0ce3149f29afdab44edb,201cb51507fdfc3b4dd2,pr160-cold-storage,damacy,damacy,random12,full-scan,local block storage,random12-zstd-64-64,65536,"[1,128,256]",zstd,65536,compression/output,1.3281181820074004,maximize,6.06006655212471,False,minimize storage/useful bytes and maximize useful throughput,undefined; nondominance is not a scalar winner rule,"[""0979df1eb1ea12f843b13d5e"",""e2362269c063400a75a02226"",""994718660c248677a3bcd66e""]"
0ce3149f29afdab44edb,2502d8c3aaa8245aa4ca,pr160-cold-storage,damacy,damacy,random12,full-scan,local block storage,random12-lz4-1024-4,1048576,"[8,256,256]",lz4,4096,compression/output,1.3136115983547043,maximize,8.480262719698967,False,minimize storage/useful bytes and maximize useful throughput,undefined; nondominance is not a scalar winner rule,"[""e06f0efad5de0c0dad69be20"",""2c4b71e225ac4834a9882bc7"",""842ddf6c2dc85d89c18c7d82""]"
0ce3149f29afdab44edb,2d3b1e1678e0d3c93a81,pr160-cold-storage,damacy,damacy,random12,full-scan,local block storage,random12-lz4-1024-16,1048576,"[8,256,256]",lz4,16384,compression/output,1.322197120100801,maximize,8.366866736471867,False,minimize storage/useful bytes and maximize useful throughput,undefined; nondominance is not a scalar winner rule,"[""b456fe925b6b79367794f339"",""a1d4d3c464d8c6e505b3b425"",""8693bf6770a8fa58a02d7b41""]"
0ce3149f29afdab44edb,300a77815cded4551553,pr160-cold-storage,damacy,damacy,random12,full-scan,local block storage,random12-lz4-1024-1024,1048576,"[8,256,256]",lz4,1048576,compression/output,1.326050803639542,maximize,8.649196369845638,False,minimize storage/useful bytes and maximize useful throughput,undefined; nondominance is not a scalar winner rule,"[""033bdf029a912262b467abb5"",""48edb7bca81acde8d32a48e7"",""4176965efb37bfdc794fe6f5""]"
0ce3149f29afdab44edb,37bb0cdf2cc1d27dc19d,pr160-cold-storage,damacy,damacy,random12,full-scan,local block storage,random12-lz4-16-4,16384,"[1,64,128]",lz4,4096,compression/output,1.310302353520864,maximize,3.145088452405954,False,minimize storage/useful bytes and maximize useful throughput,undefined; nondominance is not a scalar winner rule,"[""00a2b422b4f7c7e4de421b28"",""de01b39801754bf84553c7b7"",""b948c5eb20f04e59689c683e""]"
0ce3149f29afdab44edb,387338876c50ecf45193,pr160-cold-storage,damacy,damacy,random12,full-scan,local block storage,random12-zstd-1024-4,1048576,"[8,256,256]",zstd,4096,compression/output,1.3165857951234847,maximize,9.015557876412423,False,minimize storage/useful bytes and maximize useful throughput,undefined; nondominance is not a scalar winner rule,"[""222c4bb6af207f64ed002b34"",""4139a6d27239e7b37c1b60ba"",""f5614713dbdcb48f2aa96b92""]"
0ce3149f29afdab44edb,3c3768c17a19bf81604f,pr160-cold-storage,damacy,damacy,random12,full-scan,local block storage,random12-zstd-1024-64,1048576,"[8,256,256]",zstd,65536,compression/output,1.3289261215877648,maximize,8.926407748242442,True,minimize storage/useful bytes and maximize useful throughput,undefined; nondominance is not a scalar winner rule,"[""e79db3ffcecf93bd4ddcd3d6"",""f902ca98719046961853c9b8"",""e0d6fa10f489680969c36e27""]"
0ce3149f29afdab44edb,474d584a10f2fcba70d0,pr160-cold-storage,damacy,damacy,random12,full-scan,local block storage,random12-zstd-1024-128,1048576,"[8,256,256]",zstd,131072,compression/output,1.3315840358922637,maximize,8.433641544496636,False,minimize storage/useful bytes and maximize useful throughput,undefined; nondominance is not a scalar winner rule,"[""9f8531a7c514a8693a0d611a"",""b484362f50e32f13c3b3b775"",""76d21d417320d3a287daaad4""]"
0ce3149f29afdab44edb,4881a2d1bd15d5d22e65,pr160-cold-storage,damacy,damacy,random12,full-scan,local block storage,random12-lz4-256-16,262144,"[2,256,256]",lz4,16384,compression/output,1.322037086504447,maximize,7.242086847454675,False,minimize storage/useful bytes and maximize useful throughput,undefined; nondominance is not a scalar winner rule,"[""a3024db9eb073f38759feb93"",""800c9fc2292580e265c1311d"",""61c0dcb8cd6bbf61c60ab29b""]"
0ce3149f29afdab44edb,55e70131286943326999,pr160-cold-storage,damacy,damacy,random12,full-scan,local block storage,random12-zstd-64-32,65536,"[1,128,256]",zstd,32768,compression/output,1.3265861726409294,maximize,5.922236902845937,False,minimize storage/useful bytes and maximize useful throughput,undefined; nondominance is not a scalar winner rule,"[""76752ee4aec5cb101b0b7f6b"",""9132a9ffa5b043a05db53510"",""668a5d8127a8ac250841cfb2""]"
0ce3149f29afdab44edb,567f63e323e9481e0bae,pr160-cold-storage,damacy,damacy,random12,full-scan,local block storage,random12-lz4-1024-512,1048576,"[8,256,256]",lz4,524288,compression/output,1.3259116374416209,maximize,8.894422016826747,False,minimize storage/useful bytes and maximize useful throughput,undefined; nondominance is not a scalar winner rule,"[""ec8c10ec4b1d71e4b846780f"",""001081d11b672954d933bd73"",""0e8995183f2027eba59ad6d9""]"
0ce3149f29afdab44edb,578843a0f97b9a41edeb,pr160-cold-storage,damacy,damacy,random12,full-scan,local block storage,random12-zstd-1024-16,1048576,"[8,256,256]",zstd,16384,compression/output,1.3287369985455217,maximize,8.341152034868317,False,minimize storage/useful bytes and maximize useful throughput,undefined; nondominance is not a scalar winner rule,"[""4eba4f8942046e6f9d9968f8"",""ee9c7f2c02394b96014226f2"",""54f1fe5bd34a425fe2a196ff""]"
0ce3149f29afdab44edb,584c2108ffaeadd28d9a,pr160-cold-storage,damacy,damacy,random12,full-scan,local block storage,random12-zstd-256-4,262144,"[2,256,256]",zstd,4096,compression/output,1.3164271169091502,maximize,7.162266770293214,False,minimize storage/useful bytes and maximize useful throughput,undefined; nondominance is not a scalar winner rule,"[""b98df353db3576ecfbb1fb54"",""5b27a735bd007d463854ef4a"",""8b6d64a0eb4c52236c546fa5""]"
0ce3149f29afdab44edb,5dc59e5b578d6793ddba,pr160-cold-storage,damacy,damacy,random12,full-scan,local block storage,random12-lz4-64-64,65536,"[1,128,256]",lz4,65536,compression/output,1.3239866313040163,maximize,5.906003135439732,False,minimize storage/useful bytes and maximize useful throughput,undefined; nondominance is not a scalar winner rule,"[""e23ec92e2bda08178199467a"",""7b0fbd2b836e87289625b4ce"",""bfd1ca2f79c7b275fc76aaa3""]"
0ce3149f29afdab44edb,8a00f2a4a827d25acdcd,pr160-cold-storage,damacy,damacy,random12,full-scan,local block storage,random12-lz4-1024-8,1048576,"[8,256,256]",lz4,8192,compression/output,1.3193228117249562,maximize,9.113919211890387,True,minimize storage/useful bytes and maximize useful throughput,undefined; nondominance is not a scalar winner rule,"[""4bb6ccca324146b1b4c31821"",""ef92e0826fb491fb532a3563"",""a096f70e42967917a088ff58""]"
0ce3149f29afdab44edb,8a14e0775448d8b91223,pr160-cold-storage,damacy,damacy,random12,full-scan,local block storage,random12-lz4-256-128,262144,"[2,256,256]",lz4,131072,compression/output,1.3251911312344502,maximize,7.525185260601572,False,minimize storage/useful bytes and maximize useful throughput,undefined; nondominance is not a scalar winner rule,"[""ee4eccd88bb75e65b7e20272"",""c30497bd1672db6d42a52ab4"",""0456de2ae3d3c50d1bd79e07""]"
0ce3149f29afdab44edb,8bbaef525b89284e44b5,pr160-cold-storage,damacy,damacy,random12,full-scan,local block storage,random12-zstd-16-8,16384,"[1,64,128]",zstd,8192,compression/output,1.3219296406156924,maximize,3.156496365774227,False,minimize storage/useful bytes and maximize useful throughput,undefined; nondominance is not a scalar winner rule,"[""4fe87a37cce9b2efe8d5a5a3"",""243c2882069732e1c7991e94"",""bfcb0675c52d8f69a5f19775""]"
0ce3149f29afdab44edb,961e0fe44a5a775b7967,pr160-cold-storage,damacy,damacy,random12,full-scan,local block storage,random12-zstd-64-16,65536,"[1,128,256]",zstd,16384,compression/output,1.3279292888390097,maximize,5.745450342029152,False,minimize storage/useful bytes and maximize useful throughput,undefined; nondominance is not a scalar winner rule,"[""3406699fab1e2a49b64dd1b1"",""3a980c2708f4a2787a634d0b"",""9a7f631dd64c80183966b5c1""]"
0ce3149f29afdab44edb,989e3eaafae313ef4e1f,pr160-cold-storage,damacy,damacy,random12,full-scan,local block storage,random12-zstd-1024-1024,1048576,"[8,256,256]",zstd,1048576,compression/output,1.333206182261777,maximize,8.583526881275933,True,minimize storage/useful bytes and maximize useful throughput,undefined; nondominance is not a scalar winner rule,"[""4862984b65dc18cac729e700"",""06470e3a43e6a5f414eb3c64"",""9c6619fbd31460c6f381b881""]"
0ce3149f29afdab44edb,9b4a1e97349b3b2c81c9,pr160-cold-storage,damacy,damacy,random12,full-scan,local block storage,random12-lz4-16-8,16384,"[1,64,128]",lz4,8192,compression/output,1.3159848147616393,maximize,3.2056500359162423,False,minimize storage/useful bytes and maximize useful throughput,undefined; nondominance is not a scalar winner rule,"[""e9bbce20e6e83af6d7c70a6e"",""d78be7f0ddfcf7a1767de42d"",""065468d46838e71c4a887e0c""]"
0ce3149f29afdab44edb,9e0969f84832c69c16f7,pr160-cold-storage,damacy,damacy,random12,full-scan,local block storage,random12-lz4-64-16,65536,"[1,128,256]",lz4,16384,compression/output,1.3213973393284457,maximize,5.793334874467564,False,minimize storage/useful bytes and maximize useful throughput,undefined; nondominance is not a scalar winner rule,"[""ebc181b56c0f87666b883c62"",""6df91440a8a48a2c99de8faf"",""696c86ff7943a9069a1813c8""]"
0ce3149f29afdab44edb,9fa1583efddcdc6b3c84,pr160-cold-storage,damacy,damacy,random12,full-scan,local block storage,random12-zstd-1024-32,1048576,"[8,256,256]",zstd,32768,compression/output,1.3273922487836176,maximize,9.030956056963474,True,minimize storage/useful bytes and maximize useful throughput,undefined; nondominance is not a scalar winner rule,"[""d48ea89ffad463b54d5d4d5f"",""9a0d843440a7475bf8655ca9"",""993e383e5afb94834cf450e4""]"
0ce3149f29afdab44edb,a68a21031d595bc1442d,pr160-cold-storage,damacy,damacy,random12,full-scan,local block storage,random12-zstd-256-32,262144,"[2,256,256]",zstd,32768,compression/output,1.3272309551969836,maximize,7.2594482596796395,False,minimize storage/useful bytes and maximize useful throughput,undefined; nondominance is not a scalar winner rule,"[""944a3c07e51958e29cff4f40"",""41381d1bcde01b03741577a6"",""4b2637c0dd779b09060f8252""]"
0ce3149f29afdab44edb,aa791410862afa7a0747,pr160-cold-storage,damacy,damacy,random12,full-scan,local block storage,random12-zstd-256-256,262144,"[2,256,256]",zstd,262144,compression/output,1.3327503568918522,maximize,7.367147042710895,False,minimize storage/useful bytes and maximize useful throughput,undefined; nondominance is not a scalar winner rule,"[""798476a5ebeedd055e98de80"",""8e95d988ba567ef8111b15b3"",""71d9948fb0ecb3632469c734""]"
0ce3149f29afdab44edb,ab373ea1377831fc1835,pr160-cold-storage,damacy,damacy,random12,full-scan,local block storage,random12-zstd-1024-8,1048576,"[8,256,256]",zstd,8192,compression/output,1.3252979298063237,maximize,8.828182527061323,False,minimize storage/useful bytes and maximize useful throughput,undefined; nondominance is not a scalar winner rule,"[""b20c213f1da9ee8ccbd9b066"",""085ac4cb7f981525a56d03f4"",""5cd48f6e99618dba37373459""]"
0ce3149f29afdab44edb,ab5a8c50da6ffa132066,pr160-cold-storage,damacy,damacy,random12,full-scan,local block storage,random12-lz4-64-32,65536,"[1,128,256]",lz4,32768,compression/output,1.3231045480799037,maximize,5.884037657293584,False,minimize storage/useful bytes and maximize useful throughput,undefined; nondominance is not a scalar winner rule,"[""d02ad90b6520841c576d4fc4"",""bb53cba4d847018b2fcd07ff"",""2ba82d9b381f280d5839010a""]"
0ce3149f29afdab44edb,ae9434ca8db77a933bba,pr160-cold-storage,damacy,damacy,random12,full-scan,local block storage,random12-lz4-64-4,65536,"[1,128,256]",lz4,4096,compression/output,1.312822167312731,maximize,6.04840165293406,False,minimize storage/useful bytes and maximize useful throughput,undefined; nondominance is not a scalar winner rule,"[""83a4a0dc758390cd937d4054"",""8ee570cb8c253012c421aeb7"",""98c24a7873d70e8c98c4ab0a""]"
0ce3149f29afdab44edb,aeaf3658ef58fcca4e4b,pr160-cold-storage,damacy,damacy,random12,full-scan,local block storage,random12-lz4-1024-32,1048576,"[8,256,256]",lz4,32768,compression/output,1.3239063974034677,maximize,8.041639372965339,False,minimize storage/useful bytes and maximize useful throughput,undefined; nondominance is not a scalar winner rule,"[""aa2b8fd7c702cf365eb959f2"",""960f608925a5401da1169b93"",""b5ed05bfadcbf510017a8f5d""]"
0ce3149f29afdab44edb,b5f6829e57bf8c9ba2f7,pr160-cold-storage,damacy,damacy,random12,full-scan,local block storage,random12-zstd-1024-512,1048576,"[8,256,256]",zstd,524288,compression/output,1.3331773662243949,maximize,8.663575595966623,True,minimize storage/useful bytes and maximize useful throughput,undefined; nondominance is not a scalar winner rule,"[""d2909c9d59968c1f568ce86c"",""c1cbb743223b5febb5d63e51"",""a325b5f9e003db233b27be93""]"
0ce3149f29afdab44edb,ba9952543c956503add1,pr160-cold-storage,damacy,damacy,random12,full-scan,local block storage,random12-zstd-256-64,262144,"[2,256,256]",zstd,65536,compression/output,1.3287644550417068,maximize,7.37186834671918,False,minimize storage/useful bytes and maximize useful throughput,undefined; nondominance is not a scalar winner rule,"[""62e058f35fff03eb63165d4e"",""da9d83b069df0768edd2daa8"",""fd2863ca1beb3ca4faf35016""]"
0ce3149f29afdab44edb,c0d31927a0972a673ee5,pr160-cold-storage,damacy,damacy,random12,full-scan,local block storage,random12-lz4-16-16,16384,"[1,64,128]",lz4,16384,compression/output,1.3188445768380552,maximize,3.3653869171375335,False,minimize storage/useful bytes and maximize useful throughput,undefined; nondominance is not a scalar winner rule,"[""b25c98064cf10a2a4d2d03c1"",""494851df80e28ccfe91bc599"",""f606c89a54644642483ec80d""]"
0ce3149f29afdab44edb,c3f8723aebeda92b815e,pr160-cold-storage,damacy,damacy,random12,full-scan,local block storage,random12-zstd-256-128,262144,"[2,256,256]",zstd,131072,compression/output,1.331421722057718,maximize,7.638176885299311,False,minimize storage/useful bytes and maximize useful throughput,undefined; nondominance is not a scalar winner rule,"[""7889b35b96278ea4ae6a4dcb"",""406433b16793e385d620b4d1"",""72ede41d9931bbe6e5c0f8b0""]"
0ce3149f29afdab44edb,d6c0ec90488c1d8cc58b,pr160-cold-storage,damacy,damacy,random12,full-scan,local block storage,random12-lz4-256-32,262144,"[2,256,256]",lz4,32768,compression/output,1.3237459497962163,maximize,7.37692383433234,False,minimize storage/useful bytes and maximize useful throughput,undefined; nondominance is not a scalar winner rule,"[""d2f8f8422285486cc5616e48"",""735baedce7f552de741cdbc7"",""601fde75f231b4daa7cadb4e""]"
0ce3149f29afdab44edb,d6c3482bb5ae07da48e4,pr160-cold-storage,damacy,damacy,random12,full-scan,local block storage,random12-lz4-1024-64,1048576,"[8,256,256]",lz4,65536,compression/output,1.3247895504571978,maximize,8.959131460848104,False,minimize storage/useful bytes and maximize useful throughput,undefined; nondominance is not a scalar winner rule,"[""f01a5f35450492015f4d260a"",""66878381e91bb7c302b8874a"",""604577ac62312e4590199301""]"
0ce3149f29afdab44edb,ded9bbb1cd18c50e85be,pr160-cold-storage,damacy,damacy,random12,full-scan,local block storage,random12-lz4-256-256,262144,"[2,256,256]",lz4,262144,compression/output,1.3255328485955196,maximize,7.186980142939005,False,minimize storage/useful bytes and maximize useful throughput,undefined; nondominance is not a scalar winner rule,"[""e5b4fb9754c43d48c6f8c733"",""c3242da499b7dca2d3fb4f22"",""8d74da003aa2fe498e09dfbf""]"
0ce3149f29afdab44edb,e056cf51f10d7ca91e1f,pr160-cold-storage,damacy,damacy,random12,full-scan,local block storage,random12-zstd-1024-256,1048576,"[8,256,256]",zstd,262144,compression/output,1.332912994855988,maximize,8.801262134663874,True,minimize storage/useful bytes and maximize useful throughput,undefined; nondominance is not a scalar winner rule,"[""6f119ee7e5504d105f23ae6a"",""784f59e096284df34280b324"",""0441b36fc1ea7fcce366c46d""]"
0ce3149f29afdab44edb,e208bf7d15d0d9cdba88,pr160-cold-storage,damacy,damacy,random12,full-scan,local block storage,random12-zstd-256-16,262144,"[2,256,256]",zstd,16384,compression/output,1.3285753780077916,maximize,7.216189468772513,False,minimize storage/useful bytes and maximize useful throughput,undefined; nondominance is not a scalar winner rule,"[""ee46e1b5f676af464b62cf05"",""91c0017a76f2907c5355666b"",""ac21d2fe0386beeb1bed1c62""]"
0ce3149f29afdab44edb,e5816b309c944cf52127,pr160-cold-storage,damacy,damacy,random12,full-scan,local block storage,random12-lz4-1024-128,1048576,"[8,256,256]",lz4,131072,compression/output,1.325351929387153,maximize,8.509477311214619,False,minimize storage/useful bytes and maximize useful throughput,undefined; nondominance is not a scalar winner rule,"[""ae1129913883cbfcd1614034"",""f65198f7eb2ae3e54f42c9ee"",""62d975ea0c3a7a08028b33ee""]"
0ce3149f29afdab44edb,edc7a82c69e7b229ab6f,pr160-cold-storage,damacy,damacy,random12,full-scan,local block storage,random12-zstd-64-4,65536,"[1,128,256]",zstd,4096,compression/output,1.3157927863534167,maximize,6.033414047818008,False,minimize storage/useful bytes and maximize useful throughput,undefined; nondominance is not a scalar winner rule,"[""b260e7c19a014705f97166bb"",""9f62beabd07f77b161f74ff2"",""8de458ce422b0dca8776798d""]"
0ce3149f29afdab44edb,ef24d9a23aaf1980e100,pr160-cold-storage,damacy,damacy,random12,full-scan,local block storage,random12-zstd-256-8,262144,"[2,256,256]",zstd,8192,compression/output,1.3251371447555436,maximize,7.440000915534162,False,minimize storage/useful bytes and maximize useful throughput,undefined; nondominance is not a scalar winner rule,"[""f38caef61d1ec57721ecab56"",""dfe9b276ef6fe9a4ca1fa949"",""adcd5d127a6fead12b2eb991""]"
0ce3149f29afdab44edb,f111e188d6c05eb28665,pr160-cold-storage,damacy,damacy,random12,full-scan,local block storage,random12-zstd-16-4,16384,"[1,64,128]",zstd,4096,compression/output,1.3132615402140475,maximize,3.1840932751338626,False,minimize storage/useful bytes and maximize useful throughput,undefined; nondominance is not a scalar winner rule,"[""2642a9d93a8abc3973e2a0a9"",""8fc58575c0ead7da88a8d1c3"",""2539049c784500b7b0c85007""]"
0ce3149f29afdab44edb,f3346bb9b90eeddbb602,pr160-cold-storage,damacy,damacy,random12,full-scan,local block storage,random12-lz4-256-8,262144,"[2,256,256]",lz4,8192,compression/output,1.319163473120603,maximize,7.327230541464468,False,minimize storage/useful bytes and maximize useful throughput,undefined; nondominance is not a scalar winner rule,"[""e67dca9189e5d814a0647ef6"",""5884c69ee32b74e555edc264"",""011f34f3854eeb340994603d""]"
0ce3149f29afdab44edb,01457024c4f8d52dd676,pr160-cold-storage,damacy,damacy,random12,full-scan,local block storage,random12-zstd-64-8,65536,"[1,128,256]",zstd,8192,encoded-traffic/output,0.7547609384637326,minimize,5.8699964390452,False,minimize storage/useful bytes and maximize useful throughput,undefined; nondominance is not a scalar winner rule,"[""68a33f17145d24ef198d8070"",""fa0ffc9b28acd73192b2e0ca"",""c63abc51484e499b071cf4f6""]"
0ce3149f29afdab44edb,06c3ba8fbc48c8278309,pr160-cold-storage,damacy,damacy,random12,full-scan,local block storage,random12-lz4-64-8,65536,"[1,128,256]",lz4,8192,encoded-traffic/output,0.7581782289780676,minimize,5.921966138295515,False,minimize storage/useful bytes and maximize useful throughput,undefined; nondominance is not a scalar winner rule,"[""f9ea2a0c08c118706541d930"",""c6e9d0435d72f8b871383850"",""0e38a4ad971bec1df3c99276""]"
0ce3149f29afdab44edb,07e02f434d54d22b0693,pr160-cold-storage,damacy,damacy,random12,full-scan,local block storage,random12-lz4-1024-256,1048576,"[8,256,256]",lz4,262144,encoded-traffic/output,0.7543067785445601,minimize,8.492422507631439,False,minimize storage/useful bytes and maximize useful throughput,undefined; nondominance is not a scalar winner rule,"[""6ec2665cd4ce50106a24a004"",""977a47b85e01046ac077e707"",""a4db8b401434eebe674da359""]"
0ce3149f29afdab44edb,0cbf1c5cf595f0a468ab,pr160-cold-storage,damacy,damacy,random12,full-scan,local block storage,random12-zstd-16-16,16384,"[1,64,128]",zstd,16384,encoded-traffic/output,0.75354043697007,minimize,3.161649313507337,False,minimize storage/useful bytes and maximize useful throughput,undefined; nondominance is not a scalar winner rule,"[""9ea695d489c8a2dd25f41347"",""736e88e0019ef4810cb324bb"",""19f242bdcf535e79cc5a4322""]"
0ce3149f29afdab44edb,1b9612b0c1ba23f0072b,pr160-cold-storage,damacy,damacy,random12,full-scan,local block storage,random12-lz4-256-4,262144,"[2,256,256]",lz4,4096,encoded-traffic/output,0.7612905402202159,minimize,7.6305246167086915,False,minimize storage/useful bytes and maximize useful throughput,undefined; nondominance is not a scalar winner rule,"[""7e1d0a4983ead54a96fbe005"",""5c6c1f0948e804a32cc390ad"",""3ee6160c89ac1d76a9841edd""]"
0ce3149f29afdab44edb,1c43d80705b786c6ca09,pr160-cold-storage,damacy,damacy,random12,full-scan,local block storage,random12-lz4-256-64,262144,"[2,256,256]",lz4,65536,encoded-traffic/output,0.7548673856072128,minimize,7.509780627860471,False,minimize storage/useful bytes and maximize useful throughput,undefined; nondominance is not a scalar winner rule,"[""a5bca7d5605f500959d86d79"",""fc89d901165e1c6b781b8b33"",""0af2b4e9b80148d2e1345a69""]"
0ce3149f29afdab44edb,201cb51507fdfc3b4dd2,pr160-cold-storage,damacy,damacy,random12,full-scan,local block storage,random12-zstd-64-64,65536,"[1,128,256]",zstd,65536,encoded-traffic/output,0.7527008973993361,minimize,6.06006655212471,False,minimize storage/useful bytes and maximize useful throughput,undefined; nondominance is not a scalar winner rule,"[""0979df1eb1ea12f843b13d5e"",""e2362269c063400a75a02226"",""994718660c248677a3bcd66e""]"
0ce3149f29afdab44edb,2502d8c3aaa8245aa4ca,pr160-cold-storage,damacy,damacy,random12,full-scan,local block storage,random12-lz4-1024-4,1048576,"[8,256,256]",lz4,4096,encoded-traffic/output,0.7612447638530284,minimize,8.480262719698967,False,minimize storage/useful bytes and maximize useful throughput,undefined; nondominance is not a scalar winner rule,"[""e06f0efad5de0c0dad69be20"",""2c4b71e225ac4834a9882bc7"",""842ddf6c2dc85d89c18c7d82""]"
0ce3149f29afdab44edb,2d3b1e1678e0d3c93a81,pr160-cold-storage,damacy,damacy,random12,full-scan,local block storage,random12-lz4-1024-16,1048576,"[8,256,256]",lz4,16384,encoded-traffic/output,0.7563016170170158,minimize,8.366866736471867,False,minimize storage/useful bytes and maximize useful throughput,undefined; nondominance is not a scalar winner rule,"[""b456fe925b6b79367794f339"",""a1d4d3c464d8c6e505b3b425"",""8693bf6770a8fa58a02d7b41""]"
0ce3149f29afdab44edb,300a77815cded4551553,pr160-cold-storage,damacy,damacy,random12,full-scan,local block storage,random12-lz4-1024-1024,1048576,"[8,256,256]",lz4,1048576,encoded-traffic/output,0.7541036575566977,minimize,8.649196369845638,False,minimize storage/useful bytes and maximize useful throughput,undefined; nondominance is not a scalar winner rule,"[""033bdf029a912262b467abb5"",""48edb7bca81acde8d32a48e7"",""4176965efb37bfdc794fe6f5""]"
0ce3149f29afdab44edb,37bb0cdf2cc1d27dc19d,pr160-cold-storage,damacy,damacy,random12,full-scan,local block storage,random12-lz4-16-4,16384,"[1,64,128]",lz4,4096,encoded-traffic/output,0.7622060666326433,minimize,3.145088452405954,False,minimize storage/useful bytes and maximize useful throughput,undefined; nondominance is not a scalar winner rule,"[""00a2b422b4f7c7e4de421b28"",""de01b39801754bf84553c7b7"",""b948c5eb20f04e59689c683e""]"
0ce3149f29afdab44edb,387338876c50ecf45193,pr160-cold-storage,damacy,damacy,random12,full-scan,local block storage,random12-zstd-1024-4,1048576,"[8,256,256]",zstd,4096,encoded-traffic/output,0.7595250604208559,minimize,9.015557876412423,False,minimize storage/useful bytes and maximize useful throughput,undefined; nondominance is not a scalar winner rule,"[""222c4bb6af207f64ed002b34"",""4139a6d27239e7b37c1b60ba"",""f5614713dbdcb48f2aa96b92""]"
0ce3149f29afdab44edb,3c3768c17a19bf81604f,pr160-cold-storage,damacy,damacy,random12,full-scan,local block storage,random12-zstd-1024-64,1048576,"[8,256,256]",zstd,65536,encoded-traffic/output,0.7524720155633986,minimize,8.926407748242442,True,minimize storage/useful bytes and maximize useful throughput,undefined; nondominance is not a scalar winner rule,"[""e79db3ffcecf93bd4ddcd3d6"",""f902ca98719046961853c9b8"",""e0d6fa10f489680969c36e27""]"
0ce3149f29afdab44edb,474d584a10f2fcba70d0,pr160-cold-storage,damacy,damacy,random12,full-scan,local block storage,random12-zstd-1024-128,1048576,"[8,256,256]",zstd,131072,encoded-traffic/output,0.7509700099471956,minimize,8.433641544496636,False,minimize storage/useful bytes and maximize useful throughput,undefined; nondominance is not a scalar winner rule,"[""9f8531a7c514a8693a0d611a"",""b484362f50e32f13c3b3b775"",""76d21d417320d3a287daaad4""]"
0ce3149f29afdab44edb,4881a2d1bd15d5d22e65,pr160-cold-storage,damacy,damacy,random12,full-scan,local block storage,random12-lz4-256-16,262144,"[2,256,256]",lz4,16384,encoded-traffic/output,0.7563473933842033,minimize,7.242086847454675,False,minimize storage/useful bytes and maximize useful throughput,undefined; nondominance is not a scalar winner rule,"[""a3024db9eb073f38759feb93"",""800c9fc2292580e265c1311d"",""61c0dcb8cd6bbf61c60ab29b""]"
0ce3149f29afdab44edb,55e70131286943326999,pr160-cold-storage,damacy,damacy,random12,full-scan,local block storage,random12-zstd-64-32,65536,"[1,128,256]",zstd,32768,encoded-traffic/output,0.7535704367328435,minimize,5.922236902845937,False,minimize storage/useful bytes and maximize useful throughput,undefined; nondominance is not a scalar winner rule,"[""76752ee4aec5cb101b0b7f6b"",""9132a9ffa5b043a05db53510"",""668a5d8127a8ac250841cfb2""]"
0ce3149f29afdab44edb,567f63e323e9481e0bae,pr160-cold-storage,damacy,damacy,random12,full-scan,local block storage,random12-lz4-1024-512,1048576,"[8,256,256]",lz4,524288,encoded-traffic/output,0.7541828090324998,minimize,8.894422016826747,False,minimize storage/useful bytes and maximize useful throughput,undefined; nondominance is not a scalar winner rule,"[""ec8c10ec4b1d71e4b846780f"",""001081d11b672954d933bd73"",""0e8995183f2027eba59ad6d9""]"
0ce3149f29afdab44edb,578843a0f97b9a41edeb,pr160-cold-storage,damacy,damacy,random12,full-scan,local block storage,random12-zstd-1024-16,1048576,"[8,256,256]",zstd,16384,encoded-traffic/output,0.7525791192892939,minimize,8.341152034868317,False,minimize storage/useful bytes and maximize useful throughput,undefined; nondominance is not a scalar winner rule,"[""4eba4f8942046e6f9d9968f8"",""ee9c7f2c02394b96014226f2"",""54f1fe5bd34a425fe2a196ff""]"
0ce3149f29afdab44edb,584c2108ffaeadd28d9a,pr160-cold-storage,damacy,damacy,random12,full-scan,local block storage,random12-zstd-256-4,262144,"[2,256,256]",zstd,4096,encoded-traffic/output,0.7595708367880434,minimize,7.162266770293214,False,minimize storage/useful bytes and maximize useful throughput,undefined; nondominance is not a scalar winner rule,"[""b98df353db3576ecfbb1fb54"",""5b27a735bd007d463854ef4a"",""8b6d64a0eb4c52236c546fa5""]"
0ce3149f29afdab44edb,5dc59e5b578d6793ddba,pr160-cold-storage,damacy,damacy,random12,full-scan,local block storage,random12-lz4-64-64,65536,"[1,128,256]",lz4,65536,encoded-traffic/output,0.7550504910759628,minimize,5.906003135439732,False,minimize storage/useful bytes and maximize useful throughput,undefined; nondominance is not a scalar winner rule,"[""e23ec92e2bda08178199467a"",""7b0fbd2b836e87289625b4ce"",""bfd1ca2f79c7b275fc76aaa3""]"
0ce3149f29afdab44edb,8a00f2a4a827d25acdcd,pr160-cold-storage,damacy,damacy,random12,full-scan,local block storage,random12-lz4-1024-8,1048576,"[8,256,256]",lz4,8192,encoded-traffic/output,0.7579493471421301,minimize,9.113919211890387,True,minimize storage/useful bytes and maximize useful throughput,undefined; nondominance is not a scalar winner rule,"[""4bb6ccca324146b1b4c31821"",""ef92e0826fb491fb532a3563"",""a096f70e42967917a088ff58""]"
0ce3149f29afdab44edb,8a14e0775448d8b91223,pr160-cold-storage,damacy,damacy,random12,full-scan,local block storage,random12-lz4-256-128,262144,"[2,256,256]",lz4,131072,encoded-traffic/output,0.7545470900367945,minimize,7.525185260601572,False,minimize storage/useful bytes and maximize useful throughput,undefined; nondominance is not a scalar winner rule,"[""ee4eccd88bb75e65b7e20272"",""c30497bd1672db6d42a52ab4"",""0456de2ae3d3c50d1bd79e07""]"
0ce3149f29afdab44edb,8bbaef525b89284e44b5,pr160-cold-storage,damacy,damacy,random12,full-scan,local block storage,random12-zstd-16-8,16384,"[1,64,128]",zstd,8192,encoded-traffic/output,0.7554933466017246,minimize,3.156496365774227,False,minimize storage/useful bytes and maximize useful throughput,undefined; nondominance is not a scalar winner rule,"[""4fe87a37cce9b2efe8d5a5a3"",""243c2882069732e1c7991e94"",""bfcb0675c52d8f69a5f19775""]"
0ce3149f29afdab44edb,961e0fe44a5a775b7967,pr160-cold-storage,damacy,damacy,random12,full-scan,local block storage,random12-zstd-64-16,65536,"[1,128,256]",zstd,16384,encoded-traffic/output,0.7528080011252314,minimize,5.745450342029152,False,minimize storage/useful bytes and maximize useful throughput,undefined; nondominance is not a scalar winner rule,"[""3406699fab1e2a49b64dd1b1"",""3a980c2708f4a2787a634d0b"",""9a7f631dd64c80183966b5c1""]"
0ce3149f29afdab44edb,989e3eaafae313ef4e1f,pr160-cold-storage,damacy,damacy,random12,full-scan,local block storage,random12-zstd-1024-1024,1048576,"[8,256,256]",zstd,1048576,encoded-traffic/output,0.750056266784668,minimize,8.583526881275933,True,minimize storage/useful bytes and maximize useful throughput,undefined; nondominance is not a scalar winner rule,"[""4862984b65dc18cac729e700"",""06470e3a43e6a5f414eb3c64"",""9c6619fbd31460c6f381b881""]"
0ce3149f29afdab44edb,9b4a1e97349b3b2c81c9,pr160-cold-storage,damacy,damacy,random12,full-scan,local block storage,random12-lz4-16-8,16384,"[1,64,128]",lz4,8192,encoded-traffic/output,0.7589106215164065,minimize,3.2056500359162423,False,minimize storage/useful bytes and maximize useful throughput,undefined; nondominance is not a scalar winner rule,"[""e9bbce20e6e83af6d7c70a6e"",""d78be7f0ddfcf7a1767de42d"",""065468d46838e71c4a887e0c""]"
0ce3149f29afdab44edb,9e0969f84832c69c16f7,pr160-cold-storage,damacy,damacy,random12,full-scan,local block storage,random12-lz4-64-16,65536,"[1,128,256]",lz4,16384,encoded-traffic/output,0.7565304988529533,minimize,5.793334874467564,False,minimize storage/useful bytes and maximize useful throughput,undefined; nondominance is not a scalar winner rule,"[""ebc181b56c0f87666b883c62"",""6df91440a8a48a2c99de8faf"",""696c86ff7943a9069a1813c8""]"
0ce3149f29afdab44edb,9fa1583efddcdc6b3c84,pr160-cold-storage,damacy,damacy,random12,full-scan,local block storage,random12-zstd-1024-32,1048576,"[8,256,256]",zstd,32768,encoded-traffic/output,0.753341554896906,minimize,9.030956056963474,True,minimize storage/useful bytes and maximize useful throughput,undefined; nondominance is not a scalar winner rule,"[""d48ea89ffad463b54d5d4d5f"",""9a0d843440a7475bf8655ca9"",""993e383e5afb94834cf450e4""]"
0ce3149f29afdab44edb,a68a21031d595bc1442d,pr160-cold-storage,damacy,damacy,random12,full-scan,local block storage,random12-zstd-256-32,262144,"[2,256,256]",zstd,32768,encoded-traffic/output,0.7533873312640935,minimize,7.2594482596796395,False,minimize storage/useful bytes and maximize useful throughput,undefined; nondominance is not a scalar winner rule,"[""944a3c07e51958e29cff4f40"",""41381d1bcde01b03741577a6"",""4b2637c0dd779b09060f8252""]"
0ce3149f29afdab44edb,aa791410862afa7a0747,pr160-cold-storage,damacy,damacy,random12,full-scan,local block storage,random12-zstd-256-256,262144,"[2,256,256]",zstd,262144,encoded-traffic/output,0.7502670288085938,minimize,7.367147042710895,False,minimize storage/useful bytes and maximize useful throughput,undefined; nondominance is not a scalar winner rule,"[""798476a5ebeedd055e98de80"",""8e95d988ba567ef8111b15b3"",""71d9948fb0ecb3632469c734""]"
0ce3149f29afdab44edb,ab373ea1377831fc1835,pr160-cold-storage,damacy,damacy,random12,full-scan,local block storage,random12-zstd-1024-8,1048576,"[8,256,256]",zstd,8192,encoded-traffic/output,0.7545320566277951,minimize,8.828182527061323,False,minimize storage/useful bytes and maximize useful throughput,undefined; nondominance is not a scalar winner rule,"[""b20c213f1da9ee8ccbd9b066"",""085ac4cb7f981525a56d03f4"",""5cd48f6e99618dba37373459""]"
0ce3149f29afdab44edb,ab5a8c50da6ffa132066,pr160-cold-storage,damacy,damacy,random12,full-scan,local block storage,random12-lz4-64-32,65536,"[1,128,256]",lz4,32768,encoded-traffic/output,0.7555540285538882,minimize,5.884037657293584,False,minimize storage/useful bytes and maximize useful throughput,undefined; nondominance is not a scalar winner rule,"[""d02ad90b6520841c576d4fc4"",""bb53cba4d847018b2fcd07ff"",""2ba82d9b381f280d5839010a""]"
0ce3149f29afdab44edb,ae9434ca8db77a933bba,pr160-cold-storage,damacy,damacy,random12,full-scan,local block storage,random12-lz4-64-4,65536,"[1,128,256]",lz4,4096,encoded-traffic/output,0.7614736456889659,minimize,6.04840165293406,False,minimize storage/useful bytes and maximize useful throughput,undefined; nondominance is not a scalar winner rule,"[""83a4a0dc758390cd937d4054"",""8ee570cb8c253012c421aeb7"",""98c24a7873d70e8c98c4ab0a""]"
0ce3149f29afdab44edb,aeaf3658ef58fcca4e4b,pr160-cold-storage,damacy,damacy,random12,full-scan,local block storage,random12-lz4-1024-32,1048576,"[8,256,256]",lz4,32768,encoded-traffic/output,0.7553251467179507,minimize,8.041639372965339,False,minimize storage/useful bytes and maximize useful throughput,undefined; nondominance is not a scalar winner rule,"[""aa2b8fd7c702cf365eb959f2"",""960f608925a5401da1169b93"",""b5ed05bfadcbf510017a8f5d""]"
0ce3149f29afdab44edb,b5f6829e57bf8c9ba2f7,pr160-cold-storage,damacy,damacy,random12,full-scan,local block storage,random12-zstd-1024-512,1048576,"[8,256,256]",zstd,524288,encoded-traffic/output,0.7500724792480469,minimize,8.663575595966623,True,minimize storage/useful bytes and maximize useful throughput,undefined; nondominance is not a scalar winner rule,"[""d2909c9d59968c1f568ce86c"",""c1cbb743223b5febb5d63e51"",""a325b5f9e003db233b27be93""]"
0ce3149f29afdab44edb,ba9952543c956503add1,pr160-cold-storage,damacy,damacy,random12,full-scan,local block storage,random12-zstd-256-64,262144,"[2,256,256]",zstd,65536,encoded-traffic/output,0.7525177919305861,minimize,7.37186834671918,False,minimize storage/useful bytes and maximize useful throughput,undefined; nondominance is not a scalar winner rule,"[""62e058f35fff03eb63165d4e"",""da9d83b069df0768edd2daa8"",""fd2863ca1beb3ca4faf35016""]"
0ce3149f29afdab44edb,c0d31927a0972a673ee5,pr160-cold-storage,damacy,damacy,random12,full-scan,local block storage,random12-lz4-16-16,16384,"[1,64,128]",lz4,16384,encoded-traffic/output,0.7572628939524293,minimize,3.3653869171375335,False,minimize storage/useful bytes and maximize useful throughput,undefined; nondominance is not a scalar winner rule,"[""b25c98064cf10a2a4d2d03c1"",""494851df80e28ccfe91bc599"",""f606c89a54644642483ec80d""]"
0ce3149f29afdab44edb,c3f8723aebeda92b815e,pr160-cold-storage,damacy,damacy,random12,full-scan,local block storage,random12-zstd-256-128,262144,"[2,256,256]",zstd,131072,encoded-traffic/output,0.7510157863143831,minimize,7.638176885299311,False,minimize storage/useful bytes and maximize useful throughput,undefined; nondominance is not a scalar winner rule,"[""7889b35b96278ea4ae6a4dcb"",""406433b16793e385d620b4d1"",""72ede41d9931bbe6e5c0f8b0""]"
0ce3149f29afdab44edb,d6c0ec90488c1d8cc58b,pr160-cold-storage,damacy,damacy,random12,full-scan,local block storage,random12-lz4-256-32,262144,"[2,256,256]",lz4,32768,encoded-traffic/output,0.7553709230851382,minimize,7.37692383433234,False,minimize storage/useful bytes and maximize useful throughput,undefined; nondominance is not a scalar winner rule,"[""d2f8f8422285486cc5616e48"",""735baedce7f552de741cdbc7"",""601fde75f231b4daa7cadb4e""]"
0ce3149f29afdab44edb,d6c3482bb5ae07da48e4,pr160-cold-storage,damacy,damacy,random12,full-scan,local block storage,random12-lz4-1024-64,1048576,"[8,256,256]",lz4,65536,encoded-traffic/output,0.7548216092400253,minimize,8.959131460848104,False,minimize storage/useful bytes and maximize useful throughput,undefined; nondominance is not a scalar winner rule,"[""f01a5f35450492015f4d260a"",""66878381e91bb7c302b8874a"",""604577ac62312e4590199301""]"
0ce3149f29afdab44edb,ded9bbb1cd18c50e85be,pr160-cold-storage,damacy,damacy,random12,full-scan,local block storage,random12-lz4-256-256,262144,"[2,256,256]",lz4,262144,encoded-traffic/output,0.7543525549117476,minimize,7.186980142939005,False,minimize storage/useful bytes and maximize useful throughput,undefined; nondominance is not a scalar winner rule,"[""e5b4fb9754c43d48c6f8c733"",""c3242da499b7dca2d3fb4f22"",""8d74da003aa2fe498e09dfbf""]"
0ce3149f29afdab44edb,e056cf51f10d7ca91e1f,pr160-cold-storage,damacy,damacy,random12,full-scan,local block storage,random12-zstd-1024-256,1048576,"[8,256,256]",zstd,262144,encoded-traffic/output,0.7502212524414062,minimize,8.801262134663874,True,minimize storage/useful bytes and maximize useful throughput,undefined; nondominance is not a scalar winner rule,"[""6f119ee7e5504d105f23ae6a"",""784f59e096284df34280b324"",""0441b36fc1ea7fcce366c46d""]"
0ce3149f29afdab44edb,e208bf7d15d0d9cdba88,pr160-cold-storage,damacy,damacy,random12,full-scan,local block storage,random12-zstd-256-16,262144,"[2,256,256]",zstd,16384,encoded-traffic/output,0.7526248956564814,minimize,7.216189468772513,False,minimize storage/useful bytes and maximize useful throughput,undefined; nondominance is not a scalar winner rule,"[""ee46e1b5f676af464b62cf05"",""91c0017a76f2907c5355666b"",""ac21d2fe0386beeb1bed1c62""]"
0ce3149f29afdab44edb,e5816b309c944cf52127,pr160-cold-storage,damacy,damacy,random12,full-scan,local block storage,random12-lz4-1024-128,1048576,"[8,256,256]",lz4,131072,encoded-traffic/output,0.754501313669607,minimize,8.509477311214619,False,minimize storage/useful bytes and maximize useful throughput,undefined; nondominance is not a scalar winner rule,"[""ae1129913883cbfcd1614034"",""f65198f7eb2ae3e54f42c9ee"",""62d975ea0c3a7a08028b33ee""]"
0ce3149f29afdab44edb,edc7a82c69e7b229ab6f,pr160-cold-storage,damacy,damacy,random12,full-scan,local block storage,random12-zstd-64-4,65536,"[1,128,256]",zstd,4096,encoded-traffic/output,0.7597539422567934,minimize,6.033414047818008,False,minimize storage/useful bytes and maximize useful throughput,undefined; nondominance is not a scalar winner rule,"[""b260e7c19a014705f97166bb"",""9f62beabd07f77b161f74ff2"",""8de458ce422b0dca8776798d""]"
0ce3149f29afdab44edb,ef24d9a23aaf1980e100,pr160-cold-storage,damacy,damacy,random12,full-scan,local block storage,random12-zstd-256-8,262144,"[2,256,256]",zstd,8192,encoded-traffic/output,0.7545778329949826,minimize,7.440000915534162,False,minimize storage/useful bytes and maximize useful throughput,undefined; nondominance is not a scalar winner rule,"[""f38caef61d1ec57721ecab56"",""dfe9b276ef6fe9a4ca1fa949"",""adcd5d127a6fead12b2eb991""]"
0ce3149f29afdab44edb,f111e188d6c05eb28665,pr160-cold-storage,damacy,damacy,random12,full-scan,local block storage,random12-zstd-16-4,16384,"[1,64,128]",zstd,4096,encoded-traffic/output,0.7604863788001239,minimize,3.1840932751338626,False,minimize storage/useful bytes and maximize useful throughput,undefined; nondominance is not a scalar winner rule,"[""2642a9d93a8abc3973e2a0a9"",""8fc58575c0ead7da88a8d1c3"",""2539049c784500b7b0c85007""]"
0ce3149f29afdab44edb,f3346bb9b90eeddbb602,pr160-cold-storage,damacy,damacy,random12,full-scan,local block storage,random12-lz4-256-8,262144,"[2,256,256]",lz4,8192,encoded-traffic/output,0.7579951235093176,minimize,7.327230541464468,False,minimize storage/useful bytes and maximize useful throughput,undefined; nondominance is not a scalar winner rule,"[""e67dca9189e5d814a0647ef6"",""5884c69ee32b74e555edc264"",""011f34f3854eeb340994603d""]"
0ce3149f29afdab44edb,01457024c4f8d52dd676,pr160-cold-storage,damacy,damacy,random12,full-scan,local block storage,random12-zstd-64-8,65536,"[1,128,256]",zstd,8192,local-storage-traffic/output,0.7550086975097656,minimize,5.8699964390452,False,minimize storage/useful bytes and maximize useful throughput,undefined; nondominance is not a scalar winner rule,"[""68a33f17145d24ef198d8070"",""fa0ffc9b28acd73192b2e0ca"",""c63abc51484e499b071cf4f6""]"
0ce3149f29afdab44edb,06c3ba8fbc48c8278309,pr160-cold-storage,damacy,damacy,random12,full-scan,local block storage,random12-lz4-64-8,65536,"[1,128,256]",lz4,8192,local-storage-traffic/output,0.7584228515625,minimize,5.921966138295515,False,minimize storage/useful bytes and maximize useful throughput,undefined; nondominance is not a scalar winner rule,"[""f9ea2a0c08c118706541d930"",""c6e9d0435d72f8b871383850"",""0e38a4ad971bec1df3c99276""]"
0ce3149f29afdab44edb,07e02f434d54d22b0693,pr160-cold-storage,damacy,damacy,random12,full-scan,local block storage,random12-lz4-1024-256,1048576,"[8,256,256]",lz4,262144,local-storage-traffic/output,0.7543198721749442,minimize,8.492422507631439,False,minimize storage/useful bytes and maximize useful throughput,undefined; nondominance is not a scalar winner rule,"[""6ec2665cd4ce50106a24a004"",""977a47b85e01046ac077e707"",""a4db8b401434eebe674da359""]"
0ce3149f29afdab44edb,0cbf1c5cf595f0a468ab,pr160-cold-storage,damacy,damacy,random12,full-scan,local block storage,random12-zstd-16-16,16384,"[1,64,128]",zstd,16384,local-storage-traffic/output,0.7545204162597656,minimize,3.161649313507337,False,minimize storage/useful bytes and maximize useful throughput,undefined; nondominance is not a scalar winner rule,"[""9ea695d489c8a2dd25f41347"",""736e88e0019ef4810cb324bb"",""19f242bdcf535e79cc5a4322""]"
0ce3149f29afdab44edb,1b9612b0c1ba23f0072b,pr160-cold-storage,damacy,damacy,random12,full-scan,local block storage,random12-lz4-256-4,262144,"[2,256,256]",lz4,4096,local-storage-traffic/output,0.7613525390625,minimize,7.6305246167086915,False,minimize storage/useful bytes and maximize useful throughput,undefined; nondominance is not a scalar winner rule,"[""7e1d0a4983ead54a96fbe005"",""5c6c1f0948e804a32cc390ad"",""3ee6160c89ac1d76a9841edd""]"
0ce3149f29afdab44edb,1c43d80705b786c6ca09,pr160-cold-storage,damacy,damacy,random12,full-scan,local block storage,random12-lz4-256-64,262144,"[2,256,256]",lz4,65536,local-storage-traffic/output,0.7549285888671875,minimize,7.509780627860471,False,minimize storage/useful bytes and maximize useful throughput,undefined; nondominance is not a scalar winner rule,"[""a5bca7d5605f500959d86d79"",""fc89d901165e1c6b781b8b33"",""0af2b4e9b80148d2e1345a69""]"
0ce3149f29afdab44edb,201cb51507fdfc3b4dd2,pr160-cold-storage,damacy,damacy,random12,full-scan,local block storage,random12-zstd-64-64,65536,"[1,128,256]",zstd,65536,local-storage-traffic/output,0.7529487609863281,minimize,6.06006655212471,False,minimize storage/useful bytes and maximize useful throughput,undefined; nondominance is not a scalar winner rule,"[""0979df1eb1ea12f843b13d5e"",""e2362269c063400a75a02226"",""994718660c248677a3bcd66e""]"
0ce3149f29afdab44edb,2502d8c3aaa8245aa4ca,pr160-cold-storage,damacy,damacy,random12,full-scan,local block storage,random12-lz4-1024-4,1048576,"[8,256,256]",lz4,4096,local-storage-traffic/output,0.7612593514578683,minimize,8.480262719698967,False,minimize storage/useful bytes and maximize useful throughput,undefined; nondominance is not a scalar winner rule,"[""e06f0efad5de0c0dad69be20"",""2c4b71e225ac4834a9882bc7"",""842ddf6c2dc85d89c18c7d82""]"
0ce3149f29afdab44edb,2d3b1e1678e0d3c93a81,pr160-cold-storage,damacy,damacy,random12,full-scan,local block storage,random12-lz4-1024-16,1048576,"[8,256,256]",lz4,16384,local-storage-traffic/output,0.7563155038016183,minimize,8.366866736471867,False,minimize storage/useful bytes and maximize useful throughput,undefined; nondominance is not a scalar winner rule,"[""b456fe925b6b79367794f339"",""a1d4d3c464d8c6e505b3b425"",""8693bf6770a8fa58a02d7b41""]"
0ce3149f29afdab44edb,300a77815cded4551553,pr160-cold-storage,damacy,damacy,random12,full-scan,local block storage,random12-lz4-1024-1024,1048576,"[8,256,256]",lz4,1048576,local-storage-traffic/output,0.7541176932198661,minimize,8.649196369845638,False,minimize storage/useful bytes and maximize useful throughput,undefined; nondominance is not a scalar winner rule,"[""033bdf029a912262b467abb5"",""48edb7bca81acde8d32a48e7"",""4176965efb37bfdc794fe6f5""]"
0ce3149f29afdab44edb,37bb0cdf2cc1d27dc19d,pr160-cold-storage,damacy,damacy,random12,full-scan,local block storage,random12-lz4-16-4,16384,"[1,64,128]",lz4,4096,local-storage-traffic/output,0.76318359375,minimize,3.145088452405954,False,minimize storage/useful bytes and maximize useful throughput,undefined; nondominance is not a scalar winner rule,"[""00a2b422b4f7c7e4de421b28"",""de01b39801754bf84553c7b7"",""b948c5eb20f04e59689c683e""]"
0ce3149f29afdab44edb,387338876c50ecf45193,pr160-cold-storage,damacy,damacy,random12,full-scan,local block storage,random12-zstd-1024-4,1048576,"[8,256,256]",zstd,4096,local-storage-traffic/output,0.759540149143764,minimize,9.015557876412423,False,minimize storage/useful bytes and maximize useful throughput,undefined; nondominance is not a scalar winner rule,"[""222c4bb6af207f64ed002b34"",""4139a6d27239e7b37c1b60ba"",""f5614713dbdcb48f2aa96b92""]"
0ce3149f29afdab44edb,3c3768c17a19bf81604f,pr160-cold-storage,damacy,damacy,random12,full-scan,local block storage,random12-zstd-1024-64,1048576,"[8,256,256]",zstd,65536,local-storage-traffic/output,0.7524893624441964,minimize,8.926407748242442,True,minimize storage/useful bytes and maximize useful throughput,undefined; nondominance is not a scalar winner rule,"[""e79db3ffcecf93bd4ddcd3d6"",""f902ca98719046961853c9b8"",""e0d6fa10f489680969c36e27""]"
0ce3149f29afdab44edb,474d584a10f2fcba70d0,pr160-cold-storage,damacy,damacy,random12,full-scan,local block storage,random12-zstd-1024-128,1048576,"[8,256,256]",zstd,131072,local-storage-traffic/output,0.7509855542864118,minimize,8.433641544496636,False,minimize storage/useful bytes and maximize useful throughput,undefined; nondominance is not a scalar winner rule,"[""9f8531a7c514a8693a0d611a"",""b484362f50e32f13c3b3b775"",""76d21d417320d3a287daaad4""]"
0ce3149f29afdab44edb,4881a2d1bd15d5d22e65,pr160-cold-storage,damacy,damacy,random12,full-scan,local block storage,random12-lz4-256-16,262144,"[2,256,256]",lz4,16384,local-storage-traffic/output,0.75640869140625,minimize,7.242086847454675,False,minimize storage/useful bytes and maximize useful throughput,undefined; nondominance is not a scalar winner rule,"[""a3024db9eb073f38759feb93"",""800c9fc2292580e265c1311d"",""61c0dcb8cd6bbf61c60ab29b""]"
0ce3149f29afdab44edb,55e70131286943326999,pr160-cold-storage,damacy,damacy,random12,full-scan,local block storage,random12-zstd-64-32,65536,"[1,128,256]",zstd,32768,local-storage-traffic/output,0.7538156509399414,minimize,5.922236902845937,False,minimize storage/useful bytes and maximize useful throughput,undefined; nondominance is not a scalar winner rule,"[""76752ee4aec5cb101b0b7f6b"",""9132a9ffa5b043a05db53510"",""668a5d8127a8ac250841cfb2""]"
0ce3149f29afdab44edb,567f63e323e9481e0bae,pr160-cold-storage,damacy,damacy,random12,full-scan,local block storage,random12-lz4-1024-512,1048576,"[8,256,256]",lz4,524288,local-storage-traffic/output,0.754197529384068,minimize,8.894422016826747,False,minimize storage/useful bytes and maximize useful throughput,undefined; nondominance is not a scalar winner rule,"[""ec8c10ec4b1d71e4b846780f"",""001081d11b672954d933bd73"",""0e8995183f2027eba59ad6d9""]"
0ce3149f29afdab44edb,578843a0f97b9a41edeb,pr160-cold-storage,damacy,damacy,random12,full-scan,local block storage,random12-zstd-1024-16,1048576,"[8,256,256]",zstd,16384,local-storage-traffic/output,0.7525959014892578,minimize,8.341152034868317,False,minimize storage/useful bytes and maximize useful throughput,undefined; nondominance is not a scalar winner rule,"[""4eba4f8942046e6f9d9968f8"",""ee9c7f2c02394b96014226f2"",""54f1fe5bd34a425fe2a196ff""]"
0ce3149f29afdab44edb,584c2108ffaeadd28d9a,pr160-cold-storage,damacy,damacy,random12,full-scan,local block storage,random12-zstd-256-4,262144,"[2,256,256]",zstd,4096,local-storage-traffic/output,0.7596330642700195,minimize,7.162266770293214,False,minimize storage/useful bytes and maximize useful throughput,undefined; nondominance is not a scalar winner rule,"[""b98df353db3576ecfbb1fb54"",""5b27a735bd007d463854ef4a"",""8b6d64a0eb4c52236c546fa5""]"
0ce3149f29afdab44edb,5dc59e5b578d6793ddba,pr160-cold-storage,damacy,damacy,random12,full-scan,local block storage,random12-lz4-64-64,65536,"[1,128,256]",lz4,65536,local-storage-traffic/output,0.7552947998046875,minimize,5.906003135439732,False,minimize storage/useful bytes and maximize useful throughput,undefined; nondominance is not a scalar winner rule,"[""e23ec92e2bda08178199467a"",""7b0fbd2b836e87289625b4ce"",""bfd1ca2f79c7b275fc76aaa3""]"
0ce3149f29afdab44edb,8a00f2a4a827d25acdcd,pr160-cold-storage,damacy,damacy,random12,full-scan,local block storage,random12-lz4-1024-8,1048576,"[8,256,256]",lz4,8192,local-storage-traffic/output,0.7579634530203683,minimize,9.113919211890387,True,minimize storage/useful bytes and maximize useful throughput,undefined; nondominance is not a scalar winner rule,"[""4bb6ccca324146b1b4c31821"",""ef92e0826fb491fb532a3563"",""a096f70e42967917a088ff58""]"
0ce3149f29afdab44edb,8a14e0775448d8b91223,pr160-cold-storage,damacy,damacy,random12,full-scan,local block storage,random12-lz4-256-128,262144,"[2,256,256]",lz4,131072,local-storage-traffic/output,0.754608154296875,minimize,7.525185260601572,False,minimize storage/useful bytes and maximize useful throughput,undefined; nondominance is not a scalar winner rule,"[""ee4eccd88bb75e65b7e20272"",""c30497bd1672db6d42a52ab4"",""0456de2ae3d3c50d1bd79e07""]"
0ce3149f29afdab44edb,8bbaef525b89284e44b5,pr160-cold-storage,damacy,damacy,random12,full-scan,local block storage,random12-zstd-16-8,16384,"[1,64,128]",zstd,8192,local-storage-traffic/output,0.7564735412597656,minimize,3.156496365774227,False,minimize storage/useful bytes and maximize useful throughput,undefined; nondominance is not a scalar winner rule,"[""4fe87a37cce9b2efe8d5a5a3"",""243c2882069732e1c7991e94"",""bfcb0675c52d8f69a5f19775""]"
0ce3149f29afdab44edb,961e0fe44a5a775b7967,pr160-cold-storage,damacy,damacy,random12,full-scan,local block storage,random12-zstd-64-16,65536,"[1,128,256]",zstd,16384,local-storage-traffic/output,0.7530555725097656,minimize,5.745450342029152,False,minimize storage/useful bytes and maximize useful throughput,undefined; nondominance is not a scalar winner rule,"[""3406699fab1e2a49b64dd1b1"",""3a980c2708f4a2787a634d0b"",""9a7f631dd64c80183966b5c1""]"
0ce3149f29afdab44edb,989e3eaafae313ef4e1f,pr160-cold-storage,damacy,damacy,random12,full-scan,local block storage,random12-zstd-1024-1024,1048576,"[8,256,256]",zstd,1048576,local-storage-traffic/output,0.7500708443777901,minimize,8.583526881275933,True,minimize storage/useful bytes and maximize useful throughput,undefined; nondominance is not a scalar winner rule,"[""4862984b65dc18cac729e700"",""06470e3a43e6a5f414eb3c64"",""9c6619fbd31460c6f381b881""]"
0ce3149f29afdab44edb,9b4a1e97349b3b2c81c9,pr160-cold-storage,damacy,damacy,random12,full-scan,local block storage,random12-lz4-16-8,16384,"[1,64,128]",lz4,8192,local-storage-traffic/output,0.7598876953125,minimize,3.2056500359162423,False,minimize storage/useful bytes and maximize useful throughput,undefined; nondominance is not a scalar winner rule,"[""e9bbce20e6e83af6d7c70a6e"",""d78be7f0ddfcf7a1767de42d"",""065468d46838e71c4a887e0c""]"
0ce3149f29afdab44edb,9e0969f84832c69c16f7,pr160-cold-storage,damacy,damacy,random12,full-scan,local block storage,random12-lz4-64-16,65536,"[1,128,256]",lz4,16384,local-storage-traffic/output,0.75677490234375,minimize,5.793334874467564,False,minimize storage/useful bytes and maximize useful throughput,undefined; nondominance is not a scalar winner rule,"[""ebc181b56c0f87666b883c62"",""6df91440a8a48a2c99de8faf"",""696c86ff7943a9069a1813c8""]"
0ce3149f29afdab44edb,9fa1583efddcdc6b3c84,pr160-cold-storage,damacy,damacy,random12,full-scan,local block storage,random12-zstd-1024-32,1048576,"[8,256,256]",zstd,32768,local-storage-traffic/output,0.753357069832938,minimize,9.030956056963474,True,minimize storage/useful bytes and maximize useful throughput,undefined; nondominance is not a scalar winner rule,"[""d48ea89ffad463b54d5d4d5f"",""9a0d843440a7475bf8655ca9"",""993e383e5afb94834cf450e4""]"
0ce3149f29afdab44edb,a68a21031d595bc1442d,pr160-cold-storage,damacy,damacy,random12,full-scan,local block storage,random12-zstd-256-32,262144,"[2,256,256]",zstd,32768,local-storage-traffic/output,0.7534494400024414,minimize,7.2594482596796395,False,minimize storage/useful bytes and maximize useful throughput,undefined; nondominance is not a scalar winner rule,"[""944a3c07e51958e29cff4f40"",""41381d1bcde01b03741577a6"",""4b2637c0dd779b09060f8252""]"
0ce3149f29afdab44edb,aa791410862afa7a0747,pr160-cold-storage,damacy,damacy,random12,full-scan,local block storage,random12-zstd-256-256,262144,"[2,256,256]",zstd,262144,local-storage-traffic/output,0.7503318786621094,minimize,7.367147042710895,False,minimize storage/useful bytes and maximize useful throughput,undefined; nondominance is not a scalar winner rule,"[""798476a5ebeedd055e98de80"",""8e95d988ba567ef8111b15b3"",""71d9948fb0ecb3632469c734""]"
0ce3149f29afdab44edb,ab373ea1377831fc1835,pr160-cold-storage,damacy,damacy,random12,full-scan,local block storage,random12-zstd-1024-8,1048576,"[8,256,256]",zstd,8192,local-storage-traffic/output,0.7545490264892578,minimize,8.828182527061323,False,minimize storage/useful bytes and maximize useful throughput,undefined; nondominance is not a scalar winner rule,"[""b20c213f1da9ee8ccbd9b066"",""085ac4cb7f981525a56d03f4"",""5cd48f6e99618dba37373459""]"
0ce3149f29afdab44edb,ab5a8c50da6ffa132066,pr160-cold-storage,damacy,damacy,random12,full-scan,local block storage,random12-lz4-64-32,65536,"[1,128,256]",lz4,32768,local-storage-traffic/output,0.75579833984375,minimize,5.884037657293584,False,minimize storage/useful bytes and maximize useful throughput,undefined; nondominance is not a scalar winner rule,"[""d02ad90b6520841c576d4fc4"",""bb53cba4d847018b2fcd07ff"",""2ba82d9b381f280d5839010a""]"
0ce3149f29afdab44edb,ae9434ca8db77a933bba,pr160-cold-storage,damacy,damacy,random12,full-scan,local block storage,random12-lz4-64-4,65536,"[1,128,256]",lz4,4096,local-storage-traffic/output,0.76171875,minimize,6.04840165293406,False,minimize storage/useful bytes and maximize useful throughput,undefined; nondominance is not a scalar winner rule,"[""83a4a0dc758390cd937d4054"",""8ee570cb8c253012c421aeb7"",""98c24a7873d70e8c98c4ab0a""]"
0ce3149f29afdab44edb,aeaf3658ef58fcca4e4b,pr160-cold-storage,damacy,damacy,random12,full-scan,local block storage,random12-lz4-1024-32,1048576,"[8,256,256]",lz4,32768,local-storage-traffic/output,0.7553389413016183,minimize,8.041639372965339,False,minimize storage/useful bytes and maximize useful throughput,undefined; nondominance is not a scalar winner rule,"[""aa2b8fd7c702cf365eb959f2"",""960f608925a5401da1169b93"",""b5ed05bfadcbf510017a8f5d""]"
0ce3149f29afdab44edb,b5f6829e57bf8c9ba2f7,pr160-cold-storage,damacy,damacy,random12,full-scan,local block storage,random12-zstd-1024-512,1048576,"[8,256,256]",zstd,524288,local-storage-traffic/output,0.750089168548584,minimize,8.663575595966623,True,minimize storage/useful bytes and maximize useful throughput,undefined; nondominance is not a scalar winner rule,"[""d2909c9d59968c1f568ce86c"",""c1cbb743223b5febb5d63e51"",""a325b5f9e003db233b27be93""]"
0ce3149f29afdab44edb,ba9952543c956503add1,pr160-cold-storage,damacy,damacy,random12,full-scan,local block storage,random12-zstd-256-64,262144,"[2,256,256]",zstd,65536,local-storage-traffic/output,0.7525825500488281,minimize,7.37186834671918,False,minimize storage/useful bytes and maximize useful throughput,undefined; nondominance is not a scalar winner rule,"[""62e058f35fff03eb63165d4e"",""da9d83b069df0768edd2daa8"",""fd2863ca1beb3ca4faf35016""]"
0ce3149f29afdab44edb,c0d31927a0972a673ee5,pr160-cold-storage,damacy,damacy,random12,full-scan,local block storage,random12-lz4-16-16,16384,"[1,64,128]",lz4,16384,local-storage-traffic/output,0.75823974609375,minimize,3.3653869171375335,False,minimize storage/useful bytes and maximize useful throughput,undefined; nondominance is not a scalar winner rule,"[""b25c98064cf10a2a4d2d03c1"",""494851df80e28ccfe91bc599"",""f606c89a54644642483ec80d""]"
0ce3149f29afdab44edb,c3f8723aebeda92b815e,pr160-cold-storage,damacy,damacy,random12,full-scan,local block storage,random12-zstd-256-128,262144,"[2,256,256]",zstd,131072,local-storage-traffic/output,0.7510795593261719,minimize,7.638176885299311,False,minimize storage/useful bytes and maximize useful throughput,undefined; nondominance is not a scalar winner rule,"[""7889b35b96278ea4ae6a4dcb"",""406433b16793e385d620b4d1"",""72ede41d9931bbe6e5c0f8b0""]"
0ce3149f29afdab44edb,d6c0ec90488c1d8cc58b,pr160-cold-storage,damacy,damacy,random12,full-scan,local block storage,random12-lz4-256-32,262144,"[2,256,256]",lz4,32768,local-storage-traffic/output,0.75543212890625,minimize,7.37692383433234,False,minimize storage/useful bytes and maximize useful throughput,undefined; nondominance is not a scalar winner rule,"[""d2f8f8422285486cc5616e48"",""735baedce7f552de741cdbc7"",""601fde75f231b4daa7cadb4e""]"
0ce3149f29afdab44edb,d6c3482bb5ae07da48e4,pr160-cold-storage,damacy,damacy,random12,full-scan,local block storage,random12-lz4-1024-64,1048576,"[8,256,256]",lz4,65536,local-storage-traffic/output,0.754835946219308,minimize,8.959131460848104,False,minimize storage/useful bytes and maximize useful throughput,undefined; nondominance is not a scalar winner rule,"[""f01a5f35450492015f4d260a"",""66878381e91bb7c302b8874a"",""604577ac62312e4590199301""]"
0ce3149f29afdab44edb,ded9bbb1cd18c50e85be,pr160-cold-storage,damacy,damacy,random12,full-scan,local block storage,random12-lz4-256-256,262144,"[2,256,256]",lz4,262144,local-storage-traffic/output,0.7544136047363281,minimize,7.186980142939005,False,minimize storage/useful bytes and maximize useful throughput,undefined; nondominance is not a scalar winner rule,"[""e5b4fb9754c43d48c6f8c733"",""c3242da499b7dca2d3fb4f22"",""8d74da003aa2fe498e09dfbf""]"
0ce3149f29afdab44edb,e056cf51f10d7ca91e1f,pr160-cold-storage,damacy,damacy,random12,full-scan,local block storage,random12-zstd-1024-256,1048576,"[8,256,256]",zstd,262144,local-storage-traffic/output,0.7502379417419434,minimize,8.801262134663874,True,minimize storage/useful bytes and maximize useful throughput,undefined; nondominance is not a scalar winner rule,"[""6f119ee7e5504d105f23ae6a"",""784f59e096284df34280b324"",""0441b36fc1ea7fcce366c46d""]"
0ce3149f29afdab44edb,e208bf7d15d0d9cdba88,pr160-cold-storage,damacy,damacy,random12,full-scan,local block storage,random12-zstd-256-16,262144,"[2,256,256]",zstd,16384,local-storage-traffic/output,0.7526893615722656,minimize,7.216189468772513,False,minimize storage/useful bytes and maximize useful throughput,undefined; nondominance is not a scalar winner rule,"[""ee46e1b5f676af464b62cf05"",""91c0017a76f2907c5355666b"",""ac21d2fe0386beeb1bed1c62""]"
0ce3149f29afdab44edb,e5816b309c944cf52127,pr160-cold-storage,damacy,damacy,random12,full-scan,local block storage,random12-lz4-1024-128,1048576,"[8,256,256]",lz4,131072,local-storage-traffic/output,0.7545141492571149,minimize,8.509477311214619,False,minimize storage/useful bytes and maximize useful throughput,undefined; nondominance is not a scalar winner rule,"[""ae1129913883cbfcd1614034"",""f65198f7eb2ae3e54f42c9ee"",""62d975ea0c3a7a08028b33ee""]"
0ce3149f29afdab44edb,edc7a82c69e7b229ab6f,pr160-cold-storage,damacy,damacy,random12,full-scan,local block storage,random12-zstd-64-4,65536,"[1,128,256]",zstd,4096,local-storage-traffic/output,0.7599992752075195,minimize,6.033414047818008,False,minimize storage/useful bytes and maximize useful throughput,undefined; nondominance is not a scalar winner rule,"[""b260e7c19a014705f97166bb"",""9f62beabd07f77b161f74ff2"",""8de458ce422b0dca8776798d""]"
0ce3149f29afdab44edb,ef24d9a23aaf1980e100,pr160-cold-storage,damacy,damacy,random12,full-scan,local block storage,random12-zstd-256-8,262144,"[2,256,256]",zstd,8192,local-storage-traffic/output,0.7546424865722656,minimize,7.440000915534162,False,minimize storage/useful bytes and maximize useful throughput,undefined; nondominance is not a scalar winner rule,"[""f38caef61d1ec57721ecab56"",""dfe9b276ef6fe9a4ca1fa949"",""adcd5d127a6fead12b2eb991""]"
0ce3149f29afdab44edb,f111e188d6c05eb28665,pr160-cold-storage,damacy,damacy,random12,full-scan,local block storage,random12-zstd-16-4,16384,"[1,64,128]",zstd,4096,local-storage-traffic/output,0.7614641189575195,minimize,3.1840932751338626,False,minimize storage/useful bytes and maximize useful throughput,undefined; nondominance is not a scalar winner rule,"[""2642a9d93a8abc3973e2a0a9"",""8fc58575c0ead7da88a8d1c3"",""2539049c784500b7b0c85007""]"
0ce3149f29afdab44edb,f3346bb9b90eeddbb602,pr160-cold-storage,damacy,damacy,random12,full-scan,local block storage,random12-lz4-256-8,262144,"[2,256,256]",lz4,8192,local-storage-traffic/output,0.758056640625,minimize,7.327230541464468,False,minimize storage/useful bytes and maximize useful throughput,undefined; nondominance is not a scalar winner rule,"[""e67dca9189e5d814a0647ef6"",""5884c69ee32b74e555edc264"",""011f34f3854eeb340994603d""]"
e1cc821d3cab1404ef84,02c8f633c439d597dec7,cpu-chunk-blocks,tensorstore,tensorstore,smooth4,random-1x256x256,local block storage,smooth4-zstd-128-16,131072,"[1,256,256]",zstd,16384,compression/output,1.8317621551383316,maximize,2.7885904217072945,False,maximize compression and output throughput,undefined; nondominance is not a scalar winner rule,"[""6f06ebdf7503c6c7fdae2b73"",""b7f8a600383991322049f3f1"",""9f4e33207403826dfbf7d51c""]"
e1cc821d3cab1404ef84,1c55fb472959a2215944,cpu-chunk-blocks,tensorstore,tensorstore,smooth4,random-1x256x256,local block storage,smooth4-zstd-512-16,524288,"[1,512,512]",zstd,16384,compression/output,1.8294478975980146,maximize,3.2289676101536053,False,maximize compression and output throughput,undefined; nondominance is not a scalar winner rule,"[""ebe82fc6b003a6a25afef356"",""450ab98468fd80f671bed5fd"",""f13d90ba28f142ff760c3ecc""]"
e1cc821d3cab1404ef84,253a76e148d1ddc3c911,cpu-chunk-blocks,tensorstore,tensorstore,smooth4,random-1x256x256,local block storage,smooth4-lz4-512-512,524288,"[1,512,512]",lz4,524288,compression/output,1.626606892779916,maximize,3.141153263612946,False,maximize compression and output throughput,undefined; nondominance is not a scalar winner rule,"[""767651fb821ab2f0024e3f32"",""a373a9feafa40d845f7c1fa6"",""948981122665a9d733c13e8d""]"
e1cc821d3cab1404ef84,2f0076a1082af313e627,cpu-chunk-blocks,tensorstore,tensorstore,smooth4,random-1x256x256,local block storage,smooth4-lz4-512-64,524288,"[1,512,512]",lz4,65536,compression/output,1.5980931987208997,maximize,3.0794965114355413,False,maximize compression and output throughput,undefined; nondominance is not a scalar winner rule,"[""fb927fbeb0d04d1935d44496"",""171c9c745b4127b78fb7e537"",""f75693befc8318d26040c39e""]"
e1cc821d3cab1404ef84,3be39143a4b50bdad21a,cpu-chunk-blocks,tensorstore,tensorstore,smooth4,random-1x256x256,local block storage,smooth4-zstd-128-128,131072,"[1,256,256]",zstd,131072,compression/output,1.8644857768631582,maximize,2.848641394485035,False,maximize compression and output throughput,undefined; nondominance is not a scalar winner rule,"[""41e28c632d6403ceeb79cc9c"",""b95a7b3ff1cb4e009350b98d"",""d081f40cb1bfad3b26d5840c""]"
e1cc821d3cab1404ef84,49b28caf6ad45ed90fa6,cpu-chunk-blocks,tensorstore,tensorstore,smooth4,random-1x256x256,local block storage,smooth4-zstd-512-512,524288,"[1,512,512]",zstd,524288,compression/output,1.970907362204299,maximize,3.331578653268955,True,maximize compression and output throughput,undefined; nondominance is not a scalar winner rule,"[""4e81fdd06af4fcde932ded8a"",""b67a15c86fa62e6891612079"",""39bfdbc06c617c679a3eecd3""]"
e1cc821d3cab1404ef84,5774493aa464d5cb8758,cpu-chunk-blocks,tensorstore,tensorstore,smooth4,random-1x256x256,local block storage,smooth4-lz4-128-16,131072,"[1,256,256]",lz4,16384,compression/output,1.5669420934469545,maximize,2.6650267825805014,False,maximize compression and output throughput,undefined; nondominance is not a scalar winner rule,"[""de82058c7adc268df4450356"",""b967b86505fa7d588029a73c"",""018e4dcac8151e01514b89ae""]"
e1cc821d3cab1404ef84,708cd329d7e5ad02f54a,cpu-chunk-blocks,tensorstore,tensorstore,smooth4,random-1x256x256,local block storage,smooth4-zstd-512-256,524288,"[1,512,512]",zstd,262144,compression/output,1.8823881322928948,maximize,3.36437546031021,True,maximize compression and output throughput,undefined; nondominance is not a scalar winner rule,"[""d29f119cb752b8c29898c9c6"",""8ce070d1afdbf20bcf099f41"",""57028032a92f16bbdcc55551""]"
e1cc821d3cab1404ef84,70d32be324a15ddc2870,cpu-chunk-blocks,tensorstore,tensorstore,smooth4,random-1x256x256,local block storage,smooth4-zstd-32-32,32768,"[1,128,128]",zstd,32768,compression/output,1.8451430092694745,maximize,2.7381308614201565,False,maximize compression and output throughput,undefined; nondominance is not a scalar winner rule,"[""4489b210c94a9b93298370c0"",""4c68d913c1febd2aa9f86ba2"",""fa50ef8d5994141b20e029bb""]"
e1cc821d3cab1404ef84,7a0b7a05cffc7d6f3920,cpu-chunk-blocks,tensorstore,tensorstore,smooth4,random-1x256x256,local block storage,smooth4-lz4-32-4,32768,"[1,128,128]",lz4,4096,compression/output,1.5216670305492115,maximize,2.4080746846541397,False,maximize compression and output throughput,undefined; nondominance is not a scalar winner rule,"[""c80d4e118168888e0a0535fb"",""ac209c50ff7ed0e4e0dad506"",""5cdd47d75eadc246b4f10788""]"
e1cc821d3cab1404ef84,7ffb6250a44a1c14edd4,cpu-chunk-blocks,tensorstore,tensorstore,smooth4,random-1x256x256,local block storage,smooth4-lz4-512-256,524288,"[1,512,512]",lz4,262144,compression/output,1.6167072291075084,maximize,3.062161162659001,False,maximize compression and output throughput,undefined; nondominance is not a scalar winner rule,"[""e146de5c6bd0ae540da2ee29"",""fb77ed3904b19733e98bd05f"",""c25f361fa37a34d7f670e75b""]"
e1cc821d3cab1404ef84,8ce0d88cd40b18fe4d99,cpu-chunk-blocks,tensorstore,tensorstore,smooth4,random-1x256x256,local block storage,smooth4-lz4-32-32,32768,"[1,128,128]",lz4,32768,compression/output,1.5856470833576932,maximize,2.4670099215710266,False,maximize compression and output throughput,undefined; nondominance is not a scalar winner rule,"[""bdd7ef0e756e5ef4578e4c74"",""3aa7ab5df6739344af0f07ee"",""30f71ea656bca5c694034d9a""]"
e1cc821d3cab1404ef84,8e285fd4e990786acdfa,cpu-chunk-blocks,tensorstore,tensorstore,smooth4,random-1x256x256,local block storage,smooth4-zstd-512-64,524288,"[1,512,512]",zstd,65536,compression/output,1.8505648607554412,maximize,3.2603688265330133,False,maximize compression and output throughput,undefined; nondominance is not a scalar winner rule,"[""7bed7e68f12f3af36a2806a9"",""45d402a7f202e8719f293f56"",""1e0b3cf848463d4bea5db416""]"
e1cc821d3cab1404ef84,9cbaba92e2bb808b71d1,cpu-chunk-blocks,tensorstore,tensorstore,smooth4,random-1x256x256,local block storage,smooth4-lz4-32-16,32768,"[1,128,128]",lz4,16384,compression/output,1.572609772618283,maximize,2.444706078567658,False,maximize compression and output throughput,undefined; nondominance is not a scalar winner rule,"[""c856f039a5298094b04b8add"",""3dac89157fd32bc091abc03f"",""1f87a4ad3704f25470273032""]"
e1cc821d3cab1404ef84,abbd887317cdfe275799,cpu-chunk-blocks,tensorstore,tensorstore,smooth4,random-1x256x256,local block storage,smooth4-lz4-512-16,524288,"[1,512,512]",lz4,16384,compression/output,1.5666306456387868,maximize,3.033380312347614,False,maximize compression and output throughput,undefined; nondominance is not a scalar winner rule,"[""bb0b9347fb65f7c2f39f5437"",""4ef777b120688af19966f5e0"",""a005bebf8b9f26204914a14d""]"
e1cc821d3cab1404ef84,b0bb1030120bba6faf01,cpu-chunk-blocks,tensorstore,tensorstore,smooth4,random-1x256x256,local block storage,smooth4-lz4-128-128,131072,"[1,256,256]",lz4,131072,compression/output,1.6017382552426165,maximize,2.6331746442601394,False,maximize compression and output throughput,undefined; nondominance is not a scalar winner rule,"[""3ebf1971f405db8089020419"",""0571cb97e261dd9624f08a33"",""4b511ff42bf9f78bb717fa8e""]"
e1cc821d3cab1404ef84,bb36b9b4735f967c7483,cpu-chunk-blocks,tensorstore,tensorstore,smooth4,random-1x256x256,local block storage,smooth4-zstd-128-64,131072,"[1,256,256]",zstd,65536,compression/output,1.85368967938808,maximize,2.8235578971427544,False,maximize compression and output throughput,undefined; nondominance is not a scalar winner rule,"[""92d672c9052ec441ff2c2c64"",""886ea3dcb458fe432bbfc99e"",""a3dd7b959f694bb3513789ef""]"
e1cc821d3cab1404ef84,c56d488690b1ae0b7e7c,cpu-chunk-blocks,tensorstore,tensorstore,smooth4,random-1x256x256,local block storage,smooth4-zstd-32-16,32768,"[1,128,128]",zstd,16384,compression/output,1.8366829025162181,maximize,2.69228212172535,False,maximize compression and output throughput,undefined; nondominance is not a scalar winner rule,"[""a0884ee34c16c346deac2c5f"",""df8468ca08896568d61c00f6"",""b08b84260de64954e439b0a8""]"
e1cc821d3cab1404ef84,e7bb77d486b2c4786bea,cpu-chunk-blocks,tensorstore,tensorstore,smooth4,random-1x256x256,local block storage,smooth4-zstd-32-4,32768,"[1,128,128]",zstd,4096,compression/output,1.7797988160289273,maximize,2.66134244089532,False,maximize compression and output throughput,undefined; nondominance is not a scalar winner rule,"[""59a12b486e158ec9c516f145"",""cf2f02344a19756eff99bc36"",""bd6211d9d90ca8467cce7003""]"
e1cc821d3cab1404ef84,ee00f38a4a39cf7121b9,cpu-chunk-blocks,tensorstore,tensorstore,smooth4,random-1x256x256,local block storage,smooth4-lz4-128-64,131072,"[1,256,256]",lz4,65536,compression/output,1.6005883232081666,maximize,2.7156786175719807,False,maximize compression and output throughput,undefined; nondominance is not a scalar winner rule,"[""87998b7f420d653ad7d3865a"",""e57a961337827ed6a9e7b67b"",""dd2d46aadc6ee852504b0f2d""]"
e1cc821d3cab1404ef84,02c8f633c439d597dec7,cpu-chunk-blocks,tensorstore,tensorstore,smooth4,random-1x256x256,local block storage,smooth4-zstd-128-16,131072,"[1,256,256]",zstd,16384,local-storage-traffic/output,2.2558460235595703,minimize,2.7885904217072945,False,maximize compression and output throughput,undefined; nondominance is not a scalar winner rule,"[""6f06ebdf7503c6c7fdae2b73"",""b7f8a600383991322049f3f1"",""9f4e33207403826dfbf7d51c""]"
e1cc821d3cab1404ef84,1c55fb472959a2215944,cpu-chunk-blocks,tensorstore,tensorstore,smooth4,random-1x256x256,local block storage,smooth4-zstd-512-16,524288,"[1,512,512]",zstd,16384,local-storage-traffic/output,3.587435828314887,minimize,3.2289676101536053,False,maximize compression and output throughput,undefined; nondominance is not a scalar winner rule,"[""ebe82fc6b003a6a25afef356"",""450ab98468fd80f671bed5fd"",""f13d90ba28f142ff760c3ecc""]"
e1cc821d3cab1404ef84,253a76e148d1ddc3c911,cpu-chunk-blocks,tensorstore,tensorstore,smooth4,random-1x256x256,local block storage,smooth4-lz4-512-512,524288,"[1,512,512]",lz4,524288,local-storage-traffic/output,3.9985690116882324,minimize,3.141153263612946,False,maximize compression and output throughput,undefined; nondominance is not a scalar winner rule,"[""767651fb821ab2f0024e3f32"",""a373a9feafa40d845f7c1fa6"",""948981122665a9d733c13e8d""]"
e1cc821d3cab1404ef84,2f0076a1082af313e627,cpu-chunk-blocks,tensorstore,tensorstore,smooth4,random-1x256x256,local block storage,smooth4-lz4-512-64,524288,"[1,512,512]",lz4,65536,local-storage-traffic/output,4.083221435546875,minimize,3.0794965114355413,False,maximize compression and output throughput,undefined; nondominance is not a scalar winner rule,"[""fb927fbeb0d04d1935d44496"",""171c9c745b4127b78fb7e537"",""f75693befc8318d26040c39e""]"
e1cc821d3cab1404ef84,3be39143a4b50bdad21a,cpu-chunk-blocks,tensorstore,tensorstore,smooth4,random-1x256x256,local block storage,smooth4-zstd-128-128,131072,"[1,256,256]",zstd,131072,local-storage-traffic/output,2.2226475306919644,minimize,2.848641394485035,True,maximize compression and output throughput,undefined; nondominance is not a scalar winner rule,"[""41e28c632d6403ceeb79cc9c"",""b95a7b3ff1cb4e009350b98d"",""d081f40cb1bfad3b26d5840c""]"
e1cc821d3cab1404ef84,49b28caf6ad45ed90fa6,cpu-chunk-blocks,tensorstore,tensorstore,smooth4,random-1x256x256,local block storage,smooth4-zstd-512-512,524288,"[1,512,512]",zstd,524288,local-storage-traffic/output,3.3299051920572915,minimize,3.331578653268955,True,maximize compression and output throughput,undefined; nondominance is not a scalar winner rule,"[""4e81fdd06af4fcde932ded8a"",""b67a15c86fa62e6891612079"",""39bfdbc06c617c679a3eecd3""]"
e1cc821d3cab1404ef84,5774493aa464d5cb8758,cpu-chunk-blocks,tensorstore,tensorstore,smooth4,random-1x256x256,local block storage,smooth4-lz4-128-16,131072,"[1,256,256]",lz4,16384,local-storage-traffic/output,2.6262509482247487,minimize,2.6650267825805014,False,maximize compression and output throughput,undefined; nondominance is not a scalar winner rule,"[""de82058c7adc268df4450356"",""b967b86505fa7d588029a73c"",""018e4dcac8151e01514b89ae""]"
e1cc821d3cab1404ef84,708cd329d7e5ad02f54a,cpu-chunk-blocks,tensorstore,tensorstore,smooth4,random-1x256x256,local block storage,smooth4-zstd-512-256,524288,"[1,512,512]",zstd,262144,local-storage-traffic/output,3.49053955078125,minimize,3.36437546031021,True,maximize compression and output throughput,undefined; nondominance is not a scalar winner rule,"[""d29f119cb752b8c29898c9c6"",""8ce070d1afdbf20bcf099f41"",""57028032a92f16bbdcc55551""]"
e1cc821d3cab1404ef84,70d32be324a15ddc2870,cpu-chunk-blocks,tensorstore,tensorstore,smooth4,random-1x256x256,local block storage,smooth4-zstd-32-32,32768,"[1,128,128]",zstd,32768,local-storage-traffic/output,1.4707330976213728,minimize,2.7381308614201565,True,maximize compression and output throughput,undefined; nondominance is not a scalar winner rule,"[""4489b210c94a9b93298370c0"",""4c68d913c1febd2aa9f86ba2"",""fa50ef8d5994141b20e029bb""]"
e1cc821d3cab1404ef84,7a0b7a05cffc7d6f3920,cpu-chunk-blocks,tensorstore,tensorstore,smooth4,random-1x256x256,local block storage,smooth4-lz4-32-4,32768,"[1,128,128]",lz4,4096,local-storage-traffic/output,1.7306378682454426,minimize,2.4080746846541397,False,maximize compression and output throughput,undefined; nondominance is not a scalar winner rule,"[""c80d4e118168888e0a0535fb"",""ac209c50ff7ed0e4e0dad506"",""5cdd47d75eadc246b4f10788""]"
e1cc821d3cab1404ef84,7ffb6250a44a1c14edd4,cpu-chunk-blocks,tensorstore,tensorstore,smooth4,random-1x256x256,local block storage,smooth4-lz4-512-256,524288,"[1,512,512]",lz4,262144,local-storage-traffic/output,4.021963357925415,minimize,3.062161162659001,False,maximize compression and output throughput,undefined; nondominance is not a scalar winner rule,"[""e146de5c6bd0ae540da2ee29"",""fb77ed3904b19733e98bd05f"",""c25f361fa37a34d7f670e75b""]"
e1cc821d3cab1404ef84,8ce0d88cd40b18fe4d99,cpu-chunk-blocks,tensorstore,tensorstore,smooth4,random-1x256x256,local block storage,smooth4-lz4-32-32,32768,"[1,128,128]",lz4,32768,local-storage-traffic/output,1.670879908970424,minimize,2.4670099215710266,False,maximize compression and output throughput,undefined; nondominance is not a scalar winner rule,"[""bdd7ef0e756e5ef4578e4c74"",""3aa7ab5df6739344af0f07ee"",""30f71ea656bca5c694034d9a""]"
e1cc821d3cab1404ef84,8e285fd4e990786acdfa,cpu-chunk-blocks,tensorstore,tensorstore,smooth4,random-1x256x256,local block storage,smooth4-zstd-512-64,524288,"[1,512,512]",zstd,65536,local-storage-traffic/output,3.5393123626708984,minimize,3.2603688265330133,False,maximize compression and output throughput,undefined; nondominance is not a scalar winner rule,"[""7bed7e68f12f3af36a2806a9"",""45d402a7f202e8719f293f56"",""1e0b3cf848463d4bea5db416""]"
e1cc821d3cab1404ef84,9cbaba92e2bb808b71d1,cpu-chunk-blocks,tensorstore,tensorstore,smooth4,random-1x256x256,local block storage,smooth4-lz4-32-16,32768,"[1,128,128]",lz4,16384,local-storage-traffic/output,1.678015845162528,minimize,2.444706078567658,False,maximize compression and output throughput,undefined; nondominance is not a scalar winner rule,"[""c856f039a5298094b04b8add"",""3dac89157fd32bc091abc03f"",""1f87a4ad3704f25470273032""]"
e1cc821d3cab1404ef84,abbd887317cdfe275799,cpu-chunk-blocks,tensorstore,tensorstore,smooth4,random-1x256x256,local block storage,smooth4-lz4-512-16,524288,"[1,512,512]",lz4,16384,local-storage-traffic/output,4.177309513092041,minimize,3.033380312347614,False,maximize compression and output throughput,undefined; nondominance is not a scalar winner rule,"[""bb0b9347fb65f7c2f39f5437"",""4ef777b120688af19966f5e0"",""a005bebf8b9f26204914a14d""]"
e1cc821d3cab1404ef84,b0bb1030120bba6faf01,cpu-chunk-blocks,tensorstore,tensorstore,smooth4,random-1x256x256,local block storage,smooth4-lz4-128-128,131072,"[1,256,256]",lz4,131072,local-storage-traffic/output,2.5582659585135326,minimize,2.6331746442601394,False,maximize compression and output throughput,undefined; nondominance is not a scalar winner rule,"[""3ebf1971f405db8089020419"",""0571cb97e261dd9624f08a33"",""4b511ff42bf9f78bb717fa8e""]"
e1cc821d3cab1404ef84,bb36b9b4735f967c7483,cpu-chunk-blocks,tensorstore,tensorstore,smooth4,random-1x256x256,local block storage,smooth4-zstd-128-64,131072,"[1,256,256]",zstd,65536,local-storage-traffic/output,2.237428937639509,minimize,2.8235578971427544,False,maximize compression and output throughput,undefined; nondominance is not a scalar winner rule,"[""92d672c9052ec441ff2c2c64"",""886ea3dcb458fe432bbfc99e"",""a3dd7b959f694bb3513789ef""]"
e1cc821d3cab1404ef84,c56d488690b1ae0b7e7c,cpu-chunk-blocks,tensorstore,tensorstore,smooth4,random-1x256x256,local block storage,smooth4-zstd-32-16,32768,"[1,128,128]",zstd,16384,local-storage-traffic/output,1.4767347063337053,minimize,2.69228212172535,False,maximize compression and output throughput,undefined; nondominance is not a scalar winner rule,"[""a0884ee34c16c346deac2c5f"",""df8468ca08896568d61c00f6"",""b08b84260de64954e439b0a8""]"
e1cc821d3cab1404ef84,e7bb77d486b2c4786bea,cpu-chunk-blocks,tensorstore,tensorstore,smooth4,random-1x256x256,local block storage,smooth4-zstd-32-4,32768,"[1,128,128]",zstd,4096,local-storage-traffic/output,1.507408687046596,minimize,2.66134244089532,False,maximize compression and output throughput,undefined; nondominance is not a scalar winner rule,"[""59a12b486e158ec9c516f145"",""cf2f02344a19756eff99bc36"",""bd6211d9d90ca8467cce7003""]"
e1cc821d3cab1404ef84,ee00f38a4a39cf7121b9,cpu-chunk-blocks,tensorstore,tensorstore,smooth4,random-1x256x256,local block storage,smooth4-lz4-128-64,131072,"[1,256,256]",lz4,65536,local-storage-traffic/output,2.558995383126395,minimize,2.7156786175719807,False,maximize compression and output throughput,undefined; nondominance is not a scalar winner rule,"[""87998b7f420d653ad7d3865a"",""e57a961337827ed6a9e7b67b"",""dd2d46aadc6ee852504b0f2d""]"
d678314fb3a406257e8f,05dbbc664b1e2d9b26cb,pr160-cold-storage,damacy,damacy,random12,random-1x256x256,local block storage,random12-zstd-256-16,262144,"[2,256,256]",zstd,16384,compression/output,1.3285753780077916,maximize,0.941982121810818,False,minimize storage/useful bytes and maximize useful throughput,undefined; nondominance is not a scalar winner rule,"[""4002b2e7b9572e51a86d09ab"",""56fde1e08a265e0f42e319d5"",""49778b91775a322ccce201a5""]"
d678314fb3a406257e8f,1a4a058e431620e02ebe,pr160-cold-storage,damacy,damacy,random12,random-1x256x256,local block storage,random12-lz4-256-16,262144,"[2,256,256]",lz4,16384,compression/output,1.322037086504447,maximize,0.9374258903534393,False,minimize storage/useful bytes and maximize useful throughput,undefined; nondominance is not a scalar winner rule,"[""0b8d0626d55b4e3476a09dcb"",""5da47a4f38ab135d7e4fdff6"",""ba154d4416dc7dc8c24acce6""]"
d678314fb3a406257e8f,40401762f903efe8579c,pr160-cold-storage,damacy,damacy,random12,random-1x256x256,local block storage,random12-zstd-1024-16,1048576,"[8,256,256]",zstd,16384,compression/output,1.3287369985455217,maximize,0.9755756881445531,True,minimize storage/useful bytes and maximize useful throughput,undefined; nondominance is not a scalar winner rule,"[""487a1423faeffb65e07ffc83"",""f448a00185d8fe64dd18d83e"",""776554e2463282118571a3db""]"
d678314fb3a406257e8f,57fe3fa8cfaa40b10894,pr160-cold-storage,damacy,damacy,random12,random-1x256x256,local block storage,random12-zstd-64-16,65536,"[1,128,256]",zstd,16384,compression/output,1.3279292888390097,maximize,0.8640943985985381,False,minimize storage/useful bytes and maximize useful throughput,undefined; nondominance is not a scalar winner rule,"[""b778ba6fdcb60950eb37a69d"",""80a8e1eac81122e62a217e6c"",""e65e6f38bc461980059d0e20""]"
d678314fb3a406257e8f,5c78298e0ae376759837,pr160-cold-storage,damacy,damacy,random12,random-1x256x256,local block storage,random12-lz4-16-16,16384,"[1,64,128]",lz4,16384,compression/output,1.3188445768380552,maximize,0.6241865702691938,False,minimize storage/useful bytes and maximize useful throughput,undefined; nondominance is not a scalar winner rule,"[""432e1b3fe03ef6fc74ea375d"",""3b4fa2b6c032e3187d0bc6e8"",""f9c8276d04ed0c71a1a1da36""]"
d678314fb3a406257e8f,5d0dfaa45e3b40e9037f,pr160-cold-storage,damacy,damacy,random12,random-1x256x256,local block storage,random12-lz4-64-16,65536,"[1,128,256]",lz4,16384,compression/output,1.3213973393284457,maximize,0.8656646406065336,False,minimize storage/useful bytes and maximize useful throughput,undefined; nondominance is not a scalar winner rule,"[""aa1f5f9ec3d46192b31a633e"",""247930fe3895af9e5955ec6c"",""51a75d71cac20ee06a355343""]"
d678314fb3a406257e8f,9718778eac257ec505b9,pr160-cold-storage,damacy,damacy,random12,random-1x256x256,local block storage,random12-lz4-1024-16,1048576,"[8,256,256]",lz4,16384,compression/output,1.322197120100801,maximize,0.9534984803776616,False,minimize storage/useful bytes and maximize useful throughput,undefined; nondominance is not a scalar winner rule,"[""21e43dc32b8fb808e3c4c746"",""5df92b04f89fdfdf447e265a"",""5d186a6975a6af47c27006f4""]"
d678314fb3a406257e8f,b2335f0032039171f8c2,pr160-cold-storage,damacy,damacy,random12,random-1x256x256,local block storage,random12-zstd-16-16,16384,"[1,64,128]",zstd,16384,compression/output,1.3253511793173984,maximize,0.6377355601231282,False,minimize storage/useful bytes and maximize useful throughput,undefined; nondominance is not a scalar winner rule,"[""9132fdf0b59b375ae03bef23"",""8221a6479fca06c823caef9f"",""eff701ca8487d580be4a5fbb""]"
d678314fb3a406257e8f,05dbbc664b1e2d9b26cb,pr160-cold-storage,damacy,damacy,random12,random-1x256x256,local block storage,random12-zstd-256-16,262144,"[2,256,256]",zstd,16384,encoded-traffic/output,5.877677276730537,minimize,0.941982121810818,True,minimize storage/useful bytes and maximize useful throughput,undefined; nondominance is not a scalar winner rule,"[""4002b2e7b9572e51a86d09ab"",""56fde1e08a265e0f42e319d5"",""49778b91775a322ccce201a5""]"
d678314fb3a406257e8f,1a4a058e431620e02ebe,pr160-cold-storage,damacy,damacy,random12,random-1x256x256,local block storage,random12-lz4-256-16,262144,"[2,256,256]",lz4,16384,encoded-traffic/output,5.906748287379742,minimize,0.9374258903534393,False,minimize storage/useful bytes and maximize useful throughput,undefined; nondominance is not a scalar winner rule,"[""0b8d0626d55b4e3476a09dcb"",""5da47a4f38ab135d7e4fdff6"",""ba154d4416dc7dc8c24acce6""]"
d678314fb3a406257e8f,40401762f903efe8579c,pr160-cold-storage,damacy,damacy,random12,random-1x256x256,local block storage,random12-zstd-1024-16,1048576,"[8,256,256]",zstd,16384,encoded-traffic/output,22.249590633437037,minimize,0.9755756881445531,True,minimize storage/useful bytes and maximize useful throughput,undefined; nondominance is not a scalar winner rule,"[""487a1423faeffb65e07ffc83"",""f448a00185d8fe64dd18d83e"",""776554e2463282118571a3db""]"
d678314fb3a406257e8f,57fe3fa8cfaa40b10894,pr160-cold-storage,damacy,damacy,random12,random-1x256x256,local block storage,random12-zstd-64-16,65536,"[1,128,256]",zstd,16384,encoded-traffic/output,2.2278230376541615,minimize,0.8640943985985381,True,minimize storage/useful bytes and maximize useful throughput,undefined; nondominance is not a scalar winner rule,"[""b778ba6fdcb60950eb37a69d"",""80a8e1eac81122e62a217e6c"",""e65e6f38bc461980059d0e20""]"
d678314fb3a406257e8f,5c78298e0ae376759837,pr160-cold-storage,damacy,damacy,random12,random-1x256x256,local block storage,random12-lz4-16-16,16384,"[1,64,128]",lz4,16384,encoded-traffic/output,1.402905335649848,minimize,0.6241865702691938,False,minimize storage/useful bytes and maximize useful throughput,undefined; nondominance is not a scalar winner rule,"[""432e1b3fe03ef6fc74ea375d"",""3b4fa2b6c032e3187d0bc6e8"",""f9c8276d04ed0c71a1a1da36""]"
d678314fb3a406257e8f,5d0dfaa45e3b40e9037f,pr160-cold-storage,damacy,damacy,random12,random-1x256x256,local block storage,random12-lz4-64-16,65536,"[1,128,256]",lz4,16384,encoded-traffic/output,2.2388390488922596,minimize,0.8656646406065336,True,minimize storage/useful bytes and maximize useful throughput,undefined; nondominance is not a scalar winner rule,"[""aa1f5f9ec3d46192b31a633e"",""247930fe3895af9e5955ec6c"",""51a75d71cac20ee06a355343""]"
d678314fb3a406257e8f,9718778eac257ec505b9,pr160-cold-storage,damacy,damacy,random12,random-1x256x256,local block storage,random12-lz4-1024-16,1048576,"[8,256,256]",lz4,16384,encoded-traffic/output,22.359643898904324,minimize,0.9534984803776616,False,minimize storage/useful bytes and maximize useful throughput,undefined; nondominance is not a scalar winner rule,"[""21e43dc32b8fb808e3c4c746"",""5df92b04f89fdfdf447e265a"",""5d186a6975a6af47c27006f4""]"
d678314fb3a406257e8f,b2335f0032039171f8c2,pr160-cold-storage,damacy,damacy,random12,random-1x256x256,local block storage,random12-zstd-16-16,16384,"[1,64,128]",zstd,16384,encoded-traffic/output,1.396009150892496,minimize,0.6377355601231282,True,minimize storage/useful bytes and maximize useful throughput,undefined; nondominance is not a scalar winner rule,"[""9132fdf0b59b375ae03bef23"",""8221a6479fca06c823caef9f"",""eff701ca8487d580be4a5fbb""]"
d678314fb3a406257e8f,05dbbc664b1e2d9b26cb,pr160-cold-storage,damacy,damacy,random12,random-1x256x256,local block storage,random12-zstd-256-16,262144,"[2,256,256]",zstd,16384,local-storage-traffic/output,5.562136332194011,minimize,0.941982121810818,True,minimize storage/useful bytes and maximize useful throughput,undefined; nondominance is not a scalar winner rule,"[""4002b2e7b9572e51a86d09ab"",""56fde1e08a265e0f42e319d5"",""49778b91775a322ccce201a5""]"
d678314fb3a406257e8f,1a4a058e431620e02ebe,pr160-cold-storage,damacy,damacy,random12,random-1x256x256,local block storage,random12-lz4-256-16,262144,"[2,256,256]",lz4,16384,local-storage-traffic/output,5.520713170369466,minimize,0.9374258903534393,True,minimize storage/useful bytes and maximize useful throughput,undefined; nondominance is not a scalar winner rule,"[""0b8d0626d55b4e3476a09dcb"",""5da47a4f38ab135d7e4fdff6"",""ba154d4416dc7dc8c24acce6""]"
d678314fb3a406257e8f,40401762f903efe8579c,pr160-cold-storage,damacy,damacy,random12,random-1x256x256,local block storage,random12-zstd-1024-16,1048576,"[8,256,256]",zstd,16384,local-storage-traffic/output,5.9534454345703125,minimize,0.9755756881445531,True,minimize storage/useful bytes and maximize useful throughput,undefined; nondominance is not a scalar winner rule,"[""487a1423faeffb65e07ffc83"",""f448a00185d8fe64dd18d83e"",""776554e2463282118571a3db""]"
d678314fb3a406257e8f,57fe3fa8cfaa40b10894,pr160-cold-storage,damacy,damacy,random12,random-1x256x256,local block storage,random12-zstd-64-16,65536,"[1,128,256]",zstd,16384,local-storage-traffic/output,5.03812685879794,minimize,0.8640943985985381,False,minimize storage/useful bytes and maximize useful throughput,undefined; nondominance is not a scalar winner rule,"[""b778ba6fdcb60950eb37a69d"",""80a8e1eac81122e62a217e6c"",""e65e6f38bc461980059d0e20""]"
d678314fb3a406257e8f,5c78298e0ae376759837,pr160-cold-storage,damacy,damacy,random12,random-1x256x256,local block storage,random12-lz4-16-16,16384,"[1,64,128]",lz4,16384,local-storage-traffic/output,3.9366531372070312,minimize,0.6241865702691938,True,minimize storage/useful bytes and maximize useful throughput,undefined; nondominance is not a scalar winner rule,"[""432e1b3fe03ef6fc74ea375d"",""3b4fa2b6c032e3187d0bc6e8"",""f9c8276d04ed0c71a1a1da36""]"
d678314fb3a406257e8f,5d0dfaa45e3b40e9037f,pr160-cold-storage,damacy,damacy,random12,random-1x256x256,local block storage,random12-lz4-64-16,65536,"[1,128,256]",lz4,16384,local-storage-traffic/output,5.036060680042613,minimize,0.8656646406065336,True,minimize storage/useful bytes and maximize useful throughput,undefined; nondominance is not a scalar winner rule,"[""aa1f5f9ec3d46192b31a633e"",""247930fe3895af9e5955ec6c"",""51a75d71cac20ee06a355343""]"
d678314fb3a406257e8f,9718778eac257ec505b9,pr160-cold-storage,damacy,damacy,random12,random-1x256x256,local block storage,random12-lz4-1024-16,1048576,"[8,256,256]",lz4,16384,local-storage-traffic/output,5.989226659138997,minimize,0.9534984803776616,False,minimize storage/useful bytes and maximize useful throughput,undefined; nondominance is not a scalar winner rule,"[""21e43dc32b8fb808e3c4c746"",""5df92b04f89fdfdf447e265a"",""5d186a6975a6af47c27006f4""]"
d678314fb3a406257e8f,b2335f0032039171f8c2,pr160-cold-storage,damacy,damacy,random12,random-1x256x256,local block storage,random12-zstd-16-16,16384,"[1,64,128]",zstd,16384,local-storage-traffic/output,3.959623064313616,minimize,0.6377355601231282,True,minimize storage/useful bytes and maximize useful throughput,undefined; nondominance is not a scalar winner rule,"[""9132fdf0b59b375ae03bef23"",""8221a6479fca06c823caef9f"",""eff701ca8487d580be4a5fbb""]"
d02545ec5d020d2381ed,07b2f7e564b81bb8acd9,cpu-small-chunks,tensorstore,tensorstore,smooth4,random-1x256x256,local block storage,smooth4-lz4-16-16,16384,"[1,64,128]",lz4,16384,compression/output,1.570198337802875,maximize,2.3746206485602244,False,maximize compression and output throughput; original traffic frontier retained separately,undefined; nondominance is not a scalar winner rule,"[""a17e856ff0b18cc2ece15d05"",""157ecf65dd3fec17e5d4e1d0"",""92a6e8559c9a47861908bcac""]"
d02545ec5d020d2381ed,2ed41f5de31097d9b6ab,cpu-small-chunks,tensorstore,tensorstore,smooth4,random-1x256x256,local block storage,smooth4-zstd-32-16,32768,"[1,128,128]",zstd,16384,compression/output,1.8366829025162181,maximize,2.6853015622851006,True,maximize compression and output throughput; original traffic frontier retained separately,undefined; nondominance is not a scalar winner rule,"[""144123816ba2bdcc575a23d6"",""c2b6a986144a6890bcdf0f88"",""e876d2a8f8b391442ecffd86""]"
d02545ec5d020d2381ed,41962a1b4acfa91ff4c6,cpu-small-chunks,tensorstore,tensorstore,smooth4,random-1x256x256,local block storage,smooth4-lz4-64-16,65536,"[1,128,256]",lz4,16384,compression/output,1.5663428823641548,maximize,2.3447623072611385,False,maximize compression and output throughput; original traffic frontier retained separately,undefined; nondominance is not a scalar winner rule,"[""50fdeac338e02fa20182949e"",""b682130017be360a4c8d0227"",""a3128bc88b075f577537e745""]"
d02545ec5d020d2381ed,47096854b7057272bacc,cpu-small-chunks,tensorstore,tensorstore,smooth4,random-1x256x256,local block storage,smooth4-zstd-64-16,65536,"[1,128,256]",zstd,16384,compression/output,1.8309433434379625,maximize,2.4972368843186956,False,maximize compression and output throughput; original traffic frontier retained separately,undefined; nondominance is not a scalar winner rule,"[""9f237ca4fdc822dcfd773ac3"",""2b02b92486e4606acd0f7039"",""fa54a390839da9e8b4b42f31""]"
d02545ec5d020d2381ed,941c842a067f1797e574,cpu-small-chunks,tensorstore,tensorstore,smooth4,random-1x256x256,local block storage,smooth4-lz4-128-16,131072,"[1,256,256]",lz4,16384,compression/output,1.5669420934469545,maximize,2.6235484831088267,False,maximize compression and output throughput; original traffic frontier retained separately,undefined; nondominance is not a scalar winner rule,"[""ede58533198746ab6bb66043"",""449897c2cc28e986498cc73c"",""504effda05ac8bd314050608""]"
d02545ec5d020d2381ed,94f7c74db6b0d14d5c4c,cpu-small-chunks,tensorstore,tensorstore,smooth4,random-1x256x256,local block storage,smooth4-zstd-128-16,131072,"[1,256,256]",zstd,16384,compression/output,1.8317621551383316,maximize,2.7751541917132,True,maximize compression and output throughput; original traffic frontier retained separately,undefined; nondominance is not a scalar winner rule,"[""551f81cb990d07e46cb40c45"",""7e2767ec0449d740c94d97ed"",""4121ad6da52ee251f7abc0a9""]"
d02545ec5d020d2381ed,c96b3ad43ebb244f60ee,cpu-small-chunks,tensorstore,tensorstore,smooth4,random-1x256x256,local block storage,smooth4-lz4-32-16,32768,"[1,128,128]",lz4,16384,compression/output,1.572609772618283,maximize,2.4683825255587863,False,maximize compression and output throughput; original traffic frontier retained separately,undefined; nondominance is not a scalar winner rule,"[""7af7e8f810eec2155174eb11"",""ce19b5b4aa8d8b089441441b"",""bdd1a8df8562eceea6a481d6""]"
d02545ec5d020d2381ed,eab44d95242612caf841,cpu-small-chunks,tensorstore,tensorstore,smooth4,random-1x256x256,local block storage,smooth4-zstd-16-16,16384,"[1,64,128]",zstd,16384,compression/output,1.8333944608562351,maximize,2.518256178080527,False,maximize compression and output throughput; original traffic frontier retained separately,undefined; nondominance is not a scalar winner rule,"[""672693e056dc26ad33f1daae"",""41ae1d76edd4f2b7f695ba4b"",""8d1bb5014f567fc09149bc71""]"
d02545ec5d020d2381ed,07b2f7e564b81bb8acd9,cpu-small-chunks,tensorstore,tensorstore,smooth4,random-1x256x256,local block storage,smooth4-lz4-16-16,16384,"[1,64,128]",lz4,16384,local-storage-traffic/output,1.4557946523030598,minimize,2.3746206485602244,False,maximize compression and output throughput; original traffic frontier retained separately,undefined; nondominance is not a scalar winner rule,"[""a17e856ff0b18cc2ece15d05"",""157ecf65dd3fec17e5d4e1d0"",""92a6e8559c9a47861908bcac""]"
d02545ec5d020d2381ed,2ed41f5de31097d9b6ab,cpu-small-chunks,tensorstore,tensorstore,smooth4,random-1x256x256,local block storage,smooth4-zstd-32-16,32768,"[1,128,128]",zstd,16384,local-storage-traffic/output,1.475574220929827,minimize,2.6853015622851006,True,maximize compression and output throughput; original traffic frontier retained separately,undefined; nondominance is not a scalar winner rule,"[""144123816ba2bdcc575a23d6"",""c2b6a986144a6890bcdf0f88"",""e876d2a8f8b391442ecffd86""]"
d02545ec5d020d2381ed,41962a1b4acfa91ff4c6,cpu-small-chunks,tensorstore,tensorstore,smooth4,random-1x256x256,local block storage,smooth4-lz4-64-16,65536,"[1,128,256]",lz4,16384,local-storage-traffic/output,2.0515975952148438,minimize,2.3447623072611385,False,maximize compression and output throughput; original traffic frontier retained separately,undefined; nondominance is not a scalar winner rule,"[""50fdeac338e02fa20182949e"",""b682130017be360a4c8d0227"",""a3128bc88b075f577537e745""]"
d02545ec5d020d2381ed,47096854b7057272bacc,cpu-small-chunks,tensorstore,tensorstore,smooth4,random-1x256x256,local block storage,smooth4-zstd-64-16,65536,"[1,128,256]",zstd,16384,local-storage-traffic/output,1.7911810193743025,minimize,2.4972368843186956,False,maximize compression and output throughput; original traffic frontier retained separately,undefined; nondominance is not a scalar winner rule,"[""9f237ca4fdc822dcfd773ac3"",""2b02b92486e4606acd0f7039"",""fa54a390839da9e8b4b42f31""]"
d02545ec5d020d2381ed,941c842a067f1797e574,cpu-small-chunks,tensorstore,tensorstore,smooth4,random-1x256x256,local block storage,smooth4-lz4-128-16,131072,"[1,256,256]",lz4,16384,local-storage-traffic/output,2.6270294189453125,minimize,2.6235484831088267,False,maximize compression and output throughput; original traffic frontier retained separately,undefined; nondominance is not a scalar winner rule,"[""ede58533198746ab6bb66043"",""449897c2cc28e986498cc73c"",""504effda05ac8bd314050608""]"
d02545ec5d020d2381ed,94f7c74db6b0d14d5c4c,cpu-small-chunks,tensorstore,tensorstore,smooth4,random-1x256x256,local block storage,smooth4-zstd-128-16,131072,"[1,256,256]",zstd,16384,local-storage-traffic/output,2.2575626373291016,minimize,2.7751541917132,True,maximize compression and output throughput; original traffic frontier retained separately,undefined; nondominance is not a scalar winner rule,"[""551f81cb990d07e46cb40c45"",""7e2767ec0449d740c94d97ed"",""4121ad6da52ee251f7abc0a9""]"
d02545ec5d020d2381ed,c96b3ad43ebb244f60ee,cpu-small-chunks,tensorstore,tensorstore,smooth4,random-1x256x256,local block storage,smooth4-lz4-32-16,32768,"[1,128,128]",lz4,16384,local-storage-traffic/output,1.6801858629499162,minimize,2.4683825255587863,False,maximize compression and output throughput; original traffic frontier retained separately,undefined; nondominance is not a scalar winner rule,"[""7af7e8f810eec2155174eb11"",""ce19b5b4aa8d8b089441441b"",""bdd1a8df8562eceea6a481d6""]"
d02545ec5d020d2381ed,eab44d95242612caf841,cpu-small-chunks,tensorstore,tensorstore,smooth4,random-1x256x256,local block storage,smooth4-zstd-16-16,16384,"[1,64,128]",zstd,16384,local-storage-traffic/output,1.2873344421386719,minimize,2.518256178080527,True,maximize compression and output throughput; original traffic frontier retained separately,undefined; nondominance is not a scalar winner rule,"[""672693e056dc26ad33f1daae"",""41ae1d76edd4f2b7f695ba4b"",""8d1bb5014f567fc09149bc71""]"
b07b72a78260e11bed02,07cef6acb2857e970788,cpu-chunk-blocks,damacy,chunks256-random,smooth4,random-1x256x256,local block storage,smooth4-zstd-512-256,524288,"[1,512,512]",zstd,262144,compression/output,1.8823881322928948,maximize,2.7608076028677018,False,maximize compression and output throughput,undefined; nondominance is not a scalar winner rule,"[""c1d194207a0a51557d2a35dc"",""4663e9b2904c486ee8ab6263"",""009bd1d32387be840bc9b43c""]"
b07b72a78260e11bed02,07eb7eb13f270b32598c,cpu-chunk-blocks,damacy,chunks256-random,smooth4,random-1x256x256,local block storage,smooth4-lz4-128-128,131072,"[1,256,256]",lz4,131072,compression/output,1.6017382552426165,maximize,3.300574491483771,False,maximize compression and output throughput,undefined; nondominance is not a scalar winner rule,"[""5c788b50775e8552a865ab40"",""06539b83bdd14a9e6ab29a0a"",""620e56e996ac5d67be8dc998""]"
b07b72a78260e11bed02,0cfb280dc5f2bed93ff8,cpu-chunk-blocks,damacy,chunks256-random,smooth4,random-1x256x256,local block storage,smooth4-lz4-128-16,131072,"[1,256,256]",lz4,16384,compression/output,1.5669420934469545,maximize,3.267337595907511,False,maximize compression and output throughput,undefined; nondominance is not a scalar winner rule,"[""9aaac42cfd76c38bdd2fb022"",""de500d446bbdd7c94e12ee7f"",""9e8b010ed0a110e318eadc76""]"
b07b72a78260e11bed02,14690f27af6f57929a53,cpu-chunk-blocks,damacy,chunks256-random,smooth4,random-1x256x256,local block storage,smooth4-lz4-128-64,131072,"[1,256,256]",lz4,65536,compression/output,1.6005883232081666,maximize,3.34135666333119,False,maximize compression and output throughput,undefined; nondominance is not a scalar winner rule,"[""36cfed2d0912dc10a7d40127"",""98ade07614ffcbeed757f93a"",""855b95352651b8b95d675c15""]"
b07b72a78260e11bed02,260982ad0a9e8b4cd629,cpu-chunk-blocks,damacy,chunks256-random,smooth4,random-1x256x256,local block storage,smooth4-lz4-32-32,32768,"[1,128,128]",lz4,32768,compression/output,1.5856470833576932,maximize,3.4667847858160625,False,maximize compression and output throughput,undefined; nondominance is not a scalar winner rule,"[""eb133482dddf4c2fcb038810"",""8363cd7131f481de363d5d95"",""90409a4137cb0d87220b3807""]"
b07b72a78260e11bed02,2b935d5a7baf8fbd9c05,cpu-chunk-blocks,damacy,chunks256-random,smooth4,random-1x256x256,local block storage,smooth4-zstd-128-128,131072,"[1,256,256]",zstd,131072,compression/output,1.8644857768631582,maximize,3.518721774525175,True,maximize compression and output throughput,undefined; nondominance is not a scalar winner rule,"[""3279cd2a02a8e3656d33d97c"",""be4d47796badd09cae7106aa"",""2650233c375dc742f124a74a""]"
b07b72a78260e11bed02,43266e444304ca0a6d9c,cpu-chunk-blocks,damacy,chunks256-random,smooth4,random-1x256x256,local block storage,smooth4-zstd-32-32,32768,"[1,128,128]",zstd,32768,compression/output,1.8451430092694745,maximize,4.106672220242911,True,maximize compression and output throughput,undefined; nondominance is not a scalar winner rule,"[""2f07c5bdb15ce9691fdbbfc4"",""aa47e4d84f8c9a610e2853b5"",""1692161f999ef86d7d756c62""]"
b07b72a78260e11bed02,48792ac080280790d588,cpu-chunk-blocks,damacy,chunks256-random,smooth4,random-1x256x256,local block storage,smooth4-lz4-32-16,32768,"[1,128,128]",lz4,16384,compression/output,1.572609772618283,maximize,3.4622321886447875,False,maximize compression and output throughput,undefined; nondominance is not a scalar winner rule,"[""f39005eb2b435181fc762e89"",""fa987757b3f4319934d667d9"",""10b269016a693a85ee95138c""]"
b07b72a78260e11bed02,51f3bb22bb2b3f61ff76,cpu-chunk-blocks,damacy,chunks256-random,smooth4,random-1x256x256,local block storage,smooth4-zstd-32-4,32768,"[1,128,128]",zstd,4096,compression/output,1.7797988160289273,maximize,3.8299012627386015,False,maximize compression and output throughput,undefined; nondominance is not a scalar winner rule,"[""d26d384a497761d03da338ef"",""6e3c63a2656b2b12b72fa344"",""6ea277ba3d005fc9ace6a120""]"
b07b72a78260e11bed02,5da8449c9972c910eaac,cpu-chunk-blocks,damacy,chunks256-random,smooth4,random-1x256x256,local block storage,smooth4-zstd-32-16,32768,"[1,128,128]",zstd,16384,compression/output,1.8366829025162181,maximize,4.014959096350938,False,maximize compression and output throughput,undefined; nondominance is not a scalar winner rule,"[""81534a42900a85073ab51f41"",""61a9fada86bf536ac43a1fba"",""ec179c7fcadebf4a040a917e""]"
b07b72a78260e11bed02,68de91bcc2eba5b94bfb,cpu-chunk-blocks,damacy,chunks256-random,smooth4,random-1x256x256,local block storage,smooth4-lz4-512-256,524288,"[1,512,512]",lz4,262144,compression/output,1.6167072291075084,maximize,2.967669918862145,False,maximize compression and output throughput,undefined; nondominance is not a scalar winner rule,"[""4e413ddb02d99c90b89a86e0"",""b03edcfbf85b8058328e81f4"",""fe1ec9e36bb20a9af8d4b617""]"
b07b72a78260e11bed02,7341105eaf66ece7593c,cpu-chunk-blocks,damacy,chunks256-random,smooth4,random-1x256x256,local block storage,smooth4-lz4-512-64,524288,"[1,512,512]",lz4,65536,compression/output,1.5980931987208997,maximize,2.9793213075505114,False,maximize compression and output throughput,undefined; nondominance is not a scalar winner rule,"[""3a7284a6ab1d4afa8360dcbe"",""badb0002afd509659b72f62c"",""9470197a3a03b9b0a38fb8f7""]"
b07b72a78260e11bed02,77f87023f08be27c32b9,cpu-chunk-blocks,damacy,chunks256-random,smooth4,random-1x256x256,local block storage,smooth4-lz4-32-4,32768,"[1,128,128]",lz4,4096,compression/output,1.5216670305492115,maximize,3.3291162733955186,False,maximize compression and output throughput,undefined; nondominance is not a scalar winner rule,"[""3d21a881cc224ff3b8dc989e"",""e05bd8f7178554a9b2553c35"",""45b092d2d431179e1280815e""]"
b07b72a78260e11bed02,7c3e837cb0fe58c768a4,cpu-chunk-blocks,damacy,chunks256-random,smooth4,random-1x256x256,local block storage,smooth4-zstd-128-16,131072,"[1,256,256]",zstd,16384,compression/output,1.8317621551383316,maximize,3.497935565962786,False,maximize compression and output throughput,undefined; nondominance is not a scalar winner rule,"[""fdfd952b59a29ab937638471"",""e8f3121f0e537e7edf2bff59"",""954e0ca3bfc65a1789cf5718""]"
b07b72a78260e11bed02,9476260742a27ff876dc,cpu-chunk-blocks,damacy,chunks256-random,smooth4,random-1x256x256,local block storage,smooth4-lz4-512-16,524288,"[1,512,512]",lz4,16384,compression/output,1.5666306456387868,maximize,2.9659069480179414,False,maximize compression and output throughput,undefined; nondominance is not a scalar winner rule,"[""7d3b8a747387fc603a0a2bd8"",""8376db70f1fefb45a0f0acb0"",""56af176a74135b46d3bad66b""]"
b07b72a78260e11bed02,c1cb82019dcb89b050fe,cpu-chunk-blocks,damacy,chunks256-random,smooth4,random-1x256x256,local block storage,smooth4-lz4-512-512,524288,"[1,512,512]",lz4,524288,compression/output,1.626606892779916,maximize,2.998727989247506,False,maximize compression and output throughput,undefined; nondominance is not a scalar winner rule,"[""7632505dac6fbf562f3197f0"",""3c9f14c7b368e8188ac95fff"",""a3c3f9a30a93350943437721""]"
b07b72a78260e11bed02,ce32326313395649df42,cpu-chunk-blocks,damacy,chunks256-random,smooth4,random-1x256x256,local block storage,smooth4-zstd-128-64,131072,"[1,256,256]",zstd,65536,compression/output,1.85368967938808,maximize,3.5248388221869673,True,maximize compression and output throughput,undefined; nondominance is not a scalar winner rule,"[""03a30d320ec282fab5201a67"",""b3f3c7dd67161c9f3dc6b6da"",""e08ed355f60e7b7995c916e9""]"
b07b72a78260e11bed02,d2e833165e5217c7eca8,cpu-chunk-blocks,damacy,chunks256-random,smooth4,random-1x256x256,local block storage,smooth4-zstd-512-16,524288,"[1,512,512]",zstd,16384,compression/output,1.8294478975980146,maximize,2.5520490948507972,False,maximize compression and output throughput,undefined; nondominance is not a scalar winner rule,"[""0c02ed8c673d80ac632c7028"",""0eb41cba36004da12824460e"",""29cb89e675386f61437951e5""]"
b07b72a78260e11bed02,e740d1c8d056e23877ad,cpu-chunk-blocks,damacy,chunks256-random,smooth4,random-1x256x256,local block storage,smooth4-zstd-512-512,524288,"[1,512,512]",zstd,524288,compression/output,1.970907362204299,maximize,2.847424384684519,True,maximize compression and output throughput,undefined; nondominance is not a scalar winner rule,"[""c0dd487631e68a9305507d7f"",""1809fb11ba141d045ed39117"",""3d03d501228834df45b76e62""]"
b07b72a78260e11bed02,fcb247b9ccf565121a50,cpu-chunk-blocks,damacy,chunks256-random,smooth4,random-1x256x256,local block storage,smooth4-zstd-512-64,524288,"[1,512,512]",zstd,65536,compression/output,1.8505648607554412,maximize,2.675411368778187,False,maximize compression and output throughput,undefined; nondominance is not a scalar winner rule,"[""3262939a53a164b7e029d045"",""c3172468ea50b5fd28a9fb05"",""fe34ab429e359bb7bed44e8b""]"
b07b72a78260e11bed02,07cef6acb2857e970788,cpu-chunk-blocks,damacy,chunks256-random,smooth4,random-1x256x256,local block storage,smooth4-zstd-512-256,524288,"[1,512,512]",zstd,262144,encoded-traffic/output,4.479818214196712,minimize,2.7608076028677018,False,maximize compression and output throughput,undefined; nondominance is not a scalar winner rule,"[""c1d194207a0a51557d2a35dc"",""4663e9b2904c486ee8ab6263"",""009bd1d32387be840bc9b43c""]"
b07b72a78260e11bed02,07eb7eb13f270b32598c,cpu-chunk-blocks,damacy,chunks256-random,smooth4,random-1x256x256,local block storage,smooth4-lz4-128-128,131072,"[1,256,256]",lz4,131072,encoded-traffic/output,2.4813294243067503,minimize,3.300574491483771,False,maximize compression and output throughput,undefined; nondominance is not a scalar winner rule,"[""5c788b50775e8552a865ab40"",""06539b83bdd14a9e6ab29a0a"",""620e56e996ac5d67be8dc998""]"
b07b72a78260e11bed02,0cfb280dc5f2bed93ff8,cpu-chunk-blocks,damacy,chunks256-random,smooth4,random-1x256x256,local block storage,smooth4-lz4-128-16,131072,"[1,256,256]",lz4,16384,encoded-traffic/output,2.5364576554857194,minimize,3.267337595907511,False,maximize compression and output throughput,undefined; nondominance is not a scalar winner rule,"[""9aaac42cfd76c38bdd2fb022"",""de500d446bbdd7c94e12ee7f"",""9e8b010ed0a110e318eadc76""]"
b07b72a78260e11bed02,14690f27af6f57929a53,cpu-chunk-blocks,damacy,chunks256-random,smooth4,random-1x256x256,local block storage,smooth4-lz4-128-64,131072,"[1,256,256]",lz4,65536,encoded-traffic/output,2.483110681641847,minimize,3.34135666333119,False,maximize compression and output throughput,undefined; nondominance is not a scalar winner rule,"[""36cfed2d0912dc10a7d40127"",""98ade07614ffcbeed757f93a"",""855b95352651b8b95d675c15""]"
b07b72a78260e11bed02,260982ad0a9e8b4cd629,cpu-chunk-blocks,damacy,chunks256-random,smooth4,random-1x256x256,local block storage,smooth4-lz4-32-32,32768,"[1,128,128]",lz4,32768,encoded-traffic/output,1.4085280168801546,minimize,3.4667847858160625,False,maximize compression and output throughput,undefined; nondominance is not a scalar winner rule,"[""eb133482dddf4c2fcb038810"",""8363cd7131f481de363d5d95"",""90409a4137cb0d87220b3807""]"
b07b72a78260e11bed02,2b935d5a7baf8fbd9c05,cpu-chunk-blocks,damacy,chunks256-random,smooth4,random-1x256x256,local block storage,smooth4-zstd-128-128,131072,"[1,256,256]",zstd,131072,encoded-traffic/output,2.1317356233485043,minimize,3.518721774525175,False,maximize compression and output throughput,undefined; nondominance is not a scalar winner rule,"[""3279cd2a02a8e3656d33d97c"",""be4d47796badd09cae7106aa"",""2650233c375dc742f124a74a""]"
b07b72a78260e11bed02,43266e444304ca0a6d9c,cpu-chunk-blocks,damacy,chunks256-random,smooth4,random-1x256x256,local block storage,smooth4-zstd-32-32,32768,"[1,128,128]",zstd,32768,encoded-traffic/output,1.2103052278980613,minimize,4.106672220242911,True,maximize compression and output throughput,undefined; nondominance is not a scalar winner rule,"[""2f07c5bdb15ce9691fdbbfc4"",""aa47e4d84f8c9a610e2853b5"",""1692161f999ef86d7d756c62""]"
b07b72a78260e11bed02,48792ac080280790d588,cpu-chunk-blocks,damacy,chunks256-random,smooth4,random-1x256x256,local block storage,smooth4-lz4-32-16,32768,"[1,128,128]",lz4,16384,encoded-traffic/output,1.4202150963246822,minimize,3.4622321886447875,False,maximize compression and output throughput,undefined; nondominance is not a scalar winner rule,"[""f39005eb2b435181fc762e89"",""fa987757b3f4319934d667d9"",""10b269016a693a85ee95138c""]"
b07b72a78260e11bed02,51f3bb22bb2b3f61ff76,cpu-chunk-blocks,damacy,chunks256-random,smooth4,random-1x256x256,local block storage,smooth4-zstd-32-4,32768,"[1,128,128]",zstd,4096,encoded-traffic/output,1.2547480915673077,minimize,3.8299012627386015,False,maximize compression and output throughput,undefined; nondominance is not a scalar winner rule,"[""d26d384a497761d03da338ef"",""6e3c63a2656b2b12b72fa344"",""6ea277ba3d005fc9ace6a120""]"
b07b72a78260e11bed02,5da8449c9972c910eaac,cpu-chunk-blocks,damacy,chunks256-random,smooth4,random-1x256x256,local block storage,smooth4-zstd-32-16,32768,"[1,128,128]",zstd,16384,encoded-traffic/output,1.215849784668535,minimize,4.014959096350938,False,maximize compression and output throughput,undefined; nondominance is not a scalar winner rule,"[""81534a42900a85073ab51f41"",""61a9fada86bf536ac43a1fba"",""ec179c7fcadebf4a040a917e""]"
b07b72a78260e11bed02,68de91bcc2eba5b94bfb,cpu-chunk-blocks,damacy,chunks256-random,smooth4,random-1x256x256,local block storage,smooth4-lz4-512-256,524288,"[1,512,512]",lz4,262144,encoded-traffic/output,5.216113526374102,minimize,2.967669918862145,False,maximize compression and output throughput,undefined; nondominance is not a scalar winner rule,"[""4e413ddb02d99c90b89a86e0"",""b03edcfbf85b8058328e81f4"",""fe1ec9e36bb20a9af8d4b617""]"
b07b72a78260e11bed02,7341105eaf66ece7593c,cpu-chunk-blocks,damacy,chunks256-random,smooth4,random-1x256x256,local block storage,smooth4-lz4-512-64,524288,"[1,512,512]",lz4,65536,encoded-traffic/output,5.2768407124094665,minimize,2.9793213075505114,False,maximize compression and output throughput,undefined; nondominance is not a scalar winner rule,"[""3a7284a6ab1d4afa8360dcbe"",""badb0002afd509659b72f62c"",""9470197a3a03b9b0a38fb8f7""]"
b07b72a78260e11bed02,77f87023f08be27c32b9,cpu-chunk-blocks,damacy,chunks256-random,smooth4,random-1x256x256,local block storage,smooth4-lz4-32-4,32768,"[1,128,128]",lz4,4096,encoded-traffic/output,1.4678072398528457,minimize,3.3291162733955186,False,maximize compression and output throughput,undefined; nondominance is not a scalar winner rule,"[""3d21a881cc224ff3b8dc989e"",""e05bd8f7178554a9b2553c35"",""45b092d2d431179e1280815e""]"
b07b72a78260e11bed02,7c3e837cb0fe58c768a4,cpu-chunk-blocks,damacy,chunks256-random,smooth4,random-1x256x256,local block storage,smooth4-zstd-128-16,131072,"[1,256,256]",zstd,16384,encoded-traffic/output,2.1697093159891665,minimize,3.497935565962786,False,maximize compression and output throughput,undefined; nondominance is not a scalar winner rule,"[""fdfd952b59a29ab937638471"",""e8f3121f0e537e7edf2bff59"",""954e0ca3bfc65a1789cf5718""]"
b07b72a78260e11bed02,9476260742a27ff876dc,cpu-chunk-blocks,damacy,chunks256-random,smooth4,random-1x256x256,local block storage,smooth4-lz4-512-16,524288,"[1,512,512]",lz4,16384,encoded-traffic/output,5.382872144691646,minimize,2.9659069480179414,False,maximize compression and output throughput,undefined; nondominance is not a scalar winner rule,"[""7d3b8a747387fc603a0a2bd8"",""8376db70f1fefb45a0f0acb0"",""56af176a74135b46d3bad66b""]"
b07b72a78260e11bed02,c1cb82019dcb89b050fe,cpu-chunk-blocks,damacy,chunks256-random,smooth4,random-1x256x256,local block storage,smooth4-lz4-512-512,524288,"[1,512,512]",lz4,524288,encoded-traffic/output,5.184270983561873,minimize,2.998727989247506,False,maximize compression and output throughput,undefined; nondominance is not a scalar winner rule,"[""7632505dac6fbf562f3197f0"",""3c9f14c7b368e8188ac95fff"",""a3c3f9a30a93350943437721""]"
b07b72a78260e11bed02,ce32326313395649df42,cpu-chunk-blocks,damacy,chunks256-random,smooth4,random-1x256x256,local block storage,smooth4-zstd-128-64,131072,"[1,256,256]",zstd,65536,encoded-traffic/output,2.1439790544100106,minimize,3.5248388221869673,False,maximize compression and output throughput,undefined; nondominance is not a scalar winner rule,"[""03a30d320ec282fab5201a67"",""b3f3c7dd67161c9f3dc6b6da"",""e08ed355f60e7b7995c916e9""]"
b07b72a78260e11bed02,d2e833165e5217c7eca8,cpu-chunk-blocks,damacy,chunks256-random,smooth4,random-1x256x256,local block storage,smooth4-zstd-512-16,524288,"[1,512,512]",zstd,16384,encoded-traffic/output,4.609554402064532,minimize,2.5520490948507972,False,maximize compression and output throughput,undefined; nondominance is not a scalar winner rule,"[""0c02ed8c673d80ac632c7028"",""0eb41cba36004da12824460e"",""29cb89e675386f61437951e5""]"
b07b72a78260e11bed02,e740d1c8d056e23877ad,cpu-chunk-blocks,damacy,chunks256-random,smooth4,random-1x256x256,local block storage,smooth4-zstd-512-512,524288,"[1,512,512]",zstd,524288,encoded-traffic/output,4.278482188936323,minimize,2.847424384684519,False,maximize compression and output throughput,undefined; nondominance is not a scalar winner rule,"[""c0dd487631e68a9305507d7f"",""1809fb11ba141d045ed39117"",""3d03d501228834df45b76e62""]"
b07b72a78260e11bed02,fcb247b9ccf565121a50,cpu-chunk-blocks,damacy,chunks256-random,smooth4,random-1x256x256,local block storage,smooth4-zstd-512-64,524288,"[1,512,512]",zstd,65536,encoded-traffic/output,4.556887169368565,minimize,2.675411368778187,False,maximize compression and output throughput,undefined; nondominance is not a scalar winner rule,"[""3262939a53a164b7e029d045"",""c3172468ea50b5fd28a9fb05"",""fe34ab429e359bb7bed44e8b""]"
b07b72a78260e11bed02,07cef6acb2857e970788,cpu-chunk-blocks,damacy,chunks256-random,smooth4,random-1x256x256,local block storage,smooth4-zstd-512-256,524288,"[1,512,512]",zstd,262144,local-storage-traffic/output,2.7327632904052734,minimize,2.7608076028677018,False,maximize compression and output throughput,undefined; nondominance is not a scalar winner rule,"[""c1d194207a0a51557d2a35dc"",""4663e9b2904c486ee8ab6263"",""009bd1d32387be840bc9b43c""]"
b07b72a78260e11bed02,07eb7eb13f270b32598c,cpu-chunk-blocks,damacy,chunks256-random,smooth4,random-1x256x256,local block storage,smooth4-lz4-128-128,131072,"[1,256,256]",lz4,131072,local-storage-traffic/output,1.9569644927978516,minimize,3.300574491483771,False,maximize compression and output throughput,undefined; nondominance is not a scalar winner rule,"[""5c788b50775e8552a865ab40"",""06539b83bdd14a9e6ab29a0a"",""620e56e996ac5d67be8dc998""]"
b07b72a78260e11bed02,0cfb280dc5f2bed93ff8,cpu-chunk-blocks,damacy,chunks256-random,smooth4,random-1x256x256,local block storage,smooth4-lz4-128-16,131072,"[1,256,256]",lz4,16384,local-storage-traffic/output,1.9996452331542969,minimize,3.267337595907511,False,maximize compression and output throughput,undefined; nondominance is not a scalar winner rule,"[""9aaac42cfd76c38bdd2fb022"",""de500d446bbdd7c94e12ee7f"",""9e8b010ed0a110e318eadc76""]"
b07b72a78260e11bed02,14690f27af6f57929a53,cpu-chunk-blocks,damacy,chunks256-random,smooth4,random-1x256x256,local block storage,smooth4-lz4-128-64,131072,"[1,256,256]",lz4,65536,local-storage-traffic/output,1.9583740234375,minimize,3.34135666333119,False,maximize compression and output throughput,undefined; nondominance is not a scalar winner rule,"[""36cfed2d0912dc10a7d40127"",""98ade07614ffcbeed757f93a"",""855b95352651b8b95d675c15""]"
b07b72a78260e11bed02,260982ad0a9e8b4cd629,cpu-chunk-blocks,damacy,chunks256-random,smooth4,random-1x256x256,local block storage,smooth4-lz4-32-32,32768,"[1,128,128]",lz4,32768,local-storage-traffic/output,1.2902336120605469,minimize,3.4667847858160625,False,maximize compression and output throughput,undefined; nondominance is not a scalar winner rule,"[""eb133482dddf4c2fcb038810"",""8363cd7131f481de363d5d95"",""90409a4137cb0d87220b3807""]"
b07b72a78260e11bed02,2b935d5a7baf8fbd9c05,cpu-chunk-blocks,damacy,chunks256-random,smooth4,random-1x256x256,local block storage,smooth4-zstd-128-128,131072,"[1,256,256]",zstd,131072,local-storage-traffic/output,1.6865520477294922,minimize,3.518721774525175,False,maximize compression and output throughput,undefined; nondominance is not a scalar winner rule,"[""3279cd2a02a8e3656d33d97c"",""be4d47796badd09cae7106aa"",""2650233c375dc742f124a74a""]"
b07b72a78260e11bed02,43266e444304ca0a6d9c,cpu-chunk-blocks,damacy,chunks256-random,smooth4,random-1x256x256,local block storage,smooth4-zstd-32-32,32768,"[1,128,128]",zstd,32768,local-storage-traffic/output,1.1195125579833984,minimize,4.106672220242911,True,maximize compression and output throughput,undefined; nondominance is not a scalar winner rule,"[""2f07c5bdb15ce9691fdbbfc4"",""aa47e4d84f8c9a610e2853b5"",""1692161f999ef86d7d756c62""]"
b07b72a78260e11bed02,48792ac080280790d588,cpu-chunk-blocks,damacy,chunks256-random,smooth4,random-1x256x256,local block storage,smooth4-lz4-32-16,32768,"[1,128,128]",lz4,16384,local-storage-traffic/output,1.300241470336914,minimize,3.4622321886447875,False,maximize compression and output throughput,undefined; nondominance is not a scalar winner rule,"[""f39005eb2b435181fc762e89"",""fa987757b3f4319934d667d9"",""10b269016a693a85ee95138c""]"
b07b72a78260e11bed02,51f3bb22bb2b3f61ff76,cpu-chunk-blocks,damacy,chunks256-random,smooth4,random-1x256x256,local block storage,smooth4-zstd-32-4,32768,"[1,128,128]",zstd,4096,local-storage-traffic/output,1.1578102111816406,minimize,3.8299012627386015,False,maximize compression and output throughput,undefined; nondominance is not a scalar winner rule,"[""d26d384a497761d03da338ef"",""6e3c63a2656b2b12b72fa344"",""6ea277ba3d005fc9ace6a120""]"
b07b72a78260e11bed02,5da8449c9972c910eaac,cpu-chunk-blocks,damacy,chunks256-random,smooth4,random-1x256x256,local block storage,smooth4-zstd-32-16,32768,"[1,128,128]",zstd,16384,local-storage-traffic/output,1.1240921020507812,minimize,4.014959096350938,False,maximize compression and output throughput,undefined; nondominance is not a scalar winner rule,"[""81534a42900a85073ab51f41"",""61a9fada86bf536ac43a1fba"",""ec179c7fcadebf4a040a917e""]"
b07b72a78260e11bed02,68de91bcc2eba5b94bfb,cpu-chunk-blocks,damacy,chunks256-random,smooth4,random-1x256x256,local block storage,smooth4-lz4-512-256,524288,"[1,512,512]",lz4,262144,local-storage-traffic/output,3.1800289154052734,minimize,2.967669918862145,False,maximize compression and output throughput,undefined; nondominance is not a scalar winner rule,"[""4e413ddb02d99c90b89a86e0"",""b03edcfbf85b8058328e81f4"",""fe1ec9e36bb20a9af8d4b617""]"
b07b72a78260e11bed02,7341105eaf66ece7593c,cpu-chunk-blocks,damacy,chunks256-random,smooth4,random-1x256x256,local block storage,smooth4-lz4-512-64,524288,"[1,512,512]",lz4,65536,local-storage-traffic/output,3.2169017791748047,minimize,2.9793213075505114,False,maximize compression and output throughput,undefined; nondominance is not a scalar winner rule,"[""3a7284a6ab1d4afa8360dcbe"",""badb0002afd509659b72f62c"",""9470197a3a03b9b0a38fb8f7""]"
b07b72a78260e11bed02,77f87023f08be27c32b9,cpu-chunk-blocks,damacy,chunks256-random,smooth4,random-1x256x256,local block storage,smooth4-lz4-32-4,32768,"[1,128,128]",lz4,4096,local-storage-traffic/output,1.341085433959961,minimize,3.3291162733955186,False,maximize compression and output throughput,undefined; nondominance is not a scalar winner rule,"[""3d21a881cc224ff3b8dc989e"",""e05bd8f7178554a9b2553c35"",""45b092d2d431179e1280815e""]"
b07b72a78260e11bed02,7c3e837cb0fe58c768a4,cpu-chunk-blocks,damacy,chunks256-random,smooth4,random-1x256x256,local block storage,smooth4-zstd-128-16,131072,"[1,256,256]",zstd,16384,local-storage-traffic/output,1.715932846069336,minimize,3.497935565962786,False,maximize compression and output throughput,undefined; nondominance is not a scalar winner rule,"[""fdfd952b59a29ab937638471"",""e8f3121f0e537e7edf2bff59"",""954e0ca3bfc65a1789cf5718""]"
b07b72a78260e11bed02,9476260742a27ff876dc,cpu-chunk-blocks,damacy,chunks256-random,smooth4,random-1x256x256,local block storage,smooth4-lz4-512-16,524288,"[1,512,512]",lz4,16384,local-storage-traffic/output,3.2812118530273438,minimize,2.9659069480179414,False,maximize compression and output throughput,undefined; nondominance is not a scalar winner rule,"[""7d3b8a747387fc603a0a2bd8"",""8376db70f1fefb45a0f0acb0"",""56af176a74135b46d3bad66b""]"
b07b72a78260e11bed02,c1cb82019dcb89b050fe,cpu-chunk-blocks,damacy,chunks256-random,smooth4,random-1x256x256,local block storage,smooth4-lz4-512-512,524288,"[1,512,512]",lz4,524288,local-storage-traffic/output,3.160785675048828,minimize,2.998727989247506,False,maximize compression and output throughput,undefined; nondominance is not a scalar winner rule,"[""7632505dac6fbf562f3197f0"",""3c9f14c7b368e8188ac95fff"",""a3c3f9a30a93350943437721""]"
b07b72a78260e11bed02,ce32326313395649df42,cpu-chunk-blocks,damacy,chunks256-random,smooth4,random-1x256x256,local block storage,smooth4-zstd-128-64,131072,"[1,256,256]",zstd,65536,local-storage-traffic/output,1.6961536407470703,minimize,3.5248388221869673,False,maximize compression and output throughput,undefined; nondominance is not a scalar winner rule,"[""03a30d320ec282fab5201a67"",""b3f3c7dd67161c9f3dc6b6da"",""e08ed355f60e7b7995c916e9""]"
b07b72a78260e11bed02,d2e833165e5217c7eca8,cpu-chunk-blocks,damacy,chunks256-random,smooth4,random-1x256x256,local block storage,smooth4-zstd-512-16,524288,"[1,512,512]",zstd,16384,local-storage-traffic/output,2.811532974243164,minimize,2.5520490948507972,False,maximize compression and output throughput,undefined; nondominance is not a scalar winner rule,"[""0c02ed8c673d80ac632c7028"",""0eb41cba36004da12824460e"",""29cb89e675386f61437951e5""]"
b07b72a78260e11bed02,e740d1c8d056e23877ad,cpu-chunk-blocks,damacy,chunks256-random,smooth4,random-1x256x256,local block storage,smooth4-zstd-512-512,524288,"[1,512,512]",zstd,524288,local-storage-traffic/output,2.610624313354492,minimize,2.847424384684519,False,maximize compression and output throughput,undefined; nondominance is not a scalar winner rule,"[""c0dd487631e68a9305507d7f"",""1809fb11ba141d045ed39117"",""3d03d501228834df45b76e62""]"
b07b72a78260e11bed02,fcb247b9ccf565121a50,cpu-chunk-blocks,damacy,chunks256-random,smooth4,random-1x256x256,local block storage,smooth4-zstd-512-64,524288,"[1,512,512]",zstd,65536,local-storage-traffic/output,2.779672622680664,minimize,2.675411368778187,False,maximize compression and output throughput,undefined; nondominance is not a scalar winner rule,"[""3262939a53a164b7e029d045"",""c3172468ea50b5fd28a9fb05"",""fe34ab429e359bb7bed44e8b""]"
1fb438294d5ac2bb57e1,08607dcb0a2cca919213,cpu-chunk-blocks,damacy,chunks256-random,smooth4,full-scan,local block storage,smooth4-lz4-32-4,32768,"[1,128,128]",lz4,4096,compression/output,1.5216670305492115,maximize,12.15802800515401,False,maximize compression and output throughput,undefined; nondominance is not a scalar winner rule,"[""93b24f4c321a4a7dbf6e64c0"",""db21d98e80bc3ba4e3345ef3"",""4dde92ab9fa3a2d5b3142d40""]"
1fb438294d5ac2bb57e1,285005c46cc1d034bbff,cpu-chunk-blocks,damacy,chunks256-random,smooth4,full-scan,local block storage,smooth4-zstd-32-16,32768,"[1,128,128]",zstd,16384,compression/output,1.8366829025162181,maximize,11.379308956514828,False,maximize compression and output throughput,undefined; nondominance is not a scalar winner rule,"[""148d4f00f9e74294a87905e3"",""bd0bd2084a43c35afc3fd8fd"",""3526c9797995c53f5cd623a1""]"
1fb438294d5ac2bb57e1,28c7fee8f9d819639e0c,cpu-chunk-blocks,damacy,chunks256-random,smooth4,full-scan,local block storage,smooth4-zstd-128-16,131072,"[1,256,256]",zstd,16384,compression/output,1.8317621551383316,maximize,22.492849769003637,False,maximize compression and output throughput,undefined; nondominance is not a scalar winner rule,"[""2884274242068cd336a09a21"",""d53835a4262218abf8e9a8e3"",""7b3e3cf706c4df269997a2da""]"
1fb438294d5ac2bb57e1,2cab33d9b4ae2f80d0e9,cpu-chunk-blocks,damacy,chunks256-random,smooth4,full-scan,local block storage,smooth4-lz4-128-64,131072,"[1,256,256]",lz4,65536,compression/output,1.6005883232081666,maximize,24.728612649854032,False,maximize compression and output throughput,undefined; nondominance is not a scalar winner rule,"[""60f53c3890027eea94df7b93"",""5f835f4693ab76e13b41f52b"",""84f56f26ac42be55dd850a76""]"
1fb438294d5ac2bb57e1,47b194318b313ae777ff,cpu-chunk-blocks,damacy,chunks256-random,smooth4,full-scan,local block storage,smooth4-zstd-512-256,524288,"[1,512,512]",zstd,262144,compression/output,1.8823881322928948,maximize,27.49631419984913,False,maximize compression and output throughput,undefined; nondominance is not a scalar winner rule,"[""520ac0568ce0895687d1c12a"",""bc9af6e56aa09903abb17960"",""48e7b695e532b8060084b641""]"
1fb438294d5ac2bb57e1,49628dfc3d0dba051cab,cpu-chunk-blocks,damacy,chunks256-random,smooth4,full-scan,local block storage,smooth4-lz4-512-64,524288,"[1,512,512]",lz4,65536,compression/output,1.5980931987208997,maximize,25.91720212241094,False,maximize compression and output throughput,undefined; nondominance is not a scalar winner rule,"[""2a924bca68e2d157c4c7ec67"",""8e23dc3ff12ab16567bba90c"",""3db5370cad81293737fd122c""]"
1fb438294d5ac2bb57e1,52d1bec0eaa456724c8c,cpu-chunk-blocks,damacy,chunks256-random,smooth4,full-scan,local block storage,smooth4-lz4-128-128,131072,"[1,256,256]",lz4,131072,compression/output,1.6017382552426165,maximize,24.601522512649222,False,maximize compression and output throughput,undefined; nondominance is not a scalar winner rule,"[""8d6c3e92f319c54377d789c0"",""249fa9402748f66323186e67"",""0d82cb26c677d507cbf5d89b""]"
1fb438294d5ac2bb57e1,64c32a23d71f4c1efe7c,cpu-chunk-blocks,damacy,chunks256-random,smooth4,full-scan,local block storage,smooth4-lz4-512-256,524288,"[1,512,512]",lz4,262144,compression/output,1.6167072291075084,maximize,25.772188652725994,False,maximize compression and output throughput,undefined; nondominance is not a scalar winner rule,"[""874c38e612383766b29edac1"",""eecef4dd2cce9434032b5698"",""67e2e8f981cfaf943c95c21e""]"
1fb438294d5ac2bb57e1,780ecf5160360df3d158,cpu-chunk-blocks,damacy,chunks256-random,smooth4,full-scan,local block storage,smooth4-zstd-32-32,32768,"[1,128,128]",zstd,32768,compression/output,1.8451430092694745,maximize,11.590241944084916,False,maximize compression and output throughput,undefined; nondominance is not a scalar winner rule,"[""12abcc37af7fd63f90b26923"",""be89b7e125bf76ba65a54188"",""7dbb281134b5f943be59e5f1""]"
1fb438294d5ac2bb57e1,9099019a217644788586,cpu-chunk-blocks,damacy,chunks256-random,smooth4,full-scan,local block storage,smooth4-lz4-32-16,32768,"[1,128,128]",lz4,16384,compression/output,1.572609772618283,maximize,12.266355389796864,False,maximize compression and output throughput,undefined; nondominance is not a scalar winner rule,"[""c13f7b8e5248306663eda60c"",""1de7fe7a73fe07f797bcdf2a"",""7b7d88b420878df1a891c575""]"
1fb438294d5ac2bb57e1,9437e10b8db2fed860b9,cpu-chunk-blocks,damacy,chunks256-random,smooth4,full-scan,local block storage,smooth4-zstd-512-64,524288,"[1,512,512]",zstd,65536,compression/output,1.8505648607554412,maximize,27.162196145419443,False,maximize compression and output throughput,undefined; nondominance is not a scalar winner rule,"[""fe089807cc0338bfda7f7c10"",""31bd83458649fd9068fc0aa3"",""ca9fae85aa708581ed641105""]"
1fb438294d5ac2bb57e1,94da843482c442609ddd,cpu-chunk-blocks,damacy,chunks256-random,smooth4,full-scan,local block storage,smooth4-zstd-128-128,131072,"[1,256,256]",zstd,131072,compression/output,1.8644857768631582,maximize,24.028436685309444,False,maximize compression and output throughput,undefined; nondominance is not a scalar winner rule,"[""099108eb05722f5def70e421"",""2797d763c4316a46caec1aeb"",""e993b94329f82619b4b4ef76""]"
1fb438294d5ac2bb57e1,95ede91a85c002e6e07c,cpu-chunk-blocks,damacy,chunks256-random,smooth4,full-scan,local block storage,smooth4-lz4-512-16,524288,"[1,512,512]",lz4,16384,compression/output,1.5666306456387868,maximize,25.741762861846386,False,maximize compression and output throughput,undefined; nondominance is not a scalar winner rule,"[""7ecc484b8f5e6fa361574da7"",""b0c969430984598b141f0309"",""8fb908fffa2048bf937445d8""]"
1fb438294d5ac2bb57e1,bc53aecc7f829111b2ed,cpu-chunk-blocks,damacy,chunks256-random,smooth4,full-scan,local block storage,smooth4-lz4-512-512,524288,"[1,512,512]",lz4,524288,compression/output,1.626606892779916,maximize,26.16913168012659,False,maximize compression and output throughput,undefined; nondominance is not a scalar winner rule,"[""781441155aff52e76cf83930"",""21516f97e265200d8950bca3"",""8effccbaf71cc49f297530a0""]"
1fb438294d5ac2bb57e1,c2ce26b5f5b8439f715a,cpu-chunk-blocks,damacy,chunks256-random,smooth4,full-scan,local block storage,smooth4-zstd-128-64,131072,"[1,256,256]",zstd,65536,compression/output,1.85368967938808,maximize,23.339910318809224,False,maximize compression and output throughput,undefined; nondominance is not a scalar winner rule,"[""40dccfe24a9ec8be30b5e880"",""b8dc18286b8efe42cb36f320"",""1a29b5d9a333e02dec591753""]"
1fb438294d5ac2bb57e1,c78d9386401ad7b945cf,cpu-chunk-blocks,damacy,chunks256-random,smooth4,full-scan,local block storage,smooth4-lz4-128-16,131072,"[1,256,256]",lz4,16384,compression/output,1.5669420934469545,maximize,24.56192277075033,False,maximize compression and output throughput,undefined; nondominance is not a scalar winner rule,"[""cb0292f502be08864c1c7ba3"",""a854e0bcceceec163639fbef"",""ee41887045405cf24a0ebd57""]"
1fb438294d5ac2bb57e1,cc86525b3ad1968e62d5,cpu-chunk-blocks,damacy,chunks256-random,smooth4,full-scan,local block storage,smooth4-zstd-32-4,32768,"[1,128,128]",zstd,4096,compression/output,1.7797988160289273,maximize,10.5917587615775,False,maximize compression and output throughput,undefined; nondominance is not a scalar winner rule,"[""37d47149e386f4fffc31dfc1"",""2b6bf242ecfc4df6fe55ebce"",""3b0dd0c48434ecfb46719263""]"
1fb438294d5ac2bb57e1,e136161037774d0ba108,cpu-chunk-blocks,damacy,chunks256-random,smooth4,full-scan,local block storage,smooth4-zstd-512-512,524288,"[1,512,512]",zstd,524288,compression/output,1.970907362204299,maximize,27.802660115409076,True,maximize compression and output throughput,undefined; nondominance is not a scalar winner rule,"[""941f1f5925e18df2d249a418"",""d439051baa298ca82020d143"",""d1c8cddb1066cc1c0c26e3bb""]"
1fb438294d5ac2bb57e1,e63f444f983cf03fec40,cpu-chunk-blocks,damacy,chunks256-random,smooth4,full-scan,local block storage,smooth4-lz4-32-32,32768,"[1,128,128]",lz4,32768,compression/output,1.5856470833576932,maximize,11.935534447479737,False,maximize compression and output throughput,undefined; nondominance is not a scalar winner rule,"[""7022a0839234acf449e3c47e"",""23c97db1d54fc6fcdeb12b5d"",""a0658f3912e392f08f61da8a""]"
1fb438294d5ac2bb57e1,f676d8bcbcae9de83add,cpu-chunk-blocks,damacy,chunks256-random,smooth4,full-scan,local block storage,smooth4-zstd-512-16,524288,"[1,512,512]",zstd,16384,compression/output,1.8294478975980146,maximize,25.530343637954708,False,maximize compression and output throughput,undefined; nondominance is not a scalar winner rule,"[""8bb78e053824c51592c284f0"",""9565f6723ce5d4bb3a4aa45c"",""0fadb1597db5f1ac498f5983""]"
1fb438294d5ac2bb57e1,08607dcb0a2cca919213,cpu-chunk-blocks,damacy,chunks256-random,smooth4,full-scan,local block storage,smooth4-lz4-32-4,32768,"[1,128,128]",lz4,4096,encoded-traffic/output,0.6566857090219855,minimize,12.15802800515401,False,maximize compression and output throughput,undefined; nondominance is not a scalar winner rule,"[""93b24f4c321a4a7dbf6e64c0"",""db21d98e80bc3ba4e3345ef3"",""4dde92ab9fa3a2d5b3142d40""]"
1fb438294d5ac2bb57e1,285005c46cc1d034bbff,cpu-chunk-blocks,damacy,chunks256-random,smooth4,full-scan,local block storage,smooth4-zstd-32-16,32768,"[1,128,128]",zstd,16384,encoded-traffic/output,0.5439715118845925,minimize,11.379308956514828,False,maximize compression and output throughput,undefined; nondominance is not a scalar winner rule,"[""148d4f00f9e74294a87905e3"",""bd0bd2084a43c35afc3fd8fd"",""3526c9797995c53f5cd623a1""]"
1fb438294d5ac2bb57e1,28c7fee8f9d819639e0c,cpu-chunk-blocks,damacy,chunks256-random,smooth4,full-scan,local block storage,smooth4-zstd-128-16,131072,"[1,256,256]",zstd,16384,encoded-traffic/output,0.5458003303501755,minimize,22.492849769003637,False,maximize compression and output throughput,undefined; nondominance is not a scalar winner rule,"[""2884274242068cd336a09a21"",""d53835a4262218abf8e9a8e3"",""7b3e3cf706c4df269997a2da""]"
1fb438294d5ac2bb57e1,2cab33d9b4ae2f80d0e9,cpu-chunk-blocks,damacy,chunks256-random,smooth4,full-scan,local block storage,smooth4-lz4-128-64,131072,"[1,256,256]",lz4,65536,encoded-traffic/output,0.624648196680937,minimize,24.728612649854032,False,maximize compression and output throughput,undefined; nondominance is not a scalar winner rule,"[""60f53c3890027eea94df7b93"",""5f835f4693ab76e13b41f52b"",""84f56f26ac42be55dd850a76""]"
1fb438294d5ac2bb57e1,47b194318b313ae777ff,cpu-chunk-blocks,damacy,chunks256-random,smooth4,full-scan,local block storage,smooth4-zstd-512-256,524288,"[1,512,512]",zstd,262144,encoded-traffic/output,0.5312095470144413,minimize,27.49631419984913,False,maximize compression and output throughput,undefined; nondominance is not a scalar winner rule,"[""520ac0568ce0895687d1c12a"",""bc9af6e56aa09903abb17960"",""48e7b695e532b8060084b641""]"
1fb438294d5ac2bb57e1,49628dfc3d0dba051cab,cpu-chunk-blocks,damacy,chunks256-random,smooth4,full-scan,local block storage,smooth4-lz4-512-64,524288,"[1,512,512]",lz4,65536,encoded-traffic/output,0.6257152116741054,minimize,25.91720212241094,False,maximize compression and output throughput,undefined; nondominance is not a scalar winner rule,"[""2a924bca68e2d157c4c7ec67"",""8e23dc3ff12ab16567bba90c"",""3db5370cad81293737fd122c""]"
1fb438294d5ac2bb57e1,52d1bec0eaa456724c8c,cpu-chunk-blocks,damacy,chunks256-random,smooth4,full-scan,local block storage,smooth4-lz4-128-128,131072,"[1,256,256]",lz4,131072,encoded-traffic/output,0.6241996568860486,minimize,24.601522512649222,False,maximize compression and output throughput,undefined; nondominance is not a scalar winner rule,"[""8d6c3e92f319c54377d789c0"",""249fa9402748f66323186e67"",""0d82cb26c677d507cbf5d89b""]"
1fb438294d5ac2bb57e1,64c32a23d71f4c1efe7c,cpu-chunk-blocks,damacy,chunks256-random,smooth4,full-scan,local block storage,smooth4-lz4-512-256,524288,"[1,512,512]",lz4,262144,encoded-traffic/output,0.6185106604243629,minimize,25.772188652725994,False,maximize compression and output throughput,undefined; nondominance is not a scalar winner rule,"[""874c38e612383766b29edac1"",""eecef4dd2cce9434032b5698"",""67e2e8f981cfaf943c95c21e""]"
1fb438294d5ac2bb57e1,780ecf5160360df3d158,cpu-chunk-blocks,damacy,chunks256-random,smooth4,full-scan,local block storage,smooth4-zstd-32-32,32768,"[1,128,128]",zstd,32768,encoded-traffic/output,0.5414751265197992,minimize,11.590241944084916,False,maximize compression and output throughput,undefined; nondominance is not a scalar winner rule,"[""12abcc37af7fd63f90b26923"",""be89b7e125bf76ba65a54188"",""7dbb281134b5f943be59e5f1""]"
1fb438294d5ac2bb57e1,9099019a217644788586,cpu-chunk-blocks,damacy,chunks256-random,smooth4,full-scan,local block storage,smooth4-lz4-32-16,32768,"[1,128,128]",lz4,16384,encoded-traffic/output,0.6353973730001599,minimize,12.266355389796864,False,maximize compression and output throughput,undefined; nondominance is not a scalar winner rule,"[""c13f7b8e5248306663eda60c"",""1de7fe7a73fe07f797bcdf2a"",""7b7d88b420878df1a891c575""]"
1fb438294d5ac2bb57e1,9437e10b8db2fed860b9,cpu-chunk-blocks,damacy,chunks256-random,smooth4,full-scan,local block storage,smooth4-zstd-512-64,524288,"[1,512,512]",zstd,65536,encoded-traffic/output,0.5403450262965634,minimize,27.162196145419443,False,maximize compression and output throughput,undefined; nondominance is not a scalar winner rule,"[""fe089807cc0338bfda7f7c10"",""31bd83458649fd9068fc0aa3"",""ca9fae85aa708581ed641105""]"
1fb438294d5ac2bb57e1,94da843482c442609ddd,cpu-chunk-blocks,damacy,chunks256-random,smooth4,full-scan,local block storage,smooth4-zstd-128-128,131072,"[1,256,256]",zstd,131072,encoded-traffic/output,0.5362188369035721,minimize,24.028436685309444,False,maximize compression and output throughput,undefined; nondominance is not a scalar winner rule,"[""099108eb05722f5def70e421"",""2797d763c4316a46caec1aeb"",""e993b94329f82619b4b4ef76""]"
1fb438294d5ac2bb57e1,95ede91a85c002e6e07c,cpu-chunk-blocks,damacy,chunks256-random,smooth4,full-scan,local block storage,smooth4-lz4-512-16,524288,"[1,512,512]",lz4,16384,encoded-traffic/output,0.6382820272119716,minimize,25.741762861846386,False,maximize compression and output throughput,undefined; nondominance is not a scalar winner rule,"[""7ecc484b8f5e6fa361574da7"",""b0c969430984598b141f0309"",""8fb908fffa2048bf937445d8""]"
1fb438294d5ac2bb57e1,bc53aecc7f829111b2ed,cpu-chunk-blocks,damacy,chunks256-random,smooth4,full-scan,local block storage,smooth4-lz4-512-512,524288,"[1,512,512]",lz4,524288,encoded-traffic/output,0.6147461677901447,minimize,26.16913168012659,False,maximize compression and output throughput,undefined; nondominance is not a scalar winner rule,"[""781441155aff52e76cf83930"",""21516f97e265200d8950bca3"",""8effccbaf71cc49f297530a0""]"
1fb438294d5ac2bb57e1,c2ce26b5f5b8439f715a,cpu-chunk-blocks,damacy,chunks256-random,smooth4,full-scan,local block storage,smooth4-zstd-128-64,131072,"[1,256,256]",zstd,65536,encoded-traffic/output,0.5393425467773341,minimize,23.339910318809224,False,maximize compression and output throughput,undefined; nondominance is not a scalar winner rule,"[""40dccfe24a9ec8be30b5e880"",""b8dc18286b8efe42cb36f320"",""1a29b5d9a333e02dec591753""]"
1fb438294d5ac2bb57e1,c78d9386401ad7b945cf,cpu-chunk-blocks,damacy,chunks256-random,smooth4,full-scan,local block storage,smooth4-lz4-128-16,131072,"[1,256,256]",lz4,16384,encoded-traffic/output,0.6380636024987325,minimize,24.56192277075033,False,maximize compression and output throughput,undefined; nondominance is not a scalar winner rule,"[""cb0292f502be08864c1c7ba3"",""a854e0bcceceec163639fbef"",""ee41887045405cf24a0ebd57""]"
1fb438294d5ac2bb57e1,cc86525b3ad1968e62d5,cpu-chunk-blocks,damacy,chunks256-random,smooth4,full-scan,local block storage,smooth4-zstd-32-4,32768,"[1,128,128]",zstd,4096,encoded-traffic/output,0.5613729720353149,minimize,10.5917587615775,False,maximize compression and output throughput,undefined; nondominance is not a scalar winner rule,"[""37d47149e386f4fffc31dfc1"",""2b6bf242ecfc4df6fe55ebce"",""3b0dd0c48434ecfb46719263""]"
1fb438294d5ac2bb57e1,e136161037774d0ba108,cpu-chunk-blocks,damacy,chunks256-random,smooth4,full-scan,local block storage,smooth4-zstd-512-512,524288,"[1,512,512]",zstd,524288,encoded-traffic/output,0.5073499975260347,minimize,27.802660115409076,True,maximize compression and output throughput,undefined; nondominance is not a scalar winner rule,"[""941f1f5925e18df2d249a418"",""d439051baa298ca82020d143"",""d1c8cddb1066cc1c0c26e3bb""]"
1fb438294d5ac2bb57e1,e63f444f983cf03fec40,cpu-chunk-blocks,damacy,chunks256-random,smooth4,full-scan,local block storage,smooth4-lz4-32-32,32768,"[1,128,128]",lz4,32768,encoded-traffic/output,0.6301690728287213,minimize,11.935534447479737,False,maximize compression and output throughput,undefined; nondominance is not a scalar winner rule,"[""7022a0839234acf449e3c47e"",""23c97db1d54fc6fcdeb12b5d"",""a0658f3912e392f08f61da8a""]"
1fb438294d5ac2bb57e1,f676d8bcbcae9de83add,cpu-chunk-blocks,damacy,chunks256-random,smooth4,full-scan,local block storage,smooth4-zstd-512-16,524288,"[1,512,512]",zstd,16384,encoded-traffic/output,0.5465824767015874,minimize,25.530343637954708,False,maximize compression and output throughput,undefined; nondominance is not a scalar winner rule,"[""8bb78e053824c51592c284f0"",""9565f6723ce5d4bb3a4aa45c"",""0fadb1597db5f1ac498f5983""]"
1fb438294d5ac2bb57e1,08607dcb0a2cca919213,cpu-chunk-blocks,damacy,chunks256-random,smooth4,full-scan,local block storage,smooth4-lz4-32-4,32768,"[1,128,128]",lz4,4096,local-storage-traffic/output,0.6566872596740723,minimize,12.15802800515401,False,maximize compression and output throughput,undefined; nondominance is not a scalar winner rule,"[""93b24f4c321a4a7dbf6e64c0"",""db21d98e80bc3ba4e3345ef3"",""4dde92ab9fa3a2d5b3142d40""]"
1fb438294d5ac2bb57e1,285005c46cc1d034bbff,cpu-chunk-blocks,damacy,chunks256-random,smooth4,full-scan,local block storage,smooth4-zstd-32-16,32768,"[1,128,128]",zstd,16384,local-storage-traffic/output,0.5439732074737549,minimize,11.379308956514828,False,maximize compression and output throughput,undefined; nondominance is not a scalar winner rule,"[""148d4f00f9e74294a87905e3"",""bd0bd2084a43c35afc3fd8fd"",""3526c9797995c53f5cd623a1""]"
1fb438294d5ac2bb57e1,28c7fee8f9d819639e0c,cpu-chunk-blocks,damacy,chunks256-random,smooth4,full-scan,local block storage,smooth4-zstd-128-16,131072,"[1,256,256]",zstd,16384,local-storage-traffic/output,0.5458023548126221,minimize,22.492849769003637,False,maximize compression and output throughput,undefined; nondominance is not a scalar winner rule,"[""2884274242068cd336a09a21"",""d53835a4262218abf8e9a8e3"",""7b3e3cf706c4df269997a2da""]"
1fb438294d5ac2bb57e1,2cab33d9b4ae2f80d0e9,cpu-chunk-blocks,damacy,chunks256-random,smooth4,full-scan,local block storage,smooth4-lz4-128-64,131072,"[1,256,256]",lz4,65536,local-storage-traffic/output,0.6246500015258789,minimize,24.728612649854032,False,maximize compression and output throughput,undefined; nondominance is not a scalar winner rule,"[""60f53c3890027eea94df7b93"",""5f835f4693ab76e13b41f52b"",""84f56f26ac42be55dd850a76""]"
1fb438294d5ac2bb57e1,47b194318b313ae777ff,cpu-chunk-blocks,damacy,chunks256-random,smooth4,full-scan,local block storage,smooth4-zstd-512-256,524288,"[1,512,512]",zstd,262144,local-storage-traffic/output,0.5312113761901855,minimize,27.49631419984913,False,maximize compression and output throughput,undefined; nondominance is not a scalar winner rule,"[""520ac0568ce0895687d1c12a"",""bc9af6e56aa09903abb17960"",""48e7b695e532b8060084b641""]"
1fb438294d5ac2bb57e1,49628dfc3d0dba051cab,cpu-chunk-blocks,damacy,chunks256-random,smooth4,full-scan,local block storage,smooth4-lz4-512-64,524288,"[1,512,512]",lz4,65536,local-storage-traffic/output,0.6257171630859375,minimize,25.91720212241094,False,maximize compression and output throughput,undefined; nondominance is not a scalar winner rule,"[""2a924bca68e2d157c4c7ec67"",""8e23dc3ff12ab16567bba90c"",""3db5370cad81293737fd122c""]"
1fb438294d5ac2bb57e1,52d1bec0eaa456724c8c,cpu-chunk-blocks,damacy,chunks256-random,smooth4,full-scan,local block storage,smooth4-lz4-128-128,131072,"[1,256,256]",lz4,131072,local-storage-traffic/output,0.6242015361785889,minimize,24.601522512649222,False,maximize compression and output throughput,undefined; nondominance is not a scalar winner rule,"[""8d6c3e92f319c54377d789c0"",""249fa9402748f66323186e67"",""0d82cb26c677d507cbf5d89b""]"
1fb438294d5ac2bb57e1,64c32a23d71f4c1efe7c,cpu-chunk-blocks,damacy,chunks256-random,smooth4,full-scan,local block storage,smooth4-lz4-512-256,524288,"[1,512,512]",lz4,262144,local-storage-traffic/output,0.6185126304626465,minimize,25.772188652725994,False,maximize compression and output throughput,undefined; nondominance is not a scalar winner rule,"[""874c38e612383766b29edac1"",""eecef4dd2cce9434032b5698"",""67e2e8f981cfaf943c95c21e""]"
1fb438294d5ac2bb57e1,780ecf5160360df3d158,cpu-chunk-blocks,damacy,chunks256-random,smooth4,full-scan,local block storage,smooth4-zstd-32-32,32768,"[1,128,128]",zstd,32768,local-storage-traffic/output,0.5414767265319824,minimize,11.590241944084916,False,maximize compression and output throughput,undefined; nondominance is not a scalar winner rule,"[""12abcc37af7fd63f90b26923"",""be89b7e125bf76ba65a54188"",""7dbb281134b5f943be59e5f1""]"
1fb438294d5ac2bb57e1,9099019a217644788586,cpu-chunk-blocks,damacy,chunks256-random,smooth4,full-scan,local block storage,smooth4-lz4-32-16,32768,"[1,128,128]",lz4,16384,local-storage-traffic/output,0.635399341583252,minimize,12.266355389796864,False,maximize compression and output throughput,undefined; nondominance is not a scalar winner rule,"[""c13f7b8e5248306663eda60c"",""1de7fe7a73fe07f797bcdf2a"",""7b7d88b420878df1a891c575""]"
1fb438294d5ac2bb57e1,9437e10b8db2fed860b9,cpu-chunk-blocks,damacy,chunks256-random,smooth4,full-scan,local block storage,smooth4-zstd-512-64,524288,"[1,512,512]",zstd,65536,local-storage-traffic/output,0.5403475761413574,minimize,27.162196145419443,False,maximize compression and output throughput,undefined; nondominance is not a scalar winner rule,"[""fe089807cc0338bfda7f7c10"",""31bd83458649fd9068fc0aa3"",""ca9fae85aa708581ed641105""]"
1fb438294d5ac2bb57e1,94da843482c442609ddd,cpu-chunk-blocks,damacy,chunks256-random,smooth4,full-scan,local block storage,smooth4-zstd-128-128,131072,"[1,256,256]",zstd,131072,local-storage-traffic/output,0.5362205505371094,minimize,24.028436685309444,False,maximize compression and output throughput,undefined; nondominance is not a scalar winner rule,"[""099108eb05722f5def70e421"",""2797d763c4316a46caec1aeb"",""e993b94329f82619b4b4ef76""]"
1fb438294d5ac2bb57e1,95ede91a85c002e6e07c,cpu-chunk-blocks,damacy,chunks256-random,smooth4,full-scan,local block storage,smooth4-lz4-512-16,524288,"[1,512,512]",lz4,16384,local-storage-traffic/output,0.63828444480896,minimize,25.741762861846386,False,maximize compression and output throughput,undefined; nondominance is not a scalar winner rule,"[""7ecc484b8f5e6fa361574da7"",""b0c969430984598b141f0309"",""8fb908fffa2048bf937445d8""]"
1fb438294d5ac2bb57e1,bc53aecc7f829111b2ed,cpu-chunk-blocks,damacy,chunks256-random,smooth4,full-scan,local block storage,smooth4-lz4-512-512,524288,"[1,512,512]",lz4,524288,local-storage-traffic/output,0.6147480010986328,minimize,26.16913168012659,False,maximize compression and output throughput,undefined; nondominance is not a scalar winner rule,"[""781441155aff52e76cf83930"",""21516f97e265200d8950bca3"",""8effccbaf71cc49f297530a0""]"
1fb438294d5ac2bb57e1,c2ce26b5f5b8439f715a,cpu-chunk-blocks,damacy,chunks256-random,smooth4,full-scan,local block storage,smooth4-zstd-128-64,131072,"[1,256,256]",zstd,65536,local-storage-traffic/output,0.539344072341919,minimize,23.339910318809224,False,maximize compression and output throughput,undefined; nondominance is not a scalar winner rule,"[""40dccfe24a9ec8be30b5e880"",""b8dc18286b8efe42cb36f320"",""1a29b5d9a333e02dec591753""]"
1fb438294d5ac2bb57e1,c78d9386401ad7b945cf,cpu-chunk-blocks,damacy,chunks256-random,smooth4,full-scan,local block storage,smooth4-lz4-128-16,131072,"[1,256,256]",lz4,16384,local-storage-traffic/output,0.6380653381347656,minimize,24.56192277075033,False,maximize compression and output throughput,undefined; nondominance is not a scalar winner rule,"[""cb0292f502be08864c1c7ba3"",""a854e0bcceceec163639fbef"",""ee41887045405cf24a0ebd57""]"
1fb438294d5ac2bb57e1,cc86525b3ad1968e62d5,cpu-chunk-blocks,damacy,chunks256-random,smooth4,full-scan,local block storage,smooth4-zstd-32-4,32768,"[1,128,128]",zstd,4096,local-storage-traffic/output,0.5613744258880615,minimize,10.5917587615775,False,maximize compression and output throughput,undefined; nondominance is not a scalar winner rule,"[""37d47149e386f4fffc31dfc1"",""2b6bf242ecfc4df6fe55ebce"",""3b0dd0c48434ecfb46719263""]"
1fb438294d5ac2bb57e1,e136161037774d0ba108,cpu-chunk-blocks,damacy,chunks256-random,smooth4,full-scan,local block storage,smooth4-zstd-512-512,524288,"[1,512,512]",zstd,524288,local-storage-traffic/output,0.5073521137237549,minimize,27.802660115409076,True,maximize compression and output throughput,undefined; nondominance is not a scalar winner rule,"[""941f1f5925e18df2d249a418"",""d439051baa298ca82020d143"",""d1c8cddb1066cc1c0c26e3bb""]"
1fb438294d5ac2bb57e1,e63f444f983cf03fec40,cpu-chunk-blocks,damacy,chunks256-random,smooth4,full-scan,local block storage,smooth4-lz4-32-32,32768,"[1,128,128]",lz4,32768,local-storage-traffic/output,0.6301708221435547,minimize,11.935534447479737,False,maximize compression and output throughput,undefined; nondominance is not a scalar winner rule,"[""7022a0839234acf449e3c47e"",""23c97db1d54fc6fcdeb12b5d"",""a0658f3912e392f08f61da8a""]"
1fb438294d5ac2bb57e1,f676d8bcbcae9de83add,cpu-chunk-blocks,damacy,chunks256-random,smooth4,full-scan,local block storage,smooth4-zstd-512-16,524288,"[1,512,512]",zstd,16384,local-storage-traffic/output,0.5465846061706543,minimize,25.530343637954708,False,maximize compression and output throughput,undefined; nondominance is not a scalar winner rule,"[""8bb78e053824c51592c284f0"",""9565f6723ce5d4bb3a4aa45c"",""0fadb1597db5f1ac498f5983""]"
85833ca1a05fa9f263cf,091d1f7eae5f10207018,cpu-nfs-local-spot,damacy,chunks256-default,smooth4,full-scan,NFS,smooth4-zstd-128-128,131072,"[1,256,256]",zstd,131072,compression/output,1.8644857768631582,maximize,21.078052644125222,False,no recorded winner; exploratory compression/output frontier over four encodings,undefined; nondominance is not a scalar winner rule,"[""56fc4fdea998069ff3b2aec8"",""bb54cb2c82f4d3961c127df0"",""0703b2b6e4e1d00992fd5291""]"
85833ca1a05fa9f263cf,1c441bc5c62d77629061,cpu-nfs-local-spot,damacy,chunks256-default,smooth4,full-scan,NFS,smooth4-lz4-512-512,524288,"[1,512,512]",lz4,524288,compression/output,1.626606892779916,maximize,22.076481824652085,False,no recorded winner; exploratory compression/output frontier over four encodings,undefined; nondominance is not a scalar winner rule,"[""a79032e92a3a0d4670ab6fab"",""3edb818854326104a3fd1688"",""25622cbff768d2fd6e13551a""]"
85833ca1a05fa9f263cf,49a096beebd4c4f995de,cpu-nfs-local-spot,damacy,chunks256-default,smooth4,full-scan,NFS,smooth4-zstd-512-512,524288,"[1,512,512]",zstd,524288,compression/output,1.970907362204299,maximize,24.672025600560787,True,no recorded winner; exploratory compression/output frontier over four encodings,undefined; nondominance is not a scalar winner rule,"[""b644a109d0944e76048f96df"",""6ee8a6f592b7706d1521f00f"",""61511f22e290e1387f18565c""]"
85833ca1a05fa9f263cf,77e75658a7564f80ab01,cpu-nfs-local-spot,damacy,chunks256-default,smooth4,full-scan,NFS,smooth4-zstd-32-32,32768,"[1,128,128]",zstd,32768,compression/output,1.8451430092694745,maximize,14.498235993367938,False,no recorded winner; exploratory compression/output frontier over four encodings,undefined; nondominance is not a scalar winner rule,"[""9f8c7ba3f1670d798d7a8375"",""ac5a79390c81d3b8fe0f1ad3"",""6b574c7d1af4dccab2181c39""]"
85833ca1a05fa9f263cf,091d1f7eae5f10207018,cpu-nfs-local-spot,damacy,chunks256-default,smooth4,full-scan,NFS,smooth4-zstd-128-128,131072,"[1,256,256]",zstd,131072,encoded-traffic/output,0.5362188369035721,minimize,21.078052644125222,False,no recorded winner; exploratory compression/output frontier over four encodings,undefined; nondominance is not a scalar winner rule,"[""56fc4fdea998069ff3b2aec8"",""bb54cb2c82f4d3961c127df0"",""0703b2b6e4e1d00992fd5291""]"
85833ca1a05fa9f263cf,1c441bc5c62d77629061,cpu-nfs-local-spot,damacy,chunks256-default,smooth4,full-scan,NFS,smooth4-lz4-512-512,524288,"[1,512,512]",lz4,524288,encoded-traffic/output,0.6147461677901447,minimize,22.076481824652085,False,no recorded winner; exploratory compression/output frontier over four encodings,undefined; nondominance is not a scalar winner rule,"[""a79032e92a3a0d4670ab6fab"",""3edb818854326104a3fd1688"",""25622cbff768d2fd6e13551a""]"
85833ca1a05fa9f263cf,49a096beebd4c4f995de,cpu-nfs-local-spot,damacy,chunks256-default,smooth4,full-scan,NFS,smooth4-zstd-512-512,524288,"[1,512,512]",zstd,524288,encoded-traffic/output,0.5073499975260347,minimize,24.672025600560787,True,no recorded winner; exploratory compression/output frontier over four encodings,undefined; nondominance is not a scalar winner rule,"[""b644a109d0944e76048f96df"",""6ee8a6f592b7706d1521f00f"",""61511f22e290e1387f18565c""]"
85833ca1a05fa9f263cf,77e75658a7564f80ab01,cpu-nfs-local-spot,damacy,chunks256-default,smooth4,full-scan,NFS,smooth4-zstd-32-32,32768,"[1,128,128]",zstd,32768,encoded-traffic/output,0.5414751265197992,minimize,14.498235993367938,False,no recorded winner; exploratory compression/output frontier over four encodings,undefined; nondominance is not a scalar winner rule,"[""9f8c7ba3f1670d798d7a8375"",""ac5a79390c81d3b8fe0f1ad3"",""6b574c7d1af4dccab2181c39""]"
3fe0cb0b04a8ea40ee71,095275d9ec1be456167d,pr160-cold-storage,damacy,damacy,smooth4,random-1x256x256,local block storage,smooth4-zstd-64-16,65536,"[1,128,256]",zstd,16384,compression/output,1.8307918674640946,maximize,1.0575638641168887,False,minimize storage/useful bytes and maximize useful throughput,undefined; nondominance is not a scalar winner rule,"[""ff6caf61828e16cd2263d887"",""1401ee3825504728a1911938"",""eefb479f02c4a0bf1654bf76""]"
3fe0cb0b04a8ea40ee71,0e47baaadf6c7a4f3bff,pr160-cold-storage,damacy,damacy,smooth4,random-1x256x256,local block storage,smooth4-zstd-256-16,262144,"[2,256,256]",zstd,16384,compression/output,1.8320201563813308,maximize,1.0919341033379506,True,minimize storage/useful bytes and maximize useful throughput,undefined; nondominance is not a scalar winner rule,"[""3fa72b53d0d2a4ddc6829bbe"",""f8952944e1e7fcc83ad18b79"",""51870b9aef590e8478001067""]"
3fe0cb0b04a8ea40ee71,0e71a4899395611aeafa,pr160-cold-storage,damacy,damacy,smooth4,random-1x256x256,local block storage,smooth4-lz4-256-16,262144,"[2,256,256]",lz4,16384,compression/output,1.5671122906202222,maximize,1.042220038009223,False,minimize storage/useful bytes and maximize useful throughput,undefined; nondominance is not a scalar winner rule,"[""4757e782ebe4bd9e9a933ec4"",""42a10564161a4ff162250bfd"",""0fe1e0339bca34495a18acd8""]"
3fe0cb0b04a8ea40ee71,0fc673072120d4347dd0,pr160-cold-storage,damacy,damacy,smooth4,random-1x256x256,local block storage,smooth4-zstd-1024-16,1048576,"[8,256,256]",zstd,16384,compression/output,1.832327486174522,maximize,0.8682807299235787,True,minimize storage/useful bytes and maximize useful throughput,undefined; nondominance is not a scalar winner rule,"[""7a4aa152c4a1bda570e5214b"",""94732cc52143b7bf569a895a"",""c54a1513d3647b9e5591d913""]"
3fe0cb0b04a8ea40ee71,6c9a1631fdc16dc65ff9,pr160-cold-storage,damacy,damacy,smooth4,random-1x256x256,local block storage,smooth4-lz4-1024-16,1048576,"[8,256,256]",lz4,16384,compression/output,1.5673371618357246,maximize,1.0430706290273977,False,minimize storage/useful bytes and maximize useful throughput,undefined; nondominance is not a scalar winner rule,"[""fe66eff624f739bc7a6901ee"",""90a5b398276a0f8892e675fd"",""ae5559201febb3c8cc34ac77""]"
3fe0cb0b04a8ea40ee71,81231b0895a96be0e88b,pr160-cold-storage,damacy,damacy,smooth4,random-1x256x256,local block storage,smooth4-lz4-16-16,16384,"[1,64,128]",lz4,16384,compression/output,1.5700748798465642,maximize,0.6587762324423155,False,minimize storage/useful bytes and maximize useful throughput,undefined; nondominance is not a scalar winner rule,"[""525632c6c6de6423bbe5f19b"",""e100699afa87a524c611a945"",""d0f9f9f10bb186fde7a0ea9b""]"
3fe0cb0b04a8ea40ee71,991481b1b6d7bc5b7471,pr160-cold-storage,damacy,damacy,smooth4,random-1x256x256,local block storage,smooth4-lz4-64-16,65536,"[1,128,256]",lz4,16384,compression/output,1.5662134506489405,maximize,0.9616693748074574,False,minimize storage/useful bytes and maximize useful throughput,undefined; nondominance is not a scalar winner rule,"[""421ad14eb0bc5447bb939c14"",""383fbebd97991f958ba6ea01"",""9002de288e14ed171ac288b7""]"
3fe0cb0b04a8ea40ee71,dbdbb423e600b467cf30,pr160-cold-storage,damacy,damacy,smooth4,random-1x256x256,local block storage,smooth4-zstd-16-16,16384,"[1,64,128]",zstd,16384,compression/output,1.8332768219493596,maximize,0.7347014262986622,True,minimize storage/useful bytes and maximize useful throughput,undefined; nondominance is not a scalar winner rule,"[""4a8600ddc3eab720b2b92981"",""74424956d63472f8a3349328"",""a3953c54f5709e365d43df14""]"
3fe0cb0b04a8ea40ee71,095275d9ec1be456167d,pr160-cold-storage,damacy,damacy,smooth4,random-1x256x256,local block storage,smooth4-zstd-64-16,65536,"[1,128,256]",zstd,16384,encoded-traffic/output,1.6161403451114893,minimize,1.0575638641168887,True,minimize storage/useful bytes and maximize useful throughput,undefined; nondominance is not a scalar winner rule,"[""ff6caf61828e16cd2263d887"",""1401ee3825504728a1911938"",""eefb479f02c4a0bf1654bf76""]"
3fe0cb0b04a8ea40ee71,0e47baaadf6c7a4f3bff,pr160-cold-storage,damacy,damacy,smooth4,random-1x256x256,local block storage,smooth4-zstd-256-16,262144,"[2,256,256]",zstd,16384,encoded-traffic/output,4.263618890196085,minimize,1.0919341033379506,True,minimize storage/useful bytes and maximize useful throughput,undefined; nondominance is not a scalar winner rule,"[""3fa72b53d0d2a4ddc6829bbe"",""f8952944e1e7fcc83ad18b79"",""51870b9aef590e8478001067""]"
3fe0cb0b04a8ea40ee71,0e71a4899395611aeafa,pr160-cold-storage,damacy,damacy,smooth4,random-1x256x256,local block storage,smooth4-lz4-256-16,262144,"[2,256,256]",lz4,16384,encoded-traffic/output,4.98397309705615,minimize,1.042220038009223,False,minimize storage/useful bytes and maximize useful throughput,undefined; nondominance is not a scalar winner rule,"[""4757e782ebe4bd9e9a933ec4"",""42a10564161a4ff162250bfd"",""0fe1e0339bca34495a18acd8""]"
3fe0cb0b04a8ea40ee71,0fc673072120d4347dd0,pr160-cold-storage,damacy,damacy,smooth4,random-1x256x256,local block storage,smooth4-zstd-1024-16,1048576,"[8,256,256]",zstd,16384,encoded-traffic/output,16.133194990456104,minimize,0.8682807299235787,False,minimize storage/useful bytes and maximize useful throughput,undefined; nondominance is not a scalar winner rule,"[""7a4aa152c4a1bda570e5214b"",""94732cc52143b7bf569a895a"",""c54a1513d3647b9e5591d913""]"
3fe0cb0b04a8ea40ee71,6c9a1631fdc16dc65ff9,pr160-cold-storage,damacy,damacy,smooth4,random-1x256x256,local block storage,smooth4-lz4-1024-16,1048576,"[8,256,256]",lz4,16384,encoded-traffic/output,18.86148552969098,minimize,1.0430706290273977,False,minimize storage/useful bytes and maximize useful throughput,undefined; nondominance is not a scalar winner rule,"[""fe66eff624f739bc7a6901ee"",""90a5b398276a0f8892e675fd"",""ae5559201febb3c8cc34ac77""]"
3fe0cb0b04a8ea40ee71,81231b0895a96be0e88b,pr160-cold-storage,damacy,damacy,smooth4,random-1x256x256,local block storage,smooth4-lz4-16-16,16384,"[1,64,128]",lz4,16384,encoded-traffic/output,1.1781878285109997,minimize,0.6587762324423155,False,minimize storage/useful bytes and maximize useful throughput,undefined; nondominance is not a scalar winner rule,"[""525632c6c6de6423bbe5f19b"",""e100699afa87a524c611a945"",""d0f9f9f10bb186fde7a0ea9b""]"
3fe0cb0b04a8ea40ee71,991481b1b6d7bc5b7471,pr160-cold-storage,damacy,damacy,smooth4,random-1x256x256,local block storage,smooth4-lz4-64-16,65536,"[1,128,256]",lz4,16384,encoded-traffic/output,1.8891322519630194,minimize,0.9616693748074574,False,minimize storage/useful bytes and maximize useful throughput,undefined; nondominance is not a scalar winner rule,"[""421ad14eb0bc5447bb939c14"",""383fbebd97991f958ba6ea01"",""9002de288e14ed171ac288b7""]"
3fe0cb0b04a8ea40ee71,dbdbb423e600b467cf30,pr160-cold-storage,damacy,damacy,smooth4,random-1x256x256,local block storage,smooth4-zstd-16-16,16384,"[1,64,128]",zstd,16384,encoded-traffic/output,1.0089429263025522,minimize,0.7347014262986622,True,minimize storage/useful bytes and maximize useful throughput,undefined; nondominance is not a scalar winner rule,"[""4a8600ddc3eab720b2b92981"",""74424956d63472f8a3349328"",""a3953c54f5709e365d43df14""]"
3fe0cb0b04a8ea40ee71,095275d9ec1be456167d,pr160-cold-storage,damacy,damacy,smooth4,random-1x256x256,local block storage,smooth4-zstd-64-16,65536,"[1,128,256]",zstd,16384,local-storage-traffic/output,3.765362079326923,minimize,1.0575638641168887,True,minimize storage/useful bytes and maximize useful throughput,undefined; nondominance is not a scalar winner rule,"[""ff6caf61828e16cd2263d887"",""1401ee3825504728a1911938"",""eefb479f02c4a0bf1654bf76""]"
3fe0cb0b04a8ea40ee71,0e47baaadf6c7a4f3bff,pr160-cold-storage,damacy,damacy,smooth4,random-1x256x256,local block storage,smooth4-zstd-256-16,262144,"[2,256,256]",zstd,16384,local-storage-traffic/output,4.1252300555889425,minimize,1.0919341033379506,True,minimize storage/useful bytes and maximize useful throughput,undefined; nondominance is not a scalar winner rule,"[""3fa72b53d0d2a4ddc6829bbe"",""f8952944e1e7fcc83ad18b79"",""51870b9aef590e8478001067""]"
3fe0cb0b04a8ea40ee71,0e71a4899395611aeafa,pr160-cold-storage,damacy,damacy,smooth4,random-1x256x256,local block storage,smooth4-lz4-256-16,262144,"[2,256,256]",lz4,16384,local-storage-traffic/output,4.767539391150842,minimize,1.042220038009223,False,minimize storage/useful bytes and maximize useful throughput,undefined; nondominance is not a scalar winner rule,"[""4757e782ebe4bd9e9a933ec4"",""42a10564161a4ff162250bfd"",""0fe1e0339bca34495a18acd8""]"
3fe0cb0b04a8ea40ee71,0fc673072120d4347dd0,pr160-cold-storage,damacy,damacy,smooth4,random-1x256x256,local block storage,smooth4-zstd-1024-16,1048576,"[8,256,256]",zstd,16384,local-storage-traffic/output,4.331939697265625,minimize,0.8682807299235787,False,minimize storage/useful bytes and maximize useful throughput,undefined; nondominance is not a scalar winner rule,"[""7a4aa152c4a1bda570e5214b"",""94732cc52143b7bf569a895a"",""c54a1513d3647b9e5591d913""]"
3fe0cb0b04a8ea40ee71,6c9a1631fdc16dc65ff9,pr160-cold-storage,damacy,damacy,smooth4,random-1x256x256,local block storage,smooth4-lz4-1024-16,1048576,"[8,256,256]",lz4,16384,local-storage-traffic/output,5.05624272273137,minimize,1.0430706290273977,False,minimize storage/useful bytes and maximize useful throughput,undefined; nondominance is not a scalar winner rule,"[""fe66eff624f739bc7a6901ee"",""90a5b398276a0f8892e675fd"",""ae5559201febb3c8cc34ac77""]"
3fe0cb0b04a8ea40ee71,81231b0895a96be0e88b,pr160-cold-storage,damacy,damacy,smooth4,random-1x256x256,local block storage,smooth4-lz4-16-16,16384,"[1,64,128]",lz4,16384,local-storage-traffic/output,3.5740652084350586,minimize,0.6587762324423155,False,minimize storage/useful bytes and maximize useful throughput,undefined; nondominance is not a scalar winner rule,"[""525632c6c6de6423bbe5f19b"",""e100699afa87a524c611a945"",""d0f9f9f10bb186fde7a0ea9b""]"
3fe0cb0b04a8ea40ee71,991481b1b6d7bc5b7471,pr160-cold-storage,damacy,damacy,smooth4,random-1x256x256,local block storage,smooth4-lz4-64-16,65536,"[1,128,256]",lz4,16384,local-storage-traffic/output,4.270454406738281,minimize,0.9616693748074574,False,minimize storage/useful bytes and maximize useful throughput,undefined; nondominance is not a scalar winner rule,"[""421ad14eb0bc5447bb939c14"",""383fbebd97991f958ba6ea01"",""9002de288e14ed171ac288b7""]"
3fe0cb0b04a8ea40ee71,dbdbb423e600b467cf30,pr160-cold-storage,damacy,damacy,smooth4,random-1x256x256,local block storage,smooth4-zstd-16-16,16384,"[1,64,128]",zstd,16384,local-storage-traffic/output,3.0644327799479165,minimize,0.7347014262986622,True,minimize storage/useful bytes and maximize useful throughput,undefined; nondominance is not a scalar winner rule,"[""4a8600ddc3eab720b2b92981"",""74424956d63472f8a3349328"",""a3953c54f5709e365d43df14""]"
c358e07e7da54cca8f59,095a997003f7acc48ae4,cpu-nfs-local-spot,damacy,chunks256-default,smooth4,random-1x256x256,local block storage,smooth4-zstd-512-512,524288,"[1,512,512]",zstd,524288,compression/output,1.970907362204299,maximize,2.9194093624467086,True,no recorded winner; exploratory compression/output frontier over four encodings,undefined; nondominance is not a scalar winner rule,"[""8cd77a00310a785694fe2cfd"",""294e59f0a89732934e25b1d1"",""5035241120f45f9d48d17a5e""]"
c358e07e7da54cca8f59,8dcf43ed8d1ee62c2196,cpu-nfs-local-spot,damacy,chunks256-default,smooth4,random-1x256x256,local block storage,smooth4-lz4-512-512,524288,"[1,512,512]",lz4,524288,compression/output,1.626606892779916,maximize,2.991721036148308,False,no recorded winner; exploratory compression/output frontier over four encodings,undefined; nondominance is not a scalar winner rule,"[""c902e47435f2ec2ac4a077f1"",""1b8184fe0edf4a5b36e1247a"",""93de96368127ba40f63b36f1""]"
c358e07e7da54cca8f59,d8d86051d74f8dba16e5,cpu-nfs-local-spot,damacy,chunks256-default,smooth4,random-1x256x256,local block storage,smooth4-zstd-128-128,131072,"[1,256,256]",zstd,131072,compression/output,1.8644857768631582,maximize,3.5531414889598314,True,no recorded winner; exploratory compression/output frontier over four encodings,undefined; nondominance is not a scalar winner rule,"[""a8e37a61b8d4448fbc3d1777"",""052a55198600cb50d4fb54bf"",""fecf1fe31ad24be1e71d47d9""]"
c358e07e7da54cca8f59,fe36e3e3bb554590dfc2,cpu-nfs-local-spot,damacy,chunks256-default,smooth4,random-1x256x256,local block storage,smooth4-zstd-32-32,32768,"[1,128,128]",zstd,32768,compression/output,1.8451430092694745,maximize,3.5594590174334693,True,no recorded winner; exploratory compression/output frontier over four encodings,undefined; nondominance is not a scalar winner rule,"[""9d5806b4cb348533f3927125"",""655867e3dc33750d54d45347"",""8757e5bae81031c0e55f4cdf""]"
c358e07e7da54cca8f59,095a997003f7acc48ae4,cpu-nfs-local-spot,damacy,chunks256-default,smooth4,random-1x256x256,local block storage,smooth4-zstd-512-512,524288,"[1,512,512]",zstd,524288,encoded-traffic/output,4.278482188936323,minimize,2.9194093624467086,False,no recorded winner; exploratory compression/output frontier over four encodings,undefined; nondominance is not a scalar winner rule,"[""8cd77a00310a785694fe2cfd"",""294e59f0a89732934e25b1d1"",""5035241120f45f9d48d17a5e""]"
c358e07e7da54cca8f59,8dcf43ed8d1ee62c2196,cpu-nfs-local-spot,damacy,chunks256-default,smooth4,random-1x256x256,local block storage,smooth4-lz4-512-512,524288,"[1,512,512]",lz4,524288,encoded-traffic/output,5.184270983561873,minimize,2.991721036148308,False,no recorded winner; exploratory compression/output frontier over four encodings,undefined; nondominance is not a scalar winner rule,"[""c902e47435f2ec2ac4a077f1"",""1b8184fe0edf4a5b36e1247a"",""93de96368127ba40f63b36f1""]"
c358e07e7da54cca8f59,d8d86051d74f8dba16e5,cpu-nfs-local-spot,damacy,chunks256-default,smooth4,random-1x256x256,local block storage,smooth4-zstd-128-128,131072,"[1,256,256]",zstd,131072,encoded-traffic/output,2.1317356233485043,minimize,3.5531414889598314,False,no recorded winner; exploratory compression/output frontier over four encodings,undefined; nondominance is not a scalar winner rule,"[""a8e37a61b8d4448fbc3d1777"",""052a55198600cb50d4fb54bf"",""fecf1fe31ad24be1e71d47d9""]"
c358e07e7da54cca8f59,fe36e3e3bb554590dfc2,cpu-nfs-local-spot,damacy,chunks256-default,smooth4,random-1x256x256,local block storage,smooth4-zstd-32-32,32768,"[1,128,128]",zstd,32768,encoded-traffic/output,1.2103052278980613,minimize,3.5594590174334693,True,no recorded winner; exploratory compression/output frontier over four encodings,undefined; nondominance is not a scalar winner rule,"[""9d5806b4cb348533f3927125"",""655867e3dc33750d54d45347"",""8757e5bae81031c0e55f4cdf""]"
c358e07e7da54cca8f59,095a997003f7acc48ae4,cpu-nfs-local-spot,damacy,chunks256-default,smooth4,random-1x256x256,local block storage,smooth4-zstd-512-512,524288,"[1,512,512]",zstd,524288,local-storage-traffic/output,3.3947534561157227,minimize,2.9194093624467086,False,no recorded winner; exploratory compression/output frontier over four encodings,undefined; nondominance is not a scalar winner rule,"[""8cd77a00310a785694fe2cfd"",""294e59f0a89732934e25b1d1"",""5035241120f45f9d48d17a5e""]"
c358e07e7da54cca8f59,8dcf43ed8d1ee62c2196,cpu-nfs-local-spot,damacy,chunks256-default,smooth4,random-1x256x256,local block storage,smooth4-lz4-512-512,524288,"[1,512,512]",lz4,524288,local-storage-traffic/output,4.067753791809082,minimize,2.991721036148308,False,no recorded winner; exploratory compression/output frontier over four encodings,undefined; nondominance is not a scalar winner rule,"[""c902e47435f2ec2ac4a077f1"",""1b8184fe0edf4a5b36e1247a"",""93de96368127ba40f63b36f1""]"
c358e07e7da54cca8f59,d8d86051d74f8dba16e5,cpu-nfs-local-spot,damacy,chunks256-default,smooth4,random-1x256x256,local block storage,smooth4-zstd-128-128,131072,"[1,256,256]",zstd,131072,local-storage-traffic/output,2.5427896711561413,minimize,3.5531414889598314,False,no recorded winner; exploratory compression/output frontier over four encodings,undefined; nondominance is not a scalar winner rule,"[""a8e37a61b8d4448fbc3d1777"",""052a55198600cb50d4fb54bf"",""fecf1fe31ad24be1e71d47d9""]"
c358e07e7da54cca8f59,fe36e3e3bb554590dfc2,cpu-nfs-local-spot,damacy,chunks256-default,smooth4,random-1x256x256,local block storage,smooth4-zstd-32-32,32768,"[1,128,128]",zstd,32768,local-storage-traffic/output,1.5334604051378038,minimize,3.5594590174334693,True,no recorded winner; exploratory compression/output frontier over four encodings,undefined; nondominance is not a scalar winner rule,"[""9d5806b4cb348533f3927125"",""655867e3dc33750d54d45347"",""8757e5bae81031c0e55f4cdf""]"
1c015d718ec87b4bae64,0b6020329367c4e536ef,cpu-readahead-control,damacy,batch-random,smooth4,random-1x256x256,local block storage,smooth4-lz4-64-16,65536,"[1,128,256]",lz4,16384,compression/output,1.5663428823641548,maximize,2.1304459029301372,False,none; fixed layout,undefined; nondominance is not a scalar winner rule,"[""8d405b6e0df7072bcaa4aaf1"",""f5c0eadd6d781e7cb71a3e2d"",""1b7b7ad7f250a0b20df423c8""]"
1c015d718ec87b4bae64,cf9aace9d650e189871c,cpu-readahead-control,damacy,batch-random,smooth4,random-1x256x256,local block storage,smooth4-zstd-64-16,65536,"[1,128,256]",zstd,16384,compression/output,1.8309433434379625,maximize,2.219684411229312,True,none; fixed layout,undefined; nondominance is not a scalar winner rule,"[""cf1af43cf13dda6ccc0119be"",""f925a17a3cc2e419917037ae"",""afec649f2e53733b4ae3e425""]"
1c015d718ec87b4bae64,0b6020329367c4e536ef,cpu-readahead-control,damacy,batch-random,smooth4,random-1x256x256,local block storage,smooth4-lz4-64-16,65536,"[1,128,256]",lz4,16384,encoded-traffic/output,1.9021935942582786,minimize,2.1304459029301372,False,none; fixed layout,undefined; nondominance is not a scalar winner rule,"[""8d405b6e0df7072bcaa4aaf1"",""f5c0eadd6d781e7cb71a3e2d"",""1b7b7ad7f250a0b20df423c8""]"
1c015d718ec87b4bae64,cf9aace9d650e189871c,cpu-readahead-control,damacy,batch-random,smooth4,random-1x256x256,local block storage,smooth4-zstd-64-16,65536,"[1,128,256]",zstd,16384,encoded-traffic/output,1.627149775158614,minimize,2.219684411229312,True,none; fixed layout,undefined; nondominance is not a scalar winner rule,"[""cf1af43cf13dda6ccc0119be"",""f925a17a3cc2e419917037ae"",""afec649f2e53733b4ae3e425""]"
1c015d718ec87b4bae64,0b6020329367c4e536ef,cpu-readahead-control,damacy,batch-random,smooth4,random-1x256x256,local block storage,smooth4-lz4-64-16,65536,"[1,128,256]",lz4,16384,local-storage-traffic/output,1.629842758178711,minimize,2.1304459029301372,False,none; fixed layout,undefined; nondominance is not a scalar winner rule,"[""8d405b6e0df7072bcaa4aaf1"",""f5c0eadd6d781e7cb71a3e2d"",""1b7b7ad7f250a0b20df423c8""]"
1c015d718ec87b4bae64,cf9aace9d650e189871c,cpu-readahead-control,damacy,batch-random,smooth4,random-1x256x256,local block storage,smooth4-zstd-64-16,65536,"[1,128,256]",zstd,16384,local-storage-traffic/output,1.4038677215576172,minimize,2.219684411229312,True,none; fixed layout,undefined; nondominance is not a scalar winner rule,"[""cf1af43cf13dda6ccc0119be"",""f925a17a3cc2e419917037ae"",""afec649f2e53733b4ae3e425""]"
a16417ac03f4222e067d,0c678cc793c718c6ca65,pr160-warm-smooth-patterns,damacy,damacy,smooth8,full-scan,local block storage,smooth8-zstd-256-64,262144,"[2,256,256]",zstd,65536,compression/output,1.7199635183629232,maximize,27.802337917956894,True,no scalar winner recorded; input/codec control; exported frontiers are descriptive,undefined; nondominance is not a scalar winner rule,"[""43c462f1c889d63dd914922a"",""0dd10cb088d71f1acdba3d4d"",""c2672231828f13c3a09dc710"",""1d93bddb91e4888dfeff894b"",""dcd0772ad097ac3e97473215""]"
a16417ac03f4222e067d,f1bce720ac39655c83fe,pr160-warm-smooth-patterns,damacy,damacy,smooth8,full-scan,local block storage,smooth8-lz4-256-64,262144,"[2,256,256]",lz4,65536,compression/output,1.5805699171727547,maximize,30.004577958016505,True,no scalar winner recorded; input/codec control; exported frontiers are descriptive,undefined; nondominance is not a scalar winner rule,"[""009000aa505b40cbe1baeb43"",""2f42fff8dbd58679ce0db963"",""e2947faaffa4ce366e5feeb3"",""f1f27c5c5080c8dbf94dad27"",""f68a57776dd7db7bda5c2d83""]"
a16417ac03f4222e067d,0c678cc793c718c6ca65,pr160-warm-smooth-patterns,damacy,damacy,smooth8,full-scan,local block storage,smooth8-zstd-256-64,262144,"[2,256,256]",zstd,65536,encoded-traffic/output,0.5813466417603195,minimize,27.802337917956894,True,no scalar winner recorded; input/codec control; exported frontiers are descriptive,undefined; nondominance is not a scalar winner rule,"[""43c462f1c889d63dd914922a"",""0dd10cb088d71f1acdba3d4d"",""c2672231828f13c3a09dc710"",""1d93bddb91e4888dfeff894b"",""dcd0772ad097ac3e97473215""]"
a16417ac03f4222e067d,f1bce720ac39655c83fe,pr160-warm-smooth-patterns,damacy,damacy,smooth8,full-scan,local block storage,smooth8-lz4-256-64,262144,"[2,256,256]",lz4,65536,encoded-traffic/output,0.6326221402268857,minimize,30.004577958016505,True,no scalar winner recorded; input/codec control; exported frontiers are descriptive,undefined; nondominance is not a scalar winner rule,"[""009000aa505b40cbe1baeb43"",""2f42fff8dbd58679ce0db963"",""e2947faaffa4ce366e5feeb3"",""f1f27c5c5080c8dbf94dad27"",""f68a57776dd7db7bda5c2d83""]"
6928be6f3bc14d659c74,0c9ea4306a7cab55e5bf,cpu-chunk-blocks,damacy,chunks256-default,smooth4,full-scan,local block storage,smooth4-zstd-32-16,32768,"[1,128,128]",zstd,16384,compression/output,1.8366829025162181,maximize,14.87676376933399,False,maximize compression and output throughput,undefined; nondominance is not a scalar winner rule,"[""6354a4465eccaea124f4365d"",""2c3a01f934206d4f7c010ea5"",""fa9f95001345fb4440438558""]"
6928be6f3bc14d659c74,0d8aeb700426faee3f8f,cpu-chunk-blocks,damacy,chunks256-default,smooth4,full-scan,local block storage,smooth4-zstd-512-256,524288,"[1,512,512]",zstd,262144,compression/output,1.8823881322928948,maximize,22.907115929743046,False,maximize compression and output throughput,undefined; nondominance is not a scalar winner rule,"[""be10d0d8692c5c57f8eb810d"",""efe0be43d7e4823b7cc37142"",""42d57e8d6718a12531565f23""]"
6928be6f3bc14d659c74,342ce216e902f2d22f74,cpu-chunk-blocks,damacy,chunks256-default,smooth4,full-scan,local block storage,smooth4-lz4-512-16,524288,"[1,512,512]",lz4,16384,compression/output,1.5666306456387868,maximize,24.925740703219017,False,maximize compression and output throughput,undefined; nondominance is not a scalar winner rule,"[""a58164a2b30dcbdce87b769a"",""15c3cf03675edc350d5617b5"",""444e5953c211188d996e170b""]"
6928be6f3bc14d659c74,6cd446b8f0010f247447,cpu-chunk-blocks,damacy,chunks256-default,smooth4,full-scan,local block storage,smooth4-zstd-32-4,32768,"[1,128,128]",zstd,4096,compression/output,1.7797988160289273,maximize,13.017425820200891,False,maximize compression and output throughput,undefined; nondominance is not a scalar winner rule,"[""d6c9bf14f2be078ff94ef2fc"",""4a608eeb7fa97ff4c9e6f293"",""5fc801b3a6b72569f4f20045""]"
6928be6f3bc14d659c74,7ed6450bef48f2e9ea66,cpu-chunk-blocks,damacy,chunks256-default,smooth4,full-scan,local block storage,smooth4-lz4-512-64,524288,"[1,512,512]",lz4,65536,compression/output,1.5980931987208997,maximize,25.629862008397136,False,maximize compression and output throughput,undefined; nondominance is not a scalar winner rule,"[""d4ca218e88d8e9ac16f4ffd3"",""33460c2bf9cf908e053b142e"",""0b9db39e7b9d7867a8025caa""]"
6928be6f3bc14d659c74,8f46e2b27edf36494e7e,cpu-chunk-blocks,damacy,chunks256-default,smooth4,full-scan,local block storage,smooth4-lz4-512-256,524288,"[1,512,512]",lz4,262144,compression/output,1.6167072291075084,maximize,23.425450209292354,False,maximize compression and output throughput,undefined; nondominance is not a scalar winner rule,"[""5be71cfddf19e6e7b84f8762"",""d2466786915aacc9714179b9"",""56748006baef1c4970600373""]"
6928be6f3bc14d659c74,96a1e0c243bb85a6605d,cpu-chunk-blocks,damacy,chunks256-default,smooth4,full-scan,local block storage,smooth4-lz4-128-64,131072,"[1,256,256]",lz4,65536,compression/output,1.6005883232081666,maximize,25.477056047338415,False,maximize compression and output throughput,undefined; nondominance is not a scalar winner rule,"[""df6a63538e7abe2bfa72c459"",""28a052ad156f85db25aea2e4"",""99c1f73d7a159035eb730f71""]"
6928be6f3bc14d659c74,9adb31b3e4c049039463,cpu-chunk-blocks,damacy,chunks256-default,smooth4,full-scan,local block storage,smooth4-lz4-512-512,524288,"[1,512,512]",lz4,524288,compression/output,1.626606892779916,maximize,23.913682212211302,False,maximize compression and output throughput,undefined; nondominance is not a scalar winner rule,"[""39e7b69c2f24fa7a214021b8"",""def71c7100ef3a3ccaea0219"",""a241e16a1ecb1cab84c77a15""]"
6928be6f3bc14d659c74,9cb7d145ab61c0e9389a,cpu-chunk-blocks,damacy,chunks256-default,smooth4,full-scan,local block storage,smooth4-zstd-512-64,524288,"[1,512,512]",zstd,65536,compression/output,1.8505648607554412,maximize,22.129467796132733,False,maximize compression and output throughput,undefined; nondominance is not a scalar winner rule,"[""a7b0ad8493a28e96b60d977c"",""b4679907b5613c7ccf22534a"",""c772ddb184ae6f508a8c4fb3""]"
6928be6f3bc14d659c74,a34f51e8f57625a3e424,cpu-chunk-blocks,damacy,chunks256-default,smooth4,full-scan,local block storage,smooth4-lz4-32-32,32768,"[1,128,128]",lz4,32768,compression/output,1.5856470833576932,maximize,14.815919802487114,False,maximize compression and output throughput,undefined; nondominance is not a scalar winner rule,"[""bba218516d4772d6402170f4"",""f4609f7d38d4ff9600ab6b44"",""8767222ef98e890903f776cf""]"
6928be6f3bc14d659c74,a65e6cfb316b6686e2d6,cpu-chunk-blocks,damacy,chunks256-default,smooth4,full-scan,local block storage,smooth4-zstd-512-512,524288,"[1,512,512]",zstd,524288,compression/output,1.970907362204299,maximize,24.449770826304906,True,maximize compression and output throughput,undefined; nondominance is not a scalar winner rule,"[""9d33ea82cc4334762e757a53"",""c1415236ca875de2d8c12ef4"",""005ec65099ed180604e59229""]"
6928be6f3bc14d659c74,ad29c096dd6c503d48e0,cpu-chunk-blocks,damacy,chunks256-default,smooth4,full-scan,local block storage,smooth4-lz4-32-4,32768,"[1,128,128]",lz4,4096,compression/output,1.5216670305492115,maximize,14.084179829087006,False,maximize compression and output throughput,undefined; nondominance is not a scalar winner rule,"[""ec8eba13550b20b2b5558325"",""663062a6cf667adcd1c37f50"",""96fe3833724190f3e13261b1""]"
6928be6f3bc14d659c74,b6d61b6bd6e513dd2baf,cpu-chunk-blocks,damacy,chunks256-default,smooth4,full-scan,local block storage,smooth4-zstd-128-16,131072,"[1,256,256]",zstd,16384,compression/output,1.8317621551383316,maximize,20.85629391884799,False,maximize compression and output throughput,undefined; nondominance is not a scalar winner rule,"[""8ac6640239f86bbd4351f4ac"",""bbeca892888a385676bab5b5"",""42dc7b509e5d75605f365f08""]"
6928be6f3bc14d659c74,c83132b18436d36e054e,cpu-chunk-blocks,damacy,chunks256-default,smooth4,full-scan,local block storage,smooth4-lz4-128-128,131072,"[1,256,256]",lz4,131072,compression/output,1.6017382552426165,maximize,25.88775041634377,True,maximize compression and output throughput,undefined; nondominance is not a scalar winner rule,"[""e1c750782e283b863388cfcc"",""80b9f64e200c611885931a29"",""fcd1d0865b9ab55eadca7661""]"
6928be6f3bc14d659c74,dbac840665d23f7de8c2,cpu-chunk-blocks,damacy,chunks256-default,smooth4,full-scan,local block storage,smooth4-zstd-512-16,524288,"[1,512,512]",zstd,16384,compression/output,1.8294478975980146,maximize,21.566002917816334,False,maximize compression and output throughput,undefined; nondominance is not a scalar winner rule,"[""69a662ef57b7a77548c33eb2"",""4a64c63bb11f0a22942eef11"",""26c9910d17910ed383db9267""]"
6928be6f3bc14d659c74,ec2d35beb2c76540198c,cpu-chunk-blocks,damacy,chunks256-default,smooth4,full-scan,local block storage,smooth4-zstd-32-32,32768,"[1,128,128]",zstd,32768,compression/output,1.8451430092694745,maximize,15.594729558313555,False,maximize compression and output throughput,undefined; nondominance is not a scalar winner rule,"[""50c7315e9304636af75773a0"",""49d87fd05a40e9ef9285171e"",""a0ce94fbb7e8da6b5edfcd0e""]"
6928be6f3bc14d659c74,f63e00ce094be3423daa,cpu-chunk-blocks,damacy,chunks256-default,smooth4,full-scan,local block storage,smooth4-zstd-128-64,131072,"[1,256,256]",zstd,65536,compression/output,1.85368967938808,maximize,21.50152314152179,False,maximize compression and output throughput,undefined; nondominance is not a scalar winner rule,"[""9d3f1dd82ff2413e02cd6f49"",""758ecfd6aaba42e5892df0b2"",""465e0364af6b16f45b77765e""]"
6928be6f3bc14d659c74,f8a4c7408c5425cfe153,cpu-chunk-blocks,damacy,chunks256-default,smooth4,full-scan,local block storage,smooth4-lz4-32-16,32768,"[1,128,128]",lz4,16384,compression/output,1.572609772618283,maximize,16.27017106229654,False,maximize compression and output throughput,undefined; nondominance is not a scalar winner rule,"[""2307dc7d675d4668b2b8dd67"",""6263ba49c54ac6aa86998b5d"",""06618314d1f1c5907da89e75""]"
6928be6f3bc14d659c74,fa60e4f27ce64909e6e9,cpu-chunk-blocks,damacy,chunks256-default,smooth4,full-scan,local block storage,smooth4-lz4-128-16,131072,"[1,256,256]",lz4,16384,compression/output,1.5669420934469545,maximize,23.72670684431703,False,maximize compression and output throughput,undefined; nondominance is not a scalar winner rule,"[""f862bf104f7f85c25b2f3b06"",""b1fd570333f4c9df23b9a7e3"",""5a545ab7f7dd40b8ed512442""]"
6928be6f3bc14d659c74,fb03913d0fed7c5a5c7a,cpu-chunk-blocks,damacy,chunks256-default,smooth4,full-scan,local block storage,smooth4-zstd-128-128,131072,"[1,256,256]",zstd,131072,compression/output,1.8644857768631582,maximize,22.086371883985688,False,maximize compression and output throughput,undefined; nondominance is not a scalar winner rule,"[""8eeb84fb75068074c9999b27"",""1dd6d1028cd8eaf0cc8f1077"",""c4448cd5b028be3749ab7587""]"
6928be6f3bc14d659c74,0c9ea4306a7cab55e5bf,cpu-chunk-blocks,damacy,chunks256-default,smooth4,full-scan,local block storage,smooth4-zstd-32-16,32768,"[1,128,128]",zstd,16384,encoded-traffic/output,0.5439715118845925,minimize,14.87676376933399,False,maximize compression and output throughput,undefined; nondominance is not a scalar winner rule,"[""6354a4465eccaea124f4365d"",""2c3a01f934206d4f7c010ea5"",""fa9f95001345fb4440438558""]"
6928be6f3bc14d659c74,0d8aeb700426faee3f8f,cpu-chunk-blocks,damacy,chunks256-default,smooth4,full-scan,local block storage,smooth4-zstd-512-256,524288,"[1,512,512]",zstd,262144,encoded-traffic/output,0.5312095470144413,minimize,22.907115929743046,False,maximize compression and output throughput,undefined; nondominance is not a scalar winner rule,"[""be10d0d8692c5c57f8eb810d"",""efe0be43d7e4823b7cc37142"",""42d57e8d6718a12531565f23""]"
6928be6f3bc14d659c74,342ce216e902f2d22f74,cpu-chunk-blocks,damacy,chunks256-default,smooth4,full-scan,local block storage,smooth4-lz4-512-16,524288,"[1,512,512]",lz4,16384,encoded-traffic/output,0.6382820272119716,minimize,24.925740703219017,False,maximize compression and output throughput,undefined; nondominance is not a scalar winner rule,"[""a58164a2b30dcbdce87b769a"",""15c3cf03675edc350d5617b5"",""444e5953c211188d996e170b""]"
6928be6f3bc14d659c74,6cd446b8f0010f247447,cpu-chunk-blocks,damacy,chunks256-default,smooth4,full-scan,local block storage,smooth4-zstd-32-4,32768,"[1,128,128]",zstd,4096,encoded-traffic/output,0.5613729720353149,minimize,13.017425820200891,False,maximize compression and output throughput,undefined; nondominance is not a scalar winner rule,"[""d6c9bf14f2be078ff94ef2fc"",""4a608eeb7fa97ff4c9e6f293"",""5fc801b3a6b72569f4f20045""]"
6928be6f3bc14d659c74,7ed6450bef48f2e9ea66,cpu-chunk-blocks,damacy,chunks256-default,smooth4,full-scan,local block storage,smooth4-lz4-512-64,524288,"[1,512,512]",lz4,65536,encoded-traffic/output,0.6257152116741054,minimize,25.629862008397136,False,maximize compression and output throughput,undefined; nondominance is not a scalar winner rule,"[""d4ca218e88d8e9ac16f4ffd3"",""33460c2bf9cf908e053b142e"",""0b9db39e7b9d7867a8025caa""]"
6928be6f3bc14d659c74,8f46e2b27edf36494e7e,cpu-chunk-blocks,damacy,chunks256-default,smooth4,full-scan,local block storage,smooth4-lz4-512-256,524288,"[1,512,512]",lz4,262144,encoded-traffic/output,0.6185106604243629,minimize,23.425450209292354,False,maximize compression and output throughput,undefined; nondominance is not a scalar winner rule,"[""5be71cfddf19e6e7b84f8762"",""d2466786915aacc9714179b9"",""56748006baef1c4970600373""]"
6928be6f3bc14d659c74,96a1e0c243bb85a6605d,cpu-chunk-blocks,damacy,chunks256-default,smooth4,full-scan,local block storage,smooth4-lz4-128-64,131072,"[1,256,256]",lz4,65536,encoded-traffic/output,0.624648196680937,minimize,25.477056047338415,False,maximize compression and output throughput,undefined; nondominance is not a scalar winner rule,"[""df6a63538e7abe2bfa72c459"",""28a052ad156f85db25aea2e4"",""99c1f73d7a159035eb730f71""]"
6928be6f3bc14d659c74,9adb31b3e4c049039463,cpu-chunk-blocks,damacy,chunks256-default,smooth4,full-scan,local block storage,smooth4-lz4-512-512,524288,"[1,512,512]",lz4,524288,encoded-traffic/output,0.6147461677901447,minimize,23.913682212211302,False,maximize compression and output throughput,undefined; nondominance is not a scalar winner rule,"[""39e7b69c2f24fa7a214021b8"",""def71c7100ef3a3ccaea0219"",""a241e16a1ecb1cab84c77a15""]"
6928be6f3bc14d659c74,9cb7d145ab61c0e9389a,cpu-chunk-blocks,damacy,chunks256-default,smooth4,full-scan,local block storage,smooth4-zstd-512-64,524288,"[1,512,512]",zstd,65536,encoded-traffic/output,0.5403450262965634,minimize,22.129467796132733,False,maximize compression and output throughput,undefined; nondominance is not a scalar winner rule,"[""a7b0ad8493a28e96b60d977c"",""b4679907b5613c7ccf22534a"",""c772ddb184ae6f508a8c4fb3""]"
6928be6f3bc14d659c74,a34f51e8f57625a3e424,cpu-chunk-blocks,damacy,chunks256-default,smooth4,full-scan,local block storage,smooth4-lz4-32-32,32768,"[1,128,128]",lz4,32768,encoded-traffic/output,0.6301690728287213,minimize,14.815919802487114,False,maximize compression and output throughput,undefined; nondominance is not a scalar winner rule,"[""bba218516d4772d6402170f4"",""f4609f7d38d4ff9600ab6b44"",""8767222ef98e890903f776cf""]"
6928be6f3bc14d659c74,a65e6cfb316b6686e2d6,cpu-chunk-blocks,damacy,chunks256-default,smooth4,full-scan,local block storage,smooth4-zstd-512-512,524288,"[1,512,512]",zstd,524288,encoded-traffic/output,0.5073499975260347,minimize,24.449770826304906,True,maximize compression and output throughput,undefined; nondominance is not a scalar winner rule,"[""9d33ea82cc4334762e757a53"",""c1415236ca875de2d8c12ef4"",""005ec65099ed180604e59229""]"
6928be6f3bc14d659c74,ad29c096dd6c503d48e0,cpu-chunk-blocks,damacy,chunks256-default,smooth4,full-scan,local block storage,smooth4-lz4-32-4,32768,"[1,128,128]",lz4,4096,encoded-traffic/output,0.6566857090219855,minimize,14.084179829087006,False,maximize compression and output throughput,undefined; nondominance is not a scalar winner rule,"[""ec8eba13550b20b2b5558325"",""663062a6cf667adcd1c37f50"",""96fe3833724190f3e13261b1""]"
6928be6f3bc14d659c74,b6d61b6bd6e513dd2baf,cpu-chunk-blocks,damacy,chunks256-default,smooth4,full-scan,local block storage,smooth4-zstd-128-16,131072,"[1,256,256]",zstd,16384,encoded-traffic/output,0.5458003303501755,minimize,20.85629391884799,False,maximize compression and output throughput,undefined; nondominance is not a scalar winner rule,"[""8ac6640239f86bbd4351f4ac"",""bbeca892888a385676bab5b5"",""42dc7b509e5d75605f365f08""]"
6928be6f3bc14d659c74,c83132b18436d36e054e,cpu-chunk-blocks,damacy,chunks256-default,smooth4,full-scan,local block storage,smooth4-lz4-128-128,131072,"[1,256,256]",lz4,131072,encoded-traffic/output,0.6241996568860486,minimize,25.88775041634377,True,maximize compression and output throughput,undefined; nondominance is not a scalar winner rule,"[""e1c750782e283b863388cfcc"",""80b9f64e200c611885931a29"",""fcd1d0865b9ab55eadca7661""]"
6928be6f3bc14d659c74,dbac840665d23f7de8c2,cpu-chunk-blocks,damacy,chunks256-default,smooth4,full-scan,local block storage,smooth4-zstd-512-16,524288,"[1,512,512]",zstd,16384,encoded-traffic/output,0.5465824767015874,minimize,21.566002917816334,False,maximize compression and output throughput,undefined; nondominance is not a scalar winner rule,"[""69a662ef57b7a77548c33eb2"",""4a64c63bb11f0a22942eef11"",""26c9910d17910ed383db9267""]"
6928be6f3bc14d659c74,ec2d35beb2c76540198c,cpu-chunk-blocks,damacy,chunks256-default,smooth4,full-scan,local block storage,smooth4-zstd-32-32,32768,"[1,128,128]",zstd,32768,encoded-traffic/output,0.5414751265197992,minimize,15.594729558313555,False,maximize compression and output throughput,undefined; nondominance is not a scalar winner rule,"[""50c7315e9304636af75773a0"",""49d87fd05a40e9ef9285171e"",""a0ce94fbb7e8da6b5edfcd0e""]"
6928be6f3bc14d659c74,f63e00ce094be3423daa,cpu-chunk-blocks,damacy,chunks256-default,smooth4,full-scan,local block storage,smooth4-zstd-128-64,131072,"[1,256,256]",zstd,65536,encoded-traffic/output,0.5393425467773341,minimize,21.50152314152179,False,maximize compression and output throughput,undefined; nondominance is not a scalar winner rule,"[""9d3f1dd82ff2413e02cd6f49"",""758ecfd6aaba42e5892df0b2"",""465e0364af6b16f45b77765e""]"
6928be6f3bc14d659c74,f8a4c7408c5425cfe153,cpu-chunk-blocks,damacy,chunks256-default,smooth4,full-scan,local block storage,smooth4-lz4-32-16,32768,"[1,128,128]",lz4,16384,encoded-traffic/output,0.6353973730001599,minimize,16.27017106229654,False,maximize compression and output throughput,undefined; nondominance is not a scalar winner rule,"[""2307dc7d675d4668b2b8dd67"",""6263ba49c54ac6aa86998b5d"",""06618314d1f1c5907da89e75""]"
6928be6f3bc14d659c74,fa60e4f27ce64909e6e9,cpu-chunk-blocks,damacy,chunks256-default,smooth4,full-scan,local block storage,smooth4-lz4-128-16,131072,"[1,256,256]",lz4,16384,encoded-traffic/output,0.6380636024987325,minimize,23.72670684431703,False,maximize compression and output throughput,undefined; nondominance is not a scalar winner rule,"[""f862bf104f7f85c25b2f3b06"",""b1fd570333f4c9df23b9a7e3"",""5a545ab7f7dd40b8ed512442""]"
6928be6f3bc14d659c74,fb03913d0fed7c5a5c7a,cpu-chunk-blocks,damacy,chunks256-default,smooth4,full-scan,local block storage,smooth4-zstd-128-128,131072,"[1,256,256]",zstd,131072,encoded-traffic/output,0.5362188369035721,minimize,22.086371883985688,False,maximize compression and output throughput,undefined; nondominance is not a scalar winner rule,"[""8eeb84fb75068074c9999b27"",""1dd6d1028cd8eaf0cc8f1077"",""c4448cd5b028be3749ab7587""]"
6928be6f3bc14d659c74,0c9ea4306a7cab55e5bf,cpu-chunk-blocks,damacy,chunks256-default,smooth4,full-scan,local block storage,smooth4-zstd-32-16,32768,"[1,128,128]",zstd,16384,local-storage-traffic/output,0.544461727142334,minimize,14.87676376933399,False,maximize compression and output throughput,undefined; nondominance is not a scalar winner rule,"[""6354a4465eccaea124f4365d"",""2c3a01f934206d4f7c010ea5"",""fa9f95001345fb4440438558""]"
6928be6f3bc14d659c74,0d8aeb700426faee3f8f,cpu-chunk-blocks,damacy,chunks256-default,smooth4,full-scan,local block storage,smooth4-zstd-512-256,524288,"[1,512,512]",zstd,262144,local-storage-traffic/output,0.5312418937683105,minimize,22.907115929743046,False,maximize compression and output throughput,undefined; nondominance is not a scalar winner rule,"[""be10d0d8692c5c57f8eb810d"",""efe0be43d7e4823b7cc37142"",""42d57e8d6718a12531565f23""]"
6928be6f3bc14d659c74,342ce216e902f2d22f74,cpu-chunk-blocks,damacy,chunks256-default,smooth4,full-scan,local block storage,smooth4-lz4-512-16,524288,"[1,512,512]",lz4,16384,local-storage-traffic/output,0.638314962387085,minimize,24.925740703219017,False,maximize compression and output throughput,undefined; nondominance is not a scalar winner rule,"[""a58164a2b30dcbdce87b769a"",""15c3cf03675edc350d5617b5"",""444e5953c211188d996e170b""]"
6928be6f3bc14d659c74,6cd446b8f0010f247447,cpu-chunk-blocks,damacy,chunks256-default,smooth4,full-scan,local block storage,smooth4-zstd-32-4,32768,"[1,128,128]",zstd,4096,local-storage-traffic/output,0.5618627071380615,minimize,13.017425820200891,False,maximize compression and output throughput,undefined; nondominance is not a scalar winner rule,"[""d6c9bf14f2be078ff94ef2fc"",""4a608eeb7fa97ff4c9e6f293"",""5fc801b3a6b72569f4f20045""]"
6928be6f3bc14d659c74,7ed6450bef48f2e9ea66,cpu-chunk-blocks,damacy,chunks256-default,smooth4,full-scan,local block storage,smooth4-lz4-512-64,524288,"[1,512,512]",lz4,65536,local-storage-traffic/output,0.6257476806640625,minimize,25.629862008397136,False,maximize compression and output throughput,undefined; nondominance is not a scalar winner rule,"[""d4ca218e88d8e9ac16f4ffd3"",""33460c2bf9cf908e053b142e"",""0b9db39e7b9d7867a8025caa""]"
6928be6f3bc14d659c74,8f46e2b27edf36494e7e,cpu-chunk-blocks,damacy,chunks256-default,smooth4,full-scan,local block storage,smooth4-lz4-512-256,524288,"[1,512,512]",lz4,262144,local-storage-traffic/output,0.6185431480407715,minimize,23.425450209292354,False,maximize compression and output throughput,undefined; nondominance is not a scalar winner rule,"[""5be71cfddf19e6e7b84f8762"",""d2466786915aacc9714179b9"",""56748006baef1c4970600373""]"
6928be6f3bc14d659c74,96a1e0c243bb85a6605d,cpu-chunk-blocks,damacy,chunks256-default,smooth4,full-scan,local block storage,smooth4-lz4-128-64,131072,"[1,256,256]",lz4,65536,local-storage-traffic/output,0.6247720718383789,minimize,25.477056047338415,False,maximize compression and output throughput,undefined; nondominance is not a scalar winner rule,"[""df6a63538e7abe2bfa72c459"",""28a052ad156f85db25aea2e4"",""99c1f73d7a159035eb730f71""]"
6928be6f3bc14d659c74,9adb31b3e4c049039463,cpu-chunk-blocks,damacy,chunks256-default,smooth4,full-scan,local block storage,smooth4-lz4-512-512,524288,"[1,512,512]",lz4,524288,local-storage-traffic/output,0.6147785186767578,minimize,23.913682212211302,False,maximize compression and output throughput,undefined; nondominance is not a scalar winner rule,"[""39e7b69c2f24fa7a214021b8"",""def71c7100ef3a3ccaea0219"",""a241e16a1ecb1cab84c77a15""]"
6928be6f3bc14d659c74,9cb7d145ab61c0e9389a,cpu-chunk-blocks,damacy,chunks256-default,smooth4,full-scan,local block storage,smooth4-zstd-512-64,524288,"[1,512,512]",zstd,65536,local-storage-traffic/output,0.5403780937194824,minimize,22.129467796132733,False,maximize compression and output throughput,undefined; nondominance is not a scalar winner rule,"[""a7b0ad8493a28e96b60d977c"",""b4679907b5613c7ccf22534a"",""c772ddb184ae6f508a8c4fb3""]"
6928be6f3bc14d659c74,a34f51e8f57625a3e424,cpu-chunk-blocks,damacy,chunks256-default,smooth4,full-scan,local block storage,smooth4-lz4-32-32,32768,"[1,128,128]",lz4,32768,local-storage-traffic/output,0.6306591033935547,minimize,14.815919802487114,False,maximize compression and output throughput,undefined; nondominance is not a scalar winner rule,"[""bba218516d4772d6402170f4"",""f4609f7d38d4ff9600ab6b44"",""8767222ef98e890903f776cf""]"
6928be6f3bc14d659c74,a65e6cfb316b6686e2d6,cpu-chunk-blocks,damacy,chunks256-default,smooth4,full-scan,local block storage,smooth4-zstd-512-512,524288,"[1,512,512]",zstd,524288,local-storage-traffic/output,0.5073826313018799,minimize,24.449770826304906,True,maximize compression and output throughput,undefined; nondominance is not a scalar winner rule,"[""9d33ea82cc4334762e757a53"",""c1415236ca875de2d8c12ef4"",""005ec65099ed180604e59229""]"
6928be6f3bc14d659c74,ad29c096dd6c503d48e0,cpu-chunk-blocks,damacy,chunks256-default,smooth4,full-scan,local block storage,smooth4-lz4-32-4,32768,"[1,128,128]",lz4,4096,local-storage-traffic/output,0.6571755409240723,minimize,14.084179829087006,False,maximize compression and output throughput,undefined; nondominance is not a scalar winner rule,"[""ec8eba13550b20b2b5558325"",""663062a6cf667adcd1c37f50"",""96fe3833724190f3e13261b1""]"
6928be6f3bc14d659c74,b6d61b6bd6e513dd2baf,cpu-chunk-blocks,damacy,chunks256-default,smooth4,full-scan,local block storage,smooth4-zstd-128-16,131072,"[1,256,256]",zstd,16384,local-storage-traffic/output,0.5459244251251221,minimize,20.85629391884799,False,maximize compression and output throughput,undefined; nondominance is not a scalar winner rule,"[""8ac6640239f86bbd4351f4ac"",""bbeca892888a385676bab5b5"",""42dc7b509e5d75605f365f08""]"
6928be6f3bc14d659c74,c83132b18436d36e054e,cpu-chunk-blocks,damacy,chunks256-default,smooth4,full-scan,local block storage,smooth4-lz4-128-128,131072,"[1,256,256]",lz4,131072,local-storage-traffic/output,0.6243236064910889,minimize,25.88775041634377,True,maximize compression and output throughput,undefined; nondominance is not a scalar winner rule,"[""e1c750782e283b863388cfcc"",""80b9f64e200c611885931a29"",""fcd1d0865b9ab55eadca7661""]"
6928be6f3bc14d659c74,dbac840665d23f7de8c2,cpu-chunk-blocks,damacy,chunks256-default,smooth4,full-scan,local block storage,smooth4-zstd-512-16,524288,"[1,512,512]",zstd,16384,local-storage-traffic/output,0.5466151237487793,minimize,21.566002917816334,False,maximize compression and output throughput,undefined; nondominance is not a scalar winner rule,"[""69a662ef57b7a77548c33eb2"",""4a64c63bb11f0a22942eef11"",""26c9910d17910ed383db9267""]"
6928be6f3bc14d659c74,ec2d35beb2c76540198c,cpu-chunk-blocks,damacy,chunks256-default,smooth4,full-scan,local block storage,smooth4-zstd-32-32,32768,"[1,128,128]",zstd,32768,local-storage-traffic/output,0.5419650077819824,minimize,15.594729558313555,False,maximize compression and output throughput,undefined; nondominance is not a scalar winner rule,"[""50c7315e9304636af75773a0"",""49d87fd05a40e9ef9285171e"",""a0ce94fbb7e8da6b5edfcd0e""]"
6928be6f3bc14d659c74,f63e00ce094be3423daa,cpu-chunk-blocks,damacy,chunks256-default,smooth4,full-scan,local block storage,smooth4-zstd-128-64,131072,"[1,256,256]",zstd,65536,local-storage-traffic/output,0.539466142654419,minimize,21.50152314152179,False,maximize compression and output throughput,undefined; nondominance is not a scalar winner rule,"[""9d3f1dd82ff2413e02cd6f49"",""758ecfd6aaba42e5892df0b2"",""465e0364af6b16f45b77765e""]"
6928be6f3bc14d659c74,f8a4c7408c5425cfe153,cpu-chunk-blocks,damacy,chunks256-default,smooth4,full-scan,local block storage,smooth4-lz4-32-16,32768,"[1,128,128]",lz4,16384,local-storage-traffic/output,0.635887622833252,minimize,16.27017106229654,False,maximize compression and output throughput,undefined; nondominance is not a scalar winner rule,"[""2307dc7d675d4668b2b8dd67"",""6263ba49c54ac6aa86998b5d"",""06618314d1f1c5907da89e75""]"
6928be6f3bc14d659c74,fa60e4f27ce64909e6e9,cpu-chunk-blocks,damacy,chunks256-default,smooth4,full-scan,local block storage,smooth4-lz4-128-16,131072,"[1,256,256]",lz4,16384,local-storage-traffic/output,0.6381874084472656,minimize,23.72670684431703,False,maximize compression and output throughput,undefined; nondominance is not a scalar winner rule,"[""f862bf104f7f85c25b2f3b06"",""b1fd570333f4c9df23b9a7e3"",""5a545ab7f7dd40b8ed512442""]"
6928be6f3bc14d659c74,fb03913d0fed7c5a5c7a,cpu-chunk-blocks,damacy,chunks256-default,smooth4,full-scan,local block storage,smooth4-zstd-128-128,131072,"[1,256,256]",zstd,131072,local-storage-traffic/output,0.5363426208496094,minimize,22.086371883985688,False,maximize compression and output throughput,undefined; nondominance is not a scalar winner rule,"[""8eeb84fb75068074c9999b27"",""1dd6d1028cd8eaf0cc8f1077"",""c4448cd5b028be3749ab7587""]"
6e17d57538e5ff4dac24,0d2f4d33e0def1af0179,pr160-warm-baseline,damacy,damacy,random12,full-scan,local block storage,random12-zstd-1024-4,1048576,"[8,256,256]",zstd,4096,compression/output,1.3165857951234847,maximize,27.109382702071972,False,maximize compression and useful throughput,undefined; nondominance is not a scalar winner rule,"[""c9e8844f943baf0746a11cf2"",""91d269400c2d9b6a8c90ec2f"",""9b2cd9e02da7392f0b5b17b1""]"
6e17d57538e5ff4dac24,14afc500399cdd5f0470,pr160-warm-baseline,damacy,damacy,random12,full-scan,local block storage,random12-zstd-16-8,16384,"[1,64,128]",zstd,8192,compression/output,1.3219296406156924,maximize,3.7478576307121867,False,maximize compression and useful throughput,undefined; nondominance is not a scalar winner rule,"[""a1805dce3f08bc5293102123"",""3a22befae9b057e16150df59"",""68e1ccef893d545105407d63""]"
6e17d57538e5ff4dac24,1dff3ae65e21d4e8d93e,pr160-warm-baseline,damacy,damacy,random12,full-scan,local block storage,random12-lz4-16-8,16384,"[1,64,128]",lz4,8192,compression/output,1.3159848147616393,maximize,6.540007211330289,False,maximize compression and useful throughput,undefined; nondominance is not a scalar winner rule,"[""812e09f1167f2e2793fd98b1"",""c479d70bd08da1f31b1e2187"",""6bc879c30b7dfe960dd0b6d9""]"
6e17d57538e5ff4dac24,2348dda77a45d096ec96,pr160-warm-baseline,damacy,damacy,random12,full-scan,local block storage,random12-zstd-1024-256,1048576,"[8,256,256]",zstd,262144,compression/output,1.332912994855988,maximize,25.729111241450834,False,maximize compression and useful throughput,undefined; nondominance is not a scalar winner rule,"[""0734b3d47ba9254a13fbf5ff"",""ac523f89d586b88e3351bc4b"",""491ff0d2afd7dc27d57dd01f""]"
6e17d57538e5ff4dac24,23bada23aff6cf93f07b,pr160-warm-baseline,damacy,damacy,random12,full-scan,local block storage,random12-lz4-256-64,262144,"[2,256,256]",lz4,65536,compression/output,1.324628888728375,maximize,22.859984173106092,False,maximize compression and useful throughput,undefined; nondominance is not a scalar winner rule,"[""0926621ea5393adc74682c77"",""197122f0cd5ecc238333c53f"",""55825c98f2cec77627a830c6""]"
6e17d57538e5ff4dac24,24a3bb1c78fce433ab35,pr160-warm-baseline,damacy,damacy,random12,full-scan,local block storage,random12-lz4-64-32,65536,"[1,128,256]",lz4,32768,compression/output,1.3231045480799037,maximize,14.678552649010891,False,maximize compression and useful throughput,undefined; nondominance is not a scalar winner rule,"[""b5f892728515e8c3b2aeee73"",""b56a88f653109a61e877d4d7"",""b81e0477149f8934a11d81b3""]"
6e17d57538e5ff4dac24,2737a24990fe5641c708,pr160-warm-baseline,damacy,damacy,random12,full-scan,local block storage,random12-lz4-1024-64,1048576,"[8,256,256]",lz4,65536,compression/output,1.3247895504571978,maximize,27.768960585090817,False,maximize compression and useful throughput,undefined; nondominance is not a scalar winner rule,"[""f94a1be4c2a8f485848875d4"",""29558373d1d5903c76ba6b0c"",""672182d736bd34134fb09888""]"
6e17d57538e5ff4dac24,2ce153571a30a0ba4a47,pr160-warm-baseline,damacy,damacy,random12,full-scan,local block storage,random12-zstd-1024-1024,1048576,"[8,256,256]",zstd,1048576,compression/output,1.333206182261777,maximize,23.834239267303452,True,maximize compression and useful throughput,undefined; nondominance is not a scalar winner rule,"[""5249aa30981c07030bc0e97b"",""7eca8393a9fb227f7830bb8e"",""d93aac3bcc55130f17b2ae78""]"
6e17d57538e5ff4dac24,2ce945bf01ddb483f953,pr160-warm-baseline,damacy,damacy,random12,full-scan,local block storage,random12-zstd-1024-8,1048576,"[8,256,256]",zstd,8192,compression/output,1.3252979298063237,maximize,25.13329399721479,False,maximize compression and useful throughput,undefined; nondominance is not a scalar winner rule,"[""45146929193f44dd69725bca"",""c94dc0fb25513cb4eaeb049a"",""94067357b9ea0056664607c4""]"
6e17d57538e5ff4dac24,3361cdeddaebdeee1a85,pr160-warm-baseline,damacy,damacy,random12,full-scan,local block storage,random12-lz4-1024-32,1048576,"[8,256,256]",lz4,32768,compression/output,1.3239063974034677,maximize,27.91460021359083,False,maximize compression and useful throughput,undefined; nondominance is not a scalar winner rule,"[""885dd1a5e727d6c22504b028"",""056e5ece8731c2fbed38c24a"",""d9a4bb3d30c33aff088fed5c""]"
6e17d57538e5ff4dac24,40bcb005436ad22c015a,pr160-warm-baseline,damacy,damacy,random12,full-scan,local block storage,random12-lz4-1024-128,1048576,"[8,256,256]",lz4,131072,compression/output,1.325351929387153,maximize,23.823581047155454,False,maximize compression and useful throughput,undefined; nondominance is not a scalar winner rule,"[""23fd77ec723ea10585a319a0"",""97fe64aea38fe1885a82c05e"",""84f9639d695d33ce5ac75e2c""]"
6e17d57538e5ff4dac24,43fe242ed8a0ac27a953,pr160-warm-baseline,damacy,damacy,random12,full-scan,local block storage,random12-lz4-64-8,65536,"[1,128,256]",lz4,8192,compression/output,1.318526503393448,maximize,15.64924808202391,False,maximize compression and useful throughput,undefined; nondominance is not a scalar winner rule,"[""5cfcfa7daf8ba908441b5017"",""655194ebe21a28146a3595c9"",""9af37f99fcf398d31b85e276""]"
6e17d57538e5ff4dac24,47814b1202c899d6eb86,pr160-warm-baseline,damacy,damacy,random12,full-scan,local block storage,random12-zstd-1024-128,1048576,"[8,256,256]",zstd,131072,compression/output,1.3315840358922637,maximize,31.461211499293437,True,maximize compression and useful throughput,undefined; nondominance is not a scalar winner rule,"[""bb0cde7c6e72200ccc4ab349"",""4807bb6032b3272f8017ac2b"",""fe3dae1d34e9713973d92209""]"
6e17d57538e5ff4dac24,47cf3282d4bf653a8cec,pr160-warm-baseline,damacy,damacy,random12,full-scan,local block storage,random12-zstd-1024-64,1048576,"[8,256,256]",zstd,65536,compression/output,1.3289261215877648,maximize,24.250984246817858,False,maximize compression and useful throughput,undefined; nondominance is not a scalar winner rule,"[""30b86ddab0f1d9822ba13f3d"",""87cae67321a953ccb1a30f32"",""8766ee04443cb154ada11fe2""]"
6e17d57538e5ff4dac24,4b9a9e6bf64e8e2b7489,pr160-warm-baseline,damacy,damacy,random12,full-scan,local block storage,random12-lz4-1024-4,1048576,"[8,256,256]",lz4,4096,compression/output,1.3136115983547043,maximize,19.984770876757075,False,maximize compression and useful throughput,undefined; nondominance is not a scalar winner rule,"[""02a6bc85caac53f1055b2313"",""8a6817d86da35be46d926020"",""4039d358abc1c4a84f5b4b3a""]"
6e17d57538e5ff4dac24,56af34f468af96d8ff3e,pr160-warm-baseline,damacy,damacy,random12,full-scan,local block storage,random12-zstd-256-256,262144,"[2,256,256]",zstd,262144,compression/output,1.3327503568918522,maximize,20.490277530500606,False,maximize compression and useful throughput,undefined; nondominance is not a scalar winner rule,"[""3b5dd9cbb023f9f13b45efdb"",""7149cc8ba6f6a867ca60a590"",""d9e6480c4985dfc134852dba""]"
6e17d57538e5ff4dac24,64b82b32a544c3bc4cdb,pr160-warm-baseline,damacy,damacy,random12,full-scan,local block storage,random12-zstd-1024-16,1048576,"[8,256,256]",zstd,16384,compression/output,1.3287369985455217,maximize,22.02084985031892,False,maximize compression and useful throughput,undefined; nondominance is not a scalar winner rule,"[""8dbeb7db7a6b4618372d236a"",""c32d0224009c70d6501e7389"",""340ea50ba6dbb6963e95d0bb""]"
6e17d57538e5ff4dac24,70aab36375e9f32d1af7,pr160-warm-baseline,damacy,damacy,random12,full-scan,local block storage,random12-zstd-256-32,262144,"[2,256,256]",zstd,32768,compression/output,1.3272309551969836,maximize,24.781789580587965,False,maximize compression and useful throughput,undefined; nondominance is not a scalar winner rule,"[""55a4cb59c1bb5069fdbb1c6e"",""7355b0c7c7fa051ffb81f6ea"",""2d9a77431ae8289ae6b6598e""]"
6e17d57538e5ff4dac24,713d4314651da8ad1e65,pr160-warm-baseline,damacy,damacy,random12,full-scan,local block storage,random12-lz4-256-256,262144,"[2,256,256]",lz4,262144,compression/output,1.3255328485955196,maximize,20.262494373908414,False,maximize compression and useful throughput,undefined; nondominance is not a scalar winner rule,"[""e8d9d9a89ef960c26d82743d"",""8ab1b9ffd0b62608fc2ac036"",""a55b97b44449466d3ca29d42""]"
6e17d57538e5ff4dac24,795915f8607b4b5fc5e0,pr160-warm-baseline,damacy,damacy,random12,full-scan,local block storage,random12-lz4-1024-8,1048576,"[8,256,256]",lz4,8192,compression/output,1.3193228117249562,maximize,24.69179646638305,False,maximize compression and useful throughput,undefined; nondominance is not a scalar winner rule,"[""4f030447ac0df0c3629f36fb"",""c269d70866b0584959c5975f"",""2951ba3800dd648f22b5110c""]"
6e17d57538e5ff4dac24,8279b51158357cb6e4dd,pr160-warm-baseline,damacy,damacy,random12,full-scan,local block storage,random12-zstd-256-4,262144,"[2,256,256]",zstd,4096,compression/output,1.3164271169091502,maximize,20.764012112579273,False,maximize compression and useful throughput,undefined; nondominance is not a scalar winner rule,"[""6bf9a3678b2a9ea180f0a0c4"",""57a980c700cfe679e4027d95"",""5c9c9c3f61cbeb5a7c191977""]"
6e17d57538e5ff4dac24,8ef2704de96c31aee42c,pr160-warm-baseline,damacy,damacy,random12,full-scan,local block storage,random12-zstd-256-128,262144,"[2,256,256]",zstd,131072,compression/output,1.331421722057718,maximize,23.942960295031796,False,maximize compression and useful throughput,undefined; nondominance is not a scalar winner rule,"[""1112614a851e8cbeeedfe1fa"",""d2ec3786716980470ac85517"",""af052fff919eda49d15dd171""]"
6e17d57538e5ff4dac24,933f3bbb3db25a4259f4,pr160-warm-baseline,damacy,damacy,random12,full-scan,local block storage,random12-zstd-1024-512,1048576,"[8,256,256]",zstd,524288,compression/output,1.3331773662243949,maximize,27.226039887494636,True,maximize compression and useful throughput,undefined; nondominance is not a scalar winner rule,"[""6b8326e405ef6365f5323626"",""236aa72fbdb3dd05c1741cba"",""6ce8c6f52dc8dd43a88a5c8f""]"
6e17d57538e5ff4dac24,951118aa89d81710204a,pr160-warm-baseline,damacy,damacy,random12,full-scan,local block storage,random12-lz4-256-32,262144,"[2,256,256]",lz4,32768,compression/output,1.3237459497962163,maximize,23.57105182660685,False,maximize compression and useful throughput,undefined; nondominance is not a scalar winner rule,"[""dbdf43b94d03ef7b0d538d76"",""f4c66298a521ab8b5a3b7741"",""a3ce356c6f3c99d0bdf9e122""]"
6e17d57538e5ff4dac24,9a3727cbe2dbb96a2042,pr160-warm-baseline,damacy,damacy,random12,full-scan,local block storage,random12-zstd-256-16,262144,"[2,256,256]",zstd,16384,compression/output,1.3285753780077916,maximize,25.199738186632008,False,maximize compression and useful throughput,undefined; nondominance is not a scalar winner rule,"[""054c122b6fb973baf449b150"",""4baff70b55d0294b538e5983"",""482cfc02ec4c095870fec660""]"
6e17d57538e5ff4dac24,9aaaa8e995f4595d037d,pr160-warm-baseline,damacy,damacy,random12,full-scan,local block storage,random12-zstd-64-64,65536,"[1,128,256]",zstd,65536,compression/output,1.3281181820074004,maximize,12.583861059071248,False,maximize compression and useful throughput,undefined; nondominance is not a scalar winner rule,"[""0c8e03a1b81ce82f6067fbba"",""b6f3fb254b35e5de93fb34b3"",""3f785e7f280afd4debf244ef""]"
6e17d57538e5ff4dac24,9ef3aeee28a5ccd04547,pr160-warm-baseline,damacy,damacy,random12,full-scan,local block storage,random12-lz4-16-4,16384,"[1,64,128]",lz4,4096,compression/output,1.310302353520864,maximize,6.6198094276292245,False,maximize compression and useful throughput,undefined; nondominance is not a scalar winner rule,"[""f2726796990c4f5a5f125678"",""e09495e42b31475aba245d66"",""2edb16418cda65d11ef40c25""]"
6e17d57538e5ff4dac24,9f36d04a1d46b5568f00,pr160-warm-baseline,damacy,damacy,random12,full-scan,local block storage,random12-zstd-64-32,65536,"[1,128,256]",zstd,32768,compression/output,1.3265861726409294,maximize,12.379094904994652,False,maximize compression and useful throughput,undefined; nondominance is not a scalar winner rule,"[""204d40ae5eebe75bd2c22ecc"",""d47b3f4ee7febe563b4a8ee0"",""a4eb9a3f267a803c466cb1a5""]"
6e17d57538e5ff4dac24,a72348a4ddb9b1aab684,pr160-warm-baseline,damacy,damacy,random12,full-scan,local block storage,random12-zstd-16-16,16384,"[1,64,128]",zstd,16384,compression/output,1.3253511793173984,maximize,5.35059227984066,False,maximize compression and useful throughput,undefined; nondominance is not a scalar winner rule,"[""d557c37093298e21b1ebdf95"",""6f862609f35b1be41bd5837b"",""0c7f5ee54e8c5912000cd4c2""]"
6e17d57538e5ff4dac24,a8a8b6999123b50f8dc6,pr160-warm-baseline,damacy,damacy,random12,full-scan,local block storage,random12-lz4-16-16,16384,"[1,64,128]",lz4,16384,compression/output,1.3188445768380552,maximize,5.159332030526608,False,maximize compression and useful throughput,undefined; nondominance is not a scalar winner rule,"[""817ae2017130268065411aae"",""d50da3fa3d4c3047ad9d5d67"",""9e077edf4a838a4c06620f61""]"
6e17d57538e5ff4dac24,aa24fef4eb59ff14cf27,pr160-warm-baseline,damacy,damacy,random12,full-scan,local block storage,random12-zstd-16-4,16384,"[1,64,128]",zstd,4096,compression/output,1.3132615402140475,maximize,6.102085037099596,False,maximize compression and useful throughput,undefined; nondominance is not a scalar winner rule,"[""414c1a35b281301809d074f4"",""33f24f940ce1045946d7661c"",""eb1aaa2a978b796b7c8861e3""]"
6e17d57538e5ff4dac24,acc1309372adbf1ac8c8,pr160-warm-baseline,damacy,damacy,random12,full-scan,local block storage,random12-lz4-1024-512,1048576,"[8,256,256]",lz4,524288,compression/output,1.3259116374416209,maximize,27.522707598577423,False,maximize compression and useful throughput,undefined; nondominance is not a scalar winner rule,"[""a68bf617618cb75ccc8295a6"",""c2a9de8787d102baeee354c7"",""a66ed9d4cea81656828b7399""]"
6e17d57538e5ff4dac24,ae1fe9722844d86ce12c,pr160-warm-baseline,damacy,damacy,random12,full-scan,local block storage,random12-zstd-64-16,65536,"[1,128,256]",zstd,16384,compression/output,1.3279292888390097,maximize,12.597973650108807,False,maximize compression and useful throughput,undefined; nondominance is not a scalar winner rule,"[""6c8b6df17734bb0899be0431"",""c46345f93ad9a1ea1ea506b0"",""4a871ac13ea389320cfd727d""]"
6e17d57538e5ff4dac24,bc15d2824d77ccf6434d,pr160-warm-baseline,damacy,damacy,random12,full-scan,local block storage,random12-lz4-256-8,262144,"[2,256,256]",lz4,8192,compression/output,1.319163473120603,maximize,23.578819414729242,False,maximize compression and useful throughput,undefined; nondominance is not a scalar winner rule,"[""c6213d442929668222256899"",""71b7d5eb648de304c0666187"",""d3678177e50ff8ef5d475dd2""]"
6e17d57538e5ff4dac24,bebe823152b372a69c59,pr160-warm-baseline,damacy,damacy,random12,full-scan,local block storage,random12-lz4-256-4,262144,"[2,256,256]",lz4,4096,compression/output,1.3134536362028717,maximize,19.830365472805667,False,maximize compression and useful throughput,undefined; nondominance is not a scalar winner rule,"[""85ae77f514575fbddf32688b"",""688f6b9479e9416653494cb1"",""9380ec80b8f1f5178bbff1b5""]"
6e17d57538e5ff4dac24,bfaf1864543b13d92095,pr160-warm-baseline,damacy,damacy,random12,full-scan,local block storage,random12-lz4-64-64,65536,"[1,128,256]",lz4,65536,compression/output,1.3239866313040163,maximize,12.80305389006015,False,maximize compression and useful throughput,undefined; nondominance is not a scalar winner rule,"[""96293409844690e47350798d"",""fd4003ff26ad937bf58e3ddf"",""ea248e731455a2df77edc077""]"
6e17d57538e5ff4dac24,c4d8dd10af1497fccaf6,pr160-warm-baseline,damacy,damacy,random12,full-scan,local block storage,random12-lz4-256-128,262144,"[2,256,256]",lz4,131072,compression/output,1.3251911312344502,maximize,19.527487240430414,False,maximize compression and useful throughput,undefined; nondominance is not a scalar winner rule,"[""c6555e77a5d453fe05c4632b"",""29b407bd6e6e06e8cbe0473d"",""b48b570e3a9f4a6e0a223d5a""]"
6e17d57538e5ff4dac24,c500af1717b118d06721,pr160-warm-baseline,damacy,damacy,random12,full-scan,local block storage,random12-lz4-64-16,65536,"[1,128,256]",lz4,16384,compression/output,1.3213973393284457,maximize,12.740232675487157,False,maximize compression and useful throughput,undefined; nondominance is not a scalar winner rule,"[""b7844b096a2b1a9df25a435b"",""2cf6c2f0b39908710a3dbc05"",""05c3f1934253d8098b53eb16""]"
6e17d57538e5ff4dac24,c756af3432624ec20fb5,pr160-warm-baseline,damacy,damacy,random12,full-scan,local block storage,random12-zstd-1024-32,1048576,"[8,256,256]",zstd,32768,compression/output,1.3273922487836176,maximize,24.095802791401912,False,maximize compression and useful throughput,undefined; nondominance is not a scalar winner rule,"[""d5ee86ff455f7a7bcfee736f"",""29e3d9d4bfa94d47106f546c"",""4301fe04cb55f1fa2b314a5b""]"
6e17d57538e5ff4dac24,ce0c4889bd38910b1c91,pr160-warm-baseline,damacy,damacy,random12,full-scan,local block storage,random12-lz4-1024-1024,1048576,"[8,256,256]",lz4,1048576,compression/output,1.326050803639542,maximize,24.937534707165298,False,maximize compression and useful throughput,undefined; nondominance is not a scalar winner rule,"[""8a82c1b54c3dd4d8646c9678"",""129fa3e52a4b0206249bcb8e"",""c8d268a9def1cadd93d96796""]"
6e17d57538e5ff4dac24,d3dcaf9b64e7221739fd,pr160-warm-baseline,damacy,damacy,random12,full-scan,local block storage,random12-zstd-256-64,262144,"[2,256,256]",zstd,65536,compression/output,1.3287644550417068,maximize,22.883799706729455,False,maximize compression and useful throughput,undefined; nondominance is not a scalar winner rule,"[""fbe925475adbb98c2e0288a7"",""a207106f2009b9894cf1db31"",""0eba95e54a4e681b51ab6deb""]"
6e17d57538e5ff4dac24,d5e496d2ff8baebc38f2,pr160-warm-baseline,damacy,damacy,random12,full-scan,local block storage,random12-lz4-1024-256,1048576,"[8,256,256]",lz4,262144,compression/output,1.3256937296916391,maximize,27.2505957850707,False,maximize compression and useful throughput,undefined; nondominance is not a scalar winner rule,"[""ece94456d7376e572d9d95ee"",""faa2a7f2756c495a8eb90c0e"",""6f4ac2577a5dcb19ab15a271""]"
6e17d57538e5ff4dac24,d7fc7a4b9cf860bb5119,pr160-warm-baseline,damacy,damacy,random12,full-scan,local block storage,random12-lz4-1024-16,1048576,"[8,256,256]",lz4,16384,compression/output,1.322197120100801,maximize,20.78373959774532,False,maximize compression and useful throughput,undefined; nondominance is not a scalar winner rule,"[""a40f694c7f0eb76c6dc3b3eb"",""05ac11c2e003966076658ea7"",""76a08f940803f4a7980081d5""]"
6e17d57538e5ff4dac24,dcefdd217a9567b4b7fc,pr160-warm-baseline,damacy,damacy,random12,full-scan,local block storage,random12-lz4-256-16,262144,"[2,256,256]",lz4,16384,compression/output,1.322037086504447,maximize,22.588449790377883,False,maximize compression and useful throughput,undefined; nondominance is not a scalar winner rule,"[""a15d1539738491d3c78d7a83"",""404d0e83aeb49747e6a132a0"",""1b9d62e1b1e4b928c1248a73""]"
6e17d57538e5ff4dac24,df2e43a45702f3a0233a,pr160-warm-baseline,damacy,damacy,random12,full-scan,local block storage,random12-zstd-256-8,262144,"[2,256,256]",zstd,8192,compression/output,1.3251371447555436,maximize,25.86238190137143,False,maximize compression and useful throughput,undefined; nondominance is not a scalar winner rule,"[""555a658f4c6d434f395c1c1f"",""faa6d739e8fcbc114bffa57e"",""12102459e3a8b0416a5ffe0a""]"
6e17d57538e5ff4dac24,e5b1786c0d154929abcf,pr160-warm-baseline,damacy,damacy,random12,full-scan,local block storage,random12-lz4-64-4,65536,"[1,128,256]",lz4,4096,compression/output,1.312822167312731,maximize,13.148879105759885,False,maximize compression and useful throughput,undefined; nondominance is not a scalar winner rule,"[""8418bfdf9ad003f98330a809"",""10c93b59325781a2b92bd4a1"",""4f55113311782f7c6659b2e1""]"
6e17d57538e5ff4dac24,eee7181a37fdcda98e5a,pr160-warm-baseline,damacy,damacy,random12,full-scan,local block storage,random12-zstd-64-4,65536,"[1,128,256]",zstd,4096,compression/output,1.3157927863534167,maximize,14.041700990609227,False,maximize compression and useful throughput,undefined; nondominance is not a scalar winner rule,"[""15afdce3694b841d87834a12"",""3d245fedb1b6541074dbb6a8"",""8f4dcbe555460bb60da3fdde""]"
6e17d57538e5ff4dac24,f75f92bafc989e485d66,pr160-warm-baseline,damacy,damacy,random12,full-scan,local block storage,random12-zstd-64-8,65536,"[1,128,256]",zstd,8192,compression/output,1.3244943944918124,maximize,14.248289664748295,False,maximize compression and useful throughput,undefined; nondominance is not a scalar winner rule,"[""8efff23e8d66afdcbf800bfe"",""2af7c08997b1e0de3d02fd04"",""34658bd1741de3aee5d094da""]"
6e17d57538e5ff4dac24,0d2f4d33e0def1af0179,pr160-warm-baseline,damacy,damacy,random12,full-scan,local block storage,random12-zstd-1024-4,1048576,"[8,256,256]",zstd,4096,encoded-traffic/output,0.7595250604208559,minimize,27.109382702071972,False,maximize compression and useful throughput,undefined; nondominance is not a scalar winner rule,"[""c9e8844f943baf0746a11cf2"",""91d269400c2d9b6a8c90ec2f"",""9b2cd9e02da7392f0b5b17b1""]"
6e17d57538e5ff4dac24,14afc500399cdd5f0470,pr160-warm-baseline,damacy,damacy,random12,full-scan,local block storage,random12-zstd-16-8,16384,"[1,64,128]",zstd,8192,encoded-traffic/output,0.7554933466017246,minimize,3.7478576307121867,False,maximize compression and useful throughput,undefined; nondominance is not a scalar winner rule,"[""a1805dce3f08bc5293102123"",""3a22befae9b057e16150df59"",""68e1ccef893d545105407d63""]"
6e17d57538e5ff4dac24,1dff3ae65e21d4e8d93e,pr160-warm-baseline,damacy,damacy,random12,full-scan,local block storage,random12-lz4-16-8,16384,"[1,64,128]",lz4,8192,encoded-traffic/output,0.7589106215164065,minimize,6.540007211330289,False,maximize compression and useful throughput,undefined; nondominance is not a scalar winner rule,"[""812e09f1167f2e2793fd98b1"",""c479d70bd08da1f31b1e2187"",""6bc879c30b7dfe960dd0b6d9""]"
6e17d57538e5ff4dac24,2348dda77a45d096ec96,pr160-warm-baseline,damacy,damacy,random12,full-scan,local block storage,random12-zstd-1024-256,1048576,"[8,256,256]",zstd,262144,encoded-traffic/output,0.7502212524414062,minimize,25.729111241450834,False,maximize compression and useful throughput,undefined; nondominance is not a scalar winner rule,"[""0734b3d47ba9254a13fbf5ff"",""ac523f89d586b88e3351bc4b"",""491ff0d2afd7dc27d57dd01f""]"
6e17d57538e5ff4dac24,23bada23aff6cf93f07b,pr160-warm-baseline,damacy,damacy,random12,full-scan,local block storage,random12-lz4-256-64,262144,"[2,256,256]",lz4,65536,encoded-traffic/output,0.7548673856072128,minimize,22.859984173106092,False,maximize compression and useful throughput,undefined; nondominance is not a scalar winner rule,"[""0926621ea5393adc74682c77"",""197122f0cd5ecc238333c53f"",""55825c98f2cec77627a830c6""]"
6e17d57538e5ff4dac24,24a3bb1c78fce433ab35,pr160-warm-baseline,damacy,damacy,random12,full-scan,local block storage,random12-lz4-64-32,65536,"[1,128,256]",lz4,32768,encoded-traffic/output,0.7555540285538882,minimize,14.678552649010891,False,maximize compression and useful throughput,undefined; nondominance is not a scalar winner rule,"[""b5f892728515e8c3b2aeee73"",""b56a88f653109a61e877d4d7"",""b81e0477149f8934a11d81b3""]"
6e17d57538e5ff4dac24,2737a24990fe5641c708,pr160-warm-baseline,damacy,damacy,random12,full-scan,local block storage,random12-lz4-1024-64,1048576,"[8,256,256]",lz4,65536,encoded-traffic/output,0.7548216092400253,minimize,27.768960585090817,False,maximize compression and useful throughput,undefined; nondominance is not a scalar winner rule,"[""f94a1be4c2a8f485848875d4"",""29558373d1d5903c76ba6b0c"",""672182d736bd34134fb09888""]"
6e17d57538e5ff4dac24,2ce153571a30a0ba4a47,pr160-warm-baseline,damacy,damacy,random12,full-scan,local block storage,random12-zstd-1024-1024,1048576,"[8,256,256]",zstd,1048576,encoded-traffic/output,0.750056266784668,minimize,23.834239267303452,True,maximize compression and useful throughput,undefined; nondominance is not a scalar winner rule,"[""5249aa30981c07030bc0e97b"",""7eca8393a9fb227f7830bb8e"",""d93aac3bcc55130f17b2ae78""]"
6e17d57538e5ff4dac24,2ce945bf01ddb483f953,pr160-warm-baseline,damacy,damacy,random12,full-scan,local block storage,random12-zstd-1024-8,1048576,"[8,256,256]",zstd,8192,encoded-traffic/output,0.7545320566277951,minimize,25.13329399721479,False,maximize compression and useful throughput,undefined; nondominance is not a scalar winner rule,"[""45146929193f44dd69725bca"",""c94dc0fb25513cb4eaeb049a"",""94067357b9ea0056664607c4""]"
6e17d57538e5ff4dac24,3361cdeddaebdeee1a85,pr160-warm-baseline,damacy,damacy,random12,full-scan,local block storage,random12-lz4-1024-32,1048576,"[8,256,256]",lz4,32768,encoded-traffic/output,0.7553251467179507,minimize,27.91460021359083,False,maximize compression and useful throughput,undefined; nondominance is not a scalar winner rule,"[""885dd1a5e727d6c22504b028"",""056e5ece8731c2fbed38c24a"",""d9a4bb3d30c33aff088fed5c""]"
6e17d57538e5ff4dac24,40bcb005436ad22c015a,pr160-warm-baseline,damacy,damacy,random12,full-scan,local block storage,random12-lz4-1024-128,1048576,"[8,256,256]",lz4,131072,encoded-traffic/output,0.754501313669607,minimize,23.823581047155454,False,maximize compression and useful throughput,undefined; nondominance is not a scalar winner rule,"[""23fd77ec723ea10585a319a0"",""97fe64aea38fe1885a82c05e"",""84f9639d695d33ce5ac75e2c""]"
6e17d57538e5ff4dac24,43fe242ed8a0ac27a953,pr160-warm-baseline,damacy,damacy,random12,full-scan,local block storage,random12-lz4-64-8,65536,"[1,128,256]",lz4,8192,encoded-traffic/output,0.7581782289780676,minimize,15.64924808202391,False,maximize compression and useful throughput,undefined; nondominance is not a scalar winner rule,"[""5cfcfa7daf8ba908441b5017"",""655194ebe21a28146a3595c9"",""9af37f99fcf398d31b85e276""]"
6e17d57538e5ff4dac24,47814b1202c899d6eb86,pr160-warm-baseline,damacy,damacy,random12,full-scan,local block storage,random12-zstd-1024-128,1048576,"[8,256,256]",zstd,131072,encoded-traffic/output,0.7509700099471956,minimize,31.461211499293437,True,maximize compression and useful throughput,undefined; nondominance is not a scalar winner rule,"[""bb0cde7c6e72200ccc4ab349"",""4807bb6032b3272f8017ac2b"",""fe3dae1d34e9713973d92209""]"
6e17d57538e5ff4dac24,47cf3282d4bf653a8cec,pr160-warm-baseline,damacy,damacy,random12,full-scan,local block storage,random12-zstd-1024-64,1048576,"[8,256,256]",zstd,65536,encoded-traffic/output,0.7524720155633986,minimize,24.250984246817858,False,maximize compression and useful throughput,undefined; nondominance is not a scalar winner rule,"[""30b86ddab0f1d9822ba13f3d"",""87cae67321a953ccb1a30f32"",""8766ee04443cb154ada11fe2""]"
6e17d57538e5ff4dac24,4b9a9e6bf64e8e2b7489,pr160-warm-baseline,damacy,damacy,random12,full-scan,local block storage,random12-lz4-1024-4,1048576,"[8,256,256]",lz4,4096,encoded-traffic/output,0.7612447638530284,minimize,19.984770876757075,False,maximize compression and useful throughput,undefined; nondominance is not a scalar winner rule,"[""02a6bc85caac53f1055b2313"",""8a6817d86da35be46d926020"",""4039d358abc1c4a84f5b4b3a""]"
6e17d57538e5ff4dac24,56af34f468af96d8ff3e,pr160-warm-baseline,damacy,damacy,random12,full-scan,local block storage,random12-zstd-256-256,262144,"[2,256,256]",zstd,262144,encoded-traffic/output,0.7502670288085938,minimize,20.490277530500606,False,maximize compression and useful throughput,undefined; nondominance is not a scalar winner rule,"[""3b5dd9cbb023f9f13b45efdb"",""7149cc8ba6f6a867ca60a590"",""d9e6480c4985dfc134852dba""]"
6e17d57538e5ff4dac24,64b82b32a544c3bc4cdb,pr160-warm-baseline,damacy,damacy,random12,full-scan,local block storage,random12-zstd-1024-16,1048576,"[8,256,256]",zstd,16384,encoded-traffic/output,0.7525791192892939,minimize,22.02084985031892,False,maximize compression and useful throughput,undefined; nondominance is not a scalar winner rule,"[""8dbeb7db7a6b4618372d236a"",""c32d0224009c70d6501e7389"",""340ea50ba6dbb6963e95d0bb""]"
6e17d57538e5ff4dac24,70aab36375e9f32d1af7,pr160-warm-baseline,damacy,damacy,random12,full-scan,local block storage,random12-zstd-256-32,262144,"[2,256,256]",zstd,32768,encoded-traffic/output,0.7533873312640935,minimize,24.781789580587965,False,maximize compression and useful throughput,undefined; nondominance is not a scalar winner rule,"[""55a4cb59c1bb5069fdbb1c6e"",""7355b0c7c7fa051ffb81f6ea"",""2d9a77431ae8289ae6b6598e""]"
6e17d57538e5ff4dac24,713d4314651da8ad1e65,pr160-warm-baseline,damacy,damacy,random12,full-scan,local block storage,random12-lz4-256-256,262144,"[2,256,256]",lz4,262144,encoded-traffic/output,0.7543525549117476,minimize,20.262494373908414,False,maximize compression and useful throughput,undefined; nondominance is not a scalar winner rule,"[""e8d9d9a89ef960c26d82743d"",""8ab1b9ffd0b62608fc2ac036"",""a55b97b44449466d3ca29d42""]"
6e17d57538e5ff4dac24,795915f8607b4b5fc5e0,pr160-warm-baseline,damacy,damacy,random12,full-scan,local block storage,random12-lz4-1024-8,1048576,"[8,256,256]",lz4,8192,encoded-traffic/output,0.7579493471421301,minimize,24.69179646638305,False,maximize compression and useful throughput,undefined; nondominance is not a scalar winner rule,"[""4f030447ac0df0c3629f36fb"",""c269d70866b0584959c5975f"",""2951ba3800dd648f22b5110c""]"
6e17d57538e5ff4dac24,8279b51158357cb6e4dd,pr160-warm-baseline,damacy,damacy,random12,full-scan,local block storage,random12-zstd-256-4,262144,"[2,256,256]",zstd,4096,encoded-traffic/output,0.7595708367880434,minimize,20.764012112579273,False,maximize compression and useful throughput,undefined; nondominance is not a scalar winner rule,"[""6bf9a3678b2a9ea180f0a0c4"",""57a980c700cfe679e4027d95"",""5c9c9c3f61cbeb5a7c191977""]"
6e17d57538e5ff4dac24,8ef2704de96c31aee42c,pr160-warm-baseline,damacy,damacy,random12,full-scan,local block storage,random12-zstd-256-128,262144,"[2,256,256]",zstd,131072,encoded-traffic/output,0.7510157863143831,minimize,23.942960295031796,False,maximize compression and useful throughput,undefined; nondominance is not a scalar winner rule,"[""1112614a851e8cbeeedfe1fa"",""d2ec3786716980470ac85517"",""af052fff919eda49d15dd171""]"
6e17d57538e5ff4dac24,933f3bbb3db25a4259f4,pr160-warm-baseline,damacy,damacy,random12,full-scan,local block storage,random12-zstd-1024-512,1048576,"[8,256,256]",zstd,524288,encoded-traffic/output,0.7500724792480469,minimize,27.226039887494636,True,maximize compression and useful throughput,undefined; nondominance is not a scalar winner rule,"[""6b8326e405ef6365f5323626"",""236aa72fbdb3dd05c1741cba"",""6ce8c6f52dc8dd43a88a5c8f""]"
6e17d57538e5ff4dac24,951118aa89d81710204a,pr160-warm-baseline,damacy,damacy,random12,full-scan,local block storage,random12-lz4-256-32,262144,"[2,256,256]",lz4,32768,encoded-traffic/output,0.7553709230851382,minimize,23.57105182660685,False,maximize compression and useful throughput,undefined; nondominance is not a scalar winner rule,"[""dbdf43b94d03ef7b0d538d76"",""f4c66298a521ab8b5a3b7741"",""a3ce356c6f3c99d0bdf9e122""]"
6e17d57538e5ff4dac24,9a3727cbe2dbb96a2042,pr160-warm-baseline,damacy,damacy,random12,full-scan,local block storage,random12-zstd-256-16,262144,"[2,256,256]",zstd,16384,encoded-traffic/output,0.7526248956564814,minimize,25.199738186632008,False,maximize compression and useful throughput,undefined; nondominance is not a scalar winner rule,"[""054c122b6fb973baf449b150"",""4baff70b55d0294b538e5983"",""482cfc02ec4c095870fec660""]"
6e17d57538e5ff4dac24,9aaaa8e995f4595d037d,pr160-warm-baseline,damacy,damacy,random12,full-scan,local block storage,random12-zstd-64-64,65536,"[1,128,256]",zstd,65536,encoded-traffic/output,0.7527008973993361,minimize,12.583861059071248,False,maximize compression and useful throughput,undefined; nondominance is not a scalar winner rule,"[""0c8e03a1b81ce82f6067fbba"",""b6f3fb254b35e5de93fb34b3"",""3f785e7f280afd4debf244ef""]"
6e17d57538e5ff4dac24,9ef3aeee28a5ccd04547,pr160-warm-baseline,damacy,damacy,random12,full-scan,local block storage,random12-lz4-16-4,16384,"[1,64,128]",lz4,4096,encoded-traffic/output,0.7622060666326433,minimize,6.6198094276292245,False,maximize compression and useful throughput,undefined; nondominance is not a scalar winner rule,"[""f2726796990c4f5a5f125678"",""e09495e42b31475aba245d66"",""2edb16418cda65d11ef40c25""]"
6e17d57538e5ff4dac24,9f36d04a1d46b5568f00,pr160-warm-baseline,damacy,damacy,random12,full-scan,local block storage,random12-zstd-64-32,65536,"[1,128,256]",zstd,32768,encoded-traffic/output,0.7535704367328435,minimize,12.379094904994652,False,maximize compression and useful throughput,undefined; nondominance is not a scalar winner rule,"[""204d40ae5eebe75bd2c22ecc"",""d47b3f4ee7febe563b4a8ee0"",""a4eb9a3f267a803c466cb1a5""]"
6e17d57538e5ff4dac24,a72348a4ddb9b1aab684,pr160-warm-baseline,damacy,damacy,random12,full-scan,local block storage,random12-zstd-16-16,16384,"[1,64,128]",zstd,16384,encoded-traffic/output,0.75354043697007,minimize,5.35059227984066,False,maximize compression and useful throughput,undefined; nondominance is not a scalar winner rule,"[""d557c37093298e21b1ebdf95"",""6f862609f35b1be41bd5837b"",""0c7f5ee54e8c5912000cd4c2""]"
6e17d57538e5ff4dac24,a8a8b6999123b50f8dc6,pr160-warm-baseline,damacy,damacy,random12,full-scan,local block storage,random12-lz4-16-16,16384,"[1,64,128]",lz4,16384,encoded-traffic/output,0.7572628939524293,minimize,5.159332030526608,False,maximize compression and useful throughput,undefined; nondominance is not a scalar winner rule,"[""817ae2017130268065411aae"",""d50da3fa3d4c3047ad9d5d67"",""9e077edf4a838a4c06620f61""]"
6e17d57538e5ff4dac24,aa24fef4eb59ff14cf27,pr160-warm-baseline,damacy,damacy,random12,full-scan,local block storage,random12-zstd-16-4,16384,"[1,64,128]",zstd,4096,encoded-traffic/output,0.7604863788001239,minimize,6.102085037099596,False,maximize compression and useful throughput,undefined; nondominance is not a scalar winner rule,"[""414c1a35b281301809d074f4"",""33f24f940ce1045946d7661c"",""eb1aaa2a978b796b7c8861e3""]"
6e17d57538e5ff4dac24,acc1309372adbf1ac8c8,pr160-warm-baseline,damacy,damacy,random12,full-scan,local block storage,random12-lz4-1024-512,1048576,"[8,256,256]",lz4,524288,encoded-traffic/output,0.7541828090324998,minimize,27.522707598577423,False,maximize compression and useful throughput,undefined; nondominance is not a scalar winner rule,"[""a68bf617618cb75ccc8295a6"",""c2a9de8787d102baeee354c7"",""a66ed9d4cea81656828b7399""]"
6e17d57538e5ff4dac24,ae1fe9722844d86ce12c,pr160-warm-baseline,damacy,damacy,random12,full-scan,local block storage,random12-zstd-64-16,65536,"[1,128,256]",zstd,16384,encoded-traffic/output,0.7528080011252314,minimize,12.597973650108807,False,maximize compression and useful throughput,undefined; nondominance is not a scalar winner rule,"[""6c8b6df17734bb0899be0431"",""c46345f93ad9a1ea1ea506b0"",""4a871ac13ea389320cfd727d""]"
6e17d57538e5ff4dac24,bc15d2824d77ccf6434d,pr160-warm-baseline,damacy,damacy,random12,full-scan,local block storage,random12-lz4-256-8,262144,"[2,256,256]",lz4,8192,encoded-traffic/output,0.7579951235093176,minimize,23.578819414729242,False,maximize compression and useful throughput,undefined; nondominance is not a scalar winner rule,"[""c6213d442929668222256899"",""71b7d5eb648de304c0666187"",""d3678177e50ff8ef5d475dd2""]"
6e17d57538e5ff4dac24,bebe823152b372a69c59,pr160-warm-baseline,damacy,damacy,random12,full-scan,local block storage,random12-lz4-256-4,262144,"[2,256,256]",lz4,4096,encoded-traffic/output,0.7612905402202159,minimize,19.830365472805667,False,maximize compression and useful throughput,undefined; nondominance is not a scalar winner rule,"[""85ae77f514575fbddf32688b"",""688f6b9479e9416653494cb1"",""9380ec80b8f1f5178bbff1b5""]"
6e17d57538e5ff4dac24,bfaf1864543b13d92095,pr160-warm-baseline,damacy,damacy,random12,full-scan,local block storage,random12-lz4-64-64,65536,"[1,128,256]",lz4,65536,encoded-traffic/output,0.7550504910759628,minimize,12.80305389006015,False,maximize compression and useful throughput,undefined; nondominance is not a scalar winner rule,"[""96293409844690e47350798d"",""fd4003ff26ad937bf58e3ddf"",""ea248e731455a2df77edc077""]"
6e17d57538e5ff4dac24,c4d8dd10af1497fccaf6,pr160-warm-baseline,damacy,damacy,random12,full-scan,local block storage,random12-lz4-256-128,262144,"[2,256,256]",lz4,131072,encoded-traffic/output,0.7545470900367945,minimize,19.527487240430414,False,maximize compression and useful throughput,undefined; nondominance is not a scalar winner rule,"[""c6555e77a5d453fe05c4632b"",""29b407bd6e6e06e8cbe0473d"",""b48b570e3a9f4a6e0a223d5a""]"
6e17d57538e5ff4dac24,c500af1717b118d06721,pr160-warm-baseline,damacy,damacy,random12,full-scan,local block storage,random12-lz4-64-16,65536,"[1,128,256]",lz4,16384,encoded-traffic/output,0.7565304988529533,minimize,12.740232675487157,False,maximize compression and useful throughput,undefined; nondominance is not a scalar winner rule,"[""b7844b096a2b1a9df25a435b"",""2cf6c2f0b39908710a3dbc05"",""05c3f1934253d8098b53eb16""]"
6e17d57538e5ff4dac24,c756af3432624ec20fb5,pr160-warm-baseline,damacy,damacy,random12,full-scan,local block storage,random12-zstd-1024-32,1048576,"[8,256,256]",zstd,32768,encoded-traffic/output,0.753341554896906,minimize,24.095802791401912,False,maximize compression and useful throughput,undefined; nondominance is not a scalar winner rule,"[""d5ee86ff455f7a7bcfee736f"",""29e3d9d4bfa94d47106f546c"",""4301fe04cb55f1fa2b314a5b""]"
6e17d57538e5ff4dac24,ce0c4889bd38910b1c91,pr160-warm-baseline,damacy,damacy,random12,full-scan,local block storage,random12-lz4-1024-1024,1048576,"[8,256,256]",lz4,1048576,encoded-traffic/output,0.7541036575566977,minimize,24.937534707165298,False,maximize compression and useful throughput,undefined; nondominance is not a scalar winner rule,"[""8a82c1b54c3dd4d8646c9678"",""129fa3e52a4b0206249bcb8e"",""c8d268a9def1cadd93d96796""]"
6e17d57538e5ff4dac24,d3dcaf9b64e7221739fd,pr160-warm-baseline,damacy,damacy,random12,full-scan,local block storage,random12-zstd-256-64,262144,"[2,256,256]",zstd,65536,encoded-traffic/output,0.7525177919305861,minimize,22.883799706729455,False,maximize compression and useful throughput,undefined; nondominance is not a scalar winner rule,"[""fbe925475adbb98c2e0288a7"",""a207106f2009b9894cf1db31"",""0eba95e54a4e681b51ab6deb""]"
6e17d57538e5ff4dac24,d5e496d2ff8baebc38f2,pr160-warm-baseline,damacy,damacy,random12,full-scan,local block storage,random12-lz4-1024-256,1048576,"[8,256,256]",lz4,262144,encoded-traffic/output,0.7543067785445601,minimize,27.2505957850707,False,maximize compression and useful throughput,undefined; nondominance is not a scalar winner rule,"[""ece94456d7376e572d9d95ee"",""faa2a7f2756c495a8eb90c0e"",""6f4ac2577a5dcb19ab15a271""]"
6e17d57538e5ff4dac24,d7fc7a4b9cf860bb5119,pr160-warm-baseline,damacy,damacy,random12,full-scan,local block storage,random12-lz4-1024-16,1048576,"[8,256,256]",lz4,16384,encoded-traffic/output,0.7563016170170158,minimize,20.78373959774532,False,maximize compression and useful throughput,undefined; nondominance is not a scalar winner rule,"[""a40f694c7f0eb76c6dc3b3eb"",""05ac11c2e003966076658ea7"",""76a08f940803f4a7980081d5""]"
6e17d57538e5ff4dac24,dcefdd217a9567b4b7fc,pr160-warm-baseline,damacy,damacy,random12,full-scan,local block storage,random12-lz4-256-16,262144,"[2,256,256]",lz4,16384,encoded-traffic/output,0.7563473933842033,minimize,22.588449790377883,False,maximize compression and useful throughput,undefined; nondominance is not a scalar winner rule,"[""a15d1539738491d3c78d7a83"",""404d0e83aeb49747e6a132a0"",""1b9d62e1b1e4b928c1248a73""]"
6e17d57538e5ff4dac24,df2e43a45702f3a0233a,pr160-warm-baseline,damacy,damacy,random12,full-scan,local block storage,random12-zstd-256-8,262144,"[2,256,256]",zstd,8192,encoded-traffic/output,0.7545778329949826,minimize,25.86238190137143,False,maximize compression and useful throughput,undefined; nondominance is not a scalar winner rule,"[""555a658f4c6d434f395c1c1f"",""faa6d739e8fcbc114bffa57e"",""12102459e3a8b0416a5ffe0a""]"
6e17d57538e5ff4dac24,e5b1786c0d154929abcf,pr160-warm-baseline,damacy,damacy,random12,full-scan,local block storage,random12-lz4-64-4,65536,"[1,128,256]",lz4,4096,encoded-traffic/output,0.7614736456889659,minimize,13.148879105759885,False,maximize compression and useful throughput,undefined; nondominance is not a scalar winner rule,"[""8418bfdf9ad003f98330a809"",""10c93b59325781a2b92bd4a1"",""4f55113311782f7c6659b2e1""]"
6e17d57538e5ff4dac24,eee7181a37fdcda98e5a,pr160-warm-baseline,damacy,damacy,random12,full-scan,local block storage,random12-zstd-64-4,65536,"[1,128,256]",zstd,4096,encoded-traffic/output,0.7597539422567934,minimize,14.041700990609227,False,maximize compression and useful throughput,undefined; nondominance is not a scalar winner rule,"[""15afdce3694b841d87834a12"",""3d245fedb1b6541074dbb6a8"",""8f4dcbe555460bb60da3fdde""]"
6e17d57538e5ff4dac24,f75f92bafc989e485d66,pr160-warm-baseline,damacy,damacy,random12,full-scan,local block storage,random12-zstd-64-8,65536,"[1,128,256]",zstd,8192,encoded-traffic/output,0.7547609384637326,minimize,14.248289664748295,False,maximize compression and useful throughput,undefined; nondominance is not a scalar winner rule,"[""8efff23e8d66afdcbf800bfe"",""2af7c08997b1e0de3d02fd04"",""34658bd1741de3aee5d094da""]"
500e429d9747c8d9184c,0e1eca74778484504ab8,cpu-readahead-control,damacy,persistent-default,smooth4,aligned,local block storage,smooth4-zstd-64-16,65536,"[1,128,256]",zstd,16384,compression/output,1.8309433434379625,maximize,7.091714614351852,True,none; fixed layout,undefined; nondominance is not a scalar winner rule,"[""21829aa335938cb31a1a517d"",""e170c2974744f5d8a5fbfb28"",""4e77e1f80256620eaa2cfd56""]"
500e429d9747c8d9184c,102c33c073324cff24fd,cpu-readahead-control,damacy,persistent-default,smooth4,aligned,local block storage,smooth4-lz4-64-16,65536,"[1,128,256]",lz4,16384,compression/output,1.5663428823641548,maximize,6.269759321454591,False,none; fixed layout,undefined; nondominance is not a scalar winner rule,"[""74fe84d5cf05c41ee7c0aef3"",""a56126d6b0b11c9983eda4ee"",""1ec2f9791ed4459b99d658f0""]"
500e429d9747c8d9184c,0e1eca74778484504ab8,cpu-readahead-control,damacy,persistent-default,smooth4,aligned,local block storage,smooth4-zstd-64-16,65536,"[1,128,256]",zstd,16384,encoded-traffic/output,0.5456047845073044,minimize,7.091714614351852,True,none; fixed layout,undefined; nondominance is not a scalar winner rule,"[""21829aa335938cb31a1a517d"",""e170c2974744f5d8a5fbfb28"",""4e77e1f80256620eaa2cfd56""]"
500e429d9747c8d9184c,102c33c073324cff24fd,cpu-readahead-control,damacy,persistent-default,smooth4,aligned,local block storage,smooth4-lz4-64-16,65536,"[1,128,256]",lz4,16384,encoded-traffic/output,0.63779460452497,minimize,6.269759321454591,False,none; fixed layout,undefined; nondominance is not a scalar winner rule,"[""74fe84d5cf05c41ee7c0aef3"",""a56126d6b0b11c9983eda4ee"",""1ec2f9791ed4459b99d658f0""]"
500e429d9747c8d9184c,0e1eca74778484504ab8,cpu-readahead-control,damacy,persistent-default,smooth4,aligned,local block storage,smooth4-zstd-64-16,65536,"[1,128,256]",zstd,16384,local-storage-traffic/output,0.6207655800713433,minimize,7.091714614351852,True,none; fixed layout,undefined; nondominance is not a scalar winner rule,"[""21829aa335938cb31a1a517d"",""e170c2974744f5d8a5fbfb28"",""4e77e1f80256620eaa2cfd56""]"
500e429d9747c8d9184c,102c33c073324cff24fd,cpu-readahead-control,damacy,persistent-default,smooth4,aligned,local block storage,smooth4-lz4-64-16,65536,"[1,128,256]",lz4,16384,local-storage-traffic/output,0.7330986261367798,minimize,6.269759321454591,False,none; fixed layout,undefined; nondominance is not a scalar winner rule,"[""74fe84d5cf05c41ee7c0aef3"",""a56126d6b0b11c9983eda4ee"",""1ec2f9791ed4459b99d658f0""]"
fc6fd6b876a5cd57c3e3,0e3c3513bcc4b4ef36ce,cpu-chunk-blocks,tensorstore,tensorstore,smooth4,full-scan,local block storage,smooth4-zstd-512-256,524288,"[1,512,512]",zstd,262144,compression/output,1.8823881322928948,maximize,11.044383599552601,True,maximize compression and output throughput,undefined; nondominance is not a scalar winner rule,"[""fbe1e41396d93ec5c0c5107a"",""15a3145304747826b53e927d"",""ab1645a7d056ec06e06cfea8""]"
fc6fd6b876a5cd57c3e3,10e2b2b4a0f12b51b47e,cpu-chunk-blocks,tensorstore,tensorstore,smooth4,full-scan,local block storage,smooth4-lz4-32-32,32768,"[1,128,128]",lz4,32768,compression/output,1.5856470833576932,maximize,8.627165081209997,False,maximize compression and output throughput,undefined; nondominance is not a scalar winner rule,"[""a18ec2ed0d9ba4b58b01e17b"",""a6e5f4657047d33fccded726"",""094d50abaa190d206cd2eb65""]"
fc6fd6b876a5cd57c3e3,1bc449a5e386a8cef064,cpu-chunk-blocks,tensorstore,tensorstore,smooth4,full-scan,local block storage,smooth4-zstd-128-64,131072,"[1,256,256]",zstd,65536,compression/output,1.85368967938808,maximize,9.396063880732578,False,maximize compression and output throughput,undefined; nondominance is not a scalar winner rule,"[""2b2b04a5126d676141fa4777"",""b16f3a11cda7825a113bb84c"",""878f26c365bcab6f36d22c29""]"
fc6fd6b876a5cd57c3e3,35d9bbc6086d56ebbcac,cpu-chunk-blocks,tensorstore,tensorstore,smooth4,full-scan,local block storage,smooth4-zstd-512-16,524288,"[1,512,512]",zstd,16384,compression/output,1.8294478975980146,maximize,10.623629968616369,False,maximize compression and output throughput,undefined; nondominance is not a scalar winner rule,"[""004b9ea5379c699d6e99b59f"",""b9db2f8ad1db6bc9dd85711e"",""10b1bef4d90dae86fc12f6a9""]"
fc6fd6b876a5cd57c3e3,3d31c982f28a7eb23755,cpu-chunk-blocks,tensorstore,tensorstore,smooth4,full-scan,local block storage,smooth4-zstd-512-512,524288,"[1,512,512]",zstd,524288,compression/output,1.970907362204299,maximize,10.76618940925628,True,maximize compression and output throughput,undefined; nondominance is not a scalar winner rule,"[""bdc8f3eed54708fbf713cf4a"",""a8c710ea8b258c5db5913f36"",""70b76972dcdff7b889f7d535""]"
fc6fd6b876a5cd57c3e3,434f8980ab58b6682cdb,cpu-chunk-blocks,tensorstore,tensorstore,smooth4,full-scan,local block storage,smooth4-zstd-32-32,32768,"[1,128,128]",zstd,32768,compression/output,1.8451430092694745,maximize,8.625032989307996,False,maximize compression and output throughput,undefined; nondominance is not a scalar winner rule,"[""e0d7a8557524a813926a3cc8"",""b25545cd290b6a0612c245a6"",""25a48ab3447771b1f503b32c""]"
fc6fd6b876a5cd57c3e3,4fc529a63b152eaac6f1,cpu-chunk-blocks,tensorstore,tensorstore,smooth4,full-scan,local block storage,smooth4-zstd-32-4,32768,"[1,128,128]",zstd,4096,compression/output,1.7797988160289273,maximize,8.416666849404772,False,maximize compression and output throughput,undefined; nondominance is not a scalar winner rule,"[""58d88791e9581d21e3e6f12e"",""b2fc46c8256253794e87c690"",""9060ac0871674f08ac79393a""]"
fc6fd6b876a5cd57c3e3,5c35ba6af4a1ed522bc1,cpu-chunk-blocks,tensorstore,tensorstore,smooth4,full-scan,local block storage,smooth4-lz4-512-16,524288,"[1,512,512]",lz4,16384,compression/output,1.5666306456387868,maximize,10.54890196933527,False,maximize compression and output throughput,undefined; nondominance is not a scalar winner rule,"[""32abde6b0bbd1dfae1648f90"",""8c6607aa69674402ea9aa076"",""8dd1232e8161d705157eb66c""]"
fc6fd6b876a5cd57c3e3,6024bf1fcdb4aadba199,cpu-chunk-blocks,tensorstore,tensorstore,smooth4,full-scan,local block storage,smooth4-lz4-32-4,32768,"[1,128,128]",lz4,4096,compression/output,1.5216670305492115,maximize,9.101739671609815,False,maximize compression and output throughput,undefined; nondominance is not a scalar winner rule,"[""113424dc7eb2763f60e9c079"",""7048b932e76d2b60f21c8a79"",""4f2c6599ec97758ceb899b2c""]"
fc6fd6b876a5cd57c3e3,85fb83171283edb287ce,cpu-chunk-blocks,tensorstore,tensorstore,smooth4,full-scan,local block storage,smooth4-lz4-512-256,524288,"[1,512,512]",lz4,262144,compression/output,1.6167072291075084,maximize,10.795271927334245,False,maximize compression and output throughput,undefined; nondominance is not a scalar winner rule,"[""7c134334dfe50ef26aad99e9"",""961b6cac59912d0e65cf6897"",""1e21dd4248d6ac2044351134""]"
fc6fd6b876a5cd57c3e3,972b2f1b8ce9fe1b92a3,cpu-chunk-blocks,tensorstore,tensorstore,smooth4,full-scan,local block storage,smooth4-zstd-32-16,32768,"[1,128,128]",zstd,16384,compression/output,1.8366829025162181,maximize,8.50091928567391,False,maximize compression and output throughput,undefined; nondominance is not a scalar winner rule,"[""40f738a0913c209c8ce94ff7"",""bdbbfc54878116c90a7b3436"",""7bb3c2ee35acf56756430bc7""]"
fc6fd6b876a5cd57c3e3,9b7b1aee8da3af615e26,cpu-chunk-blocks,tensorstore,tensorstore,smooth4,full-scan,local block storage,smooth4-lz4-512-512,524288,"[1,512,512]",lz4,524288,compression/output,1.626606892779916,maximize,10.347251047927298,False,maximize compression and output throughput,undefined; nondominance is not a scalar winner rule,"[""9e4e07b50dbae6bc99dc544a"",""1b33df0f98d3c08380864935"",""ebbf1c73110838abbfedb095""]"
fc6fd6b876a5cd57c3e3,a2c7d7d4ac009a0016c2,cpu-chunk-blocks,tensorstore,tensorstore,smooth4,full-scan,local block storage,smooth4-lz4-512-64,524288,"[1,512,512]",lz4,65536,compression/output,1.5980931987208997,maximize,10.479551156967071,False,maximize compression and output throughput,undefined; nondominance is not a scalar winner rule,"[""b2100d032bb2c42ac40c49ad"",""04a27dd8d781ce03f8c34fbf"",""76affbde00cf39ef3b85eaea""]"
fc6fd6b876a5cd57c3e3,a4dda02de2db6745470f,cpu-chunk-blocks,tensorstore,tensorstore,smooth4,full-scan,local block storage,smooth4-lz4-128-128,131072,"[1,256,256]",lz4,131072,compression/output,1.6017382552426165,maximize,11.546524998131833,False,maximize compression and output throughput,undefined; nondominance is not a scalar winner rule,"[""775f185348a7e9aa4542e924"",""40bd15b7d517857a245fb59e"",""63edf3f191bc124482d570ee""]"
fc6fd6b876a5cd57c3e3,bcb64fe261a269affe74,cpu-chunk-blocks,tensorstore,tensorstore,smooth4,full-scan,local block storage,smooth4-lz4-128-64,131072,"[1,256,256]",lz4,65536,compression/output,1.6005883232081666,maximize,12.273815847143258,True,maximize compression and output throughput,undefined; nondominance is not a scalar winner rule,"[""88bed15e9ae5688b24031b17"",""009ed5d9e3f56b34baa61e8d"",""0bf92b54feac4e878962d7e8""]"
fc6fd6b876a5cd57c3e3,d3b0b7986b8bd2b0b6af,cpu-chunk-blocks,tensorstore,tensorstore,smooth4,full-scan,local block storage,smooth4-zstd-128-16,131072,"[1,256,256]",zstd,16384,compression/output,1.8317621551383316,maximize,9.855317002946705,False,maximize compression and output throughput,undefined; nondominance is not a scalar winner rule,"[""faab31d99e9fd3dddee78733"",""d3bfbdc42e14b75c54c5c81b"",""71da33ea6eccf53713e26e02""]"
fc6fd6b876a5cd57c3e3,da2569cbee2b17b893e1,cpu-chunk-blocks,tensorstore,tensorstore,smooth4,full-scan,local block storage,smooth4-lz4-128-16,131072,"[1,256,256]",lz4,16384,compression/output,1.5669420934469545,maximize,10.931299345186767,False,maximize compression and output throughput,undefined; nondominance is not a scalar winner rule,"[""4737b9de17ca75197013271d"",""195a6195db30c4265b7e1ae2"",""66cfce36b2b51398386f97ae""]"
fc6fd6b876a5cd57c3e3,ef76264e1608fbe77224,cpu-chunk-blocks,tensorstore,tensorstore,smooth4,full-scan,local block storage,smooth4-lz4-32-16,32768,"[1,128,128]",lz4,16384,compression/output,1.572609772618283,maximize,8.89286898376982,False,maximize compression and output throughput,undefined; nondominance is not a scalar winner rule,"[""3983c86482bd7500338f0a7a"",""4090a0220977e4d4507ad498"",""e6cdf38dd9c18f57fc40f302""]"
fc6fd6b876a5cd57c3e3,f42cecdba3b6cc5c54ec,cpu-chunk-blocks,tensorstore,tensorstore,smooth4,full-scan,local block storage,smooth4-zstd-512-64,524288,"[1,512,512]",zstd,65536,compression/output,1.8505648607554412,maximize,10.097123202388742,False,maximize compression and output throughput,undefined; nondominance is not a scalar winner rule,"[""66fe4e4697d4ee6cfbab0f4d"",""359e3587c44e8e5d909d9100"",""bc23f04902d95a5fbe9a9d5b""]"
fc6fd6b876a5cd57c3e3,fad991237a57dc82a6e1,cpu-chunk-blocks,tensorstore,tensorstore,smooth4,full-scan,local block storage,smooth4-zstd-128-128,131072,"[1,256,256]",zstd,131072,compression/output,1.8644857768631582,maximize,11.897570399355192,True,maximize compression and output throughput,undefined; nondominance is not a scalar winner rule,"[""89c81922caeecaf1b87d4c5f"",""209a69f61fbc155e3b92c9c5"",""28fdd354c8da969cc71da1f9""]"
fc6fd6b876a5cd57c3e3,0e3c3513bcc4b4ef36ce,cpu-chunk-blocks,tensorstore,tensorstore,smooth4,full-scan,local block storage,smooth4-zstd-512-256,524288,"[1,512,512]",zstd,262144,local-storage-traffic/output,0.531239926815033,minimize,11.044383599552601,True,maximize compression and output throughput,undefined; nondominance is not a scalar winner rule,"[""fbe1e41396d93ec5c0c5107a"",""15a3145304747826b53e927d"",""ab1645a7d056ec06e06cfea8""]"
fc6fd6b876a5cd57c3e3,10e2b2b4a0f12b51b47e,cpu-chunk-blocks,tensorstore,tensorstore,smooth4,full-scan,local block storage,smooth4-lz4-32-32,32768,"[1,128,128]",lz4,32768,local-storage-traffic/output,0.6306331952412924,minimize,8.627165081209997,False,maximize compression and output throughput,undefined; nondominance is not a scalar winner rule,"[""a18ec2ed0d9ba4b58b01e17b"",""a6e5f4657047d33fccded726"",""094d50abaa190d206cd2eb65""]"
fc6fd6b876a5cd57c3e3,1bc449a5e386a8cef064,cpu-chunk-blocks,tensorstore,tensorstore,smooth4,full-scan,local block storage,smooth4-zstd-128-64,131072,"[1,256,256]",zstd,65536,local-storage-traffic/output,0.5394559701283773,minimize,9.396063880732578,False,maximize compression and output throughput,undefined; nondominance is not a scalar winner rule,"[""2b2b04a5126d676141fa4777"",""b16f3a11cda7825a113bb84c"",""878f26c365bcab6f36d22c29""]"
fc6fd6b876a5cd57c3e3,35d9bbc6086d56ebbcac,cpu-chunk-blocks,tensorstore,tensorstore,smooth4,full-scan,local block storage,smooth4-zstd-512-16,524288,"[1,512,512]",zstd,16384,local-storage-traffic/output,0.5466132164001465,minimize,10.623629968616369,False,maximize compression and output throughput,undefined; nondominance is not a scalar winner rule,"[""004b9ea5379c699d6e99b59f"",""b9db2f8ad1db6bc9dd85711e"",""10b1bef4d90dae86fc12f6a9""]"
fc6fd6b876a5cd57c3e3,3d31c982f28a7eb23755,cpu-chunk-blocks,tensorstore,tensorstore,smooth4,full-scan,local block storage,smooth4-zstd-512-512,524288,"[1,512,512]",zstd,524288,local-storage-traffic/output,0.5073812007904053,minimize,10.76618940925628,True,maximize compression and output throughput,undefined; nondominance is not a scalar winner rule,"[""bdc8f3eed54708fbf713cf4a"",""a8c710ea8b258c5db5913f36"",""70b76972dcdff7b889f7d535""]"
fc6fd6b876a5cd57c3e3,434f8980ab58b6682cdb,cpu-chunk-blocks,tensorstore,tensorstore,smooth4,full-scan,local block storage,smooth4-zstd-32-32,32768,"[1,128,128]",zstd,32768,local-storage-traffic/output,0.541963259379069,minimize,8.625032989307996,False,maximize compression and output throughput,undefined; nondominance is not a scalar winner rule,"[""e0d7a8557524a813926a3cc8"",""b25545cd290b6a0612c245a6"",""25a48ab3447771b1f503b32c""]"
fc6fd6b876a5cd57c3e3,4fc529a63b152eaac6f1,cpu-chunk-blocks,tensorstore,tensorstore,smooth4,full-scan,local block storage,smooth4-zstd-32-4,32768,"[1,128,128]",zstd,4096,local-storage-traffic/output,0.5618508656819662,minimize,8.416666849404772,False,maximize compression and output throughput,undefined; nondominance is not a scalar winner rule,"[""58d88791e9581d21e3e6f12e"",""b2fc46c8256253794e87c690"",""9060ac0871674f08ac79393a""]"
fc6fd6b876a5cd57c3e3,5c35ba6af4a1ed522bc1,cpu-chunk-blocks,tensorstore,tensorstore,smooth4,full-scan,local block storage,smooth4-lz4-512-16,524288,"[1,512,512]",lz4,16384,local-storage-traffic/output,0.6383135318756104,minimize,10.54890196933527,False,maximize compression and output throughput,undefined; nondominance is not a scalar winner rule,"[""32abde6b0bbd1dfae1648f90"",""8c6607aa69674402ea9aa076"",""8dd1232e8161d705157eb66c""]"
fc6fd6b876a5cd57c3e3,6024bf1fcdb4aadba199,cpu-chunk-blocks,tensorstore,tensorstore,smooth4,full-scan,local block storage,smooth4-lz4-32-4,32768,"[1,128,128]",lz4,4096,local-storage-traffic/output,0.6570885181427002,minimize,9.101739671609815,False,maximize compression and output throughput,undefined; nondominance is not a scalar winner rule,"[""113424dc7eb2763f60e9c079"",""7048b932e76d2b60f21c8a79"",""4f2c6599ec97758ceb899b2c""]"
fc6fd6b876a5cd57c3e3,85fb83171283edb287ce,cpu-chunk-blocks,tensorstore,tensorstore,smooth4,full-scan,local block storage,smooth4-lz4-512-256,524288,"[1,512,512]",lz4,262144,local-storage-traffic/output,0.6185393333435059,minimize,10.795271927334245,False,maximize compression and output throughput,undefined; nondominance is not a scalar winner rule,"[""7c134334dfe50ef26aad99e9"",""961b6cac59912d0e65cf6897"",""1e21dd4248d6ac2044351134""]"
fc6fd6b876a5cd57c3e3,972b2f1b8ce9fe1b92a3,cpu-chunk-blocks,tensorstore,tensorstore,smooth4,full-scan,local block storage,smooth4-zstd-32-16,32768,"[1,128,128]",zstd,16384,local-storage-traffic/output,0.544461727142334,minimize,8.50091928567391,False,maximize compression and output throughput,undefined; nondominance is not a scalar winner rule,"[""40f738a0913c209c8ce94ff7"",""bdbbfc54878116c90a7b3436"",""7bb3c2ee35acf56756430bc7""]"
fc6fd6b876a5cd57c3e3,9b7b1aee8da3af615e26,cpu-chunk-blocks,tensorstore,tensorstore,smooth4,full-scan,local block storage,smooth4-lz4-512-512,524288,"[1,512,512]",lz4,524288,local-storage-traffic/output,0.6147751808166504,minimize,10.347251047927298,False,maximize compression and output throughput,undefined; nondominance is not a scalar winner rule,"[""9e4e07b50dbae6bc99dc544a"",""1b33df0f98d3c08380864935"",""ebbf1c73110838abbfedb095""]"
fc6fd6b876a5cd57c3e3,a2c7d7d4ac009a0016c2,cpu-chunk-blocks,tensorstore,tensorstore,smooth4,full-scan,local block storage,smooth4-lz4-512-64,524288,"[1,512,512]",lz4,65536,local-storage-traffic/output,0.6257448196411133,minimize,10.479551156967071,False,maximize compression and output throughput,undefined; nondominance is not a scalar winner rule,"[""b2100d032bb2c42ac40c49ad"",""04a27dd8d781ce03f8c34fbf"",""76affbde00cf39ef3b85eaea""]"
fc6fd6b876a5cd57c3e3,a4dda02de2db6745470f,cpu-chunk-blocks,tensorstore,tensorstore,smooth4,full-scan,local block storage,smooth4-lz4-128-128,131072,"[1,256,256]",lz4,131072,local-storage-traffic/output,0.6243178844451904,minimize,11.546524998131833,False,maximize compression and output throughput,undefined; nondominance is not a scalar winner rule,"[""775f185348a7e9aa4542e924"",""40bd15b7d517857a245fb59e"",""63edf3f191bc124482d570ee""]"
fc6fd6b876a5cd57c3e3,bcb64fe261a269affe74,cpu-chunk-blocks,tensorstore,tensorstore,smooth4,full-scan,local block storage,smooth4-lz4-128-64,131072,"[1,256,256]",lz4,65536,local-storage-traffic/output,0.6247720718383789,minimize,12.273815847143258,True,maximize compression and output throughput,undefined; nondominance is not a scalar winner rule,"[""88bed15e9ae5688b24031b17"",""009ed5d9e3f56b34baa61e8d"",""0bf92b54feac4e878962d7e8""]"
fc6fd6b876a5cd57c3e3,d3b0b7986b8bd2b0b6af,cpu-chunk-blocks,tensorstore,tensorstore,smooth4,full-scan,local block storage,smooth4-zstd-128-16,131072,"[1,256,256]",zstd,16384,local-storage-traffic/output,0.545914888381958,minimize,9.855317002946705,False,maximize compression and output throughput,undefined; nondominance is not a scalar winner rule,"[""faab31d99e9fd3dddee78733"",""d3bfbdc42e14b75c54c5c81b"",""71da33ea6eccf53713e26e02""]"
fc6fd6b876a5cd57c3e3,da2569cbee2b17b893e1,cpu-chunk-blocks,tensorstore,tensorstore,smooth4,full-scan,local block storage,smooth4-lz4-128-16,131072,"[1,256,256]",lz4,16384,local-storage-traffic/output,0.6381568908691406,minimize,10.931299345186767,False,maximize compression and output throughput,undefined; nondominance is not a scalar winner rule,"[""4737b9de17ca75197013271d"",""195a6195db30c4265b7e1ae2"",""66cfce36b2b51398386f97ae""]"
fc6fd6b876a5cd57c3e3,ef76264e1608fbe77224,cpu-chunk-blocks,tensorstore,tensorstore,smooth4,full-scan,local block storage,smooth4-lz4-32-16,32768,"[1,128,128]",lz4,16384,local-storage-traffic/output,0.6358675161997477,minimize,8.89286898376982,False,maximize compression and output throughput,undefined; nondominance is not a scalar winner rule,"[""3983c86482bd7500338f0a7a"",""4090a0220977e4d4507ad498"",""e6cdf38dd9c18f57fc40f302""]"
fc6fd6b876a5cd57c3e3,f42cecdba3b6cc5c54ec,cpu-chunk-blocks,tensorstore,tensorstore,smooth4,full-scan,local block storage,smooth4-zstd-512-64,524288,"[1,512,512]",zstd,65536,local-storage-traffic/output,0.5403757095336914,minimize,10.097123202388742,False,maximize compression and output throughput,undefined; nondominance is not a scalar winner rule,"[""66fe4e4697d4ee6cfbab0f4d"",""359e3587c44e8e5d909d9100"",""bc23f04902d95a5fbe9a9d5b""]"
fc6fd6b876a5cd57c3e3,fad991237a57dc82a6e1,cpu-chunk-blocks,tensorstore,tensorstore,smooth4,full-scan,local block storage,smooth4-zstd-128-128,131072,"[1,256,256]",zstd,131072,local-storage-traffic/output,0.5363349914550781,minimize,11.897570399355192,True,maximize compression and output throughput,undefined; nondominance is not a scalar winner rule,"[""89c81922caeecaf1b87d4c5f"",""209a69f61fbc155e3b92c9c5"",""28fdd354c8da969cc71da1f9""]"
6fa0c5bcb142c125d4ca,0eca832cc0051d04b0f9,cpu-fixed-layout-pilot,damacy,damacy,smooth4,full-scan,local block storage,smooth4-lz4-64-16,65536,"[1,128,256]",lz4,16384,compression/output,1.5663428823641548,maximize,15.226492961535929,True,none; fixed layout,undefined; nondominance is not a scalar winner rule,"[""8fbbcdc6e6961e84c9f4f16b"",""b5c25e7c61c403ea4a5d3190"",""8c5fb09b812694ca8968ac2c""]"
6fa0c5bcb142c125d4ca,922aaefabe863196d39f,cpu-fixed-layout-pilot,damacy,damacy,smooth4,full-scan,local block storage,smooth4-zstd-64-16,65536,"[1,128,256]",zstd,16384,compression/output,1.8309433434379625,maximize,12.561121319556369,True,none; fixed layout,undefined; nondominance is not a scalar winner rule,"[""6f070fefd4239f7a55399758"",""c69697f0f5a478cfb5dea042"",""f9d50dec65dfa0fc483124d1""]"
6fa0c5bcb142c125d4ca,0eca832cc0051d04b0f9,cpu-fixed-layout-pilot,damacy,damacy,smooth4,full-scan,local block storage,smooth4-lz4-64-16,65536,"[1,128,256]",lz4,16384,encoded-traffic/output,0.6381856728112325,minimize,15.226492961535929,True,none; fixed layout,undefined; nondominance is not a scalar winner rule,"[""8fbbcdc6e6961e84c9f4f16b"",""b5c25e7c61c403ea4a5d3190"",""8c5fb09b812694ca8968ac2c""]"
6fa0c5bcb142c125d4ca,922aaefabe863196d39f,cpu-fixed-layout-pilot,damacy,damacy,smooth4,full-scan,local block storage,smooth4-zstd-64-16,65536,"[1,128,256]",zstd,16384,encoded-traffic/output,0.5459224006626755,minimize,12.561121319556369,True,none; fixed layout,undefined; nondominance is not a scalar winner rule,"[""6f070fefd4239f7a55399758"",""c69697f0f5a478cfb5dea042"",""f9d50dec65dfa0fc483124d1""]"
6fa0c5bcb142c125d4ca,0eca832cc0051d04b0f9,cpu-fixed-layout-pilot,damacy,damacy,smooth4,full-scan,local block storage,smooth4-lz4-64-16,65536,"[1,128,256]",lz4,16384,local-storage-traffic/output,0.0,minimize,15.226492961535929,True,none; fixed layout,undefined; nondominance is not a scalar winner rule,"[""8fbbcdc6e6961e84c9f4f16b"",""b5c25e7c61c403ea4a5d3190"",""8c5fb09b812694ca8968ac2c""]"
6fa0c5bcb142c125d4ca,922aaefabe863196d39f,cpu-fixed-layout-pilot,damacy,damacy,smooth4,full-scan,local block storage,smooth4-zstd-64-16,65536,"[1,128,256]",zstd,16384,local-storage-traffic/output,0.0,minimize,12.561121319556369,False,none; fixed layout,undefined; nondominance is not a scalar winner rule,"[""6f070fefd4239f7a55399758"",""c69697f0f5a478cfb5dea042"",""f9d50dec65dfa0fc483124d1""]"
0065108b52e0913f1232,0fd8266116352c868a70,cpu-readahead-control,tensorstore,tensorstore,smooth4,aligned,local block storage,smooth4-lz4-64-16,65536,"[1,128,256]",lz4,16384,compression/output,1.5663428823641548,maximize,4.590774216751136,False,none; fixed layout,undefined; nondominance is not a scalar winner rule,"[""59b0860411229939f1af5de8"",""1875bfb370b46a62084ec246"",""b3e131090dc3ebb8a381c277""]"
0065108b52e0913f1232,557664964f4488d8e9e1,cpu-readahead-control,tensorstore,tensorstore,smooth4,aligned,local block storage,smooth4-zstd-64-16,65536,"[1,128,256]",zstd,16384,compression/output,1.8309433434379625,maximize,5.511254929829867,True,none; fixed layout,undefined; nondominance is not a scalar winner rule,"[""744c59780fc9fc62986fb3bb"",""8ad3f1acd87c71c791113b32"",""82a52fb7ff354bfb5d6072d3""]"
0065108b52e0913f1232,0fd8266116352c868a70,cpu-readahead-control,tensorstore,tensorstore,smooth4,aligned,local block storage,smooth4-lz4-64-16,65536,"[1,128,256]",lz4,16384,local-storage-traffic/output,0.7279477119445801,minimize,4.590774216751136,False,none; fixed layout,undefined; nondominance is not a scalar winner rule,"[""59b0860411229939f1af5de8"",""1875bfb370b46a62084ec246"",""b3e131090dc3ebb8a381c277""]"
0065108b52e0913f1232,557664964f4488d8e9e1,cpu-readahead-control,tensorstore,tensorstore,smooth4,aligned,local block storage,smooth4-zstd-64-16,65536,"[1,128,256]",zstd,16384,local-storage-traffic/output,0.617401123046875,minimize,5.511254929829867,True,none; fixed layout,undefined; nondominance is not a scalar winner rule,"[""744c59780fc9fc62986fb3bb"",""8ad3f1acd87c71c791113b32"",""82a52fb7ff354bfb5d6072d3""]"
0ab14a4c5b82e29c4fc5,101eba24e03e5187d75a,cpu-buffer-control,damacy,chunks32-random,smooth4,full-scan,local block storage,smooth4-zstd-64-16,65536,"[1,128,256]",zstd,16384,compression/output,1.8309433434379625,maximize,4.970170999854505,True,none; fixed layout,undefined; nondominance is not a scalar winner rule,"[""404142c50cce6cde2be145e1"",""1e70d4c24c2e48678692205e"",""4dfc90d63b760f3ee9f2597b""]"
0ab14a4c5b82e29c4fc5,e1805950bd6398992152,cpu-buffer-control,damacy,chunks32-random,smooth4,full-scan,local block storage,smooth4-lz4-64-16,65536,"[1,128,256]",lz4,16384,compression/output,1.5663428823641548,maximize,5.023760426941314,True,none; fixed layout,undefined; nondominance is not a scalar winner rule,"[""52673958454b9078fc4f2d82"",""126614315e0e0bce3082e55d"",""8dc62f60a6d4962d1fe6c175""]"
0ab14a4c5b82e29c4fc5,101eba24e03e5187d75a,cpu-buffer-control,damacy,chunks32-random,smooth4,full-scan,local block storage,smooth4-zstd-64-16,65536,"[1,128,256]",zstd,16384,encoded-traffic/output,0.5459224006626755,minimize,4.970170999854505,True,none; fixed layout,undefined; nondominance is not a scalar winner rule,"[""404142c50cce6cde2be145e1"",""1e70d4c24c2e48678692205e"",""4dfc90d63b760f3ee9f2597b""]"
0ab14a4c5b82e29c4fc5,e1805950bd6398992152,cpu-buffer-control,damacy,chunks32-random,smooth4,full-scan,local block storage,smooth4-lz4-64-16,65536,"[1,128,256]",lz4,16384,encoded-traffic/output,0.6381856728112325,minimize,5.023760426941314,True,none; fixed layout,undefined; nondominance is not a scalar winner rule,"[""52673958454b9078fc4f2d82"",""126614315e0e0bce3082e55d"",""8dc62f60a6d4962d1fe6c175""]"
0ab14a4c5b82e29c4fc5,101eba24e03e5187d75a,cpu-buffer-control,damacy,chunks32-random,smooth4,full-scan,local block storage,smooth4-zstd-64-16,65536,"[1,128,256]",zstd,16384,local-storage-traffic/output,0.5459244251251221,minimize,4.970170999854505,True,none; fixed layout,undefined; nondominance is not a scalar winner rule,"[""404142c50cce6cde2be145e1"",""1e70d4c24c2e48678692205e"",""4dfc90d63b760f3ee9f2597b""]"
0ab14a4c5b82e29c4fc5,e1805950bd6398992152,cpu-buffer-control,damacy,chunks32-random,smooth4,full-scan,local block storage,smooth4-lz4-64-16,65536,"[1,128,256]",lz4,16384,local-storage-traffic/output,0.6381874084472656,minimize,5.023760426941314,True,none; fixed layout,undefined; nondominance is not a scalar winner rule,"[""52673958454b9078fc4f2d82"",""126614315e0e0bce3082e55d"",""8dc62f60a6d4962d1fe6c175""]"
8381d270a0a718540b60,104fb67e3a115a86be7b,cpu-scheduling-paired,damacy,before,smooth4,full-scan,local block storage,smooth4-lz4-64-16,65536,"[1,128,256]",lz4,16384,compression/output,1.5663428823641548,maximize,9.61975511333483,True,none; fixed layout,undefined; nondominance is not a scalar winner rule,"[""4974a1b77ca7b7fbe7703b7f"",""2b0a8506a6a4e2a6167ec997"",""f08711914bae6e318b0e4b72""]"
8381d270a0a718540b60,356b19d0962ce667c214,cpu-scheduling-paired,damacy,before,smooth4,full-scan,local block storage,smooth4-zstd-64-16,65536,"[1,128,256]",zstd,16384,compression/output,1.8309433434379625,maximize,8.879198282668385,True,none; fixed layout,undefined; nondominance is not a scalar winner rule,"[""0f5520925688abd8e94e70bb"",""8e0658fded4bc70b59fe6f01"",""b605b7e9b9f3a8b9b5fb5815""]"
8381d270a0a718540b60,104fb67e3a115a86be7b,cpu-scheduling-paired,damacy,before,smooth4,full-scan,local block storage,smooth4-lz4-64-16,65536,"[1,128,256]",lz4,16384,encoded-traffic/output,0.6381856728112325,minimize,9.61975511333483,True,none; fixed layout,undefined; nondominance is not a scalar winner rule,"[""4974a1b77ca7b7fbe7703b7f"",""2b0a8506a6a4e2a6167ec997"",""f08711914bae6e318b0e4b72""]"
8381d270a0a718540b60,356b19d0962ce667c214,cpu-scheduling-paired,damacy,before,smooth4,full-scan,local block storage,smooth4-zstd-64-16,65536,"[1,128,256]",zstd,16384,encoded-traffic/output,0.5459224006626755,minimize,8.879198282668385,True,none; fixed layout,undefined; nondominance is not a scalar winner rule,"[""0f5520925688abd8e94e70bb"",""8e0658fded4bc70b59fe6f01"",""b605b7e9b9f3a8b9b5fb5815""]"
8381d270a0a718540b60,104fb67e3a115a86be7b,cpu-scheduling-paired,damacy,before,smooth4,full-scan,local block storage,smooth4-lz4-64-16,65536,"[1,128,256]",lz4,16384,local-storage-traffic/output,0.6384315490722656,minimize,9.61975511333483,True,none; fixed layout,undefined; nondominance is not a scalar winner rule,"[""4974a1b77ca7b7fbe7703b7f"",""2b0a8506a6a4e2a6167ec997"",""f08711914bae6e318b0e4b72""]"
8381d270a0a718540b60,356b19d0962ce667c214,cpu-scheduling-paired,damacy,before,smooth4,full-scan,local block storage,smooth4-zstd-64-16,65536,"[1,128,256]",zstd,16384,local-storage-traffic/output,0.5461685657501221,minimize,8.879198282668385,True,none; fixed layout,undefined; nondominance is not a scalar winner rule,"[""0f5520925688abd8e94e70bb"",""8e0658fded4bc70b59fe6f01"",""b605b7e9b9f3a8b9b5fb5815""]"
93f7b7e460b6e309365c,112da9aae5147c558929,cpu-buffer-control,damacy,chunks256-random,smooth4,full-scan,local block storage,smooth4-lz4-64-16,65536,"[1,128,256]",lz4,16384,compression/output,1.5663428823641548,maximize,20.80892746898263,True,none; fixed layout,undefined; nondominance is not a scalar winner rule,"[""1a0433d0db68e56e506f211e"",""da552fc02f8a8b85a9232bce"",""906d053a20bab9bcec3a0230""]"
93f7b7e460b6e309365c,39f1195cf3760832d992,cpu-buffer-control,damacy,chunks256-random,smooth4,full-scan,local block storage,smooth4-zstd-64-16,65536,"[1,128,256]",zstd,16384,compression/output,1.8309433434379625,maximize,18.84726154037408,True,none; fixed layout,undefined; nondominance is not a scalar winner rule,"[""de5cf8553c15dfd0229ed83b"",""794477ed101703ed7907df6b"",""8357e1ae8679d6bcb254fa8c""]"
93f7b7e460b6e309365c,112da9aae5147c558929,cpu-buffer-control,damacy,chunks256-random,smooth4,full-scan,local block storage,smooth4-lz4-64-16,65536,"[1,128,256]",lz4,16384,encoded-traffic/output,0.6381856728112325,minimize,20.80892746898263,True,none; fixed layout,undefined; nondominance is not a scalar winner rule,"[""1a0433d0db68e56e506f211e"",""da552fc02f8a8b85a9232bce"",""906d053a20bab9bcec3a0230""]"
93f7b7e460b6e309365c,39f1195cf3760832d992,cpu-buffer-control,damacy,chunks256-random,smooth4,full-scan,local block storage,smooth4-zstd-64-16,65536,"[1,128,256]",zstd,16384,encoded-traffic/output,0.5459224006626755,minimize,18.84726154037408,True,none; fixed layout,undefined; nondominance is not a scalar winner rule,"[""de5cf8553c15dfd0229ed83b"",""794477ed101703ed7907df6b"",""8357e1ae8679d6bcb254fa8c""]"
93f7b7e460b6e309365c,112da9aae5147c558929,cpu-buffer-control,damacy,chunks256-random,smooth4,full-scan,local block storage,smooth4-lz4-64-16,65536,"[1,128,256]",lz4,16384,local-storage-traffic/output,0.6381874084472656,minimize,20.80892746898263,True,none; fixed layout,undefined; nondominance is not a scalar winner rule,"[""1a0433d0db68e56e506f211e"",""da552fc02f8a8b85a9232bce"",""906d053a20bab9bcec3a0230""]"
93f7b7e460b6e309365c,39f1195cf3760832d992,cpu-buffer-control,damacy,chunks256-random,smooth4,full-scan,local block storage,smooth4-zstd-64-16,65536,"[1,128,256]",zstd,16384,local-storage-traffic/output,0.5459244251251221,minimize,18.84726154037408,True,none; fixed layout,undefined; nondominance is not a scalar winner rule,"[""de5cf8553c15dfd0229ed83b"",""794477ed101703ed7907df6b"",""8357e1ae8679d6bcb254fa8c""]"
862a43ee36563ca6e65f,11b57364d1be83ffcc43,cpu-nfs-local-spot,damacy,chunks256-random,smooth4,full-scan,NFS,smooth4-zstd-512-512,524288,"[1,512,512]",zstd,524288,compression/output,1.970907362204299,maximize,23.648857760618004,True,no recorded winner; exploratory compression/output frontier over four encodings,undefined; nondominance is not a scalar winner rule,"[""835ba666cd70029c093dd9ee"",""fe870b5b435e1f868469fc33"",""2de4f165bbbc046da00b5e46""]"
862a43ee36563ca6e65f,606463428cd1d8de794c,cpu-nfs-local-spot,damacy,chunks256-random,smooth4,full-scan,NFS,smooth4-zstd-128-128,131072,"[1,256,256]",zstd,131072,compression/output,1.8644857768631582,maximize,19.791925382052266,False,no recorded winner; exploratory compression/output frontier over four encodings,undefined; nondominance is not a scalar winner rule,"[""358a8ef7d601340c20b91b59"",""698ba9430f4be643d1da302b"",""7f39354700d1dcd34b8c55ef""]"
862a43ee36563ca6e65f,79da05fd205c30c01d1d,cpu-nfs-local-spot,damacy,chunks256-random,smooth4,full-scan,NFS,smooth4-zstd-32-32,32768,"[1,128,128]",zstd,32768,compression/output,1.8451430092694745,maximize,5.7321524560927495,False,no recorded winner; exploratory compression/output frontier over four encodings,undefined; nondominance is not a scalar winner rule,"[""5fc6862d23ba7b468fe7b28e"",""c912b665f8199a59e5164f2e"",""eaf560e0e8ce6db8706c8189""]"
862a43ee36563ca6e65f,bbf813355fad4da4b531,cpu-nfs-local-spot,damacy,chunks256-random,smooth4,full-scan,NFS,smooth4-lz4-512-512,524288,"[1,512,512]",lz4,524288,compression/output,1.626606892779916,maximize,20.657924173229457,False,no recorded winner; exploratory compression/output frontier over four encodings,undefined; nondominance is not a scalar winner rule,"[""08651a9570fc6ba357cec5d1"",""98d7e37d51975800015e8e3e"",""2ca58bbce8c13c6fdbcd21fc""]"
862a43ee36563ca6e65f,11b57364d1be83ffcc43,cpu-nfs-local-spot,damacy,chunks256-random,smooth4,full-scan,NFS,smooth4-zstd-512-512,524288,"[1,512,512]",zstd,524288,encoded-traffic/output,0.5073499975260347,minimize,23.648857760618004,True,no recorded winner; exploratory compression/output frontier over four encodings,undefined; nondominance is not a scalar winner rule,"[""835ba666cd70029c093dd9ee"",""fe870b5b435e1f868469fc33"",""2de4f165bbbc046da00b5e46""]"
862a43ee36563ca6e65f,606463428cd1d8de794c,cpu-nfs-local-spot,damacy,chunks256-random,smooth4,full-scan,NFS,smooth4-zstd-128-128,131072,"[1,256,256]",zstd,131072,encoded-traffic/output,0.5362188369035721,minimize,19.791925382052266,False,no recorded winner; exploratory compression/output frontier over four encodings,undefined; nondominance is not a scalar winner rule,"[""358a8ef7d601340c20b91b59"",""698ba9430f4be643d1da302b"",""7f39354700d1dcd34b8c55ef""]"
862a43ee36563ca6e65f,79da05fd205c30c01d1d,cpu-nfs-local-spot,damacy,chunks256-random,smooth4,full-scan,NFS,smooth4-zstd-32-32,32768,"[1,128,128]",zstd,32768,encoded-traffic/output,0.5414751265197992,minimize,5.7321524560927495,False,no recorded winner; exploratory compression/output frontier over four encodings,undefined; nondominance is not a scalar winner rule,"[""5fc6862d23ba7b468fe7b28e"",""c912b665f8199a59e5164f2e"",""eaf560e0e8ce6db8706c8189""]"
862a43ee36563ca6e65f,bbf813355fad4da4b531,cpu-nfs-local-spot,damacy,chunks256-random,smooth4,full-scan,NFS,smooth4-lz4-512-512,524288,"[1,512,512]",lz4,524288,encoded-traffic/output,0.6147461677901447,minimize,20.657924173229457,False,no recorded winner; exploratory compression/output frontier over four encodings,undefined; nondominance is not a scalar winner rule,"[""08651a9570fc6ba357cec5d1"",""98d7e37d51975800015e8e3e"",""2ca58bbce8c13c6fdbcd21fc""]"
99673c7c54179e949890,129ee1a97c49a8810b9c,pr160-warm-smooth-patterns,damacy,damacy,smooth4,full-scan,local block storage,smooth4-zstd-256-64,262144,"[2,256,256]",zstd,65536,compression/output,1.8540803496836498,maximize,23.149128349151248,True,no scalar winner recorded; input/codec control; exported frontiers are descriptive,undefined; nondominance is not a scalar winner rule,"[""17dff3ad609e4eeff351ea79"",""fdb53ca832f300ba89cebf0c"",""3879532be1712921d1a9d08c"",""6950722a5cf10cdd60dc2b65"",""129241b0c28759c3e49edc4a""]"
99673c7c54179e949890,9253ab1263c6283413c1,pr160-warm-smooth-patterns,damacy,damacy,smooth4,full-scan,local block storage,smooth4-lz4-256-64,262144,"[2,256,256]",lz4,65536,compression/output,1.600757826514949,maximize,29.5879401707741,True,no scalar winner recorded; input/codec control; exported frontiers are descriptive,undefined; nondominance is not a scalar winner rule,"[""117797fc3250f172e420280c"",""37e4d61324ea4297e13ea9b0"",""49e637f672acd3b70d62e327"",""e296c3f0320e2773db12f250"",""e87ddccefd77b54543ff296a""]"
99673c7c54179e949890,129ee1a97c49a8810b9c,pr160-warm-smooth-patterns,damacy,damacy,smooth4,full-scan,local block storage,smooth4-zstd-256-64,262144,"[2,256,256]",zstd,65536,encoded-traffic/output,0.5392899122089148,minimize,23.149128349151248,True,no scalar winner recorded; input/codec control; exported frontiers are descriptive,undefined; nondominance is not a scalar winner rule,"[""17dff3ad609e4eeff351ea79"",""fdb53ca832f300ba89cebf0c"",""3879532be1712921d1a9d08c"",""6950722a5cf10cdd60dc2b65"",""129241b0c28759c3e49edc4a""]"
99673c7c54179e949890,9253ab1263c6283413c1,pr160-warm-smooth-patterns,damacy,damacy,smooth4,full-scan,local block storage,smooth4-lz4-256-64,262144,"[2,256,256]",lz4,65536,encoded-traffic/output,0.6246430752798915,minimize,29.5879401707741,True,no scalar winner recorded; input/codec control; exported frontiers are descriptive,undefined; nondominance is not a scalar winner rule,"[""117797fc3250f172e420280c"",""37e4d61324ea4297e13ea9b0"",""49e637f672acd3b70d62e327"",""e296c3f0320e2773db12f250"",""e87ddccefd77b54543ff296a""]"
6ea45b25c588a7385455,14ca97d608cf03c4666f,cpu-readahead-control,damacy,batch-random,smooth4,aligned,local block storage,smooth4-lz4-64-16,65536,"[1,128,256]",lz4,16384,compression/output,1.5663428823641548,maximize,6.40615961266805,False,none; fixed layout,undefined; nondominance is not a scalar winner rule,"[""6cae7466b2ca42fe453f14a3"",""91d5c2c529092bd0b0be54d6"",""67e36de4077fa9031fb173b6""]"
6ea45b25c588a7385455,f93bead10e089132e59d,cpu-readahead-control,damacy,batch-random,smooth4,aligned,local block storage,smooth4-zstd-64-16,65536,"[1,128,256]",zstd,16384,compression/output,1.8309433434379625,maximize,7.36448554733718,True,none; fixed layout,undefined; nondominance is not a scalar winner rule,"[""e4c109ae79d8754da2f94ba3"",""80f8c760c53a08de28ec1d61"",""ddc51774718e9c4f0eb90ba8""]"
6ea45b25c588a7385455,14ca97d608cf03c4666f,cpu-readahead-control,damacy,batch-random,smooth4,aligned,local block storage,smooth4-lz4-64-16,65536,"[1,128,256]",lz4,16384,encoded-traffic/output,0.63779460452497,minimize,6.40615961266805,False,none; fixed layout,undefined; nondominance is not a scalar winner rule,"[""6cae7466b2ca42fe453f14a3"",""91d5c2c529092bd0b0be54d6"",""67e36de4077fa9031fb173b6""]"
6ea45b25c588a7385455,f93bead10e089132e59d,cpu-readahead-control,damacy,batch-random,smooth4,aligned,local block storage,smooth4-zstd-64-16,65536,"[1,128,256]",zstd,16384,encoded-traffic/output,0.5456047845073044,minimize,7.36448554733718,True,none; fixed layout,undefined; nondominance is not a scalar winner rule,"[""e4c109ae79d8754da2f94ba3"",""80f8c760c53a08de28ec1d61"",""ddc51774718e9c4f0eb90ba8""]"
6ea45b25c588a7385455,14ca97d608cf03c4666f,cpu-readahead-control,damacy,batch-random,smooth4,aligned,local block storage,smooth4-lz4-64-16,65536,"[1,128,256]",lz4,16384,local-storage-traffic/output,0.6437721252441406,minimize,6.40615961266805,False,none; fixed layout,undefined; nondominance is not a scalar winner rule,"[""6cae7466b2ca42fe453f14a3"",""91d5c2c529092bd0b0be54d6"",""67e36de4077fa9031fb173b6""]"
6ea45b25c588a7385455,f93bead10e089132e59d,cpu-readahead-control,damacy,batch-random,smooth4,aligned,local block storage,smooth4-zstd-64-16,65536,"[1,128,256]",zstd,16384,local-storage-traffic/output,0.5578193664550781,minimize,7.36448554733718,True,none; fixed layout,undefined; nondominance is not a scalar winner rule,"[""e4c109ae79d8754da2f94ba3"",""80f8c760c53a08de28ec1d61"",""ddc51774718e9c4f0eb90ba8""]"
d50fde3d5d8879146bb0,1558ffc30ca8d7dbac34,pr160-warm-xor-crops,damacy,damacy,xor,random-1x256x256,local block storage,xor-lz4-1024-16,1048576,"[8,256,256]",lz4,16384,compression/output,21.300396457205785,maximize,3.5061961182943464,False,minimize encoded/useful bytes and maximize useful throughput,undefined; nondominance is not a scalar winner rule,"[""5ea995835e5bc3efd81bfc43"",""da35cd586de83dcbb722741c"",""5bbc65610d21d979a8df3f05"",""37823520446cb4b61440bbb0"",""c26cf6ca73e85fa7c9d7e22f""]"
d50fde3d5d8879146bb0,70fa9b6a21bbfe4fb387,pr160-warm-xor-crops,damacy,damacy,xor,random-1x256x256,local block storage,xor-zstd-64-16,65536,"[1,128,256]",zstd,16384,compression/output,79.34138090744028,maximize,5.938868112477314,True,minimize encoded/useful bytes and maximize useful throughput,undefined; nondominance is not a scalar winner rule,"[""bd8b3c0064c0c1acb89cd76d"",""05f5c986f7aa5b5736a7fcd7"",""2a0c6afd703e13d83183ed93"",""a5e26db74e2adb0a3391cb60"",""97c0f5ce3cd76e19cb413b91""]"
d50fde3d5d8879146bb0,7b79bc0277312068efd5,pr160-warm-xor-crops,damacy,damacy,xor,random-1x256x256,local block storage,xor-zstd-256-16,262144,"[2,256,256]",zstd,16384,compression/output,81.7156858477324,maximize,4.809923597255416,True,minimize encoded/useful bytes and maximize useful throughput,undefined; nondominance is not a scalar winner rule,"[""e8ef69317149820b9588b1ea"",""7320630e1635834ce030722b"",""d91364b7b72319e5706a929a"",""e01a3af133c7c64338bc1333"",""f5eed886833297f7a6a58025""]"
d50fde3d5d8879146bb0,a38104989dfd441c0fec,pr160-warm-xor-crops,damacy,damacy,xor,random-1x256x256,local block storage,xor-lz4-64-16,65536,"[1,128,256]",lz4,16384,compression/output,21.094711466942613,maximize,5.218903679922693,False,minimize encoded/useful bytes and maximize useful throughput,undefined; nondominance is not a scalar winner rule,"[""aac8912d51886a20e393614e"",""7917a41bd74d87e421f1038b"",""450daffb8aaa567a9ee00222"",""034397378340b41809260852"",""9dad56c227d444ad58a8dfc4""]"
d50fde3d5d8879146bb0,a3b48468ae44124b92fc,pr160-warm-xor-crops,damacy,damacy,xor,random-1x256x256,local block storage,xor-zstd-16-16,16384,"[1,64,128]",zstd,16384,compression/output,68.60161805854952,maximize,2.9171692964367915,False,minimize encoded/useful bytes and maximize useful throughput,undefined; nondominance is not a scalar winner rule,"[""d2ce9e07afb8776030575163"",""7fbf790cfff8d30ef7cea76f"",""27d34b4d640a3a1ffeabb736"",""d30c2a12ea3f7397e18ec4c0"",""0a81685330e59070dfc26387""]"
d50fde3d5d8879146bb0,acd664f23639010f19f9,pr160-warm-xor-crops,damacy,damacy,xor,random-1x256x256,local block storage,xor-zstd-1024-16,1048576,"[8,256,256]",zstd,16384,compression/output,82.33163303957745,maximize,2.4631600884374913,True,minimize encoded/useful bytes and maximize useful throughput,undefined; nondominance is not a scalar winner rule,"[""9ce2a9c9b65861a10509c742"",""e64aa01f6f5e1532055cf0d7"",""be5cdbe31d9bdaa267b74bf8"",""9e873416a861b13146d96b2e"",""7e9933cc992a073880dd3402""]"
d50fde3d5d8879146bb0,c40e0aff4089e0233a9b,pr160-warm-xor-crops,damacy,damacy,xor,random-1x256x256,local block storage,xor-lz4-16-16,16384,"[1,64,128]",lz4,16384,compression/output,26.701703480938903,maximize,3.3066941315643312,False,minimize encoded/useful bytes and maximize useful throughput,undefined; nondominance is not a scalar winner rule,"[""221832bbb76687e62bee6d2f"",""f3377baf38c5d453172ec578"",""1f9480d9a501a1e56b7437fd"",""699cd898b4e91d5faa7edf26"",""b214109efffa3d707b1d6f82""]"
d50fde3d5d8879146bb0,f44ca90209864a0038f9,pr160-warm-xor-crops,damacy,damacy,xor,random-1x256x256,local block storage,xor-lz4-256-16,262144,"[2,256,256]",lz4,16384,compression/output,21.258939197090033,maximize,5.479554767471614,False,minimize encoded/useful bytes and maximize useful throughput,undefined; nondominance is not a scalar winner rule,"[""77b0e2000f62b9c7f930f17d"",""d06e2e14ab903bda1422cf02"",""2212022b29bea9371c8d1cc8"",""1ffac854280e5901dfb46cf9"",""8f79eaf4a16a8b991ae41418""]"
d50fde3d5d8879146bb0,1558ffc30ca8d7dbac34,pr160-warm-xor-crops,damacy,damacy,xor,random-1x256x256,local block storage,xor-lz4-1024-16,1048576,"[8,256,256]",lz4,16384,encoded-traffic/output,1.3874870240688324,minimize,3.5061961182943464,False,minimize encoded/useful bytes and maximize useful throughput,undefined; nondominance is not a scalar winner rule,"[""5ea995835e5bc3efd81bfc43"",""da35cd586de83dcbb722741c"",""5bbc65610d21d979a8df3f05"",""37823520446cb4b61440bbb0"",""c26cf6ca73e85fa7c9d7e22f""]"
d50fde3d5d8879146bb0,70fa9b6a21bbfe4fb387,pr160-warm-xor-crops,damacy,damacy,xor,random-1x256x256,local block storage,xor-zstd-64-16,65536,"[1,128,256]",zstd,16384,encoded-traffic/output,0.036569179967045784,minimize,5.938868112477314,True,minimize encoded/useful bytes and maximize useful throughput,undefined; nondominance is not a scalar winner rule,"[""bd8b3c0064c0c1acb89cd76d"",""05f5c986f7aa5b5736a7fcd7"",""2a0c6afd703e13d83183ed93"",""a5e26db74e2adb0a3391cb60"",""97c0f5ce3cd76e19cb413b91""]"
d50fde3d5d8879146bb0,7b79bc0277312068efd5,pr160-warm-xor-crops,damacy,damacy,xor,random-1x256x256,local block storage,xor-zstd-256-16,262144,"[2,256,256]",zstd,16384,encoded-traffic/output,0.0950784720480442,minimize,4.809923597255416,False,minimize encoded/useful bytes and maximize useful throughput,undefined; nondominance is not a scalar winner rule,"[""e8ef69317149820b9588b1ea"",""7320630e1635834ce030722b"",""d91364b7b72319e5706a929a"",""e01a3af133c7c64338bc1333"",""f5eed886833297f7a6a58025""]"
d50fde3d5d8879146bb0,a38104989dfd441c0fec,pr160-warm-xor-crops,damacy,damacy,xor,random-1x256x256,local block storage,xor-lz4-64-16,65536,"[1,128,256]",lz4,16384,encoded-traffic/output,0.139560429379344,minimize,5.218903679922693,False,minimize encoded/useful bytes and maximize useful throughput,undefined; nondominance is not a scalar winner rule,"[""aac8912d51886a20e393614e"",""7917a41bd74d87e421f1038b"",""450daffb8aaa567a9ee00222"",""034397378340b41809260852"",""9dad56c227d444ad58a8dfc4""]"
d50fde3d5d8879146bb0,a3b48468ae44124b92fc,pr160-warm-xor-crops,damacy,damacy,xor,random-1x256x256,local block storage,xor-zstd-16-16,16384,"[1,64,128]",zstd,16384,encoded-traffic/output,0.025194143876433372,minimize,2.9171692964367915,True,minimize encoded/useful bytes and maximize useful throughput,undefined; nondominance is not a scalar winner rule,"[""d2ce9e07afb8776030575163"",""7fbf790cfff8d30ef7cea76f"",""27d34b4d640a3a1ffeabb736"",""d30c2a12ea3f7397e18ec4c0"",""0a81685330e59070dfc26387""]"
d50fde3d5d8879146bb0,acd664f23639010f19f9,pr160-warm-xor-crops,damacy,damacy,xor,random-1x256x256,local block storage,xor-zstd-1024-16,1048576,"[8,256,256]",zstd,16384,encoded-traffic/output,0.35858677327632904,minimize,2.4631600884374913,False,minimize encoded/useful bytes and maximize useful throughput,undefined; nondominance is not a scalar winner rule,"[""9ce2a9c9b65861a10509c742"",""e64aa01f6f5e1532055cf0d7"",""be5cdbe31d9bdaa267b74bf8"",""9e873416a861b13146d96b2e"",""7e9933cc992a073880dd3402""]"
d50fde3d5d8879146bb0,c40e0aff4089e0233a9b,pr160-warm-xor-crops,damacy,damacy,xor,random-1x256x256,local block storage,xor-lz4-16-16,16384,"[1,64,128]",lz4,16384,encoded-traffic/output,0.06781966611742973,minimize,3.3066941315643312,False,minimize encoded/useful bytes and maximize useful throughput,undefined; nondominance is not a scalar winner rule,"[""221832bbb76687e62bee6d2f"",""f3377baf38c5d453172ec578"",""1f9480d9a501a1e56b7437fd"",""699cd898b4e91d5faa7edf26"",""b214109efffa3d707b1d6f82""]"
d50fde3d5d8879146bb0,f44ca90209864a0038f9,pr160-warm-xor-crops,damacy,damacy,xor,random-1x256x256,local block storage,xor-lz4-256-16,262144,"[2,256,256]",lz4,16384,encoded-traffic/output,0.36687223613262177,minimize,5.479554767471614,False,minimize encoded/useful bytes and maximize useful throughput,undefined; nondominance is not a scalar winner rule,"[""77b0e2000f62b9c7f930f17d"",""d06e2e14ab903bda1422cf02"",""2212022b29bea9371c8d1cc8"",""1ffac854280e5901dfb46cf9"",""8f79eaf4a16a8b991ae41418""]"
60bca942c0f9c0806f39,15924aa6b1954dffe095,cpu-readahead-control,damacy,batch-default,smooth4,random-1x256x256,local block storage,smooth4-zstd-64-16,65536,"[1,128,256]",zstd,16384,compression/output,1.8309433434379625,maximize,2.0881498842285153,True,none; fixed layout,undefined; nondominance is not a scalar winner rule,"[""7d2f9562656974ab19380b8c"",""5e45ef9d360b1a1929f5957a"",""ab3a6ec15f70b348505c2b9f""]"
60bca942c0f9c0806f39,a8cf33275ad484b2e4f6,cpu-readahead-control,damacy,batch-default,smooth4,random-1x256x256,local block storage,smooth4-lz4-64-16,65536,"[1,128,256]",lz4,16384,compression/output,1.5663428823641548,maximize,2.0398560653302242,False,none; fixed layout,undefined; nondominance is not a scalar winner rule,"[""2c03e05498c8ea7faab7d358"",""2a45e1fb44bea9ead7487355"",""34adde36273a380566c31e3c""]"
60bca942c0f9c0806f39,15924aa6b1954dffe095,cpu-readahead-control,damacy,batch-default,smooth4,random-1x256x256,local block storage,smooth4-zstd-64-16,65536,"[1,128,256]",zstd,16384,encoded-traffic/output,1.627149775158614,minimize,2.0881498842285153,True,none; fixed layout,undefined; nondominance is not a scalar winner rule,"[""7d2f9562656974ab19380b8c"",""5e45ef9d360b1a1929f5957a"",""ab3a6ec15f70b348505c2b9f""]"
60bca942c0f9c0806f39,a8cf33275ad484b2e4f6,cpu-readahead-control,damacy,batch-default,smooth4,random-1x256x256,local block storage,smooth4-lz4-64-16,65536,"[1,128,256]",lz4,16384,encoded-traffic/output,1.9021935942582786,minimize,2.0398560653302242,False,none; fixed layout,undefined; nondominance is not a scalar winner rule,"[""2c03e05498c8ea7faab7d358"",""2a45e1fb44bea9ead7487355"",""34adde36273a380566c31e3c""]"
60bca942c0f9c0806f39,15924aa6b1954dffe095,cpu-readahead-control,damacy,batch-default,smooth4,random-1x256x256,local block storage,smooth4-zstd-64-16,65536,"[1,128,256]",zstd,16384,local-storage-traffic/output,2.1308409372965493,minimize,2.0881498842285153,True,none; fixed layout,undefined; nondominance is not a scalar winner rule,"[""7d2f9562656974ab19380b8c"",""5e45ef9d360b1a1929f5957a"",""ab3a6ec15f70b348505c2b9f""]"
60bca942c0f9c0806f39,a8cf33275ad484b2e4f6,cpu-readahead-control,damacy,batch-default,smooth4,random-1x256x256,local block storage,smooth4-lz4-64-16,65536,"[1,128,256]",lz4,16384,local-storage-traffic/output,2.4062655766805015,minimize,2.0398560653302242,False,none; fixed layout,undefined; nondominance is not a scalar winner rule,"[""2c03e05498c8ea7faab7d358"",""2a45e1fb44bea9ead7487355"",""34adde36273a380566c31e3c""]"
3f730553f5d2528deecd,162e68cd39aa67e0057d,cpu-nfs-local-spot,damacy,chunks256-default,smooth4,full-scan,local block storage,smooth4-zstd-512-512,524288,"[1,512,512]",zstd,524288,compression/output,1.970907362204299,maximize,22.097641226288726,True,no recorded winner; exploratory compression/output frontier over four encodings,undefined; nondominance is not a scalar winner rule,"[""baff1626686c2d522824d5fa"",""077aad28b305bd7acd55dfb4"",""ba96927cf48acbe76fbda465""]"
3f730553f5d2528deecd,68eee9f20d4d22aa363a,cpu-nfs-local-spot,damacy,chunks256-default,smooth4,full-scan,local block storage,smooth4-zstd-128-128,131072,"[1,256,256]",zstd,131072,compression/output,1.8644857768631582,maximize,20.053381017321485,False,no recorded winner; exploratory compression/output frontier over four encodings,undefined; nondominance is not a scalar winner rule,"[""a7c6e3f359dfba4d84ae4b4c"",""a6e7df55bcd3b9b569881a87"",""adb994453f4713efc6455ad4""]"
3f730553f5d2528deecd,6c8f0c9b4602f47eb0e8,cpu-nfs-local-spot,damacy,chunks256-default,smooth4,full-scan,local block storage,smooth4-zstd-32-32,32768,"[1,128,128]",zstd,32768,compression/output,1.8451430092694745,maximize,14.350636432559051,False,no recorded winner; exploratory compression/output frontier over four encodings,undefined; nondominance is not a scalar winner rule,"[""6f57acfe1f9bce34d4c704b9"",""4cd7aeb3d3de28bff4d38fdf"",""c8ea782e33db4a41ef137afa""]"
3f730553f5d2528deecd,acaea2bb30da36473cca,cpu-nfs-local-spot,damacy,chunks256-default,smooth4,full-scan,local block storage,smooth4-lz4-512-512,524288,"[1,512,512]",lz4,524288,compression/output,1.626606892779916,maximize,21.835788941681006,False,no recorded winner; exploratory compression/output frontier over four encodings,undefined; nondominance is not a scalar winner rule,"[""5ec082578570c3c7b8dd42c0"",""4dc0ceb418193b78f4223ef2"",""19ae804a5d650393abdaade1""]"
3f730553f5d2528deecd,162e68cd39aa67e0057d,cpu-nfs-local-spot,damacy,chunks256-default,smooth4,full-scan,local block storage,smooth4-zstd-512-512,524288,"[1,512,512]",zstd,524288,encoded-traffic/output,0.5073499975260347,minimize,22.097641226288726,True,no recorded winner; exploratory compression/output frontier over four encodings,undefined; nondominance is not a scalar winner rule,"[""baff1626686c2d522824d5fa"",""077aad28b305bd7acd55dfb4"",""ba96927cf48acbe76fbda465""]"
3f730553f5d2528deecd,68eee9f20d4d22aa363a,cpu-nfs-local-spot,damacy,chunks256-default,smooth4,full-scan,local block storage,smooth4-zstd-128-128,131072,"[1,256,256]",zstd,131072,encoded-traffic/output,0.5362188369035721,minimize,20.053381017321485,False,no recorded winner; exploratory compression/output frontier over four encodings,undefined; nondominance is not a scalar winner rule,"[""a7c6e3f359dfba4d84ae4b4c"",""a6e7df55bcd3b9b569881a87"",""adb994453f4713efc6455ad4""]"
3f730553f5d2528deecd,6c8f0c9b4602f47eb0e8,cpu-nfs-local-spot,damacy,chunks256-default,smooth4,full-scan,local block storage,smooth4-zstd-32-32,32768,"[1,128,128]",zstd,32768,encoded-traffic/output,0.5414751265197992,minimize,14.350636432559051,False,no recorded winner; exploratory compression/output frontier over four encodings,undefined; nondominance is not a scalar winner rule,"[""6f57acfe1f9bce34d4c704b9"",""4cd7aeb3d3de28bff4d38fdf"",""c8ea782e33db4a41ef137afa""]"
3f730553f5d2528deecd,acaea2bb30da36473cca,cpu-nfs-local-spot,damacy,chunks256-default,smooth4,full-scan,local block storage,smooth4-lz4-512-512,524288,"[1,512,512]",lz4,524288,encoded-traffic/output,0.6147461677901447,minimize,21.835788941681006,False,no recorded winner; exploratory compression/output frontier over four encodings,undefined; nondominance is not a scalar winner rule,"[""5ec082578570c3c7b8dd42c0"",""4dc0ceb418193b78f4223ef2"",""19ae804a5d650393abdaade1""]"
3f730553f5d2528deecd,162e68cd39aa67e0057d,cpu-nfs-local-spot,damacy,chunks256-default,smooth4,full-scan,local block storage,smooth4-zstd-512-512,524288,"[1,512,512]",zstd,524288,local-storage-traffic/output,0.5073826313018799,minimize,22.097641226288726,True,no recorded winner; exploratory compression/output frontier over four encodings,undefined; nondominance is not a scalar winner rule,"[""baff1626686c2d522824d5fa"",""077aad28b305bd7acd55dfb4"",""ba96927cf48acbe76fbda465""]"
3f730553f5d2528deecd,68eee9f20d4d22aa363a,cpu-nfs-local-spot,damacy,chunks256-default,smooth4,full-scan,local block storage,smooth4-zstd-128-128,131072,"[1,256,256]",zstd,131072,local-storage-traffic/output,0.5363426208496094,minimize,20.053381017321485,False,no recorded winner; exploratory compression/output frontier over four encodings,undefined; nondominance is not a scalar winner rule,"[""a7c6e3f359dfba4d84ae4b4c"",""a6e7df55bcd3b9b569881a87"",""adb994453f4713efc6455ad4""]"
3f730553f5d2528deecd,6c8f0c9b4602f47eb0e8,cpu-nfs-local-spot,damacy,chunks256-default,smooth4,full-scan,local block storage,smooth4-zstd-32-32,32768,"[1,128,128]",zstd,32768,local-storage-traffic/output,0.5419650077819824,minimize,14.350636432559051,False,no recorded winner; exploratory compression/output frontier over four encodings,undefined; nondominance is not a scalar winner rule,"[""6f57acfe1f9bce34d4c704b9"",""4cd7aeb3d3de28bff4d38fdf"",""c8ea782e33db4a41ef137afa""]"
3f730553f5d2528deecd,acaea2bb30da36473cca,cpu-nfs-local-spot,damacy,chunks256-default,smooth4,full-scan,local block storage,smooth4-lz4-512-512,524288,"[1,512,512]",lz4,524288,local-storage-traffic/output,0.6147785186767578,minimize,21.835788941681006,False,no recorded winner; exploratory compression/output frontier over four encodings,undefined; nondominance is not a scalar winner rule,"[""5ec082578570c3c7b8dd42c0"",""4dc0ceb418193b78f4223ef2"",""19ae804a5d650393abdaade1""]"
16cd3a040e91c9f61a64,1653f70b3669d97d985b,cpu-scheduling-paired,damacy,after,smooth4,aligned,local block storage,smooth4-lz4-64-16,65536,"[1,128,256]",lz4,16384,compression/output,1.5663428823641548,maximize,6.149694710766649,False,none; fixed layout,undefined; nondominance is not a scalar winner rule,"[""76325154966362e5f880b438"",""447e25d1f6f65cbc15ca83b2"",""14c304efe3a18e6214ea9632""]"
16cd3a040e91c9f61a64,b3578788371202abc588,cpu-scheduling-paired,damacy,after,smooth4,aligned,local block storage,smooth4-zstd-64-16,65536,"[1,128,256]",zstd,16384,compression/output,1.8309433434379625,maximize,6.393918409831251,True,none; fixed layout,undefined; nondominance is not a scalar winner rule,"[""d381b4bcf3e5241e228924b8"",""6c81a33095eaf009afcbd0d8"",""3aaf345875812099e2aaa0a3""]"
16cd3a040e91c9f61a64,1653f70b3669d97d985b,cpu-scheduling-paired,damacy,after,smooth4,aligned,local block storage,smooth4-lz4-64-16,65536,"[1,128,256]",lz4,16384,encoded-traffic/output,0.63779460452497,minimize,6.149694710766649,False,none; fixed layout,undefined; nondominance is not a scalar winner rule,"[""76325154966362e5f880b438"",""447e25d1f6f65cbc15ca83b2"",""14c304efe3a18e6214ea9632""]"
16cd3a040e91c9f61a64,b3578788371202abc588,cpu-scheduling-paired,damacy,after,smooth4,aligned,local block storage,smooth4-zstd-64-16,65536,"[1,128,256]",zstd,16384,encoded-traffic/output,0.5456047845073044,minimize,6.393918409831251,True,none; fixed layout,undefined; nondominance is not a scalar winner rule,"[""d381b4bcf3e5241e228924b8"",""6c81a33095eaf009afcbd0d8"",""3aaf345875812099e2aaa0a3""]"
16cd3a040e91c9f61a64,1653f70b3669d97d985b,cpu-scheduling-paired,damacy,after,smooth4,aligned,local block storage,smooth4-lz4-64-16,65536,"[1,128,256]",lz4,16384,local-storage-traffic/output,0.7327936887741089,minimize,6.149694710766649,False,none; fixed layout,undefined; nondominance is not a scalar winner rule,"[""76325154966362e5f880b438"",""447e25d1f6f65cbc15ca83b2"",""14c304efe3a18e6214ea9632""]"
16cd3a040e91c9f61a64,b3578788371202abc588,cpu-scheduling-paired,damacy,after,smooth4,aligned,local block storage,smooth4-zstd-64-16,65536,"[1,128,256]",zstd,16384,local-storage-traffic/output,0.6203718185424805,minimize,6.393918409831251,True,none; fixed layout,undefined; nondominance is not a scalar winner rule,"[""d381b4bcf3e5241e228924b8"",""6c81a33095eaf009afcbd0d8"",""3aaf345875812099e2aaa0a3""]"
61a6573b6265e3efede9,17c2ed44fb1c2f4e31e3,cpu-nfs-local-spot,tensorstore,tensorstore,smooth4,full-scan,NFS,smooth4-zstd-512-512,524288,"[1,512,512]",zstd,524288,compression/output,1.970907362204299,maximize,8.717645730755935,True,no recorded winner; exploratory compression/output frontier over four encodings,undefined; nondominance is not a scalar winner rule,"[""371972d665271678cb3347bd"",""f85a3edc887576edf509164c"",""95bda482d3ca23453429d614""]"
61a6573b6265e3efede9,6d367713976c55123810,cpu-nfs-local-spot,tensorstore,tensorstore,smooth4,full-scan,NFS,smooth4-zstd-32-32,32768,"[1,128,128]",zstd,32768,compression/output,1.8451430092694745,maximize,6.704972117830468,False,no recorded winner; exploratory compression/output frontier over four encodings,undefined; nondominance is not a scalar winner rule,"[""33ae483377720c3c1607bbe9"",""df3fd9e763152f1d9e2e9114"",""c3976ee025f83ca188f20d74""]"
61a6573b6265e3efede9,94a515f84c0130f1232d,cpu-nfs-local-spot,tensorstore,tensorstore,smooth4,full-scan,NFS,smooth4-lz4-512-512,524288,"[1,512,512]",lz4,524288,compression/output,1.626606892779916,maximize,7.5093974526055,False,no recorded winner; exploratory compression/output frontier over four encodings,undefined; nondominance is not a scalar winner rule,"[""1786ecce1d8fb228213fa23a"",""43a21da1216be495215f1ef3"",""7c74cdbb6f655233932bab61""]"
61a6573b6265e3efede9,a4d021bba2407b6bdbe0,cpu-nfs-local-spot,tensorstore,tensorstore,smooth4,full-scan,NFS,smooth4-zstd-128-128,131072,"[1,256,256]",zstd,131072,compression/output,1.8644857768631582,maximize,6.955410614508835,False,no recorded winner; exploratory compression/output frontier over four encodings,undefined; nondominance is not a scalar winner rule,"[""0420075058af67a435dbcaee"",""c091b2a5f47abdc829619423"",""423be1e58e6f57e8cf1bb255""]"
26c6b410061d58a3bda5,1837639dd821dcbc7785,cpu-small-chunks,tensorstore,tensorstore,smooth4,full-scan,local block storage,smooth4-zstd-32-16,32768,"[1,128,128]",zstd,16384,compression/output,1.8366829025162181,maximize,8.567692056629987,True,maximize compression and output throughput; original traffic frontier retained separately,undefined; nondominance is not a scalar winner rule,"[""1863e1a32fdea85e756e86fd"",""08d91bb7771f3499b0624a58"",""6ff2f0accbbaf227dee5e457""]"
26c6b410061d58a3bda5,518e87715a8d4f4ebd3a,cpu-small-chunks,tensorstore,tensorstore,smooth4,full-scan,local block storage,smooth4-lz4-16-16,16384,"[1,64,128]",lz4,16384,compression/output,1.570198337802875,maximize,4.962697402772585,False,maximize compression and output throughput; original traffic frontier retained separately,undefined; nondominance is not a scalar winner rule,"[""e72083de90fb8a5a59c54ae6"",""9ca5117d5cfcfa15f4b0bb0f"",""e5e57dd23bed0518ca9a11c5""]"
26c6b410061d58a3bda5,599f58740de174de1632,cpu-small-chunks,tensorstore,tensorstore,smooth4,full-scan,local block storage,smooth4-zstd-64-16,65536,"[1,128,256]",zstd,16384,compression/output,1.8309433434379625,maximize,10.487161993827895,True,maximize compression and output throughput; original traffic frontier retained separately,undefined; nondominance is not a scalar winner rule,"[""3b12b1e0084b3f43a0b80aea"",""b2e8ec9ea942860af085532b"",""6491c6195282de8abb7d7836""]"
26c6b410061d58a3bda5,6eb002f6882aaa5c4062,cpu-small-chunks,tensorstore,tensorstore,smooth4,full-scan,local block storage,smooth4-zstd-128-16,131072,"[1,256,256]",zstd,16384,compression/output,1.8317621551383316,maximize,10.350832788136119,True,maximize compression and output throughput; original traffic frontier retained separately,undefined; nondominance is not a scalar winner rule,"[""b42ee03df35296d52dae6e7d"",""a3f6c3943622ea3b16f671c0"",""ba63dadb462ca8751d3428a8""]"
26c6b410061d58a3bda5,8273ac868d346a584e29,cpu-small-chunks,tensorstore,tensorstore,smooth4,full-scan,local block storage,smooth4-lz4-128-16,131072,"[1,256,256]",lz4,16384,compression/output,1.5669420934469545,maximize,10.755862906295807,True,maximize compression and output throughput; original traffic frontier retained separately,undefined; nondominance is not a scalar winner rule,"[""742e095cafd4b33d60e050ca"",""29a448128e913e75e4edac50"",""ace4609d2eede6dddfa065e7""]"
26c6b410061d58a3bda5,bca944d2da8e1fcbc52d,cpu-small-chunks,tensorstore,tensorstore,smooth4,full-scan,local block storage,smooth4-lz4-64-16,65536,"[1,128,256]",lz4,16384,compression/output,1.5663428823641548,maximize,10.01728152323285,False,maximize compression and output throughput; original traffic frontier retained separately,undefined; nondominance is not a scalar winner rule,"[""ef7d440803fb3d1dfdf1f74e"",""4e8386dedfbc6891b1350645"",""b3ed67e1b71271e68e89b7ff""]"
26c6b410061d58a3bda5,bf83fad371573ba0b24c,cpu-small-chunks,tensorstore,tensorstore,smooth4,full-scan,local block storage,smooth4-zstd-16-16,16384,"[1,64,128]",zstd,16384,compression/output,1.8333944608562351,maximize,4.883686162259403,False,maximize compression and output throughput; original traffic frontier retained separately,undefined; nondominance is not a scalar winner rule,"[""bc8a26a6006a1881270904a2"",""957cddc0f0cfc6e4b3616059"",""906074252ad0a758deba1bf6""]"
26c6b410061d58a3bda5,effcb261992d4dfdfb45,cpu-small-chunks,tensorstore,tensorstore,smooth4,full-scan,local block storage,smooth4-lz4-32-16,32768,"[1,128,128]",lz4,16384,compression/output,1.572609772618283,maximize,8.900190946640945,False,maximize compression and output throughput; original traffic frontier retained separately,undefined; nondominance is not a scalar winner rule,"[""94dd3b92849b6cd17e8479c8"",""8d32271f7d03f82c898f25e4"",""b07c8aac3f5f99c21b07c9ee""]"
26c6b410061d58a3bda5,1837639dd821dcbc7785,cpu-small-chunks,tensorstore,tensorstore,smooth4,full-scan,local block storage,smooth4-zstd-32-16,32768,"[1,128,128]",zstd,16384,local-storage-traffic/output,0.544461727142334,minimize,8.567692056629987,True,maximize compression and output throughput; original traffic frontier retained separately,undefined; nondominance is not a scalar winner rule,"[""1863e1a32fdea85e756e86fd"",""08d91bb7771f3499b0624a58"",""6ff2f0accbbaf227dee5e457""]"
26c6b410061d58a3bda5,518e87715a8d4f4ebd3a,cpu-small-chunks,tensorstore,tensorstore,smooth4,full-scan,local block storage,smooth4-lz4-16-16,16384,"[1,64,128]",lz4,16384,local-storage-traffic/output,0.636809229850769,minimize,4.962697402772585,False,maximize compression and output throughput; original traffic frontier retained separately,undefined; nondominance is not a scalar winner rule,"[""e72083de90fb8a5a59c54ae6"",""9ca5117d5cfcfa15f4b0bb0f"",""e5e57dd23bed0518ca9a11c5""]"
26c6b410061d58a3bda5,599f58740de174de1632,cpu-small-chunks,tensorstore,tensorstore,smooth4,full-scan,local block storage,smooth4-zstd-64-16,65536,"[1,128,256]",zstd,16384,local-storage-traffic/output,0.5461571216583252,minimize,10.487161993827895,True,maximize compression and output throughput; original traffic frontier retained separately,undefined; nondominance is not a scalar winner rule,"[""3b12b1e0084b3f43a0b80aea"",""b2e8ec9ea942860af085532b"",""6491c6195282de8abb7d7836""]"
26c6b410061d58a3bda5,6eb002f6882aaa5c4062,cpu-small-chunks,tensorstore,tensorstore,smooth4,full-scan,local block storage,smooth4-zstd-128-16,131072,"[1,256,256]",zstd,16384,local-storage-traffic/output,0.5459167957305908,minimize,10.350832788136119,True,maximize compression and output throughput; original traffic frontier retained separately,undefined; nondominance is not a scalar winner rule,"[""b42ee03df35296d52dae6e7d"",""a3f6c3943622ea3b16f671c0"",""ba63dadb462ca8751d3428a8""]"
26c6b410061d58a3bda5,8273ac868d346a584e29,cpu-small-chunks,tensorstore,tensorstore,smooth4,full-scan,local block storage,smooth4-lz4-128-16,131072,"[1,256,256]",lz4,16384,local-storage-traffic/output,0.6381721496582031,minimize,10.755862906295807,True,maximize compression and output throughput; original traffic frontier retained separately,undefined; nondominance is not a scalar winner rule,"[""742e095cafd4b33d60e050ca"",""29a448128e913e75e4edac50"",""ace4609d2eede6dddfa065e7""]"
26c6b410061d58a3bda5,bca944d2da8e1fcbc52d,cpu-small-chunks,tensorstore,tensorstore,smooth4,full-scan,local block storage,smooth4-lz4-64-16,65536,"[1,128,256]",lz4,16384,local-storage-traffic/output,0.6383756399154663,minimize,10.01728152323285,False,maximize compression and output throughput; original traffic frontier retained separately,undefined; nondominance is not a scalar winner rule,"[""ef7d440803fb3d1dfdf1f74e"",""4e8386dedfbc6891b1350645"",""b3ed67e1b71271e68e89b7ff""]"
26c6b410061d58a3bda5,bf83fad371573ba0b24c,cpu-small-chunks,tensorstore,tensorstore,smooth4,full-scan,local block storage,smooth4-zstd-16-16,16384,"[1,64,128]",zstd,16384,local-storage-traffic/output,0.5453565120697021,minimize,4.883686162259403,False,maximize compression and output throughput; original traffic frontier retained separately,undefined; nondominance is not a scalar winner rule,"[""bc8a26a6006a1881270904a2"",""957cddc0f0cfc6e4b3616059"",""906074252ad0a758deba1bf6""]"
26c6b410061d58a3bda5,effcb261992d4dfdfb45,cpu-small-chunks,tensorstore,tensorstore,smooth4,full-scan,local block storage,smooth4-lz4-32-16,32768,"[1,128,128]",lz4,16384,local-storage-traffic/output,0.6358433564503988,minimize,8.900190946640945,False,maximize compression and output throughput; original traffic frontier retained separately,undefined; nondominance is not a scalar winner rule,"[""94dd3b92849b6cd17e8479c8"",""8d32271f7d03f82c898f25e4"",""b07c8aac3f5f99c21b07c9ee""]"
d2bc1fa86a5a9497c420,18edad9bf900a633629a,cpu-buffer-control,damacy,chunks128-random,smooth4,random-1x256x256,local block storage,smooth4-lz4-64-16,65536,"[1,128,256]",lz4,16384,compression/output,1.5663428823641548,maximize,2.966204016464885,False,none; fixed layout,undefined; nondominance is not a scalar winner rule,"[""61ca8964e7a49697590c5e9c"",""995a3e8dcdbca92463f390f8"",""fa7a4f260caeb0a1eae06c69""]"
d2bc1fa86a5a9497c420,ad0fb4b9e2aa3b5bb7fc,cpu-buffer-control,damacy,chunks128-random,smooth4,random-1x256x256,local block storage,smooth4-zstd-64-16,65536,"[1,128,256]",zstd,16384,compression/output,1.8309433434379625,maximize,3.26257467294582,True,none; fixed layout,undefined; nondominance is not a scalar winner rule,"[""f58cc3e0b276cafd662d826c"",""ef815292ff353ed94445e822"",""ba49f550f2cf1916504789c0""]"
d2bc1fa86a5a9497c420,18edad9bf900a633629a,cpu-buffer-control,damacy,chunks128-random,smooth4,random-1x256x256,local block storage,smooth4-lz4-64-16,65536,"[1,128,256]",lz4,16384,encoded-traffic/output,1.9021935942582786,minimize,2.966204016464885,False,none; fixed layout,undefined; nondominance is not a scalar winner rule,"[""61ca8964e7a49697590c5e9c"",""995a3e8dcdbca92463f390f8"",""fa7a4f260caeb0a1eae06c69""]"
d2bc1fa86a5a9497c420,ad0fb4b9e2aa3b5bb7fc,cpu-buffer-control,damacy,chunks128-random,smooth4,random-1x256x256,local block storage,smooth4-zstd-64-16,65536,"[1,128,256]",zstd,16384,encoded-traffic/output,1.627149775158614,minimize,3.26257467294582,True,none; fixed layout,undefined; nondominance is not a scalar winner rule,"[""f58cc3e0b276cafd662d826c"",""ef815292ff353ed94445e822"",""ba49f550f2cf1916504789c0""]"
d2bc1fa86a5a9497c420,18edad9bf900a633629a,cpu-buffer-control,damacy,chunks128-random,smooth4,random-1x256x256,local block storage,smooth4-lz4-64-16,65536,"[1,128,256]",lz4,16384,local-storage-traffic/output,1.629842758178711,minimize,2.966204016464885,False,none; fixed layout,undefined; nondominance is not a scalar winner rule,"[""61ca8964e7a49697590c5e9c"",""995a3e8dcdbca92463f390f8"",""fa7a4f260caeb0a1eae06c69""]"
d2bc1fa86a5a9497c420,ad0fb4b9e2aa3b5bb7fc,cpu-buffer-control,damacy,chunks128-random,smooth4,random-1x256x256,local block storage,smooth4-zstd-64-16,65536,"[1,128,256]",zstd,16384,local-storage-traffic/output,1.4038677215576172,minimize,3.26257467294582,True,none; fixed layout,undefined; nondominance is not a scalar winner rule,"[""f58cc3e0b276cafd662d826c"",""ef815292ff353ed94445e822"",""ba49f550f2cf1916504789c0""]"
3eac91077031ee6361df,18f3d550a435612a5772,cpu-nfs-local-spot,damacy,chunks256-random,smooth4,full-scan,local block storage,smooth4-zstd-512-512,524288,"[1,512,512]",zstd,524288,compression/output,1.970907362204299,maximize,27.094203949423598,True,no recorded winner; exploratory compression/output frontier over four encodings,undefined; nondominance is not a scalar winner rule,"[""8c13fb251f5b420b06d08177"",""09ed70e7fb438e712c0fe0df"",""6bffa1d31c8432dd01502faa""]"
3eac91077031ee6361df,3bab90bb50f4364495f4,cpu-nfs-local-spot,damacy,chunks256-random,smooth4,full-scan,local block storage,smooth4-zstd-32-32,32768,"[1,128,128]",zstd,32768,compression/output,1.8451430092694745,maximize,11.078408935514947,False,no recorded winner; exploratory compression/output frontier over four encodings,undefined; nondominance is not a scalar winner rule,"[""dc2bfbdf7cf393dc1f9e9643"",""eccc839a7f202b083c7db853"",""cbfe71f8b486a005224c8b8c""]"
3eac91077031ee6361df,774c401366f9498e1ba5,cpu-nfs-local-spot,damacy,chunks256-random,smooth4,full-scan,local block storage,smooth4-lz4-512-512,524288,"[1,512,512]",lz4,524288,compression/output,1.626606892779916,maximize,24.30912491620834,False,no recorded winner; exploratory compression/output frontier over four encodings,undefined; nondominance is not a scalar winner rule,"[""bc63316d9a28b17a9a42b375"",""fb7028a3a1e2eca7f3303d54"",""873a58dbfc8bb717bb7b3b0c""]"
3eac91077031ee6361df,7ed4aec77a93d0052e81,cpu-nfs-local-spot,damacy,chunks256-random,smooth4,full-scan,local block storage,smooth4-zstd-128-128,131072,"[1,256,256]",zstd,131072,compression/output,1.8644857768631582,maximize,22.071794688989886,False,no recorded winner; exploratory compression/output frontier over four encodings,undefined; nondominance is not a scalar winner rule,"[""7fb8d9d4dee9e5df2740a1ce"",""4d323f2e91dc357b3591bc7d"",""1ec0750890cb6054dd2dbdcb""]"
3eac91077031ee6361df,18f3d550a435612a5772,cpu-nfs-local-spot,damacy,chunks256-random,smooth4,full-scan,local block storage,smooth4-zstd-512-512,524288,"[1,512,512]",zstd,524288,encoded-traffic/output,0.5073499975260347,minimize,27.094203949423598,True,no recorded winner; exploratory compression/output frontier over four encodings,undefined; nondominance is not a scalar winner rule,"[""8c13fb251f5b420b06d08177"",""09ed70e7fb438e712c0fe0df"",""6bffa1d31c8432dd01502faa""]"
3eac91077031ee6361df,3bab90bb50f4364495f4,cpu-nfs-local-spot,damacy,chunks256-random,smooth4,full-scan,local block storage,smooth4-zstd-32-32,32768,"[1,128,128]",zstd,32768,encoded-traffic/output,0.5414751265197992,minimize,11.078408935514947,False,no recorded winner; exploratory compression/output frontier over four encodings,undefined; nondominance is not a scalar winner rule,"[""dc2bfbdf7cf393dc1f9e9643"",""eccc839a7f202b083c7db853"",""cbfe71f8b486a005224c8b8c""]"
3eac91077031ee6361df,774c401366f9498e1ba5,cpu-nfs-local-spot,damacy,chunks256-random,smooth4,full-scan,local block storage,smooth4-lz4-512-512,524288,"[1,512,512]",lz4,524288,encoded-traffic/output,0.6147461677901447,minimize,24.30912491620834,False,no recorded winner; exploratory compression/output frontier over four encodings,undefined; nondominance is not a scalar winner rule,"[""bc63316d9a28b17a9a42b375"",""fb7028a3a1e2eca7f3303d54"",""873a58dbfc8bb717bb7b3b0c""]"
3eac91077031ee6361df,7ed4aec77a93d0052e81,cpu-nfs-local-spot,damacy,chunks256-random,smooth4,full-scan,local block storage,smooth4-zstd-128-128,131072,"[1,256,256]",zstd,131072,encoded-traffic/output,0.5362188369035721,minimize,22.071794688989886,False,no recorded winner; exploratory compression/output frontier over four encodings,undefined; nondominance is not a scalar winner rule,"[""7fb8d9d4dee9e5df2740a1ce"",""4d323f2e91dc357b3591bc7d"",""1ec0750890cb6054dd2dbdcb""]"
3eac91077031ee6361df,18f3d550a435612a5772,cpu-nfs-local-spot,damacy,chunks256-random,smooth4,full-scan,local block storage,smooth4-zstd-512-512,524288,"[1,512,512]",zstd,524288,local-storage-traffic/output,0.5073521137237549,minimize,27.094203949423598,True,no recorded winner; exploratory compression/output frontier over four encodings,undefined; nondominance is not a scalar winner rule,"[""8c13fb251f5b420b06d08177"",""09ed70e7fb438e712c0fe0df"",""6bffa1d31c8432dd01502faa""]"
3eac91077031ee6361df,3bab90bb50f4364495f4,cpu-nfs-local-spot,damacy,chunks256-random,smooth4,full-scan,local block storage,smooth4-zstd-32-32,32768,"[1,128,128]",zstd,32768,local-storage-traffic/output,0.5414767265319824,minimize,11.078408935514947,False,no recorded winner; exploratory compression/output frontier over four encodings,undefined; nondominance is not a scalar winner rule,"[""dc2bfbdf7cf393dc1f9e9643"",""eccc839a7f202b083c7db853"",""cbfe71f8b486a005224c8b8c""]"
3eac91077031ee6361df,774c401366f9498e1ba5,cpu-nfs-local-spot,damacy,chunks256-random,smooth4,full-scan,local block storage,smooth4-lz4-512-512,524288,"[1,512,512]",lz4,524288,local-storage-traffic/output,0.6147480010986328,minimize,24.30912491620834,False,no recorded winner; exploratory compression/output frontier over four encodings,undefined; nondominance is not a scalar winner rule,"[""bc63316d9a28b17a9a42b375"",""fb7028a3a1e2eca7f3303d54"",""873a58dbfc8bb717bb7b3b0c""]"
3eac91077031ee6361df,7ed4aec77a93d0052e81,cpu-nfs-local-spot,damacy,chunks256-random,smooth4,full-scan,local block storage,smooth4-zstd-128-128,131072,"[1,256,256]",zstd,131072,local-storage-traffic/output,0.5362205505371094,minimize,22.071794688989886,False,no recorded winner; exploratory compression/output frontier over four encodings,undefined; nondominance is not a scalar winner rule,"[""7fb8d9d4dee9e5df2740a1ce"",""4d323f2e91dc357b3591bc7d"",""1ec0750890cb6054dd2dbdcb""]"
79be288a84e3b41efc2a,1961abe2fb8514b31338,cpu-scheduling-paired,damacy,before,smooth4,random-1x256x256,local block storage,smooth4-lz4-64-16,65536,"[1,128,256]",lz4,16384,compression/output,1.5663428823641548,maximize,4.883857195187145,True,none; fixed layout,undefined; nondominance is not a scalar winner rule,"[""db0b09e5a994737d894612bf"",""4e623f09cab92191d970b95b"",""0c23391e0b7c18055ded9ac5""]"
79be288a84e3b41efc2a,ae4471743b5c4fc5b310,cpu-scheduling-paired,damacy,before,smooth4,random-1x256x256,local block storage,smooth4-zstd-64-16,65536,"[1,128,256]",zstd,16384,compression/output,1.8309433434379625,maximize,4.413391285941943,True,none; fixed layout,undefined; nondominance is not a scalar winner rule,"[""6607bafa52090323e408b1e5"",""9bf4ed0542c71950abe5af70"",""291b7c1d688a5cb6961ef66e""]"
79be288a84e3b41efc2a,1961abe2fb8514b31338,cpu-scheduling-paired,damacy,before,smooth4,random-1x256x256,local block storage,smooth4-lz4-64-16,65536,"[1,128,256]",lz4,16384,encoded-traffic/output,1.9021935942582786,minimize,4.883857195187145,True,none; fixed layout,undefined; nondominance is not a scalar winner rule,"[""db0b09e5a994737d894612bf"",""4e623f09cab92191d970b95b"",""0c23391e0b7c18055ded9ac5""]"
79be288a84e3b41efc2a,ae4471743b5c4fc5b310,cpu-scheduling-paired,damacy,before,smooth4,random-1x256x256,local block storage,smooth4-zstd-64-16,65536,"[1,128,256]",zstd,16384,encoded-traffic/output,1.627149775158614,minimize,4.413391285941943,True,none; fixed layout,undefined; nondominance is not a scalar winner rule,"[""6607bafa52090323e408b1e5"",""9bf4ed0542c71950abe5af70"",""291b7c1d688a5cb6961ef66e""]"
79be288a84e3b41efc2a,1961abe2fb8514b31338,cpu-scheduling-paired,damacy,before,smooth4,random-1x256x256,local block storage,smooth4-lz4-64-16,65536,"[1,128,256]",lz4,16384,local-storage-traffic/output,0.0,minimize,4.883857195187145,True,none; fixed layout,undefined; nondominance is not a scalar winner rule,"[""db0b09e5a994737d894612bf"",""4e623f09cab92191d970b95b"",""0c23391e0b7c18055ded9ac5""]"
79be288a84e3b41efc2a,ae4471743b5c4fc5b310,cpu-scheduling-paired,damacy,before,smooth4,random-1x256x256,local block storage,smooth4-zstd-64-16,65536,"[1,128,256]",zstd,16384,local-storage-traffic/output,0.0,minimize,4.413391285941943,False,none; fixed layout,undefined; nondominance is not a scalar winner rule,"[""6607bafa52090323e408b1e5"",""9bf4ed0542c71950abe5af70"",""291b7c1d688a5cb6961ef66e""]"
d845df774bc1b431edec,198d3fd79c5f09cbc376,cpu-chunk-blocks,damacy,chunks256-default,smooth4,random-1x256x256,local block storage,smooth4-lz4-128-16,131072,"[1,256,256]",lz4,16384,compression/output,1.5669420934469545,maximize,3.338837969317557,False,maximize compression and output throughput,undefined; nondominance is not a scalar winner rule,"[""1e7fbdaf551d71fde75a3fdc"",""b7b27190fc42796ce7ba3f24"",""de564ba7db265cc324c49d78""]"
d845df774bc1b431edec,2193347a8b3e0be524a7,cpu-chunk-blocks,damacy,chunks256-default,smooth4,random-1x256x256,local block storage,smooth4-lz4-512-16,524288,"[1,512,512]",lz4,16384,compression/output,1.5666306456387868,maximize,3.132266171530596,False,maximize compression and output throughput,undefined; nondominance is not a scalar winner rule,"[""6527cafaf52a99358ac72d50"",""c965c47cd3f9210de96d00e2"",""1afb6b055d19e8e9abe278b2""]"
d845df774bc1b431edec,2a13137721cac8de5b63,cpu-chunk-blocks,damacy,chunks256-default,smooth4,random-1x256x256,local block storage,smooth4-zstd-512-16,524288,"[1,512,512]",zstd,16384,compression/output,1.8294478975980146,maximize,2.6627178727855276,False,maximize compression and output throughput,undefined; nondominance is not a scalar winner rule,"[""d52bac319892b0fd954d734f"",""df84b077c9ef7950c4bc7ed8"",""8332f9f2060e5dfe25155b0a""]"
d845df774bc1b431edec,3292cced38420d3b410b,cpu-chunk-blocks,damacy,chunks256-default,smooth4,random-1x256x256,local block storage,smooth4-zstd-128-128,131072,"[1,256,256]",zstd,131072,compression/output,1.8644857768631582,maximize,3.619893573671275,True,maximize compression and output throughput,undefined; nondominance is not a scalar winner rule,"[""ade249f72f0da77e78b5dd89"",""ba9f6066441b737e45693e73"",""4c867f26bdc941ca3220f2c8""]"
d845df774bc1b431edec,37a973ead319ba8f91d1,cpu-chunk-blocks,damacy,chunks256-default,smooth4,random-1x256x256,local block storage,smooth4-lz4-128-64,131072,"[1,256,256]",lz4,65536,compression/output,1.6005883232081666,maximize,3.435674326011809,False,maximize compression and output throughput,undefined; nondominance is not a scalar winner rule,"[""8880169d5ddb32ca86c94ac5"",""cb09eb7d426ac9f4bdaf5a42"",""757503a64a48e9ed1431f777""]"
d845df774bc1b431edec,50e7544feb9c1c6c3d87,cpu-chunk-blocks,damacy,chunks256-default,smooth4,random-1x256x256,local block storage,smooth4-lz4-32-4,32768,"[1,128,128]",lz4,4096,compression/output,1.5216670305492115,maximize,3.1777482926486442,False,maximize compression and output throughput,undefined; nondominance is not a scalar winner rule,"[""9775fdfc095f5e4045822185"",""4e7b0ae1da8f4c1f3cd3b8fc"",""721f35e8e41f7c4d2d5329d4""]"
d845df774bc1b431edec,56b2c472f82a51b90065,cpu-chunk-blocks,damacy,chunks256-default,smooth4,random-1x256x256,local block storage,smooth4-zstd-128-64,131072,"[1,256,256]",zstd,65536,compression/output,1.85368967938808,maximize,3.6461391390988416,True,maximize compression and output throughput,undefined; nondominance is not a scalar winner rule,"[""0ebe4300494591e85dd2c23d"",""4c280d6df315fbbe822a8405"",""ea9611016fa0cccac06b2842""]"
d845df774bc1b431edec,5ba76a18ff3be3a30151,cpu-chunk-blocks,damacy,chunks256-default,smooth4,random-1x256x256,local block storage,smooth4-zstd-32-16,32768,"[1,128,128]",zstd,16384,compression/output,1.8366829025162181,maximize,3.597022514346559,False,maximize compression and output throughput,undefined; nondominance is not a scalar winner rule,"[""5fe74e760d25edbf8ce3ec4d"",""03354bce62ced4c0388d2e3f"",""298a194b17f897d39ac67ce0""]"
d845df774bc1b431edec,750acc902fa991aa7dc2,cpu-chunk-blocks,damacy,chunks256-default,smooth4,random-1x256x256,local block storage,smooth4-lz4-512-64,524288,"[1,512,512]",lz4,65536,compression/output,1.5980931987208997,maximize,3.1476673042616428,False,maximize compression and output throughput,undefined; nondominance is not a scalar winner rule,"[""e35bee6fbae86449d05c6d0c"",""b0590aa8728d8271627c326f"",""180bf20cab6fb3f64dba818f""]"
d845df774bc1b431edec,78fa6fc4debadc5e1994,cpu-chunk-blocks,damacy,chunks256-default,smooth4,random-1x256x256,local block storage,smooth4-lz4-128-128,131072,"[1,256,256]",lz4,131072,compression/output,1.6017382552426165,maximize,3.3698734015883525,False,maximize compression and output throughput,undefined; nondominance is not a scalar winner rule,"[""4a8dd85ade15e404e59052e3"",""95380fb31ea9ad9f5a09e349"",""8d0c8aea04090df2543f902b""]"
d845df774bc1b431edec,86f1e51510ee5393af3f,cpu-chunk-blocks,damacy,chunks256-default,smooth4,random-1x256x256,local block storage,smooth4-lz4-32-32,32768,"[1,128,128]",lz4,32768,compression/output,1.5856470833576932,maximize,3.2824628488947263,False,maximize compression and output throughput,undefined; nondominance is not a scalar winner rule,"[""9585e548c09f4aaf1da04471"",""18b80209ccaf96614aba9107"",""159d99f8dbfa09b48cadce30""]"
d845df774bc1b431edec,9e2d99661304e0ce6fe2,cpu-chunk-blocks,damacy,chunks256-default,smooth4,random-1x256x256,local block storage,smooth4-zstd-32-32,32768,"[1,128,128]",zstd,32768,compression/output,1.8451430092694745,maximize,3.653426328975041,True,maximize compression and output throughput,undefined; nondominance is not a scalar winner rule,"[""90901f85400e4268ac86661f"",""1bf2e671f37473ebaabe7bf1"",""4e1b99908404396efcd292e7""]"
d845df774bc1b431edec,a179fa8c48a2f22b3e79,cpu-chunk-blocks,damacy,chunks256-default,smooth4,random-1x256x256,local block storage,smooth4-lz4-512-512,524288,"[1,512,512]",lz4,524288,compression/output,1.626606892779916,maximize,3.1646295047547905,False,maximize compression and output throughput,undefined; nondominance is not a scalar winner rule,"[""fc094d291fa6fafa8ad0b158"",""20801fa2dea4cb4bfcdcc9e6"",""b0db1cc58486bf65d76d16df""]"
d845df774bc1b431edec,aa2d8c3ef06830505819,cpu-chunk-blocks,damacy,chunks256-default,smooth4,random-1x256x256,local block storage,smooth4-zstd-512-64,524288,"[1,512,512]",zstd,65536,compression/output,1.8505648607554412,maximize,2.7829815032230663,False,maximize compression and output throughput,undefined; nondominance is not a scalar winner rule,"[""1d450b05a1eadabfaa9dc861"",""6be66dd28c5687dfa7add316"",""4277f97e4c6624c16c12702f""]"
d845df774bc1b431edec,cf1687c100df52857ab1,cpu-chunk-blocks,damacy,chunks256-default,smooth4,random-1x256x256,local block storage,smooth4-lz4-512-256,524288,"[1,512,512]",lz4,262144,compression/output,1.6167072291075084,maximize,3.137293107147139,False,maximize compression and output throughput,undefined; nondominance is not a scalar winner rule,"[""506d76fd59bac2ce7a754889"",""b96667577a4da0d44756cc7e"",""43b341a7717fe0ddaa3ca4ba""]"
d845df774bc1b431edec,cfa768eb7726f8f2a1e2,cpu-chunk-blocks,damacy,chunks256-default,smooth4,random-1x256x256,local block storage,smooth4-zstd-512-512,524288,"[1,512,512]",zstd,524288,compression/output,1.970907362204299,maximize,3.030353248322117,True,maximize compression and output throughput,undefined; nondominance is not a scalar winner rule,"[""dcd9823b563e34d8c5729499"",""a7e9a660fc29cc7c3c87e4fa"",""2fb017f434a016e8e37d6420""]"
d845df774bc1b431edec,e8e046b88cc3db501693,cpu-chunk-blocks,damacy,chunks256-default,smooth4,random-1x256x256,local block storage,smooth4-zstd-32-4,32768,"[1,128,128]",zstd,4096,compression/output,1.7797988160289273,maximize,3.5325883373538547,False,maximize compression and output throughput,undefined; nondominance is not a scalar winner rule,"[""d285ae99221d612317020647"",""6f55fbd2a504ccae7cfbc5e7"",""17b49dfa368403113ebc1908""]"
d845df774bc1b431edec,f1e18a6089200fb87725,cpu-chunk-blocks,damacy,chunks256-default,smooth4,random-1x256x256,local block storage,smooth4-lz4-32-16,32768,"[1,128,128]",lz4,16384,compression/output,1.572609772618283,maximize,3.2841768251717824,False,maximize compression and output throughput,undefined; nondominance is not a scalar winner rule,"[""6b0c0c79273408d9733d2f81"",""c7d1dddeaddb7fd2b1bd8e17"",""ab3fd9667a459c9f6a509378""]"
d845df774bc1b431edec,f4c051b49f511a6bfa39,cpu-chunk-blocks,damacy,chunks256-default,smooth4,random-1x256x256,local block storage,smooth4-zstd-128-16,131072,"[1,256,256]",zstd,16384,compression/output,1.8317621551383316,maximize,3.6121389697849247,False,maximize compression and output throughput,undefined; nondominance is not a scalar winner rule,"[""e064dac02dc124d7d0f0de2e"",""3a162f70d9af430728076cb2"",""f82cde7b92e163885862bce5""]"
d845df774bc1b431edec,f8c76cd0b067301a7943,cpu-chunk-blocks,damacy,chunks256-default,smooth4,random-1x256x256,local block storage,smooth4-zstd-512-256,524288,"[1,512,512]",zstd,262144,compression/output,1.8823881322928948,maximize,2.902611380856856,False,maximize compression and output throughput,undefined; nondominance is not a scalar winner rule,"[""667f3c64aa6b78d834d83b0e"",""d5582c09ec7ac7aa34840826"",""6082ad8a14eeb13e16efac54""]"
d845df774bc1b431edec,198d3fd79c5f09cbc376,cpu-chunk-blocks,damacy,chunks256-default,smooth4,random-1x256x256,local block storage,smooth4-lz4-128-16,131072,"[1,256,256]",lz4,16384,encoded-traffic/output,2.5364576554857194,minimize,3.338837969317557,False,maximize compression and output throughput,undefined; nondominance is not a scalar winner rule,"[""1e7fbdaf551d71fde75a3fdc"",""b7b27190fc42796ce7ba3f24"",""de564ba7db265cc324c49d78""]"
d845df774bc1b431edec,2193347a8b3e0be524a7,cpu-chunk-blocks,damacy,chunks256-default,smooth4,random-1x256x256,local block storage,smooth4-lz4-512-16,524288,"[1,512,512]",lz4,16384,encoded-traffic/output,5.382872144691646,minimize,3.132266171530596,False,maximize compression and output throughput,undefined; nondominance is not a scalar winner rule,"[""6527cafaf52a99358ac72d50"",""c965c47cd3f9210de96d00e2"",""1afb6b055d19e8e9abe278b2""]"
d845df774bc1b431edec,2a13137721cac8de5b63,cpu-chunk-blocks,damacy,chunks256-default,smooth4,random-1x256x256,local block storage,smooth4-zstd-512-16,524288,"[1,512,512]",zstd,16384,encoded-traffic/output,4.609554402064532,minimize,2.6627178727855276,False,maximize compression and output throughput,undefined; nondominance is not a scalar winner rule,"[""d52bac319892b0fd954d734f"",""df84b077c9ef7950c4bc7ed8"",""8332f9f2060e5dfe25155b0a""]"
d845df774bc1b431edec,3292cced38420d3b410b,cpu-chunk-blocks,damacy,chunks256-default,smooth4,random-1x256x256,local block storage,smooth4-zstd-128-128,131072,"[1,256,256]",zstd,131072,encoded-traffic/output,2.1317356233485043,minimize,3.619893573671275,False,maximize compression and output throughput,undefined; nondominance is not a scalar winner rule,"[""ade249f72f0da77e78b5dd89"",""ba9f6066441b737e45693e73"",""4c867f26bdc941ca3220f2c8""]"
d845df774bc1b431edec,37a973ead319ba8f91d1,cpu-chunk-blocks,damacy,chunks256-default,smooth4,random-1x256x256,local block storage,smooth4-lz4-128-64,131072,"[1,256,256]",lz4,65536,encoded-traffic/output,2.483110681641847,minimize,3.435674326011809,False,maximize compression and output throughput,undefined; nondominance is not a scalar winner rule,"[""8880169d5ddb32ca86c94ac5"",""cb09eb7d426ac9f4bdaf5a42"",""757503a64a48e9ed1431f777""]"
d845df774bc1b431edec,50e7544feb9c1c6c3d87,cpu-chunk-blocks,damacy,chunks256-default,smooth4,random-1x256x256,local block storage,smooth4-lz4-32-4,32768,"[1,128,128]",lz4,4096,encoded-traffic/output,1.4678072398528457,minimize,3.1777482926486442,False,maximize compression and output throughput,undefined; nondominance is not a scalar winner rule,"[""9775fdfc095f5e4045822185"",""4e7b0ae1da8f4c1f3cd3b8fc"",""721f35e8e41f7c4d2d5329d4""]"
d845df774bc1b431edec,56b2c472f82a51b90065,cpu-chunk-blocks,damacy,chunks256-default,smooth4,random-1x256x256,local block storage,smooth4-zstd-128-64,131072,"[1,256,256]",zstd,65536,encoded-traffic/output,2.1439790544100106,minimize,3.6461391390988416,False,maximize compression and output throughput,undefined; nondominance is not a scalar winner rule,"[""0ebe4300494591e85dd2c23d"",""4c280d6df315fbbe822a8405"",""ea9611016fa0cccac06b2842""]"
d845df774bc1b431edec,5ba76a18ff3be3a30151,cpu-chunk-blocks,damacy,chunks256-default,smooth4,random-1x256x256,local block storage,smooth4-zstd-32-16,32768,"[1,128,128]",zstd,16384,encoded-traffic/output,1.215849784668535,minimize,3.597022514346559,False,maximize compression and output throughput,undefined; nondominance is not a scalar winner rule,"[""5fe74e760d25edbf8ce3ec4d"",""03354bce62ced4c0388d2e3f"",""298a194b17f897d39ac67ce0""]"
d845df774bc1b431edec,750acc902fa991aa7dc2,cpu-chunk-blocks,damacy,chunks256-default,smooth4,random-1x256x256,local block storage,smooth4-lz4-512-64,524288,"[1,512,512]",lz4,65536,encoded-traffic/output,5.2768407124094665,minimize,3.1476673042616428,False,maximize compression and output throughput,undefined; nondominance is not a scalar winner rule,"[""e35bee6fbae86449d05c6d0c"",""b0590aa8728d8271627c326f"",""180bf20cab6fb3f64dba818f""]"
d845df774bc1b431edec,78fa6fc4debadc5e1994,cpu-chunk-blocks,damacy,chunks256-default,smooth4,random-1x256x256,local block storage,smooth4-lz4-128-128,131072,"[1,256,256]",lz4,131072,encoded-traffic/output,2.4813294243067503,minimize,3.3698734015883525,False,maximize compression and output throughput,undefined; nondominance is not a scalar winner rule,"[""4a8dd85ade15e404e59052e3"",""95380fb31ea9ad9f5a09e349"",""8d0c8aea04090df2543f902b""]"
d845df774bc1b431edec,86f1e51510ee5393af3f,cpu-chunk-blocks,damacy,chunks256-default,smooth4,random-1x256x256,local block storage,smooth4-lz4-32-32,32768,"[1,128,128]",lz4,32768,encoded-traffic/output,1.4085280168801546,minimize,3.2824628488947263,False,maximize compression and output throughput,undefined; nondominance is not a scalar winner rule,"[""9585e548c09f4aaf1da04471"",""18b80209ccaf96614aba9107"",""159d99f8dbfa09b48cadce30""]"
d845df774bc1b431edec,9e2d99661304e0ce6fe2,cpu-chunk-blocks,damacy,chunks256-default,smooth4,random-1x256x256,local block storage,smooth4-zstd-32-32,32768,"[1,128,128]",zstd,32768,encoded-traffic/output,1.2103052278980613,minimize,3.653426328975041,True,maximize compression and output throughput,undefined; nondominance is not a scalar winner rule,"[""90901f85400e4268ac86661f"",""1bf2e671f37473ebaabe7bf1"",""4e1b99908404396efcd292e7""]"
d845df774bc1b431edec,a179fa8c48a2f22b3e79,cpu-chunk-blocks,damacy,chunks256-default,smooth4,random-1x256x256,local block storage,smooth4-lz4-512-512,524288,"[1,512,512]",lz4,524288,encoded-traffic/output,5.184270983561873,minimize,3.1646295047547905,False,maximize compression and output throughput,undefined; nondominance is not a scalar winner rule,"[""fc094d291fa6fafa8ad0b158"",""20801fa2dea4cb4bfcdcc9e6"",""b0db1cc58486bf65d76d16df""]"
d845df774bc1b431edec,aa2d8c3ef06830505819,cpu-chunk-blocks,damacy,chunks256-default,smooth4,random-1x256x256,local block storage,smooth4-zstd-512-64,524288,"[1,512,512]",zstd,65536,encoded-traffic/output,4.556887169368565,minimize,2.7829815032230663,False,maximize compression and output throughput,undefined; nondominance is not a scalar winner rule,"[""1d450b05a1eadabfaa9dc861"",""6be66dd28c5687dfa7add316"",""4277f97e4c6624c16c12702f""]"
d845df774bc1b431edec,cf1687c100df52857ab1,cpu-chunk-blocks,damacy,chunks256-default,smooth4,random-1x256x256,local block storage,smooth4-lz4-512-256,524288,"[1,512,512]",lz4,262144,encoded-traffic/output,5.216113526374102,minimize,3.137293107147139,False,maximize compression and output throughput,undefined; nondominance is not a scalar winner rule,"[""506d76fd59bac2ce7a754889"",""b96667577a4da0d44756cc7e"",""43b341a7717fe0ddaa3ca4ba""]"
d845df774bc1b431edec,cfa768eb7726f8f2a1e2,cpu-chunk-blocks,damacy,chunks256-default,smooth4,random-1x256x256,local block storage,smooth4-zstd-512-512,524288,"[1,512,512]",zstd,524288,encoded-traffic/output,4.278482188936323,minimize,3.030353248322117,False,maximize compression and output throughput,undefined; nondominance is not a scalar winner rule,"[""dcd9823b563e34d8c5729499"",""a7e9a660fc29cc7c3c87e4fa"",""2fb017f434a016e8e37d6420""]"
d845df774bc1b431edec,e8e046b88cc3db501693,cpu-chunk-blocks,damacy,chunks256-default,smooth4,random-1x256x256,local block storage,smooth4-zstd-32-4,32768,"[1,128,128]",zstd,4096,encoded-traffic/output,1.2547480915673077,minimize,3.5325883373538547,False,maximize compression and output throughput,undefined; nondominance is not a scalar winner rule,"[""d285ae99221d612317020647"",""6f55fbd2a504ccae7cfbc5e7"",""17b49dfa368403113ebc1908""]"
d845df774bc1b431edec,f1e18a6089200fb87725,cpu-chunk-blocks,damacy,chunks256-default,smooth4,random-1x256x256,local block storage,smooth4-lz4-32-16,32768,"[1,128,128]",lz4,16384,encoded-traffic/output,1.4202150963246822,minimize,3.2841768251717824,False,maximize compression and output throughput,undefined; nondominance is not a scalar winner rule,"[""6b0c0c79273408d9733d2f81"",""c7d1dddeaddb7fd2b1bd8e17"",""ab3fd9667a459c9f6a509378""]"
d845df774bc1b431edec,f4c051b49f511a6bfa39,cpu-chunk-blocks,damacy,chunks256-default,smooth4,random-1x256x256,local block storage,smooth4-zstd-128-16,131072,"[1,256,256]",zstd,16384,encoded-traffic/output,2.1697093159891665,minimize,3.6121389697849247,False,maximize compression and output throughput,undefined; nondominance is not a scalar winner rule,"[""e064dac02dc124d7d0f0de2e"",""3a162f70d9af430728076cb2"",""f82cde7b92e163885862bce5""]"
d845df774bc1b431edec,f8c76cd0b067301a7943,cpu-chunk-blocks,damacy,chunks256-default,smooth4,random-1x256x256,local block storage,smooth4-zstd-512-256,524288,"[1,512,512]",zstd,262144,encoded-traffic/output,4.479818214196712,minimize,2.902611380856856,False,maximize compression and output throughput,undefined; nondominance is not a scalar winner rule,"[""667f3c64aa6b78d834d83b0e"",""d5582c09ec7ac7aa34840826"",""6082ad8a14eeb13e16efac54""]"
d845df774bc1b431edec,198d3fd79c5f09cbc376,cpu-chunk-blocks,damacy,chunks256-default,smooth4,random-1x256x256,local block storage,smooth4-lz4-128-16,131072,"[1,256,256]",lz4,16384,local-storage-traffic/output,2.9679563310411243,minimize,3.338837969317557,False,maximize compression and output throughput,undefined; nondominance is not a scalar winner rule,"[""1e7fbdaf551d71fde75a3fdc"",""b7b27190fc42796ce7ba3f24"",""de564ba7db265cc324c49d78""]"
d845df774bc1b431edec,2193347a8b3e0be524a7,cpu-chunk-blocks,damacy,chunks256-default,smooth4,random-1x256x256,local block storage,smooth4-lz4-512-16,524288,"[1,512,512]",lz4,16384,local-storage-traffic/output,4.24690842628479,minimize,3.132266171530596,False,maximize compression and output throughput,undefined; nondominance is not a scalar winner rule,"[""6527cafaf52a99358ac72d50"",""c965c47cd3f9210de96d00e2"",""1afb6b055d19e8e9abe278b2""]"
d845df774bc1b431edec,2a13137721cac8de5b63,cpu-chunk-blocks,damacy,chunks256-default,smooth4,random-1x256x256,local block storage,smooth4-zstd-512-16,524288,"[1,512,512]",zstd,16384,local-storage-traffic/output,3.645841326032366,minimize,2.6627178727855276,False,maximize compression and output throughput,undefined; nondominance is not a scalar winner rule,"[""d52bac319892b0fd954d734f"",""df84b077c9ef7950c4bc7ed8"",""8332f9f2060e5dfe25155b0a""]"
d845df774bc1b431edec,3292cced38420d3b410b,cpu-chunk-blocks,damacy,chunks256-default,smooth4,random-1x256x256,local block storage,smooth4-zstd-128-128,131072,"[1,256,256]",zstd,131072,local-storage-traffic/output,2.5438249588012694,minimize,3.619893573671275,False,maximize compression and output throughput,undefined; nondominance is not a scalar winner rule,"[""ade249f72f0da77e78b5dd89"",""ba9f6066441b737e45693e73"",""4c867f26bdc941ca3220f2c8""]"
d845df774bc1b431edec,37a973ead319ba8f91d1,cpu-chunk-blocks,damacy,chunks256-default,smooth4,random-1x256x256,local block storage,smooth4-lz4-128-64,131072,"[1,256,256]",lz4,65536,local-storage-traffic/output,2.9227152930365667,minimize,3.435674326011809,False,maximize compression and output throughput,undefined; nondominance is not a scalar winner rule,"[""8880169d5ddb32ca86c94ac5"",""cb09eb7d426ac9f4bdaf5a42"",""757503a64a48e9ed1431f777""]"
d845df774bc1b431edec,50e7544feb9c1c6c3d87,cpu-chunk-blocks,damacy,chunks256-default,smooth4,random-1x256x256,local block storage,smooth4-lz4-32-4,32768,"[1,128,128]",lz4,4096,local-storage-traffic/output,1.7939693927764893,minimize,3.1777482926486442,False,maximize compression and output throughput,undefined; nondominance is not a scalar winner rule,"[""9775fdfc095f5e4045822185"",""4e7b0ae1da8f4c1f3cd3b8fc"",""721f35e8e41f7c4d2d5329d4""]"
d845df774bc1b431edec,56b2c472f82a51b90065,cpu-chunk-blocks,damacy,chunks256-default,smooth4,random-1x256x256,local block storage,smooth4-zstd-128-64,131072,"[1,256,256]",zstd,65536,local-storage-traffic/output,2.5627372741699217,minimize,3.6461391390988416,False,maximize compression and output throughput,undefined; nondominance is not a scalar winner rule,"[""0ebe4300494591e85dd2c23d"",""4c280d6df315fbbe822a8405"",""ea9611016fa0cccac06b2842""]"
d845df774bc1b431edec,5ba76a18ff3be3a30151,cpu-chunk-blocks,damacy,chunks256-default,smooth4,random-1x256x256,local block storage,smooth4-zstd-32-16,32768,"[1,128,128]",zstd,16384,local-storage-traffic/output,1.5547882080078126,minimize,3.597022514346559,False,maximize compression and output throughput,undefined; nondominance is not a scalar winner rule,"[""5fe74e760d25edbf8ce3ec4d"",""03354bce62ced4c0388d2e3f"",""298a194b17f897d39ac67ce0""]"
d845df774bc1b431edec,750acc902fa991aa7dc2,cpu-chunk-blocks,damacy,chunks256-default,smooth4,random-1x256x256,local block storage,smooth4-lz4-512-64,524288,"[1,512,512]",lz4,65536,local-storage-traffic/output,4.138288497924805,minimize,3.1476673042616428,False,maximize compression and output throughput,undefined; nondominance is not a scalar winner rule,"[""e35bee6fbae86449d05c6d0c"",""b0590aa8728d8271627c326f"",""180bf20cab6fb3f64dba818f""]"
d845df774bc1b431edec,78fa6fc4debadc5e1994,cpu-chunk-blocks,damacy,chunks256-default,smooth4,random-1x256x256,local block storage,smooth4-lz4-128-128,131072,"[1,256,256]",lz4,131072,local-storage-traffic/output,2.9288726382785373,minimize,3.3698734015883525,False,maximize compression and output throughput,undefined; nondominance is not a scalar winner rule,"[""4a8dd85ade15e404e59052e3"",""95380fb31ea9ad9f5a09e349"",""8d0c8aea04090df2543f902b""]"
d845df774bc1b431edec,86f1e51510ee5393af3f,cpu-chunk-blocks,damacy,chunks256-default,smooth4,random-1x256x256,local block storage,smooth4-lz4-32-32,32768,"[1,128,128]",lz4,32768,local-storage-traffic/output,1.7211218939887152,minimize,3.2824628488947263,False,maximize compression and output throughput,undefined; nondominance is not a scalar winner rule,"[""9585e548c09f4aaf1da04471"",""18b80209ccaf96614aba9107"",""159d99f8dbfa09b48cadce30""]"
d845df774bc1b431edec,9e2d99661304e0ce6fe2,cpu-chunk-blocks,damacy,chunks256-default,smooth4,random-1x256x256,local block storage,smooth4-zstd-32-32,32768,"[1,128,128]",zstd,32768,local-storage-traffic/output,1.5390127182006836,minimize,3.653426328975041,True,maximize compression and output throughput,undefined; nondominance is not a scalar winner rule,"[""90901f85400e4268ac86661f"",""1bf2e671f37473ebaabe7bf1"",""4e1b99908404396efcd292e7""]"
d845df774bc1b431edec,a179fa8c48a2f22b3e79,cpu-chunk-blocks,damacy,chunks256-default,smooth4,random-1x256x256,local block storage,smooth4-lz4-512-512,524288,"[1,512,512]",lz4,524288,local-storage-traffic/output,4.069912910461426,minimize,3.1646295047547905,False,maximize compression and output throughput,undefined; nondominance is not a scalar winner rule,"[""fc094d291fa6fafa8ad0b158"",""20801fa2dea4cb4bfcdcc9e6"",""b0db1cc58486bf65d76d16df""]"
d845df774bc1b431edec,aa2d8c3ef06830505819,cpu-chunk-blocks,damacy,chunks256-default,smooth4,random-1x256x256,local block storage,smooth4-zstd-512-64,524288,"[1,512,512]",zstd,65536,local-storage-traffic/output,3.592107500348772,minimize,2.7829815032230663,False,maximize compression and output throughput,undefined; nondominance is not a scalar winner rule,"[""1d450b05a1eadabfaa9dc861"",""6be66dd28c5687dfa7add316"",""4277f97e4c6624c16c12702f""]"
d845df774bc1b431edec,cf1687c100df52857ab1,cpu-chunk-blocks,damacy,chunks256-default,smooth4,random-1x256x256,local block storage,smooth4-lz4-512-256,524288,"[1,512,512]",lz4,262144,local-storage-traffic/output,4.082309246063232,minimize,3.137293107147139,False,maximize compression and output throughput,undefined; nondominance is not a scalar winner rule,"[""506d76fd59bac2ce7a754889"",""b96667577a4da0d44756cc7e"",""43b341a7717fe0ddaa3ca4ba""]"
d845df774bc1b431edec,cfa768eb7726f8f2a1e2,cpu-chunk-blocks,damacy,chunks256-default,smooth4,random-1x256x256,local block storage,smooth4-zstd-512-512,524288,"[1,512,512]",zstd,524288,local-storage-traffic/output,3.3949811458587646,minimize,3.030353248322117,False,maximize compression and output throughput,undefined; nondominance is not a scalar winner rule,"[""dcd9823b563e34d8c5729499"",""a7e9a660fc29cc7c3c87e4fa"",""2fb017f434a016e8e37d6420""]"
d845df774bc1b431edec,e8e046b88cc3db501693,cpu-chunk-blocks,damacy,chunks256-default,smooth4,random-1x256x256,local block storage,smooth4-zstd-32-4,32768,"[1,128,128]",zstd,4096,local-storage-traffic/output,1.578414069281684,minimize,3.5325883373538547,False,maximize compression and output throughput,undefined; nondominance is not a scalar winner rule,"[""d285ae99221d612317020647"",""6f55fbd2a504ccae7cfbc5e7"",""17b49dfa368403113ebc1908""]"
d845df774bc1b431edec,f1e18a6089200fb87725,cpu-chunk-blocks,damacy,chunks256-default,smooth4,random-1x256x256,local block storage,smooth4-lz4-32-16,32768,"[1,128,128]",lz4,16384,local-storage-traffic/output,1.7596155802408855,minimize,3.2841768251717824,False,maximize compression and output throughput,undefined; nondominance is not a scalar winner rule,"[""6b0c0c79273408d9733d2f81"",""c7d1dddeaddb7fd2b1bd8e17"",""ab3fd9667a459c9f6a509378""]"
d845df774bc1b431edec,f4c051b49f511a6bfa39,cpu-chunk-blocks,damacy,chunks256-default,smooth4,random-1x256x256,local block storage,smooth4-zstd-128-16,131072,"[1,256,256]",zstd,16384,local-storage-traffic/output,2.6132969326443143,minimize,3.6121389697849247,False,maximize compression and output throughput,undefined; nondominance is not a scalar winner rule,"[""e064dac02dc124d7d0f0de2e"",""3a162f70d9af430728076cb2"",""f82cde7b92e163885862bce5""]"
d845df774bc1b431edec,f8c76cd0b067301a7943,cpu-chunk-blocks,damacy,chunks256-default,smooth4,random-1x256x256,local block storage,smooth4-zstd-512-256,524288,"[1,512,512]",zstd,262144,local-storage-traffic/output,3.5619242191314697,minimize,2.902611380856856,False,maximize compression and output throughput,undefined; nondominance is not a scalar winner rule,"[""667f3c64aa6b78d834d83b0e"",""d5582c09ec7ac7aa34840826"",""6082ad8a14eeb13e16efac54""]"
c097ba8e49ee39685783,1b3b9d05b40dcfabfc7e,pr160-warm-random-crops,damacy,damacy,random12,random-1x256x256,local block storage,random12-lz4-16-16,16384,"[1,64,128]",lz4,16384,compression/output,1.3188445768380552,maximize,2.57854342151716,False,minimize encoded/useful bytes and maximize useful throughput,undefined; nondominance is not a scalar winner rule,"[""75815ac24a37dfd5987d4ea0"",""81d2b42ca235ed610ccfe57f"",""db5b516e6a62d69aeaa0e2c7"",""611cd49896d21d4b35cf6e3b"",""95f9f98894af60b039720e31""]"
c097ba8e49ee39685783,3e81f3ff61f1ad06fb4c,pr160-warm-random-crops,damacy,damacy,random12,random-1x256x256,local block storage,random12-zstd-1024-16,1048576,"[8,256,256]",zstd,16384,compression/output,1.3287369985455217,maximize,2.752302417367322,True,minimize encoded/useful bytes and maximize useful throughput,undefined; nondominance is not a scalar winner rule,"[""62347662ad3ad59c7644bc9c"",""5db6dc32746de3e19e661f5d"",""0490aeff931e34a59c45685d"",""7e4698ab926954b070a266ee"",""1ff34fed1c802e7869b1e63e""]"
c097ba8e49ee39685783,5db286016536560bf12a,pr160-warm-random-crops,damacy,damacy,random12,random-1x256x256,local block storage,random12-zstd-16-16,16384,"[1,64,128]",zstd,16384,compression/output,1.3253511793173984,maximize,3.043590529468409,False,minimize encoded/useful bytes and maximize useful throughput,undefined; nondominance is not a scalar winner rule,"[""442ac6051c20fd1b9c949a1f"",""8c2125ec6433bf0cdeeec5a6"",""42cf7d2431716a5139e52d4e"",""3e5c8e90a940c2fbee4012b9"",""cf5613cd30b318b14453472c""]"
c097ba8e49ee39685783,a1f1e4f3021f1fd5cff4,pr160-warm-random-crops,damacy,damacy,random12,random-1x256x256,local block storage,random12-lz4-256-16,262144,"[2,256,256]",lz4,16384,compression/output,1.322037086504447,maximize,5.488567511341932,False,minimize encoded/useful bytes and maximize useful throughput,undefined; nondominance is not a scalar winner rule,"[""517ede78001da7c51bccca86"",""535514696bb94669922e5366"",""3c267122031b641346a0c6a4"",""c9424bffa044292534b88804"",""78a0dadb4e877ba2a9a5f04a""]"
c097ba8e49ee39685783,c34371921a8d5345d0e4,pr160-warm-random-crops,damacy,damacy,random12,random-1x256x256,local block storage,random12-zstd-256-16,262144,"[2,256,256]",zstd,16384,compression/output,1.3285753780077916,maximize,4.615076138226998,True,minimize encoded/useful bytes and maximize useful throughput,undefined; nondominance is not a scalar winner rule,"[""28c5add4cf97999242deddca"",""31dc7d4fae8f7147612afb42"",""ed30c4e93aeee5822b0b5262"",""e909e6b4fc5fe3a0866dd8c7"",""577104c4da0fc648e2cd7401""]"
c097ba8e49ee39685783,cdee4fb9137244fa76f1,pr160-warm-random-crops,damacy,damacy,random12,random-1x256x256,local block storage,random12-lz4-64-16,65536,"[1,128,256]",lz4,16384,compression/output,1.3213973393284457,maximize,5.381446797225053,False,minimize encoded/useful bytes and maximize useful throughput,undefined; nondominance is not a scalar winner rule,"[""862d905e514d9fd2b8559e55"",""1d5aceaf65929a8a393fb82f"",""2199f5058b1104a96f8a9677"",""83bea9e63d8d87f5fe8fdd91"",""07dc9f1e68cd6867a5be09f7""]"
c097ba8e49ee39685783,d619e5a2365dbe0c677e,pr160-warm-random-crops,damacy,damacy,random12,random-1x256x256,local block storage,random12-zstd-64-16,65536,"[1,128,256]",zstd,16384,compression/output,1.3279292888390097,maximize,6.005013255919161,True,minimize encoded/useful bytes and maximize useful throughput,undefined; nondominance is not a scalar winner rule,"[""315a5e06cdec065374592e05"",""937212b11b98577cb2ac22f5"",""cf07e48a0deb82db2d9badc2"",""f94350a8e62235338d2fdeea"",""a47be50d81b71ccf3c461cd9""]"
c097ba8e49ee39685783,eeeefbfcb7b1c31ae873,pr160-warm-random-crops,damacy,damacy,random12,random-1x256x256,local block storage,random12-lz4-1024-16,1048576,"[8,256,256]",lz4,16384,compression/output,1.322197120100801,maximize,2.6292439495716513,False,minimize encoded/useful bytes and maximize useful throughput,undefined; nondominance is not a scalar winner rule,"[""b00d2765ca58d53e378505da"",""abb3eaff34f6f6d307fb1d75"",""0bad8b6d90a14dedc55f5de9"",""f6034841669e0003202080f7"",""0b655f5298f7e137f71326d2""]"
c097ba8e49ee39685783,1b3b9d05b40dcfabfc7e,pr160-warm-random-crops,damacy,damacy,random12,random-1x256x256,local block storage,random12-lz4-16-16,16384,"[1,64,128]",lz4,16384,encoded-traffic/output,1.402905335649848,minimize,2.57854342151716,False,minimize encoded/useful bytes and maximize useful throughput,undefined; nondominance is not a scalar winner rule,"[""75815ac24a37dfd5987d4ea0"",""81d2b42ca235ed610ccfe57f"",""db5b516e6a62d69aeaa0e2c7"",""611cd49896d21d4b35cf6e3b"",""95f9f98894af60b039720e31""]"
c097ba8e49ee39685783,3e81f3ff61f1ad06fb4c,pr160-warm-random-crops,damacy,damacy,random12,random-1x256x256,local block storage,random12-zstd-1024-16,1048576,"[8,256,256]",zstd,16384,encoded-traffic/output,22.249590633437037,minimize,2.752302417367322,False,minimize encoded/useful bytes and maximize useful throughput,undefined; nondominance is not a scalar winner rule,"[""62347662ad3ad59c7644bc9c"",""5db6dc32746de3e19e661f5d"",""0490aeff931e34a59c45685d"",""7e4698ab926954b070a266ee"",""1ff34fed1c802e7869b1e63e""]"
c097ba8e49ee39685783,5db286016536560bf12a,pr160-warm-random-crops,damacy,damacy,random12,random-1x256x256,local block storage,random12-zstd-16-16,16384,"[1,64,128]",zstd,16384,encoded-traffic/output,1.396009150892496,minimize,3.043590529468409,True,minimize encoded/useful bytes and maximize useful throughput,undefined; nondominance is not a scalar winner rule,"[""442ac6051c20fd1b9c949a1f"",""8c2125ec6433bf0cdeeec5a6"",""42cf7d2431716a5139e52d4e"",""3e5c8e90a940c2fbee4012b9"",""cf5613cd30b318b14453472c""]"
c097ba8e49ee39685783,a1f1e4f3021f1fd5cff4,pr160-warm-random-crops,damacy,damacy,random12,random-1x256x256,local block storage,random12-lz4-256-16,262144,"[2,256,256]",lz4,16384,encoded-traffic/output,5.906748287379742,minimize,5.488567511341932,False,minimize encoded/useful bytes and maximize useful throughput,undefined; nondominance is not a scalar winner rule,"[""517ede78001da7c51bccca86"",""535514696bb94669922e5366"",""3c267122031b641346a0c6a4"",""c9424bffa044292534b88804"",""78a0dadb4e877ba2a9a5f04a""]"
c097ba8e49ee39685783,c34371921a8d5345d0e4,pr160-warm-random-crops,damacy,damacy,random12,random-1x256x256,local block storage,random12-zstd-256-16,262144,"[2,256,256]",zstd,16384,encoded-traffic/output,5.877677276730537,minimize,4.615076138226998,False,minimize encoded/useful bytes and maximize useful throughput,undefined; nondominance is not a scalar winner rule,"[""28c5add4cf97999242deddca"",""31dc7d4fae8f7147612afb42"",""ed30c4e93aeee5822b0b5262"",""e909e6b4fc5fe3a0866dd8c7"",""577104c4da0fc648e2cd7401""]"
c097ba8e49ee39685783,cdee4fb9137244fa76f1,pr160-warm-random-crops,damacy,damacy,random12,random-1x256x256,local block storage,random12-lz4-64-16,65536,"[1,128,256]",lz4,16384,encoded-traffic/output,2.2388390488922596,minimize,5.381446797225053,False,minimize encoded/useful bytes and maximize useful throughput,undefined; nondominance is not a scalar winner rule,"[""862d905e514d9fd2b8559e55"",""1d5aceaf65929a8a393fb82f"",""2199f5058b1104a96f8a9677"",""83bea9e63d8d87f5fe8fdd91"",""07dc9f1e68cd6867a5be09f7""]"
c097ba8e49ee39685783,d619e5a2365dbe0c677e,pr160-warm-random-crops,damacy,damacy,random12,random-1x256x256,local block storage,random12-zstd-64-16,65536,"[1,128,256]",zstd,16384,encoded-traffic/output,2.2278230376541615,minimize,6.005013255919161,True,minimize encoded/useful bytes and maximize useful throughput,undefined; nondominance is not a scalar winner rule,"[""315a5e06cdec065374592e05"",""937212b11b98577cb2ac22f5"",""cf07e48a0deb82db2d9badc2"",""f94350a8e62235338d2fdeea"",""a47be50d81b71ccf3c461cd9""]"
c097ba8e49ee39685783,eeeefbfcb7b1c31ae873,pr160-warm-random-crops,damacy,damacy,random12,random-1x256x256,local block storage,random12-lz4-1024-16,1048576,"[8,256,256]",lz4,16384,encoded-traffic/output,22.359643898904324,minimize,2.6292439495716513,False,minimize encoded/useful bytes and maximize useful throughput,undefined; nondominance is not a scalar winner rule,"[""b00d2765ca58d53e378505da"",""abb3eaff34f6f6d307fb1d75"",""0bad8b6d90a14dedc55f5de9"",""f6034841669e0003202080f7"",""0b655f5298f7e137f71326d2""]"
9577427ed99ded0e5478,1c4df2f07e0cd306aded,cpu-small-chunks,damacy,chunks256-random,smooth4,random-1x256x256,local block storage,smooth4-lz4-64-16,65536,"[1,128,256]",lz4,16384,compression/output,1.5663428823641548,maximize,2.9570443711351304,False,maximize compression and output throughput; original traffic frontier retained separately,undefined; nondominance is not a scalar winner rule,"[""a72a5b30022aa467c3c531e9"",""b3484e415ceb6eff1bab4c3b"",""506b47991216b6616a4131a4""]"
9577427ed99ded0e5478,5d116a373f6e8a3da675,cpu-small-chunks,damacy,chunks256-random,smooth4,random-1x256x256,local block storage,smooth4-lz4-128-16,131072,"[1,256,256]",lz4,16384,compression/output,1.5669420934469545,maximize,3.2896316431875516,False,maximize compression and output throughput; original traffic frontier retained separately,undefined; nondominance is not a scalar winner rule,"[""6fe1d38c81a242a6c365459a"",""e8b31bf112be53db87a9448c"",""f62731f7fc71a5ba4e54677f""]"
9577427ed99ded0e5478,6107d0ef007c625a3731,cpu-small-chunks,damacy,chunks256-random,smooth4,random-1x256x256,local block storage,smooth4-zstd-32-16,32768,"[1,128,128]",zstd,16384,compression/output,1.8366829025162181,maximize,3.9322356744163263,True,maximize compression and output throughput; original traffic frontier retained separately,undefined; nondominance is not a scalar winner rule,"[""4ae5a4da3e5e32941b547579"",""806a9d912c736620ec3e5244"",""0ab5af6c633b366caa37c837""]"
9577427ed99ded0e5478,7570ff4d4cc287bd501d,cpu-small-chunks,damacy,chunks256-random,smooth4,random-1x256x256,local block storage,smooth4-zstd-16-16,16384,"[1,64,128]",zstd,16384,compression/output,1.8333944608562351,maximize,3.871399624138299,False,maximize compression and output throughput; original traffic frontier retained separately,undefined; nondominance is not a scalar winner rule,"[""b2cc4577ad9765ecca08b0f0"",""91d0833c9d6782728787e62a"",""49542856c45b6443772fb8c9""]"
9577427ed99ded0e5478,ac019b78cdf5a2e01fdc,cpu-small-chunks,damacy,chunks256-random,smooth4,random-1x256x256,local block storage,smooth4-zstd-128-16,131072,"[1,256,256]",zstd,16384,compression/output,1.8317621551383316,maximize,3.500600013025718,False,maximize compression and output throughput; original traffic frontier retained separately,undefined; nondominance is not a scalar winner rule,"[""7a044b224c6a6b07ce94595c"",""1b570242ad5ff574e62834f9"",""450e51486de6c5117b105e83""]"
9577427ed99ded0e5478,f6decb78377080b06ebd,cpu-small-chunks,damacy,chunks256-random,smooth4,random-1x256x256,local block storage,smooth4-zstd-64-16,65536,"[1,128,256]",zstd,16384,compression/output,1.8309433434379625,maximize,3.221722040313703,False,maximize compression and output throughput; original traffic frontier retained separately,undefined; nondominance is not a scalar winner rule,"[""1dee2c9513f8bde53845985d"",""16ec380bff0b984ea309464d"",""fb28d3b41398986e789633d1""]"
9577427ed99ded0e5478,f6e2ea5aed2285ec3735,cpu-small-chunks,damacy,chunks256-random,smooth4,random-1x256x256,local block storage,smooth4-lz4-16-16,16384,"[1,64,128]",lz4,16384,compression/output,1.570198337802875,maximize,3.5826611679345013,False,maximize compression and output throughput; original traffic frontier retained separately,undefined; nondominance is not a scalar winner rule,"[""3e260836346efb5c2efaf7ce"",""412dcb32c368c281757de079"",""e767899d754bc514689a0f52""]"
9577427ed99ded0e5478,f845e1f2c98f2e5c6a30,cpu-small-chunks,damacy,chunks256-random,smooth4,random-1x256x256,local block storage,smooth4-lz4-32-16,32768,"[1,128,128]",lz4,16384,compression/output,1.572609772618283,maximize,3.465460275739863,False,maximize compression and output throughput; original traffic frontier retained separately,undefined; nondominance is not a scalar winner rule,"[""f6cea3c7638569e57fb24649"",""39e83e4f3995628ce6a5772b"",""230dd002fa991f61121cd520""]"
9577427ed99ded0e5478,1c4df2f07e0cd306aded,cpu-small-chunks,damacy,chunks256-random,smooth4,random-1x256x256,local block storage,smooth4-lz4-64-16,65536,"[1,128,256]",lz4,16384,encoded-traffic/output,1.9021935942582786,minimize,2.9570443711351304,False,maximize compression and output throughput; original traffic frontier retained separately,undefined; nondominance is not a scalar winner rule,"[""a72a5b30022aa467c3c531e9"",""b3484e415ceb6eff1bab4c3b"",""506b47991216b6616a4131a4""]"
9577427ed99ded0e5478,5d116a373f6e8a3da675,cpu-small-chunks,damacy,chunks256-random,smooth4,random-1x256x256,local block storage,smooth4-lz4-128-16,131072,"[1,256,256]",lz4,16384,encoded-traffic/output,2.5364576554857194,minimize,3.2896316431875516,False,maximize compression and output throughput; original traffic frontier retained separately,undefined; nondominance is not a scalar winner rule,"[""6fe1d38c81a242a6c365459a"",""e8b31bf112be53db87a9448c"",""f62731f7fc71a5ba4e54677f""]"
9577427ed99ded0e5478,6107d0ef007c625a3731,cpu-small-chunks,damacy,chunks256-random,smooth4,random-1x256x256,local block storage,smooth4-zstd-32-16,32768,"[1,128,128]",zstd,16384,encoded-traffic/output,1.215849784668535,minimize,3.9322356744163263,True,maximize compression and output throughput; original traffic frontier retained separately,undefined; nondominance is not a scalar winner rule,"[""4ae5a4da3e5e32941b547579"",""806a9d912c736620ec3e5244"",""0ab5af6c633b366caa37c837""]"
9577427ed99ded0e5478,7570ff4d4cc287bd501d,cpu-small-chunks,damacy,chunks256-random,smooth4,random-1x256x256,local block storage,smooth4-zstd-16-16,16384,"[1,64,128]",zstd,16384,encoded-traffic/output,1.0136786745861173,minimize,3.871399624138299,True,maximize compression and output throughput; original traffic frontier retained separately,undefined; nondominance is not a scalar winner rule,"[""b2cc4577ad9765ecca08b0f0"",""91d0833c9d6782728787e62a"",""49542856c45b6443772fb8c9""]"
9577427ed99ded0e5478,ac019b78cdf5a2e01fdc,cpu-small-chunks,damacy,chunks256-random,smooth4,random-1x256x256,local block storage,smooth4-zstd-128-16,131072,"[1,256,256]",zstd,16384,encoded-traffic/output,2.1697093159891665,minimize,3.500600013025718,False,maximize compression and output throughput; original traffic frontier retained separately,undefined; nondominance is not a scalar winner rule,"[""7a044b224c6a6b07ce94595c"",""1b570242ad5ff574e62834f9"",""450e51486de6c5117b105e83""]"
9577427ed99ded0e5478,f6decb78377080b06ebd,cpu-small-chunks,damacy,chunks256-random,smooth4,random-1x256x256,local block storage,smooth4-zstd-64-16,65536,"[1,128,256]",zstd,16384,encoded-traffic/output,1.627149775158614,minimize,3.221722040313703,False,maximize compression and output throughput; original traffic frontier retained separately,undefined; nondominance is not a scalar winner rule,"[""1dee2c9513f8bde53845985d"",""16ec380bff0b984ea309464d"",""fb28d3b41398986e789633d1""]"
9577427ed99ded0e5478,f6e2ea5aed2285ec3735,cpu-small-chunks,damacy,chunks256-random,smooth4,random-1x256x256,local block storage,smooth4-lz4-16-16,16384,"[1,64,128]",lz4,16384,encoded-traffic/output,1.1839243085123599,minimize,3.5826611679345013,False,maximize compression and output throughput; original traffic frontier retained separately,undefined; nondominance is not a scalar winner rule,"[""3e260836346efb5c2efaf7ce"",""412dcb32c368c281757de079"",""e767899d754bc514689a0f52""]"
9577427ed99ded0e5478,f845e1f2c98f2e5c6a30,cpu-small-chunks,damacy,chunks256-random,smooth4,random-1x256x256,local block storage,smooth4-lz4-32-16,32768,"[1,128,128]",lz4,16384,encoded-traffic/output,1.4202150963246822,minimize,3.465460275739863,False,maximize compression and output throughput; original traffic frontier retained separately,undefined; nondominance is not a scalar winner rule,"[""f6cea3c7638569e57fb24649"",""39e83e4f3995628ce6a5772b"",""230dd002fa991f61121cd520""]"
9577427ed99ded0e5478,1c4df2f07e0cd306aded,cpu-small-chunks,damacy,chunks256-random,smooth4,random-1x256x256,local block storage,smooth4-lz4-64-16,65536,"[1,128,256]",lz4,16384,local-storage-traffic/output,1.629842758178711,minimize,2.9570443711351304,False,maximize compression and output throughput; original traffic frontier retained separately,undefined; nondominance is not a scalar winner rule,"[""a72a5b30022aa467c3c531e9"",""b3484e415ceb6eff1bab4c3b"",""506b47991216b6616a4131a4""]"
9577427ed99ded0e5478,5d116a373f6e8a3da675,cpu-small-chunks,damacy,chunks256-random,smooth4,random-1x256x256,local block storage,smooth4-lz4-128-16,131072,"[1,256,256]",lz4,16384,local-storage-traffic/output,1.9996452331542969,minimize,3.2896316431875516,False,maximize compression and output throughput; original traffic frontier retained separately,undefined; nondominance is not a scalar winner rule,"[""6fe1d38c81a242a6c365459a"",""e8b31bf112be53db87a9448c"",""f62731f7fc71a5ba4e54677f""]"
9577427ed99ded0e5478,6107d0ef007c625a3731,cpu-small-chunks,damacy,chunks256-random,smooth4,random-1x256x256,local block storage,smooth4-zstd-32-16,32768,"[1,128,128]",zstd,16384,local-storage-traffic/output,1.1240921020507812,minimize,3.9322356744163263,True,maximize compression and output throughput; original traffic frontier retained separately,undefined; nondominance is not a scalar winner rule,"[""4ae5a4da3e5e32941b547579"",""806a9d912c736620ec3e5244"",""0ab5af6c633b366caa37c837""]"
9577427ed99ded0e5478,7570ff4d4cc287bd501d,cpu-small-chunks,damacy,chunks256-random,smooth4,random-1x256x256,local block storage,smooth4-zstd-16-16,16384,"[1,64,128]",zstd,16384,local-storage-traffic/output,1.030862808227539,minimize,3.871399624138299,True,maximize compression and output throughput; original traffic frontier retained separately,undefined; nondominance is not a scalar winner rule,"[""b2cc4577ad9765ecca08b0f0"",""91d0833c9d6782728787e62a"",""49542856c45b6443772fb8c9""]"
9577427ed99ded0e5478,ac019b78cdf5a2e01fdc,cpu-small-chunks,damacy,chunks256-random,smooth4,random-1x256x256,local block storage,smooth4-zstd-128-16,131072,"[1,256,256]",zstd,16384,local-storage-traffic/output,1.715932846069336,minimize,3.500600013025718,False,maximize compression and output throughput; original traffic frontier retained separately,undefined; nondominance is not a scalar winner rule,"[""7a044b224c6a6b07ce94595c"",""1b570242ad5ff574e62834f9"",""450e51486de6c5117b105e83""]"
9577427ed99ded0e5478,f6decb78377080b06ebd,cpu-small-chunks,damacy,chunks256-random,smooth4,random-1x256x256,local block storage,smooth4-zstd-64-16,65536,"[1,128,256]",zstd,16384,local-storage-traffic/output,1.4038677215576172,minimize,3.221722040313703,False,maximize compression and output throughput; original traffic frontier retained separately,undefined; nondominance is not a scalar winner rule,"[""1dee2c9513f8bde53845985d"",""16ec380bff0b984ea309464d"",""fb28d3b41398986e789633d1""]"
9577427ed99ded0e5478,f6e2ea5aed2285ec3735,cpu-small-chunks,damacy,chunks256-random,smooth4,random-1x256x256,local block storage,smooth4-lz4-16-16,16384,"[1,64,128]",lz4,16384,local-storage-traffic/output,1.1806106567382812,minimize,3.5826611679345013,False,maximize compression and output throughput; original traffic frontier retained separately,undefined; nondominance is not a scalar winner rule,"[""3e260836346efb5c2efaf7ce"",""412dcb32c368c281757de079"",""e767899d754bc514689a0f52""]"
9577427ed99ded0e5478,f845e1f2c98f2e5c6a30,cpu-small-chunks,damacy,chunks256-random,smooth4,random-1x256x256,local block storage,smooth4-lz4-32-16,32768,"[1,128,128]",lz4,16384,local-storage-traffic/output,1.300241470336914,minimize,3.465460275739863,False,maximize compression and output throughput; original traffic frontier retained separately,undefined; nondominance is not a scalar winner rule,"[""f6cea3c7638569e57fb24649"",""39e83e4f3995628ce6a5772b"",""230dd002fa991f61121cd520""]"
7c16f2c675d01bae186d,20d950f4365ec166dc0f,cpu-scheduling-paired,damacy,before,smooth4,aligned,local block storage,smooth4-zstd-64-16,65536,"[1,128,256]",zstd,16384,compression/output,1.8309433434379625,maximize,6.4396662145166035,True,none; fixed layout,undefined; nondominance is not a scalar winner rule,"[""26ba0e78168d766437a86735"",""64bc10759702f79eb0ef24f2"",""41bd655128c8c4504ff7214b""]"
7c16f2c675d01bae186d,de4b19fed9fc499bf4b4,cpu-scheduling-paired,damacy,before,smooth4,aligned,local block storage,smooth4-lz4-64-16,65536,"[1,128,256]",lz4,16384,compression/output,1.5663428823641548,maximize,6.020159149448787,False,none; fixed layout,undefined; nondominance is not a scalar winner rule,"[""72289c818f67cd2b222e1661"",""a929cd8013fc442ea0dcd2ef"",""3aa5cec3a51dced73d7067a4""]"
7c16f2c675d01bae186d,20d950f4365ec166dc0f,cpu-scheduling-paired,damacy,before,smooth4,aligned,local block storage,smooth4-zstd-64-16,65536,"[1,128,256]",zstd,16384,encoded-traffic/output,0.5456047845073044,minimize,6.4396662145166035,True,none; fixed layout,undefined; nondominance is not a scalar winner rule,"[""26ba0e78168d766437a86735"",""64bc10759702f79eb0ef24f2"",""41bd655128c8c4504ff7214b""]"
7c16f2c675d01bae186d,de4b19fed9fc499bf4b4,cpu-scheduling-paired,damacy,before,smooth4,aligned,local block storage,smooth4-lz4-64-16,65536,"[1,128,256]",lz4,16384,encoded-traffic/output,0.63779460452497,minimize,6.020159149448787,False,none; fixed layout,undefined; nondominance is not a scalar winner rule,"[""72289c818f67cd2b222e1661"",""a929cd8013fc442ea0dcd2ef"",""3aa5cec3a51dced73d7067a4""]"
7c16f2c675d01bae186d,20d950f4365ec166dc0f,cpu-scheduling-paired,damacy,before,smooth4,aligned,local block storage,smooth4-zstd-64-16,65536,"[1,128,256]",zstd,16384,local-storage-traffic/output,0.6230371138628792,minimize,6.4396662145166035,True,none; fixed layout,undefined; nondominance is not a scalar winner rule,"[""26ba0e78168d766437a86735"",""64bc10759702f79eb0ef24f2"",""41bd655128c8c4504ff7214b""]"
7c16f2c675d01bae186d,de4b19fed9fc499bf4b4,cpu-scheduling-paired,damacy,before,smooth4,aligned,local block storage,smooth4-lz4-64-16,65536,"[1,128,256]",lz4,16384,local-storage-traffic/output,0.7332029978434245,minimize,6.020159149448787,False,none; fixed layout,undefined; nondominance is not a scalar winner rule,"[""72289c818f67cd2b222e1661"",""a929cd8013fc442ea0dcd2ef"",""3aa5cec3a51dced73d7067a4""]"
a5b4d9385f49bf3ab40e,20f79549206ec40c5fc7,pr160-warm-smooth-crops,damacy,damacy,smooth4,aligned,local block storage,smooth4-lz4-1024-16,1048576,"[8,256,256]",lz4,16384,compression/output,1.5673371618357246,maximize,8.443088852375784,False,minimize encoded/useful bytes and maximize useful throughput,undefined; nondominance is not a scalar winner rule,"[""31a8c141005158e6712180e7"",""a0928e73c6f31820742d711f"",""bb9d8422f0d14cd9c981f3ab"",""11b19da4b9bf7435d2c86bad"",""050476fa09f76146bc567398""]"
a5b4d9385f49bf3ab40e,5127c4e69c4bf5360c49,pr160-warm-smooth-crops,damacy,damacy,smooth4,aligned,local block storage,smooth4-lz4-256-16,262144,"[2,256,256]",lz4,16384,compression/output,1.5671122906202222,maximize,16.29599865181171,True,minimize encoded/useful bytes and maximize useful throughput,undefined; nondominance is not a scalar winner rule,"[""adb726334150117cb94c3212"",""baa168547b0cd00b3528a691"",""07453f35a24718af5a7396a6"",""7c40085a7a39c88184edd1e7"",""7c0f8155f86bda76ad616659""]"
a5b4d9385f49bf3ab40e,7afc584a196cca4f9a65,pr160-warm-smooth-crops,damacy,damacy,smooth4,aligned,local block storage,smooth4-zstd-16-16,16384,"[1,64,128]",zstd,16384,compression/output,1.8332768219493596,maximize,4.948630788811808,True,minimize encoded/useful bytes and maximize useful throughput,undefined; nondominance is not a scalar winner rule,"[""5dd0e4004864c2ffa0a5237d"",""8fec531add74ef2e196bea43"",""ce24fdae7d3e172568a74767"",""0c7758f636c5deedc1633a19"",""c95ea5dfd602ce87cb7eafdd""]"
a5b4d9385f49bf3ab40e,891750e53911a46dfa1b,pr160-warm-smooth-crops,damacy,damacy,smooth4,aligned,local block storage,smooth4-zstd-1024-16,1048576,"[8,256,256]",zstd,16384,compression/output,1.832327486174522,maximize,5.091969599380998,True,minimize encoded/useful bytes and maximize useful throughput,undefined; nondominance is not a scalar winner rule,"[""389b5593d6bd1cc18949e0e3"",""c02159f6311c1068ba5327b6"",""6e29e9b7edaefea2074bad36"",""1a0874cb225b7a05490fa395"",""3cd2185c22d8b4d439ca2ee7""]"
a5b4d9385f49bf3ab40e,9ae1887d14e69066ed54,pr160-warm-smooth-crops,damacy,damacy,smooth4,aligned,local block storage,smooth4-lz4-16-16,16384,"[1,64,128]",lz4,16384,compression/output,1.5700748798465642,maximize,5.591532547180718,False,minimize encoded/useful bytes and maximize useful throughput,undefined; nondominance is not a scalar winner rule,"[""bd78e2229b721a9cd541aea5"",""6f66368a4367e83a9afff1e3"",""4a064eb84e62f8e6392e9be2"",""76686b7e32897a69979ca0f3"",""7d6ca6a15a958b3b0486da61""]"
a5b4d9385f49bf3ab40e,a33f35871ce482404756,pr160-warm-smooth-crops,damacy,damacy,smooth4,aligned,local block storage,smooth4-zstd-64-16,65536,"[1,128,256]",zstd,16384,compression/output,1.8307918674640946,maximize,13.26162431821644,True,minimize encoded/useful bytes and maximize useful throughput,undefined; nondominance is not a scalar winner rule,"[""9e367e630eaf2875f4e86b36"",""0201a8025750fa71a2c48b83"",""7fa10cd0619e5dfa041ab90c"",""518c9791fb5b2b6ee45d267e"",""481104d60af993349c7cbc82""]"
a5b4d9385f49bf3ab40e,a9d344e5d52199a1fee2,pr160-warm-smooth-crops,damacy,damacy,smooth4,aligned,local block storage,smooth4-lz4-64-16,65536,"[1,128,256]",lz4,16384,compression/output,1.5662134506489405,maximize,15.127958887390285,False,minimize encoded/useful bytes and maximize useful throughput,undefined; nondominance is not a scalar winner rule,"[""ac617af19a0d81c4570031b4"",""0c9bec1ab52e1085e4f9b486"",""b07e0fbbd49f6c6568721594"",""6d74188be56d8ff7885fd687"",""39572e75871b1dca1b44bee0""]"
a5b4d9385f49bf3ab40e,ecc66262853ff2719e0f,pr160-warm-smooth-crops,damacy,damacy,smooth4,aligned,local block storage,smooth4-zstd-256-16,262144,"[2,256,256]",zstd,16384,compression/output,1.8320201563813308,maximize,12.532143156983304,True,minimize encoded/useful bytes and maximize useful throughput,undefined; nondominance is not a scalar winner rule,"[""8eeff2a34d4bf636c1a85104"",""9a84616703ccdbe98a99332d"",""2b2483244ce430bf4ba4a2b1"",""e31552cf2e4f86d5516e750e"",""dcbbec5891b1e52694f8cd47""]"
a5b4d9385f49bf3ab40e,20f79549206ec40c5fc7,pr160-warm-smooth-crops,damacy,damacy,smooth4,aligned,local block storage,smooth4-lz4-1024-16,1048576,"[8,256,256]",lz4,16384,encoded-traffic/output,5.014510354027152,minimize,8.443088852375784,False,minimize encoded/useful bytes and maximize useful throughput,undefined; nondominance is not a scalar winner rule,"[""31a8c141005158e6712180e7"",""a0928e73c6f31820742d711f"",""bb9d8422f0d14cd9c981f3ab"",""11b19da4b9bf7435d2c86bad"",""050476fa09f76146bc567398""]"
a5b4d9385f49bf3ab40e,5127c4e69c4bf5360c49,pr160-warm-smooth-crops,damacy,damacy,smooth4,aligned,local block storage,smooth4-lz4-256-16,262144,"[2,256,256]",lz4,16384,encoded-traffic/output,1.2718721814453602,minimize,16.29599865181171,True,minimize encoded/useful bytes and maximize useful throughput,undefined; nondominance is not a scalar winner rule,"[""adb726334150117cb94c3212"",""baa168547b0cd00b3528a691"",""07453f35a24718af5a7396a6"",""7c40085a7a39c88184edd1e7"",""7c0f8155f86bda76ad616659""]"
a5b4d9385f49bf3ab40e,7afc584a196cca4f9a65,pr160-warm-smooth-crops,damacy,damacy,smooth4,aligned,local block storage,smooth4-zstd-16-16,16384,"[1,64,128]",zstd,16384,encoded-traffic/output,0.5436673443764448,minimize,4.948630788811808,True,minimize encoded/useful bytes and maximize useful throughput,undefined; nondominance is not a scalar winner rule,"[""5dd0e4004864c2ffa0a5237d"",""8fec531add74ef2e196bea43"",""ce24fdae7d3e172568a74767"",""0c7758f636c5deedc1633a19"",""c95ea5dfd602ce87cb7eafdd""]"
a5b4d9385f49bf3ab40e,891750e53911a46dfa1b,pr160-warm-smooth-crops,damacy,damacy,smooth4,aligned,local block storage,smooth4-zstd-1024-16,1048576,"[8,256,256]",zstd,16384,encoded-traffic/output,4.289246985688806,minimize,5.091969599380998,False,minimize encoded/useful bytes and maximize useful throughput,undefined; nondominance is not a scalar winner rule,"[""389b5593d6bd1cc18949e0e3"",""c02159f6311c1068ba5327b6"",""6e29e9b7edaefea2074bad36"",""1a0874cb225b7a05490fa395"",""3cd2185c22d8b4d439ca2ee7""]"
a5b4d9385f49bf3ab40e,9ae1887d14e69066ed54,pr160-warm-smooth-crops,damacy,damacy,smooth4,aligned,local block storage,smooth4-lz4-16-16,16384,"[1,64,128]",lz4,16384,encoded-traffic/output,0.6349464245140553,minimize,5.591532547180718,False,minimize encoded/useful bytes and maximize useful throughput,undefined; nondominance is not a scalar winner rule,"[""bd78e2229b721a9cd541aea5"",""6f66368a4367e83a9afff1e3"",""4a064eb84e62f8e6392e9be2"",""76686b7e32897a69979ca0f3"",""7d6ca6a15a958b3b0486da61""]"
a5b4d9385f49bf3ab40e,a33f35871ce482404756,pr160-warm-smooth-crops,damacy,damacy,smooth4,aligned,local block storage,smooth4-zstd-64-16,65536,"[1,128,256]",zstd,16384,encoded-traffic/output,0.545131254941225,minimize,13.26162431821644,True,minimize encoded/useful bytes and maximize useful throughput,undefined; nondominance is not a scalar winner rule,"[""9e367e630eaf2875f4e86b36"",""0201a8025750fa71a2c48b83"",""7fa10cd0619e5dfa041ab90c"",""518c9791fb5b2b6ee45d267e"",""481104d60af993349c7cbc82""]"
a5b4d9385f49bf3ab40e,a9d344e5d52199a1fee2,pr160-warm-smooth-crops,damacy,damacy,smooth4,aligned,local block storage,smooth4-lz4-64-16,65536,"[1,128,256]",lz4,16384,encoded-traffic/output,0.6372457146644592,minimize,15.127958887390285,True,minimize encoded/useful bytes and maximize useful throughput,undefined; nondominance is not a scalar winner rule,"[""ac617af19a0d81c4570031b4"",""0c9bec1ab52e1085e4f9b486"",""b07e0fbbd49f6c6568721594"",""6d74188be56d8ff7885fd687"",""39572e75871b1dca1b44bee0""]"
a5b4d9385f49bf3ab40e,ecc66262853ff2719e0f,pr160-warm-smooth-crops,damacy,damacy,smooth4,aligned,local block storage,smooth4-zstd-256-16,262144,"[2,256,256]",zstd,16384,encoded-traffic/output,1.0879517458379269,minimize,12.532143156983304,False,minimize encoded/useful bytes and maximize useful throughput,undefined; nondominance is not a scalar winner rule,"[""8eeff2a34d4bf636c1a85104"",""9a84616703ccdbe98a99332d"",""2b2483244ce430bf4ba4a2b1"",""e31552cf2e4f86d5516e750e"",""dcbbec5891b1e52694f8cd47""]"
5adb5da13da404705aa7,2338d5a77b815853aa77,cpu-readahead-control,damacy,persistent-default,smooth4,full-scan,local block storage,smooth4-zstd-64-16,65536,"[1,128,256]",zstd,16384,compression/output,1.8309433434379625,maximize,10.947295603978915,True,none; fixed layout,undefined; nondominance is not a scalar winner rule,"[""c18fe6c29349644712fa863a"",""f1ef6cef1f569740257ce2da"",""47b179e60730194cc19c880f""]"
5adb5da13da404705aa7,a7a4acffb09b7a4e97ad,cpu-readahead-control,damacy,persistent-default,smooth4,full-scan,local block storage,smooth4-lz4-64-16,65536,"[1,128,256]",lz4,16384,compression/output,1.5663428823641548,maximize,11.354959354512705,True,none; fixed layout,undefined; nondominance is not a scalar winner rule,"[""d18f6a0d29c56576f99cca19"",""647aa071799e0c118b61c619"",""e29ca9383bf3e8ac6d637cb7""]"
5adb5da13da404705aa7,2338d5a77b815853aa77,cpu-readahead-control,damacy,persistent-default,smooth4,full-scan,local block storage,smooth4-zstd-64-16,65536,"[1,128,256]",zstd,16384,encoded-traffic/output,0.5459224006626755,minimize,10.947295603978915,True,none; fixed layout,undefined; nondominance is not a scalar winner rule,"[""c18fe6c29349644712fa863a"",""f1ef6cef1f569740257ce2da"",""47b179e60730194cc19c880f""]"
5adb5da13da404705aa7,a7a4acffb09b7a4e97ad,cpu-readahead-control,damacy,persistent-default,smooth4,full-scan,local block storage,smooth4-lz4-64-16,65536,"[1,128,256]",lz4,16384,encoded-traffic/output,0.6381856728112325,minimize,11.354959354512705,True,none; fixed layout,undefined; nondominance is not a scalar winner rule,"[""d18f6a0d29c56576f99cca19"",""647aa071799e0c118b61c619"",""e29ca9383bf3e8ac6d637cb7""]"
5adb5da13da404705aa7,2338d5a77b815853aa77,cpu-readahead-control,damacy,persistent-default,smooth4,full-scan,local block storage,smooth4-zstd-64-16,65536,"[1,128,256]",zstd,16384,local-storage-traffic/output,0.5461685657501221,minimize,10.947295603978915,True,none; fixed layout,undefined; nondominance is not a scalar winner rule,"[""c18fe6c29349644712fa863a"",""f1ef6cef1f569740257ce2da"",""47b179e60730194cc19c880f""]"
5adb5da13da404705aa7,a7a4acffb09b7a4e97ad,cpu-readahead-control,damacy,persistent-default,smooth4,full-scan,local block storage,smooth4-lz4-64-16,65536,"[1,128,256]",lz4,16384,local-storage-traffic/output,0.6384315490722656,minimize,11.354959354512705,True,none; fixed layout,undefined; nondominance is not a scalar winner rule,"[""d18f6a0d29c56576f99cca19"",""647aa071799e0c118b61c619"",""e29ca9383bf3e8ac6d637cb7""]"
bd3105a766c9ab03fcd5,2402d7ddc06cb36bb635,cpu-fixed-layout-pilot,tensorstore,tensorstore,smooth4,aligned,local block storage,smooth4-zstd-64-16,65536,"[1,128,256]",zstd,16384,compression/output,1.8309433434379625,maximize,4.879786131249294,True,none; fixed layout,undefined; nondominance is not a scalar winner rule,"[""aad255c026c1185a031c1331"",""801f647ecb01759488b3e956"",""bda2f2463873261d34f91481""]"
bd3105a766c9ab03fcd5,ed4b79aed63dd685afae,cpu-fixed-layout-pilot,tensorstore,tensorstore,smooth4,aligned,local block storage,smooth4-lz4-64-16,65536,"[1,128,256]",lz4,16384,compression/output,1.5663428823641548,maximize,4.4179362756709875,False,none; fixed layout,undefined; nondominance is not a scalar winner rule,"[""852f5bc46ca296f6abe97019"",""f1d055bb449d8ec20589588b"",""0ecf06aa1bc3d8f7f0ad1a4f""]"
bd3105a766c9ab03fcd5,2402d7ddc06cb36bb635,cpu-fixed-layout-pilot,tensorstore,tensorstore,smooth4,aligned,local block storage,smooth4-zstd-64-16,65536,"[1,128,256]",zstd,16384,local-storage-traffic/output,0.6177836198073167,minimize,4.879786131249294,True,none; fixed layout,undefined; nondominance is not a scalar winner rule,"[""aad255c026c1185a031c1331"",""801f647ecb01759488b3e956"",""bda2f2463873261d34f91481""]"
bd3105a766c9ab03fcd5,ed4b79aed63dd685afae,cpu-fixed-layout-pilot,tensorstore,tensorstore,smooth4,aligned,local block storage,smooth4-lz4-64-16,65536,"[1,128,256]",lz4,16384,local-storage-traffic/output,0.7272623380025228,minimize,4.4179362756709875,False,none; fixed layout,undefined; nondominance is not a scalar winner rule,"[""852f5bc46ca296f6abe97019"",""f1d055bb449d8ec20589588b"",""0ecf06aa1bc3d8f7f0ad1a4f""]"
f94ac526b988eb241a63,2437f623d092743b32fa,cpu-small-chunks,damacy,chunks256-default,smooth4,full-scan,local block storage,smooth4-lz4-64-16,65536,"[1,128,256]",lz4,16384,compression/output,1.5663428823641548,maximize,21.58774140065304,False,maximize compression and output throughput; original traffic frontier retained separately,undefined; nondominance is not a scalar winner rule,"[""2ab804185ab99acfffef8dda"",""3fd982a11bb6fdc495e8f9b5"",""e8a289fb7a6d74cff7d43fcd""]"
f94ac526b988eb241a63,3738bdc3761056b6e51f,cpu-small-chunks,damacy,chunks256-default,smooth4,full-scan,local block storage,smooth4-zstd-64-16,65536,"[1,128,256]",zstd,16384,compression/output,1.8309433434379625,maximize,19.144293491902808,False,maximize compression and output throughput; original traffic frontier retained separately,undefined; nondominance is not a scalar winner rule,"[""6dc4ef1df8ccada8f74675c5"",""d3060e8c98d58890ef8f60f9"",""13593acb6cfb56dda6c774e5""]"
f94ac526b988eb241a63,5ad87abdc01425726a22,cpu-small-chunks,damacy,chunks256-default,smooth4,full-scan,local block storage,smooth4-zstd-128-16,131072,"[1,256,256]",zstd,16384,compression/output,1.8317621551383316,maximize,21.19102193697656,True,maximize compression and output throughput; original traffic frontier retained separately,undefined; nondominance is not a scalar winner rule,"[""f81070a4d6b77848d33e0518"",""564d066daba613823fc439d3"",""34523b2e9f784dd5ab53d472""]"
f94ac526b988eb241a63,65dca62f94faac206554,cpu-small-chunks,damacy,chunks256-default,smooth4,full-scan,local block storage,smooth4-zstd-16-16,16384,"[1,64,128]",zstd,16384,compression/output,1.8333944608562351,maximize,12.097161572992546,False,maximize compression and output throughput; original traffic frontier retained separately,undefined; nondominance is not a scalar winner rule,"[""078a4be4b07b274cf7504e0b"",""bf16b727cd78a75f4ec6ef0c"",""0b857d4bdf22661c8aac2ba7""]"
f94ac526b988eb241a63,904a57c89288724da011,cpu-small-chunks,damacy,chunks256-default,smooth4,full-scan,local block storage,smooth4-lz4-128-16,131072,"[1,256,256]",lz4,16384,compression/output,1.5669420934469545,maximize,25.56380772464454,True,maximize compression and output throughput; original traffic frontier retained separately,undefined; nondominance is not a scalar winner rule,"[""70ed917e27f7e4bdb5715ba2"",""417dec01d3f6a282100660da"",""4d8a809c1c96475834bf61b5""]"
f94ac526b988eb241a63,b9da68e83a5c149b888a,cpu-small-chunks,damacy,chunks256-default,smooth4,full-scan,local block storage,smooth4-lz4-16-16,16384,"[1,64,128]",lz4,16384,compression/output,1.570198337802875,maximize,11.591330472354947,False,maximize compression and output throughput; original traffic frontier retained separately,undefined; nondominance is not a scalar winner rule,"[""30029531f2bba0443a9a9a7c"",""5f53c186382e0443ee8c0ff6"",""0b7a91a8a715f86d3ff6da04""]"
f94ac526b988eb241a63,e650a1b8630741cfbbed,cpu-small-chunks,damacy,chunks256-default,smooth4,full-scan,local block storage,smooth4-lz4-32-16,32768,"[1,128,128]",lz4,16384,compression/output,1.572609772618283,maximize,16.82044128719348,False,maximize compression and output throughput; original traffic frontier retained separately,undefined; nondominance is not a scalar winner rule,"[""ee436eb75563de367109104a"",""4f191c978bd5509d6bbbff3b"",""22d28613e6132003a30b2c2a""]"
f94ac526b988eb241a63,ff72122aea68e14dc0f3,cpu-small-chunks,damacy,chunks256-default,smooth4,full-scan,local block storage,smooth4-zstd-32-16,32768,"[1,128,128]",zstd,16384,compression/output,1.8366829025162181,maximize,15.45615080648425,True,maximize compression and output throughput; original traffic frontier retained separately,undefined; nondominance is not a scalar winner rule,"[""d1f229a2381f6291d8907af5"",""33064437c16bf04bc02acf86"",""afa19e83cfd37baf6eae620a""]"
f94ac526b988eb241a63,2437f623d092743b32fa,cpu-small-chunks,damacy,chunks256-default,smooth4,full-scan,local block storage,smooth4-lz4-64-16,65536,"[1,128,256]",lz4,16384,encoded-traffic/output,0.6381856728112325,minimize,21.58774140065304,False,maximize compression and output throughput; original traffic frontier retained separately,undefined; nondominance is not a scalar winner rule,"[""2ab804185ab99acfffef8dda"",""3fd982a11bb6fdc495e8f9b5"",""e8a289fb7a6d74cff7d43fcd""]"
f94ac526b988eb241a63,3738bdc3761056b6e51f,cpu-small-chunks,damacy,chunks256-default,smooth4,full-scan,local block storage,smooth4-zstd-64-16,65536,"[1,128,256]",zstd,16384,encoded-traffic/output,0.5459224006626755,minimize,19.144293491902808,False,maximize compression and output throughput; original traffic frontier retained separately,undefined; nondominance is not a scalar winner rule,"[""6dc4ef1df8ccada8f74675c5"",""d3060e8c98d58890ef8f60f9"",""13593acb6cfb56dda6c774e5""]"
f94ac526b988eb241a63,5ad87abdc01425726a22,cpu-small-chunks,damacy,chunks256-default,smooth4,full-scan,local block storage,smooth4-zstd-128-16,131072,"[1,256,256]",zstd,16384,encoded-traffic/output,0.5458003303501755,minimize,21.19102193697656,True,maximize compression and output throughput; original traffic frontier retained separately,undefined; nondominance is not a scalar winner rule,"[""f81070a4d6b77848d33e0518"",""564d066daba613823fc439d3"",""34523b2e9f784dd5ab53d472""]"
f94ac526b988eb241a63,65dca62f94faac206554,cpu-small-chunks,damacy,chunks256-default,smooth4,full-scan,local block storage,smooth4-zstd-16-16,16384,"[1,64,128]",zstd,16384,encoded-traffic/output,0.5444597931345925,minimize,12.097161572992546,False,maximize compression and output throughput; original traffic frontier retained separately,undefined; nondominance is not a scalar winner rule,"[""078a4be4b07b274cf7504e0b"",""bf16b727cd78a75f4ec6ef0c"",""0b857d4bdf22661c8aac2ba7""]"
f94ac526b988eb241a63,904a57c89288724da011,cpu-small-chunks,damacy,chunks256-default,smooth4,full-scan,local block storage,smooth4-lz4-128-16,131072,"[1,256,256]",lz4,16384,encoded-traffic/output,0.6380636024987325,minimize,25.56380772464454,True,maximize compression and output throughput; original traffic frontier retained separately,undefined; nondominance is not a scalar winner rule,"[""70ed917e27f7e4bdb5715ba2"",""417dec01d3f6a282100660da"",""4d8a809c1c96475834bf61b5""]"
f94ac526b988eb241a63,b9da68e83a5c149b888a,cpu-small-chunks,damacy,chunks256-default,smooth4,full-scan,local block storage,smooth4-lz4-16-16,16384,"[1,64,128]",lz4,16384,encoded-traffic/output,0.6358856542501599,minimize,11.591330472354947,False,maximize compression and output throughput; original traffic frontier retained separately,undefined; nondominance is not a scalar winner rule,"[""30029531f2bba0443a9a9a7c"",""5f53c186382e0443ee8c0ff6"",""0b7a91a8a715f86d3ff6da04""]"
f94ac526b988eb241a63,e650a1b8630741cfbbed,cpu-small-chunks,damacy,chunks256-default,smooth4,full-scan,local block storage,smooth4-lz4-32-16,32768,"[1,128,128]",lz4,16384,encoded-traffic/output,0.6353973730001599,minimize,16.82044128719348,False,maximize compression and output throughput; original traffic frontier retained separately,undefined; nondominance is not a scalar winner rule,"[""ee436eb75563de367109104a"",""4f191c978bd5509d6bbbff3b"",""22d28613e6132003a30b2c2a""]"
f94ac526b988eb241a63,ff72122aea68e14dc0f3,cpu-small-chunks,damacy,chunks256-default,smooth4,full-scan,local block storage,smooth4-zstd-32-16,32768,"[1,128,128]",zstd,16384,encoded-traffic/output,0.5439715118845925,minimize,15.45615080648425,True,maximize compression and output throughput; original traffic frontier retained separately,undefined; nondominance is not a scalar winner rule,"[""d1f229a2381f6291d8907af5"",""33064437c16bf04bc02acf86"",""afa19e83cfd37baf6eae620a""]"
f94ac526b988eb241a63,2437f623d092743b32fa,cpu-small-chunks,damacy,chunks256-default,smooth4,full-scan,local block storage,smooth4-lz4-64-16,65536,"[1,128,256]",lz4,16384,local-storage-traffic/output,0.6384315490722656,minimize,21.58774140065304,False,maximize compression and output throughput; original traffic frontier retained separately,undefined; nondominance is not a scalar winner rule,"[""2ab804185ab99acfffef8dda"",""3fd982a11bb6fdc495e8f9b5"",""e8a289fb7a6d74cff7d43fcd""]"
f94ac526b988eb241a63,3738bdc3761056b6e51f,cpu-small-chunks,damacy,chunks256-default,smooth4,full-scan,local block storage,smooth4-zstd-64-16,65536,"[1,128,256]",zstd,16384,local-storage-traffic/output,0.5461685657501221,minimize,19.144293491902808,False,maximize compression and output throughput; original traffic frontier retained separately,undefined; nondominance is not a scalar winner rule,"[""6dc4ef1df8ccada8f74675c5"",""d3060e8c98d58890ef8f60f9"",""13593acb6cfb56dda6c774e5""]"
f94ac526b988eb241a63,5ad87abdc01425726a22,cpu-small-chunks,damacy,chunks256-default,smooth4,full-scan,local block storage,smooth4-zstd-128-16,131072,"[1,256,256]",zstd,16384,local-storage-traffic/output,0.5459244251251221,minimize,21.19102193697656,True,maximize compression and output throughput; original traffic frontier retained separately,undefined; nondominance is not a scalar winner rule,"[""f81070a4d6b77848d33e0518"",""564d066daba613823fc439d3"",""34523b2e9f784dd5ab53d472""]"
f94ac526b988eb241a63,65dca62f94faac206554,cpu-small-chunks,damacy,chunks256-default,smooth4,full-scan,local block storage,smooth4-zstd-16-16,16384,"[1,64,128]",zstd,16384,local-storage-traffic/output,0.545438289642334,minimize,12.097161572992546,False,maximize compression and output throughput; original traffic frontier retained separately,undefined; nondominance is not a scalar winner rule,"[""078a4be4b07b274cf7504e0b"",""bf16b727cd78a75f4ec6ef0c"",""0b857d4bdf22661c8aac2ba7""]"
f94ac526b988eb241a63,904a57c89288724da011,cpu-small-chunks,damacy,chunks256-default,smooth4,full-scan,local block storage,smooth4-lz4-128-16,131072,"[1,256,256]",lz4,16384,local-storage-traffic/output,0.6381874084472656,minimize,25.56380772464454,True,maximize compression and output throughput; original traffic frontier retained separately,undefined; nondominance is not a scalar winner rule,"[""70ed917e27f7e4bdb5715ba2"",""417dec01d3f6a282100660da"",""4d8a809c1c96475834bf61b5""]"
f94ac526b988eb241a63,b9da68e83a5c149b888a,cpu-small-chunks,damacy,chunks256-default,smooth4,full-scan,local block storage,smooth4-lz4-16-16,16384,"[1,64,128]",lz4,16384,local-storage-traffic/output,0.636864185333252,minimize,11.591330472354947,False,maximize compression and output throughput; original traffic frontier retained separately,undefined; nondominance is not a scalar winner rule,"[""30029531f2bba0443a9a9a7c"",""5f53c186382e0443ee8c0ff6"",""0b7a91a8a715f86d3ff6da04""]"
f94ac526b988eb241a63,e650a1b8630741cfbbed,cpu-small-chunks,damacy,chunks256-default,smooth4,full-scan,local block storage,smooth4-lz4-32-16,32768,"[1,128,128]",lz4,16384,local-storage-traffic/output,0.635887622833252,minimize,16.82044128719348,False,maximize compression and output throughput; original traffic frontier retained separately,undefined; nondominance is not a scalar winner rule,"[""ee436eb75563de367109104a"",""4f191c978bd5509d6bbbff3b"",""22d28613e6132003a30b2c2a""]"
f94ac526b988eb241a63,ff72122aea68e14dc0f3,cpu-small-chunks,damacy,chunks256-default,smooth4,full-scan,local block storage,smooth4-zstd-32-16,32768,"[1,128,128]",zstd,16384,local-storage-traffic/output,0.544461727142334,minimize,15.45615080648425,True,maximize compression and output throughput; original traffic frontier retained separately,undefined; nondominance is not a scalar winner rule,"[""d1f229a2381f6291d8907af5"",""33064437c16bf04bc02acf86"",""afa19e83cfd37baf6eae620a""]"
f5727280b0671949c3c7,24f8895cd5c1ba17e76a,pr160-warm-random-crops,damacy,damacy,random12,random-1x512x512,local block storage,random12-zstd-256-16,262144,"[2,256,256]",zstd,16384,compression/output,1.3285753780077916,maximize,7.594691231386307,True,minimize encoded/useful bytes and maximize useful throughput,undefined; nondominance is not a scalar winner rule,"[""fedd64e713e5238fb9274d5e"",""0e2e691858b4bac42d4f47f5"",""460f4d020b1b4d63e72ba402"",""cb9978095c06332172a152c3"",""66427b3de816babb2dc5eb1b""]"
f5727280b0671949c3c7,3bdb02208f4c538154f3,pr160-warm-random-crops,damacy,damacy,random12,random-1x512x512,local block storage,random12-zstd-1024-16,1048576,"[8,256,256]",zstd,16384,compression/output,1.3287369985455217,maximize,4.461663331169198,True,minimize encoded/useful bytes and maximize useful throughput,undefined; nondominance is not a scalar winner rule,"[""db68cdfe8d7f479aee9f8080"",""3a93527625d2fa0459e198a4"",""9fead9eb4046f0e73121e19b"",""1c7e5601c899b51d995bcad8"",""abd5ec599f1b866365a6679a""]"
f5727280b0671949c3c7,3e2199fb6570e96cf36d,pr160-warm-random-crops,damacy,damacy,random12,random-1x512x512,local block storage,random12-lz4-1024-16,1048576,"[8,256,256]",lz4,16384,compression/output,1.322197120100801,maximize,4.286089731571959,False,minimize encoded/useful bytes and maximize useful throughput,undefined; nondominance is not a scalar winner rule,"[""0fef4ab3d1150b2875d00de4"",""96b8a3f363490ce6687c52ec"",""8d8916900bf32aa4a8bdbe69"",""eb926e464a8574bbde63bac6"",""e415fc330211a5f93a69f58f""]"
f5727280b0671949c3c7,754794a0672182990926,pr160-warm-random-crops,damacy,damacy,random12,random-1x512x512,local block storage,random12-lz4-16-16,16384,"[1,64,128]",lz4,16384,compression/output,1.3188445768380552,maximize,4.31805346116883,False,minimize encoded/useful bytes and maximize useful throughput,undefined; nondominance is not a scalar winner rule,"[""673673b6648d7732507422c5"",""3cede7f9c16fbce9f38e6286"",""16a0b073a81f85f45a224202"",""d3d35f3085d67b27b8938883"",""035f12d6140049c70f3b78a4""]"
f5727280b0671949c3c7,c5a9613535890c0df0c8,pr160-warm-random-crops,damacy,damacy,random12,random-1x512x512,local block storage,random12-lz4-256-16,262144,"[2,256,256]",lz4,16384,compression/output,1.322037086504447,maximize,8.370943179784577,False,minimize encoded/useful bytes and maximize useful throughput,undefined; nondominance is not a scalar winner rule,"[""99787a9a238fa671b28996db"",""63a49a9d1c93b85802d015b7"",""b7b230c9c9402a0bcf524369"",""982636f85216801ace002a85"",""98790bc041ccc3950c69c32d""]"
f5727280b0671949c3c7,cfa5acf8450f097b5831,pr160-warm-random-crops,damacy,damacy,random12,random-1x512x512,local block storage,random12-lz4-64-16,65536,"[1,128,256]",lz4,16384,compression/output,1.3213973393284457,maximize,8.058222442487638,False,minimize encoded/useful bytes and maximize useful throughput,undefined; nondominance is not a scalar winner rule,"[""ebe5aeb28fdc94aed123195a"",""5009184720a3ddccd0261195"",""2f9f087c3f0c2b7dfdd1a7e5"",""94c8adc6b00fc814d6d10945"",""d78651cde2f0b08e191864a8""]"
f5727280b0671949c3c7,daf686c46806e96948f9,pr160-warm-random-crops,damacy,damacy,random12,random-1x512x512,local block storage,random12-zstd-16-16,16384,"[1,64,128]",zstd,16384,compression/output,1.3253511793173984,maximize,4.485587143676722,False,minimize encoded/useful bytes and maximize useful throughput,undefined; nondominance is not a scalar winner rule,"[""7769c2b303684a97d9e69351"",""7fe0e4e2fcb47521f1371c88"",""cd2d3f93f9ed4abe73f86a49"",""c6b5d328d9f82551d557c2a3"",""5e49535699c396191ced95d7""]"
f5727280b0671949c3c7,fdda5ff34b205eaea82e,pr160-warm-random-crops,damacy,damacy,random12,random-1x512x512,local block storage,random12-zstd-64-16,65536,"[1,128,256]",zstd,16384,compression/output,1.3279292888390097,maximize,8.825721565739677,True,minimize encoded/useful bytes and maximize useful throughput,undefined; nondominance is not a scalar winner rule,"[""e1048798e8fed92f31cb6990"",""a7930181f53a9479d1f7f073"",""c5fcf97c2fe39f29142d0188"",""f820fccbafb9c2896850b35f"",""48eeb5395a8e72ba783b63b6""]"
f5727280b0671949c3c7,24f8895cd5c1ba17e76a,pr160-warm-random-crops,damacy,damacy,random12,random-1x512x512,local block storage,random12-zstd-256-16,262144,"[2,256,256]",zstd,16384,encoded-traffic/output,3.2433061390183866,minimize,7.594691231386307,False,minimize encoded/useful bytes and maximize useful throughput,undefined; nondominance is not a scalar winner rule,"[""fedd64e713e5238fb9274d5e"",""0e2e691858b4bac42d4f47f5"",""460f4d020b1b4d63e72ba402"",""cb9978095c06332172a152c3"",""66427b3de816babb2dc5eb1b""]"
f5727280b0671949c3c7,3bdb02208f4c538154f3,pr160-warm-random-crops,damacy,damacy,random12,random-1x512x512,local block storage,random12-zstd-1024-16,1048576,"[8,256,256]",zstd,16384,encoded-traffic/output,11.436409631744027,minimize,4.461663331169198,False,minimize encoded/useful bytes and maximize useful throughput,undefined; nondominance is not a scalar winner rule,"[""db68cdfe8d7f479aee9f8080"",""3a93527625d2fa0459e198a4"",""9fead9eb4046f0e73121e19b"",""1c7e5601c899b51d995bcad8"",""abd5ec599f1b866365a6679a""]"
f5727280b0671949c3c7,3e2199fb6570e96cf36d,pr160-warm-random-crops,damacy,damacy,random12,random-1x512x512,local block storage,random12-lz4-1024-16,1048576,"[8,256,256]",lz4,16384,encoded-traffic/output,11.492977953981608,minimize,4.286089731571959,False,minimize encoded/useful bytes and maximize useful throughput,undefined; nondominance is not a scalar winner rule,"[""0fef4ab3d1150b2875d00de4"",""96b8a3f363490ce6687c52ec"",""8d8916900bf32aa4a8bdbe69"",""eb926e464a8574bbde63bac6"",""e415fc330211a5f93a69f58f""]"
f5727280b0671949c3c7,754794a0672182990926,pr160-warm-random-crops,damacy,damacy,random12,random-1x512x512,local block storage,random12-lz4-16-16,16384,"[1,64,128]",lz4,16384,encoded-traffic/output,1.0445181019604206,minimize,4.31805346116883,False,minimize encoded/useful bytes and maximize useful throughput,undefined; nondominance is not a scalar winner rule,"[""673673b6648d7732507422c5"",""3cede7f9c16fbce9f38e6286"",""16a0b073a81f85f45a224202"",""d3d35f3085d67b27b8938883"",""035f12d6140049c70f3b78a4""]"
f5727280b0671949c3c7,c5a9613535890c0df0c8,pr160-warm-random-crops,damacy,damacy,random12,random-1x512x512,local block storage,random12-lz4-256-16,262144,"[2,256,256]",lz4,16384,encoded-traffic/output,3.2593476343899965,minimize,8.370943179784577,False,minimize encoded/useful bytes and maximize useful throughput,undefined; nondominance is not a scalar winner rule,"[""99787a9a238fa671b28996db"",""63a49a9d1c93b85802d015b7"",""b7b230c9c9402a0bcf524369"",""982636f85216801ace002a85"",""98790bc041ccc3950c69c32d""]"
f5727280b0671949c3c7,cfa5acf8450f097b5831,pr160-warm-random-crops,damacy,damacy,random12,random-1x512x512,local block storage,random12-lz4-64-16,65536,"[1,128,256]",lz4,16384,encoded-traffic/output,1.387765287887305,minimize,8.058222442487638,False,minimize encoded/useful bytes and maximize useful throughput,undefined; nondominance is not a scalar winner rule,"[""ebe5aeb28fdc94aed123195a"",""5009184720a3ddccd0261195"",""2f9f087c3f0c2b7dfdd1a7e5"",""94c8adc6b00fc814d6d10945"",""d78651cde2f0b08e191864a8""]"
f5727280b0671949c3c7,daf686c46806e96948f9,pr160-warm-random-crops,damacy,damacy,random12,random-1x512x512,local block storage,random12-zstd-16-16,16384,"[1,64,128]",zstd,16384,encoded-traffic/output,1.0393836279399693,minimize,4.485587143676722,True,minimize encoded/useful bytes and maximize useful throughput,undefined; nondominance is not a scalar winner rule,"[""7769c2b303684a97d9e69351"",""7fe0e4e2fcb47521f1371c88"",""cd2d3f93f9ed4abe73f86a49"",""c6b5d328d9f82551d557c2a3"",""5e49535699c396191ced95d7""]"
f5727280b0671949c3c7,fdda5ff34b205eaea82e,pr160-warm-random-crops,damacy,damacy,random12,random-1x512x512,local block storage,random12-zstd-64-16,65536,"[1,128,256]",zstd,16384,encoded-traffic/output,1.3809367544017732,minimize,8.825721565739677,True,minimize encoded/useful bytes and maximize useful throughput,undefined; nondominance is not a scalar winner rule,"[""e1048798e8fed92f31cb6990"",""a7930181f53a9479d1f7f073"",""c5fcf97c2fe39f29142d0188"",""f820fccbafb9c2896850b35f"",""48eeb5395a8e72ba783b63b6""]"
241070601b3896419ead,269117776b39f0a686bb,cpu-nfs-local-spot,damacy,chunks256-random,smooth4,random-1x256x256,local block storage,smooth4-zstd-32-32,32768,"[1,128,128]",zstd,32768,compression/output,1.8451430092694745,maximize,3.906019472245198,True,no recorded winner; exploratory compression/output frontier over four encodings,undefined; nondominance is not a scalar winner rule,"[""5605740766688971dc3bec40"",""bdbd79545d8c12f97423da31"",""012dcb0e1e7521168d5baa36""]"
241070601b3896419ead,5715ec1edbd7e5fee8c4,cpu-nfs-local-spot,damacy,chunks256-random,smooth4,random-1x256x256,local block storage,smooth4-zstd-128-128,131072,"[1,256,256]",zstd,131072,compression/output,1.8644857768631582,maximize,3.486640384510773,True,no recorded winner; exploratory compression/output frontier over four encodings,undefined; nondominance is not a scalar winner rule,"[""48084b563f29e3fdbac10029"",""8b70fb5d02aad2f2f1d0c1c8"",""78012a69e9344dec5056379b""]"
241070601b3896419ead,ac3bc2c7b478faf27a5c,cpu-nfs-local-spot,damacy,chunks256-random,smooth4,random-1x256x256,local block storage,smooth4-lz4-512-512,524288,"[1,512,512]",lz4,524288,compression/output,1.626606892779916,maximize,2.860405591232296,False,no recorded winner; exploratory compression/output frontier over four encodings,undefined; nondominance is not a scalar winner rule,"[""f8c98bbd4f04ce7432871567"",""432588932b269e2f9307a888"",""c023797a673b40df6fb02513""]"
241070601b3896419ead,c67b731900f01f2cb938,cpu-nfs-local-spot,damacy,chunks256-random,smooth4,random-1x256x256,local block storage,smooth4-zstd-512-512,524288,"[1,512,512]",zstd,524288,compression/output,1.970907362204299,maximize,2.794722680618743,True,no recorded winner; exploratory compression/output frontier over four encodings,undefined; nondominance is not a scalar winner rule,"[""9238d8286db9f4fd615fb0d0"",""b5c5f54b461259e80a9929f6"",""28a222897039beadb11677df""]"
241070601b3896419ead,269117776b39f0a686bb,cpu-nfs-local-spot,damacy,chunks256-random,smooth4,random-1x256x256,local block storage,smooth4-zstd-32-32,32768,"[1,128,128]",zstd,32768,encoded-traffic/output,1.2103052278980613,minimize,3.906019472245198,True,no recorded winner; exploratory compression/output frontier over four encodings,undefined; nondominance is not a scalar winner rule,"[""5605740766688971dc3bec40"",""bdbd79545d8c12f97423da31"",""012dcb0e1e7521168d5baa36""]"
241070601b3896419ead,5715ec1edbd7e5fee8c4,cpu-nfs-local-spot,damacy,chunks256-random,smooth4,random-1x256x256,local block storage,smooth4-zstd-128-128,131072,"[1,256,256]",zstd,131072,encoded-traffic/output,2.1317356233485043,minimize,3.486640384510773,False,no recorded winner; exploratory compression/output frontier over four encodings,undefined; nondominance is not a scalar winner rule,"[""48084b563f29e3fdbac10029"",""8b70fb5d02aad2f2f1d0c1c8"",""78012a69e9344dec5056379b""]"
241070601b3896419ead,ac3bc2c7b478faf27a5c,cpu-nfs-local-spot,damacy,chunks256-random,smooth4,random-1x256x256,local block storage,smooth4-lz4-512-512,524288,"[1,512,512]",lz4,524288,encoded-traffic/output,5.184270983561873,minimize,2.860405591232296,False,no recorded winner; exploratory compression/output frontier over four encodings,undefined; nondominance is not a scalar winner rule,"[""f8c98bbd4f04ce7432871567"",""432588932b269e2f9307a888"",""c023797a673b40df6fb02513""]"
241070601b3896419ead,c67b731900f01f2cb938,cpu-nfs-local-spot,damacy,chunks256-random,smooth4,random-1x256x256,local block storage,smooth4-zstd-512-512,524288,"[1,512,512]",zstd,524288,encoded-traffic/output,4.278482188936323,minimize,2.794722680618743,False,no recorded winner; exploratory compression/output frontier over four encodings,undefined; nondominance is not a scalar winner rule,"[""9238d8286db9f4fd615fb0d0"",""b5c5f54b461259e80a9929f6"",""28a222897039beadb11677df""]"
241070601b3896419ead,269117776b39f0a686bb,cpu-nfs-local-spot,damacy,chunks256-random,smooth4,random-1x256x256,local block storage,smooth4-zstd-32-32,32768,"[1,128,128]",zstd,32768,local-storage-traffic/output,1.1195125579833984,minimize,3.906019472245198,True,no recorded winner; exploratory compression/output frontier over four encodings,undefined; nondominance is not a scalar winner rule,"[""5605740766688971dc3bec40"",""bdbd79545d8c12f97423da31"",""012dcb0e1e7521168d5baa36""]"
241070601b3896419ead,5715ec1edbd7e5fee8c4,cpu-nfs-local-spot,damacy,chunks256-random,smooth4,random-1x256x256,local block storage,smooth4-zstd-128-128,131072,"[1,256,256]",zstd,131072,local-storage-traffic/output,1.6865520477294922,minimize,3.486640384510773,False,no recorded winner; exploratory compression/output frontier over four encodings,undefined; nondominance is not a scalar winner rule,"[""48084b563f29e3fdbac10029"",""8b70fb5d02aad2f2f1d0c1c8"",""78012a69e9344dec5056379b""]"
241070601b3896419ead,ac3bc2c7b478faf27a5c,cpu-nfs-local-spot,damacy,chunks256-random,smooth4,random-1x256x256,local block storage,smooth4-lz4-512-512,524288,"[1,512,512]",lz4,524288,local-storage-traffic/output,3.160785675048828,minimize,2.860405591232296,False,no recorded winner; exploratory compression/output frontier over four encodings,undefined; nondominance is not a scalar winner rule,"[""f8c98bbd4f04ce7432871567"",""432588932b269e2f9307a888"",""c023797a673b40df6fb02513""]"
241070601b3896419ead,c67b731900f01f2cb938,cpu-nfs-local-spot,damacy,chunks256-random,smooth4,random-1x256x256,local block storage,smooth4-zstd-512-512,524288,"[1,512,512]",zstd,524288,local-storage-traffic/output,2.610624313354492,minimize,2.794722680618743,False,no recorded winner; exploratory compression/output frontier over four encodings,undefined; nondominance is not a scalar winner rule,"[""9238d8286db9f4fd615fb0d0"",""b5c5f54b461259e80a9929f6"",""28a222897039beadb11677df""]"
ac3c4db9649423b13eec,29f20cff58b766176b79,cpu-nfs-local-spot,tensorstore,tensorstore,smooth4,random-1x256x256,NFS,smooth4-zstd-512-512,524288,"[1,512,512]",zstd,524288,compression/output,1.970907362204299,maximize,1.396484194408053,True,no recorded winner; exploratory compression/output frontier over four encodings,undefined; nondominance is not a scalar winner rule,"[""bd80d6af74c3498b550db50a"",""8f0fb17bea10aa1368d1b298"",""43b5218b8dd638a21824ec43""]"
ac3c4db9649423b13eec,58f4d442e1750143af89,cpu-nfs-local-spot,tensorstore,tensorstore,smooth4,random-1x256x256,NFS,smooth4-zstd-32-32,32768,"[1,128,128]",zstd,32768,compression/output,1.8451430092694745,maximize,0.6577383870659211,False,no recorded winner; exploratory compression/output frontier over four encodings,undefined; nondominance is not a scalar winner rule,"[""09ca523036a5d9346b2f405f"",""04bd8c1c5ab0e34ef4feb22f"",""b982c5ad87faacc405f64b8e""]"
ac3c4db9649423b13eec,5b69b75dd23e7eb24d1a,cpu-nfs-local-spot,tensorstore,tensorstore,smooth4,random-1x256x256,NFS,smooth4-zstd-128-128,131072,"[1,256,256]",zstd,131072,compression/output,1.8644857768631582,maximize,0.6925474780090995,False,no recorded winner; exploratory compression/output frontier over four encodings,undefined; nondominance is not a scalar winner rule,"[""57e80559fde46144bfb5ac60"",""c463dd4c71a1dead4b80c294"",""133642aace584089a38b1d4b""]"
ac3c4db9649423b13eec,6b06c3de16daa836ea5f,cpu-nfs-local-spot,tensorstore,tensorstore,smooth4,random-1x256x256,NFS,smooth4-lz4-512-512,524288,"[1,512,512]",lz4,524288,compression/output,1.626606892779916,maximize,1.5194660782103915,True,no recorded winner; exploratory compression/output frontier over four encodings,undefined; nondominance is not a scalar winner rule,"[""9faacdf990512c060519b6d3"",""62d48c603f7c9e14c72eead5"",""31ad5ef622903e711c28ec53""]"
f133cf89e48900458342,2c09d958f5753908e1e7,cpu-nfs-local-spot,damacy,chunks256-random,smooth4,random-1x256x256,NFS,smooth4-lz4-512-512,524288,"[1,512,512]",lz4,524288,compression/output,1.626606892779916,maximize,1.350479381539752,True,no recorded winner; exploratory compression/output frontier over four encodings,undefined; nondominance is not a scalar winner rule,"[""2d915fc139ae09edf16e3bae"",""481b45f32f4be6f21e53b878"",""5a3b899fd73715c320c30475""]"
f133cf89e48900458342,6da07ec4d503f861d4b4,cpu-nfs-local-spot,damacy,chunks256-random,smooth4,random-1x256x256,NFS,smooth4-zstd-128-128,131072,"[1,256,256]",zstd,131072,compression/output,1.8644857768631582,maximize,1.1908955711329807,False,no recorded winner; exploratory compression/output frontier over four encodings,undefined; nondominance is not a scalar winner rule,"[""596d6c88913b83a96e0548ce"",""f190c163444984eae653004b"",""591695c0cd19c964ef3f76d8""]"
f133cf89e48900458342,ecb0c9ee0a0a6bc8048f,cpu-nfs-local-spot,damacy,chunks256-random,smooth4,random-1x256x256,NFS,smooth4-zstd-512-512,524288,"[1,512,512]",zstd,524288,compression/output,1.970907362204299,maximize,1.1988820767423807,True,no recorded winner; exploratory compression/output frontier over four encodings,undefined; nondominance is not a scalar winner rule,"[""880c56368bf8c56becb9cdd1"",""21b25691077ee1581aecb61f"",""721fb10cdb596bd8ee85dadc""]"
f133cf89e48900458342,f0fad72a82593ff60ac3,cpu-nfs-local-spot,damacy,chunks256-random,smooth4,random-1x256x256,NFS,smooth4-zstd-32-32,32768,"[1,128,128]",zstd,32768,compression/output,1.8451430092694745,maximize,0.9315935721483636,False,no recorded winner; exploratory compression/output frontier over four encodings,undefined; nondominance is not a scalar winner rule,"[""95b3a17fc060a82df3dee2eb"",""1a82d0940c027bfd27120fff"",""aad28a7aefecb04276b6cf6b""]"
f133cf89e48900458342,2c09d958f5753908e1e7,cpu-nfs-local-spot,damacy,chunks256-random,smooth4,random-1x256x256,NFS,smooth4-lz4-512-512,524288,"[1,512,512]",lz4,524288,encoded-traffic/output,5.184270983561873,minimize,1.350479381539752,True,no recorded winner; exploratory compression/output frontier over four encodings,undefined; nondominance is not a scalar winner rule,"[""2d915fc139ae09edf16e3bae"",""481b45f32f4be6f21e53b878"",""5a3b899fd73715c320c30475""]"
f133cf89e48900458342,6da07ec4d503f861d4b4,cpu-nfs-local-spot,damacy,chunks256-random,smooth4,random-1x256x256,NFS,smooth4-zstd-128-128,131072,"[1,256,256]",zstd,131072,encoded-traffic/output,2.1317356233485043,minimize,1.1908955711329807,True,no recorded winner; exploratory compression/output frontier over four encodings,undefined; nondominance is not a scalar winner rule,"[""596d6c88913b83a96e0548ce"",""f190c163444984eae653004b"",""591695c0cd19c964ef3f76d8""]"
f133cf89e48900458342,ecb0c9ee0a0a6bc8048f,cpu-nfs-local-spot,damacy,chunks256-random,smooth4,random-1x256x256,NFS,smooth4-zstd-512-512,524288,"[1,512,512]",zstd,524288,encoded-traffic/output,4.278482188936323,minimize,1.1988820767423807,True,no recorded winner; exploratory compression/output frontier over four encodings,undefined; nondominance is not a scalar winner rule,"[""880c56368bf8c56becb9cdd1"",""21b25691077ee1581aecb61f"",""721fb10cdb596bd8ee85dadc""]"
f133cf89e48900458342,f0fad72a82593ff60ac3,cpu-nfs-local-spot,damacy,chunks256-random,smooth4,random-1x256x256,NFS,smooth4-zstd-32-32,32768,"[1,128,128]",zstd,32768,encoded-traffic/output,1.2103052278980613,minimize,0.9315935721483636,True,no recorded winner; exploratory compression/output frontier over four encodings,undefined; nondominance is not a scalar winner rule,"[""95b3a17fc060a82df3dee2eb"",""1a82d0940c027bfd27120fff"",""aad28a7aefecb04276b6cf6b""]"
272c3abd3fa1ccf6abf9,2e97d7f7ebd29c8c3421,pr160-warm-smooth-crops,damacy,damacy,smooth4,random-1x256x256,local block storage,smooth4-lz4-256-16,262144,"[2,256,256]",lz4,16384,compression/output,1.5671122906202222,maximize,5.583798697994235,True,minimize encoded/useful bytes and maximize useful throughput,undefined; nondominance is not a scalar winner rule,"[""108205ac5753ad668f93f453"",""9dc25821d2814bb3cb759a5b"",""df4fddd65a3b778cb450071b"",""2ea58debd4903e867235ee0a"",""2601ccc08ab57706180c24a7""]"
272c3abd3fa1ccf6abf9,3a3235fb5ac11447c2b0,pr160-warm-smooth-crops,damacy,damacy,smooth4,random-1x256x256,local block storage,smooth4-zstd-1024-16,1048576,"[8,256,256]",zstd,16384,compression/output,1.832327486174522,maximize,1.5510468997846723,False,minimize encoded/useful bytes and maximize useful throughput,undefined; nondominance is not a scalar winner rule,"[""9c0486aa951edd3b3805f4b9"",""c228608d27f2a673b75d2e6f"",""f68972910913567aefc7eea9"",""d4a1a652b61864188436d596"",""aa28de6972de250c1363ea91""]"
272c3abd3fa1ccf6abf9,4e979dd81fe3d66bdc94,pr160-warm-smooth-crops,damacy,damacy,smooth4,random-1x256x256,local block storage,smooth4-zstd-64-16,65536,"[1,128,256]",zstd,16384,compression/output,1.8307918674640946,maximize,5.298948329457145,True,minimize encoded/useful bytes and maximize useful throughput,undefined; nondominance is not a scalar winner rule,"[""4dad72bbe29cc3aa9f68ec7c"",""b5981a90904c7077bab91f64"",""89fe32bded97da91d106e693"",""6f956e462cd3f720e06231f0"",""cebbcc71e28858b5640cec4f""]"
272c3abd3fa1ccf6abf9,6eab42695648f8e10b37,pr160-warm-smooth-crops,damacy,damacy,smooth4,random-1x256x256,local block storage,smooth4-lz4-16-16,16384,"[1,64,128]",lz4,16384,compression/output,1.5700748798465642,maximize,3.2957750843594464,False,minimize encoded/useful bytes and maximize useful throughput,undefined; nondominance is not a scalar winner rule,"[""43faa43edf3bb08e1aefeb94"",""194762fbf7009ed00a4e3111"",""78c5912a7abeeab3a5436f32"",""d22058f74b4dbf65518e8a8c"",""719e1fca81458a106872a662""]"
272c3abd3fa1ccf6abf9,7dbe3be5d7c0404b2046,pr160-warm-smooth-crops,damacy,damacy,smooth4,random-1x256x256,local block storage,smooth4-lz4-1024-16,1048576,"[8,256,256]",lz4,16384,compression/output,1.5673371618357246,maximize,2.7807599080165875,False,minimize encoded/useful bytes and maximize useful throughput,undefined; nondominance is not a scalar winner rule,"[""5c4186b208b666eae02dfc65"",""297fff300763c1966fbf7723"",""a0be309f426b8d6ccce6e256"",""e88e96b35c0e70ec733c0d19"",""855f2077b78b422aed812020""]"
272c3abd3fa1ccf6abf9,d9707ae46bccc2362cca,pr160-warm-smooth-crops,damacy,damacy,smooth4,random-1x256x256,local block storage,smooth4-zstd-16-16,16384,"[1,64,128]",zstd,16384,compression/output,1.8332768219493596,maximize,3.4070969855555573,True,minimize encoded/useful bytes and maximize useful throughput,undefined; nondominance is not a scalar winner rule,"[""d01a0b236c1d2ecfcb31f7cc"",""177b2784475c01665a97095e"",""9268760d4a9e2337763c8321"",""cc8737c3545b257b0015e44a"",""3d726f7db3197b67048b18f6""]"
272c3abd3fa1ccf6abf9,e3592bf6eed0f5428743,pr160-warm-smooth-crops,damacy,damacy,smooth4,random-1x256x256,local block storage,smooth4-lz4-64-16,65536,"[1,128,256]",lz4,16384,compression/output,1.5662134506489405,maximize,6.0036164775044805,True,minimize encoded/useful bytes and maximize useful throughput,undefined; nondominance is not a scalar winner rule,"[""88a44a27b04b11143068309e"",""697b3934de664f541001bde8"",""a1d157426c49633552133054"",""a1ee2d6a8784dd4e67d077b6"",""cc0c5f93017193b0d51ebde8""]"
272c3abd3fa1ccf6abf9,eecd67f6ea0e9b38b954,pr160-warm-smooth-crops,damacy,damacy,smooth4,random-1x256x256,local block storage,smooth4-zstd-256-16,262144,"[2,256,256]",zstd,16384,compression/output,1.8320201563813308,maximize,3.916910098403079,True,minimize encoded/useful bytes and maximize useful throughput,undefined; nondominance is not a scalar winner rule,"[""d6475cdcc1e6b95f98639600"",""372bb7d2b7e0bd5fbec3d8db"",""78a4f3e4ad697efa6b9e39a0"",""78d7ed03da48c1356f7e76d8"",""85467c90b0cbc9488f70b745""]"
272c3abd3fa1ccf6abf9,2e97d7f7ebd29c8c3421,pr160-warm-smooth-crops,damacy,damacy,smooth4,random-1x256x256,local block storage,smooth4-lz4-256-16,262144,"[2,256,256]",lz4,16384,encoded-traffic/output,4.98397309705615,minimize,5.583798697994235,False,minimize encoded/useful bytes and maximize useful throughput,undefined; nondominance is not a scalar winner rule,"[""108205ac5753ad668f93f453"",""9dc25821d2814bb3cb759a5b"",""df4fddd65a3b778cb450071b"",""2ea58debd4903e867235ee0a"",""2601ccc08ab57706180c24a7""]"
272c3abd3fa1ccf6abf9,3a3235fb5ac11447c2b0,pr160-warm-smooth-crops,damacy,damacy,smooth4,random-1x256x256,local block storage,smooth4-zstd-1024-16,1048576,"[8,256,256]",zstd,16384,encoded-traffic/output,16.133194990456104,minimize,1.5510468997846723,False,minimize encoded/useful bytes and maximize useful throughput,undefined; nondominance is not a scalar winner rule,"[""9c0486aa951edd3b3805f4b9"",""c228608d27f2a673b75d2e6f"",""f68972910913567aefc7eea9"",""d4a1a652b61864188436d596"",""aa28de6972de250c1363ea91""]"
272c3abd3fa1ccf6abf9,4e979dd81fe3d66bdc94,pr160-warm-smooth-crops,damacy,damacy,smooth4,random-1x256x256,local block storage,smooth4-zstd-64-16,65536,"[1,128,256]",zstd,16384,encoded-traffic/output,1.6161403451114893,minimize,5.298948329457145,True,minimize encoded/useful bytes and maximize useful throughput,undefined; nondominance is not a scalar winner rule,"[""4dad72bbe29cc3aa9f68ec7c"",""b5981a90904c7077bab91f64"",""89fe32bded97da91d106e693"",""6f956e462cd3f720e06231f0"",""cebbcc71e28858b5640cec4f""]"
272c3abd3fa1ccf6abf9,6eab42695648f8e10b37,pr160-warm-smooth-crops,damacy,damacy,smooth4,random-1x256x256,local block storage,smooth4-lz4-16-16,16384,"[1,64,128]",lz4,16384,encoded-traffic/output,1.1781878285109997,minimize,3.2957750843594464,False,minimize encoded/useful bytes and maximize useful throughput,undefined; nondominance is not a scalar winner rule,"[""43faa43edf3bb08e1aefeb94"",""194762fbf7009ed00a4e3111"",""78c5912a7abeeab3a5436f32"",""d22058f74b4dbf65518e8a8c"",""719e1fca81458a106872a662""]"
272c3abd3fa1ccf6abf9,7dbe3be5d7c0404b2046,pr160-warm-smooth-crops,damacy,damacy,smooth4,random-1x256x256,local block storage,smooth4-lz4-1024-16,1048576,"[8,256,256]",lz4,16384,encoded-traffic/output,18.86148552969098,minimize,2.7807599080165875,False,minimize encoded/useful bytes and maximize useful throughput,undefined; nondominance is not a scalar winner rule,"[""5c4186b208b666eae02dfc65"",""297fff300763c1966fbf7723"",""a0be309f426b8d6ccce6e256"",""e88e96b35c0e70ec733c0d19"",""855f2077b78b422aed812020""]"
272c3abd3fa1ccf6abf9,d9707ae46bccc2362cca,pr160-warm-smooth-crops,damacy,damacy,smooth4,random-1x256x256,local block storage,smooth4-zstd-16-16,16384,"[1,64,128]",zstd,16384,encoded-traffic/output,1.0089429263025522,minimize,3.4070969855555573,True,minimize encoded/useful bytes and maximize useful throughput,undefined; nondominance is not a scalar winner rule,"[""d01a0b236c1d2ecfcb31f7cc"",""177b2784475c01665a97095e"",""9268760d4a9e2337763c8321"",""cc8737c3545b257b0015e44a"",""3d726f7db3197b67048b18f6""]"
272c3abd3fa1ccf6abf9,e3592bf6eed0f5428743,pr160-warm-smooth-crops,damacy,damacy,smooth4,random-1x256x256,local block storage,smooth4-lz4-64-16,65536,"[1,128,256]",lz4,16384,encoded-traffic/output,1.8891322519630194,minimize,6.0036164775044805,True,minimize encoded/useful bytes and maximize useful throughput,undefined; nondominance is not a scalar winner rule,"[""88a44a27b04b11143068309e"",""697b3934de664f541001bde8"",""a1d157426c49633552133054"",""a1ee2d6a8784dd4e67d077b6"",""cc0c5f93017193b0d51ebde8""]"
272c3abd3fa1ccf6abf9,eecd67f6ea0e9b38b954,pr160-warm-smooth-crops,damacy,damacy,smooth4,random-1x256x256,local block storage,smooth4-zstd-256-16,262144,"[2,256,256]",zstd,16384,encoded-traffic/output,4.263618890196085,minimize,3.916910098403079,False,minimize encoded/useful bytes and maximize useful throughput,undefined; nondominance is not a scalar winner rule,"[""d6475cdcc1e6b95f98639600"",""372bb7d2b7e0bd5fbec3d8db"",""78a4f3e4ad697efa6b9e39a0"",""78d7ed03da48c1356f7e76d8"",""85467c90b0cbc9488f70b745""]"
95310912c93baa8e7b97,2eec8e89e0121d651cf4,cpu-fixed-layout-pilot,tensorstore,tensorstore,smooth4,random-1x256x256,local block storage,smooth4-lz4-64-16,65536,"[1,128,256]",lz4,16384,compression/output,1.5663428823641548,maximize,2.3108899115904773,False,none; fixed layout,undefined; nondominance is not a scalar winner rule,"[""a941539f63f73623b2c894d6"",""99881db1ef1044912f493c49"",""beb74cf2c845f67eaf061626""]"
95310912c93baa8e7b97,7108b9b7a5ef9440b221,cpu-fixed-layout-pilot,tensorstore,tensorstore,smooth4,random-1x256x256,local block storage,smooth4-zstd-64-16,65536,"[1,128,256]",zstd,16384,compression/output,1.8309433434379625,maximize,2.4654099381744756,True,none; fixed layout,undefined; nondominance is not a scalar winner rule,"[""38344f69cacca9f28fc55a46"",""af68bfc7264675e700f984a1"",""a32d669d2df8578a23053c10""]"
95310912c93baa8e7b97,2eec8e89e0121d651cf4,cpu-fixed-layout-pilot,tensorstore,tensorstore,smooth4,random-1x256x256,local block storage,smooth4-lz4-64-16,65536,"[1,128,256]",lz4,16384,local-storage-traffic/output,2.051105181376139,minimize,2.3108899115904773,False,none; fixed layout,undefined; nondominance is not a scalar winner rule,"[""a941539f63f73623b2c894d6"",""99881db1ef1044912f493c49"",""beb74cf2c845f67eaf061626""]"
95310912c93baa8e7b97,7108b9b7a5ef9440b221,cpu-fixed-layout-pilot,tensorstore,tensorstore,smooth4,random-1x256x256,local block storage,smooth4-zstd-64-16,65536,"[1,128,256]",zstd,16384,local-storage-traffic/output,1.7883246285574776,minimize,2.4654099381744756,True,none; fixed layout,undefined; nondominance is not a scalar winner rule,"[""38344f69cacca9f28fc55a46"",""af68bfc7264675e700f984a1"",""a32d669d2df8578a23053c10""]"
15eb014354e7cec6a7a4,2f2c43fd0b5c62327ab1,pr160-cold-storage,damacy,damacy,random12,aligned,local block storage,random12-lz4-64-16,65536,"[1,128,256]",lz4,16384,compression/output,1.3213973393284457,maximize,2.4191388318304567,False,minimize storage/useful bytes and maximize useful throughput,undefined; nondominance is not a scalar winner rule,"[""958a570fb0062ede56218258"",""555669faf339248764b7857c"",""fad3b2f4697d2b90e41c9187""]"
15eb014354e7cec6a7a4,6c7e513dbbe54a58ea79,pr160-cold-storage,damacy,damacy,random12,aligned,local block storage,random12-zstd-64-16,65536,"[1,128,256]",zstd,16384,compression/output,1.3279292888390097,maximize,2.4491309711200064,True,minimize storage/useful bytes and maximize useful throughput,undefined; nondominance is not a scalar winner rule,"[""c3c7fb9cf69c78c4597f7722"",""67166d9a02c6395989809f0c"",""1513717d5c744894eab89da7""]"
15eb014354e7cec6a7a4,2f2c43fd0b5c62327ab1,pr160-cold-storage,damacy,damacy,random12,aligned,local block storage,random12-lz4-64-16,65536,"[1,128,256]",lz4,16384,encoded-traffic/output,0.755052924156189,minimize,2.4191388318304567,False,minimize storage/useful bytes and maximize useful throughput,undefined; nondominance is not a scalar winner rule,"[""958a570fb0062ede56218258"",""555669faf339248764b7857c"",""fad3b2f4697d2b90e41c9187""]"
15eb014354e7cec6a7a4,6c7e513dbbe54a58ea79,pr160-cold-storage,damacy,damacy,random12,aligned,local block storage,random12-zstd-64-16,65536,"[1,128,256]",zstd,16384,encoded-traffic/output,0.7513376716524363,minimize,2.4491309711200064,True,minimize storage/useful bytes and maximize useful throughput,undefined; nondominance is not a scalar winner rule,"[""c3c7fb9cf69c78c4597f7722"",""67166d9a02c6395989809f0c"",""1513717d5c744894eab89da7""]"
15eb014354e7cec6a7a4,2f2c43fd0b5c62327ab1,pr160-cold-storage,damacy,damacy,random12,aligned,local block storage,random12-lz4-64-16,65536,"[1,128,256]",lz4,16384,local-storage-traffic/output,0.8932298932756696,minimize,2.4191388318304567,False,minimize storage/useful bytes and maximize useful throughput,undefined; nondominance is not a scalar winner rule,"[""958a570fb0062ede56218258"",""555669faf339248764b7857c"",""fad3b2f4697d2b90e41c9187""]"
15eb014354e7cec6a7a4,6c7e513dbbe54a58ea79,pr160-cold-storage,damacy,damacy,random12,aligned,local block storage,random12-zstd-64-16,65536,"[1,128,256]",zstd,16384,local-storage-traffic/output,0.8924511500767299,minimize,2.4491309711200064,True,minimize storage/useful bytes and maximize useful throughput,undefined; nondominance is not a scalar winner rule,"[""c3c7fb9cf69c78c4597f7722"",""67166d9a02c6395989809f0c"",""1513717d5c744894eab89da7""]"
e0e8703262dc47eab85c,2f68473e73b507608be8,pr160-warm-random-crops,damacy,damacy,random12,aligned,local block storage,random12-zstd-64-16,65536,"[1,128,256]",zstd,16384,compression/output,1.3279292888390097,maximize,14.666221087883299,False,minimize encoded/useful bytes and maximize useful throughput,undefined; nondominance is not a scalar winner rule,"[""ac4105dc2c9544ada82f2292"",""823410c8d0a65bb893369fe4"",""fd57ff116a1bc7ba7bdd6d04"",""7b955f323b13801562460f5a"",""bda4a9263a843737c79e4798""]"
e0e8703262dc47eab85c,6145afc45c249c7379fd,pr160-warm-random-crops,damacy,damacy,random12,aligned,local block storage,random12-lz4-256-16,262144,"[2,256,256]",lz4,16384,compression/output,1.322037086504447,maximize,15.138192382294969,False,minimize encoded/useful bytes and maximize useful throughput,undefined; nondominance is not a scalar winner rule,"[""77daff8d141d371569c0de00"",""277c36fd0cbeef471e1c8ee9"",""15f2cd62dcf6675b4e9884d1"",""2bd6cfe4ee798e27360bf456"",""2a614e662763ac28a9c5d379""]"
e0e8703262dc47eab85c,77de7e9d0ff83f3bc1da,pr160-warm-random-crops,damacy,damacy,random12,aligned,local block storage,random12-lz4-1024-16,1048576,"[8,256,256]",lz4,16384,compression/output,1.322197120100801,maximize,8.170578288676525,False,minimize encoded/useful bytes and maximize useful throughput,undefined; nondominance is not a scalar winner rule,"[""6af1e7fc01c5e3b2982bd1d2"",""2df8ec0ca4127c6099d71198"",""a0c89cc2dfa6367204494afa"",""c4004be8159f641f16420288"",""3a1a09fc2580b063a11b8bce""]"
e0e8703262dc47eab85c,7a5bbf60f2033fb8746f,pr160-warm-random-crops,damacy,damacy,random12,aligned,local block storage,random12-lz4-16-16,16384,"[1,64,128]",lz4,16384,compression/output,1.3188445768380552,maximize,6.7798429579140285,False,minimize encoded/useful bytes and maximize useful throughput,undefined; nondominance is not a scalar winner rule,"[""0ce722764fbd8d5c2e6d86c5"",""5e679b49e69a44a09cc6c320"",""27556c9043c361e026500f10"",""8012bf7d58bb99e99227655a"",""2a22b41677f71ed445b766af""]"
e0e8703262dc47eab85c,93703882801f38f9a7bc,pr160-warm-random-crops,damacy,damacy,random12,aligned,local block storage,random12-lz4-64-16,65536,"[1,128,256]",lz4,16384,compression/output,1.3213973393284457,maximize,12.301631524952786,False,minimize encoded/useful bytes and maximize useful throughput,undefined; nondominance is not a scalar winner rule,"[""6245f766cac6d9090f887e1d"",""ab05b7bf3bdee1083274e5d1"",""9f70b3066c7dc8713680de9c"",""e48c4fcc17826af702b7c57f"",""234684d0dbf0ad80df3abace""]"
e0e8703262dc47eab85c,a73a1fb676ca9d114645,pr160-warm-random-crops,damacy,damacy,random12,aligned,local block storage,random12-zstd-256-16,262144,"[2,256,256]",zstd,16384,compression/output,1.3285753780077916,maximize,15.82647895189262,True,minimize encoded/useful bytes and maximize useful throughput,undefined; nondominance is not a scalar winner rule,"[""76033622a89cf5cd655025b0"",""c18481892c9f087ec89377b4"",""b3aefb3e9009e84c36166d47"",""5139de44a0ac1366afc833d0"",""52a264886708ae96a6fb5806""]"
e0e8703262dc47eab85c,d9c46d4bca5ba44530b2,pr160-warm-random-crops,damacy,damacy,random12,aligned,local block storage,random12-zstd-16-16,16384,"[1,64,128]",zstd,16384,compression/output,1.3253511793173984,maximize,5.308118170294481,False,minimize encoded/useful bytes and maximize useful throughput,undefined; nondominance is not a scalar winner rule,"[""4b408c62c85352fd717fac8a"",""8ad7f9ae694c05db202b5fce"",""c0613e4ec7d77b86f5b89e0a"",""8b7fc20772e4be927eb28051"",""18bb8503b0b6d5e432e7a5ab""]"
e0e8703262dc47eab85c,f31274f9cf68f0c89d70,pr160-warm-random-crops,damacy,damacy,random12,aligned,local block storage,random12-zstd-1024-16,1048576,"[8,256,256]",zstd,16384,compression/output,1.3287369985455217,maximize,8.731667365950807,True,minimize encoded/useful bytes and maximize useful throughput,undefined; nondominance is not a scalar winner rule,"[""f3c9ac8526ffeedf647ee18f"",""ef17d64380bd2521a32a7239"",""e2cb8d1f26886208baa525ea"",""d8ccca69969d4ddbe9476e11"",""1b1273cee8fd5f83b845eca3""]"
e0e8703262dc47eab85c,2f68473e73b507608be8,pr160-warm-random-crops,damacy,damacy,random12,aligned,local block storage,random12-zstd-64-16,65536,"[1,128,256]",zstd,16384,encoded-traffic/output,0.7513376716524363,minimize,14.666221087883299,True,minimize encoded/useful bytes and maximize useful throughput,undefined; nondominance is not a scalar winner rule,"[""ac4105dc2c9544ada82f2292"",""823410c8d0a65bb893369fe4"",""fd57ff116a1bc7ba7bdd6d04"",""7b955f323b13801562460f5a"",""bda4a9263a843737c79e4798""]"
e0e8703262dc47eab85c,6145afc45c249c7379fd,pr160-warm-random-crops,damacy,damacy,random12,aligned,local block storage,random12-lz4-256-16,262144,"[2,256,256]",lz4,16384,encoded-traffic/output,1.5071551334112883,minimize,15.138192382294969,False,minimize encoded/useful bytes and maximize useful throughput,undefined; nondominance is not a scalar winner rule,"[""77daff8d141d371569c0de00"",""277c36fd0cbeef471e1c8ee9"",""15f2cd62dcf6675b4e9884d1"",""2bd6cfe4ee798e27360bf456"",""2a614e662763ac28a9c5d379""]"
e0e8703262dc47eab85c,77de7e9d0ff83f3bc1da,pr160-warm-random-crops,damacy,damacy,random12,aligned,local block storage,random12-lz4-1024-16,1048576,"[8,256,256]",lz4,16384,encoded-traffic/output,5.944058064371347,minimize,8.170578288676525,False,minimize encoded/useful bytes and maximize useful throughput,undefined; nondominance is not a scalar winner rule,"[""6af1e7fc01c5e3b2982bd1d2"",""2df8ec0ca4127c6099d71198"",""a0c89cc2dfa6367204494afa"",""c4004be8159f641f16420288"",""3a1a09fc2580b063a11b8bce""]"
e0e8703262dc47eab85c,7a5bbf60f2033fb8746f,pr160-warm-random-crops,damacy,damacy,random12,aligned,local block storage,random12-lz4-16-16,16384,"[1,64,128]",lz4,16384,encoded-traffic/output,0.7557838652282953,minimize,6.7798429579140285,False,minimize encoded/useful bytes and maximize useful throughput,undefined; nondominance is not a scalar winner rule,"[""0ce722764fbd8d5c2e6d86c5"",""5e679b49e69a44a09cc6c320"",""27556c9043c361e026500f10"",""8012bf7d58bb99e99227655a"",""2a22b41677f71ed445b766af""]"
e0e8703262dc47eab85c,93703882801f38f9a7bc,pr160-warm-random-crops,damacy,damacy,random12,aligned,local block storage,random12-lz4-64-16,65536,"[1,128,256]",lz4,16384,encoded-traffic/output,0.755052924156189,minimize,12.301631524952786,False,minimize encoded/useful bytes and maximize useful throughput,undefined; nondominance is not a scalar winner rule,"[""6245f766cac6d9090f887e1d"",""ab05b7bf3bdee1083274e5d1"",""9f70b3066c7dc8713680de9c"",""e48c4fcc17826af702b7c57f"",""234684d0dbf0ad80df3abace""]"
e0e8703262dc47eab85c,a73a1fb676ca9d114645,pr160-warm-random-crops,damacy,damacy,random12,aligned,local block storage,random12-zstd-256-16,262144,"[2,256,256]",zstd,16384,encoded-traffic/output,1.4997372590005398,minimize,15.82647895189262,True,minimize encoded/useful bytes and maximize useful throughput,undefined; nondominance is not a scalar winner rule,"[""76033622a89cf5cd655025b0"",""c18481892c9f087ec89377b4"",""b3aefb3e9009e84c36166d47"",""5139de44a0ac1366afc833d0"",""52a264886708ae96a6fb5806""]"
e0e8703262dc47eab85c,d9c46d4bca5ba44530b2,pr160-warm-random-crops,damacy,damacy,random12,aligned,local block storage,random12-zstd-16-16,16384,"[1,64,128]",zstd,16384,encoded-traffic/output,0.7520687337964773,minimize,5.308118170294481,False,minimize encoded/useful bytes and maximize useful throughput,undefined; nondominance is not a scalar winner rule,"[""4b408c62c85352fd717fac8a"",""8ad7f9ae694c05db202b5fce"",""c0613e4ec7d77b86f5b89e0a"",""8b7fc20772e4be927eb28051"",""18bb8503b0b6d5e432e7a5ab""]"
e0e8703262dc47eab85c,f31274f9cf68f0c89d70,pr160-warm-random-crops,damacy,damacy,random12,aligned,local block storage,random12-zstd-1024-16,1048576,"[8,256,256]",zstd,16384,encoded-traffic/output,5.914801392704248,minimize,8.731667365950807,False,minimize encoded/useful bytes and maximize useful throughput,undefined; nondominance is not a scalar winner rule,"[""f3c9ac8526ffeedf647ee18f"",""ef17d64380bd2521a32a7239"",""e2cb8d1f26886208baa525ea"",""d8ccca69969d4ddbe9476e11"",""1b1273cee8fd5f83b845eca3""]"
69867e896e3d10abac83,2f812430aba5b936934a,cpu-buffer-control,damacy,chunks256-default,smooth4,random-1x256x256,local block storage,smooth4-zstd-64-16,65536,"[1,128,256]",zstd,16384,compression/output,1.8309433434379625,maximize,3.29916566099855,True,none; fixed layout,undefined; nondominance is not a scalar winner rule,"[""14db787bef65e24361209af3"",""04d37dc444a9cfa0394f6df9"",""1e7e21fd23e668d946171cf6""]"
69867e896e3d10abac83,aa7523d1a41cfd987ac3,cpu-buffer-control,damacy,chunks256-default,smooth4,random-1x256x256,local block storage,smooth4-lz4-64-16,65536,"[1,128,256]",lz4,16384,compression/output,1.5663428823641548,maximize,3.038672448615974,False,none; fixed layout,undefined; nondominance is not a scalar winner rule,"[""a03f472bc02e497f96ac5cee"",""d3ec22cd338e8aab4cd90561"",""a8d84123b7831fcc7b23301c""]"
69867e896e3d10abac83,2f812430aba5b936934a,cpu-buffer-control,damacy,chunks256-default,smooth4,random-1x256x256,local block storage,smooth4-zstd-64-16,65536,"[1,128,256]",zstd,16384,encoded-traffic/output,1.627149775158614,minimize,3.29916566099855,True,none; fixed layout,undefined; nondominance is not a scalar winner rule,"[""14db787bef65e24361209af3"",""04d37dc444a9cfa0394f6df9"",""1e7e21fd23e668d946171cf6""]"
69867e896e3d10abac83,aa7523d1a41cfd987ac3,cpu-buffer-control,damacy,chunks256-default,smooth4,random-1x256x256,local block storage,smooth4-lz4-64-16,65536,"[1,128,256]",lz4,16384,encoded-traffic/output,1.9021935942582786,minimize,3.038672448615974,False,none; fixed layout,undefined; nondominance is not a scalar winner rule,"[""a03f472bc02e497f96ac5cee"",""d3ec22cd338e8aab4cd90561"",""a8d84123b7831fcc7b23301c""]"
69867e896e3d10abac83,2f812430aba5b936934a,cpu-buffer-control,damacy,chunks256-default,smooth4,random-1x256x256,local block storage,smooth4-zstd-64-16,65536,"[1,128,256]",zstd,16384,local-storage-traffic/output,2.1186616685655384,minimize,3.29916566099855,True,none; fixed layout,undefined; nondominance is not a scalar winner rule,"[""14db787bef65e24361209af3"",""04d37dc444a9cfa0394f6df9"",""1e7e21fd23e668d946171cf6""]"
69867e896e3d10abac83,aa7523d1a41cfd987ac3,cpu-buffer-control,damacy,chunks256-default,smooth4,random-1x256x256,local block storage,smooth4-lz4-64-16,65536,"[1,128,256]",lz4,16384,local-storage-traffic/output,2.3807709217071533,minimize,3.038672448615974,False,none; fixed layout,undefined; nondominance is not a scalar winner rule,"[""a03f472bc02e497f96ac5cee"",""d3ec22cd338e8aab4cd90561"",""a8d84123b7831fcc7b23301c""]"
7ba7f8398025c0834791,32d2e2cf02ce148ca06f,cpu-scheduling-paired,damacy,after,smooth4,full-scan,local block storage,smooth4-lz4-64-16,65536,"[1,128,256]",lz4,16384,compression/output,1.5663428823641548,maximize,18.961634086732232,True,none; fixed layout,undefined; nondominance is not a scalar winner rule,"[""0bb7771558962fe7ef781309"",""715f5f4b97f14101431d9242"",""5b5d2e58a4a17e612ee55347""]"
7ba7f8398025c0834791,4a68e5f081dbff550653,cpu-scheduling-paired,damacy,after,smooth4,full-scan,local block storage,smooth4-zstd-64-16,65536,"[1,128,256]",zstd,16384,compression/output,1.8309433434379625,maximize,16.137465776419816,True,none; fixed layout,undefined; nondominance is not a scalar winner rule,"[""c4ca5937d397096c9364a468"",""2f8f2a66ec6836c534de69ae"",""49070f9c80a6019d91bc0dd9""]"
7ba7f8398025c0834791,32d2e2cf02ce148ca06f,cpu-scheduling-paired,damacy,after,smooth4,full-scan,local block storage,smooth4-lz4-64-16,65536,"[1,128,256]",lz4,16384,encoded-traffic/output,0.6381856728112325,minimize,18.961634086732232,True,none; fixed layout,undefined; nondominance is not a scalar winner rule,"[""0bb7771558962fe7ef781309"",""715f5f4b97f14101431d9242"",""5b5d2e58a4a17e612ee55347""]"
7ba7f8398025c0834791,4a68e5f081dbff550653,cpu-scheduling-paired,damacy,after,smooth4,full-scan,local block storage,smooth4-zstd-64-16,65536,"[1,128,256]",zstd,16384,encoded-traffic/output,0.5459224006626755,minimize,16.137465776419816,True,none; fixed layout,undefined; nondominance is not a scalar winner rule,"[""c4ca5937d397096c9364a468"",""2f8f2a66ec6836c534de69ae"",""49070f9c80a6019d91bc0dd9""]"
7ba7f8398025c0834791,32d2e2cf02ce148ca06f,cpu-scheduling-paired,damacy,after,smooth4,full-scan,local block storage,smooth4-lz4-64-16,65536,"[1,128,256]",lz4,16384,local-storage-traffic/output,0.0,minimize,18.961634086732232,True,none; fixed layout,undefined; nondominance is not a scalar winner rule,"[""0bb7771558962fe7ef781309"",""715f5f4b97f14101431d9242"",""5b5d2e58a4a17e612ee55347""]"
7ba7f8398025c0834791,4a68e5f081dbff550653,cpu-scheduling-paired,damacy,after,smooth4,full-scan,local block storage,smooth4-zstd-64-16,65536,"[1,128,256]",zstd,16384,local-storage-traffic/output,0.0,minimize,16.137465776419816,False,none; fixed layout,undefined; nondominance is not a scalar winner rule,"[""c4ca5937d397096c9364a468"",""2f8f2a66ec6836c534de69ae"",""49070f9c80a6019d91bc0dd9""]"
7bb2000acf5cadb7a1e3,33a3450bf21eecb1db7c,cpu-readahead-control,damacy,persistent-default,smooth4,random-1x256x256,local block storage,smooth4-lz4-64-16,65536,"[1,128,256]",lz4,16384,compression/output,1.5663428823641548,maximize,2.0499453734797615,False,none; fixed layout,undefined; nondominance is not a scalar winner rule,"[""fce30458e0bd13adece294cc"",""d276e29b96065e4a6ee82395"",""acf07237f40d160bf56d2883""]"
7bb2000acf5cadb7a1e3,4aabe80f1fc0b73a7001,cpu-readahead-control,damacy,persistent-default,smooth4,random-1x256x256,local block storage,smooth4-zstd-64-16,65536,"[1,128,256]",zstd,16384,compression/output,1.8309433434379625,maximize,2.061051459930021,True,none; fixed layout,undefined; nondominance is not a scalar winner rule,"[""eb896465c2ae49daee18d980"",""71e3df9cac700223055ed328"",""60149230fdd5c57a900875a2""]"
7bb2000acf5cadb7a1e3,33a3450bf21eecb1db7c,cpu-readahead-control,damacy,persistent-default,smooth4,random-1x256x256,local block storage,smooth4-lz4-64-16,65536,"[1,128,256]",lz4,16384,encoded-traffic/output,1.9021935942582786,minimize,2.0499453734797615,False,none; fixed layout,undefined; nondominance is not a scalar winner rule,"[""fce30458e0bd13adece294cc"",""d276e29b96065e4a6ee82395"",""acf07237f40d160bf56d2883""]"
7bb2000acf5cadb7a1e3,4aabe80f1fc0b73a7001,cpu-readahead-control,damacy,persistent-default,smooth4,random-1x256x256,local block storage,smooth4-zstd-64-16,65536,"[1,128,256]",zstd,16384,encoded-traffic/output,1.627149775158614,minimize,2.061051459930021,True,none; fixed layout,undefined; nondominance is not a scalar winner rule,"[""eb896465c2ae49daee18d980"",""71e3df9cac700223055ed328"",""60149230fdd5c57a900875a2""]"
7bb2000acf5cadb7a1e3,33a3450bf21eecb1db7c,cpu-readahead-control,damacy,persistent-default,smooth4,random-1x256x256,local block storage,smooth4-lz4-64-16,65536,"[1,128,256]",lz4,16384,local-storage-traffic/output,2.4049514134724936,minimize,2.0499453734797615,False,none; fixed layout,undefined; nondominance is not a scalar winner rule,"[""fce30458e0bd13adece294cc"",""d276e29b96065e4a6ee82395"",""acf07237f40d160bf56d2883""]"
7bb2000acf5cadb7a1e3,4aabe80f1fc0b73a7001,cpu-readahead-control,damacy,persistent-default,smooth4,random-1x256x256,local block storage,smooth4-zstd-64-16,65536,"[1,128,256]",zstd,16384,local-storage-traffic/output,2.1332066853841147,minimize,2.061051459930021,True,none; fixed layout,undefined; nondominance is not a scalar winner rule,"[""eb896465c2ae49daee18d980"",""71e3df9cac700223055ed328"",""60149230fdd5c57a900875a2""]"
d73a63aa9d19b92df8da,343170b9c2c84596e0a1,cpu-readahead-control,tensorstore,tensorstore,smooth4,full-scan,local block storage,smooth4-lz4-64-16,65536,"[1,128,256]",lz4,16384,compression/output,1.5663428823641548,maximize,8.441242999772017,False,none; fixed layout,undefined; nondominance is not a scalar winner rule,"[""d2f62d3bc6cb4c55c14217c4"",""6bf10ac651fa2dbb8d531ec8"",""a5174beba5e14683896d6d8d""]"
d73a63aa9d19b92df8da,cd5e13edc43eb0983c70,cpu-readahead-control,tensorstore,tensorstore,smooth4,full-scan,local block storage,smooth4-zstd-64-16,65536,"[1,128,256]",zstd,16384,compression/output,1.8309433434379625,maximize,11.925553248610788,True,none; fixed layout,undefined; nondominance is not a scalar winner rule,"[""5e5ea4a2e5eb4e21a8e28ba3"",""6a3358e8c857e76c8b70c54f"",""e658682b76537f1f4bdde576""]"
d73a63aa9d19b92df8da,343170b9c2c84596e0a1,cpu-readahead-control,tensorstore,tensorstore,smooth4,full-scan,local block storage,smooth4-lz4-64-16,65536,"[1,128,256]",lz4,16384,local-storage-traffic/output,0.6384228070576986,minimize,8.441242999772017,False,none; fixed layout,undefined; nondominance is not a scalar winner rule,"[""d2f62d3bc6cb4c55c14217c4"",""6bf10ac651fa2dbb8d531ec8"",""a5174beba5e14683896d6d8d""]"
d73a63aa9d19b92df8da,cd5e13edc43eb0983c70,cpu-readahead-control,tensorstore,tensorstore,smooth4,full-scan,local block storage,smooth4-zstd-64-16,65536,"[1,128,256]",zstd,16384,local-storage-traffic/output,0.5461609363555908,minimize,11.925553248610788,True,none; fixed layout,undefined; nondominance is not a scalar winner rule,"[""5e5ea4a2e5eb4e21a8e28ba3"",""6a3358e8c857e76c8b70c54f"",""e658682b76537f1f4bdde576""]"
c3761bde49c52f180130,349ffa68cff754afb4d6,pr160-warm-random-crops,damacy,damacy,random12,random-1x128x128,local block storage,random12-zstd-256-16,262144,"[2,256,256]",zstd,16384,compression/output,1.3285753780077916,maximize,2.9139215936727476,True,minimize encoded/useful bytes and maximize useful throughput,undefined; nondominance is not a scalar winner rule,"[""cc9c721ca65127f08c9e9b42"",""eca45869cc9c87e847e89b9d"",""5f87a873695341554253db87"",""5463f813f040116a58a68b5a"",""1770ee651a136651749c4856""]"
c3761bde49c52f180130,3c4389a82fe6be417a33,pr160-warm-random-crops,damacy,damacy,random12,random-1x128x128,local block storage,random12-lz4-16-16,16384,"[1,64,128]",lz4,16384,compression/output,1.3188445768380552,maximize,2.1903777744204227,False,minimize encoded/useful bytes and maximize useful throughput,undefined; nondominance is not a scalar winner rule,"[""4d587c688cb7a4eadd34eee3"",""726f1fc667c666fd8eb67a0e"",""28777e6503e7b81a34e0b00f"",""b8190c85657be13869054e2e"",""a4e930184e9a535e09a3f73f""]"
c3761bde49c52f180130,4ca295bc32788897b680,pr160-warm-random-crops,damacy,damacy,random12,random-1x128x128,local block storage,random12-zstd-16-16,16384,"[1,64,128]",zstd,16384,compression/output,1.3253511793173984,maximize,2.2575910719803813,False,minimize encoded/useful bytes and maximize useful throughput,undefined; nondominance is not a scalar winner rule,"[""abcbe318aef750d090a97136"",""b190349a9918eb3f102bb5a0"",""a5c026308d2ec22617e9120b"",""34c7094273ee647d77d87c93"",""5f5aa951f4a0d47e517c621d""]"
c3761bde49c52f180130,5ae610934cee5ce8c172,pr160-warm-random-crops,damacy,damacy,random12,random-1x128x128,local block storage,random12-lz4-64-16,65536,"[1,128,256]",lz4,16384,compression/output,1.3213973393284457,maximize,2.9389453993692642,False,minimize encoded/useful bytes and maximize useful throughput,undefined; nondominance is not a scalar winner rule,"[""a080da26f56a14ce29c1f865"",""6cf4a2cbd33dd1ca689aab01"",""3deb6e52a8546c9a41ccec03"",""405f26ee6867c5ae025a84e8"",""2fd04ce762d5c9a59eac563f""]"
c3761bde49c52f180130,5db8d0c59ac2d695f3d0,pr160-warm-random-crops,damacy,damacy,random12,random-1x128x128,local block storage,random12-zstd-1024-16,1048576,"[8,256,256]",zstd,16384,compression/output,1.3287369985455217,maximize,1.44346189103551,True,minimize encoded/useful bytes and maximize useful throughput,undefined; nondominance is not a scalar winner rule,"[""9dc08c91ea532186c39789d6"",""cfba1bfcd592fbd73f93f6ea"",""3c8fe69fd5645af06875744f"",""1d5742a36fcdf05caa5a061d"",""ddac42591a813b88a1277719""]"
c3761bde49c52f180130,7d82f05c504bcbd9234a,pr160-warm-random-crops,damacy,damacy,random12,random-1x128x128,local block storage,random12-lz4-1024-16,1048576,"[8,256,256]",lz4,16384,compression/output,1.322197120100801,maximize,1.2779516158793656,False,minimize encoded/useful bytes and maximize useful throughput,undefined; nondominance is not a scalar winner rule,"[""64cd231a86db8adf7d73a239"",""abf4bcfa761f130e3eef6f4d"",""0fc6c168ecbeba4f7ab0d2eb"",""287f74e6ce3196b8c2c4f6e9"",""eaa9f6be870afcc6f9c87498""]"
c3761bde49c52f180130,90dae230b5ed6114ae70,pr160-warm-random-crops,damacy,damacy,random12,random-1x128x128,local block storage,random12-lz4-256-16,262144,"[2,256,256]",lz4,16384,compression/output,1.322037086504447,maximize,2.992487612114772,False,minimize encoded/useful bytes and maximize useful throughput,undefined; nondominance is not a scalar winner rule,"[""261c023a28b3fbda6ac847b1"",""2022c5be590f6edf64873b1a"",""12d40be9e293cf1539fbaaeb"",""8b1e917b4bc8b80511424cc4"",""316bfeadcad58d3ebcda1281""]"
c3761bde49c52f180130,ec8ca4eca948939a4eaa,pr160-warm-random-crops,damacy,damacy,random12,random-1x128x128,local block storage,random12-zstd-64-16,65536,"[1,128,256]",zstd,16384,compression/output,1.3279292888390097,maximize,3.087120602711274,True,minimize encoded/useful bytes and maximize useful throughput,undefined; nondominance is not a scalar winner rule,"[""f58bd30c178e4e774f2b1777"",""cdb2d18ef40067179f81596a"",""e691bf80421ccb9f744d1783"",""f90a34cfda13bfc6361564d7"",""ede7a417d1c5a7f6dc97f152""]"
c3761bde49c52f180130,349ffa68cff754afb4d6,pr160-warm-random-crops,damacy,damacy,random12,random-1x128x128,local block storage,random12-zstd-256-16,262144,"[2,256,256]",zstd,16384,encoded-traffic/output,12.114026889204979,minimize,2.9139215936727476,False,minimize encoded/useful bytes and maximize useful throughput,undefined; nondominance is not a scalar winner rule,"[""cc9c721ca65127f08c9e9b42"",""eca45869cc9c87e847e89b9d"",""5f87a873695341554253db87"",""5463f813f040116a58a68b5a"",""1770ee651a136651749c4856""]"
c3761bde49c52f180130,3c4389a82fe6be417a33,pr160-warm-random-crops,damacy,damacy,random12,random-1x128x128,local block storage,random12-lz4-16-16,16384,"[1,64,128]",lz4,16384,encoded-traffic/output,2.2466451600193977,minimize,2.1903777744204227,False,minimize encoded/useful bytes and maximize useful throughput,undefined; nondominance is not a scalar winner rule,"[""4d587c688cb7a4eadd34eee3"",""726f1fc667c666fd8eb67a0e"",""28777e6503e7b81a34e0b00f"",""b8190c85657be13869054e2e"",""a4e930184e9a535e09a3f73f""]"
c3761bde49c52f180130,4ca295bc32788897b680,pr160-warm-random-crops,damacy,damacy,random12,random-1x128x128,local block storage,random12-zstd-16-16,16384,"[1,64,128]",zstd,16384,encoded-traffic/output,2.2356020361185074,minimize,2.2575910719803813,True,minimize encoded/useful bytes and maximize useful throughput,undefined; nondominance is not a scalar winner rule,"[""abcbe318aef750d090a97136"",""b190349a9918eb3f102bb5a0"",""a5c026308d2ec22617e9120b"",""34c7094273ee647d77d87c93"",""5f5aa951f4a0d47e517c621d""]"
c3761bde49c52f180130,5ae610934cee5ce8c172,pr160-warm-random-crops,damacy,damacy,random12,random-1x128x128,local block storage,random12-lz4-64-16,65536,"[1,128,256]",lz4,16384,encoded-traffic/output,4.263980343937874,minimize,2.9389453993692642,False,minimize encoded/useful bytes and maximize useful throughput,undefined; nondominance is not a scalar winner rule,"[""a080da26f56a14ce29c1f865"",""6cf4a2cbd33dd1ca689aab01"",""3deb6e52a8546c9a41ccec03"",""405f26ee6867c5ae025a84e8"",""2fd04ce762d5c9a59eac563f""]"
c3761bde49c52f180130,5db8d0c59ac2d695f3d0,pr160-warm-random-crops,damacy,damacy,random12,random-1x128x128,local block storage,random12-zstd-1024-16,1048576,"[8,256,256]",zstd,16384,encoded-traffic/output,47.31253092736006,minimize,1.44346189103551,False,minimize encoded/useful bytes and maximize useful throughput,undefined; nondominance is not a scalar winner rule,"[""9dc08c91ea532186c39789d6"",""cfba1bfcd592fbd73f93f6ea"",""3c8fe69fd5645af06875744f"",""1d5742a36fcdf05caa5a061d"",""ddac42591a813b88a1277719""]"
c3761bde49c52f180130,7d82f05c504bcbd9234a,pr160-warm-random-crops,damacy,damacy,random12,random-1x128x128,local block storage,random12-lz4-1024-16,1048576,"[8,256,256]",lz4,16384,encoded-traffic/output,47.54655624181032,minimize,1.2779516158793656,False,minimize encoded/useful bytes and maximize useful throughput,undefined; nondominance is not a scalar winner rule,"[""64cd231a86db8adf7d73a239"",""abf4bcfa761f130e3eef6f4d"",""0fc6c168ecbeba4f7ab0d2eb"",""287f74e6ce3196b8c2c4f6e9"",""eaa9f6be870afcc6f9c87498""]"
c3761bde49c52f180130,90dae230b5ed6114ae70,pr160-warm-random-crops,damacy,damacy,random12,random-1x128x128,local block storage,random12-lz4-256-16,262144,"[2,256,256]",lz4,16384,encoded-traffic/output,12.173943378031254,minimize,2.992487612114772,False,minimize encoded/useful bytes and maximize useful throughput,undefined; nondominance is not a scalar winner rule,"[""261c023a28b3fbda6ac847b1"",""2022c5be590f6edf64873b1a"",""12d40be9e293cf1539fbaaeb"",""8b1e917b4bc8b80511424cc4"",""316bfeadcad58d3ebcda1281""]"
c3761bde49c52f180130,ec8ca4eca948939a4eaa,pr160-warm-random-crops,damacy,damacy,random12,random-1x128x128,local block storage,random12-zstd-64-16,65536,"[1,128,256]",zstd,16384,encoded-traffic/output,4.24300030618906,minimize,3.087120602711274,True,minimize encoded/useful bytes and maximize useful throughput,undefined; nondominance is not a scalar winner rule,"[""f58bd30c178e4e774f2b1777"",""cdb2d18ef40067179f81596a"",""e691bf80421ccb9f744d1783"",""f90a34cfda13bfc6361564d7"",""ede7a417d1c5a7f6dc97f152""]"
0741fca4e2b75f7fb847,35f67e83ed5eb730f960,cpu-buffer-control,damacy,chunks128-random,smooth4,full-scan,local block storage,smooth4-lz4-64-16,65536,"[1,128,256]",lz4,16384,compression/output,1.5663428823641548,maximize,13.260935725957152,True,none; fixed layout,undefined; nondominance is not a scalar winner rule,"[""e2d578694f391d31a1cb820e"",""4e7e229455383b68e332ef43"",""47c72430689569e1890accb2""]"
0741fca4e2b75f7fb847,5d2aeabfee9a9a5bd7ec,cpu-buffer-control,damacy,chunks128-random,smooth4,full-scan,local block storage,smooth4-zstd-64-16,65536,"[1,128,256]",zstd,16384,compression/output,1.8309433434379625,maximize,11.705763893434009,True,none; fixed layout,undefined; nondominance is not a scalar winner rule,"[""93c6b1e2f7e9aa38a006daef"",""7277854bf0018c60d93f05d5"",""377ccc3d37891908e6c85a44""]"
0741fca4e2b75f7fb847,35f67e83ed5eb730f960,cpu-buffer-control,damacy,chunks128-random,smooth4,full-scan,local block storage,smooth4-lz4-64-16,65536,"[1,128,256]",lz4,16384,encoded-traffic/output,0.6381856728112325,minimize,13.260935725957152,True,none; fixed layout,undefined; nondominance is not a scalar winner rule,"[""e2d578694f391d31a1cb820e"",""4e7e229455383b68e332ef43"",""47c72430689569e1890accb2""]"
0741fca4e2b75f7fb847,5d2aeabfee9a9a5bd7ec,cpu-buffer-control,damacy,chunks128-random,smooth4,full-scan,local block storage,smooth4-zstd-64-16,65536,"[1,128,256]",zstd,16384,encoded-traffic/output,0.5459224006626755,minimize,11.705763893434009,True,none; fixed layout,undefined; nondominance is not a scalar winner rule,"[""93c6b1e2f7e9aa38a006daef"",""7277854bf0018c60d93f05d5"",""377ccc3d37891908e6c85a44""]"
0741fca4e2b75f7fb847,35f67e83ed5eb730f960,cpu-buffer-control,damacy,chunks128-random,smooth4,full-scan,local block storage,smooth4-lz4-64-16,65536,"[1,128,256]",lz4,16384,local-storage-traffic/output,0.6381874084472656,minimize,13.260935725957152,True,none; fixed layout,undefined; nondominance is not a scalar winner rule,"[""e2d578694f391d31a1cb820e"",""4e7e229455383b68e332ef43"",""47c72430689569e1890accb2""]"
0741fca4e2b75f7fb847,5d2aeabfee9a9a5bd7ec,cpu-buffer-control,damacy,chunks128-random,smooth4,full-scan,local block storage,smooth4-zstd-64-16,65536,"[1,128,256]",zstd,16384,local-storage-traffic/output,0.5459244251251221,minimize,11.705763893434009,True,none; fixed layout,undefined; nondominance is not a scalar winner rule,"[""93c6b1e2f7e9aa38a006daef"",""7277854bf0018c60d93f05d5"",""377ccc3d37891908e6c85a44""]"
6c7b91ec866b4fc95b05,36be49e2ab74491f7425,cpu-fixed-layout-pilot,tensorstore,tensorstore,smooth4,aligned,local block storage,smooth4-lz4-64-16,65536,"[1,128,256]",lz4,16384,compression/output,1.5663428823641548,maximize,9.40455023479361,False,none; fixed layout,undefined; nondominance is not a scalar winner rule,"[""32104d157972212f4a63942c"",""e1d8016375b34f6faaec04af"",""b26de3b00a073324fce2a68d""]"
6c7b91ec866b4fc95b05,a0ba5f435c4ff3d6b953,cpu-fixed-layout-pilot,tensorstore,tensorstore,smooth4,aligned,local block storage,smooth4-zstd-64-16,65536,"[1,128,256]",zstd,16384,compression/output,1.8309433434379625,maximize,9.634579789645992,True,none; fixed layout,undefined; nondominance is not a scalar winner rule,"[""990307767ba0c03da1861b8e"",""dec3667a75f0229254d044c6"",""4a2aa44f38c8b4ed73565a05""]"
6c7b91ec866b4fc95b05,36be49e2ab74491f7425,cpu-fixed-layout-pilot,tensorstore,tensorstore,smooth4,aligned,local block storage,smooth4-lz4-64-16,65536,"[1,128,256]",lz4,16384,local-storage-traffic/output,0.0,minimize,9.40455023479361,False,none; fixed layout,undefined; nondominance is not a scalar winner rule,"[""32104d157972212f4a63942c"",""e1d8016375b34f6faaec04af"",""b26de3b00a073324fce2a68d""]"
6c7b91ec866b4fc95b05,a0ba5f435c4ff3d6b953,cpu-fixed-layout-pilot,tensorstore,tensorstore,smooth4,aligned,local block storage,smooth4-zstd-64-16,65536,"[1,128,256]",zstd,16384,local-storage-traffic/output,0.0,minimize,9.634579789645992,True,none; fixed layout,undefined; nondominance is not a scalar winner rule,"[""990307767ba0c03da1861b8e"",""dec3667a75f0229254d044c6"",""4a2aa44f38c8b4ed73565a05""]"
761fd3369cd4043cca3e,37eec29813f17b313d0c,cpu-nfs-local-spot,damacy,chunks256-default,smooth4,random-1x256x256,NFS,smooth4-zstd-512-512,524288,"[1,512,512]",zstd,524288,compression/output,1.970907362204299,maximize,1.3059929628947897,True,no recorded winner; exploratory compression/output frontier over four encodings,undefined; nondominance is not a scalar winner rule,"[""63aaa89af9dd7f45ce161be0"",""10232b62b3d408d3af226308"",""70268e480f17e05ab5271802""]"
761fd3369cd4043cca3e,86dba5fc9845deaccd07,cpu-nfs-local-spot,damacy,chunks256-default,smooth4,random-1x256x256,NFS,smooth4-zstd-128-128,131072,"[1,256,256]",zstd,131072,compression/output,1.8644857768631582,maximize,1.0541116368936732,False,no recorded winner; exploratory compression/output frontier over four encodings,undefined; nondominance is not a scalar winner rule,"[""b5c9fef0f7901ce7087032ec"",""241c8e8241b7a0479d1f545a"",""0c31e8b2bafb6a4907c6a496""]"
761fd3369cd4043cca3e,cb478cb7d6d87ed8d80d,cpu-nfs-local-spot,damacy,chunks256-default,smooth4,random-1x256x256,NFS,smooth4-zstd-32-32,32768,"[1,128,128]",zstd,32768,compression/output,1.8451430092694745,maximize,0.8370415520927246,False,no recorded winner; exploratory compression/output frontier over four encodings,undefined; nondominance is not a scalar winner rule,"[""73be2d5706a787a2935ce847"",""9ff16d2e1780d8a17769f1bc"",""074e20538987a770c5de3965""]"
761fd3369cd4043cca3e,f6f7c7e8747336b4849a,cpu-nfs-local-spot,damacy,chunks256-default,smooth4,random-1x256x256,NFS,smooth4-lz4-512-512,524288,"[1,512,512]",lz4,524288,compression/output,1.626606892779916,maximize,1.3435673297209518,True,no recorded winner; exploratory compression/output frontier over four encodings,undefined; nondominance is not a scalar winner rule,"[""e81a96f523f4c156e71d961e"",""a856b250ba02074a1b43b024"",""fead4ffe1bbd9c7fcc45c761""]"
761fd3369cd4043cca3e,37eec29813f17b313d0c,cpu-nfs-local-spot,damacy,chunks256-default,smooth4,random-1x256x256,NFS,smooth4-zstd-512-512,524288,"[1,512,512]",zstd,524288,encoded-traffic/output,4.278482188936323,minimize,1.3059929628947897,True,no recorded winner; exploratory compression/output frontier over four encodings,undefined; nondominance is not a scalar winner rule,"[""63aaa89af9dd7f45ce161be0"",""10232b62b3d408d3af226308"",""70268e480f17e05ab5271802""]"
761fd3369cd4043cca3e,86dba5fc9845deaccd07,cpu-nfs-local-spot,damacy,chunks256-default,smooth4,random-1x256x256,NFS,smooth4-zstd-128-128,131072,"[1,256,256]",zstd,131072,encoded-traffic/output,2.1317356233485043,minimize,1.0541116368936732,True,no recorded winner; exploratory compression/output frontier over four encodings,undefined; nondominance is not a scalar winner rule,"[""b5c9fef0f7901ce7087032ec"",""241c8e8241b7a0479d1f545a"",""0c31e8b2bafb6a4907c6a496""]"
761fd3369cd4043cca3e,cb478cb7d6d87ed8d80d,cpu-nfs-local-spot,damacy,chunks256-default,smooth4,random-1x256x256,NFS,smooth4-zstd-32-32,32768,"[1,128,128]",zstd,32768,encoded-traffic/output,1.2103052278980613,minimize,0.8370415520927246,True,no recorded winner; exploratory compression/output frontier over four encodings,undefined; nondominance is not a scalar winner rule,"[""73be2d5706a787a2935ce847"",""9ff16d2e1780d8a17769f1bc"",""074e20538987a770c5de3965""]"
761fd3369cd4043cca3e,f6f7c7e8747336b4849a,cpu-nfs-local-spot,damacy,chunks256-default,smooth4,random-1x256x256,NFS,smooth4-lz4-512-512,524288,"[1,512,512]",lz4,524288,encoded-traffic/output,5.184270983561873,minimize,1.3435673297209518,True,no recorded winner; exploratory compression/output frontier over four encodings,undefined; nondominance is not a scalar winner rule,"[""e81a96f523f4c156e71d961e"",""a856b250ba02074a1b43b024"",""fead4ffe1bbd9c7fcc45c761""]"
25d7d73151965da3b41e,3ed1a73579a445fa454e,cpu-readahead-control,damacy,batch-random,smooth4,full-scan,local block storage,smooth4-lz4-64-16,65536,"[1,128,256]",lz4,16384,compression/output,1.5663428823641548,maximize,5.0351416352054565,True,none; fixed layout,undefined; nondominance is not a scalar winner rule,"[""e548f01e769c9514c0d7f8a1"",""ea4c98190e85ca9a4416f06d"",""b089f9931d6854af0dc7fc43""]"
25d7d73151965da3b41e,784e7a8593ad3da21249,cpu-readahead-control,damacy,batch-random,smooth4,full-scan,local block storage,smooth4-zstd-64-16,65536,"[1,128,256]",zstd,16384,compression/output,1.8309433434379625,maximize,4.9742224359840295,True,none; fixed layout,undefined; nondominance is not a scalar winner rule,"[""d1936bb04fdd5be400330194"",""45cb44a8ed738ac4d11a6b28"",""b24f5604bdc384bb9d9f403a""]"
25d7d73151965da3b41e,3ed1a73579a445fa454e,cpu-readahead-control,damacy,batch-random,smooth4,full-scan,local block storage,smooth4-lz4-64-16,65536,"[1,128,256]",lz4,16384,encoded-traffic/output,0.6381856728112325,minimize,5.0351416352054565,True,none; fixed layout,undefined; nondominance is not a scalar winner rule,"[""e548f01e769c9514c0d7f8a1"",""ea4c98190e85ca9a4416f06d"",""b089f9931d6854af0dc7fc43""]"
25d7d73151965da3b41e,784e7a8593ad3da21249,cpu-readahead-control,damacy,batch-random,smooth4,full-scan,local block storage,smooth4-zstd-64-16,65536,"[1,128,256]",zstd,16384,encoded-traffic/output,0.5459224006626755,minimize,4.9742224359840295,True,none; fixed layout,undefined; nondominance is not a scalar winner rule,"[""d1936bb04fdd5be400330194"",""45cb44a8ed738ac4d11a6b28"",""b24f5604bdc384bb9d9f403a""]"
25d7d73151965da3b41e,3ed1a73579a445fa454e,cpu-readahead-control,damacy,batch-random,smooth4,full-scan,local block storage,smooth4-lz4-64-16,65536,"[1,128,256]",lz4,16384,local-storage-traffic/output,0.6381874084472656,minimize,5.0351416352054565,True,none; fixed layout,undefined; nondominance is not a scalar winner rule,"[""e548f01e769c9514c0d7f8a1"",""ea4c98190e85ca9a4416f06d"",""b089f9931d6854af0dc7fc43""]"
25d7d73151965da3b41e,784e7a8593ad3da21249,cpu-readahead-control,damacy,batch-random,smooth4,full-scan,local block storage,smooth4-zstd-64-16,65536,"[1,128,256]",zstd,16384,local-storage-traffic/output,0.5459244251251221,minimize,4.9742224359840295,True,none; fixed layout,undefined; nondominance is not a scalar winner rule,"[""d1936bb04fdd5be400330194"",""45cb44a8ed738ac4d11a6b28"",""b24f5604bdc384bb9d9f403a""]"
ebe89b1c7e6159b7f276,40e1b9709343589f9cee,cpu-buffer-control,damacy,chunks256-default,smooth4,full-scan,local block storage,smooth4-zstd-64-16,65536,"[1,128,256]",zstd,16384,compression/output,1.8309433434379625,maximize,19.073066667277917,True,none; fixed layout,undefined; nondominance is not a scalar winner rule,"[""76735c6d6f92999a3704d841"",""69cf379138aab0c509ed8aad"",""d792660ab33c4b06885ad2bd""]"
ebe89b1c7e6159b7f276,56e028d972f85d478587,cpu-buffer-control,damacy,chunks256-default,smooth4,full-scan,local block storage,smooth4-lz4-64-16,65536,"[1,128,256]",lz4,16384,compression/output,1.5663428823641548,maximize,21.720272200863427,True,none; fixed layout,undefined; nondominance is not a scalar winner rule,"[""2d9fdb8abf108a97daec8a59"",""69165c61c7e2c7344ca41a3e"",""3f1e34007f51851aea7368a7""]"
ebe89b1c7e6159b7f276,40e1b9709343589f9cee,cpu-buffer-control,damacy,chunks256-default,smooth4,full-scan,local block storage,smooth4-zstd-64-16,65536,"[1,128,256]",zstd,16384,encoded-traffic/output,0.5459224006626755,minimize,19.073066667277917,True,none; fixed layout,undefined; nondominance is not a scalar winner rule,"[""76735c6d6f92999a3704d841"",""69cf379138aab0c509ed8aad"",""d792660ab33c4b06885ad2bd""]"
ebe89b1c7e6159b7f276,56e028d972f85d478587,cpu-buffer-control,damacy,chunks256-default,smooth4,full-scan,local block storage,smooth4-lz4-64-16,65536,"[1,128,256]",lz4,16384,encoded-traffic/output,0.6381856728112325,minimize,21.720272200863427,True,none; fixed layout,undefined; nondominance is not a scalar winner rule,"[""2d9fdb8abf108a97daec8a59"",""69165c61c7e2c7344ca41a3e"",""3f1e34007f51851aea7368a7""]"
ebe89b1c7e6159b7f276,40e1b9709343589f9cee,cpu-buffer-control,damacy,chunks256-default,smooth4,full-scan,local block storage,smooth4-zstd-64-16,65536,"[1,128,256]",zstd,16384,local-storage-traffic/output,0.5461685657501221,minimize,19.073066667277917,True,none; fixed layout,undefined; nondominance is not a scalar winner rule,"[""76735c6d6f92999a3704d841"",""69cf379138aab0c509ed8aad"",""d792660ab33c4b06885ad2bd""]"
ebe89b1c7e6159b7f276,56e028d972f85d478587,cpu-buffer-control,damacy,chunks256-default,smooth4,full-scan,local block storage,smooth4-lz4-64-16,65536,"[1,128,256]",lz4,16384,local-storage-traffic/output,0.6384315490722656,minimize,21.720272200863427,True,none; fixed layout,undefined; nondominance is not a scalar winner rule,"[""2d9fdb8abf108a97daec8a59"",""69165c61c7e2c7344ca41a3e"",""3f1e34007f51851aea7368a7""]"
057520804536d24059d8,418eaa1262a5502a257c,pr160-warm-xor-crops,damacy,damacy,xor,aligned,local block storage,xor-zstd-64-16,65536,"[1,128,256]",zstd,16384,compression/output,79.34138090744028,maximize,12.010727247150896,False,minimize encoded/useful bytes and maximize useful throughput,undefined; nondominance is not a scalar winner rule,"[""99b27a55af679736838d9d7c"",""078c418c875e5bbad22195d6"",""ee975bab572f221430896f6d"",""087d919f7d95a33e3151fda3"",""eec9e5bd28e05ce9e7db96bc""]"
057520804536d24059d8,4483bf9a2521a2aed8c8,pr160-warm-xor-crops,damacy,damacy,xor,aligned,local block storage,xor-zstd-1024-16,1048576,"[8,256,256]",zstd,16384,compression/output,82.33163303957745,maximize,7.894017151352304,True,minimize encoded/useful bytes and maximize useful throughput,undefined; nondominance is not a scalar winner rule,"[""0e7888e7a811d35f8b7b177d"",""623a6be03473c72637b185ad"",""02d4d2b2c778e88ef8aa50e7"",""6ee11438047e744facfce2e0"",""92e62e4a8c36c22ba6548ba0""]"
057520804536d24059d8,53bd899b34ad2b7b1ac5,pr160-warm-xor-crops,damacy,damacy,xor,aligned,local block storage,xor-zstd-16-16,16384,"[1,64,128]",zstd,16384,compression/output,68.60161805854952,maximize,5.528892152546836,False,minimize encoded/useful bytes and maximize useful throughput,undefined; nondominance is not a scalar winner rule,"[""fc00ab68fdbc8705a47e4b16"",""357d374790389bd8c2baa940"",""3fa570b35650ae479a93a206"",""b4df19dd0c91909108c45475"",""9763be6184e21c1e165fd13a""]"
057520804536d24059d8,96ec2a332374abfcddc6,pr160-warm-xor-crops,damacy,damacy,xor,aligned,local block storage,xor-lz4-1024-16,1048576,"[8,256,256]",lz4,16384,compression/output,21.300396457205785,maximize,10.605762005903907,False,minimize encoded/useful bytes and maximize useful throughput,undefined; nondominance is not a scalar winner rule,"[""a62c522509c1685338615823"",""9087a458a608ff823631aa30"",""386189f4756b7a67f02fad40"",""6828faab2e387aa86ffc1323"",""fc2fb95aadb6e22b13c4cd8e""]"
057520804536d24059d8,bacbcfe50af54c7304fd,pr160-warm-xor-crops,damacy,damacy,xor,aligned,local block storage,xor-lz4-256-16,262144,"[2,256,256]",lz4,16384,compression/output,21.258939197090033,maximize,17.640636320634332,True,minimize encoded/useful bytes and maximize useful throughput,undefined; nondominance is not a scalar winner rule,"[""91ab52cd4a82ce2682f57827"",""1bf56feb6d0a5207f1c36fd7"",""834e8ef734b82bbb732af052"",""d4258c18a6d23d8fb6da153a"",""ab0b71bff4acd9c27ff48092""]"
057520804536d24059d8,ca834d23acf10d5fc932,pr160-warm-xor-crops,damacy,damacy,xor,aligned,local block storage,xor-zstd-256-16,262144,"[2,256,256]",zstd,16384,compression/output,81.7156858477324,maximize,14.324669289364019,True,minimize encoded/useful bytes and maximize useful throughput,undefined; nondominance is not a scalar winner rule,"[""aebbbc7406b50fc90ad8381e"",""5f573df8daa1b8cd13d6db02"",""efef37757cefa0408b33c84c"",""41082be6fcee5a35cee4cf75"",""3d2f8e1ebd135d1c4e746100""]"
057520804536d24059d8,ee9f1252d727491c23ba,pr160-warm-xor-crops,damacy,damacy,xor,aligned,local block storage,xor-lz4-64-16,65536,"[1,128,256]",lz4,16384,compression/output,21.094711466942613,maximize,13.907204295741103,False,minimize encoded/useful bytes and maximize useful throughput,undefined; nondominance is not a scalar winner rule,"[""5cb025288002e9ce0ff87f58"",""106267fc90cc550d11b408fa"",""1c1ae3721b312b040a5e3fa4"",""d126e70d4bccdff6d99a8210"",""4b7fa8fc72534b8f23bbd66e""]"
057520804536d24059d8,fffc62c4aaa74d333657,pr160-warm-xor-crops,damacy,damacy,xor,aligned,local block storage,xor-lz4-16-16,16384,"[1,64,128]",lz4,16384,compression/output,26.701703480938903,maximize,7.083874223148391,False,minimize encoded/useful bytes and maximize useful throughput,undefined; nondominance is not a scalar winner rule,"[""42cb549a5f567ecdf171abf8"",""6460252a51a445dc5706a650"",""586267ac309af9dee34ef9aa"",""0fbbf1aa22ed83227457d644"",""bb7e24a87efd48d853f0d333""]"
057520804536d24059d8,418eaa1262a5502a257c,pr160-warm-xor-crops,damacy,damacy,xor,aligned,local block storage,xor-zstd-64-16,65536,"[1,128,256]",zstd,16384,encoded-traffic/output,0.012334516271948814,minimize,12.010727247150896,True,minimize encoded/useful bytes and maximize useful throughput,undefined; nondominance is not a scalar winner rule,"[""99b27a55af679736838d9d7c"",""078c418c875e5bbad22195d6"",""ee975bab572f221430896f6d"",""087d919f7d95a33e3151fda3"",""eec9e5bd28e05ce9e7db96bc""]"
057520804536d24059d8,4483bf9a2521a2aed8c8,pr160-warm-xor-crops,damacy,damacy,xor,aligned,local block storage,xor-zstd-1024-16,1048576,"[8,256,256]",zstd,16384,encoded-traffic/output,0.09533379971981049,minimize,7.894017151352304,False,minimize encoded/useful bytes and maximize useful throughput,undefined; nondominance is not a scalar winner rule,"[""0e7888e7a811d35f8b7b177d"",""623a6be03473c72637b185ad"",""02d4d2b2c778e88ef8aa50e7"",""6ee11438047e744facfce2e0"",""92e62e4a8c36c22ba6548ba0""]"
057520804536d24059d8,53bd899b34ad2b7b1ac5,pr160-warm-xor-crops,damacy,damacy,xor,aligned,local block storage,xor-zstd-16-16,16384,"[1,64,128]",zstd,16384,encoded-traffic/output,0.013575650751590729,minimize,5.528892152546836,False,minimize encoded/useful bytes and maximize useful throughput,undefined; nondominance is not a scalar winner rule,"[""fc00ab68fdbc8705a47e4b16"",""357d374790389bd8c2baa940"",""3fa570b35650ae479a93a206"",""b4df19dd0c91909108c45475"",""9763be6184e21c1e165fd13a""]"
057520804536d24059d8,96ec2a332374abfcddc6,pr160-warm-xor-crops,damacy,damacy,xor,aligned,local block storage,xor-lz4-1024-16,1048576,"[8,256,256]",lz4,16384,encoded-traffic/output,0.3688678443431854,minimize,10.605762005903907,False,minimize encoded/useful bytes and maximize useful throughput,undefined; nondominance is not a scalar winner rule,"[""a62c522509c1685338615823"",""9087a458a608ff823631aa30"",""386189f4756b7a67f02fad40"",""6828faab2e387aa86ffc1323"",""fc2fb95aadb6e22b13c4cd8e""]"
057520804536d24059d8,bacbcfe50af54c7304fd,pr160-warm-xor-crops,damacy,damacy,xor,aligned,local block storage,xor-lz4-256-16,262144,"[2,256,256]",lz4,16384,encoded-traffic/output,0.09361347556114197,minimize,17.640636320634332,True,minimize encoded/useful bytes and maximize useful throughput,undefined; nondominance is not a scalar winner rule,"[""91ab52cd4a82ce2682f57827"",""1bf56feb6d0a5207f1c36fd7"",""834e8ef734b82bbb732af052"",""d4258c18a6d23d8fb6da153a"",""ab0b71bff4acd9c27ff48092""]"
057520804536d24059d8,ca834d23acf10d5fc932,pr160-warm-xor-crops,damacy,damacy,xor,aligned,local block storage,xor-zstd-256-16,262144,"[2,256,256]",zstd,16384,encoded-traffic/output,0.02426186576485634,minimize,14.324669289364019,True,minimize encoded/useful bytes and maximize useful throughput,undefined; nondominance is not a scalar winner rule,"[""aebbbc7406b50fc90ad8381e"",""5f573df8daa1b8cd13d6db02"",""efef37757cefa0408b33c84c"",""41082be6fcee5a35cee4cf75"",""3d2f8e1ebd135d1c4e746100""]"
057520804536d24059d8,ee9f1252d727491c23ba,pr160-warm-xor-crops,damacy,damacy,xor,aligned,local block storage,xor-lz4-64-16,65536,"[1,128,256]",lz4,16384,encoded-traffic/output,0.0470699816942215,minimize,13.907204295741103,False,minimize encoded/useful bytes and maximize useful throughput,undefined; nondominance is not a scalar winner rule,"[""5cb025288002e9ce0ff87f58"",""106267fc90cc550d11b408fa"",""1c1ae3721b312b040a5e3fa4"",""d126e70d4bccdff6d99a8210"",""4b7fa8fc72534b8f23bbd66e""]"
057520804536d24059d8,fffc62c4aaa74d333657,pr160-warm-xor-crops,damacy,damacy,xor,aligned,local block storage,xor-lz4-16-16,16384,"[1,64,128]",lz4,16384,encoded-traffic/output,0.036405835300683975,minimize,7.083874223148391,False,minimize encoded/useful bytes and maximize useful throughput,undefined; nondominance is not a scalar winner rule,"[""42cb549a5f567ecdf171abf8"",""6460252a51a445dc5706a650"",""586267ac309af9dee34ef9aa"",""0fbbf1aa22ed83227457d644"",""bb7e24a87efd48d853f0d333""]"
4e197fe8fd2b42f4cd5f,4245605ad0b1a8f1398c,pr160-warm-baseline,damacy,damacy,zeros,full-scan,local block storage,zeros-zstd-256-64,262144,"[2,256,256]",zstd,65536,compression/output,1820.432098849156,maximize,33.50073034938259,True,no scalar winner recorded; input/codec control; exported frontiers are descriptive,undefined; nondominance is not a scalar winner rule,"[""bf04fd3ed3edee7332129abf"",""3bd36ef484ac4ba8b87bdae9"",""0e3f7bb346f33b3e08cd8401""]"
4e197fe8fd2b42f4cd5f,a4fa7c8fbb711e41d7fd,pr160-warm-baseline,damacy,damacy,zeros,full-scan,local block storage,zeros-lz4-256-64,262144,"[2,256,256]",lz4,65536,compression/output,231.57577195387384,maximize,34.63924922733351,True,no scalar winner recorded; input/codec control; exported frontiers are descriptive,undefined; nondominance is not a scalar winner rule,"[""c7ea28f807c91e58b897324e"",""54fb92b84a2cf6f24cbd4fbd"",""37ce15ca591d9b38797c7aa2""]"
4e197fe8fd2b42f4cd5f,4245605ad0b1a8f1398c,pr160-warm-baseline,damacy,damacy,zeros,full-scan,local block storage,zeros-zstd-256-64,262144,"[2,256,256]",zstd,65536,encoded-traffic/output,0.00048828125,minimize,33.50073034938259,True,no scalar winner recorded; input/codec control; exported frontiers are descriptive,undefined; nondominance is not a scalar winner rule,"[""bf04fd3ed3edee7332129abf"",""3bd36ef484ac4ba8b87bdae9"",""0e3f7bb346f33b3e08cd8401""]"
4e197fe8fd2b42f4cd5f,a4fa7c8fbb711e41d7fd,pr160-warm-baseline,damacy,damacy,zeros,full-scan,local block storage,zeros-lz4-256-64,262144,"[2,256,256]",lz4,65536,encoded-traffic/output,0.0042572021484375,minimize,34.63924922733351,True,no scalar winner recorded; input/codec control; exported frontiers are descriptive,undefined; nondominance is not a scalar winner rule,"[""c7ea28f807c91e58b897324e"",""54fb92b84a2cf6f24cbd4fbd"",""37ce15ca591d9b38797c7aa2""]"
d2059ef61f65f24208b8,4275ca2e6b4b5de0c947,pr160-warm-patterns,damacy,damacy,xor,full-scan,local block storage,xor-zstd-256-64,262144,"[2,256,256]",zstd,65536,compression/output,115.28192284088601,maximize,29.194555069773013,True,no scalar winner recorded; input/codec control; exported frontiers are descriptive,undefined; nondominance is not a scalar winner rule,"[""118c94e4e274e2196d8643fd"",""126963c6c363961aa3ed6641"",""d7368fdea6f40cb8e51c9e02"",""559976aeff2d179fd56b85a2"",""70ca40fcb5573ab7c72b79ec""]"
d2059ef61f65f24208b8,66a00dd3b28c86ce919d,pr160-warm-patterns,damacy,damacy,xor,full-scan,local block storage,xor-lz4-256-64,262144,"[2,256,256]",lz4,65536,compression/output,33.59312708325903,maximize,29.3220606048833,True,no scalar winner recorded; input/codec control; exported frontiers are descriptive,undefined; nondominance is not a scalar winner rule,"[""140a7708a10f77c4d9574496"",""3c1f34b0b7d4d9628af8becb"",""8e2211f566ef1e5918932b76"",""f4b5a6f2a19fc0c3cbab0fc7"",""7a9887b99e41b693326e9ec1""]"
d2059ef61f65f24208b8,4275ca2e6b4b5de0c947,pr160-warm-patterns,damacy,damacy,xor,full-scan,local block storage,xor-zstd-256-64,262144,"[2,256,256]",zstd,65536,encoded-traffic/output,0.008613348007202148,minimize,29.194555069773013,True,no scalar winner recorded; input/codec control; exported frontiers are descriptive,undefined; nondominance is not a scalar winner rule,"[""118c94e4e274e2196d8643fd"",""126963c6c363961aa3ed6641"",""d7368fdea6f40cb8e51c9e02"",""559976aeff2d179fd56b85a2"",""70ca40fcb5573ab7c72b79ec""]"
d2059ef61f65f24208b8,66a00dd3b28c86ce919d,pr160-warm-patterns,damacy,damacy,xor,full-scan,local block storage,xor-lz4-256-64,262144,"[2,256,256]",lz4,65536,encoded-traffic/output,0.029706954956054688,minimize,29.3220606048833,True,no scalar winner recorded; input/codec control; exported frontiers are descriptive,undefined; nondominance is not a scalar winner rule,"[""140a7708a10f77c4d9574496"",""3c1f34b0b7d4d9628af8becb"",""8e2211f566ef1e5918932b76"",""f4b5a6f2a19fc0c3cbab0fc7"",""7a9887b99e41b693326e9ec1""]"
8eee1d5cbd42eb6487b5,43eac340ce24a461429f,cpu-small-chunks,damacy,chunks256-default,smooth4,random-1x256x256,local block storage,smooth4-zstd-32-16,32768,"[1,128,128]",zstd,16384,compression/output,1.8366829025162181,maximize,3.636158167734458,True,maximize compression and output throughput; original traffic frontier retained separately,undefined; nondominance is not a scalar winner rule,"[""a7e862ae78963c13e624c14a"",""e4981d471353ad2337648e8a"",""7fdbdbbc39a8e8fab2ada60a""]"
8eee1d5cbd42eb6487b5,7cbc16b9869971c42452,cpu-small-chunks,damacy,chunks256-default,smooth4,random-1x256x256,local block storage,smooth4-zstd-16-16,16384,"[1,64,128]",zstd,16384,compression/output,1.8333944608562351,maximize,3.71247322968761,True,maximize compression and output throughput; original traffic frontier retained separately,undefined; nondominance is not a scalar winner rule,"[""79a490112e7affc498514e7a"",""1808ca30063f0ceb34147835"",""a0571a85884f7948b4976140""]"
8eee1d5cbd42eb6487b5,80aea25a03097c7492e9,cpu-small-chunks,damacy,chunks256-default,smooth4,random-1x256x256,local block storage,smooth4-lz4-16-16,16384,"[1,64,128]",lz4,16384,compression/output,1.570198337802875,maximize,3.32689185052666,False,maximize compression and output throughput; original traffic frontier retained separately,undefined; nondominance is not a scalar winner rule,"[""bada4a29ba9d23b757348602"",""7e149946eea7c929fff9869c"",""f985e0db54d0c6ab2dc6da9f""]"
8eee1d5cbd42eb6487b5,99cd5481e55ba80d0a8a,cpu-small-chunks,damacy,chunks256-default,smooth4,random-1x256x256,local block storage,smooth4-lz4-32-16,32768,"[1,128,128]",lz4,16384,compression/output,1.572609772618283,maximize,3.3279087634944102,False,maximize compression and output throughput; original traffic frontier retained separately,undefined; nondominance is not a scalar winner rule,"[""8ae41a9e29971199cd7c2f2c"",""7bcd517977f1e3dad9565281"",""d4e094f5e71292e6308fb312""]"
8eee1d5cbd42eb6487b5,c25c7145e466b02cccfc,cpu-small-chunks,damacy,chunks256-default,smooth4,random-1x256x256,local block storage,smooth4-zstd-64-16,65536,"[1,128,256]",zstd,16384,compression/output,1.8309433434379625,maximize,3.2384981470600116,False,maximize compression and output throughput; original traffic frontier retained separately,undefined; nondominance is not a scalar winner rule,"[""9f6e276ecdd2ebbe0d98977a"",""7eb09d15fb69a32724ec4e8e"",""660fee8f69bc992c16d08c38""]"
8eee1d5cbd42eb6487b5,dc2ec61aae9317777db5,cpu-small-chunks,damacy,chunks256-default,smooth4,random-1x256x256,local block storage,smooth4-zstd-128-16,131072,"[1,256,256]",zstd,16384,compression/output,1.8317621551383316,maximize,3.602894373805735,False,maximize compression and output throughput; original traffic frontier retained separately,undefined; nondominance is not a scalar winner rule,"[""7fa34f78fcf632a8ba6366f9"",""a4adc143178bd655efb17a4c"",""7ca091c4c3c6c14fcd5335af""]"
8eee1d5cbd42eb6487b5,de48cc7cb88a530197a6,cpu-small-chunks,damacy,chunks256-default,smooth4,random-1x256x256,local block storage,smooth4-lz4-64-16,65536,"[1,128,256]",lz4,16384,compression/output,1.5663428823641548,maximize,3.0123132689607117,False,maximize compression and output throughput; original traffic frontier retained separately,undefined; nondominance is not a scalar winner rule,"[""8aa7edcdbdca0aa8e005ffb1"",""289138773a014d3af045bc31"",""b7f510f5ee1e1b18af302631""]"
8eee1d5cbd42eb6487b5,fed3654e153376a5d9fe,cpu-small-chunks,damacy,chunks256-default,smooth4,random-1x256x256,local block storage,smooth4-lz4-128-16,131072,"[1,256,256]",lz4,16384,compression/output,1.5669420934469545,maximize,3.386585295899104,False,maximize compression and output throughput; original traffic frontier retained separately,undefined; nondominance is not a scalar winner rule,"[""dde4e13fe51b47862c32163f"",""a92fbb93d5c7e74ba6804644"",""03d0d997074eee534ac54044""]"
8eee1d5cbd42eb6487b5,43eac340ce24a461429f,cpu-small-chunks,damacy,chunks256-default,smooth4,random-1x256x256,local block storage,smooth4-zstd-32-16,32768,"[1,128,128]",zstd,16384,encoded-traffic/output,1.215849784668535,minimize,3.636158167734458,False,maximize compression and output throughput; original traffic frontier retained separately,undefined; nondominance is not a scalar winner rule,"[""a7e862ae78963c13e624c14a"",""e4981d471353ad2337648e8a"",""7fdbdbbc39a8e8fab2ada60a""]"
8eee1d5cbd42eb6487b5,7cbc16b9869971c42452,cpu-small-chunks,damacy,chunks256-default,smooth4,random-1x256x256,local block storage,smooth4-zstd-16-16,16384,"[1,64,128]",zstd,16384,encoded-traffic/output,1.0136786745861173,minimize,3.71247322968761,True,maximize compression and output throughput; original traffic frontier retained separately,undefined; nondominance is not a scalar winner rule,"[""79a490112e7affc498514e7a"",""1808ca30063f0ceb34147835"",""a0571a85884f7948b4976140""]"
8eee1d5cbd42eb6487b5,80aea25a03097c7492e9,cpu-small-chunks,damacy,chunks256-default,smooth4,random-1x256x256,local block storage,smooth4-lz4-16-16,16384,"[1,64,128]",lz4,16384,encoded-traffic/output,1.1839243085123599,minimize,3.32689185052666,False,maximize compression and output throughput; original traffic frontier retained separately,undefined; nondominance is not a scalar winner rule,"[""bada4a29ba9d23b757348602"",""7e149946eea7c929fff9869c"",""f985e0db54d0c6ab2dc6da9f""]"
8eee1d5cbd42eb6487b5,99cd5481e55ba80d0a8a,cpu-small-chunks,damacy,chunks256-default,smooth4,random-1x256x256,local block storage,smooth4-lz4-32-16,32768,"[1,128,128]",lz4,16384,encoded-traffic/output,1.4202150963246822,minimize,3.3279087634944102,False,maximize compression and output throughput; original traffic frontier retained separately,undefined; nondominance is not a scalar winner rule,"[""8ae41a9e29971199cd7c2f2c"",""7bcd517977f1e3dad9565281"",""d4e094f5e71292e6308fb312""]"
8eee1d5cbd42eb6487b5,c25c7145e466b02cccfc,cpu-small-chunks,damacy,chunks256-default,smooth4,random-1x256x256,local block storage,smooth4-zstd-64-16,65536,"[1,128,256]",zstd,16384,encoded-traffic/output,1.627149775158614,minimize,3.2384981470600116,False,maximize compression and output throughput; original traffic frontier retained separately,undefined; nondominance is not a scalar winner rule,"[""9f6e276ecdd2ebbe0d98977a"",""7eb09d15fb69a32724ec4e8e"",""660fee8f69bc992c16d08c38""]"
8eee1d5cbd42eb6487b5,dc2ec61aae9317777db5,cpu-small-chunks,damacy,chunks256-default,smooth4,random-1x256x256,local block storage,smooth4-zstd-128-16,131072,"[1,256,256]",zstd,16384,encoded-traffic/output,2.1697093159891665,minimize,3.602894373805735,False,maximize compression and output throughput; original traffic frontier retained separately,undefined; nondominance is not a scalar winner rule,"[""7fa34f78fcf632a8ba6366f9"",""a4adc143178bd655efb17a4c"",""7ca091c4c3c6c14fcd5335af""]"
8eee1d5cbd42eb6487b5,de48cc7cb88a530197a6,cpu-small-chunks,damacy,chunks256-default,smooth4,random-1x256x256,local block storage,smooth4-lz4-64-16,65536,"[1,128,256]",lz4,16384,encoded-traffic/output,1.9021935942582786,minimize,3.0123132689607117,False,maximize compression and output throughput; original traffic frontier retained separately,undefined; nondominance is not a scalar winner rule,"[""8aa7edcdbdca0aa8e005ffb1"",""289138773a014d3af045bc31"",""b7f510f5ee1e1b18af302631""]"
8eee1d5cbd42eb6487b5,fed3654e153376a5d9fe,cpu-small-chunks,damacy,chunks256-default,smooth4,random-1x256x256,local block storage,smooth4-lz4-128-16,131072,"[1,256,256]",lz4,16384,encoded-traffic/output,2.5364576554857194,minimize,3.386585295899104,False,maximize compression and output throughput; original traffic frontier retained separately,undefined; nondominance is not a scalar winner rule,"[""dde4e13fe51b47862c32163f"",""a92fbb93d5c7e74ba6804644"",""03d0d997074eee534ac54044""]"
8eee1d5cbd42eb6487b5,43eac340ce24a461429f,cpu-small-chunks,damacy,chunks256-default,smooth4,random-1x256x256,local block storage,smooth4-zstd-32-16,32768,"[1,128,128]",zstd,16384,local-storage-traffic/output,1.553451156616211,minimize,3.636158167734458,False,maximize compression and output throughput; original traffic frontier retained separately,undefined; nondominance is not a scalar winner rule,"[""a7e862ae78963c13e624c14a"",""e4981d471353ad2337648e8a"",""7fdbdbbc39a8e8fab2ada60a""]"
8eee1d5cbd42eb6487b5,7cbc16b9869971c42452,cpu-small-chunks,damacy,chunks256-default,smooth4,random-1x256x256,local block storage,smooth4-zstd-16-16,16384,"[1,64,128]",zstd,16384,local-storage-traffic/output,1.434615135192871,minimize,3.71247322968761,True,maximize compression and output throughput; original traffic frontier retained separately,undefined; nondominance is not a scalar winner rule,"[""79a490112e7affc498514e7a"",""1808ca30063f0ceb34147835"",""a0571a85884f7948b4976140""]"
8eee1d5cbd42eb6487b5,80aea25a03097c7492e9,cpu-small-chunks,damacy,chunks256-default,smooth4,random-1x256x256,local block storage,smooth4-lz4-16-16,16384,"[1,64,128]",lz4,16384,local-storage-traffic/output,1.6974788241916232,minimize,3.32689185052666,False,maximize compression and output throughput; original traffic frontier retained separately,undefined; nondominance is not a scalar winner rule,"[""bada4a29ba9d23b757348602"",""7e149946eea7c929fff9869c"",""f985e0db54d0c6ab2dc6da9f""]"
8eee1d5cbd42eb6487b5,99cd5481e55ba80d0a8a,cpu-small-chunks,damacy,chunks256-default,smooth4,random-1x256x256,local block storage,smooth4-lz4-32-16,32768,"[1,128,128]",lz4,16384,local-storage-traffic/output,1.762108908759223,minimize,3.3279087634944102,False,maximize compression and output throughput; original traffic frontier retained separately,undefined; nondominance is not a scalar winner rule,"[""8ae41a9e29971199cd7c2f2c"",""7bcd517977f1e3dad9565281"",""d4e094f5e71292e6308fb312""]"
8eee1d5cbd42eb6487b5,c25c7145e466b02cccfc,cpu-small-chunks,damacy,chunks256-default,smooth4,random-1x256x256,local block storage,smooth4-zstd-64-16,65536,"[1,128,256]",zstd,16384,local-storage-traffic/output,2.1185290018717446,minimize,3.2384981470600116,False,maximize compression and output throughput; original traffic frontier retained separately,undefined; nondominance is not a scalar winner rule,"[""9f6e276ecdd2ebbe0d98977a"",""7eb09d15fb69a32724ec4e8e"",""660fee8f69bc992c16d08c38""]"
8eee1d5cbd42eb6487b5,dc2ec61aae9317777db5,cpu-small-chunks,damacy,chunks256-default,smooth4,random-1x256x256,local block storage,smooth4-zstd-128-16,131072,"[1,256,256]",zstd,16384,local-storage-traffic/output,2.6090576171875,minimize,3.602894373805735,False,maximize compression and output throughput; original traffic frontier retained separately,undefined; nondominance is not a scalar winner rule,"[""7fa34f78fcf632a8ba6366f9"",""a4adc143178bd655efb17a4c"",""7ca091c4c3c6c14fcd5335af""]"
8eee1d5cbd42eb6487b5,de48cc7cb88a530197a6,cpu-small-chunks,damacy,chunks256-default,smooth4,random-1x256x256,local block storage,smooth4-lz4-64-16,65536,"[1,128,256]",lz4,16384,local-storage-traffic/output,2.3844621181488037,minimize,3.0123132689607117,False,maximize compression and output throughput; original traffic frontier retained separately,undefined; nondominance is not a scalar winner rule,"[""8aa7edcdbdca0aa8e005ffb1"",""289138773a014d3af045bc31"",""b7f510f5ee1e1b18af302631""]"
8eee1d5cbd42eb6487b5,fed3654e153376a5d9fe,cpu-small-chunks,damacy,chunks256-default,smooth4,random-1x256x256,local block storage,smooth4-lz4-128-16,131072,"[1,256,256]",lz4,16384,local-storage-traffic/output,2.9685774909125433,minimize,3.386585295899104,False,maximize compression and output throughput; original traffic frontier retained separately,undefined; nondominance is not a scalar winner rule,"[""dde4e13fe51b47862c32163f"",""a92fbb93d5c7e74ba6804644"",""03d0d997074eee534ac54044""]"
bde51ead2600d7392186,44b14a62bbb923ac7aa3,cpu-scheduling-paired,damacy,after,smooth4,random-1x256x256,local block storage,smooth4-lz4-64-16,65536,"[1,128,256]",lz4,16384,compression/output,1.5663428823641548,maximize,5.7964852403974305,True,none; fixed layout,undefined; nondominance is not a scalar winner rule,"[""086bee3683c5ebf666a5082b"",""ebd717969fe2f347baa0b61f"",""b0ded6ca74d002f8f33772a9""]"
bde51ead2600d7392186,46e12f387130704537a8,cpu-scheduling-paired,damacy,after,smooth4,random-1x256x256,local block storage,smooth4-zstd-64-16,65536,"[1,128,256]",zstd,16384,compression/output,1.8309433434379625,maximize,4.959434030703154,True,none; fixed layout,undefined; nondominance is not a scalar winner rule,"[""1a0dac7cc993025c8c9958bf"",""00942847c5205efa1aa7bcd6"",""b627bbcc52ab738ad698fbc0""]"
bde51ead2600d7392186,44b14a62bbb923ac7aa3,cpu-scheduling-paired,damacy,after,smooth4,random-1x256x256,local block storage,smooth4-lz4-64-16,65536,"[1,128,256]",lz4,16384,encoded-traffic/output,1.9021935942582786,minimize,5.7964852403974305,True,none; fixed layout,undefined; nondominance is not a scalar winner rule,"[""086bee3683c5ebf666a5082b"",""ebd717969fe2f347baa0b61f"",""b0ded6ca74d002f8f33772a9""]"
bde51ead2600d7392186,46e12f387130704537a8,cpu-scheduling-paired,damacy,after,smooth4,random-1x256x256,local block storage,smooth4-zstd-64-16,65536,"[1,128,256]",zstd,16384,encoded-traffic/output,1.627149775158614,minimize,4.959434030703154,True,none; fixed layout,undefined; nondominance is not a scalar winner rule,"[""1a0dac7cc993025c8c9958bf"",""00942847c5205efa1aa7bcd6"",""b627bbcc52ab738ad698fbc0""]"
bde51ead2600d7392186,44b14a62bbb923ac7aa3,cpu-scheduling-paired,damacy,after,smooth4,random-1x256x256,local block storage,smooth4-lz4-64-16,65536,"[1,128,256]",lz4,16384,local-storage-traffic/output,0.0,minimize,5.7964852403974305,True,none; fixed layout,undefined; nondominance is not a scalar winner rule,"[""086bee3683c5ebf666a5082b"",""ebd717969fe2f347baa0b61f"",""b0ded6ca74d002f8f33772a9""]"
bde51ead2600d7392186,46e12f387130704537a8,cpu-scheduling-paired,damacy,after,smooth4,random-1x256x256,local block storage,smooth4-zstd-64-16,65536,"[1,128,256]",zstd,16384,local-storage-traffic/output,0.0,minimize,4.959434030703154,False,none; fixed layout,undefined; nondominance is not a scalar winner rule,"[""1a0dac7cc993025c8c9958bf"",""00942847c5205efa1aa7bcd6"",""b627bbcc52ab738ad698fbc0""]"
ec35584ae467004ef605,45f07e6b372866828020,cpu-buffer-control,damacy,chunks128-default,smooth4,full-scan,local block storage,smooth4-zstd-64-16,65536,"[1,128,256]",zstd,16384,compression/output,1.8309433434379625,maximize,16.379558649593633,True,none; fixed layout,undefined; nondominance is not a scalar winner rule,"[""82662205b3e6fe338a13a6e0"",""a99174dd4100f8297da9270d"",""8d3f7b85ed9cb8b861ccc692""]"
ec35584ae467004ef605,591d71a3ce81237507b2,cpu-buffer-control,damacy,chunks128-default,smooth4,full-scan,local block storage,smooth4-lz4-64-16,65536,"[1,128,256]",lz4,16384,compression/output,1.5663428823641548,maximize,17.240979124754052,True,none; fixed layout,undefined; nondominance is not a scalar winner rule,"[""4f0e54925acc701c3a5e3a42"",""aad0ae399ddc12747f58efab"",""d216d1353c602c20a7faf67d""]"
ec35584ae467004ef605,45f07e6b372866828020,cpu-buffer-control,damacy,chunks128-default,smooth4,full-scan,local block storage,smooth4-zstd-64-16,65536,"[1,128,256]",zstd,16384,encoded-traffic/output,0.5459224006626755,minimize,16.379558649593633,True,none; fixed layout,undefined; nondominance is not a scalar winner rule,"[""82662205b3e6fe338a13a6e0"",""a99174dd4100f8297da9270d"",""8d3f7b85ed9cb8b861ccc692""]"
ec35584ae467004ef605,591d71a3ce81237507b2,cpu-buffer-control,damacy,chunks128-default,smooth4,full-scan,local block storage,smooth4-lz4-64-16,65536,"[1,128,256]",lz4,16384,encoded-traffic/output,0.6381856728112325,minimize,17.240979124754052,True,none; fixed layout,undefined; nondominance is not a scalar winner rule,"[""4f0e54925acc701c3a5e3a42"",""aad0ae399ddc12747f58efab"",""d216d1353c602c20a7faf67d""]"
ec35584ae467004ef605,45f07e6b372866828020,cpu-buffer-control,damacy,chunks128-default,smooth4,full-scan,local block storage,smooth4-zstd-64-16,65536,"[1,128,256]",zstd,16384,local-storage-traffic/output,0.5461685657501221,minimize,16.379558649593633,True,none; fixed layout,undefined; nondominance is not a scalar winner rule,"[""82662205b3e6fe338a13a6e0"",""a99174dd4100f8297da9270d"",""8d3f7b85ed9cb8b861ccc692""]"
ec35584ae467004ef605,591d71a3ce81237507b2,cpu-buffer-control,damacy,chunks128-default,smooth4,full-scan,local block storage,smooth4-lz4-64-16,65536,"[1,128,256]",lz4,16384,local-storage-traffic/output,0.6384315490722656,minimize,17.240979124754052,True,none; fixed layout,undefined; nondominance is not a scalar winner rule,"[""4f0e54925acc701c3a5e3a42"",""aad0ae399ddc12747f58efab"",""d216d1353c602c20a7faf67d""]"
653adbb05022158dc593,4cf42c0c23bf9fe7e1f9,pr160-warm-baseline,damacy,damacy,random16,full-scan,local block storage,random16-lz4-256-64,262144,"[2,256,256]",lz4,65536,compression/output,0.9998779408624615,maximize,29.79167384653015,True,no scalar winner recorded; input/codec control; exported frontiers are descriptive,undefined; nondominance is not a scalar winner rule,"[""92f45cad0c713da2c40c4efb"",""3a967e3a5edd0900c58f1c3b"",""46f91525805efc31810977ab""]"
653adbb05022158dc593,ec74978ffcbfb5036889,pr160-warm-baseline,damacy,damacy,random16,full-scan,local block storage,random16-zstd-256-64,262144,"[2,256,256]",zstd,65536,compression/output,0.9998779408624615,maximize,28.49681964687003,False,no scalar winner recorded; input/codec control; exported frontiers are descriptive,undefined; nondominance is not a scalar winner rule,"[""4ea78157ce33a70ee4ece069"",""748ccce90e7e74629a0d5489"",""8ce9716aeba25e45d4f58c13""]"
653adbb05022158dc593,4cf42c0c23bf9fe7e1f9,pr160-warm-baseline,damacy,damacy,random16,full-scan,local block storage,random16-lz4-256-64,262144,"[2,256,256]",lz4,65536,encoded-traffic/output,1.00006103515625,minimize,29.79167384653015,True,no scalar winner recorded; input/codec control; exported frontiers are descriptive,undefined; nondominance is not a scalar winner rule,"[""92f45cad0c713da2c40c4efb"",""3a967e3a5edd0900c58f1c3b"",""46f91525805efc31810977ab""]"
653adbb05022158dc593,ec74978ffcbfb5036889,pr160-warm-baseline,damacy,damacy,random16,full-scan,local block storage,random16-zstd-256-64,262144,"[2,256,256]",zstd,65536,encoded-traffic/output,1.00006103515625,minimize,28.49681964687003,False,no scalar winner recorded; input/codec control; exported frontiers are descriptive,undefined; nondominance is not a scalar winner rule,"[""4ea78157ce33a70ee4ece069"",""748ccce90e7e74629a0d5489"",""8ce9716aeba25e45d4f58c13""]"
4bd7ee38e0bcb67b76bc,4fcf656602613eedbd4d,cpu-fixed-layout-pilot,damacy,damacy,smooth4,random-1x256x256,local block storage,smooth4-zstd-64-16,65536,"[1,128,256]",zstd,16384,compression/output,1.8309433434379625,maximize,4.501607926852983,True,none; fixed layout,undefined; nondominance is not a scalar winner rule,"[""19170c8c9218b78ef589b5b3"",""f446b2c8eb8a6d343c541399"",""8580b7d36e86ad04f2e2c5fa""]"
4bd7ee38e0bcb67b76bc,e1e81d497b33a9ad56af,cpu-fixed-layout-pilot,damacy,damacy,smooth4,random-1x256x256,local block storage,smooth4-lz4-64-16,65536,"[1,128,256]",lz4,16384,compression/output,1.5663428823641548,maximize,4.805628834644621,True,none; fixed layout,undefined; nondominance is not a scalar winner rule,"[""27ca813cba94658db53479f3"",""74f8ccc2efc4b445ba3ad99a"",""c6790296f257a0e547902a4c""]"
4bd7ee38e0bcb67b76bc,4fcf656602613eedbd4d,cpu-fixed-layout-pilot,damacy,damacy,smooth4,random-1x256x256,local block storage,smooth4-zstd-64-16,65536,"[1,128,256]",zstd,16384,encoded-traffic/output,1.627149775158614,minimize,4.501607926852983,True,none; fixed layout,undefined; nondominance is not a scalar winner rule,"[""19170c8c9218b78ef589b5b3"",""f446b2c8eb8a6d343c541399"",""8580b7d36e86ad04f2e2c5fa""]"
4bd7ee38e0bcb67b76bc,e1e81d497b33a9ad56af,cpu-fixed-layout-pilot,damacy,damacy,smooth4,random-1x256x256,local block storage,smooth4-lz4-64-16,65536,"[1,128,256]",lz4,16384,encoded-traffic/output,1.9021935942582786,minimize,4.805628834644621,True,none; fixed layout,undefined; nondominance is not a scalar winner rule,"[""27ca813cba94658db53479f3"",""74f8ccc2efc4b445ba3ad99a"",""c6790296f257a0e547902a4c""]"
4bd7ee38e0bcb67b76bc,4fcf656602613eedbd4d,cpu-fixed-layout-pilot,damacy,damacy,smooth4,random-1x256x256,local block storage,smooth4-zstd-64-16,65536,"[1,128,256]",zstd,16384,local-storage-traffic/output,0.0,minimize,4.501607926852983,False,none; fixed layout,undefined; nondominance is not a scalar winner rule,"[""19170c8c9218b78ef589b5b3"",""f446b2c8eb8a6d343c541399"",""8580b7d36e86ad04f2e2c5fa""]"
4bd7ee38e0bcb67b76bc,e1e81d497b33a9ad56af,cpu-fixed-layout-pilot,damacy,damacy,smooth4,random-1x256x256,local block storage,smooth4-lz4-64-16,65536,"[1,128,256]",lz4,16384,local-storage-traffic/output,0.0,minimize,4.805628834644621,True,none; fixed layout,undefined; nondominance is not a scalar winner rule,"[""27ca813cba94658db53479f3"",""74f8ccc2efc4b445ba3ad99a"",""c6790296f257a0e547902a4c""]"
34413f7e8e510ec6be63,5370bc0854c98fed4975,cpu-buffer-control,damacy,chunks32-random,smooth4,random-1x256x256,local block storage,smooth4-lz4-64-16,65536,"[1,128,256]",lz4,16384,compression/output,1.5663428823641548,maximize,2.1446617346169607,False,none; fixed layout,undefined; nondominance is not a scalar winner rule,"[""0d3249ec1cbcfd307e63071b"",""0cfee5fb6e09d23b34df90f3"",""6a4a6a8dc9c253e30d0608ff""]"
34413f7e8e510ec6be63,6ba438dbe3e1c8bd1286,cpu-buffer-control,damacy,chunks32-random,smooth4,random-1x256x256,local block storage,smooth4-zstd-64-16,65536,"[1,128,256]",zstd,16384,compression/output,1.8309433434379625,maximize,2.2497564113352353,True,none; fixed layout,undefined; nondominance is not a scalar winner rule,"[""0b91ca7fb632c291c73b0b0a"",""ddf3cbf4a0b5bb77c344b1a2"",""d7fc32968ea012ff7e41bb78""]"
34413f7e8e510ec6be63,5370bc0854c98fed4975,cpu-buffer-control,damacy,chunks32-random,smooth4,random-1x256x256,local block storage,smooth4-lz4-64-16,65536,"[1,128,256]",lz4,16384,encoded-traffic/output,1.9021935942582786,minimize,2.1446617346169607,False,none; fixed layout,undefined; nondominance is not a scalar winner rule,"[""0d3249ec1cbcfd307e63071b"",""0cfee5fb6e09d23b34df90f3"",""6a4a6a8dc9c253e30d0608ff""]"
34413f7e8e510ec6be63,6ba438dbe3e1c8bd1286,cpu-buffer-control,damacy,chunks32-random,smooth4,random-1x256x256,local block storage,smooth4-zstd-64-16,65536,"[1,128,256]",zstd,16384,encoded-traffic/output,1.627149775158614,minimize,2.2497564113352353,True,none; fixed layout,undefined; nondominance is not a scalar winner rule,"[""0b91ca7fb632c291c73b0b0a"",""ddf3cbf4a0b5bb77c344b1a2"",""d7fc32968ea012ff7e41bb78""]"
34413f7e8e510ec6be63,5370bc0854c98fed4975,cpu-buffer-control,damacy,chunks32-random,smooth4,random-1x256x256,local block storage,smooth4-lz4-64-16,65536,"[1,128,256]",lz4,16384,local-storage-traffic/output,1.629842758178711,minimize,2.1446617346169607,False,none; fixed layout,undefined; nondominance is not a scalar winner rule,"[""0d3249ec1cbcfd307e63071b"",""0cfee5fb6e09d23b34df90f3"",""6a4a6a8dc9c253e30d0608ff""]"
34413f7e8e510ec6be63,6ba438dbe3e1c8bd1286,cpu-buffer-control,damacy,chunks32-random,smooth4,random-1x256x256,local block storage,smooth4-zstd-64-16,65536,"[1,128,256]",zstd,16384,local-storage-traffic/output,1.4038677215576172,minimize,2.2497564113352353,True,none; fixed layout,undefined; nondominance is not a scalar winner rule,"[""0b91ca7fb632c291c73b0b0a"",""ddf3cbf4a0b5bb77c344b1a2"",""d7fc32968ea012ff7e41bb78""]"
0cdf7432929fb78c228f,5598acb2e45d895463bc,cpu-scheduling-paired,damacy,before,smooth4,random-1x256x256,local block storage,smooth4-lz4-64-16,65536,"[1,128,256]",lz4,16384,compression/output,1.5663428823641548,maximize,1.7116933756988102,False,none; fixed layout,undefined; nondominance is not a scalar winner rule,"[""79809e5557e09feb990d6ad8"",""70aff981d7e7164fad04e75f"",""4dba7a3f40a2d5df49c775ed""]"
0cdf7432929fb78c228f,df12ddf085405156366f,cpu-scheduling-paired,damacy,before,smooth4,random-1x256x256,local block storage,smooth4-zstd-64-16,65536,"[1,128,256]",zstd,16384,compression/output,1.8309433434379625,maximize,1.78689253096781,True,none; fixed layout,undefined; nondominance is not a scalar winner rule,"[""7baaed24f031c6156bbd949d"",""b9c777e3e29cbd4147126906"",""a8583ea11821aaf8e1a87cde""]"
0cdf7432929fb78c228f,5598acb2e45d895463bc,cpu-scheduling-paired,damacy,before,smooth4,random-1x256x256,local block storage,smooth4-lz4-64-16,65536,"[1,128,256]",lz4,16384,encoded-traffic/output,1.9021935942582786,minimize,1.7116933756988102,False,none; fixed layout,undefined; nondominance is not a scalar winner rule,"[""79809e5557e09feb990d6ad8"",""70aff981d7e7164fad04e75f"",""4dba7a3f40a2d5df49c775ed""]"
0cdf7432929fb78c228f,df12ddf085405156366f,cpu-scheduling-paired,damacy,before,smooth4,random-1x256x256,local block storage,smooth4-zstd-64-16,65536,"[1,128,256]",zstd,16384,encoded-traffic/output,1.627149775158614,minimize,1.78689253096781,True,none; fixed layout,undefined; nondominance is not a scalar winner rule,"[""7baaed24f031c6156bbd949d"",""b9c777e3e29cbd4147126906"",""a8583ea11821aaf8e1a87cde""]"
0cdf7432929fb78c228f,5598acb2e45d895463bc,cpu-scheduling-paired,damacy,before,smooth4,random-1x256x256,local block storage,smooth4-lz4-64-16,65536,"[1,128,256]",lz4,16384,local-storage-traffic/output,3.7021774291992187,minimize,1.7116933756988102,False,none; fixed layout,undefined; nondominance is not a scalar winner rule,"[""79809e5557e09feb990d6ad8"",""70aff981d7e7164fad04e75f"",""4dba7a3f40a2d5df49c775ed""]"
0cdf7432929fb78c228f,df12ddf085405156366f,cpu-scheduling-paired,damacy,before,smooth4,random-1x256x256,local block storage,smooth4-zstd-64-16,65536,"[1,128,256]",zstd,16384,local-storage-traffic/output,3.2913066864013674,minimize,1.78689253096781,True,none; fixed layout,undefined; nondominance is not a scalar winner rule,"[""7baaed24f031c6156bbd949d"",""b9c777e3e29cbd4147126906"",""a8583ea11821aaf8e1a87cde""]"
a29fc84d9f63071ab5eb,55c000582059f0f7040f,cpu-readahead-control,damacy,batch-default,smooth4,aligned,local block storage,smooth4-lz4-64-16,65536,"[1,128,256]",lz4,16384,compression/output,1.5663428823641548,maximize,6.23483056178736,False,none; fixed layout,undefined; nondominance is not a scalar winner rule,"[""d3629f9678f41567e485aa27"",""302ec013811988218a37651a"",""ea5721616ad31d1823c5e360""]"
a29fc84d9f63071ab5eb,5befefe7168fbe35f469,cpu-readahead-control,damacy,batch-default,smooth4,aligned,local block storage,smooth4-zstd-64-16,65536,"[1,128,256]",zstd,16384,compression/output,1.8309433434379625,maximize,7.071632550124103,True,none; fixed layout,undefined; nondominance is not a scalar winner rule,"[""9f00cca1a8ee823b271bee25"",""e48d8737c14bca5e7f96e145"",""2d5632eb9b0f3d075db4cba6""]"
a29fc84d9f63071ab5eb,55c000582059f0f7040f,cpu-readahead-control,damacy,batch-default,smooth4,aligned,local block storage,smooth4-lz4-64-16,65536,"[1,128,256]",lz4,16384,encoded-traffic/output,0.63779460452497,minimize,6.23483056178736,False,none; fixed layout,undefined; nondominance is not a scalar winner rule,"[""d3629f9678f41567e485aa27"",""302ec013811988218a37651a"",""ea5721616ad31d1823c5e360""]"
a29fc84d9f63071ab5eb,5befefe7168fbe35f469,cpu-readahead-control,damacy,batch-default,smooth4,aligned,local block storage,smooth4-zstd-64-16,65536,"[1,128,256]",zstd,16384,encoded-traffic/output,0.5456047845073044,minimize,7.071632550124103,True,none; fixed layout,undefined; nondominance is not a scalar winner rule,"[""9f00cca1a8ee823b271bee25"",""e48d8737c14bca5e7f96e145"",""2d5632eb9b0f3d075db4cba6""]"
a29fc84d9f63071ab5eb,55c000582059f0f7040f,cpu-readahead-control,damacy,batch-default,smooth4,aligned,local block storage,smooth4-lz4-64-16,65536,"[1,128,256]",lz4,16384,local-storage-traffic/output,0.732772946357727,minimize,6.23483056178736,False,none; fixed layout,undefined; nondominance is not a scalar winner rule,"[""d3629f9678f41567e485aa27"",""302ec013811988218a37651a"",""ea5721616ad31d1823c5e360""]"
a29fc84d9f63071ab5eb,5befefe7168fbe35f469,cpu-readahead-control,damacy,batch-default,smooth4,aligned,local block storage,smooth4-zstd-64-16,65536,"[1,128,256]",zstd,16384,local-storage-traffic/output,0.6205939124612248,minimize,7.071632550124103,True,none; fixed layout,undefined; nondominance is not a scalar winner rule,"[""9f00cca1a8ee823b271bee25"",""e48d8737c14bca5e7f96e145"",""2d5632eb9b0f3d075db4cba6""]"
cfa6e96947ebd4d5589b,5c47b265e94163e60e7f,cpu-fixed-layout-pilot,damacy,damacy,smooth4,aligned,local block storage,smooth4-lz4-64-16,65536,"[1,128,256]",lz4,16384,compression/output,1.5663428823641548,maximize,13.359082378727125,True,none; fixed layout,undefined; nondominance is not a scalar winner rule,"[""466447360c474eb004d5e73f"",""e44b9ea036e26a0050de4d3b"",""3658583645424d2793e113d8""]"
cfa6e96947ebd4d5589b,77d2a8d026c237bc9a60,cpu-fixed-layout-pilot,damacy,damacy,smooth4,aligned,local block storage,smooth4-zstd-64-16,65536,"[1,128,256]",zstd,16384,compression/output,1.8309433434379625,maximize,12.015889378989032,True,none; fixed layout,undefined; nondominance is not a scalar winner rule,"[""893215f7124833c48a8acdf6"",""d1b18c3164e13f1c53727099"",""b12f9d6e04c451a6b81ff9cb""]"
cfa6e96947ebd4d5589b,5c47b265e94163e60e7f,cpu-fixed-layout-pilot,damacy,damacy,smooth4,aligned,local block storage,smooth4-lz4-64-16,65536,"[1,128,256]",lz4,16384,encoded-traffic/output,0.63779460452497,minimize,13.359082378727125,True,none; fixed layout,undefined; nondominance is not a scalar winner rule,"[""466447360c474eb004d5e73f"",""e44b9ea036e26a0050de4d3b"",""3658583645424d2793e113d8""]"
cfa6e96947ebd4d5589b,77d2a8d026c237bc9a60,cpu-fixed-layout-pilot,damacy,damacy,smooth4,aligned,local block storage,smooth4-zstd-64-16,65536,"[1,128,256]",zstd,16384,encoded-traffic/output,0.5456047845073044,minimize,12.015889378989032,True,none; fixed layout,undefined; nondominance is not a scalar winner rule,"[""893215f7124833c48a8acdf6"",""d1b18c3164e13f1c53727099"",""b12f9d6e04c451a6b81ff9cb""]"
cfa6e96947ebd4d5589b,5c47b265e94163e60e7f,cpu-fixed-layout-pilot,damacy,damacy,smooth4,aligned,local block storage,smooth4-lz4-64-16,65536,"[1,128,256]",lz4,16384,local-storage-traffic/output,0.0,minimize,13.359082378727125,True,none; fixed layout,undefined; nondominance is not a scalar winner rule,"[""466447360c474eb004d5e73f"",""e44b9ea036e26a0050de4d3b"",""3658583645424d2793e113d8""]"
cfa6e96947ebd4d5589b,77d2a8d026c237bc9a60,cpu-fixed-layout-pilot,damacy,damacy,smooth4,aligned,local block storage,smooth4-zstd-64-16,65536,"[1,128,256]",zstd,16384,local-storage-traffic/output,0.0,minimize,12.015889378989032,False,none; fixed layout,undefined; nondominance is not a scalar winner rule,"[""893215f7124833c48a8acdf6"",""d1b18c3164e13f1c53727099"",""b12f9d6e04c451a6b81ff9cb""]"
95a0306d11a5ca2e1ca7,5c8ecd59ddbc4396f168,cpu-scheduling-paired,damacy,after,smooth4,full-scan,local block storage,smooth4-lz4-64-16,65536,"[1,128,256]",lz4,16384,compression/output,1.5663428823641548,maximize,11.028996269045274,False,none; fixed layout,undefined; nondominance is not a scalar winner rule,"[""9736458c14d3c73b6d4867d4"",""07661a194f4efdb16fb886e9"",""e176defd909325f534ea27b9""]"
95a0306d11a5ca2e1ca7,7b369f6910e059d8b855,cpu-scheduling-paired,damacy,after,smooth4,full-scan,local block storage,smooth4-zstd-64-16,65536,"[1,128,256]",zstd,16384,compression/output,1.8309433434379625,maximize,11.261200198919735,True,none; fixed layout,undefined; nondominance is not a scalar winner rule,"[""2005f87cb03c8e39922799ae"",""62326cab6afdd48d383f8b74"",""391784a3f480c0fa0a06a7e1""]"
95a0306d11a5ca2e1ca7,5c8ecd59ddbc4396f168,cpu-scheduling-paired,damacy,after,smooth4,full-scan,local block storage,smooth4-lz4-64-16,65536,"[1,128,256]",lz4,16384,encoded-traffic/output,0.6381856728112325,minimize,11.028996269045274,False,none; fixed layout,undefined; nondominance is not a scalar winner rule,"[""9736458c14d3c73b6d4867d4"",""07661a194f4efdb16fb886e9"",""e176defd909325f534ea27b9""]"
95a0306d11a5ca2e1ca7,7b369f6910e059d8b855,cpu-scheduling-paired,damacy,after,smooth4,full-scan,local block storage,smooth4-zstd-64-16,65536,"[1,128,256]",zstd,16384,encoded-traffic/output,0.5459224006626755,minimize,11.261200198919735,True,none; fixed layout,undefined; nondominance is not a scalar winner rule,"[""2005f87cb03c8e39922799ae"",""62326cab6afdd48d383f8b74"",""391784a3f480c0fa0a06a7e1""]"
95a0306d11a5ca2e1ca7,5c8ecd59ddbc4396f168,cpu-scheduling-paired,damacy,after,smooth4,full-scan,local block storage,smooth4-lz4-64-16,65536,"[1,128,256]",lz4,16384,local-storage-traffic/output,0.6384315490722656,minimize,11.028996269045274,False,none; fixed layout,undefined; nondominance is not a scalar winner rule,"[""9736458c14d3c73b6d4867d4"",""07661a194f4efdb16fb886e9"",""e176defd909325f534ea27b9""]"
95a0306d11a5ca2e1ca7,7b369f6910e059d8b855,cpu-scheduling-paired,damacy,after,smooth4,full-scan,local block storage,smooth4-zstd-64-16,65536,"[1,128,256]",zstd,16384,local-storage-traffic/output,0.5461685657501221,minimize,11.261200198919735,True,none; fixed layout,undefined; nondominance is not a scalar winner rule,"[""2005f87cb03c8e39922799ae"",""62326cab6afdd48d383f8b74"",""391784a3f480c0fa0a06a7e1""]"
359a140b81cb495823c2,5e3234b8c8dd297a9728,cpu-buffer-control,tensorstore,tensorstore,smooth4,full-scan,local block storage,smooth4-lz4-64-16,65536,"[1,128,256]",lz4,16384,compression/output,1.5663428823641548,maximize,10.920762984623211,True,none; fixed layout,undefined; nondominance is not a scalar winner rule,"[""346ce789250e085f8b08f738"",""4785362971ea4e953f8670f1"",""1d92361707858ae6fcbd6ea8""]"
359a140b81cb495823c2,f4437c53f9fe6b21cc67,cpu-buffer-control,tensorstore,tensorstore,smooth4,full-scan,local block storage,smooth4-zstd-64-16,65536,"[1,128,256]",zstd,16384,compression/output,1.8309433434379625,maximize,10.148022021621195,True,none; fixed layout,undefined; nondominance is not a scalar winner rule,"[""f138bc512fb9bf9207336fc1"",""e2ea036d3f8c79508dd055bf"",""ac03d1a1aeeecac2b2f1596b""]"
359a140b81cb495823c2,5e3234b8c8dd297a9728,cpu-buffer-control,tensorstore,tensorstore,smooth4,full-scan,local block storage,smooth4-lz4-64-16,65536,"[1,128,256]",lz4,16384,local-storage-traffic/output,0.6384138464927673,minimize,10.920762984623211,True,none; fixed layout,undefined; nondominance is not a scalar winner rule,"[""346ce789250e085f8b08f738"",""4785362971ea4e953f8670f1"",""1d92361707858ae6fcbd6ea8""]"
359a140b81cb495823c2,f4437c53f9fe6b21cc67,cpu-buffer-control,tensorstore,tensorstore,smooth4,full-scan,local block storage,smooth4-zstd-64-16,65536,"[1,128,256]",zstd,16384,local-storage-traffic/output,0.5461443662643433,minimize,10.148022021621195,True,none; fixed layout,undefined; nondominance is not a scalar winner rule,"[""f138bc512fb9bf9207336fc1"",""e2ea036d3f8c79508dd055bf"",""ac03d1a1aeeecac2b2f1596b""]"
1f97dd362e4d690e63dc,6008cee67da996b07715,cpu-nfs-local-spot,tensorstore,tensorstore,smooth4,random-1x256x256,local block storage,smooth4-zstd-32-32,32768,"[1,128,128]",zstd,32768,compression/output,1.8451430092694745,maximize,2.538630622141914,False,no recorded winner; exploratory compression/output frontier over four encodings,undefined; nondominance is not a scalar winner rule,"[""bff71a06e9086c0242a3bc45"",""1abbffd9eb6d23002f6cf3c1"",""08f5c6cd3df540050c0fdf84""]"
1f97dd362e4d690e63dc,6ceecee743d4642bb6cf,cpu-nfs-local-spot,tensorstore,tensorstore,smooth4,random-1x256x256,local block storage,smooth4-zstd-512-512,524288,"[1,512,512]",zstd,524288,compression/output,1.970907362204299,maximize,3.2218399171451986,True,no recorded winner; exploratory compression/output frontier over four encodings,undefined; nondominance is not a scalar winner rule,"[""eb0af77af0a78d6371862ae8"",""dc35db20a132dd2cfa729013"",""259b518d0fbbcc028bf692f3""]"
1f97dd362e4d690e63dc,7d6e14ffc88d47c14ef0,cpu-nfs-local-spot,tensorstore,tensorstore,smooth4,random-1x256x256,local block storage,smooth4-zstd-128-128,131072,"[1,256,256]",zstd,131072,compression/output,1.8644857768631582,maximize,2.7051180851384893,False,no recorded winner; exploratory compression/output frontier over four encodings,undefined; nondominance is not a scalar winner rule,"[""ba82fc08f32d974db5f76173"",""882910f5e3d5821be89e2ea7"",""4dfc47fecc71797a4b580818""]"
1f97dd362e4d690e63dc,80af0b13e5447b13c5a9,cpu-nfs-local-spot,tensorstore,tensorstore,smooth4,random-1x256x256,local block storage,smooth4-lz4-512-512,524288,"[1,512,512]",lz4,524288,compression/output,1.626606892779916,maximize,2.9763961294330543,False,no recorded winner; exploratory compression/output frontier over four encodings,undefined; nondominance is not a scalar winner rule,"[""aaf9bb4e998f6136d05a53b7"",""a2ab052171a105b03b7f2de7"",""e0adda0195b7c2e0ec6d0dc9""]"
1f97dd362e4d690e63dc,6008cee67da996b07715,cpu-nfs-local-spot,tensorstore,tensorstore,smooth4,random-1x256x256,local block storage,smooth4-zstd-32-32,32768,"[1,128,128]",zstd,32768,local-storage-traffic/output,1.469845908028739,minimize,2.538630622141914,True,no recorded winner; exploratory compression/output frontier over four encodings,undefined; nondominance is not a scalar winner rule,"[""bff71a06e9086c0242a3bc45"",""1abbffd9eb6d23002f6cf3c1"",""08f5c6cd3df540050c0fdf84""]"
1f97dd362e4d690e63dc,6ceecee743d4642bb6cf,cpu-nfs-local-spot,tensorstore,tensorstore,smooth4,random-1x256x256,local block storage,smooth4-zstd-512-512,524288,"[1,512,512]",zstd,524288,local-storage-traffic/output,3.3318343692355685,minimize,3.2218399171451986,True,no recorded winner; exploratory compression/output frontier over four encodings,undefined; nondominance is not a scalar winner rule,"[""eb0af77af0a78d6371862ae8"",""dc35db20a132dd2cfa729013"",""259b518d0fbbcc028bf692f3""]"
1f97dd362e4d690e63dc,7d6e14ffc88d47c14ef0,cpu-nfs-local-spot,tensorstore,tensorstore,smooth4,random-1x256x256,local block storage,smooth4-zstd-128-128,131072,"[1,256,256]",zstd,131072,local-storage-traffic/output,2.2242396218436107,minimize,2.7051180851384893,True,no recorded winner; exploratory compression/output frontier over four encodings,undefined; nondominance is not a scalar winner rule,"[""ba82fc08f32d974db5f76173"",""882910f5e3d5821be89e2ea7"",""4dfc47fecc71797a4b580818""]"
1f97dd362e4d690e63dc,80af0b13e5447b13c5a9,cpu-nfs-local-spot,tensorstore,tensorstore,smooth4,random-1x256x256,local block storage,smooth4-lz4-512-512,524288,"[1,512,512]",lz4,524288,local-storage-traffic/output,3.9952468872070312,minimize,2.9763961294330543,False,no recorded winner; exploratory compression/output frontier over four encodings,undefined; nondominance is not a scalar winner rule,"[""aaf9bb4e998f6136d05a53b7"",""a2ab052171a105b03b7f2de7"",""e0adda0195b7c2e0ec6d0dc9""]"
6c17d97038a280425c61,602309ffb9707982d3d9,cpu-buffer-control,damacy,chunks256-random,smooth4,random-1x256x256,local block storage,smooth4-lz4-64-16,65536,"[1,128,256]",lz4,16384,compression/output,1.5663428823641548,maximize,3.001879770807607,False,none; fixed layout,undefined; nondominance is not a scalar winner rule,"[""b3b942d050475846398b1aa2"",""716d1edd60d0f61459feb82a"",""d1e395b38a68ff15dd9bfd80""]"
6c17d97038a280425c61,6d88355b5800c6fedbad,cpu-buffer-control,damacy,chunks256-random,smooth4,random-1x256x256,local block storage,smooth4-zstd-64-16,65536,"[1,128,256]",zstd,16384,compression/output,1.8309433434379625,maximize,3.287698250030859,True,none; fixed layout,undefined; nondominance is not a scalar winner rule,"[""d86cc34f3f56499ea207b3e4"",""0f4e5d5b56ab4d468ff0ceef"",""c40a7477f16bde3a40e2502a""]"
6c17d97038a280425c61,602309ffb9707982d3d9,cpu-buffer-control,damacy,chunks256-random,smooth4,random-1x256x256,local block storage,smooth4-lz4-64-16,65536,"[1,128,256]",lz4,16384,encoded-traffic/output,1.9021935942582786,minimize,3.001879770807607,False,none; fixed layout,undefined; nondominance is not a scalar winner rule,"[""b3b942d050475846398b1aa2"",""716d1edd60d0f61459feb82a"",""d1e395b38a68ff15dd9bfd80""]"
6c17d97038a280425c61,6d88355b5800c6fedbad,cpu-buffer-control,damacy,chunks256-random,smooth4,random-1x256x256,local block storage,smooth4-zstd-64-16,65536,"[1,128,256]",zstd,16384,encoded-traffic/output,1.627149775158614,minimize,3.287698250030859,True,none; fixed layout,undefined; nondominance is not a scalar winner rule,"[""d86cc34f3f56499ea207b3e4"",""0f4e5d5b56ab4d468ff0ceef"",""c40a7477f16bde3a40e2502a""]"
6c17d97038a280425c61,602309ffb9707982d3d9,cpu-buffer-control,damacy,chunks256-random,smooth4,random-1x256x256,local block storage,smooth4-lz4-64-16,65536,"[1,128,256]",lz4,16384,local-storage-traffic/output,1.629842758178711,minimize,3.001879770807607,False,none; fixed layout,undefined; nondominance is not a scalar winner rule,"[""b3b942d050475846398b1aa2"",""716d1edd60d0f61459feb82a"",""d1e395b38a68ff15dd9bfd80""]"
6c17d97038a280425c61,6d88355b5800c6fedbad,cpu-buffer-control,damacy,chunks256-random,smooth4,random-1x256x256,local block storage,smooth4-zstd-64-16,65536,"[1,128,256]",zstd,16384,local-storage-traffic/output,1.4038677215576172,minimize,3.287698250030859,True,none; fixed layout,undefined; nondominance is not a scalar winner rule,"[""d86cc34f3f56499ea207b3e4"",""0f4e5d5b56ab4d468ff0ceef"",""c40a7477f16bde3a40e2502a""]"
ad0697876cb4987ddc96,646928239775e5db9689,pr160-cold-storage,damacy,damacy,smooth4,aligned,local block storage,smooth4-zstd-64-16,65536,"[1,128,256]",zstd,16384,compression/output,1.8307918674640946,maximize,3.0148877381042185,True,minimize storage/useful bytes and maximize useful throughput,undefined; nondominance is not a scalar winner rule,"[""ffafbadb9b99ca9d1dc6f152"",""faecaae6aa67114d85985fc4"",""4f1547ec87bf558ee86b65c7""]"
ad0697876cb4987ddc96,8543a1529a433d1d9785,pr160-cold-storage,damacy,damacy,smooth4,aligned,local block storage,smooth4-lz4-64-16,65536,"[1,128,256]",lz4,16384,compression/output,1.5662134506489405,maximize,2.7755495423145344,False,minimize storage/useful bytes and maximize useful throughput,undefined; nondominance is not a scalar winner rule,"[""4261671d4ce91ae5bf37e2e3"",""05b4ee1f79e35158f1e82ec7"",""6a17503018976b4a1bb00d88""]"
ad0697876cb4987ddc96,646928239775e5db9689,pr160-cold-storage,damacy,damacy,smooth4,aligned,local block storage,smooth4-zstd-64-16,65536,"[1,128,256]",zstd,16384,encoded-traffic/output,0.545131254941225,minimize,3.0148877381042185,True,minimize storage/useful bytes and maximize useful throughput,undefined; nondominance is not a scalar winner rule,"[""ffafbadb9b99ca9d1dc6f152"",""faecaae6aa67114d85985fc4"",""4f1547ec87bf558ee86b65c7""]"
ad0697876cb4987ddc96,8543a1529a433d1d9785,pr160-cold-storage,damacy,damacy,smooth4,aligned,local block storage,smooth4-lz4-64-16,65536,"[1,128,256]",lz4,16384,encoded-traffic/output,0.6372457146644592,minimize,2.7755495423145344,False,minimize storage/useful bytes and maximize useful throughput,undefined; nondominance is not a scalar winner rule,"[""4261671d4ce91ae5bf37e2e3"",""05b4ee1f79e35158f1e82ec7"",""6a17503018976b4a1bb00d88""]"
ad0697876cb4987ddc96,646928239775e5db9689,pr160-cold-storage,damacy,damacy,smooth4,aligned,local block storage,smooth4-zstd-64-16,65536,"[1,128,256]",zstd,16384,local-storage-traffic/output,0.6446854086483226,minimize,3.0148877381042185,True,minimize storage/useful bytes and maximize useful throughput,undefined; nondominance is not a scalar winner rule,"[""ffafbadb9b99ca9d1dc6f152"",""faecaae6aa67114d85985fc4"",""4f1547ec87bf558ee86b65c7""]"
ad0697876cb4987ddc96,8543a1529a433d1d9785,pr160-cold-storage,damacy,damacy,smooth4,aligned,local block storage,smooth4-lz4-64-16,65536,"[1,128,256]",lz4,16384,local-storage-traffic/output,0.7296925206338206,minimize,2.7755495423145344,False,minimize storage/useful bytes and maximize useful throughput,undefined; nondominance is not a scalar winner rule,"[""4261671d4ce91ae5bf37e2e3"",""05b4ee1f79e35158f1e82ec7"",""6a17503018976b4a1bb00d88""]"
da1064a8dd53ebd70729,65b50c6ef310df977cb2,cpu-scheduling-paired,damacy,after,smooth4,aligned,local block storage,smooth4-zstd-64-16,65536,"[1,128,256]",zstd,16384,compression/output,1.8309433434379625,maximize,11.274772958922624,True,none; fixed layout,undefined; nondominance is not a scalar winner rule,"[""366c4a1c71c386c581f3f463"",""0d39bd5dc1236c3a5a062a2e"",""1c4420b2f4efd71facf6c885""]"
da1064a8dd53ebd70729,7a1dcd57f5841cf0243c,cpu-scheduling-paired,damacy,after,smooth4,aligned,local block storage,smooth4-lz4-64-16,65536,"[1,128,256]",lz4,16384,compression/output,1.5663428823641548,maximize,13.09079042186878,True,none; fixed layout,undefined; nondominance is not a scalar winner rule,"[""b2d33b3dc2005662c1519e70"",""fd52eb4beeee039c818eefa8"",""075343fa1475ccf3d800c0f1""]"
da1064a8dd53ebd70729,65b50c6ef310df977cb2,cpu-scheduling-paired,damacy,after,smooth4,aligned,local block storage,smooth4-zstd-64-16,65536,"[1,128,256]",zstd,16384,encoded-traffic/output,0.5456047845073044,minimize,11.274772958922624,True,none; fixed layout,undefined; nondominance is not a scalar winner rule,"[""366c4a1c71c386c581f3f463"",""0d39bd5dc1236c3a5a062a2e"",""1c4420b2f4efd71facf6c885""]"
da1064a8dd53ebd70729,7a1dcd57f5841cf0243c,cpu-scheduling-paired,damacy,after,smooth4,aligned,local block storage,smooth4-lz4-64-16,65536,"[1,128,256]",lz4,16384,encoded-traffic/output,0.63779460452497,minimize,13.09079042186878,True,none; fixed layout,undefined; nondominance is not a scalar winner rule,"[""b2d33b3dc2005662c1519e70"",""fd52eb4beeee039c818eefa8"",""075343fa1475ccf3d800c0f1""]"
da1064a8dd53ebd70729,65b50c6ef310df977cb2,cpu-scheduling-paired,damacy,after,smooth4,aligned,local block storage,smooth4-zstd-64-16,65536,"[1,128,256]",zstd,16384,local-storage-traffic/output,0.0,minimize,11.274772958922624,False,none; fixed layout,undefined; nondominance is not a scalar winner rule,"[""366c4a1c71c386c581f3f463"",""0d39bd5dc1236c3a5a062a2e"",""1c4420b2f4efd71facf6c885""]"
da1064a8dd53ebd70729,7a1dcd57f5841cf0243c,cpu-scheduling-paired,damacy,after,smooth4,aligned,local block storage,smooth4-lz4-64-16,65536,"[1,128,256]",lz4,16384,local-storage-traffic/output,0.0,minimize,13.09079042186878,True,none; fixed layout,undefined; nondominance is not a scalar winner rule,"[""b2d33b3dc2005662c1519e70"",""fd52eb4beeee039c818eefa8"",""075343fa1475ccf3d800c0f1""]"
9a9ad4c3039a9209478c,6661c91bd9ea0fa56da9,cpu-scheduling-paired,damacy,before,smooth4,full-scan,local block storage,smooth4-lz4-64-16,65536,"[1,128,256]",lz4,16384,compression/output,1.5663428823641548,maximize,15.519936838182067,True,none; fixed layout,undefined; nondominance is not a scalar winner rule,"[""e677a81af34ef5c22b56a23a"",""dd60784acc201b42d6f3ac47"",""945de7f0fcba60a7fa439f9c""]"
9a9ad4c3039a9209478c,7e1f1d467775d2ba6c49,cpu-scheduling-paired,damacy,before,smooth4,full-scan,local block storage,smooth4-zstd-64-16,65536,"[1,128,256]",zstd,16384,compression/output,1.8309433434379625,maximize,13.62465327334896,True,none; fixed layout,undefined; nondominance is not a scalar winner rule,"[""d066bc6b604d3529922fd5e6"",""234dec1d2ff417de1441b3d5"",""fe00fe1c63accff79cfd9e5c""]"
9a9ad4c3039a9209478c,6661c91bd9ea0fa56da9,cpu-scheduling-paired,damacy,before,smooth4,full-scan,local block storage,smooth4-lz4-64-16,65536,"[1,128,256]",lz4,16384,encoded-traffic/output,0.6381856728112325,minimize,15.519936838182067,True,none; fixed layout,undefined; nondominance is not a scalar winner rule,"[""e677a81af34ef5c22b56a23a"",""dd60784acc201b42d6f3ac47"",""945de7f0fcba60a7fa439f9c""]"
9a9ad4c3039a9209478c,7e1f1d467775d2ba6c49,cpu-scheduling-paired,damacy,before,smooth4,full-scan,local block storage,smooth4-zstd-64-16,65536,"[1,128,256]",zstd,16384,encoded-traffic/output,0.5459224006626755,minimize,13.62465327334896,True,none; fixed layout,undefined; nondominance is not a scalar winner rule,"[""d066bc6b604d3529922fd5e6"",""234dec1d2ff417de1441b3d5"",""fe00fe1c63accff79cfd9e5c""]"
9a9ad4c3039a9209478c,6661c91bd9ea0fa56da9,cpu-scheduling-paired,damacy,before,smooth4,full-scan,local block storage,smooth4-lz4-64-16,65536,"[1,128,256]",lz4,16384,local-storage-traffic/output,0.0,minimize,15.519936838182067,True,none; fixed layout,undefined; nondominance is not a scalar winner rule,"[""e677a81af34ef5c22b56a23a"",""dd60784acc201b42d6f3ac47"",""945de7f0fcba60a7fa439f9c""]"
9a9ad4c3039a9209478c,7e1f1d467775d2ba6c49,cpu-scheduling-paired,damacy,before,smooth4,full-scan,local block storage,smooth4-zstd-64-16,65536,"[1,128,256]",zstd,16384,local-storage-traffic/output,0.0,minimize,13.62465327334896,False,none; fixed layout,undefined; nondominance is not a scalar winner rule,"[""d066bc6b604d3529922fd5e6"",""234dec1d2ff417de1441b3d5"",""fe00fe1c63accff79cfd9e5c""]"
aa796cbcd466c1790281,680168c7d457184f0e34,cpu-scheduling-paired,damacy,before,smooth4,aligned,local block storage,smooth4-zstd-64-16,65536,"[1,128,256]",zstd,16384,compression/output,1.8309433434379625,maximize,12.168243233442482,True,none; fixed layout,undefined; nondominance is not a scalar winner rule,"[""365de00eaca6f244ab671e4c"",""b2117ebcfb2c289082eb36bf"",""cc908c076cab4bdae60a40ad""]"
aa796cbcd466c1790281,d69eccc4ae6d400010af,cpu-scheduling-paired,damacy,before,smooth4,aligned,local block storage,smooth4-lz4-64-16,65536,"[1,128,256]",lz4,16384,compression/output,1.5663428823641548,maximize,13.236323513220205,True,none; fixed layout,undefined; nondominance is not a scalar winner rule,"[""2c244c9fdf528f1e408ea549"",""943cf7dbf263f27a6a39dc1c"",""a2cb8de03a800083242aed5d""]"
aa796cbcd466c1790281,680168c7d457184f0e34,cpu-scheduling-paired,damacy,before,smooth4,aligned,local block storage,smooth4-zstd-64-16,65536,"[1,128,256]",zstd,16384,encoded-traffic/output,0.5456047845073044,minimize,12.168243233442482,True,none; fixed layout,undefined; nondominance is not a scalar winner rule,"[""365de00eaca6f244ab671e4c"",""b2117ebcfb2c289082eb36bf"",""cc908c076cab4bdae60a40ad""]"
aa796cbcd466c1790281,d69eccc4ae6d400010af,cpu-scheduling-paired,damacy,before,smooth4,aligned,local block storage,smooth4-lz4-64-16,65536,"[1,128,256]",lz4,16384,encoded-traffic/output,0.63779460452497,minimize,13.236323513220205,True,none; fixed layout,undefined; nondominance is not a scalar winner rule,"[""2c244c9fdf528f1e408ea549"",""943cf7dbf263f27a6a39dc1c"",""a2cb8de03a800083242aed5d""]"
aa796cbcd466c1790281,680168c7d457184f0e34,cpu-scheduling-paired,damacy,before,smooth4,aligned,local block storage,smooth4-zstd-64-16,65536,"[1,128,256]",zstd,16384,local-storage-traffic/output,0.0,minimize,12.168243233442482,False,none; fixed layout,undefined; nondominance is not a scalar winner rule,"[""365de00eaca6f244ab671e4c"",""b2117ebcfb2c289082eb36bf"",""cc908c076cab4bdae60a40ad""]"
aa796cbcd466c1790281,d69eccc4ae6d400010af,cpu-scheduling-paired,damacy,before,smooth4,aligned,local block storage,smooth4-lz4-64-16,65536,"[1,128,256]",lz4,16384,local-storage-traffic/output,0.0,minimize,13.236323513220205,True,none; fixed layout,undefined; nondominance is not a scalar winner rule,"[""2c244c9fdf528f1e408ea549"",""943cf7dbf263f27a6a39dc1c"",""a2cb8de03a800083242aed5d""]"
3bc4ca0ab8195aa983e3,687c0ad2c460d64dfc19,cpu-readahead-control,damacy,batch-default,smooth4,full-scan,local block storage,smooth4-zstd-64-16,65536,"[1,128,256]",zstd,16384,compression/output,1.8309433434379625,maximize,9.248944964464473,True,none; fixed layout,undefined; nondominance is not a scalar winner rule,"[""a29ff9a8a844a6309aa2202f"",""81d63be404fd2bc8f138be04"",""ec4c583656dcbf065b9efebf""]"
3bc4ca0ab8195aa983e3,a7cfc31a985ef551c7ca,cpu-readahead-control,damacy,batch-default,smooth4,full-scan,local block storage,smooth4-lz4-64-16,65536,"[1,128,256]",lz4,16384,compression/output,1.5663428823641548,maximize,9.942827248303201,True,none; fixed layout,undefined; nondominance is not a scalar winner rule,"[""b4557f78c972490eba8af427"",""c68c98cd1a4ba97bf37d382f"",""678aebe05e0de7651d5aeed9""]"
3bc4ca0ab8195aa983e3,687c0ad2c460d64dfc19,cpu-readahead-control,damacy,batch-default,smooth4,full-scan,local block storage,smooth4-zstd-64-16,65536,"[1,128,256]",zstd,16384,encoded-traffic/output,0.5459224006626755,minimize,9.248944964464473,True,none; fixed layout,undefined; nondominance is not a scalar winner rule,"[""a29ff9a8a844a6309aa2202f"",""81d63be404fd2bc8f138be04"",""ec4c583656dcbf065b9efebf""]"
3bc4ca0ab8195aa983e3,a7cfc31a985ef551c7ca,cpu-readahead-control,damacy,batch-default,smooth4,full-scan,local block storage,smooth4-lz4-64-16,65536,"[1,128,256]",lz4,16384,encoded-traffic/output,0.6381856728112325,minimize,9.942827248303201,True,none; fixed layout,undefined; nondominance is not a scalar winner rule,"[""b4557f78c972490eba8af427"",""c68c98cd1a4ba97bf37d382f"",""678aebe05e0de7651d5aeed9""]"
3bc4ca0ab8195aa983e3,687c0ad2c460d64dfc19,cpu-readahead-control,damacy,batch-default,smooth4,full-scan,local block storage,smooth4-zstd-64-16,65536,"[1,128,256]",zstd,16384,local-storage-traffic/output,0.546147346496582,minimize,9.248944964464473,True,none; fixed layout,undefined; nondominance is not a scalar winner rule,"[""a29ff9a8a844a6309aa2202f"",""81d63be404fd2bc8f138be04"",""ec4c583656dcbf065b9efebf""]"
3bc4ca0ab8195aa983e3,a7cfc31a985ef551c7ca,cpu-readahead-control,damacy,batch-default,smooth4,full-scan,local block storage,smooth4-lz4-64-16,65536,"[1,128,256]",lz4,16384,local-storage-traffic/output,0.6384315490722656,minimize,9.942827248303201,True,none; fixed layout,undefined; nondominance is not a scalar winner rule,"[""b4557f78c972490eba8af427"",""c68c98cd1a4ba97bf37d382f"",""678aebe05e0de7651d5aeed9""]"
de8b99e5182439900edf,70789a19bc73b4e6fe63,cpu-scheduling-paired,tensorstore,tensorstore,smooth4,random-1x256x256,local block storage,smooth4-zstd-64-16,65536,"[1,128,256]",zstd,16384,compression/output,1.8309433434379625,maximize,2.4534933266786916,True,none; fixed layout,undefined; nondominance is not a scalar winner rule,"[""d19b660e4376353e450d6b0f"",""815b79cc234191e8cb46869e"",""2ee2b662cbe484f6492cb92d""]"
de8b99e5182439900edf,790772c851b48b1a6a69,cpu-scheduling-paired,tensorstore,tensorstore,smooth4,random-1x256x256,local block storage,smooth4-lz4-64-16,65536,"[1,128,256]",lz4,16384,compression/output,1.5663428823641548,maximize,2.3077365548220237,False,none; fixed layout,undefined; nondominance is not a scalar winner rule,"[""7e07a45acd7509a2191ee186"",""fa78758eef34e40d806c8d99"",""2458ee8cb9885e80fe844e6f""]"
de8b99e5182439900edf,70789a19bc73b4e6fe63,cpu-scheduling-paired,tensorstore,tensorstore,smooth4,random-1x256x256,local block storage,smooth4-zstd-64-16,65536,"[1,128,256]",zstd,16384,local-storage-traffic/output,1.7858905792236328,minimize,2.4534933266786916,True,none; fixed layout,undefined; nondominance is not a scalar winner rule,"[""d19b660e4376353e450d6b0f"",""815b79cc234191e8cb46869e"",""2ee2b662cbe484f6492cb92d""]"
de8b99e5182439900edf,790772c851b48b1a6a69,cpu-scheduling-paired,tensorstore,tensorstore,smooth4,random-1x256x256,local block storage,smooth4-lz4-64-16,65536,"[1,128,256]",lz4,16384,local-storage-traffic/output,2.057243982950846,minimize,2.3077365548220237,False,none; fixed layout,undefined; nondominance is not a scalar winner rule,"[""7e07a45acd7509a2191ee186"",""fa78758eef34e40d806c8d99"",""2458ee8cb9885e80fe844e6f""]"
abb130f9ae7b34fc6597,72df752e3c705916d49f,cpu-readahead-control,damacy,persistent-random,smooth4,full-scan,local block storage,smooth4-zstd-64-16,65536,"[1,128,256]",zstd,16384,compression/output,1.8309433434379625,maximize,4.957670997296247,True,none; fixed layout,undefined; nondominance is not a scalar winner rule,"[""7b736c551b9d11aaf904c391"",""3d04e2819538c5cb1209c037"",""771c66041edfd199fa6c3a8d""]"
abb130f9ae7b34fc6597,8f56d834d960a3d87338,cpu-readahead-control,damacy,persistent-random,smooth4,full-scan,local block storage,smooth4-lz4-64-16,65536,"[1,128,256]",lz4,16384,compression/output,1.5663428823641548,maximize,5.002972116843456,True,none; fixed layout,undefined; nondominance is not a scalar winner rule,"[""025d2c2c77e6cffd49fd9776"",""a3327101baab62b40aa80cc0"",""54a5a8337f22afc68fb2a209""]"
abb130f9ae7b34fc6597,72df752e3c705916d49f,cpu-readahead-control,damacy,persistent-random,smooth4,full-scan,local block storage,smooth4-zstd-64-16,65536,"[1,128,256]",zstd,16384,encoded-traffic/output,0.5459224006626755,minimize,4.957670997296247,True,none; fixed layout,undefined; nondominance is not a scalar winner rule,"[""7b736c551b9d11aaf904c391"",""3d04e2819538c5cb1209c037"",""771c66041edfd199fa6c3a8d""]"
abb130f9ae7b34fc6597,8f56d834d960a3d87338,cpu-readahead-control,damacy,persistent-random,smooth4,full-scan,local block storage,smooth4-lz4-64-16,65536,"[1,128,256]",lz4,16384,encoded-traffic/output,0.6381856728112325,minimize,5.002972116843456,True,none; fixed layout,undefined; nondominance is not a scalar winner rule,"[""025d2c2c77e6cffd49fd9776"",""a3327101baab62b40aa80cc0"",""54a5a8337f22afc68fb2a209""]"
abb130f9ae7b34fc6597,72df752e3c705916d49f,cpu-readahead-control,damacy,persistent-random,smooth4,full-scan,local block storage,smooth4-zstd-64-16,65536,"[1,128,256]",zstd,16384,local-storage-traffic/output,0.5459244251251221,minimize,4.957670997296247,True,none; fixed layout,undefined; nondominance is not a scalar winner rule,"[""7b736c551b9d11aaf904c391"",""3d04e2819538c5cb1209c037"",""771c66041edfd199fa6c3a8d""]"
abb130f9ae7b34fc6597,8f56d834d960a3d87338,cpu-readahead-control,damacy,persistent-random,smooth4,full-scan,local block storage,smooth4-lz4-64-16,65536,"[1,128,256]",lz4,16384,local-storage-traffic/output,0.6381874084472656,minimize,5.002972116843456,True,none; fixed layout,undefined; nondominance is not a scalar winner rule,"[""025d2c2c77e6cffd49fd9776"",""a3327101baab62b40aa80cc0"",""54a5a8337f22afc68fb2a209""]"
e8a5ef0a030fee34ce02,7a034eb4a039cd63d2c7,cpu-nfs-local-spot,tensorstore,tensorstore,smooth4,full-scan,local block storage,smooth4-lz4-512-512,524288,"[1,512,512]",lz4,524288,compression/output,1.626606892779916,maximize,10.88636199865158,True,no recorded winner; exploratory compression/output frontier over four encodings,undefined; nondominance is not a scalar winner rule,"[""c0975a6a2d06680e3b0dedac"",""73913c689a99e93bf5404231"",""bbf09ae05ce5b8f72e2a28ae""]"
e8a5ef0a030fee34ce02,7b468ac53f1da04d0b5c,cpu-nfs-local-spot,tensorstore,tensorstore,smooth4,full-scan,local block storage,smooth4-zstd-512-512,524288,"[1,512,512]",zstd,524288,compression/output,1.970907362204299,maximize,10.518278861816343,True,no recorded winner; exploratory compression/output frontier over four encodings,undefined; nondominance is not a scalar winner rule,"[""7638954d74dfca0af4b6e10a"",""7b4dabe786a75c8b15621585"",""d3ec94040ee0ff71c5630f11""]"
e8a5ef0a030fee34ce02,f333e24459a3f1a50d96,cpu-nfs-local-spot,tensorstore,tensorstore,smooth4,full-scan,local block storage,smooth4-zstd-32-32,32768,"[1,128,128]",zstd,32768,compression/output,1.8451430092694745,maximize,7.961225078559265,False,no recorded winner; exploratory compression/output frontier over four encodings,undefined; nondominance is not a scalar winner rule,"[""0b5e0083fd7ab16d27b22b1c"",""fbf72913e26c9fb36c33d0b9"",""d846d08ee78e2d9d6d942772""]"
e8a5ef0a030fee34ce02,f4bd886b649b67dbcd57,cpu-nfs-local-spot,tensorstore,tensorstore,smooth4,full-scan,local block storage,smooth4-zstd-128-128,131072,"[1,256,256]",zstd,131072,compression/output,1.8644857768631582,maximize,9.920080021541104,False,no recorded winner; exploratory compression/output frontier over four encodings,undefined; nondominance is not a scalar winner rule,"[""f1d897893437c88fbc838fbf"",""e33e91fb0d2c03329935d388"",""f00a5404f0276ea3999c145c""]"
e8a5ef0a030fee34ce02,7a034eb4a039cd63d2c7,cpu-nfs-local-spot,tensorstore,tensorstore,smooth4,full-scan,local block storage,smooth4-lz4-512-512,524288,"[1,512,512]",lz4,524288,local-storage-traffic/output,0.614771842956543,minimize,10.88636199865158,True,no recorded winner; exploratory compression/output frontier over four encodings,undefined; nondominance is not a scalar winner rule,"[""c0975a6a2d06680e3b0dedac"",""73913c689a99e93bf5404231"",""bbf09ae05ce5b8f72e2a28ae""]"
e8a5ef0a030fee34ce02,7b468ac53f1da04d0b5c,cpu-nfs-local-spot,tensorstore,tensorstore,smooth4,full-scan,local block storage,smooth4-zstd-512-512,524288,"[1,512,512]",zstd,524288,local-storage-traffic/output,0.5073812007904053,minimize,10.518278861816343,True,no recorded winner; exploratory compression/output frontier over four encodings,undefined; nondominance is not a scalar winner rule,"[""7638954d74dfca0af4b6e10a"",""7b4dabe786a75c8b15621585"",""d3ec94040ee0ff71c5630f11""]"
e8a5ef0a030fee34ce02,f333e24459a3f1a50d96,cpu-nfs-local-spot,tensorstore,tensorstore,smooth4,full-scan,local block storage,smooth4-zstd-32-32,32768,"[1,128,128]",zstd,32768,local-storage-traffic/output,0.5419548352559408,minimize,7.961225078559265,False,no recorded winner; exploratory compression/output frontier over four encodings,undefined; nondominance is not a scalar winner rule,"[""0b5e0083fd7ab16d27b22b1c"",""fbf72913e26c9fb36c33d0b9"",""d846d08ee78e2d9d6d942772""]"
e8a5ef0a030fee34ce02,f4bd886b649b67dbcd57,cpu-nfs-local-spot,tensorstore,tensorstore,smooth4,full-scan,local block storage,smooth4-zstd-128-128,131072,"[1,256,256]",zstd,131072,local-storage-traffic/output,0.5363292694091797,minimize,9.920080021541104,False,no recorded winner; exploratory compression/output frontier over four encodings,undefined; nondominance is not a scalar winner rule,"[""f1d897893437c88fbc838fbf"",""e33e91fb0d2c03329935d388"",""f00a5404f0276ea3999c145c""]"
555964ce1535b841f6e1,7c7ae0288b0679184cb3,cpu-scheduling-paired,damacy,after,smooth4,random-1x256x256,local block storage,smooth4-zstd-64-16,65536,"[1,128,256]",zstd,16384,compression/output,1.8309433434379625,maximize,2.1007216468134615,True,none; fixed layout,undefined; nondominance is not a scalar winner rule,"[""f169bef848288e2acbbea3ff"",""f0afc498a6805f1d27dc23c1"",""5a4703f10cb4cc47fcd979d3""]"
555964ce1535b841f6e1,8f7f33ee9ea5eaf249f3,cpu-scheduling-paired,damacy,after,smooth4,random-1x256x256,local block storage,smooth4-lz4-64-16,65536,"[1,128,256]",lz4,16384,compression/output,1.5663428823641548,maximize,2.0397024386100124,False,none; fixed layout,undefined; nondominance is not a scalar winner rule,"[""76860d4dcfc4b9c337e984fe"",""effcdcee11d5dca875cd82ff"",""ec9d0aeb7c1c49e78b59c781""]"
555964ce1535b841f6e1,7c7ae0288b0679184cb3,cpu-scheduling-paired,damacy,after,smooth4,random-1x256x256,local block storage,smooth4-zstd-64-16,65536,"[1,128,256]",zstd,16384,encoded-traffic/output,1.627149775158614,minimize,2.1007216468134615,True,none; fixed layout,undefined; nondominance is not a scalar winner rule,"[""f169bef848288e2acbbea3ff"",""f0afc498a6805f1d27dc23c1"",""5a4703f10cb4cc47fcd979d3""]"
555964ce1535b841f6e1,8f7f33ee9ea5eaf249f3,cpu-scheduling-paired,damacy,after,smooth4,random-1x256x256,local block storage,smooth4-lz4-64-16,65536,"[1,128,256]",lz4,16384,encoded-traffic/output,1.9021935942582786,minimize,2.0397024386100124,False,none; fixed layout,undefined; nondominance is not a scalar winner rule,"[""76860d4dcfc4b9c337e984fe"",""effcdcee11d5dca875cd82ff"",""ec9d0aeb7c1c49e78b59c781""]"
555964ce1535b841f6e1,7c7ae0288b0679184cb3,cpu-scheduling-paired,damacy,after,smooth4,random-1x256x256,local block storage,smooth4-zstd-64-16,65536,"[1,128,256]",zstd,16384,local-storage-traffic/output,2.1309181849161782,minimize,2.1007216468134615,True,none; fixed layout,undefined; nondominance is not a scalar winner rule,"[""f169bef848288e2acbbea3ff"",""f0afc498a6805f1d27dc23c1"",""5a4703f10cb4cc47fcd979d3""]"
555964ce1535b841f6e1,8f7f33ee9ea5eaf249f3,cpu-scheduling-paired,damacy,after,smooth4,random-1x256x256,local block storage,smooth4-lz4-64-16,65536,"[1,128,256]",lz4,16384,local-storage-traffic/output,2.4074427286783853,minimize,2.0397024386100124,False,none; fixed layout,undefined; nondominance is not a scalar winner rule,"[""76860d4dcfc4b9c337e984fe"",""effcdcee11d5dca875cd82ff"",""ec9d0aeb7c1c49e78b59c781""]"
77b7597ccef67c6adaed,804bbf8a01aa4da014db,cpu-fixed-layout-pilot,tensorstore,tensorstore,smooth4,full-scan,local block storage,smooth4-lz4-64-16,65536,"[1,128,256]",lz4,16384,compression/output,1.5663428823641548,maximize,8.73412367630685,True,none; fixed layout,undefined; nondominance is not a scalar winner rule,"[""14ffac4995723c055b6f8c3b"",""754298afe25fada8e589ffdc"",""3debf31a0f350727bcd7ac54""]"
77b7597ccef67c6adaed,ba6f0c727010155bc895,cpu-fixed-layout-pilot,tensorstore,tensorstore,smooth4,full-scan,local block storage,smooth4-zstd-64-16,65536,"[1,128,256]",zstd,16384,compression/output,1.8309433434379625,maximize,8.304684268353848,True,none; fixed layout,undefined; nondominance is not a scalar winner rule,"[""dbf19862b91c30dc22ad9cce"",""9bbedfe0add446a14ec5e8db"",""a203bcc233b6c2a01c772a8a""]"
77b7597ccef67c6adaed,804bbf8a01aa4da014db,cpu-fixed-layout-pilot,tensorstore,tensorstore,smooth4,full-scan,local block storage,smooth4-lz4-64-16,65536,"[1,128,256]",lz4,16384,local-storage-traffic/output,0.638418436050415,minimize,8.73412367630685,True,none; fixed layout,undefined; nondominance is not a scalar winner rule,"[""14ffac4995723c055b6f8c3b"",""754298afe25fada8e589ffdc"",""3debf31a0f350727bcd7ac54""]"
77b7597ccef67c6adaed,ba6f0c727010155bc895,cpu-fixed-layout-pilot,tensorstore,tensorstore,smooth4,full-scan,local block storage,smooth4-zstd-64-16,65536,"[1,128,256]",zstd,16384,local-storage-traffic/output,0.5461463928222656,minimize,8.304684268353848,True,none; fixed layout,undefined; nondominance is not a scalar winner rule,"[""dbf19862b91c30dc22ad9cce"",""9bbedfe0add446a14ec5e8db"",""a203bcc233b6c2a01c772a8a""]"
b6232dca284c48206260,83b9ebc90652012644fc,cpu-readahead-control,tensorstore,tensorstore,smooth4,random-1x256x256,local block storage,smooth4-lz4-64-16,65536,"[1,128,256]",lz4,16384,compression/output,1.5663428823641548,maximize,2.3133142442945474,False,none; fixed layout,undefined; nondominance is not a scalar winner rule,"[""b00ea505160062eef3c14aac"",""eb7afacfac704b16836963e9"",""4dbd1be7e6426d00b803c4c3""]"
b6232dca284c48206260,e5b4ba43f3617ce40858,cpu-readahead-control,tensorstore,tensorstore,smooth4,random-1x256x256,local block storage,smooth4-zstd-64-16,65536,"[1,128,256]",zstd,16384,compression/output,1.8309433434379625,maximize,2.5446195329013657,True,none; fixed layout,undefined; nondominance is not a scalar winner rule,"[""3226520b7e0c1128dba41466"",""ca14abfce544c18d454613bd"",""72625c49c0f88cda618aca71""]"
b6232dca284c48206260,83b9ebc90652012644fc,cpu-readahead-control,tensorstore,tensorstore,smooth4,random-1x256x256,local block storage,smooth4-lz4-64-16,65536,"[1,128,256]",lz4,16384,local-storage-traffic/output,2.0536721547444663,minimize,2.3133142442945474,False,none; fixed layout,undefined; nondominance is not a scalar winner rule,"[""b00ea505160062eef3c14aac"",""eb7afacfac704b16836963e9"",""4dbd1be7e6426d00b803c4c3""]"
b6232dca284c48206260,e5b4ba43f3617ce40858,cpu-readahead-control,tensorstore,tensorstore,smooth4,random-1x256x256,local block storage,smooth4-zstd-64-16,65536,"[1,128,256]",zstd,16384,local-storage-traffic/output,1.7893881116594588,minimize,2.5446195329013657,True,none; fixed layout,undefined; nondominance is not a scalar winner rule,"[""3226520b7e0c1128dba41466"",""ca14abfce544c18d454613bd"",""72625c49c0f88cda618aca71""]"
98d6a8560193f5fda6c2,8403a9a63a1b476da0d0,cpu-fixed-layout-pilot,damacy,damacy,smooth4,random-1x256x256,local block storage,smooth4-zstd-64-16,65536,"[1,128,256]",zstd,16384,compression/output,1.8309433434379625,maximize,1.7721722728562281,True,none; fixed layout,undefined; nondominance is not a scalar winner rule,"[""1da809beffb56f802407bef1"",""572e824c71cce47e12a6759d"",""489f648c199a33cc3ac83b1f""]"
98d6a8560193f5fda6c2,8ef99492fd46f0dede95,cpu-fixed-layout-pilot,damacy,damacy,smooth4,random-1x256x256,local block storage,smooth4-lz4-64-16,65536,"[1,128,256]",lz4,16384,compression/output,1.5663428823641548,maximize,1.7032897735440784,False,none; fixed layout,undefined; nondominance is not a scalar winner rule,"[""39bf57066b98eab2c8c87a1f"",""a1832d675f290a06d2d16c54"",""4b38bd51541023a22511dd6a""]"
98d6a8560193f5fda6c2,8403a9a63a1b476da0d0,cpu-fixed-layout-pilot,damacy,damacy,smooth4,random-1x256x256,local block storage,smooth4-zstd-64-16,65536,"[1,128,256]",zstd,16384,encoded-traffic/output,1.627149775158614,minimize,1.7721722728562281,True,none; fixed layout,undefined; nondominance is not a scalar winner rule,"[""1da809beffb56f802407bef1"",""572e824c71cce47e12a6759d"",""489f648c199a33cc3ac83b1f""]"
98d6a8560193f5fda6c2,8ef99492fd46f0dede95,cpu-fixed-layout-pilot,damacy,damacy,smooth4,random-1x256x256,local block storage,smooth4-lz4-64-16,65536,"[1,128,256]",lz4,16384,encoded-traffic/output,1.9021935942582786,minimize,1.7032897735440784,False,none; fixed layout,undefined; nondominance is not a scalar winner rule,"[""39bf57066b98eab2c8c87a1f"",""a1832d675f290a06d2d16c54"",""4b38bd51541023a22511dd6a""]"
98d6a8560193f5fda6c2,8403a9a63a1b476da0d0,cpu-fixed-layout-pilot,damacy,damacy,smooth4,random-1x256x256,local block storage,smooth4-zstd-64-16,65536,"[1,128,256]",zstd,16384,local-storage-traffic/output,3.3107440948486326,minimize,1.7721722728562281,True,none; fixed layout,undefined; nondominance is not a scalar winner rule,"[""1da809beffb56f802407bef1"",""572e824c71cce47e12a6759d"",""489f648c199a33cc3ac83b1f""]"
98d6a8560193f5fda6c2,8ef99492fd46f0dede95,cpu-fixed-layout-pilot,damacy,damacy,smooth4,random-1x256x256,local block storage,smooth4-lz4-64-16,65536,"[1,128,256]",lz4,16384,local-storage-traffic/output,3.7092166900634767,minimize,1.7032897735440784,False,none; fixed layout,undefined; nondominance is not a scalar winner rule,"[""39bf57066b98eab2c8c87a1f"",""a1832d675f290a06d2d16c54"",""4b38bd51541023a22511dd6a""]"
c5a1f5dc9aa51cf9e896,8acc9f7b2235c3528962,cpu-buffer-control,damacy,chunks32-default,smooth4,random-1x256x256,local block storage,smooth4-zstd-64-16,65536,"[1,128,256]",zstd,16384,compression/output,1.8309433434379625,maximize,2.1324439120364573,True,none; fixed layout,undefined; nondominance is not a scalar winner rule,"[""67616dbbadca75a7c8f623e9"",""88dd0fac549812c6b5af18ac"",""6a73ce983aefb3fa013f6079""]"
c5a1f5dc9aa51cf9e896,8de271ed207619ec65a1,cpu-buffer-control,damacy,chunks32-default,smooth4,random-1x256x256,local block storage,smooth4-lz4-64-16,65536,"[1,128,256]",lz4,16384,compression/output,1.5663428823641548,maximize,2.0612883756054505,False,none; fixed layout,undefined; nondominance is not a scalar winner rule,"[""ce09561ab20a063e647ec1bf"",""04eeb3d6ccb0d156069b299b"",""e333ea6c4545b24035b3b932""]"
c5a1f5dc9aa51cf9e896,8acc9f7b2235c3528962,cpu-buffer-control,damacy,chunks32-default,smooth4,random-1x256x256,local block storage,smooth4-zstd-64-16,65536,"[1,128,256]",zstd,16384,encoded-traffic/output,1.627149775158614,minimize,2.1324439120364573,True,none; fixed layout,undefined; nondominance is not a scalar winner rule,"[""67616dbbadca75a7c8f623e9"",""88dd0fac549812c6b5af18ac"",""6a73ce983aefb3fa013f6079""]"
c5a1f5dc9aa51cf9e896,8de271ed207619ec65a1,cpu-buffer-control,damacy,chunks32-default,smooth4,random-1x256x256,local block storage,smooth4-lz4-64-16,65536,"[1,128,256]",lz4,16384,encoded-traffic/output,1.9021935942582786,minimize,2.0612883756054505,False,none; fixed layout,undefined; nondominance is not a scalar winner rule,"[""ce09561ab20a063e647ec1bf"",""04eeb3d6ccb0d156069b299b"",""e333ea6c4545b24035b3b932""]"
c5a1f5dc9aa51cf9e896,8acc9f7b2235c3528962,cpu-buffer-control,damacy,chunks32-default,smooth4,random-1x256x256,local block storage,smooth4-zstd-64-16,65536,"[1,128,256]",zstd,16384,local-storage-traffic/output,2.1380011240641275,minimize,2.1324439120364573,True,none; fixed layout,undefined; nondominance is not a scalar winner rule,"[""67616dbbadca75a7c8f623e9"",""88dd0fac549812c6b5af18ac"",""6a73ce983aefb3fa013f6079""]"
c5a1f5dc9aa51cf9e896,8de271ed207619ec65a1,cpu-buffer-control,damacy,chunks32-default,smooth4,random-1x256x256,local block storage,smooth4-lz4-64-16,65536,"[1,128,256]",lz4,16384,local-storage-traffic/output,2.404663403828939,minimize,2.0612883756054505,False,none; fixed layout,undefined; nondominance is not a scalar winner rule,"[""ce09561ab20a063e647ec1bf"",""04eeb3d6ccb0d156069b299b"",""e333ea6c4545b24035b3b932""]"
7d0a4d40457efc9c97cd,8e91edcc5b9763e6b9b5,cpu-fixed-layout-pilot,damacy,damacy,smooth4,aligned,local block storage,smooth4-lz4-64-16,65536,"[1,128,256]",lz4,16384,compression/output,1.5663428823641548,maximize,5.84336293153568,False,none; fixed layout,undefined; nondominance is not a scalar winner rule,"[""30150e7fe6f6de49eea1da52"",""c3be716571ffb3b1ad0374ca"",""6cdbfd9730617d2f7c5060e0""]"
7d0a4d40457efc9c97cd,d1cbfe3072fe17e46e73,cpu-fixed-layout-pilot,damacy,damacy,smooth4,aligned,local block storage,smooth4-zstd-64-16,65536,"[1,128,256]",zstd,16384,compression/output,1.8309433434379625,maximize,6.413976343151315,True,none; fixed layout,undefined; nondominance is not a scalar winner rule,"[""df66493ec2698f008e0ad3d4"",""f015c5a49f0371710da61a7d"",""aac5ee9e3d2d8f9a5b9bf46c""]"
7d0a4d40457efc9c97cd,8e91edcc5b9763e6b9b5,cpu-fixed-layout-pilot,damacy,damacy,smooth4,aligned,local block storage,smooth4-lz4-64-16,65536,"[1,128,256]",lz4,16384,encoded-traffic/output,0.63779460452497,minimize,5.84336293153568,False,none; fixed layout,undefined; nondominance is not a scalar winner rule,"[""30150e7fe6f6de49eea1da52"",""c3be716571ffb3b1ad0374ca"",""6cdbfd9730617d2f7c5060e0""]"
7d0a4d40457efc9c97cd,d1cbfe3072fe17e46e73,cpu-fixed-layout-pilot,damacy,damacy,smooth4,aligned,local block storage,smooth4-zstd-64-16,65536,"[1,128,256]",zstd,16384,encoded-traffic/output,0.5456047845073044,minimize,6.413976343151315,True,none; fixed layout,undefined; nondominance is not a scalar winner rule,"[""df66493ec2698f008e0ad3d4"",""f015c5a49f0371710da61a7d"",""aac5ee9e3d2d8f9a5b9bf46c""]"
7d0a4d40457efc9c97cd,8e91edcc5b9763e6b9b5,cpu-fixed-layout-pilot,damacy,damacy,smooth4,aligned,local block storage,smooth4-lz4-64-16,65536,"[1,128,256]",lz4,16384,local-storage-traffic/output,0.7346169789632161,minimize,5.84336293153568,False,none; fixed layout,undefined; nondominance is not a scalar winner rule,"[""30150e7fe6f6de49eea1da52"",""c3be716571ffb3b1ad0374ca"",""6cdbfd9730617d2f7c5060e0""]"
7d0a4d40457efc9c97cd,d1cbfe3072fe17e46e73,cpu-fixed-layout-pilot,damacy,damacy,smooth4,aligned,local block storage,smooth4-zstd-64-16,65536,"[1,128,256]",zstd,16384,local-storage-traffic/output,0.6235485076904297,minimize,6.413976343151315,True,none; fixed layout,undefined; nondominance is not a scalar winner rule,"[""df66493ec2698f008e0ad3d4"",""f015c5a49f0371710da61a7d"",""aac5ee9e3d2d8f9a5b9bf46c""]"
d49f4ba4477c059fff60,8eafde97c25493891550,cpu-fixed-layout-pilot,tensorstore,tensorstore,smooth4,random-1x256x256,local block storage,smooth4-lz4-64-16,65536,"[1,128,256]",lz4,16384,compression/output,1.5663428823641548,maximize,5.6419151150976035,True,none; fixed layout,undefined; nondominance is not a scalar winner rule,"[""145c9f16adf51f464887041b"",""8347af245f3f17e82cc4b464"",""bb9e2ce65c97ffd8e3bf6d52""]"
d49f4ba4477c059fff60,fd7cf65378f1cfe08dcd,cpu-fixed-layout-pilot,tensorstore,tensorstore,smooth4,random-1x256x256,local block storage,smooth4-zstd-64-16,65536,"[1,128,256]",zstd,16384,compression/output,1.8309433434379625,maximize,5.205948681039828,True,none; fixed layout,undefined; nondominance is not a scalar winner rule,"[""4886a46f7a76f50ba1083faa"",""b5388b1fa6014c93e933a127"",""a6cc4fbb81e7d910fc884e6c""]"
d49f4ba4477c059fff60,8eafde97c25493891550,cpu-fixed-layout-pilot,tensorstore,tensorstore,smooth4,random-1x256x256,local block storage,smooth4-lz4-64-16,65536,"[1,128,256]",lz4,16384,local-storage-traffic/output,0.0,minimize,5.6419151150976035,True,none; fixed layout,undefined; nondominance is not a scalar winner rule,"[""145c9f16adf51f464887041b"",""8347af245f3f17e82cc4b464"",""bb9e2ce65c97ffd8e3bf6d52""]"
d49f4ba4477c059fff60,fd7cf65378f1cfe08dcd,cpu-fixed-layout-pilot,tensorstore,tensorstore,smooth4,random-1x256x256,local block storage,smooth4-zstd-64-16,65536,"[1,128,256]",zstd,16384,local-storage-traffic/output,0.0,minimize,5.205948681039828,False,none; fixed layout,undefined; nondominance is not a scalar winner rule,"[""4886a46f7a76f50ba1083faa"",""b5388b1fa6014c93e933a127"",""a6cc4fbb81e7d910fc884e6c""]"
c75404c810d8c77512f5,94eba922ff0152384391,cpu-readahead-control,damacy,persistent-random,smooth4,aligned,local block storage,smooth4-lz4-64-16,65536,"[1,128,256]",lz4,16384,compression/output,1.5663428823641548,maximize,6.564793616802431,False,none; fixed layout,undefined; nondominance is not a scalar winner rule,"[""835d06cff96e5f01a9db5f7d"",""3a912e05bf08985342d57208"",""63c48c2841eb66283b8a6976""]"
c75404c810d8c77512f5,e522235ec29bc470ab57,cpu-readahead-control,damacy,persistent-random,smooth4,aligned,local block storage,smooth4-zstd-64-16,65536,"[1,128,256]",zstd,16384,compression/output,1.8309433434379625,maximize,7.421675517839777,True,none; fixed layout,undefined; nondominance is not a scalar winner rule,"[""c0c3777313c704691bcb8a80"",""9afc74689e5efaeaceb7de40"",""63893db62a0788b9e7728396""]"
c75404c810d8c77512f5,94eba922ff0152384391,cpu-readahead-control,damacy,persistent-random,smooth4,aligned,local block storage,smooth4-lz4-64-16,65536,"[1,128,256]",lz4,16384,encoded-traffic/output,0.63779460452497,minimize,6.564793616802431,False,none; fixed layout,undefined; nondominance is not a scalar winner rule,"[""835d06cff96e5f01a9db5f7d"",""3a912e05bf08985342d57208"",""63c48c2841eb66283b8a6976""]"
c75404c810d8c77512f5,e522235ec29bc470ab57,cpu-readahead-control,damacy,persistent-random,smooth4,aligned,local block storage,smooth4-zstd-64-16,65536,"[1,128,256]",zstd,16384,encoded-traffic/output,0.5456047845073044,minimize,7.421675517839777,True,none; fixed layout,undefined; nondominance is not a scalar winner rule,"[""c0c3777313c704691bcb8a80"",""9afc74689e5efaeaceb7de40"",""63893db62a0788b9e7728396""]"
c75404c810d8c77512f5,94eba922ff0152384391,cpu-readahead-control,damacy,persistent-random,smooth4,aligned,local block storage,smooth4-lz4-64-16,65536,"[1,128,256]",lz4,16384,local-storage-traffic/output,0.6437721252441406,minimize,6.564793616802431,False,none; fixed layout,undefined; nondominance is not a scalar winner rule,"[""835d06cff96e5f01a9db5f7d"",""3a912e05bf08985342d57208"",""63c48c2841eb66283b8a6976""]"
c75404c810d8c77512f5,e522235ec29bc470ab57,cpu-readahead-control,damacy,persistent-random,smooth4,aligned,local block storage,smooth4-zstd-64-16,65536,"[1,128,256]",zstd,16384,local-storage-traffic/output,0.5578193664550781,minimize,7.421675517839777,True,none; fixed layout,undefined; nondominance is not a scalar winner rule,"[""c0c3777313c704691bcb8a80"",""9afc74689e5efaeaceb7de40"",""63893db62a0788b9e7728396""]"
4729925d14a6a6ffa139,9669fff8c9d2848183db,cpu-readahead-control,damacy,persistent-random,smooth4,random-1x256x256,local block storage,smooth4-lz4-64-16,65536,"[1,128,256]",lz4,16384,compression/output,1.5663428823641548,maximize,2.139451048373417,False,none; fixed layout,undefined; nondominance is not a scalar winner rule,"[""1f8e0d8250fd21733214cf61"",""989be3042f57beeb07d641e2"",""cfb46dc7104346e32379c47b""]"
4729925d14a6a6ffa139,d6c5441dfcb770ab6d1b,cpu-readahead-control,damacy,persistent-random,smooth4,random-1x256x256,local block storage,smooth4-zstd-64-16,65536,"[1,128,256]",zstd,16384,compression/output,1.8309433434379625,maximize,2.2188490005902968,True,none; fixed layout,undefined; nondominance is not a scalar winner rule,"[""81ed45dd68c3e94205740b68"",""6966f91b80908776c6ea1e33"",""5bd2a23b123073dd8d1d2490""]"
4729925d14a6a6ffa139,9669fff8c9d2848183db,cpu-readahead-control,damacy,persistent-random,smooth4,random-1x256x256,local block storage,smooth4-lz4-64-16,65536,"[1,128,256]",lz4,16384,encoded-traffic/output,1.9021935942582786,minimize,2.139451048373417,False,none; fixed layout,undefined; nondominance is not a scalar winner rule,"[""1f8e0d8250fd21733214cf61"",""989be3042f57beeb07d641e2"",""cfb46dc7104346e32379c47b""]"
4729925d14a6a6ffa139,d6c5441dfcb770ab6d1b,cpu-readahead-control,damacy,persistent-random,smooth4,random-1x256x256,local block storage,smooth4-zstd-64-16,65536,"[1,128,256]",zstd,16384,encoded-traffic/output,1.627149775158614,minimize,2.2188490005902968,True,none; fixed layout,undefined; nondominance is not a scalar winner rule,"[""81ed45dd68c3e94205740b68"",""6966f91b80908776c6ea1e33"",""5bd2a23b123073dd8d1d2490""]"
4729925d14a6a6ffa139,9669fff8c9d2848183db,cpu-readahead-control,damacy,persistent-random,smooth4,random-1x256x256,local block storage,smooth4-lz4-64-16,65536,"[1,128,256]",lz4,16384,local-storage-traffic/output,1.629842758178711,minimize,2.139451048373417,False,none; fixed layout,undefined; nondominance is not a scalar winner rule,"[""1f8e0d8250fd21733214cf61"",""989be3042f57beeb07d641e2"",""cfb46dc7104346e32379c47b""]"
4729925d14a6a6ffa139,d6c5441dfcb770ab6d1b,cpu-readahead-control,damacy,persistent-random,smooth4,random-1x256x256,local block storage,smooth4-zstd-64-16,65536,"[1,128,256]",zstd,16384,local-storage-traffic/output,1.4038677215576172,minimize,2.2188490005902968,True,none; fixed layout,undefined; nondominance is not a scalar winner rule,"[""81ed45dd68c3e94205740b68"",""6966f91b80908776c6ea1e33"",""5bd2a23b123073dd8d1d2490""]"
d71add3df63e33091388,966f06d22f139d41b642,cpu-buffer-control,damacy,chunks128-default,smooth4,random-1x256x256,local block storage,smooth4-zstd-64-16,65536,"[1,128,256]",zstd,16384,compression/output,1.8309433434379625,maximize,3.2437037867311687,True,none; fixed layout,undefined; nondominance is not a scalar winner rule,"[""f03e7c9fe5b62a7f1cd6ac3c"",""92a8a12c364c516972ff45df"",""5d53a7439e772bc1d9c59cee""]"
d71add3df63e33091388,e5618f7b1f3c22770648,cpu-buffer-control,damacy,chunks128-default,smooth4,random-1x256x256,local block storage,smooth4-lz4-64-16,65536,"[1,128,256]",lz4,16384,compression/output,1.5663428823641548,maximize,2.9999813243628792,False,none; fixed layout,undefined; nondominance is not a scalar winner rule,"[""8b32b7a078211f5083fbb94a"",""6dc95cb53832782bc5ba837f"",""2c407a422848dcca7533f1d9""]"
d71add3df63e33091388,966f06d22f139d41b642,cpu-buffer-control,damacy,chunks128-default,smooth4,random-1x256x256,local block storage,smooth4-zstd-64-16,65536,"[1,128,256]",zstd,16384,encoded-traffic/output,1.627149775158614,minimize,3.2437037867311687,True,none; fixed layout,undefined; nondominance is not a scalar winner rule,"[""f03e7c9fe5b62a7f1cd6ac3c"",""92a8a12c364c516972ff45df"",""5d53a7439e772bc1d9c59cee""]"
d71add3df63e33091388,e5618f7b1f3c22770648,cpu-buffer-control,damacy,chunks128-default,smooth4,random-1x256x256,local block storage,smooth4-lz4-64-16,65536,"[1,128,256]",lz4,16384,encoded-traffic/output,1.9021935942582786,minimize,2.9999813243628792,False,none; fixed layout,undefined; nondominance is not a scalar winner rule,"[""8b32b7a078211f5083fbb94a"",""6dc95cb53832782bc5ba837f"",""2c407a422848dcca7533f1d9""]"
d71add3df63e33091388,966f06d22f139d41b642,cpu-buffer-control,damacy,chunks128-default,smooth4,random-1x256x256,local block storage,smooth4-zstd-64-16,65536,"[1,128,256]",zstd,16384,local-storage-traffic/output,2.121089299519857,minimize,3.2437037867311687,True,none; fixed layout,undefined; nondominance is not a scalar winner rule,"[""f03e7c9fe5b62a7f1cd6ac3c"",""92a8a12c364c516972ff45df"",""5d53a7439e772bc1d9c59cee""]"
d71add3df63e33091388,e5618f7b1f3c22770648,cpu-buffer-control,damacy,chunks128-default,smooth4,random-1x256x256,local block storage,smooth4-lz4-64-16,65536,"[1,128,256]",lz4,16384,local-storage-traffic/output,2.3808979988098145,minimize,2.9999813243628792,False,none; fixed layout,undefined; nondominance is not a scalar winner rule,"[""8b32b7a078211f5083fbb94a"",""6dc95cb53832782bc5ba837f"",""2c407a422848dcca7533f1d9""]"
36d033a8f97cd01f0780,9723605924a9f62f45da,cpu-buffer-control,damacy,chunks32-default,smooth4,full-scan,local block storage,smooth4-lz4-64-16,65536,"[1,128,256]",lz4,16384,compression/output,1.5663428823641548,maximize,11.010545771307541,False,none; fixed layout,undefined; nondominance is not a scalar winner rule,"[""3b5ffad3712d39490b05003c"",""e22a0d4059c5d37c93f21532"",""78817e4f155e451a3f2dcdf5""]"
36d033a8f97cd01f0780,ee2ceab76b2d693e84d3,cpu-buffer-control,damacy,chunks32-default,smooth4,full-scan,local block storage,smooth4-zstd-64-16,65536,"[1,128,256]",zstd,16384,compression/output,1.8309433434379625,maximize,11.158002867402553,True,none; fixed layout,undefined; nondominance is not a scalar winner rule,"[""e05d7839d5bbc90ccd0c8e6b"",""f5aff96a4b1960bc15ea8b1c"",""3991f5f81a1e2790fcd83a5e""]"
36d033a8f97cd01f0780,9723605924a9f62f45da,cpu-buffer-control,damacy,chunks32-default,smooth4,full-scan,local block storage,smooth4-lz4-64-16,65536,"[1,128,256]",lz4,16384,encoded-traffic/output,0.6381856728112325,minimize,11.010545771307541,False,none; fixed layout,undefined; nondominance is not a scalar winner rule,"[""3b5ffad3712d39490b05003c"",""e22a0d4059c5d37c93f21532"",""78817e4f155e451a3f2dcdf5""]"
36d033a8f97cd01f0780,ee2ceab76b2d693e84d3,cpu-buffer-control,damacy,chunks32-default,smooth4,full-scan,local block storage,smooth4-zstd-64-16,65536,"[1,128,256]",zstd,16384,encoded-traffic/output,0.5459224006626755,minimize,11.158002867402553,True,none; fixed layout,undefined; nondominance is not a scalar winner rule,"[""e05d7839d5bbc90ccd0c8e6b"",""f5aff96a4b1960bc15ea8b1c"",""3991f5f81a1e2790fcd83a5e""]"
36d033a8f97cd01f0780,9723605924a9f62f45da,cpu-buffer-control,damacy,chunks32-default,smooth4,full-scan,local block storage,smooth4-lz4-64-16,65536,"[1,128,256]",lz4,16384,local-storage-traffic/output,0.6384315490722656,minimize,11.010545771307541,False,none; fixed layout,undefined; nondominance is not a scalar winner rule,"[""3b5ffad3712d39490b05003c"",""e22a0d4059c5d37c93f21532"",""78817e4f155e451a3f2dcdf5""]"
36d033a8f97cd01f0780,ee2ceab76b2d693e84d3,cpu-buffer-control,damacy,chunks32-default,smooth4,full-scan,local block storage,smooth4-zstd-64-16,65536,"[1,128,256]",zstd,16384,local-storage-traffic/output,0.5461685657501221,minimize,11.158002867402553,True,none; fixed layout,undefined; nondominance is not a scalar winner rule,"[""e05d7839d5bbc90ccd0c8e6b"",""f5aff96a4b1960bc15ea8b1c"",""3991f5f81a1e2790fcd83a5e""]"
0a6c93abf2a03a2a8625,a0f1b8bb92047a97d367,cpu-scheduling-paired,tensorstore,tensorstore,smooth4,random-1x256x256,local block storage,smooth4-lz4-64-16,65536,"[1,128,256]",lz4,16384,compression/output,1.5663428823641548,maximize,5.579869285129714,True,none; fixed layout,undefined; nondominance is not a scalar winner rule,"[""2a446a5be9265280edbd2271"",""1d997982352f68689b33b62d"",""d5da68c63f857ea9ee6040db""]"
0a6c93abf2a03a2a8625,dc86fb75a6fa69ef1e2b,cpu-scheduling-paired,tensorstore,tensorstore,smooth4,random-1x256x256,local block storage,smooth4-zstd-64-16,65536,"[1,128,256]",zstd,16384,compression/output,1.8309433434379625,maximize,5.174894216905103,True,none; fixed layout,undefined; nondominance is not a scalar winner rule,"[""0d63e47af4be576abe2429d1"",""4a383b0c82f74a016f253a64"",""5718a5287b65273c7a2daace""]"
0a6c93abf2a03a2a8625,a0f1b8bb92047a97d367,cpu-scheduling-paired,tensorstore,tensorstore,smooth4,random-1x256x256,local block storage,smooth4-lz4-64-16,65536,"[1,128,256]",lz4,16384,local-storage-traffic/output,0.0,minimize,5.579869285129714,True,none; fixed layout,undefined; nondominance is not a scalar winner rule,"[""2a446a5be9265280edbd2271"",""1d997982352f68689b33b62d"",""d5da68c63f857ea9ee6040db""]"
0a6c93abf2a03a2a8625,dc86fb75a6fa69ef1e2b,cpu-scheduling-paired,tensorstore,tensorstore,smooth4,random-1x256x256,local block storage,smooth4-zstd-64-16,65536,"[1,128,256]",zstd,16384,local-storage-traffic/output,0.0,minimize,5.174894216905103,False,none; fixed layout,undefined; nondominance is not a scalar winner rule,"[""0d63e47af4be576abe2429d1"",""4a383b0c82f74a016f253a64"",""5718a5287b65273c7a2daace""]"
290874ea5ec60c76e464,a317d0a274457c478f27,cpu-buffer-control,tensorstore,tensorstore,smooth4,random-1x256x256,local block storage,smooth4-zstd-64-16,65536,"[1,128,256]",zstd,16384,compression/output,1.8309433434379625,maximize,2.5165831972456925,True,none; fixed layout,undefined; nondominance is not a scalar winner rule,"[""532def71292ea176c5604b7d"",""c199c7aaeb1e8fe0bd942959"",""fc17850b08537cbb59cc6f17""]"
290874ea5ec60c76e464,ad2e92ef06f7d862e0c9,cpu-buffer-control,tensorstore,tensorstore,smooth4,random-1x256x256,local block storage,smooth4-lz4-64-16,65536,"[1,128,256]",lz4,16384,compression/output,1.5663428823641548,maximize,2.3547455994323077,False,none; fixed layout,undefined; nondominance is not a scalar winner rule,"[""ba578f41a51f84e80e6e7262"",""8e0f0c53a9d2abdf1561b1fb"",""d4040122d5b5259bd94645ea""]"
290874ea5ec60c76e464,a317d0a274457c478f27,cpu-buffer-control,tensorstore,tensorstore,smooth4,random-1x256x256,local block storage,smooth4-zstd-64-16,65536,"[1,128,256]",zstd,16384,local-storage-traffic/output,1.7865701402936662,minimize,2.5165831972456925,True,none; fixed layout,undefined; nondominance is not a scalar winner rule,"[""532def71292ea176c5604b7d"",""c199c7aaeb1e8fe0bd942959"",""fc17850b08537cbb59cc6f17""]"
290874ea5ec60c76e464,ad2e92ef06f7d862e0c9,cpu-buffer-control,tensorstore,tensorstore,smooth4,random-1x256x256,local block storage,smooth4-lz4-64-16,65536,"[1,128,256]",lz4,16384,local-storage-traffic/output,2.0517374674479165,minimize,2.3547455994323077,False,none; fixed layout,undefined; nondominance is not a scalar winner rule,"[""ba578f41a51f84e80e6e7262"",""8e0f0c53a9d2abdf1561b1fb"",""d4040122d5b5259bd94645ea""]"
bd2920b33bacec7a0b79,a44a773db73859db705a,cpu-fixed-layout-pilot,damacy,damacy,smooth4,full-scan,local block storage,smooth4-zstd-64-16,65536,"[1,128,256]",zstd,16384,compression/output,1.8309433434379625,maximize,8.973515151561939,True,none; fixed layout,undefined; nondominance is not a scalar winner rule,"[""0c8aaeb4c8e91feb87938fcd"",""e95bbf78dcaa74291277580f"",""009b2ef2fbb8f3903ae9c7c2""]"
bd2920b33bacec7a0b79,b96ae1fe437280c13dd4,cpu-fixed-layout-pilot,damacy,damacy,smooth4,full-scan,local block storage,smooth4-lz4-64-16,65536,"[1,128,256]",lz4,16384,compression/output,1.5663428823641548,maximize,9.411372982174353,True,none; fixed layout,undefined; nondominance is not a scalar winner rule,"[""1deffceb5e8c44e16f1839ed"",""aeb02faffbd58c0983939b76"",""ba56bd0f4b520dbb45355e9a""]"
bd2920b33bacec7a0b79,a44a773db73859db705a,cpu-fixed-layout-pilot,damacy,damacy,smooth4,full-scan,local block storage,smooth4-zstd-64-16,65536,"[1,128,256]",zstd,16384,encoded-traffic/output,0.5459224006626755,minimize,8.973515151561939,True,none; fixed layout,undefined; nondominance is not a scalar winner rule,"[""0c8aaeb4c8e91feb87938fcd"",""e95bbf78dcaa74291277580f"",""009b2ef2fbb8f3903ae9c7c2""]"
bd2920b33bacec7a0b79,b96ae1fe437280c13dd4,cpu-fixed-layout-pilot,damacy,damacy,smooth4,full-scan,local block storage,smooth4-lz4-64-16,65536,"[1,128,256]",lz4,16384,encoded-traffic/output,0.6381856728112325,minimize,9.411372982174353,True,none; fixed layout,undefined; nondominance is not a scalar winner rule,"[""1deffceb5e8c44e16f1839ed"",""aeb02faffbd58c0983939b76"",""ba56bd0f4b520dbb45355e9a""]"
bd2920b33bacec7a0b79,a44a773db73859db705a,cpu-fixed-layout-pilot,damacy,damacy,smooth4,full-scan,local block storage,smooth4-zstd-64-16,65536,"[1,128,256]",zstd,16384,local-storage-traffic/output,0.5461685657501221,minimize,8.973515151561939,True,none; fixed layout,undefined; nondominance is not a scalar winner rule,"[""0c8aaeb4c8e91feb87938fcd"",""e95bbf78dcaa74291277580f"",""009b2ef2fbb8f3903ae9c7c2""]"
bd2920b33bacec7a0b79,b96ae1fe437280c13dd4,cpu-fixed-layout-pilot,damacy,damacy,smooth4,full-scan,local block storage,smooth4-lz4-64-16,65536,"[1,128,256]",lz4,16384,local-storage-traffic/output,0.6384315490722656,minimize,9.411372982174353,True,none; fixed layout,undefined; nondominance is not a scalar winner rule,"[""1deffceb5e8c44e16f1839ed"",""aeb02faffbd58c0983939b76"",""ba56bd0f4b520dbb45355e9a""]"
c991e32bf0df7d910788,b6aa3b8f32aa2cadbe55,cpu-fixed-layout-pilot,tensorstore,tensorstore,smooth4,full-scan,local block storage,smooth4-zstd-64-16,65536,"[1,128,256]",zstd,16384,compression/output,1.8309433434379625,maximize,9.139387320858486,True,none; fixed layout,undefined; nondominance is not a scalar winner rule,"[""cfe5e63f8a7a60b46f945656"",""32660f4751acf14d2b4491dd"",""19a0e0d10a3269803be73d3c""]"
c991e32bf0df7d910788,c0b7712e21ba719963c7,cpu-fixed-layout-pilot,tensorstore,tensorstore,smooth4,full-scan,local block storage,smooth4-lz4-64-16,65536,"[1,128,256]",lz4,16384,compression/output,1.5663428823641548,maximize,9.141715975571755,True,none; fixed layout,undefined; nondominance is not a scalar winner rule,"[""424534d775567ed9944d53f1"",""3a3dd38f706e72b52d41df04"",""781c765d4452ef14a54a8830""]"
c991e32bf0df7d910788,b6aa3b8f32aa2cadbe55,cpu-fixed-layout-pilot,tensorstore,tensorstore,smooth4,full-scan,local block storage,smooth4-zstd-64-16,65536,"[1,128,256]",zstd,16384,local-storage-traffic/output,0.0,minimize,9.139387320858486,False,none; fixed layout,undefined; nondominance is not a scalar winner rule,"[""cfe5e63f8a7a60b46f945656"",""32660f4751acf14d2b4491dd"",""19a0e0d10a3269803be73d3c""]"
c991e32bf0df7d910788,c0b7712e21ba719963c7,cpu-fixed-layout-pilot,tensorstore,tensorstore,smooth4,full-scan,local block storage,smooth4-lz4-64-16,65536,"[1,128,256]",lz4,16384,local-storage-traffic/output,0.0,minimize,9.141715975571755,True,none; fixed layout,undefined; nondominance is not a scalar winner rule,"[""424534d775567ed9944d53f1"",""3a3dd38f706e72b52d41df04"",""781c765d4452ef14a54a8830""]"
264b9407773c3e7b12a0,bd7c79c31b9aa720f030,pr160-warm-patterns,damacy,damacy,random10,full-scan,local block storage,random10-lz4-256-64,262144,"[2,256,256]",lz4,65536,compression/output,1.587635655752944,maximize,26.279811829473047,False,no scalar winner recorded; input/codec control; exported frontiers are descriptive,undefined; nondominance is not a scalar winner rule,"[""b096b30280e688f4a9c3304b"",""74b07a5b11dfa6cbf1ad96d2"",""4243a42247c9123f536cdf0c"",""f5a61ed7a8efb918b237d6c6"",""06491fbe8c0276922baa8443""]"
264b9407773c3e7b12a0,e029f785981033de771d,pr160-warm-patterns,damacy,damacy,random10,full-scan,local block storage,random10-zstd-256-64,262144,"[2,256,256]",zstd,65536,compression/output,1.5965686741260692,maximize,28.074231507355766,True,no scalar winner recorded; input/codec control; exported frontiers are descriptive,undefined; nondominance is not a scalar winner rule,"[""5a85ec55ca8fb406d06ddf48"",""7d8d77c7533ef8b5315cfaad"",""6655c3fb4087a50de721faad"",""2359cf5ec2cda8a46ea4af22"",""402843dd213bb787e49e5fc4""]"
264b9407773c3e7b12a0,bd7c79c31b9aa720f030,pr160-warm-patterns,damacy,damacy,random10,full-scan,local block storage,random10-lz4-256-64,262144,"[2,256,256]",lz4,65536,encoded-traffic/output,0.6298063972499222,minimize,26.279811829473047,False,no scalar winner recorded; input/codec control; exported frontiers are descriptive,undefined; nondominance is not a scalar winner rule,"[""b096b30280e688f4a9c3304b"",""74b07a5b11dfa6cbf1ad96d2"",""4243a42247c9123f536cdf0c"",""f5a61ed7a8efb918b237d6c6"",""06491fbe8c0276922baa8443""]"
264b9407773c3e7b12a0,e029f785981033de771d,pr160-warm-patterns,damacy,damacy,random10,full-scan,local block storage,random10-zstd-256-64,262144,"[2,256,256]",zstd,65536,encoded-traffic/output,0.626282203476876,minimize,28.074231507355766,True,no scalar winner recorded; input/codec control; exported frontiers are descriptive,undefined; nondominance is not a scalar winner rule,"[""5a85ec55ca8fb406d06ddf48"",""7d8d77c7533ef8b5315cfaad"",""6655c3fb4087a50de721faad"",""2359cf5ec2cda8a46ea4af22"",""402843dd213bb787e49e5fc4""]"
