source_file,source_record,phase,attempt,status,performance_row,exit_code
/mnt/main0/home/nclack/tmp/2026-09-23-damacy-pr160-shard-grid/job-3804241/results/smooth4-lz4-c64-b16/aligned/cold/repeat-1/damacy/attempts.json,/0,cpu-fixed-layout-pilot,"{""attempt"":1,""status"":""complete""}",complete,False,
/mnt/main0/home/nclack/tmp/2026-09-23-damacy-pr160-shard-grid/job-3804241/results/smooth4-lz4-c64-b16/aligned/cold/repeat-1/tensorstore/attempts.json,/0,cpu-fixed-layout-pilot,"{""attempt"":1,""status"":""complete""}",complete,False,
/mnt/main0/home/nclack/tmp/2026-09-23-damacy-pr160-shard-grid/job-3804241/results/smooth4-lz4-c64-b16/aligned/cold/repeat-2/damacy/attempts.json,/0,cpu-fixed-layout-pilot,"{""attempt"":1,""status"":""complete""}",complete,False,
/mnt/main0/home/nclack/tmp/2026-09-23-damacy-pr160-shard-grid/job-3804241/results/smooth4-lz4-c64-b16/aligned/cold/repeat-2/tensorstore/attempts.json,/0,cpu-fixed-layout-pilot,"{""attempt"":1,""status"":""complete""}",complete,False,
/mnt/main0/home/nclack/tmp/2026-09-23-damacy-pr160-shard-grid/job-3804241/results/smooth4-lz4-c64-b16/aligned/cold/repeat-3/damacy/attempts.json,/0,cpu-fixed-layout-pilot,"{""attempt"":1,""status"":""complete""}",complete,False,
/mnt/main0/home/nclack/tmp/2026-09-23-damacy-pr160-shard-grid/job-3804241/results/smooth4-lz4-c64-b16/aligned/cold/repeat-3/tensorstore/attempts.json,/0,cpu-fixed-layout-pilot,"{""attempt"":1,""status"":""complete""}",complete,False,
/mnt/main0/home/nclack/tmp/2026-09-23-damacy-pr160-shard-grid/job-3804241/results/smooth4-lz4-c64-b16/aligned/warm/repeat-1/damacy/attempts.json,/0,cpu-fixed-layout-pilot,"{""attempt"":1,""status"":""complete""}",complete,False,
/mnt/main0/home/nclack/tmp/2026-09-23-damacy-pr160-shard-grid/job-3804241/results/smooth4-lz4-c64-b16/aligned/warm/repeat-1/tensorstore/attempts.json,/0,cpu-fixed-layout-pilot,"{""attempt"":1,""status"":""complete""}",complete,False,
/mnt/main0/home/nclack/tmp/2026-09-23-damacy-pr160-shard-grid/job-3804241/results/smooth4-lz4-c64-b16/aligned/warm/repeat-2/damacy/attempts.json,/0,cpu-fixed-layout-pilot,"{""attempt"":1,""status"":""complete""}",complete,False,
/mnt/main0/home/nclack/tmp/2026-09-23-damacy-pr160-shard-grid/job-3804241/results/smooth4-lz4-c64-b16/aligned/warm/repeat-2/tensorstore/attempts.json,/0,cpu-fixed-layout-pilot,"{""attempt"":1,""status"":""complete""}",complete,False,
/mnt/main0/home/nclack/tmp/2026-09-23-damacy-pr160-shard-grid/job-3804241/results/smooth4-lz4-c64-b16/aligned/warm/repeat-3/damacy/attempts.json,/0,cpu-fixed-layout-pilot,"{""attempt"":1,""status"":""complete""}",complete,False,
/mnt/main0/home/nclack/tmp/2026-09-23-damacy-pr160-shard-grid/job-3804241/results/smooth4-lz4-c64-b16/aligned/warm/repeat-3/tensorstore/attempts.json,/0,cpu-fixed-layout-pilot,"{""attempt"":1,""status"":""complete""}",complete,False,
/mnt/main0/home/nclack/tmp/2026-09-23-damacy-pr160-shard-grid/job-3804241/results/smooth4-lz4-c64-b16/full-scan/cold/repeat-1/damacy/attempts.json,/0,cpu-fixed-layout-pilot,"{""attempt"":1,""status"":""complete""}",complete,False,
/mnt/main0/home/nclack/tmp/2026-09-23-damacy-pr160-shard-grid/job-3804241/results/smooth4-lz4-c64-b16/full-scan/cold/repeat-1/tensorstore/attempts.json,/0,cpu-fixed-layout-pilot,"{""attempt"":1,""status"":""complete""}",complete,False,
/mnt/main0/home/nclack/tmp/2026-09-23-damacy-pr160-shard-grid/job-3804241/results/smooth4-lz4-c64-b16/full-scan/cold/repeat-2/damacy/attempts.json,/0,cpu-fixed-layout-pilot,"{""attempt"":1,""status"":""complete""}",complete,False,
/mnt/main0/home/nclack/tmp/2026-09-23-damacy-pr160-shard-grid/job-3804241/results/smooth4-lz4-c64-b16/full-scan/cold/repeat-2/tensorstore/attempts.json,/0,cpu-fixed-layout-pilot,"{""attempt"":1,""status"":""complete""}",complete,False,
/mnt/main0/home/nclack/tmp/2026-09-23-damacy-pr160-shard-grid/job-3804241/results/smooth4-lz4-c64-b16/full-scan/cold/repeat-3/damacy/attempts.json,/0,cpu-fixed-layout-pilot,"{""attempt"":1,""status"":""complete""}",complete,False,
/mnt/main0/home/nclack/tmp/2026-09-23-damacy-pr160-shard-grid/job-3804241/results/smooth4-lz4-c64-b16/full-scan/cold/repeat-3/tensorstore/attempts.json,/0,cpu-fixed-layout-pilot,"{""attempt"":1,""status"":""complete""}",complete,False,
/mnt/main0/home/nclack/tmp/2026-09-23-damacy-pr160-shard-grid/job-3804241/results/smooth4-lz4-c64-b16/full-scan/warm/repeat-1/damacy/attempts.json,/0,cpu-fixed-layout-pilot,"{""attempt"":1,""status"":""complete""}",complete,False,
/mnt/main0/home/nclack/tmp/2026-09-23-damacy-pr160-shard-grid/job-3804241/results/smooth4-lz4-c64-b16/full-scan/warm/repeat-1/tensorstore/attempts.json,/0,cpu-fixed-layout-pilot,"{""attempt"":1,""status"":""complete""}",complete,False,
/mnt/main0/home/nclack/tmp/2026-09-23-damacy-pr160-shard-grid/job-3804241/results/smooth4-lz4-c64-b16/full-scan/warm/repeat-2/damacy/attempts.json,/0,cpu-fixed-layout-pilot,"{""attempt"":1,""status"":""complete""}",complete,False,
/mnt/main0/home/nclack/tmp/2026-09-23-damacy-pr160-shard-grid/job-3804241/results/smooth4-lz4-c64-b16/full-scan/warm/repeat-2/tensorstore/attempts.json,/0,cpu-fixed-layout-pilot,"{""attempt"":1,""status"":""complete""}",complete,False,
/mnt/main0/home/nclack/tmp/2026-09-23-damacy-pr160-shard-grid/job-3804241/results/smooth4-lz4-c64-b16/full-scan/warm/repeat-3/damacy/attempts.json,/0,cpu-fixed-layout-pilot,"{""attempt"":1,""status"":""complete""}",complete,False,
/mnt/main0/home/nclack/tmp/2026-09-23-damacy-pr160-shard-grid/job-3804241/results/smooth4-lz4-c64-b16/full-scan/warm/repeat-3/tensorstore/attempts.json,/0,cpu-fixed-layout-pilot,"{""attempt"":1,""status"":""complete""}",complete,False,
/mnt/main0/home/nclack/tmp/2026-09-23-damacy-pr160-shard-grid/job-3804241/results/smooth4-lz4-c64-b16/random-1x256x256/cold/repeat-1/damacy/attempts.json,/0,cpu-fixed-layout-pilot,"{""attempt"":1,""status"":""complete""}",complete,False,
/mnt/main0/home/nclack/tmp/2026-09-23-damacy-pr160-shard-grid/job-3804241/results/smooth4-lz4-c64-b16/random-1x256x256/cold/repeat-1/tensorstore/attempts.json,/0,cpu-fixed-layout-pilot,"{""attempt"":1,""status"":""complete""}",complete,False,
/mnt/main0/home/nclack/tmp/2026-09-23-damacy-pr160-shard-grid/job-3804241/results/smooth4-lz4-c64-b16/random-1x256x256/cold/repeat-2/damacy/attempts.json,/0,cpu-fixed-layout-pilot,"{""attempt"":1,""status"":""complete""}",complete,False,
/mnt/main0/home/nclack/tmp/2026-09-23-damacy-pr160-shard-grid/job-3804241/results/smooth4-lz4-c64-b16/random-1x256x256/cold/repeat-2/tensorstore/attempts.json,/0,cpu-fixed-layout-pilot,"{""attempt"":1,""status"":""complete""}",complete,False,
/mnt/main0/home/nclack/tmp/2026-09-23-damacy-pr160-shard-grid/job-3804241/results/smooth4-lz4-c64-b16/random-1x256x256/cold/repeat-3/damacy/attempts.json,/0,cpu-fixed-layout-pilot,"{""attempt"":1,""status"":""complete""}",complete,False,
/mnt/main0/home/nclack/tmp/2026-09-23-damacy-pr160-shard-grid/job-3804241/results/smooth4-lz4-c64-b16/random-1x256x256/cold/repeat-3/tensorstore/attempts.json,/0,cpu-fixed-layout-pilot,"{""attempt"":1,""status"":""complete""}",complete,False,
/mnt/main0/home/nclack/tmp/2026-09-23-damacy-pr160-shard-grid/job-3804241/results/smooth4-lz4-c64-b16/random-1x256x256/warm/repeat-1/damacy/attempts.json,/0,cpu-fixed-layout-pilot,"{""attempt"":1,""status"":""complete""}",complete,False,
/mnt/main0/home/nclack/tmp/2026-09-23-damacy-pr160-shard-grid/job-3804241/results/smooth4-lz4-c64-b16/random-1x256x256/warm/repeat-1/tensorstore/attempts.json,/0,cpu-fixed-layout-pilot,"{""attempt"":1,""status"":""complete""}",complete,False,
/mnt/main0/home/nclack/tmp/2026-09-23-damacy-pr160-shard-grid/job-3804241/results/smooth4-lz4-c64-b16/random-1x256x256/warm/repeat-2/damacy/attempts.json,/0,cpu-fixed-layout-pilot,"{""attempt"":1,""status"":""complete""}",complete,False,
/mnt/main0/home/nclack/tmp/2026-09-23-damacy-pr160-shard-grid/job-3804241/results/smooth4-lz4-c64-b16/random-1x256x256/warm/repeat-2/tensorstore/attempts.json,/0,cpu-fixed-layout-pilot,"{""attempt"":1,""status"":""complete""}",complete,False,
/mnt/main0/home/nclack/tmp/2026-09-23-damacy-pr160-shard-grid/job-3804241/results/smooth4-lz4-c64-b16/random-1x256x256/warm/repeat-3/damacy/attempts.json,/0,cpu-fixed-layout-pilot,"{""attempt"":1,""status"":""complete""}",complete,False,
/mnt/main0/home/nclack/tmp/2026-09-23-damacy-pr160-shard-grid/job-3804241/results/smooth4-lz4-c64-b16/random-1x256x256/warm/repeat-3/tensorstore/attempts.json,/0,cpu-fixed-layout-pilot,"{""attempt"":1,""status"":""complete""}",complete,False,
/mnt/main0/home/nclack/tmp/2026-09-23-damacy-pr160-shard-grid/job-3804241/results/smooth4-zstd-c64-b16/aligned/cold/repeat-1/damacy/attempts.json,/0,cpu-fixed-layout-pilot,"{""attempt"":1,""status"":""complete""}",complete,False,
/mnt/main0/home/nclack/tmp/2026-09-23-damacy-pr160-shard-grid/job-3804241/results/smooth4-zstd-c64-b16/aligned/cold/repeat-1/tensorstore/attempts.json,/0,cpu-fixed-layout-pilot,"{""attempt"":1,""status"":""complete""}",complete,False,
/mnt/main0/home/nclack/tmp/2026-09-23-damacy-pr160-shard-grid/job-3804241/results/smooth4-zstd-c64-b16/aligned/cold/repeat-2/damacy/attempts.json,/0,cpu-fixed-layout-pilot,"{""attempt"":1,""status"":""complete""}",complete,False,
/mnt/main0/home/nclack/tmp/2026-09-23-damacy-pr160-shard-grid/job-3804241/results/smooth4-zstd-c64-b16/aligned/cold/repeat-2/tensorstore/attempts.json,/0,cpu-fixed-layout-pilot,"{""attempt"":1,""status"":""complete""}",complete,False,
/mnt/main0/home/nclack/tmp/2026-09-23-damacy-pr160-shard-grid/job-3804241/results/smooth4-zstd-c64-b16/aligned/cold/repeat-3/damacy/attempts.json,/0,cpu-fixed-layout-pilot,"{""attempt"":1,""status"":""complete""}",complete,False,
/mnt/main0/home/nclack/tmp/2026-09-23-damacy-pr160-shard-grid/job-3804241/results/smooth4-zstd-c64-b16/aligned/cold/repeat-3/tensorstore/attempts.json,/0,cpu-fixed-layout-pilot,"{""attempt"":1,""status"":""complete""}",complete,False,
/mnt/main0/home/nclack/tmp/2026-09-23-damacy-pr160-shard-grid/job-3804241/results/smooth4-zstd-c64-b16/aligned/warm/repeat-1/damacy/attempts.json,/0,cpu-fixed-layout-pilot,"{""attempt"":1,""status"":""complete""}",complete,False,
/mnt/main0/home/nclack/tmp/2026-09-23-damacy-pr160-shard-grid/job-3804241/results/smooth4-zstd-c64-b16/aligned/warm/repeat-1/tensorstore/attempts.json,/0,cpu-fixed-layout-pilot,"{""attempt"":1,""status"":""complete""}",complete,False,
/mnt/main0/home/nclack/tmp/2026-09-23-damacy-pr160-shard-grid/job-3804241/results/smooth4-zstd-c64-b16/aligned/warm/repeat-2/damacy/attempts.json,/0,cpu-fixed-layout-pilot,"{""attempt"":1,""status"":""complete""}",complete,False,
/mnt/main0/home/nclack/tmp/2026-09-23-damacy-pr160-shard-grid/job-3804241/results/smooth4-zstd-c64-b16/aligned/warm/repeat-2/tensorstore/attempts.json,/0,cpu-fixed-layout-pilot,"{""attempt"":1,""status"":""complete""}",complete,False,
/mnt/main0/home/nclack/tmp/2026-09-23-damacy-pr160-shard-grid/job-3804241/results/smooth4-zstd-c64-b16/aligned/warm/repeat-3/damacy/attempts.json,/0,cpu-fixed-layout-pilot,"{""attempt"":1,""status"":""complete""}",complete,False,
/mnt/main0/home/nclack/tmp/2026-09-23-damacy-pr160-shard-grid/job-3804241/results/smooth4-zstd-c64-b16/aligned/warm/repeat-3/tensorstore/attempts.json,/0,cpu-fixed-layout-pilot,"{""attempt"":1,""status"":""complete""}",complete,False,
/mnt/main0/home/nclack/tmp/2026-09-23-damacy-pr160-shard-grid/job-3804241/results/smooth4-zstd-c64-b16/full-scan/cold/repeat-1/damacy/attempts.json,/0,cpu-fixed-layout-pilot,"{""attempt"":1,""status"":""complete""}",complete,False,
/mnt/main0/home/nclack/tmp/2026-09-23-damacy-pr160-shard-grid/job-3804241/results/smooth4-zstd-c64-b16/full-scan/cold/repeat-1/tensorstore/attempts.json,/0,cpu-fixed-layout-pilot,"{""attempt"":1,""status"":""complete""}",complete,False,
/mnt/main0/home/nclack/tmp/2026-09-23-damacy-pr160-shard-grid/job-3804241/results/smooth4-zstd-c64-b16/full-scan/cold/repeat-2/damacy/attempts.json,/0,cpu-fixed-layout-pilot,"{""attempt"":1,""status"":""complete""}",complete,False,
/mnt/main0/home/nclack/tmp/2026-09-23-damacy-pr160-shard-grid/job-3804241/results/smooth4-zstd-c64-b16/full-scan/cold/repeat-2/tensorstore/attempts.json,/0,cpu-fixed-layout-pilot,"{""attempt"":1,""status"":""complete""}",complete,False,
/mnt/main0/home/nclack/tmp/2026-09-23-damacy-pr160-shard-grid/job-3804241/results/smooth4-zstd-c64-b16/full-scan/cold/repeat-3/damacy/attempts.json,/0,cpu-fixed-layout-pilot,"{""attempt"":1,""status"":""complete""}",complete,False,
/mnt/main0/home/nclack/tmp/2026-09-23-damacy-pr160-shard-grid/job-3804241/results/smooth4-zstd-c64-b16/full-scan/cold/repeat-3/tensorstore/attempts.json,/0,cpu-fixed-layout-pilot,"{""attempt"":1,""status"":""complete""}",complete,False,
/mnt/main0/home/nclack/tmp/2026-09-23-damacy-pr160-shard-grid/job-3804241/results/smooth4-zstd-c64-b16/random-1x256x256/cold/repeat-1/damacy/attempts.json,/0,cpu-fixed-layout-pilot,"{""attempt"":1,""status"":""complete""}",complete,False,
/mnt/main0/home/nclack/tmp/2026-09-23-damacy-pr160-shard-grid/job-3804241/results/smooth4-zstd-c64-b16/random-1x256x256/cold/repeat-1/tensorstore/attempts.json,/0,cpu-fixed-layout-pilot,"{""attempt"":1,""status"":""complete""}",complete,False,
/mnt/main0/home/nclack/tmp/2026-09-23-damacy-pr160-shard-grid/job-3804241/results/smooth4-zstd-c64-b16/random-1x256x256/cold/repeat-2/damacy/attempts.json,/0,cpu-fixed-layout-pilot,"{""attempt"":1,""status"":""complete""}",complete,False,
/mnt/main0/home/nclack/tmp/2026-09-23-damacy-pr160-shard-grid/job-3804241/results/smooth4-zstd-c64-b16/random-1x256x256/cold/repeat-2/tensorstore/attempts.json,/0,cpu-fixed-layout-pilot,"{""attempt"":1,""status"":""complete""}",complete,False,
/mnt/main0/home/nclack/tmp/2026-09-23-damacy-pr160-shard-grid/job-3804241/results/smooth4-zstd-c64-b16/random-1x256x256/cold/repeat-3/damacy/attempts.json,/0,cpu-fixed-layout-pilot,"{""attempt"":1,""status"":""complete""}",complete,False,
/mnt/main0/home/nclack/tmp/2026-09-23-damacy-pr160-shard-grid/job-3804241/results/smooth4-zstd-c64-b16/random-1x256x256/cold/repeat-3/tensorstore/attempts.json,/0,cpu-fixed-layout-pilot,"{""attempt"":1,""status"":""complete""}",complete,False,
/mnt/main0/home/nclack/tmp/2026-09-23-damacy-pr160-shard-grid/job-3804241/results/smooth4-zstd-c64-b16/random-1x256x256/warm/repeat-1/damacy/attempts.json,/0,cpu-fixed-layout-pilot,"{""attempt"":1,""status"":""complete""}",complete,False,
/mnt/main0/home/nclack/tmp/2026-09-23-damacy-pr160-shard-grid/job-3804241/results/smooth4-zstd-c64-b16/random-1x256x256/warm/repeat-1/tensorstore/attempts.json,/0,cpu-fixed-layout-pilot,"{""attempt"":1,""status"":""complete""}",complete,False,
/mnt/main0/home/nclack/tmp/2026-09-23-damacy-pr160-shard-grid/job-3804241/results/smooth4-zstd-c64-b16/random-1x256x256/warm/repeat-2/damacy/attempts.json,/0,cpu-fixed-layout-pilot,"{""attempt"":1,""status"":""complete""}",complete,False,
/mnt/main0/home/nclack/tmp/2026-09-23-damacy-pr160-shard-grid/job-3804241/results/smooth4-zstd-c64-b16/random-1x256x256/warm/repeat-2/tensorstore/attempts.json,/0,cpu-fixed-layout-pilot,"{""attempt"":1,""status"":""complete""}",complete,False,
/mnt/main0/home/nclack/tmp/2026-09-23-damacy-pr160-shard-grid/job-3804241/results/smooth4-zstd-c64-b16/random-1x256x256/warm/repeat-3/damacy/attempts.json,/0,cpu-fixed-layout-pilot,"{""attempt"":1,""status"":""complete""}",complete,False,
/mnt/main0/home/nclack/tmp/2026-09-23-damacy-pr160-shard-grid/job-3804241/results/smooth4-zstd-c64-b16/random-1x256x256/warm/repeat-3/tensorstore/attempts.json,/0,cpu-fixed-layout-pilot,"{""attempt"":1,""status"":""complete""}",complete,False,
/mnt/main0/home/nclack/tmp/2026-09-23-damacy-pr160-shard-grid/job-3804241/preflight/random12-lz4-c64-b16/aligned/cold/repeat-1/damacy/attempts.json,/0,cpu-fixed-layout-pilot,"{""attempt"":1,""status"":""complete""}",complete,False,
/mnt/main0/home/nclack/tmp/2026-09-23-damacy-pr160-shard-grid/job-3804241/preflight/random12-lz4-c64-b16/aligned/cold/repeat-1/tensorstore/attempts.json,/0,cpu-fixed-layout-pilot,"{""attempt"":1,""status"":""complete""}",complete,False,
/mnt/main0/home/nclack/tmp/2026-09-23-damacy-pr160-shard-grid/job-3804241/preflight/random12-lz4-c64-b16/aligned/warm/repeat-1/damacy/attempts.json,/0,cpu-fixed-layout-pilot,"{""attempt"":1,""status"":""complete""}",complete,False,
/mnt/main0/home/nclack/tmp/2026-09-23-damacy-pr160-shard-grid/job-3804241/preflight/random12-lz4-c64-b16/aligned/warm/repeat-1/tensorstore/attempts.json,/0,cpu-fixed-layout-pilot,"{""attempt"":1,""status"":""complete""}",complete,False,
/mnt/main0/home/nclack/tmp/2026-09-23-damacy-pr160-shard-grid/job-3804241/preflight/random12-lz4-c64-b16/full-scan/cold/repeat-1/damacy/attempts.json,/0,cpu-fixed-layout-pilot,"{""attempt"":1,""status"":""complete""}",complete,False,
/mnt/main0/home/nclack/tmp/2026-09-23-damacy-pr160-shard-grid/job-3804241/preflight/random12-lz4-c64-b16/full-scan/cold/repeat-1/tensorstore/attempts.json,/0,cpu-fixed-layout-pilot,"{""attempt"":1,""status"":""complete""}",complete,False,
/mnt/main0/home/nclack/tmp/2026-09-23-damacy-pr160-shard-grid/job-3804241/preflight/random12-lz4-c64-b16/full-scan/warm/repeat-1/damacy/attempts.json,/0,cpu-fixed-layout-pilot,"{""attempt"":1,""status"":""complete""}",complete,False,
/mnt/main0/home/nclack/tmp/2026-09-23-damacy-pr160-shard-grid/job-3804241/preflight/random12-lz4-c64-b16/full-scan/warm/repeat-1/tensorstore/attempts.json,/0,cpu-fixed-layout-pilot,"{""attempt"":1,""status"":""complete""}",complete,False,
/mnt/main0/home/nclack/tmp/2026-09-23-damacy-pr160-shard-grid/job-3804241/preflight/random12-lz4-c64-b16/random-1x256x256/cold/repeat-1/damacy/attempts.json,/0,cpu-fixed-layout-pilot,"{""attempt"":1,""status"":""complete""}",complete,False,
/mnt/main0/home/nclack/tmp/2026-09-23-damacy-pr160-shard-grid/job-3804241/preflight/random12-lz4-c64-b16/random-1x256x256/cold/repeat-1/tensorstore/attempts.json,/0,cpu-fixed-layout-pilot,"{""attempt"":1,""status"":""complete""}",complete,False,
/mnt/main0/home/nclack/tmp/2026-09-23-damacy-pr160-shard-grid/job-3804241/preflight/random12-lz4-c64-b16/random-1x256x256/warm/repeat-1/damacy/attempts.json,/0,cpu-fixed-layout-pilot,"{""attempt"":1,""status"":""complete""}",complete,False,
/mnt/main0/home/nclack/tmp/2026-09-23-damacy-pr160-shard-grid/job-3804241/preflight/random12-lz4-c64-b16/random-1x256x256/warm/repeat-1/tensorstore/attempts.json,/0,cpu-fixed-layout-pilot,"{""attempt"":1,""status"":""complete""}",complete,False,
/mnt/main0/home/nclack/tmp/2026-09-23-damacy-pr160-shard-grid/job-3804241/preflight/random12-zstd-c64-b16/aligned/cold/repeat-1/damacy/attempts.json,/0,cpu-fixed-layout-pilot,"{""attempt"":1,""status"":""complete""}",complete,False,
/mnt/main0/home/nclack/tmp/2026-09-23-damacy-pr160-shard-grid/job-3804241/preflight/random12-zstd-c64-b16/aligned/cold/repeat-1/tensorstore/attempts.json,/0,cpu-fixed-layout-pilot,"{""attempt"":1,""status"":""complete""}",complete,False,
/mnt/main0/home/nclack/tmp/2026-09-23-damacy-pr160-shard-grid/job-3804241/preflight/random12-zstd-c64-b16/aligned/warm/repeat-1/damacy/attempts.json,/0,cpu-fixed-layout-pilot,"{""attempt"":1,""status"":""complete""}",complete,False,
/mnt/main0/home/nclack/tmp/2026-09-23-damacy-pr160-shard-grid/job-3804241/preflight/random12-zstd-c64-b16/aligned/warm/repeat-1/tensorstore/attempts.json,/0,cpu-fixed-layout-pilot,"{""attempt"":1,""status"":""complete""}",complete,False,
/mnt/main0/home/nclack/tmp/2026-09-23-damacy-pr160-shard-grid/job-3804241/preflight/random12-zstd-c64-b16/full-scan/cold/repeat-1/damacy/attempts.json,/0,cpu-fixed-layout-pilot,"{""attempt"":1,""status"":""complete""}",complete,False,
/mnt/main0/home/nclack/tmp/2026-09-23-damacy-pr160-shard-grid/job-3804241/preflight/random12-zstd-c64-b16/full-scan/cold/repeat-1/tensorstore/attempts.json,/0,cpu-fixed-layout-pilot,"{""attempt"":1,""status"":""complete""}",complete,False,
/mnt/main0/home/nclack/tmp/2026-09-23-damacy-pr160-shard-grid/job-3804241/preflight/random12-zstd-c64-b16/full-scan/warm/repeat-1/damacy/attempts.json,/0,cpu-fixed-layout-pilot,"{""attempt"":1,""status"":""complete""}",complete,False,
/mnt/main0/home/nclack/tmp/2026-09-23-damacy-pr160-shard-grid/job-3804241/preflight/random12-zstd-c64-b16/full-scan/warm/repeat-1/tensorstore/attempts.json,/0,cpu-fixed-layout-pilot,"{""attempt"":1,""status"":""complete""}",complete,False,
/mnt/main0/home/nclack/tmp/2026-09-23-damacy-pr160-shard-grid/job-3804241/preflight/random12-zstd-c64-b16/random-1x256x256/cold/repeat-1/damacy/attempts.json,/0,cpu-fixed-layout-pilot,"{""attempt"":1,""status"":""complete""}",complete,False,
/mnt/main0/home/nclack/tmp/2026-09-23-damacy-pr160-shard-grid/job-3804241/preflight/random12-zstd-c64-b16/random-1x256x256/cold/repeat-1/tensorstore/attempts.json,/0,cpu-fixed-layout-pilot,"{""attempt"":1,""status"":""complete""}",complete,False,
/mnt/main0/home/nclack/tmp/2026-09-23-damacy-pr160-shard-grid/job-3804241/preflight/random12-zstd-c64-b16/random-1x256x256/warm/repeat-1/damacy/attempts.json,/0,cpu-fixed-layout-pilot,"{""attempt"":1,""status"":""complete""}",complete,False,
/mnt/main0/home/nclack/tmp/2026-09-23-damacy-pr160-shard-grid/job-3804241/preflight/random12-zstd-c64-b16/random-1x256x256/warm/repeat-1/tensorstore/attempts.json,/0,cpu-fixed-layout-pilot,"{""attempt"":1,""status"":""complete""}",complete,False,
/mnt/main0/home/nclack/tmp/2026-09-23-damacy-pr160-shard-grid/job-3804241/preflight/smooth4-lz4-c64-b16/aligned/cold/repeat-1/damacy/attempts.json,/0,cpu-fixed-layout-pilot,"{""attempt"":1,""status"":""complete""}",complete,False,
/mnt/main0/home/nclack/tmp/2026-09-23-damacy-pr160-shard-grid/job-3804241/preflight/smooth4-lz4-c64-b16/aligned/cold/repeat-1/tensorstore/attempts.json,/0,cpu-fixed-layout-pilot,"{""attempt"":1,""status"":""complete""}",complete,False,
/mnt/main0/home/nclack/tmp/2026-09-23-damacy-pr160-shard-grid/job-3804241/preflight/smooth4-lz4-c64-b16/aligned/warm/repeat-1/damacy/attempts.json,/0,cpu-fixed-layout-pilot,"{""attempt"":1,""status"":""complete""}",complete,False,
/mnt/main0/home/nclack/tmp/2026-09-23-damacy-pr160-shard-grid/job-3804241/preflight/smooth4-lz4-c64-b16/aligned/warm/repeat-1/tensorstore/attempts.json,/0,cpu-fixed-layout-pilot,"{""attempt"":1,""status"":""complete""}",complete,False,
/mnt/main0/home/nclack/tmp/2026-09-23-damacy-pr160-shard-grid/job-3804241/preflight/smooth4-lz4-c64-b16/full-scan/cold/repeat-1/damacy/attempts.json,/0,cpu-fixed-layout-pilot,"{""attempt"":1,""status"":""complete""}",complete,False,
/mnt/main0/home/nclack/tmp/2026-09-23-damacy-pr160-shard-grid/job-3804241/preflight/smooth4-lz4-c64-b16/full-scan/cold/repeat-1/tensorstore/attempts.json,/0,cpu-fixed-layout-pilot,"{""attempt"":1,""status"":""complete""}",complete,False,
/mnt/main0/home/nclack/tmp/2026-09-23-damacy-pr160-shard-grid/job-3804241/preflight/smooth4-lz4-c64-b16/full-scan/warm/repeat-1/damacy/attempts.json,/0,cpu-fixed-layout-pilot,"{""attempt"":1,""status"":""complete""}",complete,False,
/mnt/main0/home/nclack/tmp/2026-09-23-damacy-pr160-shard-grid/job-3804241/preflight/smooth4-lz4-c64-b16/full-scan/warm/repeat-1/tensorstore/attempts.json,/0,cpu-fixed-layout-pilot,"{""attempt"":1,""status"":""complete""}",complete,False,
/mnt/main0/home/nclack/tmp/2026-09-23-damacy-pr160-shard-grid/job-3804241/preflight/smooth4-lz4-c64-b16/random-1x256x256/cold/repeat-1/damacy/attempts.json,/0,cpu-fixed-layout-pilot,"{""attempt"":1,""status"":""complete""}",complete,False,
/mnt/main0/home/nclack/tmp/2026-09-23-damacy-pr160-shard-grid/job-3804241/preflight/smooth4-lz4-c64-b16/random-1x256x256/cold/repeat-1/tensorstore/attempts.json,/0,cpu-fixed-layout-pilot,"{""attempt"":1,""status"":""complete""}",complete,False,
/mnt/main0/home/nclack/tmp/2026-09-23-damacy-pr160-shard-grid/job-3804241/preflight/smooth4-lz4-c64-b16/random-1x256x256/warm/repeat-1/damacy/attempts.json,/0,cpu-fixed-layout-pilot,"{""attempt"":1,""status"":""complete""}",complete,False,
/mnt/main0/home/nclack/tmp/2026-09-23-damacy-pr160-shard-grid/job-3804241/preflight/smooth4-lz4-c64-b16/random-1x256x256/warm/repeat-1/tensorstore/attempts.json,/0,cpu-fixed-layout-pilot,"{""attempt"":1,""status"":""complete""}",complete,False,
/mnt/main0/home/nclack/tmp/2026-09-23-damacy-pr160-shard-grid/job-3804241/preflight/smooth4-zstd-c64-b16/aligned/cold/repeat-1/damacy/attempts.json,/0,cpu-fixed-layout-pilot,"{""attempt"":1,""status"":""complete""}",complete,False,
/mnt/main0/home/nclack/tmp/2026-09-23-damacy-pr160-shard-grid/job-3804241/preflight/smooth4-zstd-c64-b16/aligned/cold/repeat-1/tensorstore/attempts.json,/0,cpu-fixed-layout-pilot,"{""attempt"":1,""status"":""complete""}",complete,False,
/mnt/main0/home/nclack/tmp/2026-09-23-damacy-pr160-shard-grid/job-3804241/preflight/smooth4-zstd-c64-b16/aligned/warm/repeat-1/damacy/attempts.json,/0,cpu-fixed-layout-pilot,"{""attempt"":1,""status"":""complete""}",complete,False,
/mnt/main0/home/nclack/tmp/2026-09-23-damacy-pr160-shard-grid/job-3804241/preflight/smooth4-zstd-c64-b16/aligned/warm/repeat-1/tensorstore/attempts.json,/0,cpu-fixed-layout-pilot,"{""attempt"":1,""status"":""complete""}",complete,False,
/mnt/main0/home/nclack/tmp/2026-09-23-damacy-pr160-shard-grid/job-3804241/preflight/smooth4-zstd-c64-b16/full-scan/cold/repeat-1/damacy/attempts.json,/0,cpu-fixed-layout-pilot,"{""attempt"":1,""status"":""complete""}",complete,False,
/mnt/main0/home/nclack/tmp/2026-09-23-damacy-pr160-shard-grid/job-3804241/preflight/smooth4-zstd-c64-b16/full-scan/cold/repeat-1/tensorstore/attempts.json,/0,cpu-fixed-layout-pilot,"{""attempt"":1,""status"":""complete""}",complete,False,
/mnt/main0/home/nclack/tmp/2026-09-23-damacy-pr160-shard-grid/job-3804241/preflight/smooth4-zstd-c64-b16/full-scan/warm/repeat-1/damacy/attempts.json,/0,cpu-fixed-layout-pilot,"{""attempt"":1,""status"":""complete""}",complete,False,
/mnt/main0/home/nclack/tmp/2026-09-23-damacy-pr160-shard-grid/job-3804241/preflight/smooth4-zstd-c64-b16/full-scan/warm/repeat-1/tensorstore/attempts.json,/0,cpu-fixed-layout-pilot,"{""attempt"":1,""status"":""complete""}",complete,False,
/mnt/main0/home/nclack/tmp/2026-09-23-damacy-pr160-shard-grid/job-3804241/preflight/smooth4-zstd-c64-b16/random-1x256x256/cold/repeat-1/damacy/attempts.json,/0,cpu-fixed-layout-pilot,"{""attempt"":1,""status"":""complete""}",complete,False,
/mnt/main0/home/nclack/tmp/2026-09-23-damacy-pr160-shard-grid/job-3804241/preflight/smooth4-zstd-c64-b16/random-1x256x256/cold/repeat-1/tensorstore/attempts.json,/0,cpu-fixed-layout-pilot,"{""attempt"":1,""status"":""complete""}",complete,False,
/mnt/main0/home/nclack/tmp/2026-09-23-damacy-pr160-shard-grid/job-3804241/preflight/smooth4-zstd-c64-b16/random-1x256x256/warm/repeat-1/damacy/attempts.json,/0,cpu-fixed-layout-pilot,"{""attempt"":1,""status"":""complete""}",complete,False,
/mnt/main0/home/nclack/tmp/2026-09-23-damacy-pr160-shard-grid/job-3804241/preflight/smooth4-zstd-c64-b16/random-1x256x256/warm/repeat-1/tensorstore/attempts.json,/0,cpu-fixed-layout-pilot,"{""attempt"":1,""status"":""complete""}",complete,False,
/mnt/main0/home/nclack/tmp/2026-09-23-damacy-pr160-shard-grid/job-3804536/results/smooth4-zstd-c64-b16/full-scan/warm/repeat-1/damacy/attempts.json,/0,cpu-fixed-layout-pilot,"{""attempt"":1,""status"":""complete""}",complete,False,
/mnt/main0/home/nclack/tmp/2026-09-23-damacy-pr160-shard-grid/job-3804536/results/smooth4-zstd-c64-b16/full-scan/warm/repeat-1/tensorstore/attempts.json,/0,cpu-fixed-layout-pilot,"{""attempt"":1,""status"":""complete""}",complete,False,
/mnt/main0/home/nclack/tmp/2026-09-23-damacy-pr160-shard-grid/job-3804536/results/smooth4-zstd-c64-b16/full-scan/warm/repeat-2/damacy/attempts.json,/0,cpu-fixed-layout-pilot,"{""attempt"":1,""status"":""complete""}",complete,False,
/mnt/main0/home/nclack/tmp/2026-09-23-damacy-pr160-shard-grid/job-3804536/results/smooth4-zstd-c64-b16/full-scan/warm/repeat-2/tensorstore/attempts.json,/0,cpu-fixed-layout-pilot,"{""attempt"":1,""status"":""complete""}",complete,False,
/mnt/main0/home/nclack/tmp/2026-09-23-damacy-pr160-shard-grid/job-3804536/results/smooth4-zstd-c64-b16/full-scan/warm/repeat-3/damacy/attempts.json,/0,cpu-fixed-layout-pilot,"{""attempt"":1,""status"":""complete""}",complete,False,
/mnt/main0/home/nclack/tmp/2026-09-23-damacy-pr160-shard-grid/job-3804536/results/smooth4-zstd-c64-b16/full-scan/warm/repeat-3/tensorstore/attempts.json,/0,cpu-fixed-layout-pilot,"{""attempt"":1,""status"":""complete""}",complete,False,
/mnt/main0/home/nclack/tmp/2026-09-23-damacy-pr164-before-after/job-3806589/results/smooth4-lz4-c64-b16/aligned/cold/repeat-1/after/attempts.json,/0,cpu-scheduling-paired,"{""attempt"":1,""status"":""complete""}",complete,False,
/mnt/main0/home/nclack/tmp/2026-09-23-damacy-pr164-before-after/job-3806589/results/smooth4-lz4-c64-b16/aligned/cold/repeat-1/before/attempts.json,/0,cpu-scheduling-paired,"{""attempt"":1,""status"":""complete""}",complete,False,
/mnt/main0/home/nclack/tmp/2026-09-23-damacy-pr164-before-after/job-3806589/results/smooth4-lz4-c64-b16/aligned/cold/repeat-2/after/attempts.json,/0,cpu-scheduling-paired,"{""attempt"":1,""status"":""complete""}",complete,False,
/mnt/main0/home/nclack/tmp/2026-09-23-damacy-pr164-before-after/job-3806589/results/smooth4-lz4-c64-b16/aligned/cold/repeat-2/before/attempts.json,/0,cpu-scheduling-paired,"{""attempt"":1,""status"":""complete""}",complete,False,
/mnt/main0/home/nclack/tmp/2026-09-23-damacy-pr164-before-after/job-3806589/results/smooth4-lz4-c64-b16/aligned/cold/repeat-3/after/attempts.json,/0,cpu-scheduling-paired,"{""attempt"":1,""status"":""complete""}",complete,False,
/mnt/main0/home/nclack/tmp/2026-09-23-damacy-pr164-before-after/job-3806589/results/smooth4-lz4-c64-b16/aligned/cold/repeat-3/before/attempts.json,/0,cpu-scheduling-paired,"{""attempt"":1,""status"":""complete""}",complete,False,
/mnt/main0/home/nclack/tmp/2026-09-23-damacy-pr164-before-after/job-3806589/results/smooth4-lz4-c64-b16/aligned/warm/repeat-1/after/attempts.json,/0,cpu-scheduling-paired,"{""attempt"":1,""status"":""complete""}",complete,False,
/mnt/main0/home/nclack/tmp/2026-09-23-damacy-pr164-before-after/job-3806589/results/smooth4-lz4-c64-b16/aligned/warm/repeat-1/before/attempts.json,/0,cpu-scheduling-paired,"{""attempt"":1,""status"":""complete""}",complete,False,
/mnt/main0/home/nclack/tmp/2026-09-23-damacy-pr164-before-after/job-3806589/results/smooth4-lz4-c64-b16/aligned/warm/repeat-2/after/attempts.json,/0,cpu-scheduling-paired,"{""attempt"":1,""status"":""complete""}",complete,False,
/mnt/main0/home/nclack/tmp/2026-09-23-damacy-pr164-before-after/job-3806589/results/smooth4-lz4-c64-b16/aligned/warm/repeat-2/before/attempts.json,/0,cpu-scheduling-paired,"{""attempt"":1,""status"":""complete""}",complete,False,
/mnt/main0/home/nclack/tmp/2026-09-23-damacy-pr164-before-after/job-3806589/results/smooth4-lz4-c64-b16/aligned/warm/repeat-3/after/attempts.json,/0,cpu-scheduling-paired,"{""attempt"":1,""status"":""complete""}",complete,False,
/mnt/main0/home/nclack/tmp/2026-09-23-damacy-pr164-before-after/job-3806589/results/smooth4-lz4-c64-b16/aligned/warm/repeat-3/before/attempts.json,/0,cpu-scheduling-paired,"{""attempt"":1,""status"":""complete""}",complete,False,
/mnt/main0/home/nclack/tmp/2026-09-23-damacy-pr164-before-after/job-3806589/results/smooth4-lz4-c64-b16/concurrency/repeat-1/after/attempts.json,/0,cpu-scheduling-paired,"{""attempt"":1,""status"":""complete""}",complete,False,
/mnt/main0/home/nclack/tmp/2026-09-23-damacy-pr164-before-after/job-3806589/results/smooth4-lz4-c64-b16/concurrency/repeat-1/before/attempts.json,/0,cpu-scheduling-paired,"{""attempt"":1,""status"":""complete""}",complete,False,
/mnt/main0/home/nclack/tmp/2026-09-23-damacy-pr164-before-after/job-3806589/results/smooth4-lz4-c64-b16/concurrency/repeat-1/tensorstore/attempts.json,/0,cpu-scheduling-paired,"{""attempt"":1,""status"":""complete""}",complete,False,
/mnt/main0/home/nclack/tmp/2026-09-23-damacy-pr164-before-after/job-3806589/results/smooth4-lz4-c64-b16/concurrency/repeat-2/after/attempts.json,/0,cpu-scheduling-paired,"{""attempt"":1,""status"":""complete""}",complete,False,
/mnt/main0/home/nclack/tmp/2026-09-23-damacy-pr164-before-after/job-3806589/results/smooth4-lz4-c64-b16/concurrency/repeat-2/before/attempts.json,/0,cpu-scheduling-paired,"{""attempt"":1,""status"":""complete""}",complete,False,
/mnt/main0/home/nclack/tmp/2026-09-23-damacy-pr164-before-after/job-3806589/results/smooth4-lz4-c64-b16/concurrency/repeat-2/tensorstore/attempts.json,/0,cpu-scheduling-paired,"{""attempt"":1,""status"":""complete""}",complete,False,
/mnt/main0/home/nclack/tmp/2026-09-23-damacy-pr164-before-after/job-3806589/results/smooth4-lz4-c64-b16/concurrency/repeat-3/after/attempts.json,/0,cpu-scheduling-paired,"{""attempt"":1,""status"":""complete""}",complete,False,
/mnt/main0/home/nclack/tmp/2026-09-23-damacy-pr164-before-after/job-3806589/results/smooth4-lz4-c64-b16/concurrency/repeat-3/before/attempts.json,/0,cpu-scheduling-paired,"{""attempt"":1,""status"":""complete""}",complete,False,
/mnt/main0/home/nclack/tmp/2026-09-23-damacy-pr164-before-after/job-3806589/results/smooth4-lz4-c64-b16/concurrency/repeat-3/tensorstore/attempts.json,/0,cpu-scheduling-paired,"{""attempt"":1,""status"":""complete""}",complete,False,
/mnt/main0/home/nclack/tmp/2026-09-23-damacy-pr164-before-after/job-3806589/results/smooth4-lz4-c64-b16/full-scan/cold/repeat-1/after/attempts.json,/0,cpu-scheduling-paired,"{""attempt"":1,""status"":""complete""}",complete,False,
/mnt/main0/home/nclack/tmp/2026-09-23-damacy-pr164-before-after/job-3806589/results/smooth4-lz4-c64-b16/full-scan/cold/repeat-1/before/attempts.json,/0,cpu-scheduling-paired,"{""attempt"":1,""status"":""complete""}",complete,False,
/mnt/main0/home/nclack/tmp/2026-09-23-damacy-pr164-before-after/job-3806589/results/smooth4-lz4-c64-b16/full-scan/cold/repeat-2/after/attempts.json,/0,cpu-scheduling-paired,"{""attempt"":1,""status"":""complete""}",complete,False,
/mnt/main0/home/nclack/tmp/2026-09-23-damacy-pr164-before-after/job-3806589/results/smooth4-lz4-c64-b16/full-scan/cold/repeat-2/before/attempts.json,/0,cpu-scheduling-paired,"{""attempt"":1,""status"":""complete""}",complete,False,
/mnt/main0/home/nclack/tmp/2026-09-23-damacy-pr164-before-after/job-3806589/results/smooth4-lz4-c64-b16/full-scan/cold/repeat-3/after/attempts.json,/0,cpu-scheduling-paired,"{""attempt"":1,""status"":""complete""}",complete,False,
/mnt/main0/home/nclack/tmp/2026-09-23-damacy-pr164-before-after/job-3806589/results/smooth4-lz4-c64-b16/full-scan/cold/repeat-3/before/attempts.json,/0,cpu-scheduling-paired,"{""attempt"":1,""status"":""complete""}",complete,False,
/mnt/main0/home/nclack/tmp/2026-09-23-damacy-pr164-before-after/job-3806589/results/smooth4-lz4-c64-b16/full-scan/warm/repeat-1/after/attempts.json,/0,cpu-scheduling-paired,"{""attempt"":1,""status"":""complete""}",complete,False,
/mnt/main0/home/nclack/tmp/2026-09-23-damacy-pr164-before-after/job-3806589/results/smooth4-lz4-c64-b16/full-scan/warm/repeat-1/before/attempts.json,/0,cpu-scheduling-paired,"{""attempt"":1,""status"":""complete""}",complete,False,
/mnt/main0/home/nclack/tmp/2026-09-23-damacy-pr164-before-after/job-3806589/results/smooth4-lz4-c64-b16/full-scan/warm/repeat-2/after/attempts.json,/0,cpu-scheduling-paired,"{""attempt"":1,""status"":""complete""}",complete,False,
/mnt/main0/home/nclack/tmp/2026-09-23-damacy-pr164-before-after/job-3806589/results/smooth4-lz4-c64-b16/full-scan/warm/repeat-2/before/attempts.json,/0,cpu-scheduling-paired,"{""attempt"":1,""status"":""complete""}",complete,False,
/mnt/main0/home/nclack/tmp/2026-09-23-damacy-pr164-before-after/job-3806589/results/smooth4-lz4-c64-b16/full-scan/warm/repeat-3/after/attempts.json,/0,cpu-scheduling-paired,"{""attempt"":1,""status"":""complete""}",complete,False,
/mnt/main0/home/nclack/tmp/2026-09-23-damacy-pr164-before-after/job-3806589/results/smooth4-lz4-c64-b16/full-scan/warm/repeat-3/before/attempts.json,/0,cpu-scheduling-paired,"{""attempt"":1,""status"":""complete""}",complete,False,
/mnt/main0/home/nclack/tmp/2026-09-23-damacy-pr164-before-after/job-3806589/results/smooth4-lz4-c64-b16/random-1x256x256/cold/repeat-1/after/attempts.json,/0,cpu-scheduling-paired,"{""attempt"":1,""status"":""complete""}",complete,False,
/mnt/main0/home/nclack/tmp/2026-09-23-damacy-pr164-before-after/job-3806589/results/smooth4-lz4-c64-b16/random-1x256x256/cold/repeat-1/before/attempts.json,/0,cpu-scheduling-paired,"{""attempt"":1,""status"":""complete""}",complete,False,
/mnt/main0/home/nclack/tmp/2026-09-23-damacy-pr164-before-after/job-3806589/results/smooth4-lz4-c64-b16/random-1x256x256/cold/repeat-1/tensorstore/attempts.json,/0,cpu-scheduling-paired,"{""attempt"":1,""status"":""complete""}",complete,False,
/mnt/main0/home/nclack/tmp/2026-09-23-damacy-pr164-before-after/job-3806589/results/smooth4-lz4-c64-b16/random-1x256x256/cold/repeat-2/after/attempts.json,/0,cpu-scheduling-paired,"{""attempt"":1,""status"":""complete""}",complete,False,
/mnt/main0/home/nclack/tmp/2026-09-23-damacy-pr164-before-after/job-3806589/results/smooth4-lz4-c64-b16/random-1x256x256/cold/repeat-2/before/attempts.json,/0,cpu-scheduling-paired,"{""attempt"":1,""status"":""complete""}",complete,False,
/mnt/main0/home/nclack/tmp/2026-09-23-damacy-pr164-before-after/job-3806589/results/smooth4-lz4-c64-b16/random-1x256x256/cold/repeat-2/tensorstore/attempts.json,/0,cpu-scheduling-paired,"{""attempt"":1,""status"":""complete""}",complete,False,
/mnt/main0/home/nclack/tmp/2026-09-23-damacy-pr164-before-after/job-3806589/results/smooth4-lz4-c64-b16/random-1x256x256/cold/repeat-3/after/attempts.json,/0,cpu-scheduling-paired,"{""attempt"":1,""status"":""complete""}",complete,False,
/mnt/main0/home/nclack/tmp/2026-09-23-damacy-pr164-before-after/job-3806589/results/smooth4-lz4-c64-b16/random-1x256x256/cold/repeat-3/before/attempts.json,/0,cpu-scheduling-paired,"{""attempt"":1,""status"":""complete""}",complete,False,
/mnt/main0/home/nclack/tmp/2026-09-23-damacy-pr164-before-after/job-3806589/results/smooth4-lz4-c64-b16/random-1x256x256/cold/repeat-3/tensorstore/attempts.json,/0,cpu-scheduling-paired,"{""attempt"":1,""status"":""complete""}",complete,False,
/mnt/main0/home/nclack/tmp/2026-09-23-damacy-pr164-before-after/job-3806589/results/smooth4-lz4-c64-b16/random-1x256x256/warm/repeat-1/after/attempts.json,/0,cpu-scheduling-paired,"{""attempt"":1,""status"":""complete""}",complete,False,
/mnt/main0/home/nclack/tmp/2026-09-23-damacy-pr164-before-after/job-3806589/results/smooth4-lz4-c64-b16/random-1x256x256/warm/repeat-1/before/attempts.json,/0,cpu-scheduling-paired,"{""attempt"":1,""status"":""complete""}",complete,False,
/mnt/main0/home/nclack/tmp/2026-09-23-damacy-pr164-before-after/job-3806589/results/smooth4-lz4-c64-b16/random-1x256x256/warm/repeat-1/tensorstore/attempts.json,/0,cpu-scheduling-paired,"{""attempt"":1,""status"":""complete""}",complete,False,
/mnt/main0/home/nclack/tmp/2026-09-23-damacy-pr164-before-after/job-3806589/results/smooth4-lz4-c64-b16/random-1x256x256/warm/repeat-2/after/attempts.json,/0,cpu-scheduling-paired,"{""attempt"":1,""status"":""complete""}",complete,False,
/mnt/main0/home/nclack/tmp/2026-09-23-damacy-pr164-before-after/job-3806589/results/smooth4-lz4-c64-b16/random-1x256x256/warm/repeat-2/before/attempts.json,/0,cpu-scheduling-paired,"{""attempt"":1,""status"":""complete""}",complete,False,
/mnt/main0/home/nclack/tmp/2026-09-23-damacy-pr164-before-after/job-3806589/results/smooth4-lz4-c64-b16/random-1x256x256/warm/repeat-2/tensorstore/attempts.json,/0,cpu-scheduling-paired,"{""attempt"":1,""status"":""complete""}",complete,False,
/mnt/main0/home/nclack/tmp/2026-09-23-damacy-pr164-before-after/job-3806589/results/smooth4-lz4-c64-b16/random-1x256x256/warm/repeat-3/after/attempts.json,/0,cpu-scheduling-paired,"{""attempt"":1,""status"":""complete""}",complete,False,
/mnt/main0/home/nclack/tmp/2026-09-23-damacy-pr164-before-after/job-3806589/results/smooth4-lz4-c64-b16/random-1x256x256/warm/repeat-3/before/attempts.json,/0,cpu-scheduling-paired,"{""attempt"":1,""status"":""complete""}",complete,False,
/mnt/main0/home/nclack/tmp/2026-09-23-damacy-pr164-before-after/job-3806589/results/smooth4-lz4-c64-b16/random-1x256x256/warm/repeat-3/tensorstore/attempts.json,/0,cpu-scheduling-paired,"{""attempt"":1,""status"":""complete""}",complete,False,
/mnt/main0/home/nclack/tmp/2026-09-23-damacy-pr164-before-after/job-3806589/results/smooth4-zstd-c64-b16/aligned/cold/repeat-1/after/attempts.json,/0,cpu-scheduling-paired,"{""attempt"":1,""status"":""complete""}",complete,False,
/mnt/main0/home/nclack/tmp/2026-09-23-damacy-pr164-before-after/job-3806589/results/smooth4-zstd-c64-b16/aligned/cold/repeat-1/before/attempts.json,/0,cpu-scheduling-paired,"{""attempt"":1,""status"":""complete""}",complete,False,
/mnt/main0/home/nclack/tmp/2026-09-23-damacy-pr164-before-after/job-3806589/results/smooth4-zstd-c64-b16/aligned/cold/repeat-2/after/attempts.json,/0,cpu-scheduling-paired,"{""attempt"":1,""status"":""complete""}",complete,False,
/mnt/main0/home/nclack/tmp/2026-09-23-damacy-pr164-before-after/job-3806589/results/smooth4-zstd-c64-b16/aligned/cold/repeat-2/before/attempts.json,/0,cpu-scheduling-paired,"{""attempt"":1,""status"":""complete""}",complete,False,
/mnt/main0/home/nclack/tmp/2026-09-23-damacy-pr164-before-after/job-3806589/results/smooth4-zstd-c64-b16/aligned/cold/repeat-3/after/attempts.json,/0,cpu-scheduling-paired,"{""attempt"":1,""status"":""complete""}",complete,False,
/mnt/main0/home/nclack/tmp/2026-09-23-damacy-pr164-before-after/job-3806589/results/smooth4-zstd-c64-b16/aligned/cold/repeat-3/before/attempts.json,/0,cpu-scheduling-paired,"{""attempt"":1,""status"":""complete""}",complete,False,
/mnt/main0/home/nclack/tmp/2026-09-23-damacy-pr164-before-after/job-3806589/results/smooth4-zstd-c64-b16/aligned/warm/repeat-1/after/attempts.json,/0,cpu-scheduling-paired,"{""attempt"":1,""status"":""complete""}",complete,False,
/mnt/main0/home/nclack/tmp/2026-09-23-damacy-pr164-before-after/job-3806589/results/smooth4-zstd-c64-b16/aligned/warm/repeat-1/before/attempts.json,/0,cpu-scheduling-paired,"{""attempt"":1,""status"":""complete""}",complete,False,
/mnt/main0/home/nclack/tmp/2026-09-23-damacy-pr164-before-after/job-3806589/results/smooth4-zstd-c64-b16/aligned/warm/repeat-2/after/attempts.json,/0,cpu-scheduling-paired,"{""attempt"":1,""status"":""complete""}",complete,False,
/mnt/main0/home/nclack/tmp/2026-09-23-damacy-pr164-before-after/job-3806589/results/smooth4-zstd-c64-b16/aligned/warm/repeat-2/before/attempts.json,/0,cpu-scheduling-paired,"{""attempt"":1,""status"":""complete""}",complete,False,
/mnt/main0/home/nclack/tmp/2026-09-23-damacy-pr164-before-after/job-3806589/results/smooth4-zstd-c64-b16/aligned/warm/repeat-3/after/attempts.json,/0,cpu-scheduling-paired,"{""attempt"":1,""status"":""complete""}",complete,False,
/mnt/main0/home/nclack/tmp/2026-09-23-damacy-pr164-before-after/job-3806589/results/smooth4-zstd-c64-b16/aligned/warm/repeat-3/before/attempts.json,/0,cpu-scheduling-paired,"{""attempt"":1,""status"":""complete""}",complete,False,
/mnt/main0/home/nclack/tmp/2026-09-23-damacy-pr164-before-after/job-3806589/results/smooth4-zstd-c64-b16/concurrency/repeat-1/after/attempts.json,/0,cpu-scheduling-paired,"{""attempt"":1,""status"":""complete""}",complete,False,
/mnt/main0/home/nclack/tmp/2026-09-23-damacy-pr164-before-after/job-3806589/results/smooth4-zstd-c64-b16/concurrency/repeat-1/before/attempts.json,/0,cpu-scheduling-paired,"{""attempt"":1,""status"":""complete""}",complete,False,
/mnt/main0/home/nclack/tmp/2026-09-23-damacy-pr164-before-after/job-3806589/results/smooth4-zstd-c64-b16/concurrency/repeat-1/tensorstore/attempts.json,/0,cpu-scheduling-paired,"{""attempt"":1,""status"":""complete""}",complete,False,
/mnt/main0/home/nclack/tmp/2026-09-23-damacy-pr164-before-after/job-3806589/results/smooth4-zstd-c64-b16/concurrency/repeat-2/after/attempts.json,/0,cpu-scheduling-paired,"{""attempt"":1,""status"":""complete""}",complete,False,
/mnt/main0/home/nclack/tmp/2026-09-23-damacy-pr164-before-after/job-3806589/results/smooth4-zstd-c64-b16/concurrency/repeat-2/before/attempts.json,/0,cpu-scheduling-paired,"{""attempt"":1,""status"":""complete""}",complete,False,
/mnt/main0/home/nclack/tmp/2026-09-23-damacy-pr164-before-after/job-3806589/results/smooth4-zstd-c64-b16/concurrency/repeat-2/tensorstore/attempts.json,/0,cpu-scheduling-paired,"{""attempt"":1,""status"":""complete""}",complete,False,
/mnt/main0/home/nclack/tmp/2026-09-23-damacy-pr164-before-after/job-3806589/results/smooth4-zstd-c64-b16/concurrency/repeat-3/after/attempts.json,/0,cpu-scheduling-paired,"{""attempt"":1,""status"":""complete""}",complete,False,
/mnt/main0/home/nclack/tmp/2026-09-23-damacy-pr164-before-after/job-3806589/results/smooth4-zstd-c64-b16/concurrency/repeat-3/before/attempts.json,/0,cpu-scheduling-paired,"{""attempt"":1,""status"":""complete""}",complete,False,
/mnt/main0/home/nclack/tmp/2026-09-23-damacy-pr164-before-after/job-3806589/results/smooth4-zstd-c64-b16/concurrency/repeat-3/tensorstore/attempts.json,/0,cpu-scheduling-paired,"{""attempt"":1,""status"":""complete""}",complete,False,
/mnt/main0/home/nclack/tmp/2026-09-23-damacy-pr164-before-after/job-3806589/results/smooth4-zstd-c64-b16/full-scan/cold/repeat-1/after/attempts.json,/0,cpu-scheduling-paired,"{""attempt"":1,""status"":""complete""}",complete,False,
/mnt/main0/home/nclack/tmp/2026-09-23-damacy-pr164-before-after/job-3806589/results/smooth4-zstd-c64-b16/full-scan/cold/repeat-1/before/attempts.json,/0,cpu-scheduling-paired,"{""attempt"":1,""status"":""complete""}",complete,False,
/mnt/main0/home/nclack/tmp/2026-09-23-damacy-pr164-before-after/job-3806589/results/smooth4-zstd-c64-b16/full-scan/cold/repeat-2/after/attempts.json,/0,cpu-scheduling-paired,"{""attempt"":1,""status"":""complete""}",complete,False,
/mnt/main0/home/nclack/tmp/2026-09-23-damacy-pr164-before-after/job-3806589/results/smooth4-zstd-c64-b16/full-scan/cold/repeat-2/before/attempts.json,/0,cpu-scheduling-paired,"{""attempt"":1,""status"":""complete""}",complete,False,
/mnt/main0/home/nclack/tmp/2026-09-23-damacy-pr164-before-after/job-3806589/results/smooth4-zstd-c64-b16/full-scan/cold/repeat-3/after/attempts.json,/0,cpu-scheduling-paired,"{""attempt"":1,""status"":""complete""}",complete,False,
/mnt/main0/home/nclack/tmp/2026-09-23-damacy-pr164-before-after/job-3806589/results/smooth4-zstd-c64-b16/full-scan/cold/repeat-3/before/attempts.json,/0,cpu-scheduling-paired,"{""attempt"":1,""status"":""complete""}",complete,False,
/mnt/main0/home/nclack/tmp/2026-09-23-damacy-pr164-before-after/job-3806589/results/smooth4-zstd-c64-b16/full-scan/warm/repeat-1/after/attempts.json,/0,cpu-scheduling-paired,"{""attempt"":1,""status"":""complete""}",complete,False,
/mnt/main0/home/nclack/tmp/2026-09-23-damacy-pr164-before-after/job-3806589/results/smooth4-zstd-c64-b16/full-scan/warm/repeat-1/before/attempts.json,/0,cpu-scheduling-paired,"{""attempt"":1,""status"":""complete""}",complete,False,
/mnt/main0/home/nclack/tmp/2026-09-23-damacy-pr164-before-after/job-3806589/results/smooth4-zstd-c64-b16/full-scan/warm/repeat-2/after/attempts.json,/0,cpu-scheduling-paired,"{""attempt"":1,""status"":""complete""}",complete,False,
/mnt/main0/home/nclack/tmp/2026-09-23-damacy-pr164-before-after/job-3806589/results/smooth4-zstd-c64-b16/full-scan/warm/repeat-2/before/attempts.json,/0,cpu-scheduling-paired,"{""attempt"":1,""status"":""complete""}",complete,False,
/mnt/main0/home/nclack/tmp/2026-09-23-damacy-pr164-before-after/job-3806589/results/smooth4-zstd-c64-b16/full-scan/warm/repeat-3/after/attempts.json,/0,cpu-scheduling-paired,"{""attempt"":1,""status"":""complete""}",complete,False,
/mnt/main0/home/nclack/tmp/2026-09-23-damacy-pr164-before-after/job-3806589/results/smooth4-zstd-c64-b16/full-scan/warm/repeat-3/before/attempts.json,/0,cpu-scheduling-paired,"{""attempt"":1,""status"":""complete""}",complete,False,
/mnt/main0/home/nclack/tmp/2026-09-23-damacy-pr164-before-after/job-3806589/results/smooth4-zstd-c64-b16/random-1x256x256/cold/repeat-1/after/attempts.json,/0,cpu-scheduling-paired,"{""attempt"":1,""status"":""complete""}",complete,False,
/mnt/main0/home/nclack/tmp/2026-09-23-damacy-pr164-before-after/job-3806589/results/smooth4-zstd-c64-b16/random-1x256x256/cold/repeat-1/before/attempts.json,/0,cpu-scheduling-paired,"{""attempt"":1,""status"":""complete""}",complete,False,
/mnt/main0/home/nclack/tmp/2026-09-23-damacy-pr164-before-after/job-3806589/results/smooth4-zstd-c64-b16/random-1x256x256/cold/repeat-1/tensorstore/attempts.json,/0,cpu-scheduling-paired,"{""attempt"":1,""status"":""complete""}",complete,False,
/mnt/main0/home/nclack/tmp/2026-09-23-damacy-pr164-before-after/job-3806589/results/smooth4-zstd-c64-b16/random-1x256x256/cold/repeat-2/after/attempts.json,/0,cpu-scheduling-paired,"{""attempt"":1,""status"":""complete""}",complete,False,
/mnt/main0/home/nclack/tmp/2026-09-23-damacy-pr164-before-after/job-3806589/results/smooth4-zstd-c64-b16/random-1x256x256/cold/repeat-2/before/attempts.json,/0,cpu-scheduling-paired,"{""attempt"":1,""status"":""complete""}",complete,False,
/mnt/main0/home/nclack/tmp/2026-09-23-damacy-pr164-before-after/job-3806589/results/smooth4-zstd-c64-b16/random-1x256x256/cold/repeat-2/tensorstore/attempts.json,/0,cpu-scheduling-paired,"{""attempt"":1,""status"":""complete""}",complete,False,
/mnt/main0/home/nclack/tmp/2026-09-23-damacy-pr164-before-after/job-3806589/results/smooth4-zstd-c64-b16/random-1x256x256/cold/repeat-3/after/attempts.json,/0,cpu-scheduling-paired,"{""attempt"":1,""status"":""complete""}",complete,False,
/mnt/main0/home/nclack/tmp/2026-09-23-damacy-pr164-before-after/job-3806589/results/smooth4-zstd-c64-b16/random-1x256x256/cold/repeat-3/before/attempts.json,/0,cpu-scheduling-paired,"{""attempt"":1,""status"":""complete""}",complete,False,
/mnt/main0/home/nclack/tmp/2026-09-23-damacy-pr164-before-after/job-3806589/results/smooth4-zstd-c64-b16/random-1x256x256/cold/repeat-3/tensorstore/attempts.json,/0,cpu-scheduling-paired,"{""attempt"":1,""status"":""complete""}",complete,False,
/mnt/main0/home/nclack/tmp/2026-09-23-damacy-pr164-before-after/job-3806589/results/smooth4-zstd-c64-b16/random-1x256x256/warm/repeat-1/after/attempts.json,/0,cpu-scheduling-paired,"{""attempt"":1,""status"":""complete""}",complete,False,
/mnt/main0/home/nclack/tmp/2026-09-23-damacy-pr164-before-after/job-3806589/results/smooth4-zstd-c64-b16/random-1x256x256/warm/repeat-1/before/attempts.json,/0,cpu-scheduling-paired,"{""attempt"":1,""status"":""complete""}",complete,False,
/mnt/main0/home/nclack/tmp/2026-09-23-damacy-pr164-before-after/job-3806589/results/smooth4-zstd-c64-b16/random-1x256x256/warm/repeat-1/tensorstore/attempts.json,/0,cpu-scheduling-paired,"{""attempt"":1,""status"":""complete""}",complete,False,
/mnt/main0/home/nclack/tmp/2026-09-23-damacy-pr164-before-after/job-3806589/results/smooth4-zstd-c64-b16/random-1x256x256/warm/repeat-2/after/attempts.json,/0,cpu-scheduling-paired,"{""attempt"":1,""status"":""complete""}",complete,False,
/mnt/main0/home/nclack/tmp/2026-09-23-damacy-pr164-before-after/job-3806589/results/smooth4-zstd-c64-b16/random-1x256x256/warm/repeat-2/before/attempts.json,/0,cpu-scheduling-paired,"{""attempt"":1,""status"":""complete""}",complete,False,
/mnt/main0/home/nclack/tmp/2026-09-23-damacy-pr164-before-after/job-3806589/results/smooth4-zstd-c64-b16/random-1x256x256/warm/repeat-2/tensorstore/attempts.json,/0,cpu-scheduling-paired,"{""attempt"":1,""status"":""complete""}",complete,False,
/mnt/main0/home/nclack/tmp/2026-09-23-damacy-pr164-before-after/job-3806589/results/smooth4-zstd-c64-b16/random-1x256x256/warm/repeat-3/after/attempts.json,/0,cpu-scheduling-paired,"{""attempt"":1,""status"":""complete""}",complete,False,
/mnt/main0/home/nclack/tmp/2026-09-23-damacy-pr164-before-after/job-3806589/results/smooth4-zstd-c64-b16/random-1x256x256/warm/repeat-3/before/attempts.json,/0,cpu-scheduling-paired,"{""attempt"":1,""status"":""complete""}",complete,False,
/mnt/main0/home/nclack/tmp/2026-09-23-damacy-pr164-before-after/job-3806589/results/smooth4-zstd-c64-b16/random-1x256x256/warm/repeat-3/tensorstore/attempts.json,/0,cpu-scheduling-paired,"{""attempt"":1,""status"":""complete""}",complete,False,
/mnt/main0/home/nclack/tmp/2026-09-23-damacy-pr164-before-after/job-3806589/preflight/smooth4-lz4-c64-b16/aligned/cold/repeat-1/after/attempts.json,/0,cpu-scheduling-paired,"{""attempt"":1,""status"":""complete""}",complete,False,
/mnt/main0/home/nclack/tmp/2026-09-23-damacy-pr164-before-after/job-3806589/preflight/smooth4-lz4-c64-b16/aligned/cold/repeat-1/before/attempts.json,/0,cpu-scheduling-paired,"{""attempt"":1,""status"":""complete""}",complete,False,
/mnt/main0/home/nclack/tmp/2026-09-23-damacy-pr164-before-after/job-3806589/preflight/smooth4-lz4-c64-b16/aligned/warm/repeat-1/after/attempts.json,/0,cpu-scheduling-paired,"{""attempt"":1,""status"":""complete""}",complete,False,
/mnt/main0/home/nclack/tmp/2026-09-23-damacy-pr164-before-after/job-3806589/preflight/smooth4-lz4-c64-b16/aligned/warm/repeat-1/before/attempts.json,/0,cpu-scheduling-paired,"{""attempt"":1,""status"":""complete""}",complete,False,
/mnt/main0/home/nclack/tmp/2026-09-23-damacy-pr164-before-after/job-3806589/preflight/smooth4-lz4-c64-b16/full-scan/cold/repeat-1/after/attempts.json,/0,cpu-scheduling-paired,"{""attempt"":1,""status"":""complete""}",complete,False,
/mnt/main0/home/nclack/tmp/2026-09-23-damacy-pr164-before-after/job-3806589/preflight/smooth4-lz4-c64-b16/full-scan/cold/repeat-1/before/attempts.json,/0,cpu-scheduling-paired,"{""attempt"":1,""status"":""complete""}",complete,False,
/mnt/main0/home/nclack/tmp/2026-09-23-damacy-pr164-before-after/job-3806589/preflight/smooth4-lz4-c64-b16/full-scan/warm/repeat-1/after/attempts.json,/0,cpu-scheduling-paired,"{""attempt"":1,""status"":""complete""}",complete,False,
/mnt/main0/home/nclack/tmp/2026-09-23-damacy-pr164-before-after/job-3806589/preflight/smooth4-lz4-c64-b16/full-scan/warm/repeat-1/before/attempts.json,/0,cpu-scheduling-paired,"{""attempt"":1,""status"":""complete""}",complete,False,
/mnt/main0/home/nclack/tmp/2026-09-23-damacy-pr164-before-after/job-3806589/preflight/smooth4-lz4-c64-b16/random-1x256x256/cold/repeat-1/after/attempts.json,/0,cpu-scheduling-paired,"{""attempt"":1,""status"":""complete""}",complete,False,
/mnt/main0/home/nclack/tmp/2026-09-23-damacy-pr164-before-after/job-3806589/preflight/smooth4-lz4-c64-b16/random-1x256x256/cold/repeat-1/before/attempts.json,/0,cpu-scheduling-paired,"{""attempt"":1,""status"":""complete""}",complete,False,
/mnt/main0/home/nclack/tmp/2026-09-23-damacy-pr164-before-after/job-3806589/preflight/smooth4-lz4-c64-b16/random-1x256x256/cold/repeat-1/tensorstore/attempts.json,/0,cpu-scheduling-paired,"{""attempt"":1,""status"":""complete""}",complete,False,
/mnt/main0/home/nclack/tmp/2026-09-23-damacy-pr164-before-after/job-3806589/preflight/smooth4-lz4-c64-b16/random-1x256x256/warm/repeat-1/after/attempts.json,/0,cpu-scheduling-paired,"{""attempt"":1,""status"":""complete""}",complete,False,
/mnt/main0/home/nclack/tmp/2026-09-23-damacy-pr164-before-after/job-3806589/preflight/smooth4-lz4-c64-b16/random-1x256x256/warm/repeat-1/before/attempts.json,/0,cpu-scheduling-paired,"{""attempt"":1,""status"":""complete""}",complete,False,
/mnt/main0/home/nclack/tmp/2026-09-23-damacy-pr164-before-after/job-3806589/preflight/smooth4-lz4-c64-b16/random-1x256x256/warm/repeat-1/tensorstore/attempts.json,/0,cpu-scheduling-paired,"{""attempt"":1,""status"":""complete""}",complete,False,
/mnt/main0/home/nclack/tmp/2026-09-23-damacy-pr164-before-after/job-3806589/preflight/smooth4-zstd-c64-b16/aligned/cold/repeat-1/after/attempts.json,/0,cpu-scheduling-paired,"{""attempt"":1,""status"":""complete""}",complete,False,
/mnt/main0/home/nclack/tmp/2026-09-23-damacy-pr164-before-after/job-3806589/preflight/smooth4-zstd-c64-b16/aligned/cold/repeat-1/before/attempts.json,/0,cpu-scheduling-paired,"{""attempt"":1,""status"":""complete""}",complete,False,
/mnt/main0/home/nclack/tmp/2026-09-23-damacy-pr164-before-after/job-3806589/preflight/smooth4-zstd-c64-b16/aligned/warm/repeat-1/after/attempts.json,/0,cpu-scheduling-paired,"{""attempt"":1,""status"":""complete""}",complete,False,
/mnt/main0/home/nclack/tmp/2026-09-23-damacy-pr164-before-after/job-3806589/preflight/smooth4-zstd-c64-b16/aligned/warm/repeat-1/before/attempts.json,/0,cpu-scheduling-paired,"{""attempt"":1,""status"":""complete""}",complete,False,
/mnt/main0/home/nclack/tmp/2026-09-23-damacy-pr164-before-after/job-3806589/preflight/smooth4-zstd-c64-b16/full-scan/cold/repeat-1/after/attempts.json,/0,cpu-scheduling-paired,"{""attempt"":1,""status"":""complete""}",complete,False,
/mnt/main0/home/nclack/tmp/2026-09-23-damacy-pr164-before-after/job-3806589/preflight/smooth4-zstd-c64-b16/full-scan/cold/repeat-1/before/attempts.json,/0,cpu-scheduling-paired,"{""attempt"":1,""status"":""complete""}",complete,False,
/mnt/main0/home/nclack/tmp/2026-09-23-damacy-pr164-before-after/job-3806589/preflight/smooth4-zstd-c64-b16/full-scan/warm/repeat-1/after/attempts.json,/0,cpu-scheduling-paired,"{""attempt"":1,""status"":""complete""}",complete,False,
/mnt/main0/home/nclack/tmp/2026-09-23-damacy-pr164-before-after/job-3806589/preflight/smooth4-zstd-c64-b16/full-scan/warm/repeat-1/before/attempts.json,/0,cpu-scheduling-paired,"{""attempt"":1,""status"":""complete""}",complete,False,
/mnt/main0/home/nclack/tmp/2026-09-23-damacy-pr164-before-after/job-3806589/preflight/smooth4-zstd-c64-b16/random-1x256x256/cold/repeat-1/after/attempts.json,/0,cpu-scheduling-paired,"{""attempt"":1,""status"":""complete""}",complete,False,
/mnt/main0/home/nclack/tmp/2026-09-23-damacy-pr164-before-after/job-3806589/preflight/smooth4-zstd-c64-b16/random-1x256x256/cold/repeat-1/before/attempts.json,/0,cpu-scheduling-paired,"{""attempt"":1,""status"":""complete""}",complete,False,
/mnt/main0/home/nclack/tmp/2026-09-23-damacy-pr164-before-after/job-3806589/preflight/smooth4-zstd-c64-b16/random-1x256x256/cold/repeat-1/tensorstore/attempts.json,/0,cpu-scheduling-paired,"{""attempt"":1,""status"":""complete""}",complete,False,
/mnt/main0/home/nclack/tmp/2026-09-23-damacy-pr164-before-after/job-3806589/preflight/smooth4-zstd-c64-b16/random-1x256x256/warm/repeat-1/after/attempts.json,/0,cpu-scheduling-paired,"{""attempt"":1,""status"":""complete""}",complete,False,
/mnt/main0/home/nclack/tmp/2026-09-23-damacy-pr164-before-after/job-3806589/preflight/smooth4-zstd-c64-b16/random-1x256x256/warm/repeat-1/before/attempts.json,/0,cpu-scheduling-paired,"{""attempt"":1,""status"":""complete""}",complete,False,
/mnt/main0/home/nclack/tmp/2026-09-23-damacy-pr164-before-after/job-3806589/preflight/smooth4-zstd-c64-b16/random-1x256x256/warm/repeat-1/tensorstore/attempts.json,/0,cpu-scheduling-paired,"{""attempt"":1,""status"":""complete""}",complete,False,
/mnt/main0/home/nclack/tmp/2026-09-24-damacy-cold-readahead/job-3808884/results/smooth4-lz4-c64-b16/aligned/cold/repeat-1/batch-default/attempts.json,/0,cpu-readahead-control,"{""attempt"":1,""status"":""complete""}",complete,False,
/mnt/main0/home/nclack/tmp/2026-09-24-damacy-cold-readahead/job-3808884/results/smooth4-lz4-c64-b16/aligned/cold/repeat-1/batch-random/attempts.json,/0,cpu-readahead-control,"{""attempt"":1,""status"":""complete""}",complete,False,
/mnt/main0/home/nclack/tmp/2026-09-24-damacy-cold-readahead/job-3808884/results/smooth4-lz4-c64-b16/aligned/cold/repeat-1/persistent-default/attempts.json,/0,cpu-readahead-control,"{""attempt"":1,""status"":""complete""}",complete,False,
/mnt/main0/home/nclack/tmp/2026-09-24-damacy-cold-readahead/job-3808884/results/smooth4-lz4-c64-b16/aligned/cold/repeat-1/persistent-random/attempts.json,/0,cpu-readahead-control,"{""attempt"":1,""status"":""complete""}",complete,False,
/mnt/main0/home/nclack/tmp/2026-09-24-damacy-cold-readahead/job-3808884/results/smooth4-lz4-c64-b16/aligned/cold/repeat-1/tensorstore/attempts.json,/0,cpu-readahead-control,"{""attempt"":1,""status"":""complete""}",complete,False,
/mnt/main0/home/nclack/tmp/2026-09-24-damacy-cold-readahead/job-3808884/results/smooth4-lz4-c64-b16/aligned/cold/repeat-2/batch-default/attempts.json,/0,cpu-readahead-control,"{""attempt"":1,""status"":""complete""}",complete,False,
/mnt/main0/home/nclack/tmp/2026-09-24-damacy-cold-readahead/job-3808884/results/smooth4-lz4-c64-b16/aligned/cold/repeat-2/batch-random/attempts.json,/0,cpu-readahead-control,"{""attempt"":1,""status"":""complete""}",complete,False,
/mnt/main0/home/nclack/tmp/2026-09-24-damacy-cold-readahead/job-3808884/results/smooth4-lz4-c64-b16/aligned/cold/repeat-2/persistent-default/attempts.json,/0,cpu-readahead-control,"{""attempt"":1,""status"":""complete""}",complete,False,
/mnt/main0/home/nclack/tmp/2026-09-24-damacy-cold-readahead/job-3808884/results/smooth4-lz4-c64-b16/aligned/cold/repeat-2/persistent-random/attempts.json,/0,cpu-readahead-control,"{""attempt"":1,""status"":""complete""}",complete,False,
/mnt/main0/home/nclack/tmp/2026-09-24-damacy-cold-readahead/job-3808884/results/smooth4-lz4-c64-b16/aligned/cold/repeat-2/tensorstore/attempts.json,/0,cpu-readahead-control,"{""attempt"":1,""status"":""complete""}",complete,False,
/mnt/main0/home/nclack/tmp/2026-09-24-damacy-cold-readahead/job-3808884/results/smooth4-lz4-c64-b16/aligned/cold/repeat-3/batch-default/attempts.json,/0,cpu-readahead-control,"{""attempt"":1,""status"":""complete""}",complete,False,
/mnt/main0/home/nclack/tmp/2026-09-24-damacy-cold-readahead/job-3808884/results/smooth4-lz4-c64-b16/aligned/cold/repeat-3/batch-random/attempts.json,/0,cpu-readahead-control,"{""attempt"":1,""status"":""complete""}",complete,False,
/mnt/main0/home/nclack/tmp/2026-09-24-damacy-cold-readahead/job-3808884/results/smooth4-lz4-c64-b16/aligned/cold/repeat-3/persistent-default/attempts.json,/0,cpu-readahead-control,"{""attempt"":1,""status"":""complete""}",complete,False,
/mnt/main0/home/nclack/tmp/2026-09-24-damacy-cold-readahead/job-3808884/results/smooth4-lz4-c64-b16/aligned/cold/repeat-3/persistent-random/attempts.json,/0,cpu-readahead-control,"{""attempt"":1,""status"":""complete""}",complete,False,
/mnt/main0/home/nclack/tmp/2026-09-24-damacy-cold-readahead/job-3808884/results/smooth4-lz4-c64-b16/aligned/cold/repeat-3/tensorstore/attempts.json,/0,cpu-readahead-control,"{""attempt"":1,""status"":""complete""}",complete,False,
/mnt/main0/home/nclack/tmp/2026-09-24-damacy-cold-readahead/job-3808884/results/smooth4-lz4-c64-b16/concurrency/repeat-1/batch-default/attempts.json,/0,cpu-readahead-control,"{""attempt"":1,""status"":""complete""}",complete,False,
/mnt/main0/home/nclack/tmp/2026-09-24-damacy-cold-readahead/job-3808884/results/smooth4-lz4-c64-b16/concurrency/repeat-1/batch-random/attempts.json,/0,cpu-readahead-control,"{""attempt"":1,""status"":""complete""}",complete,False,
/mnt/main0/home/nclack/tmp/2026-09-24-damacy-cold-readahead/job-3808884/results/smooth4-lz4-c64-b16/concurrency/repeat-1/persistent-default/attempts.json,/0,cpu-readahead-control,"{""attempt"":1,""status"":""complete""}",complete,False,
/mnt/main0/home/nclack/tmp/2026-09-24-damacy-cold-readahead/job-3808884/results/smooth4-lz4-c64-b16/concurrency/repeat-1/persistent-random/attempts.json,/0,cpu-readahead-control,"{""attempt"":1,""status"":""complete""}",complete,False,
/mnt/main0/home/nclack/tmp/2026-09-24-damacy-cold-readahead/job-3808884/results/smooth4-lz4-c64-b16/concurrency/repeat-1/tensorstore/attempts.json,/0,cpu-readahead-control,"{""attempt"":1,""status"":""complete""}",complete,False,
/mnt/main0/home/nclack/tmp/2026-09-24-damacy-cold-readahead/job-3808884/results/smooth4-lz4-c64-b16/full-scan/cold/repeat-1/batch-default/attempts.json,/0,cpu-readahead-control,"{""attempt"":1,""status"":""complete""}",complete,False,
/mnt/main0/home/nclack/tmp/2026-09-24-damacy-cold-readahead/job-3808884/results/smooth4-lz4-c64-b16/full-scan/cold/repeat-1/batch-random/attempts.json,/0,cpu-readahead-control,"{""attempt"":1,""status"":""complete""}",complete,False,
/mnt/main0/home/nclack/tmp/2026-09-24-damacy-cold-readahead/job-3808884/results/smooth4-lz4-c64-b16/full-scan/cold/repeat-1/persistent-default/attempts.json,/0,cpu-readahead-control,"{""attempt"":1,""status"":""complete""}",complete,False,
/mnt/main0/home/nclack/tmp/2026-09-24-damacy-cold-readahead/job-3808884/results/smooth4-lz4-c64-b16/full-scan/cold/repeat-1/persistent-random/attempts.json,/0,cpu-readahead-control,"{""attempt"":1,""status"":""complete""}",complete,False,
/mnt/main0/home/nclack/tmp/2026-09-24-damacy-cold-readahead/job-3808884/results/smooth4-lz4-c64-b16/full-scan/cold/repeat-1/tensorstore/attempts.json,/0,cpu-readahead-control,"{""attempt"":1,""status"":""complete""}",complete,False,
/mnt/main0/home/nclack/tmp/2026-09-24-damacy-cold-readahead/job-3808884/results/smooth4-lz4-c64-b16/full-scan/cold/repeat-2/batch-default/attempts.json,/0,cpu-readahead-control,"{""attempt"":1,""status"":""complete""}",complete,False,
/mnt/main0/home/nclack/tmp/2026-09-24-damacy-cold-readahead/job-3808884/results/smooth4-lz4-c64-b16/full-scan/cold/repeat-2/batch-random/attempts.json,/0,cpu-readahead-control,"{""attempt"":1,""status"":""complete""}",complete,False,
/mnt/main0/home/nclack/tmp/2026-09-24-damacy-cold-readahead/job-3808884/results/smooth4-lz4-c64-b16/full-scan/cold/repeat-2/persistent-default/attempts.json,/0,cpu-readahead-control,"{""attempt"":1,""status"":""complete""}",complete,False,
/mnt/main0/home/nclack/tmp/2026-09-24-damacy-cold-readahead/job-3808884/results/smooth4-lz4-c64-b16/full-scan/cold/repeat-2/persistent-random/attempts.json,/0,cpu-readahead-control,"{""attempt"":1,""status"":""complete""}",complete,False,
/mnt/main0/home/nclack/tmp/2026-09-24-damacy-cold-readahead/job-3808884/results/smooth4-lz4-c64-b16/full-scan/cold/repeat-2/tensorstore/attempts.json,/0,cpu-readahead-control,"{""attempt"":1,""status"":""complete""}",complete,False,
/mnt/main0/home/nclack/tmp/2026-09-24-damacy-cold-readahead/job-3808884/results/smooth4-lz4-c64-b16/full-scan/cold/repeat-3/batch-default/attempts.json,/0,cpu-readahead-control,"{""attempt"":1,""status"":""complete""}",complete,False,
/mnt/main0/home/nclack/tmp/2026-09-24-damacy-cold-readahead/job-3808884/results/smooth4-lz4-c64-b16/full-scan/cold/repeat-3/batch-random/attempts.json,/0,cpu-readahead-control,"{""attempt"":1,""status"":""complete""}",complete,False,
/mnt/main0/home/nclack/tmp/2026-09-24-damacy-cold-readahead/job-3808884/results/smooth4-lz4-c64-b16/full-scan/cold/repeat-3/persistent-default/attempts.json,/0,cpu-readahead-control,"{""attempt"":1,""status"":""complete""}",complete,False,
/mnt/main0/home/nclack/tmp/2026-09-24-damacy-cold-readahead/job-3808884/results/smooth4-lz4-c64-b16/full-scan/cold/repeat-3/persistent-random/attempts.json,/0,cpu-readahead-control,"{""attempt"":1,""status"":""complete""}",complete,False,
/mnt/main0/home/nclack/tmp/2026-09-24-damacy-cold-readahead/job-3808884/results/smooth4-lz4-c64-b16/full-scan/cold/repeat-3/tensorstore/attempts.json,/0,cpu-readahead-control,"{""attempt"":1,""status"":""complete""}",complete,False,
/mnt/main0/home/nclack/tmp/2026-09-24-damacy-cold-readahead/job-3808884/results/smooth4-lz4-c64-b16/random-1x256x256/cold/repeat-1/batch-default/attempts.json,/0,cpu-readahead-control,"{""attempt"":1,""status"":""complete""}",complete,False,
/mnt/main0/home/nclack/tmp/2026-09-24-damacy-cold-readahead/job-3808884/results/smooth4-lz4-c64-b16/random-1x256x256/cold/repeat-1/batch-random/attempts.json,/0,cpu-readahead-control,"{""attempt"":1,""status"":""complete""}",complete,False,
/mnt/main0/home/nclack/tmp/2026-09-24-damacy-cold-readahead/job-3808884/results/smooth4-lz4-c64-b16/random-1x256x256/cold/repeat-1/persistent-default/attempts.json,/0,cpu-readahead-control,"{""attempt"":1,""status"":""complete""}",complete,False,
/mnt/main0/home/nclack/tmp/2026-09-24-damacy-cold-readahead/job-3808884/results/smooth4-lz4-c64-b16/random-1x256x256/cold/repeat-1/persistent-random/attempts.json,/0,cpu-readahead-control,"{""attempt"":1,""status"":""complete""}",complete,False,
/mnt/main0/home/nclack/tmp/2026-09-24-damacy-cold-readahead/job-3808884/results/smooth4-lz4-c64-b16/random-1x256x256/cold/repeat-1/tensorstore/attempts.json,/0,cpu-readahead-control,"{""attempt"":1,""status"":""complete""}",complete,False,
/mnt/main0/home/nclack/tmp/2026-09-24-damacy-cold-readahead/job-3808884/results/smooth4-lz4-c64-b16/random-1x256x256/cold/repeat-2/batch-default/attempts.json,/0,cpu-readahead-control,"{""attempt"":1,""status"":""complete""}",complete,False,
/mnt/main0/home/nclack/tmp/2026-09-24-damacy-cold-readahead/job-3808884/results/smooth4-lz4-c64-b16/random-1x256x256/cold/repeat-2/batch-random/attempts.json,/0,cpu-readahead-control,"{""attempt"":1,""status"":""complete""}",complete,False,
/mnt/main0/home/nclack/tmp/2026-09-24-damacy-cold-readahead/job-3808884/results/smooth4-lz4-c64-b16/random-1x256x256/cold/repeat-2/persistent-default/attempts.json,/0,cpu-readahead-control,"{""attempt"":1,""status"":""complete""}",complete,False,
/mnt/main0/home/nclack/tmp/2026-09-24-damacy-cold-readahead/job-3808884/results/smooth4-lz4-c64-b16/random-1x256x256/cold/repeat-2/persistent-random/attempts.json,/0,cpu-readahead-control,"{""attempt"":1,""status"":""complete""}",complete,False,
/mnt/main0/home/nclack/tmp/2026-09-24-damacy-cold-readahead/job-3808884/results/smooth4-lz4-c64-b16/random-1x256x256/cold/repeat-2/tensorstore/attempts.json,/0,cpu-readahead-control,"{""attempt"":1,""status"":""complete""}",complete,False,
/mnt/main0/home/nclack/tmp/2026-09-24-damacy-cold-readahead/job-3808884/results/smooth4-lz4-c64-b16/random-1x256x256/cold/repeat-3/batch-default/attempts.json,/0,cpu-readahead-control,"{""attempt"":1,""status"":""complete""}",complete,False,
/mnt/main0/home/nclack/tmp/2026-09-24-damacy-cold-readahead/job-3808884/results/smooth4-lz4-c64-b16/random-1x256x256/cold/repeat-3/batch-random/attempts.json,/0,cpu-readahead-control,"{""attempt"":1,""status"":""complete""}",complete,False,
/mnt/main0/home/nclack/tmp/2026-09-24-damacy-cold-readahead/job-3808884/results/smooth4-lz4-c64-b16/random-1x256x256/cold/repeat-3/persistent-default/attempts.json,/0,cpu-readahead-control,"{""attempt"":1,""status"":""complete""}",complete,False,
/mnt/main0/home/nclack/tmp/2026-09-24-damacy-cold-readahead/job-3808884/results/smooth4-lz4-c64-b16/random-1x256x256/cold/repeat-3/persistent-random/attempts.json,/0,cpu-readahead-control,"{""attempt"":1,""status"":""complete""}",complete,False,
/mnt/main0/home/nclack/tmp/2026-09-24-damacy-cold-readahead/job-3808884/results/smooth4-lz4-c64-b16/random-1x256x256/cold/repeat-3/tensorstore/attempts.json,/0,cpu-readahead-control,"{""attempt"":1,""status"":""complete""}",complete,False,
/mnt/main0/home/nclack/tmp/2026-09-24-damacy-cold-readahead/job-3808884/results/smooth4-zstd-c64-b16/aligned/cold/repeat-1/batch-default/attempts.json,/0,cpu-readahead-control,"{""attempt"":1,""status"":""complete""}",complete,False,
/mnt/main0/home/nclack/tmp/2026-09-24-damacy-cold-readahead/job-3808884/results/smooth4-zstd-c64-b16/aligned/cold/repeat-1/batch-random/attempts.json,/0,cpu-readahead-control,"{""attempt"":1,""status"":""complete""}",complete,False,
/mnt/main0/home/nclack/tmp/2026-09-24-damacy-cold-readahead/job-3808884/results/smooth4-zstd-c64-b16/aligned/cold/repeat-1/persistent-default/attempts.json,/0,cpu-readahead-control,"{""attempt"":1,""status"":""complete""}",complete,False,
/mnt/main0/home/nclack/tmp/2026-09-24-damacy-cold-readahead/job-3808884/results/smooth4-zstd-c64-b16/aligned/cold/repeat-1/persistent-random/attempts.json,/0,cpu-readahead-control,"{""attempt"":1,""status"":""complete""}",complete,False,
/mnt/main0/home/nclack/tmp/2026-09-24-damacy-cold-readahead/job-3808884/results/smooth4-zstd-c64-b16/aligned/cold/repeat-1/tensorstore/attempts.json,/0,cpu-readahead-control,"{""attempt"":1,""status"":""complete""}",complete,False,
/mnt/main0/home/nclack/tmp/2026-09-24-damacy-cold-readahead/job-3808884/results/smooth4-zstd-c64-b16/aligned/cold/repeat-2/batch-default/attempts.json,/0,cpu-readahead-control,"{""attempt"":1,""status"":""complete""}",complete,False,
/mnt/main0/home/nclack/tmp/2026-09-24-damacy-cold-readahead/job-3808884/results/smooth4-zstd-c64-b16/aligned/cold/repeat-2/batch-random/attempts.json,/0,cpu-readahead-control,"{""attempt"":1,""status"":""complete""}",complete,False,
/mnt/main0/home/nclack/tmp/2026-09-24-damacy-cold-readahead/job-3808884/results/smooth4-zstd-c64-b16/aligned/cold/repeat-2/persistent-default/attempts.json,/0,cpu-readahead-control,"{""attempt"":1,""status"":""complete""}",complete,False,
/mnt/main0/home/nclack/tmp/2026-09-24-damacy-cold-readahead/job-3808884/results/smooth4-zstd-c64-b16/aligned/cold/repeat-2/persistent-random/attempts.json,/0,cpu-readahead-control,"{""attempt"":1,""status"":""complete""}",complete,False,
/mnt/main0/home/nclack/tmp/2026-09-24-damacy-cold-readahead/job-3808884/results/smooth4-zstd-c64-b16/aligned/cold/repeat-2/tensorstore/attempts.json,/0,cpu-readahead-control,"{""attempt"":1,""status"":""complete""}",complete,False,
/mnt/main0/home/nclack/tmp/2026-09-24-damacy-cold-readahead/job-3808884/results/smooth4-zstd-c64-b16/aligned/cold/repeat-3/batch-default/attempts.json,/0,cpu-readahead-control,"{""attempt"":1,""status"":""complete""}",complete,False,
/mnt/main0/home/nclack/tmp/2026-09-24-damacy-cold-readahead/job-3808884/results/smooth4-zstd-c64-b16/aligned/cold/repeat-3/batch-random/attempts.json,/0,cpu-readahead-control,"{""attempt"":1,""status"":""complete""}",complete,False,
/mnt/main0/home/nclack/tmp/2026-09-24-damacy-cold-readahead/job-3808884/results/smooth4-zstd-c64-b16/aligned/cold/repeat-3/persistent-default/attempts.json,/0,cpu-readahead-control,"{""attempt"":1,""status"":""complete""}",complete,False,
/mnt/main0/home/nclack/tmp/2026-09-24-damacy-cold-readahead/job-3808884/results/smooth4-zstd-c64-b16/aligned/cold/repeat-3/persistent-random/attempts.json,/0,cpu-readahead-control,"{""attempt"":1,""status"":""complete""}",complete,False,
/mnt/main0/home/nclack/tmp/2026-09-24-damacy-cold-readahead/job-3808884/results/smooth4-zstd-c64-b16/aligned/cold/repeat-3/tensorstore/attempts.json,/0,cpu-readahead-control,"{""attempt"":1,""status"":""complete""}",complete,False,
/mnt/main0/home/nclack/tmp/2026-09-24-damacy-cold-readahead/job-3808884/results/smooth4-zstd-c64-b16/concurrency/repeat-1/batch-default/attempts.json,/0,cpu-readahead-control,"{""attempt"":1,""status"":""complete""}",complete,False,
/mnt/main0/home/nclack/tmp/2026-09-24-damacy-cold-readahead/job-3808884/results/smooth4-zstd-c64-b16/concurrency/repeat-1/batch-random/attempts.json,/0,cpu-readahead-control,"{""attempt"":1,""status"":""complete""}",complete,False,
/mnt/main0/home/nclack/tmp/2026-09-24-damacy-cold-readahead/job-3808884/results/smooth4-zstd-c64-b16/concurrency/repeat-1/persistent-default/attempts.json,/0,cpu-readahead-control,"{""attempt"":1,""status"":""complete""}",complete,False,
/mnt/main0/home/nclack/tmp/2026-09-24-damacy-cold-readahead/job-3808884/results/smooth4-zstd-c64-b16/concurrency/repeat-1/persistent-random/attempts.json,/0,cpu-readahead-control,"{""attempt"":1,""status"":""complete""}",complete,False,
/mnt/main0/home/nclack/tmp/2026-09-24-damacy-cold-readahead/job-3808884/results/smooth4-zstd-c64-b16/concurrency/repeat-1/tensorstore/attempts.json,/0,cpu-readahead-control,"{""attempt"":1,""status"":""complete""}",complete,False,
/mnt/main0/home/nclack/tmp/2026-09-24-damacy-cold-readahead/job-3808884/results/smooth4-zstd-c64-b16/full-scan/cold/repeat-1/batch-default/attempts.json,/0,cpu-readahead-control,"{""attempt"":1,""status"":""complete""}",complete,False,
/mnt/main0/home/nclack/tmp/2026-09-24-damacy-cold-readahead/job-3808884/results/smooth4-zstd-c64-b16/full-scan/cold/repeat-1/batch-random/attempts.json,/0,cpu-readahead-control,"{""attempt"":1,""status"":""complete""}",complete,False,
/mnt/main0/home/nclack/tmp/2026-09-24-damacy-cold-readahead/job-3808884/results/smooth4-zstd-c64-b16/full-scan/cold/repeat-1/persistent-default/attempts.json,/0,cpu-readahead-control,"{""attempt"":1,""status"":""complete""}",complete,False,
/mnt/main0/home/nclack/tmp/2026-09-24-damacy-cold-readahead/job-3808884/results/smooth4-zstd-c64-b16/full-scan/cold/repeat-1/persistent-random/attempts.json,/0,cpu-readahead-control,"{""attempt"":1,""status"":""complete""}",complete,False,
/mnt/main0/home/nclack/tmp/2026-09-24-damacy-cold-readahead/job-3808884/results/smooth4-zstd-c64-b16/full-scan/cold/repeat-1/tensorstore/attempts.json,/0,cpu-readahead-control,"{""attempt"":1,""status"":""complete""}",complete,False,
/mnt/main0/home/nclack/tmp/2026-09-24-damacy-cold-readahead/job-3808884/results/smooth4-zstd-c64-b16/full-scan/cold/repeat-2/batch-default/attempts.json,/0,cpu-readahead-control,"{""attempt"":1,""status"":""complete""}",complete,False,
/mnt/main0/home/nclack/tmp/2026-09-24-damacy-cold-readahead/job-3808884/results/smooth4-zstd-c64-b16/full-scan/cold/repeat-2/batch-random/attempts.json,/0,cpu-readahead-control,"{""attempt"":1,""status"":""complete""}",complete,False,
/mnt/main0/home/nclack/tmp/2026-09-24-damacy-cold-readahead/job-3808884/results/smooth4-zstd-c64-b16/full-scan/cold/repeat-2/persistent-default/attempts.json,/0,cpu-readahead-control,"{""attempt"":1,""status"":""complete""}",complete,False,
/mnt/main0/home/nclack/tmp/2026-09-24-damacy-cold-readahead/job-3808884/results/smooth4-zstd-c64-b16/full-scan/cold/repeat-2/persistent-random/attempts.json,/0,cpu-readahead-control,"{""attempt"":1,""status"":""complete""}",complete,False,
/mnt/main0/home/nclack/tmp/2026-09-24-damacy-cold-readahead/job-3808884/results/smooth4-zstd-c64-b16/full-scan/cold/repeat-2/tensorstore/attempts.json,/0,cpu-readahead-control,"{""attempt"":1,""status"":""complete""}",complete,False,
/mnt/main0/home/nclack/tmp/2026-09-24-damacy-cold-readahead/job-3808884/results/smooth4-zstd-c64-b16/full-scan/cold/repeat-3/batch-default/attempts.json,/0,cpu-readahead-control,"{""attempt"":1,""status"":""complete""}",complete,False,
/mnt/main0/home/nclack/tmp/2026-09-24-damacy-cold-readahead/job-3808884/results/smooth4-zstd-c64-b16/full-scan/cold/repeat-3/batch-random/attempts.json,/0,cpu-readahead-control,"{""attempt"":1,""status"":""complete""}",complete,False,
/mnt/main0/home/nclack/tmp/2026-09-24-damacy-cold-readahead/job-3808884/results/smooth4-zstd-c64-b16/full-scan/cold/repeat-3/persistent-default/attempts.json,/0,cpu-readahead-control,"{""attempt"":1,""status"":""complete""}",complete,False,
/mnt/main0/home/nclack/tmp/2026-09-24-damacy-cold-readahead/job-3808884/results/smooth4-zstd-c64-b16/full-scan/cold/repeat-3/persistent-random/attempts.json,/0,cpu-readahead-control,"{""attempt"":1,""status"":""complete""}",complete,False,
/mnt/main0/home/nclack/tmp/2026-09-24-damacy-cold-readahead/job-3808884/results/smooth4-zstd-c64-b16/full-scan/cold/repeat-3/tensorstore/attempts.json,/0,cpu-readahead-control,"{""attempt"":1,""status"":""complete""}",complete,False,
/mnt/main0/home/nclack/tmp/2026-09-24-damacy-cold-readahead/job-3808884/results/smooth4-zstd-c64-b16/random-1x256x256/cold/repeat-1/batch-default/attempts.json,/0,cpu-readahead-control,"{""attempt"":1,""status"":""complete""}",complete,False,
/mnt/main0/home/nclack/tmp/2026-09-24-damacy-cold-readahead/job-3808884/results/smooth4-zstd-c64-b16/random-1x256x256/cold/repeat-1/batch-random/attempts.json,/0,cpu-readahead-control,"{""attempt"":1,""status"":""complete""}",complete,False,
/mnt/main0/home/nclack/tmp/2026-09-24-damacy-cold-readahead/job-3808884/results/smooth4-zstd-c64-b16/random-1x256x256/cold/repeat-1/persistent-default/attempts.json,/0,cpu-readahead-control,"{""attempt"":1,""status"":""complete""}",complete,False,
/mnt/main0/home/nclack/tmp/2026-09-24-damacy-cold-readahead/job-3808884/results/smooth4-zstd-c64-b16/random-1x256x256/cold/repeat-1/persistent-random/attempts.json,/0,cpu-readahead-control,"{""attempt"":1,""status"":""complete""}",complete,False,
/mnt/main0/home/nclack/tmp/2026-09-24-damacy-cold-readahead/job-3808884/results/smooth4-zstd-c64-b16/random-1x256x256/cold/repeat-1/tensorstore/attempts.json,/0,cpu-readahead-control,"{""attempt"":1,""status"":""complete""}",complete,False,
/mnt/main0/home/nclack/tmp/2026-09-24-damacy-cold-readahead/job-3808884/results/smooth4-zstd-c64-b16/random-1x256x256/cold/repeat-2/batch-default/attempts.json,/0,cpu-readahead-control,"{""attempt"":1,""status"":""complete""}",complete,False,
/mnt/main0/home/nclack/tmp/2026-09-24-damacy-cold-readahead/job-3808884/results/smooth4-zstd-c64-b16/random-1x256x256/cold/repeat-2/batch-random/attempts.json,/0,cpu-readahead-control,"{""attempt"":1,""status"":""complete""}",complete,False,
/mnt/main0/home/nclack/tmp/2026-09-24-damacy-cold-readahead/job-3808884/results/smooth4-zstd-c64-b16/random-1x256x256/cold/repeat-2/persistent-default/attempts.json,/0,cpu-readahead-control,"{""attempt"":1,""status"":""complete""}",complete,False,
/mnt/main0/home/nclack/tmp/2026-09-24-damacy-cold-readahead/job-3808884/results/smooth4-zstd-c64-b16/random-1x256x256/cold/repeat-2/persistent-random/attempts.json,/0,cpu-readahead-control,"{""attempt"":1,""status"":""complete""}",complete,False,
/mnt/main0/home/nclack/tmp/2026-09-24-damacy-cold-readahead/job-3808884/results/smooth4-zstd-c64-b16/random-1x256x256/cold/repeat-2/tensorstore/attempts.json,/0,cpu-readahead-control,"{""attempt"":1,""status"":""complete""}",complete,False,
/mnt/main0/home/nclack/tmp/2026-09-24-damacy-cold-readahead/job-3808884/results/smooth4-zstd-c64-b16/random-1x256x256/cold/repeat-3/batch-default/attempts.json,/0,cpu-readahead-control,"{""attempt"":1,""status"":""complete""}",complete,False,
/mnt/main0/home/nclack/tmp/2026-09-24-damacy-cold-readahead/job-3808884/results/smooth4-zstd-c64-b16/random-1x256x256/cold/repeat-3/batch-random/attempts.json,/0,cpu-readahead-control,"{""attempt"":1,""status"":""complete""}",complete,False,
/mnt/main0/home/nclack/tmp/2026-09-24-damacy-cold-readahead/job-3808884/results/smooth4-zstd-c64-b16/random-1x256x256/cold/repeat-3/persistent-default/attempts.json,/0,cpu-readahead-control,"{""attempt"":1,""status"":""complete""}",complete,False,
/mnt/main0/home/nclack/tmp/2026-09-24-damacy-cold-readahead/job-3808884/results/smooth4-zstd-c64-b16/random-1x256x256/cold/repeat-3/persistent-random/attempts.json,/0,cpu-readahead-control,"{""attempt"":1,""status"":""complete""}",complete,False,
/mnt/main0/home/nclack/tmp/2026-09-24-damacy-cold-readahead/job-3808884/results/smooth4-zstd-c64-b16/random-1x256x256/cold/repeat-3/tensorstore/attempts.json,/0,cpu-readahead-control,"{""attempt"":1,""status"":""complete""}",complete,False,
/mnt/main0/home/nclack/tmp/2026-09-24-damacy-cold-readahead/job-3808884/preflight/smooth4-lz4-c64-b16/aligned/cold/repeat-1/batch-default/attempts.json,/0,cpu-readahead-control,"{""attempt"":1,""status"":""complete""}",complete,False,
/mnt/main0/home/nclack/tmp/2026-09-24-damacy-cold-readahead/job-3808884/preflight/smooth4-lz4-c64-b16/aligned/cold/repeat-1/batch-random/attempts.json,/0,cpu-readahead-control,"{""attempt"":1,""status"":""complete""}",complete,False,
/mnt/main0/home/nclack/tmp/2026-09-24-damacy-cold-readahead/job-3808884/preflight/smooth4-lz4-c64-b16/aligned/cold/repeat-1/persistent-default/attempts.json,/0,cpu-readahead-control,"{""attempt"":1,""status"":""complete""}",complete,False,
/mnt/main0/home/nclack/tmp/2026-09-24-damacy-cold-readahead/job-3808884/preflight/smooth4-lz4-c64-b16/aligned/cold/repeat-1/persistent-random/attempts.json,/0,cpu-readahead-control,"{""attempt"":1,""status"":""complete""}",complete,False,
/mnt/main0/home/nclack/tmp/2026-09-24-damacy-cold-readahead/job-3808884/preflight/smooth4-lz4-c64-b16/aligned/cold/repeat-1/tensorstore/attempts.json,/0,cpu-readahead-control,"{""attempt"":1,""status"":""complete""}",complete,False,
/mnt/main0/home/nclack/tmp/2026-09-24-damacy-cold-readahead/job-3808884/preflight/smooth4-lz4-c64-b16/full-scan/cold/repeat-1/batch-default/attempts.json,/0,cpu-readahead-control,"{""attempt"":1,""status"":""complete""}",complete,False,
/mnt/main0/home/nclack/tmp/2026-09-24-damacy-cold-readahead/job-3808884/preflight/smooth4-lz4-c64-b16/full-scan/cold/repeat-1/batch-random/attempts.json,/0,cpu-readahead-control,"{""attempt"":1,""status"":""complete""}",complete,False,
/mnt/main0/home/nclack/tmp/2026-09-24-damacy-cold-readahead/job-3808884/preflight/smooth4-lz4-c64-b16/full-scan/cold/repeat-1/persistent-default/attempts.json,/0,cpu-readahead-control,"{""attempt"":1,""status"":""complete""}",complete,False,
/mnt/main0/home/nclack/tmp/2026-09-24-damacy-cold-readahead/job-3808884/preflight/smooth4-lz4-c64-b16/full-scan/cold/repeat-1/persistent-random/attempts.json,/0,cpu-readahead-control,"{""attempt"":1,""status"":""complete""}",complete,False,
/mnt/main0/home/nclack/tmp/2026-09-24-damacy-cold-readahead/job-3808884/preflight/smooth4-lz4-c64-b16/full-scan/cold/repeat-1/tensorstore/attempts.json,/0,cpu-readahead-control,"{""attempt"":1,""status"":""complete""}",complete,False,
/mnt/main0/home/nclack/tmp/2026-09-24-damacy-cold-readahead/job-3808884/preflight/smooth4-lz4-c64-b16/random-1x256x256/cold/repeat-1/batch-default/attempts.json,/0,cpu-readahead-control,"{""attempt"":1,""status"":""complete""}",complete,False,
/mnt/main0/home/nclack/tmp/2026-09-24-damacy-cold-readahead/job-3808884/preflight/smooth4-lz4-c64-b16/random-1x256x256/cold/repeat-1/batch-random/attempts.json,/0,cpu-readahead-control,"{""attempt"":1,""status"":""complete""}",complete,False,
/mnt/main0/home/nclack/tmp/2026-09-24-damacy-cold-readahead/job-3808884/preflight/smooth4-lz4-c64-b16/random-1x256x256/cold/repeat-1/persistent-default/attempts.json,/0,cpu-readahead-control,"{""attempt"":1,""status"":""complete""}",complete,False,
/mnt/main0/home/nclack/tmp/2026-09-24-damacy-cold-readahead/job-3808884/preflight/smooth4-lz4-c64-b16/random-1x256x256/cold/repeat-1/persistent-random/attempts.json,/0,cpu-readahead-control,"{""attempt"":1,""status"":""complete""}",complete,False,
/mnt/main0/home/nclack/tmp/2026-09-24-damacy-cold-readahead/job-3808884/preflight/smooth4-lz4-c64-b16/random-1x256x256/cold/repeat-1/tensorstore/attempts.json,/0,cpu-readahead-control,"{""attempt"":1,""status"":""complete""}",complete,False,
/mnt/main0/home/nclack/tmp/2026-09-24-damacy-cold-readahead/job-3808884/preflight/smooth4-zstd-c64-b16/aligned/cold/repeat-1/batch-default/attempts.json,/0,cpu-readahead-control,"{""attempt"":1,""status"":""complete""}",complete,False,
/mnt/main0/home/nclack/tmp/2026-09-24-damacy-cold-readahead/job-3808884/preflight/smooth4-zstd-c64-b16/aligned/cold/repeat-1/batch-random/attempts.json,/0,cpu-readahead-control,"{""attempt"":1,""status"":""complete""}",complete,False,
/mnt/main0/home/nclack/tmp/2026-09-24-damacy-cold-readahead/job-3808884/preflight/smooth4-zstd-c64-b16/aligned/cold/repeat-1/persistent-default/attempts.json,/0,cpu-readahead-control,"{""attempt"":1,""status"":""complete""}",complete,False,
/mnt/main0/home/nclack/tmp/2026-09-24-damacy-cold-readahead/job-3808884/preflight/smooth4-zstd-c64-b16/aligned/cold/repeat-1/persistent-random/attempts.json,/0,cpu-readahead-control,"{""attempt"":1,""status"":""complete""}",complete,False,
/mnt/main0/home/nclack/tmp/2026-09-24-damacy-cold-readahead/job-3808884/preflight/smooth4-zstd-c64-b16/aligned/cold/repeat-1/tensorstore/attempts.json,/0,cpu-readahead-control,"{""attempt"":1,""status"":""complete""}",complete,False,
/mnt/main0/home/nclack/tmp/2026-09-24-damacy-cold-readahead/job-3808884/preflight/smooth4-zstd-c64-b16/full-scan/cold/repeat-1/batch-default/attempts.json,/0,cpu-readahead-control,"{""attempt"":1,""status"":""complete""}",complete,False,
/mnt/main0/home/nclack/tmp/2026-09-24-damacy-cold-readahead/job-3808884/preflight/smooth4-zstd-c64-b16/full-scan/cold/repeat-1/batch-random/attempts.json,/0,cpu-readahead-control,"{""attempt"":1,""status"":""complete""}",complete,False,
/mnt/main0/home/nclack/tmp/2026-09-24-damacy-cold-readahead/job-3808884/preflight/smooth4-zstd-c64-b16/full-scan/cold/repeat-1/persistent-default/attempts.json,/0,cpu-readahead-control,"{""attempt"":1,""status"":""complete""}",complete,False,
/mnt/main0/home/nclack/tmp/2026-09-24-damacy-cold-readahead/job-3808884/preflight/smooth4-zstd-c64-b16/full-scan/cold/repeat-1/persistent-random/attempts.json,/0,cpu-readahead-control,"{""attempt"":1,""status"":""complete""}",complete,False,
/mnt/main0/home/nclack/tmp/2026-09-24-damacy-cold-readahead/job-3808884/preflight/smooth4-zstd-c64-b16/full-scan/cold/repeat-1/tensorstore/attempts.json,/0,cpu-readahead-control,"{""attempt"":1,""status"":""complete""}",complete,False,
/mnt/main0/home/nclack/tmp/2026-09-24-damacy-cold-readahead/job-3808884/preflight/smooth4-zstd-c64-b16/random-1x256x256/cold/repeat-1/batch-default/attempts.json,/0,cpu-readahead-control,"{""attempt"":1,""status"":""complete""}",complete,False,
/mnt/main0/home/nclack/tmp/2026-09-24-damacy-cold-readahead/job-3808884/preflight/smooth4-zstd-c64-b16/random-1x256x256/cold/repeat-1/batch-random/attempts.json,/0,cpu-readahead-control,"{""attempt"":1,""status"":""complete""}",complete,False,
/mnt/main0/home/nclack/tmp/2026-09-24-damacy-cold-readahead/job-3808884/preflight/smooth4-zstd-c64-b16/random-1x256x256/cold/repeat-1/persistent-default/attempts.json,/0,cpu-readahead-control,"{""attempt"":1,""status"":""complete""}",complete,False,
/mnt/main0/home/nclack/tmp/2026-09-24-damacy-cold-readahead/job-3808884/preflight/smooth4-zstd-c64-b16/random-1x256x256/cold/repeat-1/persistent-random/attempts.json,/0,cpu-readahead-control,"{""attempt"":1,""status"":""complete""}",complete,False,
/mnt/main0/home/nclack/tmp/2026-09-24-damacy-cold-readahead/job-3808884/preflight/smooth4-zstd-c64-b16/random-1x256x256/cold/repeat-1/tensorstore/attempts.json,/0,cpu-readahead-control,"{""attempt"":1,""status"":""complete""}",complete,False,
/mnt/main0/home/nclack/tmp/2026-09-24-damacy-cpu-read-buffers/job-3810330/results/smooth4-lz4-c64-b16/concurrency/full-scan/repeat-1/chunks128-default/attempts.json,/0,cpu-buffer-control,"{""attempt"":1,""status"":""complete""}",complete,False,
/mnt/main0/home/nclack/tmp/2026-09-24-damacy-cpu-read-buffers/job-3810330/results/smooth4-lz4-c64-b16/concurrency/full-scan/repeat-1/chunks128-random/attempts.json,/0,cpu-buffer-control,"{""attempt"":1,""status"":""complete""}",complete,False,
/mnt/main0/home/nclack/tmp/2026-09-24-damacy-cpu-read-buffers/job-3810330/results/smooth4-lz4-c64-b16/concurrency/full-scan/repeat-1/chunks256-default/attempts.json,/0,cpu-buffer-control,"{""attempt"":1,""status"":""complete""}",complete,False,
/mnt/main0/home/nclack/tmp/2026-09-24-damacy-cpu-read-buffers/job-3810330/results/smooth4-lz4-c64-b16/concurrency/full-scan/repeat-1/chunks256-random/attempts.json,/0,cpu-buffer-control,"{""attempt"":1,""status"":""complete""}",complete,False,
/mnt/main0/home/nclack/tmp/2026-09-24-damacy-cpu-read-buffers/job-3810330/results/smooth4-lz4-c64-b16/concurrency/full-scan/repeat-1/chunks32-default/attempts.json,/0,cpu-buffer-control,"{""attempt"":1,""status"":""complete""}",complete,False,
/mnt/main0/home/nclack/tmp/2026-09-24-damacy-cpu-read-buffers/job-3810330/results/smooth4-lz4-c64-b16/concurrency/full-scan/repeat-1/chunks32-random/attempts.json,/0,cpu-buffer-control,"{""attempt"":1,""status"":""complete""}",complete,False,
/mnt/main0/home/nclack/tmp/2026-09-24-damacy-cpu-read-buffers/job-3810330/results/smooth4-lz4-c64-b16/concurrency/full-scan/repeat-1/tensorstore/attempts.json,/0,cpu-buffer-control,"{""attempt"":1,""status"":""complete""}",complete,False,
/mnt/main0/home/nclack/tmp/2026-09-24-damacy-cpu-read-buffers/job-3810330/results/smooth4-lz4-c64-b16/concurrency/random-1x256x256/repeat-1/chunks128-default/attempts.json,/0,cpu-buffer-control,"{""attempt"":1,""status"":""complete""}",complete,False,
/mnt/main0/home/nclack/tmp/2026-09-24-damacy-cpu-read-buffers/job-3810330/results/smooth4-lz4-c64-b16/concurrency/random-1x256x256/repeat-1/chunks128-random/attempts.json,/0,cpu-buffer-control,"{""attempt"":1,""status"":""complete""}",complete,False,
/mnt/main0/home/nclack/tmp/2026-09-24-damacy-cpu-read-buffers/job-3810330/results/smooth4-lz4-c64-b16/concurrency/random-1x256x256/repeat-1/chunks256-default/attempts.json,/0,cpu-buffer-control,"{""attempt"":1,""status"":""complete""}",complete,False,
/mnt/main0/home/nclack/tmp/2026-09-24-damacy-cpu-read-buffers/job-3810330/results/smooth4-lz4-c64-b16/concurrency/random-1x256x256/repeat-1/chunks256-random/attempts.json,/0,cpu-buffer-control,"{""attempt"":1,""status"":""complete""}",complete,False,
/mnt/main0/home/nclack/tmp/2026-09-24-damacy-cpu-read-buffers/job-3810330/results/smooth4-lz4-c64-b16/concurrency/random-1x256x256/repeat-1/chunks32-default/attempts.json,/0,cpu-buffer-control,"{""attempt"":1,""status"":""complete""}",complete,False,
/mnt/main0/home/nclack/tmp/2026-09-24-damacy-cpu-read-buffers/job-3810330/results/smooth4-lz4-c64-b16/concurrency/random-1x256x256/repeat-1/chunks32-random/attempts.json,/0,cpu-buffer-control,"{""attempt"":1,""status"":""complete""}",complete,False,
/mnt/main0/home/nclack/tmp/2026-09-24-damacy-cpu-read-buffers/job-3810330/results/smooth4-lz4-c64-b16/concurrency/random-1x256x256/repeat-1/tensorstore/attempts.json,/0,cpu-buffer-control,"{""attempt"":1,""status"":""complete""}",complete,False,
/mnt/main0/home/nclack/tmp/2026-09-24-damacy-cpu-read-buffers/job-3810330/results/smooth4-lz4-c64-b16/full-scan/cold/repeat-1/chunks128-default/attempts.json,/0,cpu-buffer-control,"{""attempt"":1,""status"":""complete""}",complete,False,
/mnt/main0/home/nclack/tmp/2026-09-24-damacy-cpu-read-buffers/job-3810330/results/smooth4-lz4-c64-b16/full-scan/cold/repeat-1/chunks128-random/attempts.json,/0,cpu-buffer-control,"{""attempt"":1,""status"":""complete""}",complete,False,
/mnt/main0/home/nclack/tmp/2026-09-24-damacy-cpu-read-buffers/job-3810330/results/smooth4-lz4-c64-b16/full-scan/cold/repeat-1/chunks256-default/attempts.json,/0,cpu-buffer-control,"{""attempt"":1,""status"":""complete""}",complete,False,
/mnt/main0/home/nclack/tmp/2026-09-24-damacy-cpu-read-buffers/job-3810330/results/smooth4-lz4-c64-b16/full-scan/cold/repeat-1/chunks256-random/attempts.json,/0,cpu-buffer-control,"{""attempt"":1,""status"":""complete""}",complete,False,
/mnt/main0/home/nclack/tmp/2026-09-24-damacy-cpu-read-buffers/job-3810330/results/smooth4-lz4-c64-b16/full-scan/cold/repeat-1/chunks32-default/attempts.json,/0,cpu-buffer-control,"{""attempt"":1,""status"":""complete""}",complete,False,
/mnt/main0/home/nclack/tmp/2026-09-24-damacy-cpu-read-buffers/job-3810330/results/smooth4-lz4-c64-b16/full-scan/cold/repeat-1/chunks32-random/attempts.json,/0,cpu-buffer-control,"{""attempt"":1,""status"":""complete""}",complete,False,
/mnt/main0/home/nclack/tmp/2026-09-24-damacy-cpu-read-buffers/job-3810330/results/smooth4-lz4-c64-b16/full-scan/cold/repeat-1/tensorstore/attempts.json,/0,cpu-buffer-control,"{""attempt"":1,""status"":""complete""}",complete,False,
/mnt/main0/home/nclack/tmp/2026-09-24-damacy-cpu-read-buffers/job-3810330/results/smooth4-lz4-c64-b16/full-scan/cold/repeat-2/chunks128-default/attempts.json,/0,cpu-buffer-control,"{""attempt"":1,""status"":""complete""}",complete,False,
/mnt/main0/home/nclack/tmp/2026-09-24-damacy-cpu-read-buffers/job-3810330/results/smooth4-lz4-c64-b16/full-scan/cold/repeat-2/chunks128-random/attempts.json,/0,cpu-buffer-control,"{""attempt"":1,""status"":""complete""}",complete,False,
/mnt/main0/home/nclack/tmp/2026-09-24-damacy-cpu-read-buffers/job-3810330/results/smooth4-lz4-c64-b16/full-scan/cold/repeat-2/chunks256-default/attempts.json,/0,cpu-buffer-control,"{""attempt"":1,""status"":""complete""}",complete,False,
/mnt/main0/home/nclack/tmp/2026-09-24-damacy-cpu-read-buffers/job-3810330/results/smooth4-lz4-c64-b16/full-scan/cold/repeat-2/chunks256-random/attempts.json,/0,cpu-buffer-control,"{""attempt"":1,""status"":""complete""}",complete,False,
/mnt/main0/home/nclack/tmp/2026-09-24-damacy-cpu-read-buffers/job-3810330/results/smooth4-lz4-c64-b16/full-scan/cold/repeat-2/chunks32-default/attempts.json,/0,cpu-buffer-control,"{""attempt"":1,""status"":""complete""}",complete,False,
/mnt/main0/home/nclack/tmp/2026-09-24-damacy-cpu-read-buffers/job-3810330/results/smooth4-lz4-c64-b16/full-scan/cold/repeat-2/chunks32-random/attempts.json,/0,cpu-buffer-control,"{""attempt"":1,""status"":""complete""}",complete,False,
/mnt/main0/home/nclack/tmp/2026-09-24-damacy-cpu-read-buffers/job-3810330/results/smooth4-lz4-c64-b16/full-scan/cold/repeat-2/tensorstore/attempts.json,/0,cpu-buffer-control,"{""attempt"":1,""status"":""complete""}",complete,False,
/mnt/main0/home/nclack/tmp/2026-09-24-damacy-cpu-read-buffers/job-3810330/results/smooth4-lz4-c64-b16/full-scan/cold/repeat-3/chunks128-default/attempts.json,/0,cpu-buffer-control,"{""attempt"":1,""status"":""complete""}",complete,False,
/mnt/main0/home/nclack/tmp/2026-09-24-damacy-cpu-read-buffers/job-3810330/results/smooth4-lz4-c64-b16/full-scan/cold/repeat-3/chunks128-random/attempts.json,/0,cpu-buffer-control,"{""attempt"":1,""status"":""complete""}",complete,False,
/mnt/main0/home/nclack/tmp/2026-09-24-damacy-cpu-read-buffers/job-3810330/results/smooth4-lz4-c64-b16/full-scan/cold/repeat-3/chunks256-default/attempts.json,/0,cpu-buffer-control,"{""attempt"":1,""status"":""complete""}",complete,False,
/mnt/main0/home/nclack/tmp/2026-09-24-damacy-cpu-read-buffers/job-3810330/results/smooth4-lz4-c64-b16/full-scan/cold/repeat-3/chunks256-random/attempts.json,/0,cpu-buffer-control,"{""attempt"":1,""status"":""complete""}",complete,False,
/mnt/main0/home/nclack/tmp/2026-09-24-damacy-cpu-read-buffers/job-3810330/results/smooth4-lz4-c64-b16/full-scan/cold/repeat-3/chunks32-default/attempts.json,/0,cpu-buffer-control,"{""attempt"":1,""status"":""complete""}",complete,False,
/mnt/main0/home/nclack/tmp/2026-09-24-damacy-cpu-read-buffers/job-3810330/results/smooth4-lz4-c64-b16/full-scan/cold/repeat-3/chunks32-random/attempts.json,/0,cpu-buffer-control,"{""attempt"":1,""status"":""complete""}",complete,False,
/mnt/main0/home/nclack/tmp/2026-09-24-damacy-cpu-read-buffers/job-3810330/results/smooth4-lz4-c64-b16/full-scan/cold/repeat-3/tensorstore/attempts.json,/0,cpu-buffer-control,"{""attempt"":1,""status"":""complete""}",complete,False,
/mnt/main0/home/nclack/tmp/2026-09-24-damacy-cpu-read-buffers/job-3810330/results/smooth4-lz4-c64-b16/random-1x256x256/cold/repeat-1/chunks128-default/attempts.json,/0,cpu-buffer-control,"{""attempt"":1,""status"":""complete""}",complete,False,
/mnt/main0/home/nclack/tmp/2026-09-24-damacy-cpu-read-buffers/job-3810330/results/smooth4-lz4-c64-b16/random-1x256x256/cold/repeat-1/chunks128-random/attempts.json,/0,cpu-buffer-control,"{""attempt"":1,""status"":""complete""}",complete,False,
/mnt/main0/home/nclack/tmp/2026-09-24-damacy-cpu-read-buffers/job-3810330/results/smooth4-lz4-c64-b16/random-1x256x256/cold/repeat-1/chunks256-default/attempts.json,/0,cpu-buffer-control,"{""attempt"":1,""status"":""complete""}",complete,False,
/mnt/main0/home/nclack/tmp/2026-09-24-damacy-cpu-read-buffers/job-3810330/results/smooth4-lz4-c64-b16/random-1x256x256/cold/repeat-1/chunks256-random/attempts.json,/0,cpu-buffer-control,"{""attempt"":1,""status"":""complete""}",complete,False,
/mnt/main0/home/nclack/tmp/2026-09-24-damacy-cpu-read-buffers/job-3810330/results/smooth4-lz4-c64-b16/random-1x256x256/cold/repeat-1/chunks32-default/attempts.json,/0,cpu-buffer-control,"{""attempt"":1,""status"":""complete""}",complete,False,
/mnt/main0/home/nclack/tmp/2026-09-24-damacy-cpu-read-buffers/job-3810330/results/smooth4-lz4-c64-b16/random-1x256x256/cold/repeat-1/chunks32-random/attempts.json,/0,cpu-buffer-control,"{""attempt"":1,""status"":""complete""}",complete,False,
/mnt/main0/home/nclack/tmp/2026-09-24-damacy-cpu-read-buffers/job-3810330/results/smooth4-lz4-c64-b16/random-1x256x256/cold/repeat-1/tensorstore/attempts.json,/0,cpu-buffer-control,"{""attempt"":1,""status"":""complete""}",complete,False,
/mnt/main0/home/nclack/tmp/2026-09-24-damacy-cpu-read-buffers/job-3810330/results/smooth4-lz4-c64-b16/random-1x256x256/cold/repeat-2/chunks128-default/attempts.json,/0,cpu-buffer-control,"{""attempt"":1,""status"":""complete""}",complete,False,
/mnt/main0/home/nclack/tmp/2026-09-24-damacy-cpu-read-buffers/job-3810330/results/smooth4-lz4-c64-b16/random-1x256x256/cold/repeat-2/chunks128-random/attempts.json,/0,cpu-buffer-control,"{""attempt"":1,""status"":""complete""}",complete,False,
/mnt/main0/home/nclack/tmp/2026-09-24-damacy-cpu-read-buffers/job-3810330/results/smooth4-lz4-c64-b16/random-1x256x256/cold/repeat-2/chunks256-default/attempts.json,/0,cpu-buffer-control,"{""attempt"":1,""status"":""complete""}",complete,False,
/mnt/main0/home/nclack/tmp/2026-09-24-damacy-cpu-read-buffers/job-3810330/results/smooth4-lz4-c64-b16/random-1x256x256/cold/repeat-2/chunks256-random/attempts.json,/0,cpu-buffer-control,"{""attempt"":1,""status"":""complete""}",complete,False,
/mnt/main0/home/nclack/tmp/2026-09-24-damacy-cpu-read-buffers/job-3810330/results/smooth4-lz4-c64-b16/random-1x256x256/cold/repeat-2/chunks32-default/attempts.json,/0,cpu-buffer-control,"{""attempt"":1,""status"":""complete""}",complete,False,
/mnt/main0/home/nclack/tmp/2026-09-24-damacy-cpu-read-buffers/job-3810330/results/smooth4-lz4-c64-b16/random-1x256x256/cold/repeat-2/chunks32-random/attempts.json,/0,cpu-buffer-control,"{""attempt"":1,""status"":""complete""}",complete,False,
/mnt/main0/home/nclack/tmp/2026-09-24-damacy-cpu-read-buffers/job-3810330/results/smooth4-lz4-c64-b16/random-1x256x256/cold/repeat-2/tensorstore/attempts.json,/0,cpu-buffer-control,"{""attempt"":1,""status"":""complete""}",complete,False,
/mnt/main0/home/nclack/tmp/2026-09-24-damacy-cpu-read-buffers/job-3810330/results/smooth4-lz4-c64-b16/random-1x256x256/cold/repeat-3/chunks128-default/attempts.json,/0,cpu-buffer-control,"{""attempt"":1,""status"":""complete""}",complete,False,
/mnt/main0/home/nclack/tmp/2026-09-24-damacy-cpu-read-buffers/job-3810330/results/smooth4-lz4-c64-b16/random-1x256x256/cold/repeat-3/chunks128-random/attempts.json,/0,cpu-buffer-control,"{""attempt"":1,""status"":""complete""}",complete,False,
/mnt/main0/home/nclack/tmp/2026-09-24-damacy-cpu-read-buffers/job-3810330/results/smooth4-lz4-c64-b16/random-1x256x256/cold/repeat-3/chunks256-default/attempts.json,/0,cpu-buffer-control,"{""attempt"":1,""status"":""complete""}",complete,False,
/mnt/main0/home/nclack/tmp/2026-09-24-damacy-cpu-read-buffers/job-3810330/results/smooth4-lz4-c64-b16/random-1x256x256/cold/repeat-3/chunks256-random/attempts.json,/0,cpu-buffer-control,"{""attempt"":1,""status"":""complete""}",complete,False,
/mnt/main0/home/nclack/tmp/2026-09-24-damacy-cpu-read-buffers/job-3810330/results/smooth4-lz4-c64-b16/random-1x256x256/cold/repeat-3/chunks32-default/attempts.json,/0,cpu-buffer-control,"{""attempt"":1,""status"":""complete""}",complete,False,
/mnt/main0/home/nclack/tmp/2026-09-24-damacy-cpu-read-buffers/job-3810330/results/smooth4-lz4-c64-b16/random-1x256x256/cold/repeat-3/chunks32-random/attempts.json,/0,cpu-buffer-control,"{""attempt"":1,""status"":""complete""}",complete,False,
/mnt/main0/home/nclack/tmp/2026-09-24-damacy-cpu-read-buffers/job-3810330/results/smooth4-lz4-c64-b16/random-1x256x256/cold/repeat-3/tensorstore/attempts.json,/0,cpu-buffer-control,"{""attempt"":1,""status"":""complete""}",complete,False,
/mnt/main0/home/nclack/tmp/2026-09-24-damacy-cpu-read-buffers/job-3810330/results/smooth4-zstd-c64-b16/concurrency/full-scan/repeat-1/chunks128-default/attempts.json,/0,cpu-buffer-control,"{""attempt"":1,""status"":""complete""}",complete,False,
/mnt/main0/home/nclack/tmp/2026-09-24-damacy-cpu-read-buffers/job-3810330/results/smooth4-zstd-c64-b16/concurrency/full-scan/repeat-1/chunks128-random/attempts.json,/0,cpu-buffer-control,"{""attempt"":1,""status"":""complete""}",complete,False,
/mnt/main0/home/nclack/tmp/2026-09-24-damacy-cpu-read-buffers/job-3810330/results/smooth4-zstd-c64-b16/concurrency/full-scan/repeat-1/chunks256-default/attempts.json,/0,cpu-buffer-control,"{""attempt"":1,""status"":""complete""}",complete,False,
/mnt/main0/home/nclack/tmp/2026-09-24-damacy-cpu-read-buffers/job-3810330/results/smooth4-zstd-c64-b16/concurrency/full-scan/repeat-1/chunks256-random/attempts.json,/0,cpu-buffer-control,"{""attempt"":1,""status"":""complete""}",complete,False,
/mnt/main0/home/nclack/tmp/2026-09-24-damacy-cpu-read-buffers/job-3810330/results/smooth4-zstd-c64-b16/concurrency/full-scan/repeat-1/chunks32-default/attempts.json,/0,cpu-buffer-control,"{""attempt"":1,""status"":""complete""}",complete,False,
/mnt/main0/home/nclack/tmp/2026-09-24-damacy-cpu-read-buffers/job-3810330/results/smooth4-zstd-c64-b16/concurrency/full-scan/repeat-1/chunks32-random/attempts.json,/0,cpu-buffer-control,"{""attempt"":1,""status"":""complete""}",complete,False,
/mnt/main0/home/nclack/tmp/2026-09-24-damacy-cpu-read-buffers/job-3810330/results/smooth4-zstd-c64-b16/concurrency/full-scan/repeat-1/tensorstore/attempts.json,/0,cpu-buffer-control,"{""attempt"":1,""status"":""complete""}",complete,False,
/mnt/main0/home/nclack/tmp/2026-09-24-damacy-cpu-read-buffers/job-3810330/results/smooth4-zstd-c64-b16/concurrency/random-1x256x256/repeat-1/chunks128-default/attempts.json,/0,cpu-buffer-control,"{""attempt"":1,""status"":""complete""}",complete,False,
/mnt/main0/home/nclack/tmp/2026-09-24-damacy-cpu-read-buffers/job-3810330/results/smooth4-zstd-c64-b16/concurrency/random-1x256x256/repeat-1/chunks128-random/attempts.json,/0,cpu-buffer-control,"{""attempt"":1,""status"":""complete""}",complete,False,
/mnt/main0/home/nclack/tmp/2026-09-24-damacy-cpu-read-buffers/job-3810330/results/smooth4-zstd-c64-b16/concurrency/random-1x256x256/repeat-1/chunks256-default/attempts.json,/0,cpu-buffer-control,"{""attempt"":1,""status"":""complete""}",complete,False,
/mnt/main0/home/nclack/tmp/2026-09-24-damacy-cpu-read-buffers/job-3810330/results/smooth4-zstd-c64-b16/concurrency/random-1x256x256/repeat-1/chunks256-random/attempts.json,/0,cpu-buffer-control,"{""attempt"":1,""status"":""complete""}",complete,False,
/mnt/main0/home/nclack/tmp/2026-09-24-damacy-cpu-read-buffers/job-3810330/results/smooth4-zstd-c64-b16/concurrency/random-1x256x256/repeat-1/chunks32-default/attempts.json,/0,cpu-buffer-control,"{""attempt"":1,""status"":""complete""}",complete,False,
/mnt/main0/home/nclack/tmp/2026-09-24-damacy-cpu-read-buffers/job-3810330/results/smooth4-zstd-c64-b16/concurrency/random-1x256x256/repeat-1/chunks32-random/attempts.json,/0,cpu-buffer-control,"{""attempt"":1,""status"":""complete""}",complete,False,
/mnt/main0/home/nclack/tmp/2026-09-24-damacy-cpu-read-buffers/job-3810330/results/smooth4-zstd-c64-b16/concurrency/random-1x256x256/repeat-1/tensorstore/attempts.json,/0,cpu-buffer-control,"{""attempt"":1,""status"":""complete""}",complete,False,
/mnt/main0/home/nclack/tmp/2026-09-24-damacy-cpu-read-buffers/job-3810330/results/smooth4-zstd-c64-b16/full-scan/cold/repeat-1/chunks128-default/attempts.json,/0,cpu-buffer-control,"{""attempt"":1,""status"":""complete""}",complete,False,
/mnt/main0/home/nclack/tmp/2026-09-24-damacy-cpu-read-buffers/job-3810330/results/smooth4-zstd-c64-b16/full-scan/cold/repeat-1/chunks128-random/attempts.json,/0,cpu-buffer-control,"{""attempt"":1,""status"":""complete""}",complete,False,
/mnt/main0/home/nclack/tmp/2026-09-24-damacy-cpu-read-buffers/job-3810330/results/smooth4-zstd-c64-b16/full-scan/cold/repeat-1/chunks256-default/attempts.json,/0,cpu-buffer-control,"{""attempt"":1,""status"":""complete""}",complete,False,
/mnt/main0/home/nclack/tmp/2026-09-24-damacy-cpu-read-buffers/job-3810330/results/smooth4-zstd-c64-b16/full-scan/cold/repeat-1/chunks256-random/attempts.json,/0,cpu-buffer-control,"{""attempt"":1,""status"":""complete""}",complete,False,
/mnt/main0/home/nclack/tmp/2026-09-24-damacy-cpu-read-buffers/job-3810330/results/smooth4-zstd-c64-b16/full-scan/cold/repeat-1/chunks32-default/attempts.json,/0,cpu-buffer-control,"{""attempt"":1,""status"":""complete""}",complete,False,
/mnt/main0/home/nclack/tmp/2026-09-24-damacy-cpu-read-buffers/job-3810330/results/smooth4-zstd-c64-b16/full-scan/cold/repeat-1/chunks32-random/attempts.json,/0,cpu-buffer-control,"{""attempt"":1,""status"":""complete""}",complete,False,
/mnt/main0/home/nclack/tmp/2026-09-24-damacy-cpu-read-buffers/job-3810330/results/smooth4-zstd-c64-b16/full-scan/cold/repeat-1/tensorstore/attempts.json,/0,cpu-buffer-control,"{""attempt"":1,""status"":""complete""}",complete,False,
/mnt/main0/home/nclack/tmp/2026-09-24-damacy-cpu-read-buffers/job-3810330/results/smooth4-zstd-c64-b16/full-scan/cold/repeat-2/chunks128-default/attempts.json,/0,cpu-buffer-control,"{""attempt"":1,""status"":""complete""}",complete,False,
/mnt/main0/home/nclack/tmp/2026-09-24-damacy-cpu-read-buffers/job-3810330/results/smooth4-zstd-c64-b16/full-scan/cold/repeat-2/chunks128-random/attempts.json,/0,cpu-buffer-control,"{""attempt"":1,""status"":""complete""}",complete,False,
/mnt/main0/home/nclack/tmp/2026-09-24-damacy-cpu-read-buffers/job-3810330/results/smooth4-zstd-c64-b16/full-scan/cold/repeat-2/chunks256-default/attempts.json,/0,cpu-buffer-control,"{""attempt"":1,""status"":""complete""}",complete,False,
/mnt/main0/home/nclack/tmp/2026-09-24-damacy-cpu-read-buffers/job-3810330/results/smooth4-zstd-c64-b16/full-scan/cold/repeat-2/chunks256-random/attempts.json,/0,cpu-buffer-control,"{""attempt"":1,""status"":""complete""}",complete,False,
/mnt/main0/home/nclack/tmp/2026-09-24-damacy-cpu-read-buffers/job-3810330/results/smooth4-zstd-c64-b16/full-scan/cold/repeat-2/chunks32-default/attempts.json,/0,cpu-buffer-control,"{""attempt"":1,""status"":""complete""}",complete,False,
/mnt/main0/home/nclack/tmp/2026-09-24-damacy-cpu-read-buffers/job-3810330/results/smooth4-zstd-c64-b16/full-scan/cold/repeat-2/chunks32-random/attempts.json,/0,cpu-buffer-control,"{""attempt"":1,""status"":""complete""}",complete,False,
/mnt/main0/home/nclack/tmp/2026-09-24-damacy-cpu-read-buffers/job-3810330/results/smooth4-zstd-c64-b16/full-scan/cold/repeat-2/tensorstore/attempts.json,/0,cpu-buffer-control,"{""attempt"":1,""status"":""complete""}",complete,False,
/mnt/main0/home/nclack/tmp/2026-09-24-damacy-cpu-read-buffers/job-3810330/results/smooth4-zstd-c64-b16/full-scan/cold/repeat-3/chunks128-default/attempts.json,/0,cpu-buffer-control,"{""attempt"":1,""status"":""complete""}",complete,False,
/mnt/main0/home/nclack/tmp/2026-09-24-damacy-cpu-read-buffers/job-3810330/results/smooth4-zstd-c64-b16/full-scan/cold/repeat-3/chunks128-random/attempts.json,/0,cpu-buffer-control,"{""attempt"":1,""status"":""complete""}",complete,False,
/mnt/main0/home/nclack/tmp/2026-09-24-damacy-cpu-read-buffers/job-3810330/results/smooth4-zstd-c64-b16/full-scan/cold/repeat-3/chunks256-default/attempts.json,/0,cpu-buffer-control,"{""attempt"":1,""status"":""complete""}",complete,False,
/mnt/main0/home/nclack/tmp/2026-09-24-damacy-cpu-read-buffers/job-3810330/results/smooth4-zstd-c64-b16/full-scan/cold/repeat-3/chunks256-random/attempts.json,/0,cpu-buffer-control,"{""attempt"":1,""status"":""complete""}",complete,False,
/mnt/main0/home/nclack/tmp/2026-09-24-damacy-cpu-read-buffers/job-3810330/results/smooth4-zstd-c64-b16/full-scan/cold/repeat-3/chunks32-default/attempts.json,/0,cpu-buffer-control,"{""attempt"":1,""status"":""complete""}",complete,False,
/mnt/main0/home/nclack/tmp/2026-09-24-damacy-cpu-read-buffers/job-3810330/results/smooth4-zstd-c64-b16/full-scan/cold/repeat-3/chunks32-random/attempts.json,/0,cpu-buffer-control,"{""attempt"":1,""status"":""complete""}",complete,False,
/mnt/main0/home/nclack/tmp/2026-09-24-damacy-cpu-read-buffers/job-3810330/results/smooth4-zstd-c64-b16/full-scan/cold/repeat-3/tensorstore/attempts.json,/0,cpu-buffer-control,"{""attempt"":1,""status"":""complete""}",complete,False,
/mnt/main0/home/nclack/tmp/2026-09-24-damacy-cpu-read-buffers/job-3810330/results/smooth4-zstd-c64-b16/random-1x256x256/cold/repeat-1/chunks128-default/attempts.json,/0,cpu-buffer-control,"{""attempt"":1,""status"":""complete""}",complete,False,
/mnt/main0/home/nclack/tmp/2026-09-24-damacy-cpu-read-buffers/job-3810330/results/smooth4-zstd-c64-b16/random-1x256x256/cold/repeat-1/chunks128-random/attempts.json,/0,cpu-buffer-control,"{""attempt"":1,""status"":""complete""}",complete,False,
/mnt/main0/home/nclack/tmp/2026-09-24-damacy-cpu-read-buffers/job-3810330/results/smooth4-zstd-c64-b16/random-1x256x256/cold/repeat-1/chunks256-default/attempts.json,/0,cpu-buffer-control,"{""attempt"":1,""status"":""complete""}",complete,False,
/mnt/main0/home/nclack/tmp/2026-09-24-damacy-cpu-read-buffers/job-3810330/results/smooth4-zstd-c64-b16/random-1x256x256/cold/repeat-1/chunks256-random/attempts.json,/0,cpu-buffer-control,"{""attempt"":1,""status"":""complete""}",complete,False,
/mnt/main0/home/nclack/tmp/2026-09-24-damacy-cpu-read-buffers/job-3810330/results/smooth4-zstd-c64-b16/random-1x256x256/cold/repeat-1/chunks32-default/attempts.json,/0,cpu-buffer-control,"{""attempt"":1,""status"":""complete""}",complete,False,
/mnt/main0/home/nclack/tmp/2026-09-24-damacy-cpu-read-buffers/job-3810330/results/smooth4-zstd-c64-b16/random-1x256x256/cold/repeat-1/chunks32-random/attempts.json,/0,cpu-buffer-control,"{""attempt"":1,""status"":""complete""}",complete,False,
/mnt/main0/home/nclack/tmp/2026-09-24-damacy-cpu-read-buffers/job-3810330/results/smooth4-zstd-c64-b16/random-1x256x256/cold/repeat-1/tensorstore/attempts.json,/0,cpu-buffer-control,"{""attempt"":1,""status"":""complete""}",complete,False,
/mnt/main0/home/nclack/tmp/2026-09-24-damacy-cpu-read-buffers/job-3810330/results/smooth4-zstd-c64-b16/random-1x256x256/cold/repeat-2/chunks128-default/attempts.json,/0,cpu-buffer-control,"{""attempt"":1,""status"":""complete""}",complete,False,
/mnt/main0/home/nclack/tmp/2026-09-24-damacy-cpu-read-buffers/job-3810330/results/smooth4-zstd-c64-b16/random-1x256x256/cold/repeat-2/chunks128-random/attempts.json,/0,cpu-buffer-control,"{""attempt"":1,""status"":""complete""}",complete,False,
/mnt/main0/home/nclack/tmp/2026-09-24-damacy-cpu-read-buffers/job-3810330/results/smooth4-zstd-c64-b16/random-1x256x256/cold/repeat-2/chunks256-default/attempts.json,/0,cpu-buffer-control,"{""attempt"":1,""status"":""complete""}",complete,False,
/mnt/main0/home/nclack/tmp/2026-09-24-damacy-cpu-read-buffers/job-3810330/results/smooth4-zstd-c64-b16/random-1x256x256/cold/repeat-2/chunks256-random/attempts.json,/0,cpu-buffer-control,"{""attempt"":1,""status"":""complete""}",complete,False,
/mnt/main0/home/nclack/tmp/2026-09-24-damacy-cpu-read-buffers/job-3810330/results/smooth4-zstd-c64-b16/random-1x256x256/cold/repeat-2/chunks32-default/attempts.json,/0,cpu-buffer-control,"{""attempt"":1,""status"":""complete""}",complete,False,
/mnt/main0/home/nclack/tmp/2026-09-24-damacy-cpu-read-buffers/job-3810330/results/smooth4-zstd-c64-b16/random-1x256x256/cold/repeat-2/chunks32-random/attempts.json,/0,cpu-buffer-control,"{""attempt"":1,""status"":""complete""}",complete,False,
/mnt/main0/home/nclack/tmp/2026-09-24-damacy-cpu-read-buffers/job-3810330/results/smooth4-zstd-c64-b16/random-1x256x256/cold/repeat-2/tensorstore/attempts.json,/0,cpu-buffer-control,"{""attempt"":1,""status"":""complete""}",complete,False,
/mnt/main0/home/nclack/tmp/2026-09-24-damacy-cpu-read-buffers/job-3810330/results/smooth4-zstd-c64-b16/random-1x256x256/cold/repeat-3/chunks128-default/attempts.json,/0,cpu-buffer-control,"{""attempt"":1,""status"":""complete""}",complete,False,
/mnt/main0/home/nclack/tmp/2026-09-24-damacy-cpu-read-buffers/job-3810330/results/smooth4-zstd-c64-b16/random-1x256x256/cold/repeat-3/chunks128-random/attempts.json,/0,cpu-buffer-control,"{""attempt"":1,""status"":""complete""}",complete,False,
/mnt/main0/home/nclack/tmp/2026-09-24-damacy-cpu-read-buffers/job-3810330/results/smooth4-zstd-c64-b16/random-1x256x256/cold/repeat-3/chunks256-default/attempts.json,/0,cpu-buffer-control,"{""attempt"":1,""status"":""complete""}",complete,False,
/mnt/main0/home/nclack/tmp/2026-09-24-damacy-cpu-read-buffers/job-3810330/results/smooth4-zstd-c64-b16/random-1x256x256/cold/repeat-3/chunks256-random/attempts.json,/0,cpu-buffer-control,"{""attempt"":1,""status"":""complete""}",complete,False,
/mnt/main0/home/nclack/tmp/2026-09-24-damacy-cpu-read-buffers/job-3810330/results/smooth4-zstd-c64-b16/random-1x256x256/cold/repeat-3/chunks32-default/attempts.json,/0,cpu-buffer-control,"{""attempt"":1,""status"":""complete""}",complete,False,
/mnt/main0/home/nclack/tmp/2026-09-24-damacy-cpu-read-buffers/job-3810330/results/smooth4-zstd-c64-b16/random-1x256x256/cold/repeat-3/chunks32-random/attempts.json,/0,cpu-buffer-control,"{""attempt"":1,""status"":""complete""}",complete,False,
/mnt/main0/home/nclack/tmp/2026-09-24-damacy-cpu-read-buffers/job-3810330/results/smooth4-zstd-c64-b16/random-1x256x256/cold/repeat-3/tensorstore/attempts.json,/0,cpu-buffer-control,"{""attempt"":1,""status"":""complete""}",complete,False,
/mnt/main0/home/nclack/tmp/2026-09-24-damacy-cpu-read-buffers/job-3810330/preflight/smooth4-lz4-c64-b16/full-scan/cold/repeat-1/chunks128-default/attempts.json,/0,cpu-buffer-control,"{""attempt"":1,""status"":""complete""}",complete,False,
/mnt/main0/home/nclack/tmp/2026-09-24-damacy-cpu-read-buffers/job-3810330/preflight/smooth4-lz4-c64-b16/full-scan/cold/repeat-1/chunks128-random/attempts.json,/0,cpu-buffer-control,"{""attempt"":1,""status"":""complete""}",complete,False,
/mnt/main0/home/nclack/tmp/2026-09-24-damacy-cpu-read-buffers/job-3810330/preflight/smooth4-lz4-c64-b16/full-scan/cold/repeat-1/chunks256-default/attempts.json,/0,cpu-buffer-control,"{""attempt"":1,""status"":""complete""}",complete,False,
/mnt/main0/home/nclack/tmp/2026-09-24-damacy-cpu-read-buffers/job-3810330/preflight/smooth4-lz4-c64-b16/full-scan/cold/repeat-1/chunks256-random/attempts.json,/0,cpu-buffer-control,"{""attempt"":1,""status"":""complete""}",complete,False,
/mnt/main0/home/nclack/tmp/2026-09-24-damacy-cpu-read-buffers/job-3810330/preflight/smooth4-lz4-c64-b16/full-scan/cold/repeat-1/chunks32-default/attempts.json,/0,cpu-buffer-control,"{""attempt"":1,""status"":""complete""}",complete,False,
/mnt/main0/home/nclack/tmp/2026-09-24-damacy-cpu-read-buffers/job-3810330/preflight/smooth4-lz4-c64-b16/full-scan/cold/repeat-1/chunks32-random/attempts.json,/0,cpu-buffer-control,"{""attempt"":1,""status"":""complete""}",complete,False,
/mnt/main0/home/nclack/tmp/2026-09-24-damacy-cpu-read-buffers/job-3810330/preflight/smooth4-lz4-c64-b16/full-scan/cold/repeat-1/tensorstore/attempts.json,/0,cpu-buffer-control,"{""attempt"":1,""status"":""complete""}",complete,False,
/mnt/main0/home/nclack/tmp/2026-09-24-damacy-cpu-read-buffers/job-3810330/preflight/smooth4-lz4-c64-b16/random-1x256x256/cold/repeat-1/chunks128-default/attempts.json,/0,cpu-buffer-control,"{""attempt"":1,""status"":""complete""}",complete,False,
/mnt/main0/home/nclack/tmp/2026-09-24-damacy-cpu-read-buffers/job-3810330/preflight/smooth4-lz4-c64-b16/random-1x256x256/cold/repeat-1/chunks128-random/attempts.json,/0,cpu-buffer-control,"{""attempt"":1,""status"":""complete""}",complete,False,
/mnt/main0/home/nclack/tmp/2026-09-24-damacy-cpu-read-buffers/job-3810330/preflight/smooth4-lz4-c64-b16/random-1x256x256/cold/repeat-1/chunks256-default/attempts.json,/0,cpu-buffer-control,"{""attempt"":1,""status"":""complete""}",complete,False,
/mnt/main0/home/nclack/tmp/2026-09-24-damacy-cpu-read-buffers/job-3810330/preflight/smooth4-lz4-c64-b16/random-1x256x256/cold/repeat-1/chunks256-random/attempts.json,/0,cpu-buffer-control,"{""attempt"":1,""status"":""complete""}",complete,False,
/mnt/main0/home/nclack/tmp/2026-09-24-damacy-cpu-read-buffers/job-3810330/preflight/smooth4-lz4-c64-b16/random-1x256x256/cold/repeat-1/chunks32-default/attempts.json,/0,cpu-buffer-control,"{""attempt"":1,""status"":""complete""}",complete,False,
/mnt/main0/home/nclack/tmp/2026-09-24-damacy-cpu-read-buffers/job-3810330/preflight/smooth4-lz4-c64-b16/random-1x256x256/cold/repeat-1/chunks32-random/attempts.json,/0,cpu-buffer-control,"{""attempt"":1,""status"":""complete""}",complete,False,
/mnt/main0/home/nclack/tmp/2026-09-24-damacy-cpu-read-buffers/job-3810330/preflight/smooth4-lz4-c64-b16/random-1x256x256/cold/repeat-1/tensorstore/attempts.json,/0,cpu-buffer-control,"{""attempt"":1,""status"":""complete""}",complete,False,
/mnt/main0/home/nclack/tmp/2026-09-24-damacy-cpu-read-buffers/job-3810330/preflight/smooth4-zstd-c64-b16/full-scan/cold/repeat-1/chunks128-default/attempts.json,/0,cpu-buffer-control,"{""attempt"":1,""status"":""complete""}",complete,False,
/mnt/main0/home/nclack/tmp/2026-09-24-damacy-cpu-read-buffers/job-3810330/preflight/smooth4-zstd-c64-b16/full-scan/cold/repeat-1/chunks128-random/attempts.json,/0,cpu-buffer-control,"{""attempt"":1,""status"":""complete""}",complete,False,
/mnt/main0/home/nclack/tmp/2026-09-24-damacy-cpu-read-buffers/job-3810330/preflight/smooth4-zstd-c64-b16/full-scan/cold/repeat-1/chunks256-default/attempts.json,/0,cpu-buffer-control,"{""attempt"":1,""status"":""complete""}",complete,False,
/mnt/main0/home/nclack/tmp/2026-09-24-damacy-cpu-read-buffers/job-3810330/preflight/smooth4-zstd-c64-b16/full-scan/cold/repeat-1/chunks256-random/attempts.json,/0,cpu-buffer-control,"{""attempt"":1,""status"":""complete""}",complete,False,
/mnt/main0/home/nclack/tmp/2026-09-24-damacy-cpu-read-buffers/job-3810330/preflight/smooth4-zstd-c64-b16/full-scan/cold/repeat-1/chunks32-default/attempts.json,/0,cpu-buffer-control,"{""attempt"":1,""status"":""complete""}",complete,False,
/mnt/main0/home/nclack/tmp/2026-09-24-damacy-cpu-read-buffers/job-3810330/preflight/smooth4-zstd-c64-b16/full-scan/cold/repeat-1/chunks32-random/attempts.json,/0,cpu-buffer-control,"{""attempt"":1,""status"":""complete""}",complete,False,
/mnt/main0/home/nclack/tmp/2026-09-24-damacy-cpu-read-buffers/job-3810330/preflight/smooth4-zstd-c64-b16/full-scan/cold/repeat-1/tensorstore/attempts.json,/0,cpu-buffer-control,"{""attempt"":1,""status"":""complete""}",complete,False,
/mnt/main0/home/nclack/tmp/2026-09-24-damacy-cpu-read-buffers/job-3810330/preflight/smooth4-zstd-c64-b16/random-1x256x256/cold/repeat-1/chunks128-default/attempts.json,/0,cpu-buffer-control,"{""attempt"":1,""status"":""complete""}",complete,False,
/mnt/main0/home/nclack/tmp/2026-09-24-damacy-cpu-read-buffers/job-3810330/preflight/smooth4-zstd-c64-b16/random-1x256x256/cold/repeat-1/chunks128-random/attempts.json,/0,cpu-buffer-control,"{""attempt"":1,""status"":""complete""}",complete,False,
/mnt/main0/home/nclack/tmp/2026-09-24-damacy-cpu-read-buffers/job-3810330/preflight/smooth4-zstd-c64-b16/random-1x256x256/cold/repeat-1/chunks256-default/attempts.json,/0,cpu-buffer-control,"{""attempt"":1,""status"":""complete""}",complete,False,
/mnt/main0/home/nclack/tmp/2026-09-24-damacy-cpu-read-buffers/job-3810330/preflight/smooth4-zstd-c64-b16/random-1x256x256/cold/repeat-1/chunks256-random/attempts.json,/0,cpu-buffer-control,"{""attempt"":1,""status"":""complete""}",complete,False,
/mnt/main0/home/nclack/tmp/2026-09-24-damacy-cpu-read-buffers/job-3810330/preflight/smooth4-zstd-c64-b16/random-1x256x256/cold/repeat-1/chunks32-default/attempts.json,/0,cpu-buffer-control,"{""attempt"":1,""status"":""complete""}",complete,False,
/mnt/main0/home/nclack/tmp/2026-09-24-damacy-cpu-read-buffers/job-3810330/preflight/smooth4-zstd-c64-b16/random-1x256x256/cold/repeat-1/chunks32-random/attempts.json,/0,cpu-buffer-control,"{""attempt"":1,""status"":""complete""}",complete,False,
/mnt/main0/home/nclack/tmp/2026-09-24-damacy-cpu-read-buffers/job-3810330/preflight/smooth4-zstd-c64-b16/random-1x256x256/cold/repeat-1/tensorstore/attempts.json,/0,cpu-buffer-control,"{""attempt"":1,""status"":""complete""}",complete,False,
/mnt/main0/home/nclack/tmp/2026-09-24-damacy-cold-chunks/job-3811387/results/smooth4-lz4-c128-b16/concurrency/full-scan/repeat-1/chunks256-default/attempts.json,/0,cpu-small-chunks,"{""attempt"":1,""status"":""complete""}",complete,False,
/mnt/main0/home/nclack/tmp/2026-09-24-damacy-cold-chunks/job-3811387/results/smooth4-lz4-c128-b16/concurrency/full-scan/repeat-1/chunks256-random/attempts.json,/0,cpu-small-chunks,"{""attempt"":1,""status"":""complete""}",complete,False,
/mnt/main0/home/nclack/tmp/2026-09-24-damacy-cold-chunks/job-3811387/results/smooth4-lz4-c128-b16/concurrency/full-scan/repeat-1/tensorstore/attempts.json,/0,cpu-small-chunks,"{""attempt"":1,""status"":""complete""}",complete,False,
/mnt/main0/home/nclack/tmp/2026-09-24-damacy-cold-chunks/job-3811387/results/smooth4-lz4-c128-b16/concurrency/random-1x256x256/repeat-1/chunks256-default/attempts.json,/0,cpu-small-chunks,"{""attempt"":1,""status"":""complete""}",complete,False,
/mnt/main0/home/nclack/tmp/2026-09-24-damacy-cold-chunks/job-3811387/results/smooth4-lz4-c128-b16/concurrency/random-1x256x256/repeat-1/chunks256-random/attempts.json,/0,cpu-small-chunks,"{""attempt"":1,""status"":""complete""}",complete,False,
/mnt/main0/home/nclack/tmp/2026-09-24-damacy-cold-chunks/job-3811387/results/smooth4-lz4-c128-b16/concurrency/random-1x256x256/repeat-1/tensorstore/attempts.json,/0,cpu-small-chunks,"{""attempt"":1,""status"":""complete""}",complete,False,
/mnt/main0/home/nclack/tmp/2026-09-24-damacy-cold-chunks/job-3811387/results/smooth4-lz4-c128-b16/full-scan/cold/repeat-1/chunks256-default/attempts.json,/0,cpu-small-chunks,"{""attempt"":1,""status"":""complete""}",complete,False,
/mnt/main0/home/nclack/tmp/2026-09-24-damacy-cold-chunks/job-3811387/results/smooth4-lz4-c128-b16/full-scan/cold/repeat-1/chunks256-random/attempts.json,/0,cpu-small-chunks,"{""attempt"":1,""status"":""complete""}",complete,False,
/mnt/main0/home/nclack/tmp/2026-09-24-damacy-cold-chunks/job-3811387/results/smooth4-lz4-c128-b16/full-scan/cold/repeat-1/tensorstore/attempts.json,/0,cpu-small-chunks,"{""attempt"":1,""status"":""complete""}",complete,False,
/mnt/main0/home/nclack/tmp/2026-09-24-damacy-cold-chunks/job-3811387/results/smooth4-lz4-c128-b16/full-scan/cold/repeat-2/chunks256-default/attempts.json,/0,cpu-small-chunks,"{""attempt"":1,""status"":""complete""}",complete,False,
/mnt/main0/home/nclack/tmp/2026-09-24-damacy-cold-chunks/job-3811387/results/smooth4-lz4-c128-b16/full-scan/cold/repeat-2/chunks256-random/attempts.json,/0,cpu-small-chunks,"{""attempt"":1,""status"":""complete""}",complete,False,
/mnt/main0/home/nclack/tmp/2026-09-24-damacy-cold-chunks/job-3811387/results/smooth4-lz4-c128-b16/full-scan/cold/repeat-2/tensorstore/attempts.json,/0,cpu-small-chunks,"{""attempt"":1,""status"":""complete""}",complete,False,
/mnt/main0/home/nclack/tmp/2026-09-24-damacy-cold-chunks/job-3811387/results/smooth4-lz4-c128-b16/full-scan/cold/repeat-3/chunks256-default/attempts.json,/0,cpu-small-chunks,"{""attempt"":1,""status"":""complete""}",complete,False,
/mnt/main0/home/nclack/tmp/2026-09-24-damacy-cold-chunks/job-3811387/results/smooth4-lz4-c128-b16/full-scan/cold/repeat-3/chunks256-random/attempts.json,/0,cpu-small-chunks,"{""attempt"":1,""status"":""complete""}",complete,False,
/mnt/main0/home/nclack/tmp/2026-09-24-damacy-cold-chunks/job-3811387/results/smooth4-lz4-c128-b16/full-scan/cold/repeat-3/tensorstore/attempts.json,/0,cpu-small-chunks,"{""attempt"":1,""status"":""complete""}",complete,False,
/mnt/main0/home/nclack/tmp/2026-09-24-damacy-cold-chunks/job-3811387/results/smooth4-lz4-c128-b16/random-1x256x256/cold/repeat-1/chunks256-default/attempts.json,/0,cpu-small-chunks,"{""attempt"":1,""status"":""complete""}",complete,False,
/mnt/main0/home/nclack/tmp/2026-09-24-damacy-cold-chunks/job-3811387/results/smooth4-lz4-c128-b16/random-1x256x256/cold/repeat-1/chunks256-random/attempts.json,/0,cpu-small-chunks,"{""attempt"":1,""status"":""complete""}",complete,False,
/mnt/main0/home/nclack/tmp/2026-09-24-damacy-cold-chunks/job-3811387/results/smooth4-lz4-c128-b16/random-1x256x256/cold/repeat-1/tensorstore/attempts.json,/0,cpu-small-chunks,"{""attempt"":1,""status"":""complete""}",complete,False,
/mnt/main0/home/nclack/tmp/2026-09-24-damacy-cold-chunks/job-3811387/results/smooth4-lz4-c128-b16/random-1x256x256/cold/repeat-2/chunks256-default/attempts.json,/0,cpu-small-chunks,"{""attempt"":1,""status"":""complete""}",complete,False,
/mnt/main0/home/nclack/tmp/2026-09-24-damacy-cold-chunks/job-3811387/results/smooth4-lz4-c128-b16/random-1x256x256/cold/repeat-2/chunks256-random/attempts.json,/0,cpu-small-chunks,"{""attempt"":1,""status"":""complete""}",complete,False,
/mnt/main0/home/nclack/tmp/2026-09-24-damacy-cold-chunks/job-3811387/results/smooth4-lz4-c128-b16/random-1x256x256/cold/repeat-2/tensorstore/attempts.json,/0,cpu-small-chunks,"{""attempt"":1,""status"":""complete""}",complete,False,
/mnt/main0/home/nclack/tmp/2026-09-24-damacy-cold-chunks/job-3811387/results/smooth4-lz4-c128-b16/random-1x256x256/cold/repeat-3/chunks256-default/attempts.json,/0,cpu-small-chunks,"{""attempt"":1,""status"":""complete""}",complete,False,
/mnt/main0/home/nclack/tmp/2026-09-24-damacy-cold-chunks/job-3811387/results/smooth4-lz4-c128-b16/random-1x256x256/cold/repeat-3/chunks256-random/attempts.json,/0,cpu-small-chunks,"{""attempt"":1,""status"":""complete""}",complete,False,
/mnt/main0/home/nclack/tmp/2026-09-24-damacy-cold-chunks/job-3811387/results/smooth4-lz4-c128-b16/random-1x256x256/cold/repeat-3/tensorstore/attempts.json,/0,cpu-small-chunks,"{""attempt"":1,""status"":""complete""}",complete,False,
/mnt/main0/home/nclack/tmp/2026-09-24-damacy-cold-chunks/job-3811387/results/smooth4-lz4-c16-b16/concurrency/full-scan/repeat-1/chunks256-default/attempts.json,/0,cpu-small-chunks,"{""attempt"":1,""status"":""complete""}",complete,False,
/mnt/main0/home/nclack/tmp/2026-09-24-damacy-cold-chunks/job-3811387/results/smooth4-lz4-c16-b16/concurrency/full-scan/repeat-1/chunks256-random/attempts.json,/0,cpu-small-chunks,"{""attempt"":1,""status"":""complete""}",complete,False,
/mnt/main0/home/nclack/tmp/2026-09-24-damacy-cold-chunks/job-3811387/results/smooth4-lz4-c16-b16/concurrency/full-scan/repeat-1/tensorstore/attempts.json,/0,cpu-small-chunks,"{""attempt"":1,""status"":""complete""}",complete,False,
/mnt/main0/home/nclack/tmp/2026-09-24-damacy-cold-chunks/job-3811387/results/smooth4-lz4-c16-b16/concurrency/random-1x256x256/repeat-1/chunks256-default/attempts.json,/0,cpu-small-chunks,"{""attempt"":1,""status"":""complete""}",complete,False,
/mnt/main0/home/nclack/tmp/2026-09-24-damacy-cold-chunks/job-3811387/results/smooth4-lz4-c16-b16/concurrency/random-1x256x256/repeat-1/chunks256-random/attempts.json,/0,cpu-small-chunks,"{""attempt"":1,""status"":""complete""}",complete,False,
/mnt/main0/home/nclack/tmp/2026-09-24-damacy-cold-chunks/job-3811387/results/smooth4-lz4-c16-b16/concurrency/random-1x256x256/repeat-1/tensorstore/attempts.json,/0,cpu-small-chunks,"{""attempt"":1,""status"":""complete""}",complete,False,
/mnt/main0/home/nclack/tmp/2026-09-24-damacy-cold-chunks/job-3811387/results/smooth4-lz4-c16-b16/full-scan/cold/repeat-1/chunks256-default/attempts.json,/0,cpu-small-chunks,"{""attempt"":1,""status"":""complete""}",complete,False,
/mnt/main0/home/nclack/tmp/2026-09-24-damacy-cold-chunks/job-3811387/results/smooth4-lz4-c16-b16/full-scan/cold/repeat-1/chunks256-random/attempts.json,/0,cpu-small-chunks,"{""attempt"":1,""status"":""complete""}",complete,False,
/mnt/main0/home/nclack/tmp/2026-09-24-damacy-cold-chunks/job-3811387/results/smooth4-lz4-c16-b16/full-scan/cold/repeat-1/tensorstore/attempts.json,/0,cpu-small-chunks,"{""attempt"":1,""status"":""complete""}",complete,False,
/mnt/main0/home/nclack/tmp/2026-09-24-damacy-cold-chunks/job-3811387/results/smooth4-lz4-c16-b16/full-scan/cold/repeat-2/chunks256-default/attempts.json,/0,cpu-small-chunks,"{""attempt"":1,""status"":""complete""}",complete,False,
/mnt/main0/home/nclack/tmp/2026-09-24-damacy-cold-chunks/job-3811387/results/smooth4-lz4-c16-b16/full-scan/cold/repeat-2/chunks256-random/attempts.json,/0,cpu-small-chunks,"{""attempt"":1,""status"":""complete""}",complete,False,
/mnt/main0/home/nclack/tmp/2026-09-24-damacy-cold-chunks/job-3811387/results/smooth4-lz4-c16-b16/full-scan/cold/repeat-2/tensorstore/attempts.json,/0,cpu-small-chunks,"{""attempt"":1,""status"":""complete""}",complete,False,
/mnt/main0/home/nclack/tmp/2026-09-24-damacy-cold-chunks/job-3811387/results/smooth4-lz4-c16-b16/full-scan/cold/repeat-3/chunks256-default/attempts.json,/0,cpu-small-chunks,"{""attempt"":1,""status"":""complete""}",complete,False,
/mnt/main0/home/nclack/tmp/2026-09-24-damacy-cold-chunks/job-3811387/results/smooth4-lz4-c16-b16/full-scan/cold/repeat-3/chunks256-random/attempts.json,/0,cpu-small-chunks,"{""attempt"":1,""status"":""complete""}",complete,False,
/mnt/main0/home/nclack/tmp/2026-09-24-damacy-cold-chunks/job-3811387/results/smooth4-lz4-c16-b16/full-scan/cold/repeat-3/tensorstore/attempts.json,/0,cpu-small-chunks,"{""attempt"":1,""status"":""complete""}",complete,False,
/mnt/main0/home/nclack/tmp/2026-09-24-damacy-cold-chunks/job-3811387/results/smooth4-lz4-c16-b16/random-1x256x256/cold/repeat-1/chunks256-default/attempts.json,/0,cpu-small-chunks,"{""attempt"":1,""status"":""complete""}",complete,False,
/mnt/main0/home/nclack/tmp/2026-09-24-damacy-cold-chunks/job-3811387/results/smooth4-lz4-c16-b16/random-1x256x256/cold/repeat-1/chunks256-random/attempts.json,/0,cpu-small-chunks,"{""attempt"":1,""status"":""complete""}",complete,False,
/mnt/main0/home/nclack/tmp/2026-09-24-damacy-cold-chunks/job-3811387/results/smooth4-lz4-c16-b16/random-1x256x256/cold/repeat-1/tensorstore/attempts.json,/0,cpu-small-chunks,"{""attempt"":1,""status"":""complete""}",complete,False,
/mnt/main0/home/nclack/tmp/2026-09-24-damacy-cold-chunks/job-3811387/results/smooth4-lz4-c16-b16/random-1x256x256/cold/repeat-2/chunks256-default/attempts.json,/0,cpu-small-chunks,"{""attempt"":1,""status"":""complete""}",complete,False,
/mnt/main0/home/nclack/tmp/2026-09-24-damacy-cold-chunks/job-3811387/results/smooth4-lz4-c16-b16/random-1x256x256/cold/repeat-2/chunks256-random/attempts.json,/0,cpu-small-chunks,"{""attempt"":1,""status"":""complete""}",complete,False,
/mnt/main0/home/nclack/tmp/2026-09-24-damacy-cold-chunks/job-3811387/results/smooth4-lz4-c16-b16/random-1x256x256/cold/repeat-2/tensorstore/attempts.json,/0,cpu-small-chunks,"{""attempt"":1,""status"":""complete""}",complete,False,
/mnt/main0/home/nclack/tmp/2026-09-24-damacy-cold-chunks/job-3811387/results/smooth4-lz4-c16-b16/random-1x256x256/cold/repeat-3/chunks256-default/attempts.json,/0,cpu-small-chunks,"{""attempt"":1,""status"":""complete""}",complete,False,
/mnt/main0/home/nclack/tmp/2026-09-24-damacy-cold-chunks/job-3811387/results/smooth4-lz4-c16-b16/random-1x256x256/cold/repeat-3/chunks256-random/attempts.json,/0,cpu-small-chunks,"{""attempt"":1,""status"":""complete""}",complete,False,
/mnt/main0/home/nclack/tmp/2026-09-24-damacy-cold-chunks/job-3811387/results/smooth4-lz4-c16-b16/random-1x256x256/cold/repeat-3/tensorstore/attempts.json,/0,cpu-small-chunks,"{""attempt"":1,""status"":""complete""}",complete,False,
/mnt/main0/home/nclack/tmp/2026-09-24-damacy-cold-chunks/job-3811387/results/smooth4-lz4-c32-b16/concurrency/full-scan/repeat-1/chunks256-default/attempts.json,/0,cpu-small-chunks,"{""attempt"":1,""status"":""complete""}",complete,False,
/mnt/main0/home/nclack/tmp/2026-09-24-damacy-cold-chunks/job-3811387/results/smooth4-lz4-c32-b16/concurrency/full-scan/repeat-1/chunks256-random/attempts.json,/0,cpu-small-chunks,"{""attempt"":1,""status"":""complete""}",complete,False,
/mnt/main0/home/nclack/tmp/2026-09-24-damacy-cold-chunks/job-3811387/results/smooth4-lz4-c32-b16/concurrency/full-scan/repeat-1/tensorstore/attempts.json,/0,cpu-small-chunks,"{""attempt"":1,""status"":""complete""}",complete,False,
/mnt/main0/home/nclack/tmp/2026-09-24-damacy-cold-chunks/job-3811387/results/smooth4-lz4-c32-b16/concurrency/random-1x256x256/repeat-1/chunks256-default/attempts.json,/0,cpu-small-chunks,"{""attempt"":1,""status"":""complete""}",complete,False,
/mnt/main0/home/nclack/tmp/2026-09-24-damacy-cold-chunks/job-3811387/results/smooth4-lz4-c32-b16/concurrency/random-1x256x256/repeat-1/chunks256-random/attempts.json,/0,cpu-small-chunks,"{""attempt"":1,""status"":""complete""}",complete,False,
/mnt/main0/home/nclack/tmp/2026-09-24-damacy-cold-chunks/job-3811387/results/smooth4-lz4-c32-b16/concurrency/random-1x256x256/repeat-1/tensorstore/attempts.json,/0,cpu-small-chunks,"{""attempt"":1,""status"":""complete""}",complete,False,
/mnt/main0/home/nclack/tmp/2026-09-24-damacy-cold-chunks/job-3811387/results/smooth4-lz4-c32-b16/full-scan/cold/repeat-1/chunks256-default/attempts.json,/0,cpu-small-chunks,"{""attempt"":1,""status"":""complete""}",complete,False,
/mnt/main0/home/nclack/tmp/2026-09-24-damacy-cold-chunks/job-3811387/results/smooth4-lz4-c32-b16/full-scan/cold/repeat-1/chunks256-random/attempts.json,/0,cpu-small-chunks,"{""attempt"":1,""status"":""complete""}",complete,False,
/mnt/main0/home/nclack/tmp/2026-09-24-damacy-cold-chunks/job-3811387/results/smooth4-lz4-c32-b16/full-scan/cold/repeat-1/tensorstore/attempts.json,/0,cpu-small-chunks,"{""attempt"":1,""status"":""complete""}",complete,False,
/mnt/main0/home/nclack/tmp/2026-09-24-damacy-cold-chunks/job-3811387/results/smooth4-lz4-c32-b16/full-scan/cold/repeat-2/chunks256-default/attempts.json,/0,cpu-small-chunks,"{""attempt"":1,""status"":""complete""}",complete,False,
/mnt/main0/home/nclack/tmp/2026-09-24-damacy-cold-chunks/job-3811387/results/smooth4-lz4-c32-b16/full-scan/cold/repeat-2/chunks256-random/attempts.json,/0,cpu-small-chunks,"{""attempt"":1,""status"":""complete""}",complete,False,
/mnt/main0/home/nclack/tmp/2026-09-24-damacy-cold-chunks/job-3811387/results/smooth4-lz4-c32-b16/full-scan/cold/repeat-2/tensorstore/attempts.json,/0,cpu-small-chunks,"{""attempt"":1,""status"":""complete""}",complete,False,
/mnt/main0/home/nclack/tmp/2026-09-24-damacy-cold-chunks/job-3811387/results/smooth4-lz4-c32-b16/full-scan/cold/repeat-3/chunks256-default/attempts.json,/0,cpu-small-chunks,"{""attempt"":1,""status"":""complete""}",complete,False,
/mnt/main0/home/nclack/tmp/2026-09-24-damacy-cold-chunks/job-3811387/results/smooth4-lz4-c32-b16/full-scan/cold/repeat-3/chunks256-random/attempts.json,/0,cpu-small-chunks,"{""attempt"":1,""status"":""complete""}",complete,False,
/mnt/main0/home/nclack/tmp/2026-09-24-damacy-cold-chunks/job-3811387/results/smooth4-lz4-c32-b16/full-scan/cold/repeat-3/tensorstore/attempts.json,/0,cpu-small-chunks,"{""attempt"":1,""status"":""complete""}",complete,False,
/mnt/main0/home/nclack/tmp/2026-09-24-damacy-cold-chunks/job-3811387/results/smooth4-lz4-c32-b16/random-1x256x256/cold/repeat-1/chunks256-default/attempts.json,/0,cpu-small-chunks,"{""attempt"":1,""status"":""complete""}",complete,False,
/mnt/main0/home/nclack/tmp/2026-09-24-damacy-cold-chunks/job-3811387/results/smooth4-lz4-c32-b16/random-1x256x256/cold/repeat-1/chunks256-random/attempts.json,/0,cpu-small-chunks,"{""attempt"":1,""status"":""complete""}",complete,False,
/mnt/main0/home/nclack/tmp/2026-09-24-damacy-cold-chunks/job-3811387/results/smooth4-lz4-c32-b16/random-1x256x256/cold/repeat-1/tensorstore/attempts.json,/0,cpu-small-chunks,"{""attempt"":1,""status"":""complete""}",complete,False,
/mnt/main0/home/nclack/tmp/2026-09-24-damacy-cold-chunks/job-3811387/results/smooth4-lz4-c32-b16/random-1x256x256/cold/repeat-2/chunks256-default/attempts.json,/0,cpu-small-chunks,"{""attempt"":1,""status"":""complete""}",complete,False,
/mnt/main0/home/nclack/tmp/2026-09-24-damacy-cold-chunks/job-3811387/results/smooth4-lz4-c32-b16/random-1x256x256/cold/repeat-2/chunks256-random/attempts.json,/0,cpu-small-chunks,"{""attempt"":1,""status"":""complete""}",complete,False,
/mnt/main0/home/nclack/tmp/2026-09-24-damacy-cold-chunks/job-3811387/results/smooth4-lz4-c32-b16/random-1x256x256/cold/repeat-2/tensorstore/attempts.json,/0,cpu-small-chunks,"{""attempt"":1,""status"":""complete""}",complete,False,
/mnt/main0/home/nclack/tmp/2026-09-24-damacy-cold-chunks/job-3811387/results/smooth4-lz4-c32-b16/random-1x256x256/cold/repeat-3/chunks256-default/attempts.json,/0,cpu-small-chunks,"{""attempt"":1,""status"":""complete""}",complete,False,
/mnt/main0/home/nclack/tmp/2026-09-24-damacy-cold-chunks/job-3811387/results/smooth4-lz4-c32-b16/random-1x256x256/cold/repeat-3/chunks256-random/attempts.json,/0,cpu-small-chunks,"{""attempt"":1,""status"":""complete""}",complete,False,
/mnt/main0/home/nclack/tmp/2026-09-24-damacy-cold-chunks/job-3811387/results/smooth4-lz4-c32-b16/random-1x256x256/cold/repeat-3/tensorstore/attempts.json,/0,cpu-small-chunks,"{""attempt"":1,""status"":""complete""}",complete,False,
/mnt/main0/home/nclack/tmp/2026-09-24-damacy-cold-chunks/job-3811387/results/smooth4-lz4-c64-b16/concurrency/full-scan/repeat-1/chunks256-default/attempts.json,/0,cpu-small-chunks,"{""attempt"":1,""status"":""complete""}",complete,False,
/mnt/main0/home/nclack/tmp/2026-09-24-damacy-cold-chunks/job-3811387/results/smooth4-lz4-c64-b16/concurrency/full-scan/repeat-1/chunks256-random/attempts.json,/0,cpu-small-chunks,"{""attempt"":1,""status"":""complete""}",complete,False,
/mnt/main0/home/nclack/tmp/2026-09-24-damacy-cold-chunks/job-3811387/results/smooth4-lz4-c64-b16/concurrency/full-scan/repeat-1/tensorstore/attempts.json,/0,cpu-small-chunks,"{""attempt"":1,""status"":""complete""}",complete,False,
/mnt/main0/home/nclack/tmp/2026-09-24-damacy-cold-chunks/job-3811387/results/smooth4-lz4-c64-b16/concurrency/random-1x256x256/repeat-1/chunks256-default/attempts.json,/0,cpu-small-chunks,"{""attempt"":1,""status"":""complete""}",complete,False,
/mnt/main0/home/nclack/tmp/2026-09-24-damacy-cold-chunks/job-3811387/results/smooth4-lz4-c64-b16/concurrency/random-1x256x256/repeat-1/chunks256-random/attempts.json,/0,cpu-small-chunks,"{""attempt"":1,""status"":""complete""}",complete,False,
/mnt/main0/home/nclack/tmp/2026-09-24-damacy-cold-chunks/job-3811387/results/smooth4-lz4-c64-b16/concurrency/random-1x256x256/repeat-1/tensorstore/attempts.json,/0,cpu-small-chunks,"{""attempt"":1,""status"":""complete""}",complete,False,
/mnt/main0/home/nclack/tmp/2026-09-24-damacy-cold-chunks/job-3811387/results/smooth4-lz4-c64-b16/full-scan/cold/repeat-1/chunks256-default/attempts.json,/0,cpu-small-chunks,"{""attempt"":1,""status"":""complete""}",complete,False,
/mnt/main0/home/nclack/tmp/2026-09-24-damacy-cold-chunks/job-3811387/results/smooth4-lz4-c64-b16/full-scan/cold/repeat-1/chunks256-random/attempts.json,/0,cpu-small-chunks,"{""attempt"":1,""status"":""complete""}",complete,False,
/mnt/main0/home/nclack/tmp/2026-09-24-damacy-cold-chunks/job-3811387/results/smooth4-lz4-c64-b16/full-scan/cold/repeat-1/tensorstore/attempts.json,/0,cpu-small-chunks,"{""attempt"":1,""status"":""complete""}",complete,False,
/mnt/main0/home/nclack/tmp/2026-09-24-damacy-cold-chunks/job-3811387/results/smooth4-lz4-c64-b16/full-scan/cold/repeat-2/chunks256-default/attempts.json,/0,cpu-small-chunks,"{""attempt"":1,""status"":""complete""}",complete,False,
/mnt/main0/home/nclack/tmp/2026-09-24-damacy-cold-chunks/job-3811387/results/smooth4-lz4-c64-b16/full-scan/cold/repeat-2/chunks256-random/attempts.json,/0,cpu-small-chunks,"{""attempt"":1,""status"":""complete""}",complete,False,
/mnt/main0/home/nclack/tmp/2026-09-24-damacy-cold-chunks/job-3811387/results/smooth4-lz4-c64-b16/full-scan/cold/repeat-2/tensorstore/attempts.json,/0,cpu-small-chunks,"{""attempt"":1,""status"":""complete""}",complete,False,
/mnt/main0/home/nclack/tmp/2026-09-24-damacy-cold-chunks/job-3811387/results/smooth4-lz4-c64-b16/full-scan/cold/repeat-3/chunks256-default/attempts.json,/0,cpu-small-chunks,"{""attempt"":1,""status"":""complete""}",complete,False,
/mnt/main0/home/nclack/tmp/2026-09-24-damacy-cold-chunks/job-3811387/results/smooth4-lz4-c64-b16/full-scan/cold/repeat-3/chunks256-random/attempts.json,/0,cpu-small-chunks,"{""attempt"":1,""status"":""complete""}",complete,False,
/mnt/main0/home/nclack/tmp/2026-09-24-damacy-cold-chunks/job-3811387/results/smooth4-lz4-c64-b16/full-scan/cold/repeat-3/tensorstore/attempts.json,/0,cpu-small-chunks,"{""attempt"":1,""status"":""complete""}",complete,False,
/mnt/main0/home/nclack/tmp/2026-09-24-damacy-cold-chunks/job-3811387/results/smooth4-lz4-c64-b16/random-1x256x256/cold/repeat-1/chunks256-default/attempts.json,/0,cpu-small-chunks,"{""attempt"":1,""status"":""complete""}",complete,False,
/mnt/main0/home/nclack/tmp/2026-09-24-damacy-cold-chunks/job-3811387/results/smooth4-lz4-c64-b16/random-1x256x256/cold/repeat-1/chunks256-random/attempts.json,/0,cpu-small-chunks,"{""attempt"":1,""status"":""complete""}",complete,False,
/mnt/main0/home/nclack/tmp/2026-09-24-damacy-cold-chunks/job-3811387/results/smooth4-lz4-c64-b16/random-1x256x256/cold/repeat-1/tensorstore/attempts.json,/0,cpu-small-chunks,"{""attempt"":1,""status"":""complete""}",complete,False,
/mnt/main0/home/nclack/tmp/2026-09-24-damacy-cold-chunks/job-3811387/results/smooth4-lz4-c64-b16/random-1x256x256/cold/repeat-2/chunks256-default/attempts.json,/0,cpu-small-chunks,"{""attempt"":1,""status"":""complete""}",complete,False,
/mnt/main0/home/nclack/tmp/2026-09-24-damacy-cold-chunks/job-3811387/results/smooth4-lz4-c64-b16/random-1x256x256/cold/repeat-2/chunks256-random/attempts.json,/0,cpu-small-chunks,"{""attempt"":1,""status"":""complete""}",complete,False,
/mnt/main0/home/nclack/tmp/2026-09-24-damacy-cold-chunks/job-3811387/results/smooth4-lz4-c64-b16/random-1x256x256/cold/repeat-2/tensorstore/attempts.json,/0,cpu-small-chunks,"{""attempt"":1,""status"":""complete""}",complete,False,
/mnt/main0/home/nclack/tmp/2026-09-24-damacy-cold-chunks/job-3811387/results/smooth4-lz4-c64-b16/random-1x256x256/cold/repeat-3/chunks256-default/attempts.json,/0,cpu-small-chunks,"{""attempt"":1,""status"":""complete""}",complete,False,
/mnt/main0/home/nclack/tmp/2026-09-24-damacy-cold-chunks/job-3811387/results/smooth4-lz4-c64-b16/random-1x256x256/cold/repeat-3/chunks256-random/attempts.json,/0,cpu-small-chunks,"{""attempt"":1,""status"":""complete""}",complete,False,
/mnt/main0/home/nclack/tmp/2026-09-24-damacy-cold-chunks/job-3811387/results/smooth4-lz4-c64-b16/random-1x256x256/cold/repeat-3/tensorstore/attempts.json,/0,cpu-small-chunks,"{""attempt"":1,""status"":""complete""}",complete,False,
/mnt/main0/home/nclack/tmp/2026-09-24-damacy-cold-chunks/job-3811387/results/smooth4-zstd-c128-b16/concurrency/full-scan/repeat-1/chunks256-default/attempts.json,/0,cpu-small-chunks,"{""attempt"":1,""status"":""complete""}",complete,False,
/mnt/main0/home/nclack/tmp/2026-09-24-damacy-cold-chunks/job-3811387/results/smooth4-zstd-c128-b16/concurrency/full-scan/repeat-1/chunks256-random/attempts.json,/0,cpu-small-chunks,"{""attempt"":1,""status"":""complete""}",complete,False,
/mnt/main0/home/nclack/tmp/2026-09-24-damacy-cold-chunks/job-3811387/results/smooth4-zstd-c128-b16/concurrency/full-scan/repeat-1/tensorstore/attempts.json,/0,cpu-small-chunks,"{""attempt"":1,""status"":""complete""}",complete,False,
/mnt/main0/home/nclack/tmp/2026-09-24-damacy-cold-chunks/job-3811387/results/smooth4-zstd-c128-b16/concurrency/random-1x256x256/repeat-1/chunks256-default/attempts.json,/0,cpu-small-chunks,"{""attempt"":1,""status"":""complete""}",complete,False,
/mnt/main0/home/nclack/tmp/2026-09-24-damacy-cold-chunks/job-3811387/results/smooth4-zstd-c128-b16/concurrency/random-1x256x256/repeat-1/chunks256-random/attempts.json,/0,cpu-small-chunks,"{""attempt"":1,""status"":""complete""}",complete,False,
/mnt/main0/home/nclack/tmp/2026-09-24-damacy-cold-chunks/job-3811387/results/smooth4-zstd-c128-b16/concurrency/random-1x256x256/repeat-1/tensorstore/attempts.json,/0,cpu-small-chunks,"{""attempt"":1,""status"":""complete""}",complete,False,
/mnt/main0/home/nclack/tmp/2026-09-24-damacy-cold-chunks/job-3811387/results/smooth4-zstd-c128-b16/full-scan/cold/repeat-1/chunks256-default/attempts.json,/0,cpu-small-chunks,"{""attempt"":1,""status"":""complete""}",complete,False,
/mnt/main0/home/nclack/tmp/2026-09-24-damacy-cold-chunks/job-3811387/results/smooth4-zstd-c128-b16/full-scan/cold/repeat-1/chunks256-random/attempts.json,/0,cpu-small-chunks,"{""attempt"":1,""status"":""complete""}",complete,False,
/mnt/main0/home/nclack/tmp/2026-09-24-damacy-cold-chunks/job-3811387/results/smooth4-zstd-c128-b16/full-scan/cold/repeat-1/tensorstore/attempts.json,/0,cpu-small-chunks,"{""attempt"":1,""status"":""complete""}",complete,False,
/mnt/main0/home/nclack/tmp/2026-09-24-damacy-cold-chunks/job-3811387/results/smooth4-zstd-c128-b16/full-scan/cold/repeat-2/chunks256-default/attempts.json,/0,cpu-small-chunks,"{""attempt"":1,""status"":""complete""}",complete,False,
/mnt/main0/home/nclack/tmp/2026-09-24-damacy-cold-chunks/job-3811387/results/smooth4-zstd-c128-b16/full-scan/cold/repeat-2/chunks256-random/attempts.json,/0,cpu-small-chunks,"{""attempt"":1,""status"":""complete""}",complete,False,
/mnt/main0/home/nclack/tmp/2026-09-24-damacy-cold-chunks/job-3811387/results/smooth4-zstd-c128-b16/full-scan/cold/repeat-2/tensorstore/attempts.json,/0,cpu-small-chunks,"{""attempt"":1,""status"":""complete""}",complete,False,
/mnt/main0/home/nclack/tmp/2026-09-24-damacy-cold-chunks/job-3811387/results/smooth4-zstd-c128-b16/full-scan/cold/repeat-3/chunks256-default/attempts.json,/0,cpu-small-chunks,"{""attempt"":1,""status"":""complete""}",complete,False,
/mnt/main0/home/nclack/tmp/2026-09-24-damacy-cold-chunks/job-3811387/results/smooth4-zstd-c128-b16/full-scan/cold/repeat-3/chunks256-random/attempts.json,/0,cpu-small-chunks,"{""attempt"":1,""status"":""complete""}",complete,False,
/mnt/main0/home/nclack/tmp/2026-09-24-damacy-cold-chunks/job-3811387/results/smooth4-zstd-c128-b16/full-scan/cold/repeat-3/tensorstore/attempts.json,/0,cpu-small-chunks,"{""attempt"":1,""status"":""complete""}",complete,False,
/mnt/main0/home/nclack/tmp/2026-09-24-damacy-cold-chunks/job-3811387/results/smooth4-zstd-c128-b16/random-1x256x256/cold/repeat-1/chunks256-default/attempts.json,/0,cpu-small-chunks,"{""attempt"":1,""status"":""complete""}",complete,False,
/mnt/main0/home/nclack/tmp/2026-09-24-damacy-cold-chunks/job-3811387/results/smooth4-zstd-c128-b16/random-1x256x256/cold/repeat-1/chunks256-random/attempts.json,/0,cpu-small-chunks,"{""attempt"":1,""status"":""complete""}",complete,False,
/mnt/main0/home/nclack/tmp/2026-09-24-damacy-cold-chunks/job-3811387/results/smooth4-zstd-c128-b16/random-1x256x256/cold/repeat-1/tensorstore/attempts.json,/0,cpu-small-chunks,"{""attempt"":1,""status"":""complete""}",complete,False,
/mnt/main0/home/nclack/tmp/2026-09-24-damacy-cold-chunks/job-3811387/results/smooth4-zstd-c128-b16/random-1x256x256/cold/repeat-2/chunks256-default/attempts.json,/0,cpu-small-chunks,"{""attempt"":1,""status"":""complete""}",complete,False,
/mnt/main0/home/nclack/tmp/2026-09-24-damacy-cold-chunks/job-3811387/results/smooth4-zstd-c128-b16/random-1x256x256/cold/repeat-2/chunks256-random/attempts.json,/0,cpu-small-chunks,"{""attempt"":1,""status"":""complete""}",complete,False,
/mnt/main0/home/nclack/tmp/2026-09-24-damacy-cold-chunks/job-3811387/results/smooth4-zstd-c128-b16/random-1x256x256/cold/repeat-2/tensorstore/attempts.json,/0,cpu-small-chunks,"{""attempt"":1,""status"":""complete""}",complete,False,
/mnt/main0/home/nclack/tmp/2026-09-24-damacy-cold-chunks/job-3811387/results/smooth4-zstd-c128-b16/random-1x256x256/cold/repeat-3/chunks256-default/attempts.json,/0,cpu-small-chunks,"{""attempt"":1,""status"":""complete""}",complete,False,
/mnt/main0/home/nclack/tmp/2026-09-24-damacy-cold-chunks/job-3811387/results/smooth4-zstd-c128-b16/random-1x256x256/cold/repeat-3/chunks256-random/attempts.json,/0,cpu-small-chunks,"{""attempt"":1,""status"":""complete""}",complete,False,
/mnt/main0/home/nclack/tmp/2026-09-24-damacy-cold-chunks/job-3811387/results/smooth4-zstd-c128-b16/random-1x256x256/cold/repeat-3/tensorstore/attempts.json,/0,cpu-small-chunks,"{""attempt"":1,""status"":""complete""}",complete,False,
/mnt/main0/home/nclack/tmp/2026-09-24-damacy-cold-chunks/job-3811387/results/smooth4-zstd-c16-b16/concurrency/full-scan/repeat-1/chunks256-default/attempts.json,/0,cpu-small-chunks,"{""attempt"":1,""status"":""complete""}",complete,False,
/mnt/main0/home/nclack/tmp/2026-09-24-damacy-cold-chunks/job-3811387/results/smooth4-zstd-c16-b16/concurrency/full-scan/repeat-1/chunks256-random/attempts.json,/0,cpu-small-chunks,"{""attempt"":1,""status"":""complete""}",complete,False,
/mnt/main0/home/nclack/tmp/2026-09-24-damacy-cold-chunks/job-3811387/results/smooth4-zstd-c16-b16/concurrency/full-scan/repeat-1/tensorstore/attempts.json,/0,cpu-small-chunks,"{""attempt"":1,""status"":""complete""}",complete,False,
/mnt/main0/home/nclack/tmp/2026-09-24-damacy-cold-chunks/job-3811387/results/smooth4-zstd-c16-b16/concurrency/random-1x256x256/repeat-1/chunks256-default/attempts.json,/0,cpu-small-chunks,"{""attempt"":1,""status"":""complete""}",complete,False,
/mnt/main0/home/nclack/tmp/2026-09-24-damacy-cold-chunks/job-3811387/results/smooth4-zstd-c16-b16/concurrency/random-1x256x256/repeat-1/chunks256-random/attempts.json,/0,cpu-small-chunks,"{""attempt"":1,""status"":""complete""}",complete,False,
/mnt/main0/home/nclack/tmp/2026-09-24-damacy-cold-chunks/job-3811387/results/smooth4-zstd-c16-b16/concurrency/random-1x256x256/repeat-1/tensorstore/attempts.json,/0,cpu-small-chunks,"{""attempt"":1,""status"":""complete""}",complete,False,
/mnt/main0/home/nclack/tmp/2026-09-24-damacy-cold-chunks/job-3811387/results/smooth4-zstd-c16-b16/full-scan/cold/repeat-1/chunks256-default/attempts.json,/0,cpu-small-chunks,"{""attempt"":1,""status"":""complete""}",complete,False,
/mnt/main0/home/nclack/tmp/2026-09-24-damacy-cold-chunks/job-3811387/results/smooth4-zstd-c16-b16/full-scan/cold/repeat-1/chunks256-random/attempts.json,/0,cpu-small-chunks,"{""attempt"":1,""status"":""complete""}",complete,False,
/mnt/main0/home/nclack/tmp/2026-09-24-damacy-cold-chunks/job-3811387/results/smooth4-zstd-c16-b16/full-scan/cold/repeat-1/tensorstore/attempts.json,/0,cpu-small-chunks,"{""attempt"":1,""status"":""complete""}",complete,False,
/mnt/main0/home/nclack/tmp/2026-09-24-damacy-cold-chunks/job-3811387/results/smooth4-zstd-c16-b16/full-scan/cold/repeat-2/chunks256-default/attempts.json,/0,cpu-small-chunks,"{""attempt"":1,""status"":""complete""}",complete,False,
/mnt/main0/home/nclack/tmp/2026-09-24-damacy-cold-chunks/job-3811387/results/smooth4-zstd-c16-b16/full-scan/cold/repeat-2/chunks256-random/attempts.json,/0,cpu-small-chunks,"{""attempt"":1,""status"":""complete""}",complete,False,
/mnt/main0/home/nclack/tmp/2026-09-24-damacy-cold-chunks/job-3811387/results/smooth4-zstd-c16-b16/full-scan/cold/repeat-2/tensorstore/attempts.json,/0,cpu-small-chunks,"{""attempt"":1,""status"":""complete""}",complete,False,
/mnt/main0/home/nclack/tmp/2026-09-24-damacy-cold-chunks/job-3811387/results/smooth4-zstd-c16-b16/full-scan/cold/repeat-3/chunks256-default/attempts.json,/0,cpu-small-chunks,"{""attempt"":1,""status"":""complete""}",complete,False,
/mnt/main0/home/nclack/tmp/2026-09-24-damacy-cold-chunks/job-3811387/results/smooth4-zstd-c16-b16/full-scan/cold/repeat-3/chunks256-random/attempts.json,/0,cpu-small-chunks,"{""attempt"":1,""status"":""complete""}",complete,False,
/mnt/main0/home/nclack/tmp/2026-09-24-damacy-cold-chunks/job-3811387/results/smooth4-zstd-c16-b16/full-scan/cold/repeat-3/tensorstore/attempts.json,/0,cpu-small-chunks,"{""attempt"":1,""status"":""complete""}",complete,False,
/mnt/main0/home/nclack/tmp/2026-09-24-damacy-cold-chunks/job-3811387/results/smooth4-zstd-c16-b16/random-1x256x256/cold/repeat-1/chunks256-default/attempts.json,/0,cpu-small-chunks,"{""attempt"":1,""status"":""complete""}",complete,False,
/mnt/main0/home/nclack/tmp/2026-09-24-damacy-cold-chunks/job-3811387/results/smooth4-zstd-c16-b16/random-1x256x256/cold/repeat-1/chunks256-random/attempts.json,/0,cpu-small-chunks,"{""attempt"":1,""status"":""complete""}",complete,False,
/mnt/main0/home/nclack/tmp/2026-09-24-damacy-cold-chunks/job-3811387/results/smooth4-zstd-c16-b16/random-1x256x256/cold/repeat-1/tensorstore/attempts.json,/0,cpu-small-chunks,"{""attempt"":1,""status"":""complete""}",complete,False,
/mnt/main0/home/nclack/tmp/2026-09-24-damacy-cold-chunks/job-3811387/results/smooth4-zstd-c16-b16/random-1x256x256/cold/repeat-2/chunks256-default/attempts.json,/0,cpu-small-chunks,"{""attempt"":1,""status"":""complete""}",complete,False,
/mnt/main0/home/nclack/tmp/2026-09-24-damacy-cold-chunks/job-3811387/results/smooth4-zstd-c16-b16/random-1x256x256/cold/repeat-2/chunks256-random/attempts.json,/0,cpu-small-chunks,"{""attempt"":1,""status"":""complete""}",complete,False,
/mnt/main0/home/nclack/tmp/2026-09-24-damacy-cold-chunks/job-3811387/results/smooth4-zstd-c16-b16/random-1x256x256/cold/repeat-2/tensorstore/attempts.json,/0,cpu-small-chunks,"{""attempt"":1,""status"":""complete""}",complete,False,
/mnt/main0/home/nclack/tmp/2026-09-24-damacy-cold-chunks/job-3811387/results/smooth4-zstd-c16-b16/random-1x256x256/cold/repeat-3/chunks256-default/attempts.json,/0,cpu-small-chunks,"{""attempt"":1,""status"":""complete""}",complete,False,
/mnt/main0/home/nclack/tmp/2026-09-24-damacy-cold-chunks/job-3811387/results/smooth4-zstd-c16-b16/random-1x256x256/cold/repeat-3/chunks256-random/attempts.json,/0,cpu-small-chunks,"{""attempt"":1,""status"":""complete""}",complete,False,
/mnt/main0/home/nclack/tmp/2026-09-24-damacy-cold-chunks/job-3811387/results/smooth4-zstd-c16-b16/random-1x256x256/cold/repeat-3/tensorstore/attempts.json,/0,cpu-small-chunks,"{""attempt"":1,""status"":""complete""}",complete,False,
/mnt/main0/home/nclack/tmp/2026-09-24-damacy-cold-chunks/job-3811387/results/smooth4-zstd-c32-b16/concurrency/full-scan/repeat-1/chunks256-default/attempts.json,/0,cpu-small-chunks,"{""attempt"":1,""status"":""complete""}",complete,False,
/mnt/main0/home/nclack/tmp/2026-09-24-damacy-cold-chunks/job-3811387/results/smooth4-zstd-c32-b16/concurrency/full-scan/repeat-1/chunks256-random/attempts.json,/0,cpu-small-chunks,"{""attempt"":1,""status"":""complete""}",complete,False,
/mnt/main0/home/nclack/tmp/2026-09-24-damacy-cold-chunks/job-3811387/results/smooth4-zstd-c32-b16/concurrency/full-scan/repeat-1/tensorstore/attempts.json,/0,cpu-small-chunks,"{""attempt"":1,""status"":""complete""}",complete,False,
/mnt/main0/home/nclack/tmp/2026-09-24-damacy-cold-chunks/job-3811387/results/smooth4-zstd-c32-b16/concurrency/random-1x256x256/repeat-1/chunks256-default/attempts.json,/0,cpu-small-chunks,"{""attempt"":1,""status"":""complete""}",complete,False,
/mnt/main0/home/nclack/tmp/2026-09-24-damacy-cold-chunks/job-3811387/results/smooth4-zstd-c32-b16/concurrency/random-1x256x256/repeat-1/chunks256-random/attempts.json,/0,cpu-small-chunks,"{""attempt"":1,""status"":""complete""}",complete,False,
/mnt/main0/home/nclack/tmp/2026-09-24-damacy-cold-chunks/job-3811387/results/smooth4-zstd-c32-b16/concurrency/random-1x256x256/repeat-1/tensorstore/attempts.json,/0,cpu-small-chunks,"{""attempt"":1,""status"":""complete""}",complete,False,
/mnt/main0/home/nclack/tmp/2026-09-24-damacy-cold-chunks/job-3811387/results/smooth4-zstd-c32-b16/full-scan/cold/repeat-1/chunks256-default/attempts.json,/0,cpu-small-chunks,"{""attempt"":1,""status"":""complete""}",complete,False,
/mnt/main0/home/nclack/tmp/2026-09-24-damacy-cold-chunks/job-3811387/results/smooth4-zstd-c32-b16/full-scan/cold/repeat-1/chunks256-random/attempts.json,/0,cpu-small-chunks,"{""attempt"":1,""status"":""complete""}",complete,False,
/mnt/main0/home/nclack/tmp/2026-09-24-damacy-cold-chunks/job-3811387/results/smooth4-zstd-c32-b16/full-scan/cold/repeat-1/tensorstore/attempts.json,/0,cpu-small-chunks,"{""attempt"":1,""status"":""complete""}",complete,False,
/mnt/main0/home/nclack/tmp/2026-09-24-damacy-cold-chunks/job-3811387/results/smooth4-zstd-c32-b16/full-scan/cold/repeat-2/chunks256-default/attempts.json,/0,cpu-small-chunks,"{""attempt"":1,""status"":""complete""}",complete,False,
/mnt/main0/home/nclack/tmp/2026-09-24-damacy-cold-chunks/job-3811387/results/smooth4-zstd-c32-b16/full-scan/cold/repeat-2/chunks256-random/attempts.json,/0,cpu-small-chunks,"{""attempt"":1,""status"":""complete""}",complete,False,
/mnt/main0/home/nclack/tmp/2026-09-24-damacy-cold-chunks/job-3811387/results/smooth4-zstd-c32-b16/full-scan/cold/repeat-2/tensorstore/attempts.json,/0,cpu-small-chunks,"{""attempt"":1,""status"":""complete""}",complete,False,
/mnt/main0/home/nclack/tmp/2026-09-24-damacy-cold-chunks/job-3811387/results/smooth4-zstd-c32-b16/full-scan/cold/repeat-3/chunks256-default/attempts.json,/0,cpu-small-chunks,"{""attempt"":1,""status"":""complete""}",complete,False,
/mnt/main0/home/nclack/tmp/2026-09-24-damacy-cold-chunks/job-3811387/results/smooth4-zstd-c32-b16/full-scan/cold/repeat-3/chunks256-random/attempts.json,/0,cpu-small-chunks,"{""attempt"":1,""status"":""complete""}",complete,False,
/mnt/main0/home/nclack/tmp/2026-09-24-damacy-cold-chunks/job-3811387/results/smooth4-zstd-c32-b16/full-scan/cold/repeat-3/tensorstore/attempts.json,/0,cpu-small-chunks,"{""attempt"":1,""status"":""complete""}",complete,False,
/mnt/main0/home/nclack/tmp/2026-09-24-damacy-cold-chunks/job-3811387/results/smooth4-zstd-c32-b16/random-1x256x256/cold/repeat-1/chunks256-default/attempts.json,/0,cpu-small-chunks,"{""attempt"":1,""status"":""complete""}",complete,False,
/mnt/main0/home/nclack/tmp/2026-09-24-damacy-cold-chunks/job-3811387/results/smooth4-zstd-c32-b16/random-1x256x256/cold/repeat-1/chunks256-random/attempts.json,/0,cpu-small-chunks,"{""attempt"":1,""status"":""complete""}",complete,False,
/mnt/main0/home/nclack/tmp/2026-09-24-damacy-cold-chunks/job-3811387/results/smooth4-zstd-c32-b16/random-1x256x256/cold/repeat-1/tensorstore/attempts.json,/0,cpu-small-chunks,"{""attempt"":1,""status"":""complete""}",complete,False,
/mnt/main0/home/nclack/tmp/2026-09-24-damacy-cold-chunks/job-3811387/results/smooth4-zstd-c32-b16/random-1x256x256/cold/repeat-2/chunks256-default/attempts.json,/0,cpu-small-chunks,"{""attempt"":1,""status"":""complete""}",complete,False,
/mnt/main0/home/nclack/tmp/2026-09-24-damacy-cold-chunks/job-3811387/results/smooth4-zstd-c32-b16/random-1x256x256/cold/repeat-2/chunks256-random/attempts.json,/0,cpu-small-chunks,"{""attempt"":1,""status"":""complete""}",complete,False,
/mnt/main0/home/nclack/tmp/2026-09-24-damacy-cold-chunks/job-3811387/results/smooth4-zstd-c32-b16/random-1x256x256/cold/repeat-2/tensorstore/attempts.json,/0,cpu-small-chunks,"{""attempt"":1,""status"":""complete""}",complete,False,
/mnt/main0/home/nclack/tmp/2026-09-24-damacy-cold-chunks/job-3811387/results/smooth4-zstd-c32-b16/random-1x256x256/cold/repeat-3/chunks256-default/attempts.json,/0,cpu-small-chunks,"{""attempt"":1,""status"":""complete""}",complete,False,
/mnt/main0/home/nclack/tmp/2026-09-24-damacy-cold-chunks/job-3811387/results/smooth4-zstd-c32-b16/random-1x256x256/cold/repeat-3/chunks256-random/attempts.json,/0,cpu-small-chunks,"{""attempt"":1,""status"":""complete""}",complete,False,
/mnt/main0/home/nclack/tmp/2026-09-24-damacy-cold-chunks/job-3811387/results/smooth4-zstd-c32-b16/random-1x256x256/cold/repeat-3/tensorstore/attempts.json,/0,cpu-small-chunks,"{""attempt"":1,""status"":""complete""}",complete,False,
/mnt/main0/home/nclack/tmp/2026-09-24-damacy-cold-chunks/job-3811387/results/smooth4-zstd-c64-b16/concurrency/full-scan/repeat-1/chunks256-default/attempts.json,/0,cpu-small-chunks,"{""attempt"":1,""status"":""complete""}",complete,False,
/mnt/main0/home/nclack/tmp/2026-09-24-damacy-cold-chunks/job-3811387/results/smooth4-zstd-c64-b16/concurrency/full-scan/repeat-1/chunks256-random/attempts.json,/0,cpu-small-chunks,"{""attempt"":1,""status"":""complete""}",complete,False,
/mnt/main0/home/nclack/tmp/2026-09-24-damacy-cold-chunks/job-3811387/results/smooth4-zstd-c64-b16/concurrency/full-scan/repeat-1/tensorstore/attempts.json,/0,cpu-small-chunks,"{""attempt"":1,""status"":""complete""}",complete,False,
/mnt/main0/home/nclack/tmp/2026-09-24-damacy-cold-chunks/job-3811387/results/smooth4-zstd-c64-b16/concurrency/random-1x256x256/repeat-1/chunks256-default/attempts.json,/0,cpu-small-chunks,"{""attempt"":1,""status"":""complete""}",complete,False,
/mnt/main0/home/nclack/tmp/2026-09-24-damacy-cold-chunks/job-3811387/results/smooth4-zstd-c64-b16/concurrency/random-1x256x256/repeat-1/chunks256-random/attempts.json,/0,cpu-small-chunks,"{""attempt"":1,""status"":""complete""}",complete,False,
/mnt/main0/home/nclack/tmp/2026-09-24-damacy-cold-chunks/job-3811387/results/smooth4-zstd-c64-b16/concurrency/random-1x256x256/repeat-1/tensorstore/attempts.json,/0,cpu-small-chunks,"{""attempt"":1,""status"":""complete""}",complete,False,
/mnt/main0/home/nclack/tmp/2026-09-24-damacy-cold-chunks/job-3811387/results/smooth4-zstd-c64-b16/full-scan/cold/repeat-1/chunks256-default/attempts.json,/0,cpu-small-chunks,"{""attempt"":1,""status"":""complete""}",complete,False,
/mnt/main0/home/nclack/tmp/2026-09-24-damacy-cold-chunks/job-3811387/results/smooth4-zstd-c64-b16/full-scan/cold/repeat-1/chunks256-random/attempts.json,/0,cpu-small-chunks,"{""attempt"":1,""status"":""complete""}",complete,False,
/mnt/main0/home/nclack/tmp/2026-09-24-damacy-cold-chunks/job-3811387/results/smooth4-zstd-c64-b16/full-scan/cold/repeat-1/tensorstore/attempts.json,/0,cpu-small-chunks,"{""attempt"":1,""status"":""complete""}",complete,False,
/mnt/main0/home/nclack/tmp/2026-09-24-damacy-cold-chunks/job-3811387/results/smooth4-zstd-c64-b16/full-scan/cold/repeat-2/chunks256-default/attempts.json,/0,cpu-small-chunks,"{""attempt"":1,""status"":""complete""}",complete,False,
/mnt/main0/home/nclack/tmp/2026-09-24-damacy-cold-chunks/job-3811387/results/smooth4-zstd-c64-b16/full-scan/cold/repeat-2/chunks256-random/attempts.json,/0,cpu-small-chunks,"{""attempt"":1,""status"":""complete""}",complete,False,
/mnt/main0/home/nclack/tmp/2026-09-24-damacy-cold-chunks/job-3811387/results/smooth4-zstd-c64-b16/full-scan/cold/repeat-2/tensorstore/attempts.json,/0,cpu-small-chunks,"{""attempt"":1,""status"":""complete""}",complete,False,
/mnt/main0/home/nclack/tmp/2026-09-24-damacy-cold-chunks/job-3811387/results/smooth4-zstd-c64-b16/full-scan/cold/repeat-3/chunks256-default/attempts.json,/0,cpu-small-chunks,"{""attempt"":1,""status"":""complete""}",complete,False,
/mnt/main0/home/nclack/tmp/2026-09-24-damacy-cold-chunks/job-3811387/results/smooth4-zstd-c64-b16/full-scan/cold/repeat-3/chunks256-random/attempts.json,/0,cpu-small-chunks,"{""attempt"":1,""status"":""complete""}",complete,False,
/mnt/main0/home/nclack/tmp/2026-09-24-damacy-cold-chunks/job-3811387/results/smooth4-zstd-c64-b16/full-scan/cold/repeat-3/tensorstore/attempts.json,/0,cpu-small-chunks,"{""attempt"":1,""status"":""complete""}",complete,False,
/mnt/main0/home/nclack/tmp/2026-09-24-damacy-cold-chunks/job-3811387/results/smooth4-zstd-c64-b16/random-1x256x256/cold/repeat-1/chunks256-default/attempts.json,/0,cpu-small-chunks,"{""attempt"":1,""status"":""complete""}",complete,False,
/mnt/main0/home/nclack/tmp/2026-09-24-damacy-cold-chunks/job-3811387/results/smooth4-zstd-c64-b16/random-1x256x256/cold/repeat-1/chunks256-random/attempts.json,/0,cpu-small-chunks,"{""attempt"":1,""status"":""complete""}",complete,False,
/mnt/main0/home/nclack/tmp/2026-09-24-damacy-cold-chunks/job-3811387/results/smooth4-zstd-c64-b16/random-1x256x256/cold/repeat-1/tensorstore/attempts.json,/0,cpu-small-chunks,"{""attempt"":1,""status"":""complete""}",complete,False,
/mnt/main0/home/nclack/tmp/2026-09-24-damacy-cold-chunks/job-3811387/results/smooth4-zstd-c64-b16/random-1x256x256/cold/repeat-2/chunks256-default/attempts.json,/0,cpu-small-chunks,"{""attempt"":1,""status"":""complete""}",complete,False,
/mnt/main0/home/nclack/tmp/2026-09-24-damacy-cold-chunks/job-3811387/results/smooth4-zstd-c64-b16/random-1x256x256/cold/repeat-2/chunks256-random/attempts.json,/0,cpu-small-chunks,"{""attempt"":1,""status"":""complete""}",complete,False,
/mnt/main0/home/nclack/tmp/2026-09-24-damacy-cold-chunks/job-3811387/results/smooth4-zstd-c64-b16/random-1x256x256/cold/repeat-2/tensorstore/attempts.json,/0,cpu-small-chunks,"{""attempt"":1,""status"":""complete""}",complete,False,
/mnt/main0/home/nclack/tmp/2026-09-24-damacy-cold-chunks/job-3811387/results/smooth4-zstd-c64-b16/random-1x256x256/cold/repeat-3/chunks256-default/attempts.json,/0,cpu-small-chunks,"{""attempt"":1,""status"":""complete""}",complete,False,
/mnt/main0/home/nclack/tmp/2026-09-24-damacy-cold-chunks/job-3811387/results/smooth4-zstd-c64-b16/random-1x256x256/cold/repeat-3/chunks256-random/attempts.json,/0,cpu-small-chunks,"{""attempt"":1,""status"":""complete""}",complete,False,
/mnt/main0/home/nclack/tmp/2026-09-24-damacy-cold-chunks/job-3811387/results/smooth4-zstd-c64-b16/random-1x256x256/cold/repeat-3/tensorstore/attempts.json,/0,cpu-small-chunks,"{""attempt"":1,""status"":""complete""}",complete,False,
/mnt/main0/home/nclack/tmp/2026-09-24-damacy-cold-chunks/job-3811387/preflight/smooth4-lz4-c128-b16/full-scan/cold/repeat-1/chunks256-default/attempts.json,/0,cpu-small-chunks,"{""attempt"":1,""status"":""complete""}",complete,False,
/mnt/main0/home/nclack/tmp/2026-09-24-damacy-cold-chunks/job-3811387/preflight/smooth4-lz4-c128-b16/full-scan/cold/repeat-1/chunks256-random/attempts.json,/0,cpu-small-chunks,"{""attempt"":1,""status"":""complete""}",complete,False,
/mnt/main0/home/nclack/tmp/2026-09-24-damacy-cold-chunks/job-3811387/preflight/smooth4-lz4-c128-b16/full-scan/cold/repeat-1/tensorstore/attempts.json,/0,cpu-small-chunks,"{""attempt"":1,""status"":""complete""}",complete,False,
/mnt/main0/home/nclack/tmp/2026-09-24-damacy-cold-chunks/job-3811387/preflight/smooth4-lz4-c128-b16/random-1x256x256/cold/repeat-1/chunks256-default/attempts.json,/0,cpu-small-chunks,"{""attempt"":1,""status"":""complete""}",complete,False,
/mnt/main0/home/nclack/tmp/2026-09-24-damacy-cold-chunks/job-3811387/preflight/smooth4-lz4-c128-b16/random-1x256x256/cold/repeat-1/chunks256-random/attempts.json,/0,cpu-small-chunks,"{""attempt"":1,""status"":""complete""}",complete,False,
/mnt/main0/home/nclack/tmp/2026-09-24-damacy-cold-chunks/job-3811387/preflight/smooth4-lz4-c128-b16/random-1x256x256/cold/repeat-1/tensorstore/attempts.json,/0,cpu-small-chunks,"{""attempt"":1,""status"":""complete""}",complete,False,
/mnt/main0/home/nclack/tmp/2026-09-24-damacy-cold-chunks/job-3811387/preflight/smooth4-lz4-c16-b16/full-scan/cold/repeat-1/chunks256-default/attempts.json,/0,cpu-small-chunks,"{""attempt"":1,""status"":""complete""}",complete,False,
/mnt/main0/home/nclack/tmp/2026-09-24-damacy-cold-chunks/job-3811387/preflight/smooth4-lz4-c16-b16/full-scan/cold/repeat-1/chunks256-random/attempts.json,/0,cpu-small-chunks,"{""attempt"":1,""status"":""complete""}",complete,False,
/mnt/main0/home/nclack/tmp/2026-09-24-damacy-cold-chunks/job-3811387/preflight/smooth4-lz4-c16-b16/full-scan/cold/repeat-1/tensorstore/attempts.json,/0,cpu-small-chunks,"{""attempt"":1,""status"":""complete""}",complete,False,
/mnt/main0/home/nclack/tmp/2026-09-24-damacy-cold-chunks/job-3811387/preflight/smooth4-lz4-c16-b16/random-1x256x256/cold/repeat-1/chunks256-default/attempts.json,/0,cpu-small-chunks,"{""attempt"":1,""status"":""complete""}",complete,False,
/mnt/main0/home/nclack/tmp/2026-09-24-damacy-cold-chunks/job-3811387/preflight/smooth4-lz4-c16-b16/random-1x256x256/cold/repeat-1/chunks256-random/attempts.json,/0,cpu-small-chunks,"{""attempt"":1,""status"":""complete""}",complete,False,
/mnt/main0/home/nclack/tmp/2026-09-24-damacy-cold-chunks/job-3811387/preflight/smooth4-lz4-c16-b16/random-1x256x256/cold/repeat-1/tensorstore/attempts.json,/0,cpu-small-chunks,"{""attempt"":1,""status"":""complete""}",complete,False,
/mnt/main0/home/nclack/tmp/2026-09-24-damacy-cold-chunks/job-3811387/preflight/smooth4-lz4-c32-b16/full-scan/cold/repeat-1/chunks256-default/attempts.json,/0,cpu-small-chunks,"{""attempt"":1,""status"":""complete""}",complete,False,
/mnt/main0/home/nclack/tmp/2026-09-24-damacy-cold-chunks/job-3811387/preflight/smooth4-lz4-c32-b16/full-scan/cold/repeat-1/chunks256-random/attempts.json,/0,cpu-small-chunks,"{""attempt"":1,""status"":""complete""}",complete,False,
/mnt/main0/home/nclack/tmp/2026-09-24-damacy-cold-chunks/job-3811387/preflight/smooth4-lz4-c32-b16/full-scan/cold/repeat-1/tensorstore/attempts.json,/0,cpu-small-chunks,"{""attempt"":1,""status"":""complete""}",complete,False,
/mnt/main0/home/nclack/tmp/2026-09-24-damacy-cold-chunks/job-3811387/preflight/smooth4-lz4-c32-b16/random-1x256x256/cold/repeat-1/chunks256-default/attempts.json,/0,cpu-small-chunks,"{""attempt"":1,""status"":""complete""}",complete,False,
/mnt/main0/home/nclack/tmp/2026-09-24-damacy-cold-chunks/job-3811387/preflight/smooth4-lz4-c32-b16/random-1x256x256/cold/repeat-1/chunks256-random/attempts.json,/0,cpu-small-chunks,"{""attempt"":1,""status"":""complete""}",complete,False,
/mnt/main0/home/nclack/tmp/2026-09-24-damacy-cold-chunks/job-3811387/preflight/smooth4-lz4-c32-b16/random-1x256x256/cold/repeat-1/tensorstore/attempts.json,/0,cpu-small-chunks,"{""attempt"":1,""status"":""complete""}",complete,False,
/mnt/main0/home/nclack/tmp/2026-09-24-damacy-cold-chunks/job-3811387/preflight/smooth4-lz4-c64-b16/full-scan/cold/repeat-1/chunks256-default/attempts.json,/0,cpu-small-chunks,"{""attempt"":1,""status"":""complete""}",complete,False,
/mnt/main0/home/nclack/tmp/2026-09-24-damacy-cold-chunks/job-3811387/preflight/smooth4-lz4-c64-b16/full-scan/cold/repeat-1/chunks256-random/attempts.json,/0,cpu-small-chunks,"{""attempt"":1,""status"":""complete""}",complete,False,
/mnt/main0/home/nclack/tmp/2026-09-24-damacy-cold-chunks/job-3811387/preflight/smooth4-lz4-c64-b16/full-scan/cold/repeat-1/tensorstore/attempts.json,/0,cpu-small-chunks,"{""attempt"":1,""status"":""complete""}",complete,False,
/mnt/main0/home/nclack/tmp/2026-09-24-damacy-cold-chunks/job-3811387/preflight/smooth4-lz4-c64-b16/random-1x256x256/cold/repeat-1/chunks256-default/attempts.json,/0,cpu-small-chunks,"{""attempt"":1,""status"":""complete""}",complete,False,
/mnt/main0/home/nclack/tmp/2026-09-24-damacy-cold-chunks/job-3811387/preflight/smooth4-lz4-c64-b16/random-1x256x256/cold/repeat-1/chunks256-random/attempts.json,/0,cpu-small-chunks,"{""attempt"":1,""status"":""complete""}",complete,False,
/mnt/main0/home/nclack/tmp/2026-09-24-damacy-cold-chunks/job-3811387/preflight/smooth4-lz4-c64-b16/random-1x256x256/cold/repeat-1/tensorstore/attempts.json,/0,cpu-small-chunks,"{""attempt"":1,""status"":""complete""}",complete,False,
/mnt/main0/home/nclack/tmp/2026-09-24-damacy-cold-chunks/job-3811387/preflight/smooth4-zstd-c128-b16/full-scan/cold/repeat-1/chunks256-default/attempts.json,/0,cpu-small-chunks,"{""attempt"":1,""status"":""complete""}",complete,False,
/mnt/main0/home/nclack/tmp/2026-09-24-damacy-cold-chunks/job-3811387/preflight/smooth4-zstd-c128-b16/full-scan/cold/repeat-1/chunks256-random/attempts.json,/0,cpu-small-chunks,"{""attempt"":1,""status"":""complete""}",complete,False,
/mnt/main0/home/nclack/tmp/2026-09-24-damacy-cold-chunks/job-3811387/preflight/smooth4-zstd-c128-b16/full-scan/cold/repeat-1/tensorstore/attempts.json,/0,cpu-small-chunks,"{""attempt"":1,""status"":""complete""}",complete,False,
/mnt/main0/home/nclack/tmp/2026-09-24-damacy-cold-chunks/job-3811387/preflight/smooth4-zstd-c128-b16/random-1x256x256/cold/repeat-1/chunks256-default/attempts.json,/0,cpu-small-chunks,"{""attempt"":1,""status"":""complete""}",complete,False,
/mnt/main0/home/nclack/tmp/2026-09-24-damacy-cold-chunks/job-3811387/preflight/smooth4-zstd-c128-b16/random-1x256x256/cold/repeat-1/chunks256-random/attempts.json,/0,cpu-small-chunks,"{""attempt"":1,""status"":""complete""}",complete,False,
/mnt/main0/home/nclack/tmp/2026-09-24-damacy-cold-chunks/job-3811387/preflight/smooth4-zstd-c128-b16/random-1x256x256/cold/repeat-1/tensorstore/attempts.json,/0,cpu-small-chunks,"{""attempt"":1,""status"":""complete""}",complete,False,
/mnt/main0/home/nclack/tmp/2026-09-24-damacy-cold-chunks/job-3811387/preflight/smooth4-zstd-c16-b16/full-scan/cold/repeat-1/chunks256-default/attempts.json,/0,cpu-small-chunks,"{""attempt"":1,""status"":""complete""}",complete,False,
/mnt/main0/home/nclack/tmp/2026-09-24-damacy-cold-chunks/job-3811387/preflight/smooth4-zstd-c16-b16/full-scan/cold/repeat-1/chunks256-random/attempts.json,/0,cpu-small-chunks,"{""attempt"":1,""status"":""complete""}",complete,False,
/mnt/main0/home/nclack/tmp/2026-09-24-damacy-cold-chunks/job-3811387/preflight/smooth4-zstd-c16-b16/full-scan/cold/repeat-1/tensorstore/attempts.json,/0,cpu-small-chunks,"{""attempt"":1,""status"":""complete""}",complete,False,
/mnt/main0/home/nclack/tmp/2026-09-24-damacy-cold-chunks/job-3811387/preflight/smooth4-zstd-c16-b16/random-1x256x256/cold/repeat-1/chunks256-default/attempts.json,/0,cpu-small-chunks,"{""attempt"":1,""status"":""complete""}",complete,False,
/mnt/main0/home/nclack/tmp/2026-09-24-damacy-cold-chunks/job-3811387/preflight/smooth4-zstd-c16-b16/random-1x256x256/cold/repeat-1/chunks256-random/attempts.json,/0,cpu-small-chunks,"{""attempt"":1,""status"":""complete""}",complete,False,
/mnt/main0/home/nclack/tmp/2026-09-24-damacy-cold-chunks/job-3811387/preflight/smooth4-zstd-c16-b16/random-1x256x256/cold/repeat-1/tensorstore/attempts.json,/0,cpu-small-chunks,"{""attempt"":1,""status"":""complete""}",complete,False,
/mnt/main0/home/nclack/tmp/2026-09-24-damacy-cold-chunks/job-3811387/preflight/smooth4-zstd-c32-b16/full-scan/cold/repeat-1/chunks256-default/attempts.json,/0,cpu-small-chunks,"{""attempt"":1,""status"":""complete""}",complete,False,
/mnt/main0/home/nclack/tmp/2026-09-24-damacy-cold-chunks/job-3811387/preflight/smooth4-zstd-c32-b16/full-scan/cold/repeat-1/chunks256-random/attempts.json,/0,cpu-small-chunks,"{""attempt"":1,""status"":""complete""}",complete,False,
/mnt/main0/home/nclack/tmp/2026-09-24-damacy-cold-chunks/job-3811387/preflight/smooth4-zstd-c32-b16/full-scan/cold/repeat-1/tensorstore/attempts.json,/0,cpu-small-chunks,"{""attempt"":1,""status"":""complete""}",complete,False,
/mnt/main0/home/nclack/tmp/2026-09-24-damacy-cold-chunks/job-3811387/preflight/smooth4-zstd-c32-b16/random-1x256x256/cold/repeat-1/chunks256-default/attempts.json,/0,cpu-small-chunks,"{""attempt"":1,""status"":""complete""}",complete,False,
/mnt/main0/home/nclack/tmp/2026-09-24-damacy-cold-chunks/job-3811387/preflight/smooth4-zstd-c32-b16/random-1x256x256/cold/repeat-1/chunks256-random/attempts.json,/0,cpu-small-chunks,"{""attempt"":1,""status"":""complete""}",complete,False,
/mnt/main0/home/nclack/tmp/2026-09-24-damacy-cold-chunks/job-3811387/preflight/smooth4-zstd-c32-b16/random-1x256x256/cold/repeat-1/tensorstore/attempts.json,/0,cpu-small-chunks,"{""attempt"":1,""status"":""complete""}",complete,False,
/mnt/main0/home/nclack/tmp/2026-09-24-damacy-cold-chunks/job-3811387/preflight/smooth4-zstd-c64-b16/full-scan/cold/repeat-1/chunks256-default/attempts.json,/0,cpu-small-chunks,"{""attempt"":1,""status"":""complete""}",complete,False,
/mnt/main0/home/nclack/tmp/2026-09-24-damacy-cold-chunks/job-3811387/preflight/smooth4-zstd-c64-b16/full-scan/cold/repeat-1/chunks256-random/attempts.json,/0,cpu-small-chunks,"{""attempt"":1,""status"":""complete""}",complete,False,
/mnt/main0/home/nclack/tmp/2026-09-24-damacy-cold-chunks/job-3811387/preflight/smooth4-zstd-c64-b16/full-scan/cold/repeat-1/tensorstore/attempts.json,/0,cpu-small-chunks,"{""attempt"":1,""status"":""complete""}",complete,False,
/mnt/main0/home/nclack/tmp/2026-09-24-damacy-cold-chunks/job-3811387/preflight/smooth4-zstd-c64-b16/random-1x256x256/cold/repeat-1/chunks256-default/attempts.json,/0,cpu-small-chunks,"{""attempt"":1,""status"":""complete""}",complete,False,
/mnt/main0/home/nclack/tmp/2026-09-24-damacy-cold-chunks/job-3811387/preflight/smooth4-zstd-c64-b16/random-1x256x256/cold/repeat-1/chunks256-random/attempts.json,/0,cpu-small-chunks,"{""attempt"":1,""status"":""complete""}",complete,False,
/mnt/main0/home/nclack/tmp/2026-09-24-damacy-cold-chunks/job-3811387/preflight/smooth4-zstd-c64-b16/random-1x256x256/cold/repeat-1/tensorstore/attempts.json,/0,cpu-small-chunks,"{""attempt"":1,""status"":""complete""}",complete,False,
/mnt/main0/home/nclack/tmp/2026-09-24-damacy-cold-blocks/job-3822266/results/smooth4-lz4-c128-b128/concurrency/full-scan/repeat-1/chunks256-default/attempts.json,/0,cpu-chunk-blocks,"{""attempt"":1,""status"":""complete""}",complete,False,
/mnt/main0/home/nclack/tmp/2026-09-24-damacy-cold-blocks/job-3822266/results/smooth4-lz4-c128-b128/concurrency/full-scan/repeat-1/chunks256-random/attempts.json,/0,cpu-chunk-blocks,"{""attempt"":1,""status"":""complete""}",complete,False,
/mnt/main0/home/nclack/tmp/2026-09-24-damacy-cold-blocks/job-3822266/results/smooth4-lz4-c128-b128/concurrency/full-scan/repeat-1/tensorstore/attempts.json,/0,cpu-chunk-blocks,"{""attempt"":1,""status"":""complete""}",complete,False,
/mnt/main0/home/nclack/tmp/2026-09-24-damacy-cold-blocks/job-3822266/results/smooth4-lz4-c128-b128/concurrency/random-1x256x256/repeat-1/chunks256-default/attempts.json,/0,cpu-chunk-blocks,"{""attempt"":1,""status"":""complete""}",complete,False,
/mnt/main0/home/nclack/tmp/2026-09-24-damacy-cold-blocks/job-3822266/results/smooth4-lz4-c128-b128/concurrency/random-1x256x256/repeat-1/chunks256-random/attempts.json,/0,cpu-chunk-blocks,"{""attempt"":1,""status"":""complete""}",complete,False,
/mnt/main0/home/nclack/tmp/2026-09-24-damacy-cold-blocks/job-3822266/results/smooth4-lz4-c128-b128/concurrency/random-1x256x256/repeat-1/tensorstore/attempts.json,/0,cpu-chunk-blocks,"{""attempt"":1,""status"":""complete""}",complete,False,
/mnt/main0/home/nclack/tmp/2026-09-24-damacy-cold-blocks/job-3822266/results/smooth4-lz4-c128-b128/full-scan/cold/repeat-1/chunks256-default/attempts.json,/0,cpu-chunk-blocks,"{""attempt"":1,""status"":""complete""}",complete,False,
/mnt/main0/home/nclack/tmp/2026-09-24-damacy-cold-blocks/job-3822266/results/smooth4-lz4-c128-b128/full-scan/cold/repeat-1/chunks256-random/attempts.json,/0,cpu-chunk-blocks,"{""attempt"":1,""status"":""complete""}",complete,False,
/mnt/main0/home/nclack/tmp/2026-09-24-damacy-cold-blocks/job-3822266/results/smooth4-lz4-c128-b128/full-scan/cold/repeat-1/tensorstore/attempts.json,/0,cpu-chunk-blocks,"{""attempt"":1,""status"":""complete""}",complete,False,
/mnt/main0/home/nclack/tmp/2026-09-24-damacy-cold-blocks/job-3822266/results/smooth4-lz4-c128-b128/full-scan/cold/repeat-2/chunks256-default/attempts.json,/0,cpu-chunk-blocks,"{""attempt"":1,""status"":""complete""}",complete,False,
/mnt/main0/home/nclack/tmp/2026-09-24-damacy-cold-blocks/job-3822266/results/smooth4-lz4-c128-b128/full-scan/cold/repeat-2/chunks256-random/attempts.json,/0,cpu-chunk-blocks,"{""attempt"":1,""status"":""complete""}",complete,False,
/mnt/main0/home/nclack/tmp/2026-09-24-damacy-cold-blocks/job-3822266/results/smooth4-lz4-c128-b128/full-scan/cold/repeat-2/tensorstore/attempts.json,/0,cpu-chunk-blocks,"{""attempt"":1,""status"":""complete""}",complete,False,
/mnt/main0/home/nclack/tmp/2026-09-24-damacy-cold-blocks/job-3822266/results/smooth4-lz4-c128-b128/full-scan/cold/repeat-3/chunks256-default/attempts.json,/0,cpu-chunk-blocks,"{""attempt"":1,""status"":""complete""}",complete,False,
/mnt/main0/home/nclack/tmp/2026-09-24-damacy-cold-blocks/job-3822266/results/smooth4-lz4-c128-b128/full-scan/cold/repeat-3/chunks256-random/attempts.json,/0,cpu-chunk-blocks,"{""attempt"":1,""status"":""complete""}",complete,False,
/mnt/main0/home/nclack/tmp/2026-09-24-damacy-cold-blocks/job-3822266/results/smooth4-lz4-c128-b128/full-scan/cold/repeat-3/tensorstore/attempts.json,/0,cpu-chunk-blocks,"{""attempt"":1,""status"":""complete""}",complete,False,
/mnt/main0/home/nclack/tmp/2026-09-24-damacy-cold-blocks/job-3822266/results/smooth4-lz4-c128-b128/random-1x256x256/cold/repeat-1/chunks256-default/attempts.json,/0,cpu-chunk-blocks,"{""attempt"":1,""status"":""complete""}",complete,False,
/mnt/main0/home/nclack/tmp/2026-09-24-damacy-cold-blocks/job-3822266/results/smooth4-lz4-c128-b128/random-1x256x256/cold/repeat-1/chunks256-random/attempts.json,/0,cpu-chunk-blocks,"{""attempt"":1,""status"":""complete""}",complete,False,
/mnt/main0/home/nclack/tmp/2026-09-24-damacy-cold-blocks/job-3822266/results/smooth4-lz4-c128-b128/random-1x256x256/cold/repeat-1/tensorstore/attempts.json,/0,cpu-chunk-blocks,"{""attempt"":1,""status"":""complete""}",complete,False,
/mnt/main0/home/nclack/tmp/2026-09-24-damacy-cold-blocks/job-3822266/results/smooth4-lz4-c128-b128/random-1x256x256/cold/repeat-2/chunks256-default/attempts.json,/0,cpu-chunk-blocks,"{""attempt"":1,""status"":""complete""}",complete,False,
/mnt/main0/home/nclack/tmp/2026-09-24-damacy-cold-blocks/job-3822266/results/smooth4-lz4-c128-b128/random-1x256x256/cold/repeat-2/chunks256-random/attempts.json,/0,cpu-chunk-blocks,"{""attempt"":1,""status"":""complete""}",complete,False,
/mnt/main0/home/nclack/tmp/2026-09-24-damacy-cold-blocks/job-3822266/results/smooth4-lz4-c128-b128/random-1x256x256/cold/repeat-2/tensorstore/attempts.json,/0,cpu-chunk-blocks,"{""attempt"":1,""status"":""complete""}",complete,False,
/mnt/main0/home/nclack/tmp/2026-09-24-damacy-cold-blocks/job-3822266/results/smooth4-lz4-c128-b128/random-1x256x256/cold/repeat-3/chunks256-default/attempts.json,/0,cpu-chunk-blocks,"{""attempt"":1,""status"":""complete""}",complete,False,
/mnt/main0/home/nclack/tmp/2026-09-24-damacy-cold-blocks/job-3822266/results/smooth4-lz4-c128-b128/random-1x256x256/cold/repeat-3/chunks256-random/attempts.json,/0,cpu-chunk-blocks,"{""attempt"":1,""status"":""complete""}",complete,False,
/mnt/main0/home/nclack/tmp/2026-09-24-damacy-cold-blocks/job-3822266/results/smooth4-lz4-c128-b128/random-1x256x256/cold/repeat-3/tensorstore/attempts.json,/0,cpu-chunk-blocks,"{""attempt"":1,""status"":""complete""}",complete,False,
/mnt/main0/home/nclack/tmp/2026-09-24-damacy-cold-blocks/job-3822266/results/smooth4-lz4-c128-b16/concurrency/full-scan/repeat-1/chunks256-default/attempts.json,/0,cpu-chunk-blocks,"{""attempt"":1,""status"":""complete""}",complete,False,
/mnt/main0/home/nclack/tmp/2026-09-24-damacy-cold-blocks/job-3822266/results/smooth4-lz4-c128-b16/concurrency/full-scan/repeat-1/chunks256-random/attempts.json,/0,cpu-chunk-blocks,"{""attempt"":1,""status"":""complete""}",complete,False,
/mnt/main0/home/nclack/tmp/2026-09-24-damacy-cold-blocks/job-3822266/results/smooth4-lz4-c128-b16/concurrency/full-scan/repeat-1/tensorstore/attempts.json,/0,cpu-chunk-blocks,"{""attempt"":1,""status"":""complete""}",complete,False,
/mnt/main0/home/nclack/tmp/2026-09-24-damacy-cold-blocks/job-3822266/results/smooth4-lz4-c128-b16/concurrency/random-1x256x256/repeat-1/chunks256-default/attempts.json,/0,cpu-chunk-blocks,"{""attempt"":1,""status"":""complete""}",complete,False,
/mnt/main0/home/nclack/tmp/2026-09-24-damacy-cold-blocks/job-3822266/results/smooth4-lz4-c128-b16/concurrency/random-1x256x256/repeat-1/chunks256-random/attempts.json,/0,cpu-chunk-blocks,"{""attempt"":1,""status"":""complete""}",complete,False,
/mnt/main0/home/nclack/tmp/2026-09-24-damacy-cold-blocks/job-3822266/results/smooth4-lz4-c128-b16/concurrency/random-1x256x256/repeat-1/tensorstore/attempts.json,/0,cpu-chunk-blocks,"{""attempt"":1,""status"":""complete""}",complete,False,
/mnt/main0/home/nclack/tmp/2026-09-24-damacy-cold-blocks/job-3822266/results/smooth4-lz4-c128-b16/full-scan/cold/repeat-1/chunks256-default/attempts.json,/0,cpu-chunk-blocks,"{""attempt"":1,""status"":""complete""}",complete,False,
/mnt/main0/home/nclack/tmp/2026-09-24-damacy-cold-blocks/job-3822266/results/smooth4-lz4-c128-b16/full-scan/cold/repeat-1/chunks256-random/attempts.json,/0,cpu-chunk-blocks,"{""attempt"":1,""status"":""complete""}",complete,False,
/mnt/main0/home/nclack/tmp/2026-09-24-damacy-cold-blocks/job-3822266/results/smooth4-lz4-c128-b16/full-scan/cold/repeat-1/tensorstore/attempts.json,/0,cpu-chunk-blocks,"{""attempt"":1,""status"":""complete""}",complete,False,
/mnt/main0/home/nclack/tmp/2026-09-24-damacy-cold-blocks/job-3822266/results/smooth4-lz4-c128-b16/full-scan/cold/repeat-2/chunks256-default/attempts.json,/0,cpu-chunk-blocks,"{""attempt"":1,""status"":""complete""}",complete,False,
/mnt/main0/home/nclack/tmp/2026-09-24-damacy-cold-blocks/job-3822266/results/smooth4-lz4-c128-b16/full-scan/cold/repeat-2/chunks256-random/attempts.json,/0,cpu-chunk-blocks,"{""attempt"":1,""status"":""complete""}",complete,False,
/mnt/main0/home/nclack/tmp/2026-09-24-damacy-cold-blocks/job-3822266/results/smooth4-lz4-c128-b16/full-scan/cold/repeat-2/tensorstore/attempts.json,/0,cpu-chunk-blocks,"{""attempt"":1,""status"":""complete""}",complete,False,
/mnt/main0/home/nclack/tmp/2026-09-24-damacy-cold-blocks/job-3822266/results/smooth4-lz4-c128-b16/full-scan/cold/repeat-3/chunks256-default/attempts.json,/0,cpu-chunk-blocks,"{""attempt"":1,""status"":""complete""}",complete,False,
/mnt/main0/home/nclack/tmp/2026-09-24-damacy-cold-blocks/job-3822266/results/smooth4-lz4-c128-b16/full-scan/cold/repeat-3/chunks256-random/attempts.json,/0,cpu-chunk-blocks,"{""attempt"":1,""status"":""complete""}",complete,False,
/mnt/main0/home/nclack/tmp/2026-09-24-damacy-cold-blocks/job-3822266/results/smooth4-lz4-c128-b16/full-scan/cold/repeat-3/tensorstore/attempts.json,/0,cpu-chunk-blocks,"{""attempt"":1,""status"":""complete""}",complete,False,
/mnt/main0/home/nclack/tmp/2026-09-24-damacy-cold-blocks/job-3822266/results/smooth4-lz4-c128-b16/random-1x256x256/cold/repeat-1/chunks256-default/attempts.json,/0,cpu-chunk-blocks,"{""attempt"":1,""status"":""complete""}",complete,False,
/mnt/main0/home/nclack/tmp/2026-09-24-damacy-cold-blocks/job-3822266/results/smooth4-lz4-c128-b16/random-1x256x256/cold/repeat-1/chunks256-random/attempts.json,/0,cpu-chunk-blocks,"{""attempt"":1,""status"":""complete""}",complete,False,
/mnt/main0/home/nclack/tmp/2026-09-24-damacy-cold-blocks/job-3822266/results/smooth4-lz4-c128-b16/random-1x256x256/cold/repeat-1/tensorstore/attempts.json,/0,cpu-chunk-blocks,"{""attempt"":1,""status"":""complete""}",complete,False,
/mnt/main0/home/nclack/tmp/2026-09-24-damacy-cold-blocks/job-3822266/results/smooth4-lz4-c128-b16/random-1x256x256/cold/repeat-2/chunks256-default/attempts.json,/0,cpu-chunk-blocks,"{""attempt"":1,""status"":""complete""}",complete,False,
/mnt/main0/home/nclack/tmp/2026-09-24-damacy-cold-blocks/job-3822266/results/smooth4-lz4-c128-b16/random-1x256x256/cold/repeat-2/chunks256-random/attempts.json,/0,cpu-chunk-blocks,"{""attempt"":1,""status"":""complete""}",complete,False,
/mnt/main0/home/nclack/tmp/2026-09-24-damacy-cold-blocks/job-3822266/results/smooth4-lz4-c128-b16/random-1x256x256/cold/repeat-2/tensorstore/attempts.json,/0,cpu-chunk-blocks,"{""attempt"":1,""status"":""complete""}",complete,False,
/mnt/main0/home/nclack/tmp/2026-09-24-damacy-cold-blocks/job-3822266/results/smooth4-lz4-c128-b16/random-1x256x256/cold/repeat-3/chunks256-default/attempts.json,/0,cpu-chunk-blocks,"{""attempt"":1,""status"":""complete""}",complete,False,
/mnt/main0/home/nclack/tmp/2026-09-24-damacy-cold-blocks/job-3822266/results/smooth4-lz4-c128-b16/random-1x256x256/cold/repeat-3/chunks256-random/attempts.json,/0,cpu-chunk-blocks,"{""attempt"":1,""status"":""complete""}",complete,False,
/mnt/main0/home/nclack/tmp/2026-09-24-damacy-cold-blocks/job-3822266/results/smooth4-lz4-c128-b16/random-1x256x256/cold/repeat-3/tensorstore/attempts.json,/0,cpu-chunk-blocks,"{""attempt"":1,""status"":""complete""}",complete,False,
/mnt/main0/home/nclack/tmp/2026-09-24-damacy-cold-blocks/job-3822266/results/smooth4-lz4-c128-b64/concurrency/full-scan/repeat-1/chunks256-default/attempts.json,/0,cpu-chunk-blocks,"{""attempt"":1,""status"":""complete""}",complete,False,
/mnt/main0/home/nclack/tmp/2026-09-24-damacy-cold-blocks/job-3822266/results/smooth4-lz4-c128-b64/concurrency/full-scan/repeat-1/chunks256-random/attempts.json,/0,cpu-chunk-blocks,"{""attempt"":1,""status"":""complete""}",complete,False,
/mnt/main0/home/nclack/tmp/2026-09-24-damacy-cold-blocks/job-3822266/results/smooth4-lz4-c128-b64/concurrency/full-scan/repeat-1/tensorstore/attempts.json,/0,cpu-chunk-blocks,"{""attempt"":1,""status"":""complete""}",complete,False,
/mnt/main0/home/nclack/tmp/2026-09-24-damacy-cold-blocks/job-3822266/results/smooth4-lz4-c128-b64/concurrency/random-1x256x256/repeat-1/chunks256-default/attempts.json,/0,cpu-chunk-blocks,"{""attempt"":1,""status"":""complete""}",complete,False,
/mnt/main0/home/nclack/tmp/2026-09-24-damacy-cold-blocks/job-3822266/results/smooth4-lz4-c128-b64/concurrency/random-1x256x256/repeat-1/chunks256-random/attempts.json,/0,cpu-chunk-blocks,"{""attempt"":1,""status"":""complete""}",complete,False,
/mnt/main0/home/nclack/tmp/2026-09-24-damacy-cold-blocks/job-3822266/results/smooth4-lz4-c128-b64/concurrency/random-1x256x256/repeat-1/tensorstore/attempts.json,/0,cpu-chunk-blocks,"{""attempt"":1,""status"":""complete""}",complete,False,
/mnt/main0/home/nclack/tmp/2026-09-24-damacy-cold-blocks/job-3822266/results/smooth4-lz4-c128-b64/full-scan/cold/repeat-1/chunks256-default/attempts.json,/0,cpu-chunk-blocks,"{""attempt"":1,""status"":""complete""}",complete,False,
/mnt/main0/home/nclack/tmp/2026-09-24-damacy-cold-blocks/job-3822266/results/smooth4-lz4-c128-b64/full-scan/cold/repeat-1/chunks256-random/attempts.json,/0,cpu-chunk-blocks,"{""attempt"":1,""status"":""complete""}",complete,False,
/mnt/main0/home/nclack/tmp/2026-09-24-damacy-cold-blocks/job-3822266/results/smooth4-lz4-c128-b64/full-scan/cold/repeat-1/tensorstore/attempts.json,/0,cpu-chunk-blocks,"{""attempt"":1,""status"":""complete""}",complete,False,
/mnt/main0/home/nclack/tmp/2026-09-24-damacy-cold-blocks/job-3822266/results/smooth4-lz4-c128-b64/full-scan/cold/repeat-2/chunks256-default/attempts.json,/0,cpu-chunk-blocks,"{""attempt"":1,""status"":""complete""}",complete,False,
/mnt/main0/home/nclack/tmp/2026-09-24-damacy-cold-blocks/job-3822266/results/smooth4-lz4-c128-b64/full-scan/cold/repeat-2/chunks256-random/attempts.json,/0,cpu-chunk-blocks,"{""attempt"":1,""status"":""complete""}",complete,False,
/mnt/main0/home/nclack/tmp/2026-09-24-damacy-cold-blocks/job-3822266/results/smooth4-lz4-c128-b64/full-scan/cold/repeat-2/tensorstore/attempts.json,/0,cpu-chunk-blocks,"{""attempt"":1,""status"":""complete""}",complete,False,
/mnt/main0/home/nclack/tmp/2026-09-24-damacy-cold-blocks/job-3822266/results/smooth4-lz4-c128-b64/full-scan/cold/repeat-3/chunks256-default/attempts.json,/0,cpu-chunk-blocks,"{""attempt"":1,""status"":""complete""}",complete,False,
/mnt/main0/home/nclack/tmp/2026-09-24-damacy-cold-blocks/job-3822266/results/smooth4-lz4-c128-b64/full-scan/cold/repeat-3/chunks256-random/attempts.json,/0,cpu-chunk-blocks,"{""attempt"":1,""status"":""complete""}",complete,False,
/mnt/main0/home/nclack/tmp/2026-09-24-damacy-cold-blocks/job-3822266/results/smooth4-lz4-c128-b64/full-scan/cold/repeat-3/tensorstore/attempts.json,/0,cpu-chunk-blocks,"{""attempt"":1,""status"":""complete""}",complete,False,
/mnt/main0/home/nclack/tmp/2026-09-24-damacy-cold-blocks/job-3822266/results/smooth4-lz4-c128-b64/random-1x256x256/cold/repeat-1/chunks256-default/attempts.json,/0,cpu-chunk-blocks,"{""attempt"":1,""status"":""complete""}",complete,False,
/mnt/main0/home/nclack/tmp/2026-09-24-damacy-cold-blocks/job-3822266/results/smooth4-lz4-c128-b64/random-1x256x256/cold/repeat-1/chunks256-random/attempts.json,/0,cpu-chunk-blocks,"{""attempt"":1,""status"":""complete""}",complete,False,
/mnt/main0/home/nclack/tmp/2026-09-24-damacy-cold-blocks/job-3822266/results/smooth4-lz4-c128-b64/random-1x256x256/cold/repeat-1/tensorstore/attempts.json,/0,cpu-chunk-blocks,"{""attempt"":1,""status"":""complete""}",complete,False,
/mnt/main0/home/nclack/tmp/2026-09-24-damacy-cold-blocks/job-3822266/results/smooth4-lz4-c128-b64/random-1x256x256/cold/repeat-2/chunks256-default/attempts.json,/0,cpu-chunk-blocks,"{""attempt"":1,""status"":""complete""}",complete,False,
/mnt/main0/home/nclack/tmp/2026-09-24-damacy-cold-blocks/job-3822266/results/smooth4-lz4-c128-b64/random-1x256x256/cold/repeat-2/chunks256-random/attempts.json,/0,cpu-chunk-blocks,"{""attempt"":1,""status"":""complete""}",complete,False,
/mnt/main0/home/nclack/tmp/2026-09-24-damacy-cold-blocks/job-3822266/results/smooth4-lz4-c128-b64/random-1x256x256/cold/repeat-2/tensorstore/attempts.json,/0,cpu-chunk-blocks,"{""attempt"":1,""status"":""complete""}",complete,False,
/mnt/main0/home/nclack/tmp/2026-09-24-damacy-cold-blocks/job-3822266/results/smooth4-lz4-c128-b64/random-1x256x256/cold/repeat-3/chunks256-default/attempts.json,/0,cpu-chunk-blocks,"{""attempt"":1,""status"":""complete""}",complete,False,
/mnt/main0/home/nclack/tmp/2026-09-24-damacy-cold-blocks/job-3822266/results/smooth4-lz4-c128-b64/random-1x256x256/cold/repeat-3/chunks256-random/attempts.json,/0,cpu-chunk-blocks,"{""attempt"":1,""status"":""complete""}",complete,False,
/mnt/main0/home/nclack/tmp/2026-09-24-damacy-cold-blocks/job-3822266/results/smooth4-lz4-c128-b64/random-1x256x256/cold/repeat-3/tensorstore/attempts.json,/0,cpu-chunk-blocks,"{""attempt"":1,""status"":""complete""}",complete,False,
/mnt/main0/home/nclack/tmp/2026-09-24-damacy-cold-blocks/job-3822266/results/smooth4-lz4-c32-b16/concurrency/full-scan/repeat-1/chunks256-default/attempts.json,/0,cpu-chunk-blocks,"{""attempt"":1,""status"":""complete""}",complete,False,
/mnt/main0/home/nclack/tmp/2026-09-24-damacy-cold-blocks/job-3822266/results/smooth4-lz4-c32-b16/concurrency/full-scan/repeat-1/chunks256-random/attempts.json,/0,cpu-chunk-blocks,"{""attempt"":1,""status"":""complete""}",complete,False,
/mnt/main0/home/nclack/tmp/2026-09-24-damacy-cold-blocks/job-3822266/results/smooth4-lz4-c32-b16/concurrency/full-scan/repeat-1/tensorstore/attempts.json,/0,cpu-chunk-blocks,"{""attempt"":1,""status"":""complete""}",complete,False,
/mnt/main0/home/nclack/tmp/2026-09-24-damacy-cold-blocks/job-3822266/results/smooth4-lz4-c32-b16/concurrency/random-1x256x256/repeat-1/chunks256-default/attempts.json,/0,cpu-chunk-blocks,"{""attempt"":1,""status"":""complete""}",complete,False,
/mnt/main0/home/nclack/tmp/2026-09-24-damacy-cold-blocks/job-3822266/results/smooth4-lz4-c32-b16/concurrency/random-1x256x256/repeat-1/chunks256-random/attempts.json,/0,cpu-chunk-blocks,"{""attempt"":1,""status"":""complete""}",complete,False,
/mnt/main0/home/nclack/tmp/2026-09-24-damacy-cold-blocks/job-3822266/results/smooth4-lz4-c32-b16/concurrency/random-1x256x256/repeat-1/tensorstore/attempts.json,/0,cpu-chunk-blocks,"{""attempt"":1,""status"":""complete""}",complete,False,
/mnt/main0/home/nclack/tmp/2026-09-24-damacy-cold-blocks/job-3822266/results/smooth4-lz4-c32-b16/full-scan/cold/repeat-1/chunks256-default/attempts.json,/0,cpu-chunk-blocks,"{""attempt"":1,""status"":""complete""}",complete,False,
/mnt/main0/home/nclack/tmp/2026-09-24-damacy-cold-blocks/job-3822266/results/smooth4-lz4-c32-b16/full-scan/cold/repeat-1/chunks256-random/attempts.json,/0,cpu-chunk-blocks,"{""attempt"":1,""status"":""complete""}",complete,False,
/mnt/main0/home/nclack/tmp/2026-09-24-damacy-cold-blocks/job-3822266/results/smooth4-lz4-c32-b16/full-scan/cold/repeat-1/tensorstore/attempts.json,/0,cpu-chunk-blocks,"{""attempt"":1,""status"":""complete""}",complete,False,
/mnt/main0/home/nclack/tmp/2026-09-24-damacy-cold-blocks/job-3822266/results/smooth4-lz4-c32-b16/full-scan/cold/repeat-2/chunks256-default/attempts.json,/0,cpu-chunk-blocks,"{""attempt"":1,""status"":""complete""}",complete,False,
/mnt/main0/home/nclack/tmp/2026-09-24-damacy-cold-blocks/job-3822266/results/smooth4-lz4-c32-b16/full-scan/cold/repeat-2/chunks256-random/attempts.json,/0,cpu-chunk-blocks,"{""attempt"":1,""status"":""complete""}",complete,False,
/mnt/main0/home/nclack/tmp/2026-09-24-damacy-cold-blocks/job-3822266/results/smooth4-lz4-c32-b16/full-scan/cold/repeat-2/tensorstore/attempts.json,/0,cpu-chunk-blocks,"{""attempt"":1,""status"":""complete""}",complete,False,
/mnt/main0/home/nclack/tmp/2026-09-24-damacy-cold-blocks/job-3822266/results/smooth4-lz4-c32-b16/full-scan/cold/repeat-3/chunks256-default/attempts.json,/0,cpu-chunk-blocks,"{""attempt"":1,""status"":""complete""}",complete,False,
/mnt/main0/home/nclack/tmp/2026-09-24-damacy-cold-blocks/job-3822266/results/smooth4-lz4-c32-b16/full-scan/cold/repeat-3/chunks256-random/attempts.json,/0,cpu-chunk-blocks,"{""attempt"":1,""status"":""complete""}",complete,False,
/mnt/main0/home/nclack/tmp/2026-09-24-damacy-cold-blocks/job-3822266/results/smooth4-lz4-c32-b16/full-scan/cold/repeat-3/tensorstore/attempts.json,/0,cpu-chunk-blocks,"{""attempt"":1,""status"":""complete""}",complete,False,
/mnt/main0/home/nclack/tmp/2026-09-24-damacy-cold-blocks/job-3822266/results/smooth4-lz4-c32-b16/random-1x256x256/cold/repeat-1/chunks256-default/attempts.json,/0,cpu-chunk-blocks,"{""attempt"":1,""status"":""complete""}",complete,False,
/mnt/main0/home/nclack/tmp/2026-09-24-damacy-cold-blocks/job-3822266/results/smooth4-lz4-c32-b16/random-1x256x256/cold/repeat-1/chunks256-random/attempts.json,/0,cpu-chunk-blocks,"{""attempt"":1,""status"":""complete""}",complete,False,
/mnt/main0/home/nclack/tmp/2026-09-24-damacy-cold-blocks/job-3822266/results/smooth4-lz4-c32-b16/random-1x256x256/cold/repeat-1/tensorstore/attempts.json,/0,cpu-chunk-blocks,"{""attempt"":1,""status"":""complete""}",complete,False,
/mnt/main0/home/nclack/tmp/2026-09-24-damacy-cold-blocks/job-3822266/results/smooth4-lz4-c32-b16/random-1x256x256/cold/repeat-2/chunks256-default/attempts.json,/0,cpu-chunk-blocks,"{""attempt"":1,""status"":""complete""}",complete,False,
/mnt/main0/home/nclack/tmp/2026-09-24-damacy-cold-blocks/job-3822266/results/smooth4-lz4-c32-b16/random-1x256x256/cold/repeat-2/chunks256-random/attempts.json,/0,cpu-chunk-blocks,"{""attempt"":1,""status"":""complete""}",complete,False,
/mnt/main0/home/nclack/tmp/2026-09-24-damacy-cold-blocks/job-3822266/results/smooth4-lz4-c32-b16/random-1x256x256/cold/repeat-2/tensorstore/attempts.json,/0,cpu-chunk-blocks,"{""attempt"":1,""status"":""complete""}",complete,False,
/mnt/main0/home/nclack/tmp/2026-09-24-damacy-cold-blocks/job-3822266/results/smooth4-lz4-c32-b16/random-1x256x256/cold/repeat-3/chunks256-default/attempts.json,/0,cpu-chunk-blocks,"{""attempt"":1,""status"":""complete""}",complete,False,
/mnt/main0/home/nclack/tmp/2026-09-24-damacy-cold-blocks/job-3822266/results/smooth4-lz4-c32-b16/random-1x256x256/cold/repeat-3/chunks256-random/attempts.json,/0,cpu-chunk-blocks,"{""attempt"":1,""status"":""complete""}",complete,False,
/mnt/main0/home/nclack/tmp/2026-09-24-damacy-cold-blocks/job-3822266/results/smooth4-lz4-c32-b16/random-1x256x256/cold/repeat-3/tensorstore/attempts.json,/0,cpu-chunk-blocks,"{""attempt"":1,""status"":""complete""}",complete,False,
/mnt/main0/home/nclack/tmp/2026-09-24-damacy-cold-blocks/job-3822266/results/smooth4-lz4-c32-b32/concurrency/full-scan/repeat-1/chunks256-default/attempts.json,/0,cpu-chunk-blocks,"{""attempt"":1,""status"":""complete""}",complete,False,
/mnt/main0/home/nclack/tmp/2026-09-24-damacy-cold-blocks/job-3822266/results/smooth4-lz4-c32-b32/concurrency/full-scan/repeat-1/chunks256-random/attempts.json,/0,cpu-chunk-blocks,"{""attempt"":1,""status"":""complete""}",complete,False,
/mnt/main0/home/nclack/tmp/2026-09-24-damacy-cold-blocks/job-3822266/results/smooth4-lz4-c32-b32/concurrency/full-scan/repeat-1/tensorstore/attempts.json,/0,cpu-chunk-blocks,"{""attempt"":1,""status"":""complete""}",complete,False,
/mnt/main0/home/nclack/tmp/2026-09-24-damacy-cold-blocks/job-3822266/results/smooth4-lz4-c32-b32/concurrency/random-1x256x256/repeat-1/chunks256-default/attempts.json,/0,cpu-chunk-blocks,"{""attempt"":1,""status"":""complete""}",complete,False,
/mnt/main0/home/nclack/tmp/2026-09-24-damacy-cold-blocks/job-3822266/results/smooth4-lz4-c32-b32/concurrency/random-1x256x256/repeat-1/chunks256-random/attempts.json,/0,cpu-chunk-blocks,"{""attempt"":1,""status"":""complete""}",complete,False,
/mnt/main0/home/nclack/tmp/2026-09-24-damacy-cold-blocks/job-3822266/results/smooth4-lz4-c32-b32/concurrency/random-1x256x256/repeat-1/tensorstore/attempts.json,/0,cpu-chunk-blocks,"{""attempt"":1,""status"":""complete""}",complete,False,
/mnt/main0/home/nclack/tmp/2026-09-24-damacy-cold-blocks/job-3822266/results/smooth4-lz4-c32-b32/full-scan/cold/repeat-1/chunks256-default/attempts.json,/0,cpu-chunk-blocks,"{""attempt"":1,""status"":""complete""}",complete,False,
/mnt/main0/home/nclack/tmp/2026-09-24-damacy-cold-blocks/job-3822266/results/smooth4-lz4-c32-b32/full-scan/cold/repeat-1/chunks256-random/attempts.json,/0,cpu-chunk-blocks,"{""attempt"":1,""status"":""complete""}",complete,False,
/mnt/main0/home/nclack/tmp/2026-09-24-damacy-cold-blocks/job-3822266/results/smooth4-lz4-c32-b32/full-scan/cold/repeat-1/tensorstore/attempts.json,/0,cpu-chunk-blocks,"{""attempt"":1,""status"":""complete""}",complete,False,
/mnt/main0/home/nclack/tmp/2026-09-24-damacy-cold-blocks/job-3822266/results/smooth4-lz4-c32-b32/full-scan/cold/repeat-2/chunks256-default/attempts.json,/0,cpu-chunk-blocks,"{""attempt"":1,""status"":""complete""}",complete,False,
/mnt/main0/home/nclack/tmp/2026-09-24-damacy-cold-blocks/job-3822266/results/smooth4-lz4-c32-b32/full-scan/cold/repeat-2/chunks256-random/attempts.json,/0,cpu-chunk-blocks,"{""attempt"":1,""status"":""complete""}",complete,False,
/mnt/main0/home/nclack/tmp/2026-09-24-damacy-cold-blocks/job-3822266/results/smooth4-lz4-c32-b32/full-scan/cold/repeat-2/tensorstore/attempts.json,/0,cpu-chunk-blocks,"{""attempt"":1,""status"":""complete""}",complete,False,
/mnt/main0/home/nclack/tmp/2026-09-24-damacy-cold-blocks/job-3822266/results/smooth4-lz4-c32-b32/full-scan/cold/repeat-3/chunks256-default/attempts.json,/0,cpu-chunk-blocks,"{""attempt"":1,""status"":""complete""}",complete,False,
/mnt/main0/home/nclack/tmp/2026-09-24-damacy-cold-blocks/job-3822266/results/smooth4-lz4-c32-b32/full-scan/cold/repeat-3/chunks256-random/attempts.json,/0,cpu-chunk-blocks,"{""attempt"":1,""status"":""complete""}",complete,False,
/mnt/main0/home/nclack/tmp/2026-09-24-damacy-cold-blocks/job-3822266/results/smooth4-lz4-c32-b32/full-scan/cold/repeat-3/tensorstore/attempts.json,/0,cpu-chunk-blocks,"{""attempt"":1,""status"":""complete""}",complete,False,
/mnt/main0/home/nclack/tmp/2026-09-24-damacy-cold-blocks/job-3822266/results/smooth4-lz4-c32-b32/random-1x256x256/cold/repeat-1/chunks256-default/attempts.json,/0,cpu-chunk-blocks,"{""attempt"":1,""status"":""complete""}",complete,False,
/mnt/main0/home/nclack/tmp/2026-09-24-damacy-cold-blocks/job-3822266/results/smooth4-lz4-c32-b32/random-1x256x256/cold/repeat-1/chunks256-random/attempts.json,/0,cpu-chunk-blocks,"{""attempt"":1,""status"":""complete""}",complete,False,
/mnt/main0/home/nclack/tmp/2026-09-24-damacy-cold-blocks/job-3822266/results/smooth4-lz4-c32-b32/random-1x256x256/cold/repeat-1/tensorstore/attempts.json,/0,cpu-chunk-blocks,"{""attempt"":1,""status"":""complete""}",complete,False,
/mnt/main0/home/nclack/tmp/2026-09-24-damacy-cold-blocks/job-3822266/results/smooth4-lz4-c32-b32/random-1x256x256/cold/repeat-2/chunks256-default/attempts.json,/0,cpu-chunk-blocks,"{""attempt"":1,""status"":""complete""}",complete,False,
/mnt/main0/home/nclack/tmp/2026-09-24-damacy-cold-blocks/job-3822266/results/smooth4-lz4-c32-b32/random-1x256x256/cold/repeat-2/chunks256-random/attempts.json,/0,cpu-chunk-blocks,"{""attempt"":1,""status"":""complete""}",complete,False,
/mnt/main0/home/nclack/tmp/2026-09-24-damacy-cold-blocks/job-3822266/results/smooth4-lz4-c32-b32/random-1x256x256/cold/repeat-2/tensorstore/attempts.json,/0,cpu-chunk-blocks,"{""attempt"":1,""status"":""complete""}",complete,False,
/mnt/main0/home/nclack/tmp/2026-09-24-damacy-cold-blocks/job-3822266/results/smooth4-lz4-c32-b32/random-1x256x256/cold/repeat-3/chunks256-default/attempts.json,/0,cpu-chunk-blocks,"{""attempt"":1,""status"":""complete""}",complete,False,
/mnt/main0/home/nclack/tmp/2026-09-24-damacy-cold-blocks/job-3822266/results/smooth4-lz4-c32-b32/random-1x256x256/cold/repeat-3/chunks256-random/attempts.json,/0,cpu-chunk-blocks,"{""attempt"":1,""status"":""complete""}",complete,False,
/mnt/main0/home/nclack/tmp/2026-09-24-damacy-cold-blocks/job-3822266/results/smooth4-lz4-c32-b32/random-1x256x256/cold/repeat-3/tensorstore/attempts.json,/0,cpu-chunk-blocks,"{""attempt"":1,""status"":""complete""}",complete,False,
/mnt/main0/home/nclack/tmp/2026-09-24-damacy-cold-blocks/job-3822266/results/smooth4-lz4-c32-b4/concurrency/full-scan/repeat-1/chunks256-default/attempts.json,/0,cpu-chunk-blocks,"{""attempt"":1,""status"":""complete""}",complete,False,
/mnt/main0/home/nclack/tmp/2026-09-24-damacy-cold-blocks/job-3822266/results/smooth4-lz4-c32-b4/concurrency/full-scan/repeat-1/chunks256-random/attempts.json,/0,cpu-chunk-blocks,"{""attempt"":1,""status"":""complete""}",complete,False,
/mnt/main0/home/nclack/tmp/2026-09-24-damacy-cold-blocks/job-3822266/results/smooth4-lz4-c32-b4/concurrency/full-scan/repeat-1/tensorstore/attempts.json,/0,cpu-chunk-blocks,"{""attempt"":1,""status"":""complete""}",complete,False,
/mnt/main0/home/nclack/tmp/2026-09-24-damacy-cold-blocks/job-3822266/results/smooth4-lz4-c32-b4/concurrency/random-1x256x256/repeat-1/chunks256-default/attempts.json,/0,cpu-chunk-blocks,"{""attempt"":1,""status"":""complete""}",complete,False,
/mnt/main0/home/nclack/tmp/2026-09-24-damacy-cold-blocks/job-3822266/results/smooth4-lz4-c32-b4/concurrency/random-1x256x256/repeat-1/chunks256-random/attempts.json,/0,cpu-chunk-blocks,"{""attempt"":1,""status"":""complete""}",complete,False,
/mnt/main0/home/nclack/tmp/2026-09-24-damacy-cold-blocks/job-3822266/results/smooth4-lz4-c32-b4/concurrency/random-1x256x256/repeat-1/tensorstore/attempts.json,/0,cpu-chunk-blocks,"{""attempt"":1,""status"":""complete""}",complete,False,
/mnt/main0/home/nclack/tmp/2026-09-24-damacy-cold-blocks/job-3822266/results/smooth4-lz4-c32-b4/full-scan/cold/repeat-1/chunks256-default/attempts.json,/0,cpu-chunk-blocks,"{""attempt"":1,""status"":""complete""}",complete,False,
/mnt/main0/home/nclack/tmp/2026-09-24-damacy-cold-blocks/job-3822266/results/smooth4-lz4-c32-b4/full-scan/cold/repeat-1/chunks256-random/attempts.json,/0,cpu-chunk-blocks,"{""attempt"":1,""status"":""complete""}",complete,False,
/mnt/main0/home/nclack/tmp/2026-09-24-damacy-cold-blocks/job-3822266/results/smooth4-lz4-c32-b4/full-scan/cold/repeat-1/tensorstore/attempts.json,/0,cpu-chunk-blocks,"{""attempt"":1,""status"":""complete""}",complete,False,
/mnt/main0/home/nclack/tmp/2026-09-24-damacy-cold-blocks/job-3822266/results/smooth4-lz4-c32-b4/full-scan/cold/repeat-2/chunks256-default/attempts.json,/0,cpu-chunk-blocks,"{""attempt"":1,""status"":""complete""}",complete,False,
/mnt/main0/home/nclack/tmp/2026-09-24-damacy-cold-blocks/job-3822266/results/smooth4-lz4-c32-b4/full-scan/cold/repeat-2/chunks256-random/attempts.json,/0,cpu-chunk-blocks,"{""attempt"":1,""status"":""complete""}",complete,False,
/mnt/main0/home/nclack/tmp/2026-09-24-damacy-cold-blocks/job-3822266/results/smooth4-lz4-c32-b4/full-scan/cold/repeat-2/tensorstore/attempts.json,/0,cpu-chunk-blocks,"{""attempt"":1,""status"":""complete""}",complete,False,
/mnt/main0/home/nclack/tmp/2026-09-24-damacy-cold-blocks/job-3822266/results/smooth4-lz4-c32-b4/full-scan/cold/repeat-3/chunks256-default/attempts.json,/0,cpu-chunk-blocks,"{""attempt"":1,""status"":""complete""}",complete,False,
/mnt/main0/home/nclack/tmp/2026-09-24-damacy-cold-blocks/job-3822266/results/smooth4-lz4-c32-b4/full-scan/cold/repeat-3/chunks256-random/attempts.json,/0,cpu-chunk-blocks,"{""attempt"":1,""status"":""complete""}",complete,False,
/mnt/main0/home/nclack/tmp/2026-09-24-damacy-cold-blocks/job-3822266/results/smooth4-lz4-c32-b4/full-scan/cold/repeat-3/tensorstore/attempts.json,/0,cpu-chunk-blocks,"{""attempt"":1,""status"":""complete""}",complete,False,
/mnt/main0/home/nclack/tmp/2026-09-24-damacy-cold-blocks/job-3822266/results/smooth4-lz4-c32-b4/random-1x256x256/cold/repeat-1/chunks256-default/attempts.json,/0,cpu-chunk-blocks,"{""attempt"":1,""status"":""complete""}",complete,False,
/mnt/main0/home/nclack/tmp/2026-09-24-damacy-cold-blocks/job-3822266/results/smooth4-lz4-c32-b4/random-1x256x256/cold/repeat-1/chunks256-random/attempts.json,/0,cpu-chunk-blocks,"{""attempt"":1,""status"":""complete""}",complete,False,
/mnt/main0/home/nclack/tmp/2026-09-24-damacy-cold-blocks/job-3822266/results/smooth4-lz4-c32-b4/random-1x256x256/cold/repeat-1/tensorstore/attempts.json,/0,cpu-chunk-blocks,"{""attempt"":1,""status"":""complete""}",complete,False,
/mnt/main0/home/nclack/tmp/2026-09-24-damacy-cold-blocks/job-3822266/results/smooth4-lz4-c32-b4/random-1x256x256/cold/repeat-2/chunks256-default/attempts.json,/0,cpu-chunk-blocks,"{""attempt"":1,""status"":""complete""}",complete,False,
/mnt/main0/home/nclack/tmp/2026-09-24-damacy-cold-blocks/job-3822266/results/smooth4-lz4-c32-b4/random-1x256x256/cold/repeat-2/chunks256-random/attempts.json,/0,cpu-chunk-blocks,"{""attempt"":1,""status"":""complete""}",complete,False,
/mnt/main0/home/nclack/tmp/2026-09-24-damacy-cold-blocks/job-3822266/results/smooth4-lz4-c32-b4/random-1x256x256/cold/repeat-2/tensorstore/attempts.json,/0,cpu-chunk-blocks,"{""attempt"":1,""status"":""complete""}",complete,False,
/mnt/main0/home/nclack/tmp/2026-09-24-damacy-cold-blocks/job-3822266/results/smooth4-lz4-c32-b4/random-1x256x256/cold/repeat-3/chunks256-default/attempts.json,/0,cpu-chunk-blocks,"{""attempt"":1,""status"":""complete""}",complete,False,
/mnt/main0/home/nclack/tmp/2026-09-24-damacy-cold-blocks/job-3822266/results/smooth4-lz4-c32-b4/random-1x256x256/cold/repeat-3/chunks256-random/attempts.json,/0,cpu-chunk-blocks,"{""attempt"":1,""status"":""complete""}",complete,False,
/mnt/main0/home/nclack/tmp/2026-09-24-damacy-cold-blocks/job-3822266/results/smooth4-lz4-c32-b4/random-1x256x256/cold/repeat-3/tensorstore/attempts.json,/0,cpu-chunk-blocks,"{""attempt"":1,""status"":""complete""}",complete,False,
/mnt/main0/home/nclack/tmp/2026-09-24-damacy-cold-blocks/job-3822266/results/smooth4-lz4-c512-b16/concurrency/full-scan/repeat-1/chunks256-default/attempts.json,/0,cpu-chunk-blocks,"{""attempt"":1,""status"":""complete""}",complete,False,
/mnt/main0/home/nclack/tmp/2026-09-24-damacy-cold-blocks/job-3822266/results/smooth4-lz4-c512-b16/concurrency/full-scan/repeat-1/chunks256-random/attempts.json,/0,cpu-chunk-blocks,"{""attempt"":1,""status"":""complete""}",complete,False,
/mnt/main0/home/nclack/tmp/2026-09-24-damacy-cold-blocks/job-3822266/results/smooth4-lz4-c512-b16/concurrency/full-scan/repeat-1/tensorstore/attempts.json,/0,cpu-chunk-blocks,"{""attempt"":1,""status"":""complete""}",complete,False,
/mnt/main0/home/nclack/tmp/2026-09-24-damacy-cold-blocks/job-3822266/results/smooth4-lz4-c512-b16/concurrency/random-1x256x256/repeat-1/chunks256-default/attempts.json,/0,cpu-chunk-blocks,"{""attempt"":1,""status"":""complete""}",complete,False,
/mnt/main0/home/nclack/tmp/2026-09-24-damacy-cold-blocks/job-3822266/results/smooth4-lz4-c512-b16/concurrency/random-1x256x256/repeat-1/chunks256-random/attempts.json,/0,cpu-chunk-blocks,"{""attempt"":1,""status"":""complete""}",complete,False,
/mnt/main0/home/nclack/tmp/2026-09-24-damacy-cold-blocks/job-3822266/results/smooth4-lz4-c512-b16/concurrency/random-1x256x256/repeat-1/tensorstore/attempts.json,/0,cpu-chunk-blocks,"{""attempt"":1,""status"":""complete""}",complete,False,
/mnt/main0/home/nclack/tmp/2026-09-24-damacy-cold-blocks/job-3822266/results/smooth4-lz4-c512-b16/full-scan/cold/repeat-1/chunks256-default/attempts.json,/0,cpu-chunk-blocks,"{""attempt"":1,""status"":""complete""}",complete,False,
/mnt/main0/home/nclack/tmp/2026-09-24-damacy-cold-blocks/job-3822266/results/smooth4-lz4-c512-b16/full-scan/cold/repeat-1/chunks256-random/attempts.json,/0,cpu-chunk-blocks,"{""attempt"":1,""status"":""complete""}",complete,False,
/mnt/main0/home/nclack/tmp/2026-09-24-damacy-cold-blocks/job-3822266/results/smooth4-lz4-c512-b16/full-scan/cold/repeat-1/tensorstore/attempts.json,/0,cpu-chunk-blocks,"{""attempt"":1,""status"":""complete""}",complete,False,
/mnt/main0/home/nclack/tmp/2026-09-24-damacy-cold-blocks/job-3822266/results/smooth4-lz4-c512-b16/full-scan/cold/repeat-2/chunks256-default/attempts.json,/0,cpu-chunk-blocks,"{""attempt"":1,""status"":""complete""}",complete,False,
/mnt/main0/home/nclack/tmp/2026-09-24-damacy-cold-blocks/job-3822266/results/smooth4-lz4-c512-b16/full-scan/cold/repeat-2/chunks256-random/attempts.json,/0,cpu-chunk-blocks,"{""attempt"":1,""status"":""complete""}",complete,False,
/mnt/main0/home/nclack/tmp/2026-09-24-damacy-cold-blocks/job-3822266/results/smooth4-lz4-c512-b16/full-scan/cold/repeat-2/tensorstore/attempts.json,/0,cpu-chunk-blocks,"{""attempt"":1,""status"":""complete""}",complete,False,
/mnt/main0/home/nclack/tmp/2026-09-24-damacy-cold-blocks/job-3822266/results/smooth4-lz4-c512-b16/full-scan/cold/repeat-3/chunks256-default/attempts.json,/0,cpu-chunk-blocks,"{""attempt"":1,""status"":""complete""}",complete,False,
/mnt/main0/home/nclack/tmp/2026-09-24-damacy-cold-blocks/job-3822266/results/smooth4-lz4-c512-b16/full-scan/cold/repeat-3/chunks256-random/attempts.json,/0,cpu-chunk-blocks,"{""attempt"":1,""status"":""complete""}",complete,False,
/mnt/main0/home/nclack/tmp/2026-09-24-damacy-cold-blocks/job-3822266/results/smooth4-lz4-c512-b16/full-scan/cold/repeat-3/tensorstore/attempts.json,/0,cpu-chunk-blocks,"{""attempt"":1,""status"":""complete""}",complete,False,
/mnt/main0/home/nclack/tmp/2026-09-24-damacy-cold-blocks/job-3822266/results/smooth4-lz4-c512-b16/random-1x256x256/cold/repeat-1/chunks256-default/attempts.json,/0,cpu-chunk-blocks,"{""attempt"":1,""status"":""complete""}",complete,False,
/mnt/main0/home/nclack/tmp/2026-09-24-damacy-cold-blocks/job-3822266/results/smooth4-lz4-c512-b16/random-1x256x256/cold/repeat-1/chunks256-random/attempts.json,/0,cpu-chunk-blocks,"{""attempt"":1,""status"":""complete""}",complete,False,
/mnt/main0/home/nclack/tmp/2026-09-24-damacy-cold-blocks/job-3822266/results/smooth4-lz4-c512-b16/random-1x256x256/cold/repeat-1/tensorstore/attempts.json,/0,cpu-chunk-blocks,"{""attempt"":1,""status"":""complete""}",complete,False,
/mnt/main0/home/nclack/tmp/2026-09-24-damacy-cold-blocks/job-3822266/results/smooth4-lz4-c512-b16/random-1x256x256/cold/repeat-2/chunks256-default/attempts.json,/0,cpu-chunk-blocks,"{""attempt"":1,""status"":""complete""}",complete,False,
/mnt/main0/home/nclack/tmp/2026-09-24-damacy-cold-blocks/job-3822266/results/smooth4-lz4-c512-b16/random-1x256x256/cold/repeat-2/chunks256-random/attempts.json,/0,cpu-chunk-blocks,"{""attempt"":1,""status"":""complete""}",complete,False,
/mnt/main0/home/nclack/tmp/2026-09-24-damacy-cold-blocks/job-3822266/results/smooth4-lz4-c512-b16/random-1x256x256/cold/repeat-2/tensorstore/attempts.json,/0,cpu-chunk-blocks,"{""attempt"":1,""status"":""complete""}",complete,False,
/mnt/main0/home/nclack/tmp/2026-09-24-damacy-cold-blocks/job-3822266/results/smooth4-lz4-c512-b16/random-1x256x256/cold/repeat-3/chunks256-default/attempts.json,/0,cpu-chunk-blocks,"{""attempt"":1,""status"":""complete""}",complete,False,
/mnt/main0/home/nclack/tmp/2026-09-24-damacy-cold-blocks/job-3822266/results/smooth4-lz4-c512-b16/random-1x256x256/cold/repeat-3/chunks256-random/attempts.json,/0,cpu-chunk-blocks,"{""attempt"":1,""status"":""complete""}",complete,False,
/mnt/main0/home/nclack/tmp/2026-09-24-damacy-cold-blocks/job-3822266/results/smooth4-lz4-c512-b16/random-1x256x256/cold/repeat-3/tensorstore/attempts.json,/0,cpu-chunk-blocks,"{""attempt"":1,""status"":""complete""}",complete,False,
/mnt/main0/home/nclack/tmp/2026-09-24-damacy-cold-blocks/job-3822266/results/smooth4-lz4-c512-b256/concurrency/full-scan/repeat-1/chunks256-default/attempts.json,/0,cpu-chunk-blocks,"{""attempt"":1,""status"":""complete""}",complete,False,
/mnt/main0/home/nclack/tmp/2026-09-24-damacy-cold-blocks/job-3822266/results/smooth4-lz4-c512-b256/concurrency/full-scan/repeat-1/chunks256-random/attempts.json,/0,cpu-chunk-blocks,"{""attempt"":1,""status"":""complete""}",complete,False,
/mnt/main0/home/nclack/tmp/2026-09-24-damacy-cold-blocks/job-3822266/results/smooth4-lz4-c512-b256/concurrency/full-scan/repeat-1/tensorstore/attempts.json,/0,cpu-chunk-blocks,"{""attempt"":1,""status"":""complete""}",complete,False,
/mnt/main0/home/nclack/tmp/2026-09-24-damacy-cold-blocks/job-3822266/results/smooth4-lz4-c512-b256/concurrency/random-1x256x256/repeat-1/chunks256-default/attempts.json,/0,cpu-chunk-blocks,"{""attempt"":1,""status"":""complete""}",complete,False,
/mnt/main0/home/nclack/tmp/2026-09-24-damacy-cold-blocks/job-3822266/results/smooth4-lz4-c512-b256/concurrency/random-1x256x256/repeat-1/chunks256-random/attempts.json,/0,cpu-chunk-blocks,"{""attempt"":1,""status"":""complete""}",complete,False,
/mnt/main0/home/nclack/tmp/2026-09-24-damacy-cold-blocks/job-3822266/results/smooth4-lz4-c512-b256/concurrency/random-1x256x256/repeat-1/tensorstore/attempts.json,/0,cpu-chunk-blocks,"{""attempt"":1,""status"":""complete""}",complete,False,
/mnt/main0/home/nclack/tmp/2026-09-24-damacy-cold-blocks/job-3822266/results/smooth4-lz4-c512-b256/full-scan/cold/repeat-1/chunks256-default/attempts.json,/0,cpu-chunk-blocks,"{""attempt"":1,""status"":""complete""}",complete,False,
/mnt/main0/home/nclack/tmp/2026-09-24-damacy-cold-blocks/job-3822266/results/smooth4-lz4-c512-b256/full-scan/cold/repeat-1/chunks256-random/attempts.json,/0,cpu-chunk-blocks,"{""attempt"":1,""status"":""complete""}",complete,False,
/mnt/main0/home/nclack/tmp/2026-09-24-damacy-cold-blocks/job-3822266/results/smooth4-lz4-c512-b256/full-scan/cold/repeat-1/tensorstore/attempts.json,/0,cpu-chunk-blocks,"{""attempt"":1,""status"":""complete""}",complete,False,
/mnt/main0/home/nclack/tmp/2026-09-24-damacy-cold-blocks/job-3822266/results/smooth4-lz4-c512-b256/full-scan/cold/repeat-2/chunks256-default/attempts.json,/0,cpu-chunk-blocks,"{""attempt"":1,""status"":""complete""}",complete,False,
/mnt/main0/home/nclack/tmp/2026-09-24-damacy-cold-blocks/job-3822266/results/smooth4-lz4-c512-b256/full-scan/cold/repeat-2/chunks256-random/attempts.json,/0,cpu-chunk-blocks,"{""attempt"":1,""status"":""complete""}",complete,False,
/mnt/main0/home/nclack/tmp/2026-09-24-damacy-cold-blocks/job-3822266/results/smooth4-lz4-c512-b256/full-scan/cold/repeat-2/tensorstore/attempts.json,/0,cpu-chunk-blocks,"{""attempt"":1,""status"":""complete""}",complete,False,
/mnt/main0/home/nclack/tmp/2026-09-24-damacy-cold-blocks/job-3822266/results/smooth4-lz4-c512-b256/full-scan/cold/repeat-3/chunks256-default/attempts.json,/0,cpu-chunk-blocks,"{""attempt"":1,""status"":""complete""}",complete,False,
/mnt/main0/home/nclack/tmp/2026-09-24-damacy-cold-blocks/job-3822266/results/smooth4-lz4-c512-b256/full-scan/cold/repeat-3/chunks256-random/attempts.json,/0,cpu-chunk-blocks,"{""attempt"":1,""status"":""complete""}",complete,False,
/mnt/main0/home/nclack/tmp/2026-09-24-damacy-cold-blocks/job-3822266/results/smooth4-lz4-c512-b256/full-scan/cold/repeat-3/tensorstore/attempts.json,/0,cpu-chunk-blocks,"{""attempt"":1,""status"":""complete""}",complete,False,
/mnt/main0/home/nclack/tmp/2026-09-24-damacy-cold-blocks/job-3822266/results/smooth4-lz4-c512-b256/random-1x256x256/cold/repeat-1/chunks256-default/attempts.json,/0,cpu-chunk-blocks,"{""attempt"":1,""status"":""complete""}",complete,False,
/mnt/main0/home/nclack/tmp/2026-09-24-damacy-cold-blocks/job-3822266/results/smooth4-lz4-c512-b256/random-1x256x256/cold/repeat-1/chunks256-random/attempts.json,/0,cpu-chunk-blocks,"{""attempt"":1,""status"":""complete""}",complete,False,
/mnt/main0/home/nclack/tmp/2026-09-24-damacy-cold-blocks/job-3822266/results/smooth4-lz4-c512-b256/random-1x256x256/cold/repeat-1/tensorstore/attempts.json,/0,cpu-chunk-blocks,"{""attempt"":1,""status"":""complete""}",complete,False,
/mnt/main0/home/nclack/tmp/2026-09-24-damacy-cold-blocks/job-3822266/results/smooth4-lz4-c512-b256/random-1x256x256/cold/repeat-2/chunks256-default/attempts.json,/0,cpu-chunk-blocks,"{""attempt"":1,""status"":""complete""}",complete,False,
/mnt/main0/home/nclack/tmp/2026-09-24-damacy-cold-blocks/job-3822266/results/smooth4-lz4-c512-b256/random-1x256x256/cold/repeat-2/chunks256-random/attempts.json,/0,cpu-chunk-blocks,"{""attempt"":1,""status"":""complete""}",complete,False,
/mnt/main0/home/nclack/tmp/2026-09-24-damacy-cold-blocks/job-3822266/results/smooth4-lz4-c512-b256/random-1x256x256/cold/repeat-2/tensorstore/attempts.json,/0,cpu-chunk-blocks,"{""attempt"":1,""status"":""complete""}",complete,False,
/mnt/main0/home/nclack/tmp/2026-09-24-damacy-cold-blocks/job-3822266/results/smooth4-lz4-c512-b256/random-1x256x256/cold/repeat-3/chunks256-default/attempts.json,/0,cpu-chunk-blocks,"{""attempt"":1,""status"":""complete""}",complete,False,
/mnt/main0/home/nclack/tmp/2026-09-24-damacy-cold-blocks/job-3822266/results/smooth4-lz4-c512-b256/random-1x256x256/cold/repeat-3/chunks256-random/attempts.json,/0,cpu-chunk-blocks,"{""attempt"":1,""status"":""complete""}",complete,False,
/mnt/main0/home/nclack/tmp/2026-09-24-damacy-cold-blocks/job-3822266/results/smooth4-lz4-c512-b256/random-1x256x256/cold/repeat-3/tensorstore/attempts.json,/0,cpu-chunk-blocks,"{""attempt"":1,""status"":""complete""}",complete,False,
/mnt/main0/home/nclack/tmp/2026-09-24-damacy-cold-blocks/job-3822266/results/smooth4-lz4-c512-b512/concurrency/full-scan/repeat-1/chunks256-default/attempts.json,/0,cpu-chunk-blocks,"{""attempt"":1,""status"":""complete""}",complete,False,
/mnt/main0/home/nclack/tmp/2026-09-24-damacy-cold-blocks/job-3822266/results/smooth4-lz4-c512-b512/concurrency/full-scan/repeat-1/chunks256-random/attempts.json,/0,cpu-chunk-blocks,"{""attempt"":1,""status"":""complete""}",complete,False,
/mnt/main0/home/nclack/tmp/2026-09-24-damacy-cold-blocks/job-3822266/results/smooth4-lz4-c512-b512/concurrency/full-scan/repeat-1/tensorstore/attempts.json,/0,cpu-chunk-blocks,"{""attempt"":1,""status"":""complete""}",complete,False,
/mnt/main0/home/nclack/tmp/2026-09-24-damacy-cold-blocks/job-3822266/results/smooth4-lz4-c512-b512/concurrency/random-1x256x256/repeat-1/chunks256-default/attempts.json,/0,cpu-chunk-blocks,"{""attempt"":1,""status"":""complete""}",complete,False,
/mnt/main0/home/nclack/tmp/2026-09-24-damacy-cold-blocks/job-3822266/results/smooth4-lz4-c512-b512/concurrency/random-1x256x256/repeat-1/chunks256-random/attempts.json,/0,cpu-chunk-blocks,"{""attempt"":1,""status"":""complete""}",complete,False,
/mnt/main0/home/nclack/tmp/2026-09-24-damacy-cold-blocks/job-3822266/results/smooth4-lz4-c512-b512/concurrency/random-1x256x256/repeat-1/tensorstore/attempts.json,/0,cpu-chunk-blocks,"{""attempt"":1,""status"":""complete""}",complete,False,
/mnt/main0/home/nclack/tmp/2026-09-24-damacy-cold-blocks/job-3822266/results/smooth4-lz4-c512-b512/full-scan/cold/repeat-1/chunks256-default/attempts.json,/0,cpu-chunk-blocks,"{""attempt"":1,""status"":""complete""}",complete,False,
/mnt/main0/home/nclack/tmp/2026-09-24-damacy-cold-blocks/job-3822266/results/smooth4-lz4-c512-b512/full-scan/cold/repeat-1/chunks256-random/attempts.json,/0,cpu-chunk-blocks,"{""attempt"":1,""status"":""complete""}",complete,False,
/mnt/main0/home/nclack/tmp/2026-09-24-damacy-cold-blocks/job-3822266/results/smooth4-lz4-c512-b512/full-scan/cold/repeat-1/tensorstore/attempts.json,/0,cpu-chunk-blocks,"{""attempt"":1,""status"":""complete""}",complete,False,
/mnt/main0/home/nclack/tmp/2026-09-24-damacy-cold-blocks/job-3822266/results/smooth4-lz4-c512-b512/full-scan/cold/repeat-2/chunks256-default/attempts.json,/0,cpu-chunk-blocks,"{""attempt"":1,""status"":""complete""}",complete,False,
/mnt/main0/home/nclack/tmp/2026-09-24-damacy-cold-blocks/job-3822266/results/smooth4-lz4-c512-b512/full-scan/cold/repeat-2/chunks256-random/attempts.json,/0,cpu-chunk-blocks,"{""attempt"":1,""status"":""complete""}",complete,False,
/mnt/main0/home/nclack/tmp/2026-09-24-damacy-cold-blocks/job-3822266/results/smooth4-lz4-c512-b512/full-scan/cold/repeat-2/tensorstore/attempts.json,/0,cpu-chunk-blocks,"{""attempt"":1,""status"":""complete""}",complete,False,
/mnt/main0/home/nclack/tmp/2026-09-24-damacy-cold-blocks/job-3822266/results/smooth4-lz4-c512-b512/full-scan/cold/repeat-3/chunks256-default/attempts.json,/0,cpu-chunk-blocks,"{""attempt"":1,""status"":""complete""}",complete,False,
/mnt/main0/home/nclack/tmp/2026-09-24-damacy-cold-blocks/job-3822266/results/smooth4-lz4-c512-b512/full-scan/cold/repeat-3/chunks256-random/attempts.json,/0,cpu-chunk-blocks,"{""attempt"":1,""status"":""complete""}",complete,False,
/mnt/main0/home/nclack/tmp/2026-09-24-damacy-cold-blocks/job-3822266/results/smooth4-lz4-c512-b512/full-scan/cold/repeat-3/tensorstore/attempts.json,/0,cpu-chunk-blocks,"{""attempt"":1,""status"":""complete""}",complete,False,
/mnt/main0/home/nclack/tmp/2026-09-24-damacy-cold-blocks/job-3822266/results/smooth4-lz4-c512-b512/random-1x256x256/cold/repeat-1/chunks256-default/attempts.json,/0,cpu-chunk-blocks,"{""attempt"":1,""status"":""complete""}",complete,False,
/mnt/main0/home/nclack/tmp/2026-09-24-damacy-cold-blocks/job-3822266/results/smooth4-lz4-c512-b512/random-1x256x256/cold/repeat-1/chunks256-random/attempts.json,/0,cpu-chunk-blocks,"{""attempt"":1,""status"":""complete""}",complete,False,
/mnt/main0/home/nclack/tmp/2026-09-24-damacy-cold-blocks/job-3822266/results/smooth4-lz4-c512-b512/random-1x256x256/cold/repeat-1/tensorstore/attempts.json,/0,cpu-chunk-blocks,"{""attempt"":1,""status"":""complete""}",complete,False,
/mnt/main0/home/nclack/tmp/2026-09-24-damacy-cold-blocks/job-3822266/results/smooth4-lz4-c512-b512/random-1x256x256/cold/repeat-2/chunks256-default/attempts.json,/0,cpu-chunk-blocks,"{""attempt"":1,""status"":""complete""}",complete,False,
/mnt/main0/home/nclack/tmp/2026-09-24-damacy-cold-blocks/job-3822266/results/smooth4-lz4-c512-b512/random-1x256x256/cold/repeat-2/chunks256-random/attempts.json,/0,cpu-chunk-blocks,"{""attempt"":1,""status"":""complete""}",complete,False,
/mnt/main0/home/nclack/tmp/2026-09-24-damacy-cold-blocks/job-3822266/results/smooth4-lz4-c512-b512/random-1x256x256/cold/repeat-2/tensorstore/attempts.json,/0,cpu-chunk-blocks,"{""attempt"":1,""status"":""complete""}",complete,False,
/mnt/main0/home/nclack/tmp/2026-09-24-damacy-cold-blocks/job-3822266/results/smooth4-lz4-c512-b512/random-1x256x256/cold/repeat-3/chunks256-default/attempts.json,/0,cpu-chunk-blocks,"{""attempt"":1,""status"":""complete""}",complete,False,
/mnt/main0/home/nclack/tmp/2026-09-24-damacy-cold-blocks/job-3822266/results/smooth4-lz4-c512-b512/random-1x256x256/cold/repeat-3/chunks256-random/attempts.json,/0,cpu-chunk-blocks,"{""attempt"":1,""status"":""complete""}",complete,False,
/mnt/main0/home/nclack/tmp/2026-09-24-damacy-cold-blocks/job-3822266/results/smooth4-lz4-c512-b512/random-1x256x256/cold/repeat-3/tensorstore/attempts.json,/0,cpu-chunk-blocks,"{""attempt"":1,""status"":""complete""}",complete,False,
/mnt/main0/home/nclack/tmp/2026-09-24-damacy-cold-blocks/job-3822266/results/smooth4-lz4-c512-b64/concurrency/full-scan/repeat-1/chunks256-default/attempts.json,/0,cpu-chunk-blocks,"{""attempt"":1,""status"":""complete""}",complete,False,
/mnt/main0/home/nclack/tmp/2026-09-24-damacy-cold-blocks/job-3822266/results/smooth4-lz4-c512-b64/concurrency/full-scan/repeat-1/chunks256-random/attempts.json,/0,cpu-chunk-blocks,"{""attempt"":1,""status"":""complete""}",complete,False,
/mnt/main0/home/nclack/tmp/2026-09-24-damacy-cold-blocks/job-3822266/results/smooth4-lz4-c512-b64/concurrency/full-scan/repeat-1/tensorstore/attempts.json,/0,cpu-chunk-blocks,"{""attempt"":1,""status"":""complete""}",complete,False,
/mnt/main0/home/nclack/tmp/2026-09-24-damacy-cold-blocks/job-3822266/results/smooth4-lz4-c512-b64/concurrency/random-1x256x256/repeat-1/chunks256-default/attempts.json,/0,cpu-chunk-blocks,"{""attempt"":1,""status"":""complete""}",complete,False,
/mnt/main0/home/nclack/tmp/2026-09-24-damacy-cold-blocks/job-3822266/results/smooth4-lz4-c512-b64/concurrency/random-1x256x256/repeat-1/chunks256-random/attempts.json,/0,cpu-chunk-blocks,"{""attempt"":1,""status"":""complete""}",complete,False,
/mnt/main0/home/nclack/tmp/2026-09-24-damacy-cold-blocks/job-3822266/results/smooth4-lz4-c512-b64/concurrency/random-1x256x256/repeat-1/tensorstore/attempts.json,/0,cpu-chunk-blocks,"{""attempt"":1,""status"":""complete""}",complete,False,
/mnt/main0/home/nclack/tmp/2026-09-24-damacy-cold-blocks/job-3822266/results/smooth4-lz4-c512-b64/full-scan/cold/repeat-1/chunks256-default/attempts.json,/0,cpu-chunk-blocks,"{""attempt"":1,""status"":""complete""}",complete,False,
/mnt/main0/home/nclack/tmp/2026-09-24-damacy-cold-blocks/job-3822266/results/smooth4-lz4-c512-b64/full-scan/cold/repeat-1/chunks256-random/attempts.json,/0,cpu-chunk-blocks,"{""attempt"":1,""status"":""complete""}",complete,False,
/mnt/main0/home/nclack/tmp/2026-09-24-damacy-cold-blocks/job-3822266/results/smooth4-lz4-c512-b64/full-scan/cold/repeat-1/tensorstore/attempts.json,/0,cpu-chunk-blocks,"{""attempt"":1,""status"":""complete""}",complete,False,
/mnt/main0/home/nclack/tmp/2026-09-24-damacy-cold-blocks/job-3822266/results/smooth4-lz4-c512-b64/full-scan/cold/repeat-2/chunks256-default/attempts.json,/0,cpu-chunk-blocks,"{""attempt"":1,""status"":""complete""}",complete,False,
/mnt/main0/home/nclack/tmp/2026-09-24-damacy-cold-blocks/job-3822266/results/smooth4-lz4-c512-b64/full-scan/cold/repeat-2/chunks256-random/attempts.json,/0,cpu-chunk-blocks,"{""attempt"":1,""status"":""complete""}",complete,False,
/mnt/main0/home/nclack/tmp/2026-09-24-damacy-cold-blocks/job-3822266/results/smooth4-lz4-c512-b64/full-scan/cold/repeat-2/tensorstore/attempts.json,/0,cpu-chunk-blocks,"{""attempt"":1,""status"":""complete""}",complete,False,
/mnt/main0/home/nclack/tmp/2026-09-24-damacy-cold-blocks/job-3822266/results/smooth4-lz4-c512-b64/full-scan/cold/repeat-3/chunks256-default/attempts.json,/0,cpu-chunk-blocks,"{""attempt"":1,""status"":""complete""}",complete,False,
/mnt/main0/home/nclack/tmp/2026-09-24-damacy-cold-blocks/job-3822266/results/smooth4-lz4-c512-b64/full-scan/cold/repeat-3/chunks256-random/attempts.json,/0,cpu-chunk-blocks,"{""attempt"":1,""status"":""complete""}",complete,False,
/mnt/main0/home/nclack/tmp/2026-09-24-damacy-cold-blocks/job-3822266/results/smooth4-lz4-c512-b64/full-scan/cold/repeat-3/tensorstore/attempts.json,/0,cpu-chunk-blocks,"{""attempt"":1,""status"":""complete""}",complete,False,
/mnt/main0/home/nclack/tmp/2026-09-24-damacy-cold-blocks/job-3822266/results/smooth4-lz4-c512-b64/random-1x256x256/cold/repeat-1/chunks256-default/attempts.json,/0,cpu-chunk-blocks,"{""attempt"":1,""status"":""complete""}",complete,False,
/mnt/main0/home/nclack/tmp/2026-09-24-damacy-cold-blocks/job-3822266/results/smooth4-lz4-c512-b64/random-1x256x256/cold/repeat-1/chunks256-random/attempts.json,/0,cpu-chunk-blocks,"{""attempt"":1,""status"":""complete""}",complete,False,
/mnt/main0/home/nclack/tmp/2026-09-24-damacy-cold-blocks/job-3822266/results/smooth4-lz4-c512-b64/random-1x256x256/cold/repeat-1/tensorstore/attempts.json,/0,cpu-chunk-blocks,"{""attempt"":1,""status"":""complete""}",complete,False,
/mnt/main0/home/nclack/tmp/2026-09-24-damacy-cold-blocks/job-3822266/results/smooth4-lz4-c512-b64/random-1x256x256/cold/repeat-2/chunks256-default/attempts.json,/0,cpu-chunk-blocks,"{""attempt"":1,""status"":""complete""}",complete,False,
/mnt/main0/home/nclack/tmp/2026-09-24-damacy-cold-blocks/job-3822266/results/smooth4-lz4-c512-b64/random-1x256x256/cold/repeat-2/chunks256-random/attempts.json,/0,cpu-chunk-blocks,"{""attempt"":1,""status"":""complete""}",complete,False,
/mnt/main0/home/nclack/tmp/2026-09-24-damacy-cold-blocks/job-3822266/results/smooth4-lz4-c512-b64/random-1x256x256/cold/repeat-2/tensorstore/attempts.json,/0,cpu-chunk-blocks,"{""attempt"":1,""status"":""complete""}",complete,False,
/mnt/main0/home/nclack/tmp/2026-09-24-damacy-cold-blocks/job-3822266/results/smooth4-lz4-c512-b64/random-1x256x256/cold/repeat-3/chunks256-default/attempts.json,/0,cpu-chunk-blocks,"{""attempt"":1,""status"":""complete""}",complete,False,
/mnt/main0/home/nclack/tmp/2026-09-24-damacy-cold-blocks/job-3822266/results/smooth4-lz4-c512-b64/random-1x256x256/cold/repeat-3/chunks256-random/attempts.json,/0,cpu-chunk-blocks,"{""attempt"":1,""status"":""complete""}",complete,False,
/mnt/main0/home/nclack/tmp/2026-09-24-damacy-cold-blocks/job-3822266/results/smooth4-lz4-c512-b64/random-1x256x256/cold/repeat-3/tensorstore/attempts.json,/0,cpu-chunk-blocks,"{""attempt"":1,""status"":""complete""}",complete,False,
/mnt/main0/home/nclack/tmp/2026-09-24-damacy-cold-blocks/job-3822266/results/smooth4-zstd-c128-b128/concurrency/full-scan/repeat-1/chunks256-default/attempts.json,/0,cpu-chunk-blocks,"{""attempt"":1,""status"":""complete""}",complete,False,
/mnt/main0/home/nclack/tmp/2026-09-24-damacy-cold-blocks/job-3822266/results/smooth4-zstd-c128-b128/concurrency/full-scan/repeat-1/chunks256-random/attempts.json,/0,cpu-chunk-blocks,"{""attempt"":1,""status"":""complete""}",complete,False,
/mnt/main0/home/nclack/tmp/2026-09-24-damacy-cold-blocks/job-3822266/results/smooth4-zstd-c128-b128/concurrency/full-scan/repeat-1/tensorstore/attempts.json,/0,cpu-chunk-blocks,"{""attempt"":1,""status"":""complete""}",complete,False,
/mnt/main0/home/nclack/tmp/2026-09-24-damacy-cold-blocks/job-3822266/results/smooth4-zstd-c128-b128/concurrency/random-1x256x256/repeat-1/chunks256-default/attempts.json,/0,cpu-chunk-blocks,"{""attempt"":1,""status"":""complete""}",complete,False,
/mnt/main0/home/nclack/tmp/2026-09-24-damacy-cold-blocks/job-3822266/results/smooth4-zstd-c128-b128/concurrency/random-1x256x256/repeat-1/chunks256-random/attempts.json,/0,cpu-chunk-blocks,"{""attempt"":1,""status"":""complete""}",complete,False,
/mnt/main0/home/nclack/tmp/2026-09-24-damacy-cold-blocks/job-3822266/results/smooth4-zstd-c128-b128/concurrency/random-1x256x256/repeat-1/tensorstore/attempts.json,/0,cpu-chunk-blocks,"{""attempt"":1,""status"":""complete""}",complete,False,
/mnt/main0/home/nclack/tmp/2026-09-24-damacy-cold-blocks/job-3822266/results/smooth4-zstd-c128-b128/full-scan/cold/repeat-1/chunks256-default/attempts.json,/0,cpu-chunk-blocks,"{""attempt"":1,""status"":""complete""}",complete,False,
/mnt/main0/home/nclack/tmp/2026-09-24-damacy-cold-blocks/job-3822266/results/smooth4-zstd-c128-b128/full-scan/cold/repeat-1/chunks256-random/attempts.json,/0,cpu-chunk-blocks,"{""attempt"":1,""status"":""complete""}",complete,False,
/mnt/main0/home/nclack/tmp/2026-09-24-damacy-cold-blocks/job-3822266/results/smooth4-zstd-c128-b128/full-scan/cold/repeat-1/tensorstore/attempts.json,/0,cpu-chunk-blocks,"{""attempt"":1,""status"":""complete""}",complete,False,
/mnt/main0/home/nclack/tmp/2026-09-24-damacy-cold-blocks/job-3822266/results/smooth4-zstd-c128-b128/full-scan/cold/repeat-2/chunks256-default/attempts.json,/0,cpu-chunk-blocks,"{""attempt"":1,""status"":""complete""}",complete,False,
/mnt/main0/home/nclack/tmp/2026-09-24-damacy-cold-blocks/job-3822266/results/smooth4-zstd-c128-b128/full-scan/cold/repeat-2/chunks256-random/attempts.json,/0,cpu-chunk-blocks,"{""attempt"":1,""status"":""complete""}",complete,False,
/mnt/main0/home/nclack/tmp/2026-09-24-damacy-cold-blocks/job-3822266/results/smooth4-zstd-c128-b128/full-scan/cold/repeat-2/tensorstore/attempts.json,/0,cpu-chunk-blocks,"{""attempt"":1,""status"":""complete""}",complete,False,
/mnt/main0/home/nclack/tmp/2026-09-24-damacy-cold-blocks/job-3822266/results/smooth4-zstd-c128-b128/full-scan/cold/repeat-3/chunks256-default/attempts.json,/0,cpu-chunk-blocks,"{""attempt"":1,""status"":""complete""}",complete,False,
/mnt/main0/home/nclack/tmp/2026-09-24-damacy-cold-blocks/job-3822266/results/smooth4-zstd-c128-b128/full-scan/cold/repeat-3/chunks256-random/attempts.json,/0,cpu-chunk-blocks,"{""attempt"":1,""status"":""complete""}",complete,False,
/mnt/main0/home/nclack/tmp/2026-09-24-damacy-cold-blocks/job-3822266/results/smooth4-zstd-c128-b128/full-scan/cold/repeat-3/tensorstore/attempts.json,/0,cpu-chunk-blocks,"{""attempt"":1,""status"":""complete""}",complete,False,
/mnt/main0/home/nclack/tmp/2026-09-24-damacy-cold-blocks/job-3822266/results/smooth4-zstd-c128-b128/random-1x256x256/cold/repeat-1/chunks256-default/attempts.json,/0,cpu-chunk-blocks,"{""attempt"":1,""status"":""complete""}",complete,False,
/mnt/main0/home/nclack/tmp/2026-09-24-damacy-cold-blocks/job-3822266/results/smooth4-zstd-c128-b128/random-1x256x256/cold/repeat-1/chunks256-random/attempts.json,/0,cpu-chunk-blocks,"{""attempt"":1,""status"":""complete""}",complete,False,
/mnt/main0/home/nclack/tmp/2026-09-24-damacy-cold-blocks/job-3822266/results/smooth4-zstd-c128-b128/random-1x256x256/cold/repeat-1/tensorstore/attempts.json,/0,cpu-chunk-blocks,"{""attempt"":1,""status"":""complete""}",complete,False,
/mnt/main0/home/nclack/tmp/2026-09-24-damacy-cold-blocks/job-3822266/results/smooth4-zstd-c128-b128/random-1x256x256/cold/repeat-2/chunks256-default/attempts.json,/0,cpu-chunk-blocks,"{""attempt"":1,""status"":""complete""}",complete,False,
/mnt/main0/home/nclack/tmp/2026-09-24-damacy-cold-blocks/job-3822266/results/smooth4-zstd-c128-b128/random-1x256x256/cold/repeat-2/chunks256-random/attempts.json,/0,cpu-chunk-blocks,"{""attempt"":1,""status"":""complete""}",complete,False,
/mnt/main0/home/nclack/tmp/2026-09-24-damacy-cold-blocks/job-3822266/results/smooth4-zstd-c128-b128/random-1x256x256/cold/repeat-2/tensorstore/attempts.json,/0,cpu-chunk-blocks,"{""attempt"":1,""status"":""complete""}",complete,False,
/mnt/main0/home/nclack/tmp/2026-09-24-damacy-cold-blocks/job-3822266/results/smooth4-zstd-c128-b128/random-1x256x256/cold/repeat-3/chunks256-default/attempts.json,/0,cpu-chunk-blocks,"{""attempt"":1,""status"":""complete""}",complete,False,
/mnt/main0/home/nclack/tmp/2026-09-24-damacy-cold-blocks/job-3822266/results/smooth4-zstd-c128-b128/random-1x256x256/cold/repeat-3/chunks256-random/attempts.json,/0,cpu-chunk-blocks,"{""attempt"":1,""status"":""complete""}",complete,False,
/mnt/main0/home/nclack/tmp/2026-09-24-damacy-cold-blocks/job-3822266/results/smooth4-zstd-c128-b128/random-1x256x256/cold/repeat-3/tensorstore/attempts.json,/0,cpu-chunk-blocks,"{""attempt"":1,""status"":""complete""}",complete,False,
/mnt/main0/home/nclack/tmp/2026-09-24-damacy-cold-blocks/job-3822266/results/smooth4-zstd-c128-b16/concurrency/full-scan/repeat-1/chunks256-default/attempts.json,/0,cpu-chunk-blocks,"{""attempt"":1,""status"":""complete""}",complete,False,
/mnt/main0/home/nclack/tmp/2026-09-24-damacy-cold-blocks/job-3822266/results/smooth4-zstd-c128-b16/concurrency/full-scan/repeat-1/chunks256-random/attempts.json,/0,cpu-chunk-blocks,"{""attempt"":1,""status"":""complete""}",complete,False,
/mnt/main0/home/nclack/tmp/2026-09-24-damacy-cold-blocks/job-3822266/results/smooth4-zstd-c128-b16/concurrency/full-scan/repeat-1/tensorstore/attempts.json,/0,cpu-chunk-blocks,"{""attempt"":1,""status"":""complete""}",complete,False,
/mnt/main0/home/nclack/tmp/2026-09-24-damacy-cold-blocks/job-3822266/results/smooth4-zstd-c128-b16/concurrency/random-1x256x256/repeat-1/chunks256-default/attempts.json,/0,cpu-chunk-blocks,"{""attempt"":1,""status"":""complete""}",complete,False,
/mnt/main0/home/nclack/tmp/2026-09-24-damacy-cold-blocks/job-3822266/results/smooth4-zstd-c128-b16/concurrency/random-1x256x256/repeat-1/chunks256-random/attempts.json,/0,cpu-chunk-blocks,"{""attempt"":1,""status"":""complete""}",complete,False,
/mnt/main0/home/nclack/tmp/2026-09-24-damacy-cold-blocks/job-3822266/results/smooth4-zstd-c128-b16/concurrency/random-1x256x256/repeat-1/tensorstore/attempts.json,/0,cpu-chunk-blocks,"{""attempt"":1,""status"":""complete""}",complete,False,
/mnt/main0/home/nclack/tmp/2026-09-24-damacy-cold-blocks/job-3822266/results/smooth4-zstd-c128-b16/full-scan/cold/repeat-1/chunks256-default/attempts.json,/0,cpu-chunk-blocks,"{""attempt"":1,""status"":""complete""}",complete,False,
/mnt/main0/home/nclack/tmp/2026-09-24-damacy-cold-blocks/job-3822266/results/smooth4-zstd-c128-b16/full-scan/cold/repeat-1/chunks256-random/attempts.json,/0,cpu-chunk-blocks,"{""attempt"":1,""status"":""complete""}",complete,False,
/mnt/main0/home/nclack/tmp/2026-09-24-damacy-cold-blocks/job-3822266/results/smooth4-zstd-c128-b16/full-scan/cold/repeat-1/tensorstore/attempts.json,/0,cpu-chunk-blocks,"{""attempt"":1,""status"":""complete""}",complete,False,
/mnt/main0/home/nclack/tmp/2026-09-24-damacy-cold-blocks/job-3822266/results/smooth4-zstd-c128-b16/full-scan/cold/repeat-2/chunks256-default/attempts.json,/0,cpu-chunk-blocks,"{""attempt"":1,""status"":""complete""}",complete,False,
/mnt/main0/home/nclack/tmp/2026-09-24-damacy-cold-blocks/job-3822266/results/smooth4-zstd-c128-b16/full-scan/cold/repeat-2/chunks256-random/attempts.json,/0,cpu-chunk-blocks,"{""attempt"":1,""status"":""complete""}",complete,False,
/mnt/main0/home/nclack/tmp/2026-09-24-damacy-cold-blocks/job-3822266/results/smooth4-zstd-c128-b16/full-scan/cold/repeat-2/tensorstore/attempts.json,/0,cpu-chunk-blocks,"{""attempt"":1,""status"":""complete""}",complete,False,
/mnt/main0/home/nclack/tmp/2026-09-24-damacy-cold-blocks/job-3822266/results/smooth4-zstd-c128-b16/full-scan/cold/repeat-3/chunks256-default/attempts.json,/0,cpu-chunk-blocks,"{""attempt"":1,""status"":""complete""}",complete,False,
/mnt/main0/home/nclack/tmp/2026-09-24-damacy-cold-blocks/job-3822266/results/smooth4-zstd-c128-b16/full-scan/cold/repeat-3/chunks256-random/attempts.json,/0,cpu-chunk-blocks,"{""attempt"":1,""status"":""complete""}",complete,False,
/mnt/main0/home/nclack/tmp/2026-09-24-damacy-cold-blocks/job-3822266/results/smooth4-zstd-c128-b16/full-scan/cold/repeat-3/tensorstore/attempts.json,/0,cpu-chunk-blocks,"{""attempt"":1,""status"":""complete""}",complete,False,
/mnt/main0/home/nclack/tmp/2026-09-24-damacy-cold-blocks/job-3822266/results/smooth4-zstd-c128-b16/random-1x256x256/cold/repeat-1/chunks256-default/attempts.json,/0,cpu-chunk-blocks,"{""attempt"":1,""status"":""complete""}",complete,False,
/mnt/main0/home/nclack/tmp/2026-09-24-damacy-cold-blocks/job-3822266/results/smooth4-zstd-c128-b16/random-1x256x256/cold/repeat-1/chunks256-random/attempts.json,/0,cpu-chunk-blocks,"{""attempt"":1,""status"":""complete""}",complete,False,
/mnt/main0/home/nclack/tmp/2026-09-24-damacy-cold-blocks/job-3822266/results/smooth4-zstd-c128-b16/random-1x256x256/cold/repeat-1/tensorstore/attempts.json,/0,cpu-chunk-blocks,"{""attempt"":1,""status"":""complete""}",complete,False,
/mnt/main0/home/nclack/tmp/2026-09-24-damacy-cold-blocks/job-3822266/results/smooth4-zstd-c128-b16/random-1x256x256/cold/repeat-2/chunks256-default/attempts.json,/0,cpu-chunk-blocks,"{""attempt"":1,""status"":""complete""}",complete,False,
/mnt/main0/home/nclack/tmp/2026-09-24-damacy-cold-blocks/job-3822266/results/smooth4-zstd-c128-b16/random-1x256x256/cold/repeat-2/chunks256-random/attempts.json,/0,cpu-chunk-blocks,"{""attempt"":1,""status"":""complete""}",complete,False,
/mnt/main0/home/nclack/tmp/2026-09-24-damacy-cold-blocks/job-3822266/results/smooth4-zstd-c128-b16/random-1x256x256/cold/repeat-2/tensorstore/attempts.json,/0,cpu-chunk-blocks,"{""attempt"":1,""status"":""complete""}",complete,False,
/mnt/main0/home/nclack/tmp/2026-09-24-damacy-cold-blocks/job-3822266/results/smooth4-zstd-c128-b16/random-1x256x256/cold/repeat-3/chunks256-default/attempts.json,/0,cpu-chunk-blocks,"{""attempt"":1,""status"":""complete""}",complete,False,
/mnt/main0/home/nclack/tmp/2026-09-24-damacy-cold-blocks/job-3822266/results/smooth4-zstd-c128-b16/random-1x256x256/cold/repeat-3/chunks256-random/attempts.json,/0,cpu-chunk-blocks,"{""attempt"":1,""status"":""complete""}",complete,False,
/mnt/main0/home/nclack/tmp/2026-09-24-damacy-cold-blocks/job-3822266/results/smooth4-zstd-c128-b16/random-1x256x256/cold/repeat-3/tensorstore/attempts.json,/0,cpu-chunk-blocks,"{""attempt"":1,""status"":""complete""}",complete,False,
/mnt/main0/home/nclack/tmp/2026-09-24-damacy-cold-blocks/job-3822266/results/smooth4-zstd-c128-b64/concurrency/full-scan/repeat-1/chunks256-default/attempts.json,/0,cpu-chunk-blocks,"{""attempt"":1,""status"":""complete""}",complete,False,
/mnt/main0/home/nclack/tmp/2026-09-24-damacy-cold-blocks/job-3822266/results/smooth4-zstd-c128-b64/concurrency/full-scan/repeat-1/chunks256-random/attempts.json,/0,cpu-chunk-blocks,"{""attempt"":1,""status"":""complete""}",complete,False,
/mnt/main0/home/nclack/tmp/2026-09-24-damacy-cold-blocks/job-3822266/results/smooth4-zstd-c128-b64/concurrency/full-scan/repeat-1/tensorstore/attempts.json,/0,cpu-chunk-blocks,"{""attempt"":1,""status"":""complete""}",complete,False,
/mnt/main0/home/nclack/tmp/2026-09-24-damacy-cold-blocks/job-3822266/results/smooth4-zstd-c128-b64/concurrency/random-1x256x256/repeat-1/chunks256-default/attempts.json,/0,cpu-chunk-blocks,"{""attempt"":1,""status"":""complete""}",complete,False,
/mnt/main0/home/nclack/tmp/2026-09-24-damacy-cold-blocks/job-3822266/results/smooth4-zstd-c128-b64/concurrency/random-1x256x256/repeat-1/chunks256-random/attempts.json,/0,cpu-chunk-blocks,"{""attempt"":1,""status"":""complete""}",complete,False,
/mnt/main0/home/nclack/tmp/2026-09-24-damacy-cold-blocks/job-3822266/results/smooth4-zstd-c128-b64/concurrency/random-1x256x256/repeat-1/tensorstore/attempts.json,/0,cpu-chunk-blocks,"{""attempt"":1,""status"":""complete""}",complete,False,
/mnt/main0/home/nclack/tmp/2026-09-24-damacy-cold-blocks/job-3822266/results/smooth4-zstd-c128-b64/full-scan/cold/repeat-1/chunks256-default/attempts.json,/0,cpu-chunk-blocks,"{""attempt"":1,""status"":""complete""}",complete,False,
/mnt/main0/home/nclack/tmp/2026-09-24-damacy-cold-blocks/job-3822266/results/smooth4-zstd-c128-b64/full-scan/cold/repeat-1/chunks256-random/attempts.json,/0,cpu-chunk-blocks,"{""attempt"":1,""status"":""complete""}",complete,False,
/mnt/main0/home/nclack/tmp/2026-09-24-damacy-cold-blocks/job-3822266/results/smooth4-zstd-c128-b64/full-scan/cold/repeat-1/tensorstore/attempts.json,/0,cpu-chunk-blocks,"{""attempt"":1,""status"":""complete""}",complete,False,
/mnt/main0/home/nclack/tmp/2026-09-24-damacy-cold-blocks/job-3822266/results/smooth4-zstd-c128-b64/full-scan/cold/repeat-2/chunks256-default/attempts.json,/0,cpu-chunk-blocks,"{""attempt"":1,""status"":""complete""}",complete,False,
/mnt/main0/home/nclack/tmp/2026-09-24-damacy-cold-blocks/job-3822266/results/smooth4-zstd-c128-b64/full-scan/cold/repeat-2/chunks256-random/attempts.json,/0,cpu-chunk-blocks,"{""attempt"":1,""status"":""complete""}",complete,False,
/mnt/main0/home/nclack/tmp/2026-09-24-damacy-cold-blocks/job-3822266/results/smooth4-zstd-c128-b64/full-scan/cold/repeat-2/tensorstore/attempts.json,/0,cpu-chunk-blocks,"{""attempt"":1,""status"":""complete""}",complete,False,
/mnt/main0/home/nclack/tmp/2026-09-24-damacy-cold-blocks/job-3822266/results/smooth4-zstd-c128-b64/full-scan/cold/repeat-3/chunks256-default/attempts.json,/0,cpu-chunk-blocks,"{""attempt"":1,""status"":""complete""}",complete,False,
/mnt/main0/home/nclack/tmp/2026-09-24-damacy-cold-blocks/job-3822266/results/smooth4-zstd-c128-b64/full-scan/cold/repeat-3/chunks256-random/attempts.json,/0,cpu-chunk-blocks,"{""attempt"":1,""status"":""complete""}",complete,False,
/mnt/main0/home/nclack/tmp/2026-09-24-damacy-cold-blocks/job-3822266/results/smooth4-zstd-c128-b64/full-scan/cold/repeat-3/tensorstore/attempts.json,/0,cpu-chunk-blocks,"{""attempt"":1,""status"":""complete""}",complete,False,
/mnt/main0/home/nclack/tmp/2026-09-24-damacy-cold-blocks/job-3822266/results/smooth4-zstd-c128-b64/random-1x256x256/cold/repeat-1/chunks256-default/attempts.json,/0,cpu-chunk-blocks,"{""attempt"":1,""status"":""complete""}",complete,False,
/mnt/main0/home/nclack/tmp/2026-09-24-damacy-cold-blocks/job-3822266/results/smooth4-zstd-c128-b64/random-1x256x256/cold/repeat-1/chunks256-random/attempts.json,/0,cpu-chunk-blocks,"{""attempt"":1,""status"":""complete""}",complete,False,
/mnt/main0/home/nclack/tmp/2026-09-24-damacy-cold-blocks/job-3822266/results/smooth4-zstd-c128-b64/random-1x256x256/cold/repeat-1/tensorstore/attempts.json,/0,cpu-chunk-blocks,"{""attempt"":1,""status"":""complete""}",complete,False,
/mnt/main0/home/nclack/tmp/2026-09-24-damacy-cold-blocks/job-3822266/results/smooth4-zstd-c128-b64/random-1x256x256/cold/repeat-2/chunks256-default/attempts.json,/0,cpu-chunk-blocks,"{""attempt"":1,""status"":""complete""}",complete,False,
/mnt/main0/home/nclack/tmp/2026-09-24-damacy-cold-blocks/job-3822266/results/smooth4-zstd-c128-b64/random-1x256x256/cold/repeat-2/chunks256-random/attempts.json,/0,cpu-chunk-blocks,"{""attempt"":1,""status"":""complete""}",complete,False,
/mnt/main0/home/nclack/tmp/2026-09-24-damacy-cold-blocks/job-3822266/results/smooth4-zstd-c128-b64/random-1x256x256/cold/repeat-2/tensorstore/attempts.json,/0,cpu-chunk-blocks,"{""attempt"":1,""status"":""complete""}",complete,False,
/mnt/main0/home/nclack/tmp/2026-09-24-damacy-cold-blocks/job-3822266/results/smooth4-zstd-c128-b64/random-1x256x256/cold/repeat-3/chunks256-default/attempts.json,/0,cpu-chunk-blocks,"{""attempt"":1,""status"":""complete""}",complete,False,
/mnt/main0/home/nclack/tmp/2026-09-24-damacy-cold-blocks/job-3822266/results/smooth4-zstd-c128-b64/random-1x256x256/cold/repeat-3/chunks256-random/attempts.json,/0,cpu-chunk-blocks,"{""attempt"":1,""status"":""complete""}",complete,False,
/mnt/main0/home/nclack/tmp/2026-09-24-damacy-cold-blocks/job-3822266/results/smooth4-zstd-c128-b64/random-1x256x256/cold/repeat-3/tensorstore/attempts.json,/0,cpu-chunk-blocks,"{""attempt"":1,""status"":""complete""}",complete,False,
/mnt/main0/home/nclack/tmp/2026-09-24-damacy-cold-blocks/job-3822266/results/smooth4-zstd-c32-b16/concurrency/full-scan/repeat-1/chunks256-default/attempts.json,/0,cpu-chunk-blocks,"{""attempt"":1,""status"":""complete""}",complete,False,
/mnt/main0/home/nclack/tmp/2026-09-24-damacy-cold-blocks/job-3822266/results/smooth4-zstd-c32-b16/concurrency/full-scan/repeat-1/chunks256-random/attempts.json,/0,cpu-chunk-blocks,"{""attempt"":1,""status"":""complete""}",complete,False,
/mnt/main0/home/nclack/tmp/2026-09-24-damacy-cold-blocks/job-3822266/results/smooth4-zstd-c32-b16/concurrency/full-scan/repeat-1/tensorstore/attempts.json,/0,cpu-chunk-blocks,"{""attempt"":1,""status"":""complete""}",complete,False,
/mnt/main0/home/nclack/tmp/2026-09-24-damacy-cold-blocks/job-3822266/results/smooth4-zstd-c32-b16/concurrency/random-1x256x256/repeat-1/chunks256-default/attempts.json,/0,cpu-chunk-blocks,"{""attempt"":1,""status"":""complete""}",complete,False,
/mnt/main0/home/nclack/tmp/2026-09-24-damacy-cold-blocks/job-3822266/results/smooth4-zstd-c32-b16/concurrency/random-1x256x256/repeat-1/chunks256-random/attempts.json,/0,cpu-chunk-blocks,"{""attempt"":1,""status"":""complete""}",complete,False,
/mnt/main0/home/nclack/tmp/2026-09-24-damacy-cold-blocks/job-3822266/results/smooth4-zstd-c32-b16/concurrency/random-1x256x256/repeat-1/tensorstore/attempts.json,/0,cpu-chunk-blocks,"{""attempt"":1,""status"":""complete""}",complete,False,
/mnt/main0/home/nclack/tmp/2026-09-24-damacy-cold-blocks/job-3822266/results/smooth4-zstd-c32-b16/full-scan/cold/repeat-1/chunks256-default/attempts.json,/0,cpu-chunk-blocks,"{""attempt"":1,""status"":""complete""}",complete,False,
/mnt/main0/home/nclack/tmp/2026-09-24-damacy-cold-blocks/job-3822266/results/smooth4-zstd-c32-b16/full-scan/cold/repeat-1/chunks256-random/attempts.json,/0,cpu-chunk-blocks,"{""attempt"":1,""status"":""complete""}",complete,False,
/mnt/main0/home/nclack/tmp/2026-09-24-damacy-cold-blocks/job-3822266/results/smooth4-zstd-c32-b16/full-scan/cold/repeat-1/tensorstore/attempts.json,/0,cpu-chunk-blocks,"{""attempt"":1,""status"":""complete""}",complete,False,
/mnt/main0/home/nclack/tmp/2026-09-24-damacy-cold-blocks/job-3822266/results/smooth4-zstd-c32-b16/full-scan/cold/repeat-2/chunks256-default/attempts.json,/0,cpu-chunk-blocks,"{""attempt"":1,""status"":""complete""}",complete,False,
/mnt/main0/home/nclack/tmp/2026-09-24-damacy-cold-blocks/job-3822266/results/smooth4-zstd-c32-b16/full-scan/cold/repeat-2/chunks256-random/attempts.json,/0,cpu-chunk-blocks,"{""attempt"":1,""status"":""complete""}",complete,False,
/mnt/main0/home/nclack/tmp/2026-09-24-damacy-cold-blocks/job-3822266/results/smooth4-zstd-c32-b16/full-scan/cold/repeat-2/tensorstore/attempts.json,/0,cpu-chunk-blocks,"{""attempt"":1,""status"":""complete""}",complete,False,
/mnt/main0/home/nclack/tmp/2026-09-24-damacy-cold-blocks/job-3822266/results/smooth4-zstd-c32-b16/full-scan/cold/repeat-3/chunks256-default/attempts.json,/0,cpu-chunk-blocks,"{""attempt"":1,""status"":""complete""}",complete,False,
/mnt/main0/home/nclack/tmp/2026-09-24-damacy-cold-blocks/job-3822266/results/smooth4-zstd-c32-b16/full-scan/cold/repeat-3/chunks256-random/attempts.json,/0,cpu-chunk-blocks,"{""attempt"":1,""status"":""complete""}",complete,False,
/mnt/main0/home/nclack/tmp/2026-09-24-damacy-cold-blocks/job-3822266/results/smooth4-zstd-c32-b16/full-scan/cold/repeat-3/tensorstore/attempts.json,/0,cpu-chunk-blocks,"{""attempt"":1,""status"":""complete""}",complete,False,
/mnt/main0/home/nclack/tmp/2026-09-24-damacy-cold-blocks/job-3822266/results/smooth4-zstd-c32-b16/random-1x256x256/cold/repeat-1/chunks256-default/attempts.json,/0,cpu-chunk-blocks,"{""attempt"":1,""status"":""complete""}",complete,False,
/mnt/main0/home/nclack/tmp/2026-09-24-damacy-cold-blocks/job-3822266/results/smooth4-zstd-c32-b16/random-1x256x256/cold/repeat-1/chunks256-random/attempts.json,/0,cpu-chunk-blocks,"{""attempt"":1,""status"":""complete""}",complete,False,
/mnt/main0/home/nclack/tmp/2026-09-24-damacy-cold-blocks/job-3822266/results/smooth4-zstd-c32-b16/random-1x256x256/cold/repeat-1/tensorstore/attempts.json,/0,cpu-chunk-blocks,"{""attempt"":1,""status"":""complete""}",complete,False,
/mnt/main0/home/nclack/tmp/2026-09-24-damacy-cold-blocks/job-3822266/results/smooth4-zstd-c32-b16/random-1x256x256/cold/repeat-2/chunks256-default/attempts.json,/0,cpu-chunk-blocks,"{""attempt"":1,""status"":""complete""}",complete,False,
/mnt/main0/home/nclack/tmp/2026-09-24-damacy-cold-blocks/job-3822266/results/smooth4-zstd-c32-b16/random-1x256x256/cold/repeat-2/chunks256-random/attempts.json,/0,cpu-chunk-blocks,"{""attempt"":1,""status"":""complete""}",complete,False,
/mnt/main0/home/nclack/tmp/2026-09-24-damacy-cold-blocks/job-3822266/results/smooth4-zstd-c32-b16/random-1x256x256/cold/repeat-2/tensorstore/attempts.json,/0,cpu-chunk-blocks,"{""attempt"":1,""status"":""complete""}",complete,False,
/mnt/main0/home/nclack/tmp/2026-09-24-damacy-cold-blocks/job-3822266/results/smooth4-zstd-c32-b16/random-1x256x256/cold/repeat-3/chunks256-default/attempts.json,/0,cpu-chunk-blocks,"{""attempt"":1,""status"":""complete""}",complete,False,
/mnt/main0/home/nclack/tmp/2026-09-24-damacy-cold-blocks/job-3822266/results/smooth4-zstd-c32-b16/random-1x256x256/cold/repeat-3/chunks256-random/attempts.json,/0,cpu-chunk-blocks,"{""attempt"":1,""status"":""complete""}",complete,False,
/mnt/main0/home/nclack/tmp/2026-09-24-damacy-cold-blocks/job-3822266/results/smooth4-zstd-c32-b16/random-1x256x256/cold/repeat-3/tensorstore/attempts.json,/0,cpu-chunk-blocks,"{""attempt"":1,""status"":""complete""}",complete,False,
/mnt/main0/home/nclack/tmp/2026-09-24-damacy-cold-blocks/job-3822266/results/smooth4-zstd-c32-b32/concurrency/full-scan/repeat-1/chunks256-default/attempts.json,/0,cpu-chunk-blocks,"{""attempt"":1,""status"":""complete""}",complete,False,
/mnt/main0/home/nclack/tmp/2026-09-24-damacy-cold-blocks/job-3822266/results/smooth4-zstd-c32-b32/concurrency/full-scan/repeat-1/chunks256-random/attempts.json,/0,cpu-chunk-blocks,"{""attempt"":1,""status"":""complete""}",complete,False,
/mnt/main0/home/nclack/tmp/2026-09-24-damacy-cold-blocks/job-3822266/results/smooth4-zstd-c32-b32/concurrency/full-scan/repeat-1/tensorstore/attempts.json,/0,cpu-chunk-blocks,"{""attempt"":1,""status"":""complete""}",complete,False,
/mnt/main0/home/nclack/tmp/2026-09-24-damacy-cold-blocks/job-3822266/results/smooth4-zstd-c32-b32/concurrency/random-1x256x256/repeat-1/chunks256-default/attempts.json,/0,cpu-chunk-blocks,"{""attempt"":1,""status"":""complete""}",complete,False,
/mnt/main0/home/nclack/tmp/2026-09-24-damacy-cold-blocks/job-3822266/results/smooth4-zstd-c32-b32/concurrency/random-1x256x256/repeat-1/chunks256-random/attempts.json,/0,cpu-chunk-blocks,"{""attempt"":1,""status"":""complete""}",complete,False,
/mnt/main0/home/nclack/tmp/2026-09-24-damacy-cold-blocks/job-3822266/results/smooth4-zstd-c32-b32/concurrency/random-1x256x256/repeat-1/tensorstore/attempts.json,/0,cpu-chunk-blocks,"{""attempt"":1,""status"":""complete""}",complete,False,
/mnt/main0/home/nclack/tmp/2026-09-24-damacy-cold-blocks/job-3822266/results/smooth4-zstd-c32-b32/full-scan/cold/repeat-1/chunks256-default/attempts.json,/0,cpu-chunk-blocks,"{""attempt"":1,""status"":""complete""}",complete,False,
/mnt/main0/home/nclack/tmp/2026-09-24-damacy-cold-blocks/job-3822266/results/smooth4-zstd-c32-b32/full-scan/cold/repeat-1/chunks256-random/attempts.json,/0,cpu-chunk-blocks,"{""attempt"":1,""status"":""complete""}",complete,False,
/mnt/main0/home/nclack/tmp/2026-09-24-damacy-cold-blocks/job-3822266/results/smooth4-zstd-c32-b32/full-scan/cold/repeat-1/tensorstore/attempts.json,/0,cpu-chunk-blocks,"{""attempt"":1,""status"":""complete""}",complete,False,
/mnt/main0/home/nclack/tmp/2026-09-24-damacy-cold-blocks/job-3822266/results/smooth4-zstd-c32-b32/full-scan/cold/repeat-2/chunks256-default/attempts.json,/0,cpu-chunk-blocks,"{""attempt"":1,""status"":""complete""}",complete,False,
/mnt/main0/home/nclack/tmp/2026-09-24-damacy-cold-blocks/job-3822266/results/smooth4-zstd-c32-b32/full-scan/cold/repeat-2/chunks256-random/attempts.json,/0,cpu-chunk-blocks,"{""attempt"":1,""status"":""complete""}",complete,False,
/mnt/main0/home/nclack/tmp/2026-09-24-damacy-cold-blocks/job-3822266/results/smooth4-zstd-c32-b32/full-scan/cold/repeat-2/tensorstore/attempts.json,/0,cpu-chunk-blocks,"{""attempt"":1,""status"":""complete""}",complete,False,
/mnt/main0/home/nclack/tmp/2026-09-24-damacy-cold-blocks/job-3822266/results/smooth4-zstd-c32-b32/full-scan/cold/repeat-3/chunks256-default/attempts.json,/0,cpu-chunk-blocks,"{""attempt"":1,""status"":""complete""}",complete,False,
/mnt/main0/home/nclack/tmp/2026-09-24-damacy-cold-blocks/job-3822266/results/smooth4-zstd-c32-b32/full-scan/cold/repeat-3/chunks256-random/attempts.json,/0,cpu-chunk-blocks,"{""attempt"":1,""status"":""complete""}",complete,False,
/mnt/main0/home/nclack/tmp/2026-09-24-damacy-cold-blocks/job-3822266/results/smooth4-zstd-c32-b32/full-scan/cold/repeat-3/tensorstore/attempts.json,/0,cpu-chunk-blocks,"{""attempt"":1,""status"":""complete""}",complete,False,
/mnt/main0/home/nclack/tmp/2026-09-24-damacy-cold-blocks/job-3822266/results/smooth4-zstd-c32-b32/random-1x256x256/cold/repeat-1/chunks256-default/attempts.json,/0,cpu-chunk-blocks,"{""attempt"":1,""status"":""complete""}",complete,False,
/mnt/main0/home/nclack/tmp/2026-09-24-damacy-cold-blocks/job-3822266/results/smooth4-zstd-c32-b32/random-1x256x256/cold/repeat-1/chunks256-random/attempts.json,/0,cpu-chunk-blocks,"{""attempt"":1,""status"":""complete""}",complete,False,
/mnt/main0/home/nclack/tmp/2026-09-24-damacy-cold-blocks/job-3822266/results/smooth4-zstd-c32-b32/random-1x256x256/cold/repeat-1/tensorstore/attempts.json,/0,cpu-chunk-blocks,"{""attempt"":1,""status"":""complete""}",complete,False,
/mnt/main0/home/nclack/tmp/2026-09-24-damacy-cold-blocks/job-3822266/results/smooth4-zstd-c32-b32/random-1x256x256/cold/repeat-2/chunks256-default/attempts.json,/0,cpu-chunk-blocks,"{""attempt"":1,""status"":""complete""}",complete,False,
/mnt/main0/home/nclack/tmp/2026-09-24-damacy-cold-blocks/job-3822266/results/smooth4-zstd-c32-b32/random-1x256x256/cold/repeat-2/chunks256-random/attempts.json,/0,cpu-chunk-blocks,"{""attempt"":1,""status"":""complete""}",complete,False,
/mnt/main0/home/nclack/tmp/2026-09-24-damacy-cold-blocks/job-3822266/results/smooth4-zstd-c32-b32/random-1x256x256/cold/repeat-2/tensorstore/attempts.json,/0,cpu-chunk-blocks,"{""attempt"":1,""status"":""complete""}",complete,False,
/mnt/main0/home/nclack/tmp/2026-09-24-damacy-cold-blocks/job-3822266/results/smooth4-zstd-c32-b32/random-1x256x256/cold/repeat-3/chunks256-default/attempts.json,/0,cpu-chunk-blocks,"{""attempt"":1,""status"":""complete""}",complete,False,
/mnt/main0/home/nclack/tmp/2026-09-24-damacy-cold-blocks/job-3822266/results/smooth4-zstd-c32-b32/random-1x256x256/cold/repeat-3/chunks256-random/attempts.json,/0,cpu-chunk-blocks,"{""attempt"":1,""status"":""complete""}",complete,False,
/mnt/main0/home/nclack/tmp/2026-09-24-damacy-cold-blocks/job-3822266/results/smooth4-zstd-c32-b32/random-1x256x256/cold/repeat-3/tensorstore/attempts.json,/0,cpu-chunk-blocks,"{""attempt"":1,""status"":""complete""}",complete,False,
/mnt/main0/home/nclack/tmp/2026-09-24-damacy-cold-blocks/job-3822266/results/smooth4-zstd-c32-b4/concurrency/full-scan/repeat-1/chunks256-default/attempts.json,/0,cpu-chunk-blocks,"{""attempt"":1,""status"":""complete""}",complete,False,
/mnt/main0/home/nclack/tmp/2026-09-24-damacy-cold-blocks/job-3822266/results/smooth4-zstd-c32-b4/concurrency/full-scan/repeat-1/chunks256-random/attempts.json,/0,cpu-chunk-blocks,"{""attempt"":1,""status"":""complete""}",complete,False,
/mnt/main0/home/nclack/tmp/2026-09-24-damacy-cold-blocks/job-3822266/results/smooth4-zstd-c32-b4/concurrency/full-scan/repeat-1/tensorstore/attempts.json,/0,cpu-chunk-blocks,"{""attempt"":1,""status"":""complete""}",complete,False,
/mnt/main0/home/nclack/tmp/2026-09-24-damacy-cold-blocks/job-3822266/results/smooth4-zstd-c32-b4/concurrency/random-1x256x256/repeat-1/chunks256-default/attempts.json,/0,cpu-chunk-blocks,"{""attempt"":1,""status"":""complete""}",complete,False,
/mnt/main0/home/nclack/tmp/2026-09-24-damacy-cold-blocks/job-3822266/results/smooth4-zstd-c32-b4/concurrency/random-1x256x256/repeat-1/chunks256-random/attempts.json,/0,cpu-chunk-blocks,"{""attempt"":1,""status"":""complete""}",complete,False,
/mnt/main0/home/nclack/tmp/2026-09-24-damacy-cold-blocks/job-3822266/results/smooth4-zstd-c32-b4/concurrency/random-1x256x256/repeat-1/tensorstore/attempts.json,/0,cpu-chunk-blocks,"{""attempt"":1,""status"":""complete""}",complete,False,
/mnt/main0/home/nclack/tmp/2026-09-24-damacy-cold-blocks/job-3822266/results/smooth4-zstd-c32-b4/full-scan/cold/repeat-1/chunks256-default/attempts.json,/0,cpu-chunk-blocks,"{""attempt"":1,""status"":""complete""}",complete,False,
/mnt/main0/home/nclack/tmp/2026-09-24-damacy-cold-blocks/job-3822266/results/smooth4-zstd-c32-b4/full-scan/cold/repeat-1/chunks256-random/attempts.json,/0,cpu-chunk-blocks,"{""attempt"":1,""status"":""complete""}",complete,False,
/mnt/main0/home/nclack/tmp/2026-09-24-damacy-cold-blocks/job-3822266/results/smooth4-zstd-c32-b4/full-scan/cold/repeat-1/tensorstore/attempts.json,/0,cpu-chunk-blocks,"{""attempt"":1,""status"":""complete""}",complete,False,
/mnt/main0/home/nclack/tmp/2026-09-24-damacy-cold-blocks/job-3822266/results/smooth4-zstd-c32-b4/full-scan/cold/repeat-2/chunks256-default/attempts.json,/0,cpu-chunk-blocks,"{""attempt"":1,""status"":""complete""}",complete,False,
/mnt/main0/home/nclack/tmp/2026-09-24-damacy-cold-blocks/job-3822266/results/smooth4-zstd-c32-b4/full-scan/cold/repeat-2/chunks256-random/attempts.json,/0,cpu-chunk-blocks,"{""attempt"":1,""status"":""complete""}",complete,False,
/mnt/main0/home/nclack/tmp/2026-09-24-damacy-cold-blocks/job-3822266/results/smooth4-zstd-c32-b4/full-scan/cold/repeat-2/tensorstore/attempts.json,/0,cpu-chunk-blocks,"{""attempt"":1,""status"":""complete""}",complete,False,
/mnt/main0/home/nclack/tmp/2026-09-24-damacy-cold-blocks/job-3822266/results/smooth4-zstd-c32-b4/full-scan/cold/repeat-3/chunks256-default/attempts.json,/0,cpu-chunk-blocks,"{""attempt"":1,""status"":""complete""}",complete,False,
/mnt/main0/home/nclack/tmp/2026-09-24-damacy-cold-blocks/job-3822266/results/smooth4-zstd-c32-b4/full-scan/cold/repeat-3/chunks256-random/attempts.json,/0,cpu-chunk-blocks,"{""attempt"":1,""status"":""complete""}",complete,False,
/mnt/main0/home/nclack/tmp/2026-09-24-damacy-cold-blocks/job-3822266/results/smooth4-zstd-c32-b4/full-scan/cold/repeat-3/tensorstore/attempts.json,/0,cpu-chunk-blocks,"{""attempt"":1,""status"":""complete""}",complete,False,
/mnt/main0/home/nclack/tmp/2026-09-24-damacy-cold-blocks/job-3822266/results/smooth4-zstd-c32-b4/random-1x256x256/cold/repeat-1/chunks256-default/attempts.json,/0,cpu-chunk-blocks,"{""attempt"":1,""status"":""complete""}",complete,False,
/mnt/main0/home/nclack/tmp/2026-09-24-damacy-cold-blocks/job-3822266/results/smooth4-zstd-c32-b4/random-1x256x256/cold/repeat-1/chunks256-random/attempts.json,/0,cpu-chunk-blocks,"{""attempt"":1,""status"":""complete""}",complete,False,
/mnt/main0/home/nclack/tmp/2026-09-24-damacy-cold-blocks/job-3822266/results/smooth4-zstd-c32-b4/random-1x256x256/cold/repeat-1/tensorstore/attempts.json,/0,cpu-chunk-blocks,"{""attempt"":1,""status"":""complete""}",complete,False,
/mnt/main0/home/nclack/tmp/2026-09-24-damacy-cold-blocks/job-3822266/results/smooth4-zstd-c32-b4/random-1x256x256/cold/repeat-2/chunks256-default/attempts.json,/0,cpu-chunk-blocks,"{""attempt"":1,""status"":""complete""}",complete,False,
/mnt/main0/home/nclack/tmp/2026-09-24-damacy-cold-blocks/job-3822266/results/smooth4-zstd-c32-b4/random-1x256x256/cold/repeat-2/chunks256-random/attempts.json,/0,cpu-chunk-blocks,"{""attempt"":1,""status"":""complete""}",complete,False,
/mnt/main0/home/nclack/tmp/2026-09-24-damacy-cold-blocks/job-3822266/results/smooth4-zstd-c32-b4/random-1x256x256/cold/repeat-2/tensorstore/attempts.json,/0,cpu-chunk-blocks,"{""attempt"":1,""status"":""complete""}",complete,False,
/mnt/main0/home/nclack/tmp/2026-09-24-damacy-cold-blocks/job-3822266/results/smooth4-zstd-c32-b4/random-1x256x256/cold/repeat-3/chunks256-default/attempts.json,/0,cpu-chunk-blocks,"{""attempt"":1,""status"":""complete""}",complete,False,
/mnt/main0/home/nclack/tmp/2026-09-24-damacy-cold-blocks/job-3822266/results/smooth4-zstd-c32-b4/random-1x256x256/cold/repeat-3/chunks256-random/attempts.json,/0,cpu-chunk-blocks,"{""attempt"":1,""status"":""complete""}",complete,False,
/mnt/main0/home/nclack/tmp/2026-09-24-damacy-cold-blocks/job-3822266/results/smooth4-zstd-c32-b4/random-1x256x256/cold/repeat-3/tensorstore/attempts.json,/0,cpu-chunk-blocks,"{""attempt"":1,""status"":""complete""}",complete,False,
/mnt/main0/home/nclack/tmp/2026-09-24-damacy-cold-blocks/job-3822266/results/smooth4-zstd-c512-b16/concurrency/full-scan/repeat-1/chunks256-default/attempts.json,/0,cpu-chunk-blocks,"{""attempt"":1,""status"":""complete""}",complete,False,
/mnt/main0/home/nclack/tmp/2026-09-24-damacy-cold-blocks/job-3822266/results/smooth4-zstd-c512-b16/concurrency/full-scan/repeat-1/chunks256-random/attempts.json,/0,cpu-chunk-blocks,"{""attempt"":1,""status"":""complete""}",complete,False,
/mnt/main0/home/nclack/tmp/2026-09-24-damacy-cold-blocks/job-3822266/results/smooth4-zstd-c512-b16/concurrency/full-scan/repeat-1/tensorstore/attempts.json,/0,cpu-chunk-blocks,"{""attempt"":1,""status"":""complete""}",complete,False,
/mnt/main0/home/nclack/tmp/2026-09-24-damacy-cold-blocks/job-3822266/results/smooth4-zstd-c512-b16/concurrency/random-1x256x256/repeat-1/chunks256-default/attempts.json,/0,cpu-chunk-blocks,"{""attempt"":1,""status"":""complete""}",complete,False,
/mnt/main0/home/nclack/tmp/2026-09-24-damacy-cold-blocks/job-3822266/results/smooth4-zstd-c512-b16/concurrency/random-1x256x256/repeat-1/chunks256-random/attempts.json,/0,cpu-chunk-blocks,"{""attempt"":1,""status"":""complete""}",complete,False,
/mnt/main0/home/nclack/tmp/2026-09-24-damacy-cold-blocks/job-3822266/results/smooth4-zstd-c512-b16/concurrency/random-1x256x256/repeat-1/tensorstore/attempts.json,/0,cpu-chunk-blocks,"{""attempt"":1,""status"":""complete""}",complete,False,
/mnt/main0/home/nclack/tmp/2026-09-24-damacy-cold-blocks/job-3822266/results/smooth4-zstd-c512-b16/full-scan/cold/repeat-1/chunks256-default/attempts.json,/0,cpu-chunk-blocks,"{""attempt"":1,""status"":""complete""}",complete,False,
/mnt/main0/home/nclack/tmp/2026-09-24-damacy-cold-blocks/job-3822266/results/smooth4-zstd-c512-b16/full-scan/cold/repeat-1/chunks256-random/attempts.json,/0,cpu-chunk-blocks,"{""attempt"":1,""status"":""complete""}",complete,False,
/mnt/main0/home/nclack/tmp/2026-09-24-damacy-cold-blocks/job-3822266/results/smooth4-zstd-c512-b16/full-scan/cold/repeat-1/tensorstore/attempts.json,/0,cpu-chunk-blocks,"{""attempt"":1,""status"":""complete""}",complete,False,
/mnt/main0/home/nclack/tmp/2026-09-24-damacy-cold-blocks/job-3822266/results/smooth4-zstd-c512-b16/full-scan/cold/repeat-2/chunks256-default/attempts.json,/0,cpu-chunk-blocks,"{""attempt"":1,""status"":""complete""}",complete,False,
/mnt/main0/home/nclack/tmp/2026-09-24-damacy-cold-blocks/job-3822266/results/smooth4-zstd-c512-b16/full-scan/cold/repeat-2/chunks256-random/attempts.json,/0,cpu-chunk-blocks,"{""attempt"":1,""status"":""complete""}",complete,False,
/mnt/main0/home/nclack/tmp/2026-09-24-damacy-cold-blocks/job-3822266/results/smooth4-zstd-c512-b16/full-scan/cold/repeat-2/tensorstore/attempts.json,/0,cpu-chunk-blocks,"{""attempt"":1,""status"":""complete""}",complete,False,
/mnt/main0/home/nclack/tmp/2026-09-24-damacy-cold-blocks/job-3822266/results/smooth4-zstd-c512-b16/full-scan/cold/repeat-3/chunks256-default/attempts.json,/0,cpu-chunk-blocks,"{""attempt"":1,""status"":""complete""}",complete,False,
/mnt/main0/home/nclack/tmp/2026-09-24-damacy-cold-blocks/job-3822266/results/smooth4-zstd-c512-b16/full-scan/cold/repeat-3/chunks256-random/attempts.json,/0,cpu-chunk-blocks,"{""attempt"":1,""status"":""complete""}",complete,False,
/mnt/main0/home/nclack/tmp/2026-09-24-damacy-cold-blocks/job-3822266/results/smooth4-zstd-c512-b16/full-scan/cold/repeat-3/tensorstore/attempts.json,/0,cpu-chunk-blocks,"{""attempt"":1,""status"":""complete""}",complete,False,
/mnt/main0/home/nclack/tmp/2026-09-24-damacy-cold-blocks/job-3822266/results/smooth4-zstd-c512-b16/random-1x256x256/cold/repeat-1/chunks256-default/attempts.json,/0,cpu-chunk-blocks,"{""attempt"":1,""status"":""complete""}",complete,False,
/mnt/main0/home/nclack/tmp/2026-09-24-damacy-cold-blocks/job-3822266/results/smooth4-zstd-c512-b16/random-1x256x256/cold/repeat-1/chunks256-random/attempts.json,/0,cpu-chunk-blocks,"{""attempt"":1,""status"":""complete""}",complete,False,
/mnt/main0/home/nclack/tmp/2026-09-24-damacy-cold-blocks/job-3822266/results/smooth4-zstd-c512-b16/random-1x256x256/cold/repeat-1/tensorstore/attempts.json,/0,cpu-chunk-blocks,"{""attempt"":1,""status"":""complete""}",complete,False,
/mnt/main0/home/nclack/tmp/2026-09-24-damacy-cold-blocks/job-3822266/results/smooth4-zstd-c512-b16/random-1x256x256/cold/repeat-2/chunks256-default/attempts.json,/0,cpu-chunk-blocks,"{""attempt"":1,""status"":""complete""}",complete,False,
/mnt/main0/home/nclack/tmp/2026-09-24-damacy-cold-blocks/job-3822266/results/smooth4-zstd-c512-b16/random-1x256x256/cold/repeat-2/chunks256-random/attempts.json,/0,cpu-chunk-blocks,"{""attempt"":1,""status"":""complete""}",complete,False,
/mnt/main0/home/nclack/tmp/2026-09-24-damacy-cold-blocks/job-3822266/results/smooth4-zstd-c512-b16/random-1x256x256/cold/repeat-2/tensorstore/attempts.json,/0,cpu-chunk-blocks,"{""attempt"":1,""status"":""complete""}",complete,False,
/mnt/main0/home/nclack/tmp/2026-09-24-damacy-cold-blocks/job-3822266/results/smooth4-zstd-c512-b16/random-1x256x256/cold/repeat-3/chunks256-default/attempts.json,/0,cpu-chunk-blocks,"{""attempt"":1,""status"":""complete""}",complete,False,
/mnt/main0/home/nclack/tmp/2026-09-24-damacy-cold-blocks/job-3822266/results/smooth4-zstd-c512-b16/random-1x256x256/cold/repeat-3/chunks256-random/attempts.json,/0,cpu-chunk-blocks,"{""attempt"":1,""status"":""complete""}",complete,False,
/mnt/main0/home/nclack/tmp/2026-09-24-damacy-cold-blocks/job-3822266/results/smooth4-zstd-c512-b16/random-1x256x256/cold/repeat-3/tensorstore/attempts.json,/0,cpu-chunk-blocks,"{""attempt"":1,""status"":""complete""}",complete,False,
/mnt/main0/home/nclack/tmp/2026-09-24-damacy-cold-blocks/job-3822266/results/smooth4-zstd-c512-b256/concurrency/full-scan/repeat-1/chunks256-default/attempts.json,/0,cpu-chunk-blocks,"{""attempt"":1,""status"":""complete""}",complete,False,
/mnt/main0/home/nclack/tmp/2026-09-24-damacy-cold-blocks/job-3822266/results/smooth4-zstd-c512-b256/concurrency/full-scan/repeat-1/chunks256-random/attempts.json,/0,cpu-chunk-blocks,"{""attempt"":1,""status"":""complete""}",complete,False,
/mnt/main0/home/nclack/tmp/2026-09-24-damacy-cold-blocks/job-3822266/results/smooth4-zstd-c512-b256/concurrency/full-scan/repeat-1/tensorstore/attempts.json,/0,cpu-chunk-blocks,"{""attempt"":1,""status"":""complete""}",complete,False,
/mnt/main0/home/nclack/tmp/2026-09-24-damacy-cold-blocks/job-3822266/results/smooth4-zstd-c512-b256/concurrency/random-1x256x256/repeat-1/chunks256-default/attempts.json,/0,cpu-chunk-blocks,"{""attempt"":1,""status"":""complete""}",complete,False,
/mnt/main0/home/nclack/tmp/2026-09-24-damacy-cold-blocks/job-3822266/results/smooth4-zstd-c512-b256/concurrency/random-1x256x256/repeat-1/chunks256-random/attempts.json,/0,cpu-chunk-blocks,"{""attempt"":1,""status"":""complete""}",complete,False,
/mnt/main0/home/nclack/tmp/2026-09-24-damacy-cold-blocks/job-3822266/results/smooth4-zstd-c512-b256/concurrency/random-1x256x256/repeat-1/tensorstore/attempts.json,/0,cpu-chunk-blocks,"{""attempt"":1,""status"":""complete""}",complete,False,
/mnt/main0/home/nclack/tmp/2026-09-24-damacy-cold-blocks/job-3822266/results/smooth4-zstd-c512-b256/full-scan/cold/repeat-1/chunks256-default/attempts.json,/0,cpu-chunk-blocks,"{""attempt"":1,""status"":""complete""}",complete,False,
/mnt/main0/home/nclack/tmp/2026-09-24-damacy-cold-blocks/job-3822266/results/smooth4-zstd-c512-b256/full-scan/cold/repeat-1/chunks256-random/attempts.json,/0,cpu-chunk-blocks,"{""attempt"":1,""status"":""complete""}",complete,False,
/mnt/main0/home/nclack/tmp/2026-09-24-damacy-cold-blocks/job-3822266/results/smooth4-zstd-c512-b256/full-scan/cold/repeat-1/tensorstore/attempts.json,/0,cpu-chunk-blocks,"{""attempt"":1,""status"":""complete""}",complete,False,
/mnt/main0/home/nclack/tmp/2026-09-24-damacy-cold-blocks/job-3822266/results/smooth4-zstd-c512-b256/full-scan/cold/repeat-2/chunks256-default/attempts.json,/0,cpu-chunk-blocks,"{""attempt"":1,""status"":""complete""}",complete,False,
/mnt/main0/home/nclack/tmp/2026-09-24-damacy-cold-blocks/job-3822266/results/smooth4-zstd-c512-b256/full-scan/cold/repeat-2/chunks256-random/attempts.json,/0,cpu-chunk-blocks,"{""attempt"":1,""status"":""complete""}",complete,False,
/mnt/main0/home/nclack/tmp/2026-09-24-damacy-cold-blocks/job-3822266/results/smooth4-zstd-c512-b256/full-scan/cold/repeat-2/tensorstore/attempts.json,/0,cpu-chunk-blocks,"{""attempt"":1,""status"":""complete""}",complete,False,
/mnt/main0/home/nclack/tmp/2026-09-24-damacy-cold-blocks/job-3822266/results/smooth4-zstd-c512-b256/full-scan/cold/repeat-3/chunks256-default/attempts.json,/0,cpu-chunk-blocks,"{""attempt"":1,""status"":""complete""}",complete,False,
/mnt/main0/home/nclack/tmp/2026-09-24-damacy-cold-blocks/job-3822266/results/smooth4-zstd-c512-b256/full-scan/cold/repeat-3/chunks256-random/attempts.json,/0,cpu-chunk-blocks,"{""attempt"":1,""status"":""complete""}",complete,False,
/mnt/main0/home/nclack/tmp/2026-09-24-damacy-cold-blocks/job-3822266/results/smooth4-zstd-c512-b256/full-scan/cold/repeat-3/tensorstore/attempts.json,/0,cpu-chunk-blocks,"{""attempt"":1,""status"":""complete""}",complete,False,
/mnt/main0/home/nclack/tmp/2026-09-24-damacy-cold-blocks/job-3822266/results/smooth4-zstd-c512-b256/random-1x256x256/cold/repeat-1/chunks256-default/attempts.json,/0,cpu-chunk-blocks,"{""attempt"":1,""status"":""complete""}",complete,False,
/mnt/main0/home/nclack/tmp/2026-09-24-damacy-cold-blocks/job-3822266/results/smooth4-zstd-c512-b256/random-1x256x256/cold/repeat-1/chunks256-random/attempts.json,/0,cpu-chunk-blocks,"{""attempt"":1,""status"":""complete""}",complete,False,
/mnt/main0/home/nclack/tmp/2026-09-24-damacy-cold-blocks/job-3822266/results/smooth4-zstd-c512-b256/random-1x256x256/cold/repeat-1/tensorstore/attempts.json,/0,cpu-chunk-blocks,"{""attempt"":1,""status"":""complete""}",complete,False,
/mnt/main0/home/nclack/tmp/2026-09-24-damacy-cold-blocks/job-3822266/results/smooth4-zstd-c512-b256/random-1x256x256/cold/repeat-2/chunks256-default/attempts.json,/0,cpu-chunk-blocks,"{""attempt"":1,""status"":""complete""}",complete,False,
/mnt/main0/home/nclack/tmp/2026-09-24-damacy-cold-blocks/job-3822266/results/smooth4-zstd-c512-b256/random-1x256x256/cold/repeat-2/chunks256-random/attempts.json,/0,cpu-chunk-blocks,"{""attempt"":1,""status"":""complete""}",complete,False,
/mnt/main0/home/nclack/tmp/2026-09-24-damacy-cold-blocks/job-3822266/results/smooth4-zstd-c512-b256/random-1x256x256/cold/repeat-2/tensorstore/attempts.json,/0,cpu-chunk-blocks,"{""attempt"":1,""status"":""complete""}",complete,False,
/mnt/main0/home/nclack/tmp/2026-09-24-damacy-cold-blocks/job-3822266/results/smooth4-zstd-c512-b256/random-1x256x256/cold/repeat-3/chunks256-default/attempts.json,/0,cpu-chunk-blocks,"{""attempt"":1,""status"":""complete""}",complete,False,
/mnt/main0/home/nclack/tmp/2026-09-24-damacy-cold-blocks/job-3822266/results/smooth4-zstd-c512-b256/random-1x256x256/cold/repeat-3/chunks256-random/attempts.json,/0,cpu-chunk-blocks,"{""attempt"":1,""status"":""complete""}",complete,False,
/mnt/main0/home/nclack/tmp/2026-09-24-damacy-cold-blocks/job-3822266/results/smooth4-zstd-c512-b256/random-1x256x256/cold/repeat-3/tensorstore/attempts.json,/0,cpu-chunk-blocks,"{""attempt"":1,""status"":""complete""}",complete,False,
/mnt/main0/home/nclack/tmp/2026-09-24-damacy-cold-blocks/job-3822266/results/smooth4-zstd-c512-b512/concurrency/full-scan/repeat-1/chunks256-default/attempts.json,/0,cpu-chunk-blocks,"{""attempt"":1,""status"":""complete""}",complete,False,
/mnt/main0/home/nclack/tmp/2026-09-24-damacy-cold-blocks/job-3822266/results/smooth4-zstd-c512-b512/concurrency/full-scan/repeat-1/chunks256-random/attempts.json,/0,cpu-chunk-blocks,"{""attempt"":1,""status"":""complete""}",complete,False,
/mnt/main0/home/nclack/tmp/2026-09-24-damacy-cold-blocks/job-3822266/results/smooth4-zstd-c512-b512/concurrency/full-scan/repeat-1/tensorstore/attempts.json,/0,cpu-chunk-blocks,"{""attempt"":1,""status"":""complete""}",complete,False,
/mnt/main0/home/nclack/tmp/2026-09-24-damacy-cold-blocks/job-3822266/results/smooth4-zstd-c512-b512/concurrency/random-1x256x256/repeat-1/chunks256-default/attempts.json,/0,cpu-chunk-blocks,"{""attempt"":1,""status"":""complete""}",complete,False,
/mnt/main0/home/nclack/tmp/2026-09-24-damacy-cold-blocks/job-3822266/results/smooth4-zstd-c512-b512/concurrency/random-1x256x256/repeat-1/chunks256-random/attempts.json,/0,cpu-chunk-blocks,"{""attempt"":1,""status"":""complete""}",complete,False,
/mnt/main0/home/nclack/tmp/2026-09-24-damacy-cold-blocks/job-3822266/results/smooth4-zstd-c512-b512/concurrency/random-1x256x256/repeat-1/tensorstore/attempts.json,/0,cpu-chunk-blocks,"{""attempt"":1,""status"":""complete""}",complete,False,
/mnt/main0/home/nclack/tmp/2026-09-24-damacy-cold-blocks/job-3822266/results/smooth4-zstd-c512-b512/full-scan/cold/repeat-1/chunks256-default/attempts.json,/0,cpu-chunk-blocks,"{""attempt"":1,""status"":""complete""}",complete,False,
/mnt/main0/home/nclack/tmp/2026-09-24-damacy-cold-blocks/job-3822266/results/smooth4-zstd-c512-b512/full-scan/cold/repeat-1/chunks256-random/attempts.json,/0,cpu-chunk-blocks,"{""attempt"":1,""status"":""complete""}",complete,False,
/mnt/main0/home/nclack/tmp/2026-09-24-damacy-cold-blocks/job-3822266/results/smooth4-zstd-c512-b512/full-scan/cold/repeat-1/tensorstore/attempts.json,/0,cpu-chunk-blocks,"{""attempt"":1,""status"":""complete""}",complete,False,
/mnt/main0/home/nclack/tmp/2026-09-24-damacy-cold-blocks/job-3822266/results/smooth4-zstd-c512-b512/full-scan/cold/repeat-2/chunks256-default/attempts.json,/0,cpu-chunk-blocks,"{""attempt"":1,""status"":""complete""}",complete,False,
/mnt/main0/home/nclack/tmp/2026-09-24-damacy-cold-blocks/job-3822266/results/smooth4-zstd-c512-b512/full-scan/cold/repeat-2/chunks256-random/attempts.json,/0,cpu-chunk-blocks,"{""attempt"":1,""status"":""complete""}",complete,False,
/mnt/main0/home/nclack/tmp/2026-09-24-damacy-cold-blocks/job-3822266/results/smooth4-zstd-c512-b512/full-scan/cold/repeat-2/tensorstore/attempts.json,/0,cpu-chunk-blocks,"{""attempt"":1,""status"":""complete""}",complete,False,
/mnt/main0/home/nclack/tmp/2026-09-24-damacy-cold-blocks/job-3822266/results/smooth4-zstd-c512-b512/full-scan/cold/repeat-3/chunks256-default/attempts.json,/0,cpu-chunk-blocks,"{""attempt"":1,""status"":""complete""}",complete,False,
/mnt/main0/home/nclack/tmp/2026-09-24-damacy-cold-blocks/job-3822266/results/smooth4-zstd-c512-b512/full-scan/cold/repeat-3/chunks256-random/attempts.json,/0,cpu-chunk-blocks,"{""attempt"":1,""status"":""complete""}",complete,False,
/mnt/main0/home/nclack/tmp/2026-09-24-damacy-cold-blocks/job-3822266/results/smooth4-zstd-c512-b512/full-scan/cold/repeat-3/tensorstore/attempts.json,/0,cpu-chunk-blocks,"{""attempt"":1,""status"":""complete""}",complete,False,
/mnt/main0/home/nclack/tmp/2026-09-24-damacy-cold-blocks/job-3822266/results/smooth4-zstd-c512-b512/random-1x256x256/cold/repeat-1/chunks256-default/attempts.json,/0,cpu-chunk-blocks,"{""attempt"":1,""status"":""complete""}",complete,False,
/mnt/main0/home/nclack/tmp/2026-09-24-damacy-cold-blocks/job-3822266/results/smooth4-zstd-c512-b512/random-1x256x256/cold/repeat-1/chunks256-random/attempts.json,/0,cpu-chunk-blocks,"{""attempt"":1,""status"":""complete""}",complete,False,
/mnt/main0/home/nclack/tmp/2026-09-24-damacy-cold-blocks/job-3822266/results/smooth4-zstd-c512-b512/random-1x256x256/cold/repeat-1/tensorstore/attempts.json,/0,cpu-chunk-blocks,"{""attempt"":1,""status"":""complete""}",complete,False,
/mnt/main0/home/nclack/tmp/2026-09-24-damacy-cold-blocks/job-3822266/results/smooth4-zstd-c512-b512/random-1x256x256/cold/repeat-2/chunks256-default/attempts.json,/0,cpu-chunk-blocks,"{""attempt"":1,""status"":""complete""}",complete,False,
/mnt/main0/home/nclack/tmp/2026-09-24-damacy-cold-blocks/job-3822266/results/smooth4-zstd-c512-b512/random-1x256x256/cold/repeat-2/chunks256-random/attempts.json,/0,cpu-chunk-blocks,"{""attempt"":1,""status"":""complete""}",complete,False,
/mnt/main0/home/nclack/tmp/2026-09-24-damacy-cold-blocks/job-3822266/results/smooth4-zstd-c512-b512/random-1x256x256/cold/repeat-2/tensorstore/attempts.json,/0,cpu-chunk-blocks,"{""attempt"":1,""status"":""complete""}",complete,False,
/mnt/main0/home/nclack/tmp/2026-09-24-damacy-cold-blocks/job-3822266/results/smooth4-zstd-c512-b512/random-1x256x256/cold/repeat-3/chunks256-default/attempts.json,/0,cpu-chunk-blocks,"{""attempt"":1,""status"":""complete""}",complete,False,
/mnt/main0/home/nclack/tmp/2026-09-24-damacy-cold-blocks/job-3822266/results/smooth4-zstd-c512-b512/random-1x256x256/cold/repeat-3/chunks256-random/attempts.json,/0,cpu-chunk-blocks,"{""attempt"":1,""status"":""complete""}",complete,False,
/mnt/main0/home/nclack/tmp/2026-09-24-damacy-cold-blocks/job-3822266/results/smooth4-zstd-c512-b512/random-1x256x256/cold/repeat-3/tensorstore/attempts.json,/0,cpu-chunk-blocks,"{""attempt"":1,""status"":""complete""}",complete,False,
/mnt/main0/home/nclack/tmp/2026-09-24-damacy-cold-blocks/job-3822266/results/smooth4-zstd-c512-b64/concurrency/full-scan/repeat-1/chunks256-default/attempts.json,/0,cpu-chunk-blocks,"{""attempt"":1,""status"":""complete""}",complete,False,
/mnt/main0/home/nclack/tmp/2026-09-24-damacy-cold-blocks/job-3822266/results/smooth4-zstd-c512-b64/concurrency/full-scan/repeat-1/chunks256-random/attempts.json,/0,cpu-chunk-blocks,"{""attempt"":1,""status"":""complete""}",complete,False,
/mnt/main0/home/nclack/tmp/2026-09-24-damacy-cold-blocks/job-3822266/results/smooth4-zstd-c512-b64/concurrency/full-scan/repeat-1/tensorstore/attempts.json,/0,cpu-chunk-blocks,"{""attempt"":1,""status"":""complete""}",complete,False,
/mnt/main0/home/nclack/tmp/2026-09-24-damacy-cold-blocks/job-3822266/results/smooth4-zstd-c512-b64/concurrency/random-1x256x256/repeat-1/chunks256-default/attempts.json,/0,cpu-chunk-blocks,"{""attempt"":1,""status"":""complete""}",complete,False,
/mnt/main0/home/nclack/tmp/2026-09-24-damacy-cold-blocks/job-3822266/results/smooth4-zstd-c512-b64/concurrency/random-1x256x256/repeat-1/chunks256-random/attempts.json,/0,cpu-chunk-blocks,"{""attempt"":1,""status"":""complete""}",complete,False,
/mnt/main0/home/nclack/tmp/2026-09-24-damacy-cold-blocks/job-3822266/results/smooth4-zstd-c512-b64/concurrency/random-1x256x256/repeat-1/tensorstore/attempts.json,/0,cpu-chunk-blocks,"{""attempt"":1,""status"":""complete""}",complete,False,
/mnt/main0/home/nclack/tmp/2026-09-24-damacy-cold-blocks/job-3822266/results/smooth4-zstd-c512-b64/full-scan/cold/repeat-1/chunks256-default/attempts.json,/0,cpu-chunk-blocks,"{""attempt"":1,""status"":""complete""}",complete,False,
/mnt/main0/home/nclack/tmp/2026-09-24-damacy-cold-blocks/job-3822266/results/smooth4-zstd-c512-b64/full-scan/cold/repeat-1/chunks256-random/attempts.json,/0,cpu-chunk-blocks,"{""attempt"":1,""status"":""complete""}",complete,False,
/mnt/main0/home/nclack/tmp/2026-09-24-damacy-cold-blocks/job-3822266/results/smooth4-zstd-c512-b64/full-scan/cold/repeat-1/tensorstore/attempts.json,/0,cpu-chunk-blocks,"{""attempt"":1,""status"":""complete""}",complete,False,
/mnt/main0/home/nclack/tmp/2026-09-24-damacy-cold-blocks/job-3822266/results/smooth4-zstd-c512-b64/full-scan/cold/repeat-2/chunks256-default/attempts.json,/0,cpu-chunk-blocks,"{""attempt"":1,""status"":""complete""}",complete,False,
/mnt/main0/home/nclack/tmp/2026-09-24-damacy-cold-blocks/job-3822266/results/smooth4-zstd-c512-b64/full-scan/cold/repeat-2/chunks256-random/attempts.json,/0,cpu-chunk-blocks,"{""attempt"":1,""status"":""complete""}",complete,False,
/mnt/main0/home/nclack/tmp/2026-09-24-damacy-cold-blocks/job-3822266/results/smooth4-zstd-c512-b64/full-scan/cold/repeat-2/tensorstore/attempts.json,/0,cpu-chunk-blocks,"{""attempt"":1,""status"":""complete""}",complete,False,
/mnt/main0/home/nclack/tmp/2026-09-24-damacy-cold-blocks/job-3822266/results/smooth4-zstd-c512-b64/full-scan/cold/repeat-3/chunks256-default/attempts.json,/0,cpu-chunk-blocks,"{""attempt"":1,""status"":""complete""}",complete,False,
/mnt/main0/home/nclack/tmp/2026-09-24-damacy-cold-blocks/job-3822266/results/smooth4-zstd-c512-b64/full-scan/cold/repeat-3/chunks256-random/attempts.json,/0,cpu-chunk-blocks,"{""attempt"":1,""status"":""complete""}",complete,False,
/mnt/main0/home/nclack/tmp/2026-09-24-damacy-cold-blocks/job-3822266/results/smooth4-zstd-c512-b64/full-scan/cold/repeat-3/tensorstore/attempts.json,/0,cpu-chunk-blocks,"{""attempt"":1,""status"":""complete""}",complete,False,
/mnt/main0/home/nclack/tmp/2026-09-24-damacy-cold-blocks/job-3822266/results/smooth4-zstd-c512-b64/random-1x256x256/cold/repeat-1/chunks256-default/attempts.json,/0,cpu-chunk-blocks,"{""attempt"":1,""status"":""complete""}",complete,False,
/mnt/main0/home/nclack/tmp/2026-09-24-damacy-cold-blocks/job-3822266/results/smooth4-zstd-c512-b64/random-1x256x256/cold/repeat-1/chunks256-random/attempts.json,/0,cpu-chunk-blocks,"{""attempt"":1,""status"":""complete""}",complete,False,
/mnt/main0/home/nclack/tmp/2026-09-24-damacy-cold-blocks/job-3822266/results/smooth4-zstd-c512-b64/random-1x256x256/cold/repeat-1/tensorstore/attempts.json,/0,cpu-chunk-blocks,"{""attempt"":1,""status"":""complete""}",complete,False,
/mnt/main0/home/nclack/tmp/2026-09-24-damacy-cold-blocks/job-3822266/results/smooth4-zstd-c512-b64/random-1x256x256/cold/repeat-2/chunks256-default/attempts.json,/0,cpu-chunk-blocks,"{""attempt"":1,""status"":""complete""}",complete,False,
/mnt/main0/home/nclack/tmp/2026-09-24-damacy-cold-blocks/job-3822266/results/smooth4-zstd-c512-b64/random-1x256x256/cold/repeat-2/chunks256-random/attempts.json,/0,cpu-chunk-blocks,"{""attempt"":1,""status"":""complete""}",complete,False,
/mnt/main0/home/nclack/tmp/2026-09-24-damacy-cold-blocks/job-3822266/results/smooth4-zstd-c512-b64/random-1x256x256/cold/repeat-2/tensorstore/attempts.json,/0,cpu-chunk-blocks,"{""attempt"":1,""status"":""complete""}",complete,False,
/mnt/main0/home/nclack/tmp/2026-09-24-damacy-cold-blocks/job-3822266/results/smooth4-zstd-c512-b64/random-1x256x256/cold/repeat-3/chunks256-default/attempts.json,/0,cpu-chunk-blocks,"{""attempt"":1,""status"":""complete""}",complete,False,
/mnt/main0/home/nclack/tmp/2026-09-24-damacy-cold-blocks/job-3822266/results/smooth4-zstd-c512-b64/random-1x256x256/cold/repeat-3/chunks256-random/attempts.json,/0,cpu-chunk-blocks,"{""attempt"":1,""status"":""complete""}",complete,False,
/mnt/main0/home/nclack/tmp/2026-09-24-damacy-cold-blocks/job-3822266/results/smooth4-zstd-c512-b64/random-1x256x256/cold/repeat-3/tensorstore/attempts.json,/0,cpu-chunk-blocks,"{""attempt"":1,""status"":""complete""}",complete,False,
/mnt/main0/home/nclack/tmp/2026-09-24-damacy-cold-blocks/job-3822266/preflight/smooth4-lz4-c128-b128/full-scan/cold/repeat-1/chunks256-default/attempts.json,/0,cpu-chunk-blocks,"{""attempt"":1,""status"":""complete""}",complete,False,
/mnt/main0/home/nclack/tmp/2026-09-24-damacy-cold-blocks/job-3822266/preflight/smooth4-lz4-c128-b128/full-scan/cold/repeat-1/chunks256-random/attempts.json,/0,cpu-chunk-blocks,"{""attempt"":1,""status"":""complete""}",complete,False,
/mnt/main0/home/nclack/tmp/2026-09-24-damacy-cold-blocks/job-3822266/preflight/smooth4-lz4-c128-b128/full-scan/cold/repeat-1/tensorstore/attempts.json,/0,cpu-chunk-blocks,"{""attempt"":1,""status"":""complete""}",complete,False,
/mnt/main0/home/nclack/tmp/2026-09-24-damacy-cold-blocks/job-3822266/preflight/smooth4-lz4-c128-b128/random-1x256x256/cold/repeat-1/chunks256-default/attempts.json,/0,cpu-chunk-blocks,"{""attempt"":1,""status"":""complete""}",complete,False,
/mnt/main0/home/nclack/tmp/2026-09-24-damacy-cold-blocks/job-3822266/preflight/smooth4-lz4-c128-b128/random-1x256x256/cold/repeat-1/chunks256-random/attempts.json,/0,cpu-chunk-blocks,"{""attempt"":1,""status"":""complete""}",complete,False,
/mnt/main0/home/nclack/tmp/2026-09-24-damacy-cold-blocks/job-3822266/preflight/smooth4-lz4-c128-b128/random-1x256x256/cold/repeat-1/tensorstore/attempts.json,/0,cpu-chunk-blocks,"{""attempt"":1,""status"":""complete""}",complete,False,
/mnt/main0/home/nclack/tmp/2026-09-24-damacy-cold-blocks/job-3822266/preflight/smooth4-lz4-c128-b16/full-scan/cold/repeat-1/chunks256-default/attempts.json,/0,cpu-chunk-blocks,"{""attempt"":1,""status"":""complete""}",complete,False,
/mnt/main0/home/nclack/tmp/2026-09-24-damacy-cold-blocks/job-3822266/preflight/smooth4-lz4-c128-b16/full-scan/cold/repeat-1/chunks256-random/attempts.json,/0,cpu-chunk-blocks,"{""attempt"":1,""status"":""complete""}",complete,False,
/mnt/main0/home/nclack/tmp/2026-09-24-damacy-cold-blocks/job-3822266/preflight/smooth4-lz4-c128-b16/full-scan/cold/repeat-1/tensorstore/attempts.json,/0,cpu-chunk-blocks,"{""attempt"":1,""status"":""complete""}",complete,False,
/mnt/main0/home/nclack/tmp/2026-09-24-damacy-cold-blocks/job-3822266/preflight/smooth4-lz4-c128-b16/random-1x256x256/cold/repeat-1/chunks256-default/attempts.json,/0,cpu-chunk-blocks,"{""attempt"":1,""status"":""complete""}",complete,False,
/mnt/main0/home/nclack/tmp/2026-09-24-damacy-cold-blocks/job-3822266/preflight/smooth4-lz4-c128-b16/random-1x256x256/cold/repeat-1/chunks256-random/attempts.json,/0,cpu-chunk-blocks,"{""attempt"":1,""status"":""complete""}",complete,False,
/mnt/main0/home/nclack/tmp/2026-09-24-damacy-cold-blocks/job-3822266/preflight/smooth4-lz4-c128-b16/random-1x256x256/cold/repeat-1/tensorstore/attempts.json,/0,cpu-chunk-blocks,"{""attempt"":1,""status"":""complete""}",complete,False,
/mnt/main0/home/nclack/tmp/2026-09-24-damacy-cold-blocks/job-3822266/preflight/smooth4-lz4-c128-b64/full-scan/cold/repeat-1/chunks256-default/attempts.json,/0,cpu-chunk-blocks,"{""attempt"":1,""status"":""complete""}",complete,False,
/mnt/main0/home/nclack/tmp/2026-09-24-damacy-cold-blocks/job-3822266/preflight/smooth4-lz4-c128-b64/full-scan/cold/repeat-1/chunks256-random/attempts.json,/0,cpu-chunk-blocks,"{""attempt"":1,""status"":""complete""}",complete,False,
/mnt/main0/home/nclack/tmp/2026-09-24-damacy-cold-blocks/job-3822266/preflight/smooth4-lz4-c128-b64/full-scan/cold/repeat-1/tensorstore/attempts.json,/0,cpu-chunk-blocks,"{""attempt"":1,""status"":""complete""}",complete,False,
/mnt/main0/home/nclack/tmp/2026-09-24-damacy-cold-blocks/job-3822266/preflight/smooth4-lz4-c128-b64/random-1x256x256/cold/repeat-1/chunks256-default/attempts.json,/0,cpu-chunk-blocks,"{""attempt"":1,""status"":""complete""}",complete,False,
/mnt/main0/home/nclack/tmp/2026-09-24-damacy-cold-blocks/job-3822266/preflight/smooth4-lz4-c128-b64/random-1x256x256/cold/repeat-1/chunks256-random/attempts.json,/0,cpu-chunk-blocks,"{""attempt"":1,""status"":""complete""}",complete,False,
/mnt/main0/home/nclack/tmp/2026-09-24-damacy-cold-blocks/job-3822266/preflight/smooth4-lz4-c128-b64/random-1x256x256/cold/repeat-1/tensorstore/attempts.json,/0,cpu-chunk-blocks,"{""attempt"":1,""status"":""complete""}",complete,False,
/mnt/main0/home/nclack/tmp/2026-09-24-damacy-cold-blocks/job-3822266/preflight/smooth4-lz4-c32-b16/full-scan/cold/repeat-1/chunks256-default/attempts.json,/0,cpu-chunk-blocks,"{""attempt"":1,""status"":""complete""}",complete,False,
/mnt/main0/home/nclack/tmp/2026-09-24-damacy-cold-blocks/job-3822266/preflight/smooth4-lz4-c32-b16/full-scan/cold/repeat-1/chunks256-random/attempts.json,/0,cpu-chunk-blocks,"{""attempt"":1,""status"":""complete""}",complete,False,
/mnt/main0/home/nclack/tmp/2026-09-24-damacy-cold-blocks/job-3822266/preflight/smooth4-lz4-c32-b16/full-scan/cold/repeat-1/tensorstore/attempts.json,/0,cpu-chunk-blocks,"{""attempt"":1,""status"":""complete""}",complete,False,
/mnt/main0/home/nclack/tmp/2026-09-24-damacy-cold-blocks/job-3822266/preflight/smooth4-lz4-c32-b16/random-1x256x256/cold/repeat-1/chunks256-default/attempts.json,/0,cpu-chunk-blocks,"{""attempt"":1,""status"":""complete""}",complete,False,
/mnt/main0/home/nclack/tmp/2026-09-24-damacy-cold-blocks/job-3822266/preflight/smooth4-lz4-c32-b16/random-1x256x256/cold/repeat-1/chunks256-random/attempts.json,/0,cpu-chunk-blocks,"{""attempt"":1,""status"":""complete""}",complete,False,
/mnt/main0/home/nclack/tmp/2026-09-24-damacy-cold-blocks/job-3822266/preflight/smooth4-lz4-c32-b16/random-1x256x256/cold/repeat-1/tensorstore/attempts.json,/0,cpu-chunk-blocks,"{""attempt"":1,""status"":""complete""}",complete,False,
/mnt/main0/home/nclack/tmp/2026-09-24-damacy-cold-blocks/job-3822266/preflight/smooth4-lz4-c32-b32/full-scan/cold/repeat-1/chunks256-default/attempts.json,/0,cpu-chunk-blocks,"{""attempt"":1,""status"":""complete""}",complete,False,
/mnt/main0/home/nclack/tmp/2026-09-24-damacy-cold-blocks/job-3822266/preflight/smooth4-lz4-c32-b32/full-scan/cold/repeat-1/chunks256-random/attempts.json,/0,cpu-chunk-blocks,"{""attempt"":1,""status"":""complete""}",complete,False,
/mnt/main0/home/nclack/tmp/2026-09-24-damacy-cold-blocks/job-3822266/preflight/smooth4-lz4-c32-b32/full-scan/cold/repeat-1/tensorstore/attempts.json,/0,cpu-chunk-blocks,"{""attempt"":1,""status"":""complete""}",complete,False,
/mnt/main0/home/nclack/tmp/2026-09-24-damacy-cold-blocks/job-3822266/preflight/smooth4-lz4-c32-b32/random-1x256x256/cold/repeat-1/chunks256-default/attempts.json,/0,cpu-chunk-blocks,"{""attempt"":1,""status"":""complete""}",complete,False,
/mnt/main0/home/nclack/tmp/2026-09-24-damacy-cold-blocks/job-3822266/preflight/smooth4-lz4-c32-b32/random-1x256x256/cold/repeat-1/chunks256-random/attempts.json,/0,cpu-chunk-blocks,"{""attempt"":1,""status"":""complete""}",complete,False,
/mnt/main0/home/nclack/tmp/2026-09-24-damacy-cold-blocks/job-3822266/preflight/smooth4-lz4-c32-b32/random-1x256x256/cold/repeat-1/tensorstore/attempts.json,/0,cpu-chunk-blocks,"{""attempt"":1,""status"":""complete""}",complete,False,
/mnt/main0/home/nclack/tmp/2026-09-24-damacy-cold-blocks/job-3822266/preflight/smooth4-lz4-c32-b4/full-scan/cold/repeat-1/chunks256-default/attempts.json,/0,cpu-chunk-blocks,"{""attempt"":1,""status"":""complete""}",complete,False,
/mnt/main0/home/nclack/tmp/2026-09-24-damacy-cold-blocks/job-3822266/preflight/smooth4-lz4-c32-b4/full-scan/cold/repeat-1/chunks256-random/attempts.json,/0,cpu-chunk-blocks,"{""attempt"":1,""status"":""complete""}",complete,False,
/mnt/main0/home/nclack/tmp/2026-09-24-damacy-cold-blocks/job-3822266/preflight/smooth4-lz4-c32-b4/full-scan/cold/repeat-1/tensorstore/attempts.json,/0,cpu-chunk-blocks,"{""attempt"":1,""status"":""complete""}",complete,False,
/mnt/main0/home/nclack/tmp/2026-09-24-damacy-cold-blocks/job-3822266/preflight/smooth4-lz4-c32-b4/random-1x256x256/cold/repeat-1/chunks256-default/attempts.json,/0,cpu-chunk-blocks,"{""attempt"":1,""status"":""complete""}",complete,False,
/mnt/main0/home/nclack/tmp/2026-09-24-damacy-cold-blocks/job-3822266/preflight/smooth4-lz4-c32-b4/random-1x256x256/cold/repeat-1/chunks256-random/attempts.json,/0,cpu-chunk-blocks,"{""attempt"":1,""status"":""complete""}",complete,False,
/mnt/main0/home/nclack/tmp/2026-09-24-damacy-cold-blocks/job-3822266/preflight/smooth4-lz4-c32-b4/random-1x256x256/cold/repeat-1/tensorstore/attempts.json,/0,cpu-chunk-blocks,"{""attempt"":1,""status"":""complete""}",complete,False,
/mnt/main0/home/nclack/tmp/2026-09-24-damacy-cold-blocks/job-3822266/preflight/smooth4-lz4-c512-b16/full-scan/cold/repeat-1/chunks256-default/attempts.json,/0,cpu-chunk-blocks,"{""attempt"":1,""status"":""complete""}",complete,False,
/mnt/main0/home/nclack/tmp/2026-09-24-damacy-cold-blocks/job-3822266/preflight/smooth4-lz4-c512-b16/full-scan/cold/repeat-1/chunks256-random/attempts.json,/0,cpu-chunk-blocks,"{""attempt"":1,""status"":""complete""}",complete,False,
/mnt/main0/home/nclack/tmp/2026-09-24-damacy-cold-blocks/job-3822266/preflight/smooth4-lz4-c512-b16/full-scan/cold/repeat-1/tensorstore/attempts.json,/0,cpu-chunk-blocks,"{""attempt"":1,""status"":""complete""}",complete,False,
/mnt/main0/home/nclack/tmp/2026-09-24-damacy-cold-blocks/job-3822266/preflight/smooth4-lz4-c512-b16/random-1x256x256/cold/repeat-1/chunks256-default/attempts.json,/0,cpu-chunk-blocks,"{""attempt"":1,""status"":""complete""}",complete,False,
/mnt/main0/home/nclack/tmp/2026-09-24-damacy-cold-blocks/job-3822266/preflight/smooth4-lz4-c512-b16/random-1x256x256/cold/repeat-1/chunks256-random/attempts.json,/0,cpu-chunk-blocks,"{""attempt"":1,""status"":""complete""}",complete,False,
/mnt/main0/home/nclack/tmp/2026-09-24-damacy-cold-blocks/job-3822266/preflight/smooth4-lz4-c512-b16/random-1x256x256/cold/repeat-1/tensorstore/attempts.json,/0,cpu-chunk-blocks,"{""attempt"":1,""status"":""complete""}",complete,False,
/mnt/main0/home/nclack/tmp/2026-09-24-damacy-cold-blocks/job-3822266/preflight/smooth4-lz4-c512-b256/full-scan/cold/repeat-1/chunks256-default/attempts.json,/0,cpu-chunk-blocks,"{""attempt"":1,""status"":""complete""}",complete,False,
/mnt/main0/home/nclack/tmp/2026-09-24-damacy-cold-blocks/job-3822266/preflight/smooth4-lz4-c512-b256/full-scan/cold/repeat-1/chunks256-random/attempts.json,/0,cpu-chunk-blocks,"{""attempt"":1,""status"":""complete""}",complete,False,
/mnt/main0/home/nclack/tmp/2026-09-24-damacy-cold-blocks/job-3822266/preflight/smooth4-lz4-c512-b256/full-scan/cold/repeat-1/tensorstore/attempts.json,/0,cpu-chunk-blocks,"{""attempt"":1,""status"":""complete""}",complete,False,
/mnt/main0/home/nclack/tmp/2026-09-24-damacy-cold-blocks/job-3822266/preflight/smooth4-lz4-c512-b256/random-1x256x256/cold/repeat-1/chunks256-default/attempts.json,/0,cpu-chunk-blocks,"{""attempt"":1,""status"":""complete""}",complete,False,
/mnt/main0/home/nclack/tmp/2026-09-24-damacy-cold-blocks/job-3822266/preflight/smooth4-lz4-c512-b256/random-1x256x256/cold/repeat-1/chunks256-random/attempts.json,/0,cpu-chunk-blocks,"{""attempt"":1,""status"":""complete""}",complete,False,
/mnt/main0/home/nclack/tmp/2026-09-24-damacy-cold-blocks/job-3822266/preflight/smooth4-lz4-c512-b256/random-1x256x256/cold/repeat-1/tensorstore/attempts.json,/0,cpu-chunk-blocks,"{""attempt"":1,""status"":""complete""}",complete,False,
/mnt/main0/home/nclack/tmp/2026-09-24-damacy-cold-blocks/job-3822266/preflight/smooth4-lz4-c512-b512/full-scan/cold/repeat-1/chunks256-default/attempts.json,/0,cpu-chunk-blocks,"{""attempt"":1,""status"":""complete""}",complete,False,
/mnt/main0/home/nclack/tmp/2026-09-24-damacy-cold-blocks/job-3822266/preflight/smooth4-lz4-c512-b512/full-scan/cold/repeat-1/chunks256-random/attempts.json,/0,cpu-chunk-blocks,"{""attempt"":1,""status"":""complete""}",complete,False,
/mnt/main0/home/nclack/tmp/2026-09-24-damacy-cold-blocks/job-3822266/preflight/smooth4-lz4-c512-b512/full-scan/cold/repeat-1/tensorstore/attempts.json,/0,cpu-chunk-blocks,"{""attempt"":1,""status"":""complete""}",complete,False,
/mnt/main0/home/nclack/tmp/2026-09-24-damacy-cold-blocks/job-3822266/preflight/smooth4-lz4-c512-b512/random-1x256x256/cold/repeat-1/chunks256-default/attempts.json,/0,cpu-chunk-blocks,"{""attempt"":1,""status"":""complete""}",complete,False,
/mnt/main0/home/nclack/tmp/2026-09-24-damacy-cold-blocks/job-3822266/preflight/smooth4-lz4-c512-b512/random-1x256x256/cold/repeat-1/chunks256-random/attempts.json,/0,cpu-chunk-blocks,"{""attempt"":1,""status"":""complete""}",complete,False,
/mnt/main0/home/nclack/tmp/2026-09-24-damacy-cold-blocks/job-3822266/preflight/smooth4-lz4-c512-b512/random-1x256x256/cold/repeat-1/tensorstore/attempts.json,/0,cpu-chunk-blocks,"{""attempt"":1,""status"":""complete""}",complete,False,
/mnt/main0/home/nclack/tmp/2026-09-24-damacy-cold-blocks/job-3822266/preflight/smooth4-lz4-c512-b64/full-scan/cold/repeat-1/chunks256-default/attempts.json,/0,cpu-chunk-blocks,"{""attempt"":1,""status"":""complete""}",complete,False,
/mnt/main0/home/nclack/tmp/2026-09-24-damacy-cold-blocks/job-3822266/preflight/smooth4-lz4-c512-b64/full-scan/cold/repeat-1/chunks256-random/attempts.json,/0,cpu-chunk-blocks,"{""attempt"":1,""status"":""complete""}",complete,False,
/mnt/main0/home/nclack/tmp/2026-09-24-damacy-cold-blocks/job-3822266/preflight/smooth4-lz4-c512-b64/full-scan/cold/repeat-1/tensorstore/attempts.json,/0,cpu-chunk-blocks,"{""attempt"":1,""status"":""complete""}",complete,False,
/mnt/main0/home/nclack/tmp/2026-09-24-damacy-cold-blocks/job-3822266/preflight/smooth4-lz4-c512-b64/random-1x256x256/cold/repeat-1/chunks256-default/attempts.json,/0,cpu-chunk-blocks,"{""attempt"":1,""status"":""complete""}",complete,False,
/mnt/main0/home/nclack/tmp/2026-09-24-damacy-cold-blocks/job-3822266/preflight/smooth4-lz4-c512-b64/random-1x256x256/cold/repeat-1/chunks256-random/attempts.json,/0,cpu-chunk-blocks,"{""attempt"":1,""status"":""complete""}",complete,False,
/mnt/main0/home/nclack/tmp/2026-09-24-damacy-cold-blocks/job-3822266/preflight/smooth4-lz4-c512-b64/random-1x256x256/cold/repeat-1/tensorstore/attempts.json,/0,cpu-chunk-blocks,"{""attempt"":1,""status"":""complete""}",complete,False,
/mnt/main0/home/nclack/tmp/2026-09-24-damacy-cold-blocks/job-3822266/preflight/smooth4-zstd-c128-b128/full-scan/cold/repeat-1/chunks256-default/attempts.json,/0,cpu-chunk-blocks,"{""attempt"":1,""status"":""complete""}",complete,False,
/mnt/main0/home/nclack/tmp/2026-09-24-damacy-cold-blocks/job-3822266/preflight/smooth4-zstd-c128-b128/full-scan/cold/repeat-1/chunks256-random/attempts.json,/0,cpu-chunk-blocks,"{""attempt"":1,""status"":""complete""}",complete,False,
/mnt/main0/home/nclack/tmp/2026-09-24-damacy-cold-blocks/job-3822266/preflight/smooth4-zstd-c128-b128/full-scan/cold/repeat-1/tensorstore/attempts.json,/0,cpu-chunk-blocks,"{""attempt"":1,""status"":""complete""}",complete,False,
/mnt/main0/home/nclack/tmp/2026-09-24-damacy-cold-blocks/job-3822266/preflight/smooth4-zstd-c128-b128/random-1x256x256/cold/repeat-1/chunks256-default/attempts.json,/0,cpu-chunk-blocks,"{""attempt"":1,""status"":""complete""}",complete,False,
/mnt/main0/home/nclack/tmp/2026-09-24-damacy-cold-blocks/job-3822266/preflight/smooth4-zstd-c128-b128/random-1x256x256/cold/repeat-1/chunks256-random/attempts.json,/0,cpu-chunk-blocks,"{""attempt"":1,""status"":""complete""}",complete,False,
/mnt/main0/home/nclack/tmp/2026-09-24-damacy-cold-blocks/job-3822266/preflight/smooth4-zstd-c128-b128/random-1x256x256/cold/repeat-1/tensorstore/attempts.json,/0,cpu-chunk-blocks,"{""attempt"":1,""status"":""complete""}",complete,False,
/mnt/main0/home/nclack/tmp/2026-09-24-damacy-cold-blocks/job-3822266/preflight/smooth4-zstd-c128-b16/full-scan/cold/repeat-1/chunks256-default/attempts.json,/0,cpu-chunk-blocks,"{""attempt"":1,""status"":""complete""}",complete,False,
/mnt/main0/home/nclack/tmp/2026-09-24-damacy-cold-blocks/job-3822266/preflight/smooth4-zstd-c128-b16/full-scan/cold/repeat-1/chunks256-random/attempts.json,/0,cpu-chunk-blocks,"{""attempt"":1,""status"":""complete""}",complete,False,
/mnt/main0/home/nclack/tmp/2026-09-24-damacy-cold-blocks/job-3822266/preflight/smooth4-zstd-c128-b16/full-scan/cold/repeat-1/tensorstore/attempts.json,/0,cpu-chunk-blocks,"{""attempt"":1,""status"":""complete""}",complete,False,
/mnt/main0/home/nclack/tmp/2026-09-24-damacy-cold-blocks/job-3822266/preflight/smooth4-zstd-c128-b16/random-1x256x256/cold/repeat-1/chunks256-default/attempts.json,/0,cpu-chunk-blocks,"{""attempt"":1,""status"":""complete""}",complete,False,
/mnt/main0/home/nclack/tmp/2026-09-24-damacy-cold-blocks/job-3822266/preflight/smooth4-zstd-c128-b16/random-1x256x256/cold/repeat-1/chunks256-random/attempts.json,/0,cpu-chunk-blocks,"{""attempt"":1,""status"":""complete""}",complete,False,
/mnt/main0/home/nclack/tmp/2026-09-24-damacy-cold-blocks/job-3822266/preflight/smooth4-zstd-c128-b16/random-1x256x256/cold/repeat-1/tensorstore/attempts.json,/0,cpu-chunk-blocks,"{""attempt"":1,""status"":""complete""}",complete,False,
/mnt/main0/home/nclack/tmp/2026-09-24-damacy-cold-blocks/job-3822266/preflight/smooth4-zstd-c128-b64/full-scan/cold/repeat-1/chunks256-default/attempts.json,/0,cpu-chunk-blocks,"{""attempt"":1,""status"":""complete""}",complete,False,
/mnt/main0/home/nclack/tmp/2026-09-24-damacy-cold-blocks/job-3822266/preflight/smooth4-zstd-c128-b64/full-scan/cold/repeat-1/chunks256-random/attempts.json,/0,cpu-chunk-blocks,"{""attempt"":1,""status"":""complete""}",complete,False,
/mnt/main0/home/nclack/tmp/2026-09-24-damacy-cold-blocks/job-3822266/preflight/smooth4-zstd-c128-b64/full-scan/cold/repeat-1/tensorstore/attempts.json,/0,cpu-chunk-blocks,"{""attempt"":1,""status"":""complete""}",complete,False,
/mnt/main0/home/nclack/tmp/2026-09-24-damacy-cold-blocks/job-3822266/preflight/smooth4-zstd-c128-b64/random-1x256x256/cold/repeat-1/chunks256-default/attempts.json,/0,cpu-chunk-blocks,"{""attempt"":1,""status"":""complete""}",complete,False,
/mnt/main0/home/nclack/tmp/2026-09-24-damacy-cold-blocks/job-3822266/preflight/smooth4-zstd-c128-b64/random-1x256x256/cold/repeat-1/chunks256-random/attempts.json,/0,cpu-chunk-blocks,"{""attempt"":1,""status"":""complete""}",complete,False,
/mnt/main0/home/nclack/tmp/2026-09-24-damacy-cold-blocks/job-3822266/preflight/smooth4-zstd-c128-b64/random-1x256x256/cold/repeat-1/tensorstore/attempts.json,/0,cpu-chunk-blocks,"{""attempt"":1,""status"":""complete""}",complete,False,
/mnt/main0/home/nclack/tmp/2026-09-24-damacy-cold-blocks/job-3822266/preflight/smooth4-zstd-c32-b16/full-scan/cold/repeat-1/chunks256-default/attempts.json,/0,cpu-chunk-blocks,"{""attempt"":1,""status"":""complete""}",complete,False,
/mnt/main0/home/nclack/tmp/2026-09-24-damacy-cold-blocks/job-3822266/preflight/smooth4-zstd-c32-b16/full-scan/cold/repeat-1/chunks256-random/attempts.json,/0,cpu-chunk-blocks,"{""attempt"":1,""status"":""complete""}",complete,False,
/mnt/main0/home/nclack/tmp/2026-09-24-damacy-cold-blocks/job-3822266/preflight/smooth4-zstd-c32-b16/full-scan/cold/repeat-1/tensorstore/attempts.json,/0,cpu-chunk-blocks,"{""attempt"":1,""status"":""complete""}",complete,False,
/mnt/main0/home/nclack/tmp/2026-09-24-damacy-cold-blocks/job-3822266/preflight/smooth4-zstd-c32-b16/random-1x256x256/cold/repeat-1/chunks256-default/attempts.json,/0,cpu-chunk-blocks,"{""attempt"":1,""status"":""complete""}",complete,False,
/mnt/main0/home/nclack/tmp/2026-09-24-damacy-cold-blocks/job-3822266/preflight/smooth4-zstd-c32-b16/random-1x256x256/cold/repeat-1/chunks256-random/attempts.json,/0,cpu-chunk-blocks,"{""attempt"":1,""status"":""complete""}",complete,False,
/mnt/main0/home/nclack/tmp/2026-09-24-damacy-cold-blocks/job-3822266/preflight/smooth4-zstd-c32-b16/random-1x256x256/cold/repeat-1/tensorstore/attempts.json,/0,cpu-chunk-blocks,"{""attempt"":1,""status"":""complete""}",complete,False,
/mnt/main0/home/nclack/tmp/2026-09-24-damacy-cold-blocks/job-3822266/preflight/smooth4-zstd-c32-b32/full-scan/cold/repeat-1/chunks256-default/attempts.json,/0,cpu-chunk-blocks,"{""attempt"":1,""status"":""complete""}",complete,False,
/mnt/main0/home/nclack/tmp/2026-09-24-damacy-cold-blocks/job-3822266/preflight/smooth4-zstd-c32-b32/full-scan/cold/repeat-1/chunks256-random/attempts.json,/0,cpu-chunk-blocks,"{""attempt"":1,""status"":""complete""}",complete,False,
/mnt/main0/home/nclack/tmp/2026-09-24-damacy-cold-blocks/job-3822266/preflight/smooth4-zstd-c32-b32/full-scan/cold/repeat-1/tensorstore/attempts.json,/0,cpu-chunk-blocks,"{""attempt"":1,""status"":""complete""}",complete,False,
/mnt/main0/home/nclack/tmp/2026-09-24-damacy-cold-blocks/job-3822266/preflight/smooth4-zstd-c32-b32/random-1x256x256/cold/repeat-1/chunks256-default/attempts.json,/0,cpu-chunk-blocks,"{""attempt"":1,""status"":""complete""}",complete,False,
/mnt/main0/home/nclack/tmp/2026-09-24-damacy-cold-blocks/job-3822266/preflight/smooth4-zstd-c32-b32/random-1x256x256/cold/repeat-1/chunks256-random/attempts.json,/0,cpu-chunk-blocks,"{""attempt"":1,""status"":""complete""}",complete,False,
/mnt/main0/home/nclack/tmp/2026-09-24-damacy-cold-blocks/job-3822266/preflight/smooth4-zstd-c32-b32/random-1x256x256/cold/repeat-1/tensorstore/attempts.json,/0,cpu-chunk-blocks,"{""attempt"":1,""status"":""complete""}",complete,False,
/mnt/main0/home/nclack/tmp/2026-09-24-damacy-cold-blocks/job-3822266/preflight/smooth4-zstd-c32-b4/full-scan/cold/repeat-1/chunks256-default/attempts.json,/0,cpu-chunk-blocks,"{""attempt"":1,""status"":""complete""}",complete,False,
/mnt/main0/home/nclack/tmp/2026-09-24-damacy-cold-blocks/job-3822266/preflight/smooth4-zstd-c32-b4/full-scan/cold/repeat-1/chunks256-random/attempts.json,/0,cpu-chunk-blocks,"{""attempt"":1,""status"":""complete""}",complete,False,
/mnt/main0/home/nclack/tmp/2026-09-24-damacy-cold-blocks/job-3822266/preflight/smooth4-zstd-c32-b4/full-scan/cold/repeat-1/tensorstore/attempts.json,/0,cpu-chunk-blocks,"{""attempt"":1,""status"":""complete""}",complete,False,
/mnt/main0/home/nclack/tmp/2026-09-24-damacy-cold-blocks/job-3822266/preflight/smooth4-zstd-c32-b4/random-1x256x256/cold/repeat-1/chunks256-default/attempts.json,/0,cpu-chunk-blocks,"{""attempt"":1,""status"":""complete""}",complete,False,
/mnt/main0/home/nclack/tmp/2026-09-24-damacy-cold-blocks/job-3822266/preflight/smooth4-zstd-c32-b4/random-1x256x256/cold/repeat-1/chunks256-random/attempts.json,/0,cpu-chunk-blocks,"{""attempt"":1,""status"":""complete""}",complete,False,
/mnt/main0/home/nclack/tmp/2026-09-24-damacy-cold-blocks/job-3822266/preflight/smooth4-zstd-c32-b4/random-1x256x256/cold/repeat-1/tensorstore/attempts.json,/0,cpu-chunk-blocks,"{""attempt"":1,""status"":""complete""}",complete,False,
/mnt/main0/home/nclack/tmp/2026-09-24-damacy-cold-blocks/job-3822266/preflight/smooth4-zstd-c512-b16/full-scan/cold/repeat-1/chunks256-default/attempts.json,/0,cpu-chunk-blocks,"{""attempt"":1,""status"":""complete""}",complete,False,
/mnt/main0/home/nclack/tmp/2026-09-24-damacy-cold-blocks/job-3822266/preflight/smooth4-zstd-c512-b16/full-scan/cold/repeat-1/chunks256-random/attempts.json,/0,cpu-chunk-blocks,"{""attempt"":1,""status"":""complete""}",complete,False,
/mnt/main0/home/nclack/tmp/2026-09-24-damacy-cold-blocks/job-3822266/preflight/smooth4-zstd-c512-b16/full-scan/cold/repeat-1/tensorstore/attempts.json,/0,cpu-chunk-blocks,"{""attempt"":1,""status"":""complete""}",complete,False,
/mnt/main0/home/nclack/tmp/2026-09-24-damacy-cold-blocks/job-3822266/preflight/smooth4-zstd-c512-b16/random-1x256x256/cold/repeat-1/chunks256-default/attempts.json,/0,cpu-chunk-blocks,"{""attempt"":1,""status"":""complete""}",complete,False,
/mnt/main0/home/nclack/tmp/2026-09-24-damacy-cold-blocks/job-3822266/preflight/smooth4-zstd-c512-b16/random-1x256x256/cold/repeat-1/chunks256-random/attempts.json,/0,cpu-chunk-blocks,"{""attempt"":1,""status"":""complete""}",complete,False,
/mnt/main0/home/nclack/tmp/2026-09-24-damacy-cold-blocks/job-3822266/preflight/smooth4-zstd-c512-b16/random-1x256x256/cold/repeat-1/tensorstore/attempts.json,/0,cpu-chunk-blocks,"{""attempt"":1,""status"":""complete""}",complete,False,
/mnt/main0/home/nclack/tmp/2026-09-24-damacy-cold-blocks/job-3822266/preflight/smooth4-zstd-c512-b256/full-scan/cold/repeat-1/chunks256-default/attempts.json,/0,cpu-chunk-blocks,"{""attempt"":1,""status"":""complete""}",complete,False,
/mnt/main0/home/nclack/tmp/2026-09-24-damacy-cold-blocks/job-3822266/preflight/smooth4-zstd-c512-b256/full-scan/cold/repeat-1/chunks256-random/attempts.json,/0,cpu-chunk-blocks,"{""attempt"":1,""status"":""complete""}",complete,False,
/mnt/main0/home/nclack/tmp/2026-09-24-damacy-cold-blocks/job-3822266/preflight/smooth4-zstd-c512-b256/full-scan/cold/repeat-1/tensorstore/attempts.json,/0,cpu-chunk-blocks,"{""attempt"":1,""status"":""complete""}",complete,False,
/mnt/main0/home/nclack/tmp/2026-09-24-damacy-cold-blocks/job-3822266/preflight/smooth4-zstd-c512-b256/random-1x256x256/cold/repeat-1/chunks256-default/attempts.json,/0,cpu-chunk-blocks,"{""attempt"":1,""status"":""complete""}",complete,False,
/mnt/main0/home/nclack/tmp/2026-09-24-damacy-cold-blocks/job-3822266/preflight/smooth4-zstd-c512-b256/random-1x256x256/cold/repeat-1/chunks256-random/attempts.json,/0,cpu-chunk-blocks,"{""attempt"":1,""status"":""complete""}",complete,False,
/mnt/main0/home/nclack/tmp/2026-09-24-damacy-cold-blocks/job-3822266/preflight/smooth4-zstd-c512-b256/random-1x256x256/cold/repeat-1/tensorstore/attempts.json,/0,cpu-chunk-blocks,"{""attempt"":1,""status"":""complete""}",complete,False,
/mnt/main0/home/nclack/tmp/2026-09-24-damacy-cold-blocks/job-3822266/preflight/smooth4-zstd-c512-b512/full-scan/cold/repeat-1/chunks256-default/attempts.json,/0,cpu-chunk-blocks,"{""attempt"":1,""status"":""complete""}",complete,False,
/mnt/main0/home/nclack/tmp/2026-09-24-damacy-cold-blocks/job-3822266/preflight/smooth4-zstd-c512-b512/full-scan/cold/repeat-1/chunks256-random/attempts.json,/0,cpu-chunk-blocks,"{""attempt"":1,""status"":""complete""}",complete,False,
/mnt/main0/home/nclack/tmp/2026-09-24-damacy-cold-blocks/job-3822266/preflight/smooth4-zstd-c512-b512/full-scan/cold/repeat-1/tensorstore/attempts.json,/0,cpu-chunk-blocks,"{""attempt"":1,""status"":""complete""}",complete,False,
/mnt/main0/home/nclack/tmp/2026-09-24-damacy-cold-blocks/job-3822266/preflight/smooth4-zstd-c512-b512/random-1x256x256/cold/repeat-1/chunks256-default/attempts.json,/0,cpu-chunk-blocks,"{""attempt"":1,""status"":""complete""}",complete,False,
/mnt/main0/home/nclack/tmp/2026-09-24-damacy-cold-blocks/job-3822266/preflight/smooth4-zstd-c512-b512/random-1x256x256/cold/repeat-1/chunks256-random/attempts.json,/0,cpu-chunk-blocks,"{""attempt"":1,""status"":""complete""}",complete,False,
/mnt/main0/home/nclack/tmp/2026-09-24-damacy-cold-blocks/job-3822266/preflight/smooth4-zstd-c512-b512/random-1x256x256/cold/repeat-1/tensorstore/attempts.json,/0,cpu-chunk-blocks,"{""attempt"":1,""status"":""complete""}",complete,False,
/mnt/main0/home/nclack/tmp/2026-09-24-damacy-cold-blocks/job-3822266/preflight/smooth4-zstd-c512-b64/full-scan/cold/repeat-1/chunks256-default/attempts.json,/0,cpu-chunk-blocks,"{""attempt"":1,""status"":""complete""}",complete,False,
/mnt/main0/home/nclack/tmp/2026-09-24-damacy-cold-blocks/job-3822266/preflight/smooth4-zstd-c512-b64/full-scan/cold/repeat-1/chunks256-random/attempts.json,/0,cpu-chunk-blocks,"{""attempt"":1,""status"":""complete""}",complete,False,
/mnt/main0/home/nclack/tmp/2026-09-24-damacy-cold-blocks/job-3822266/preflight/smooth4-zstd-c512-b64/full-scan/cold/repeat-1/tensorstore/attempts.json,/0,cpu-chunk-blocks,"{""attempt"":1,""status"":""complete""}",complete,False,
/mnt/main0/home/nclack/tmp/2026-09-24-damacy-cold-blocks/job-3822266/preflight/smooth4-zstd-c512-b64/random-1x256x256/cold/repeat-1/chunks256-default/attempts.json,/0,cpu-chunk-blocks,"{""attempt"":1,""status"":""complete""}",complete,False,
/mnt/main0/home/nclack/tmp/2026-09-24-damacy-cold-blocks/job-3822266/preflight/smooth4-zstd-c512-b64/random-1x256x256/cold/repeat-1/chunks256-random/attempts.json,/0,cpu-chunk-blocks,"{""attempt"":1,""status"":""complete""}",complete,False,
/mnt/main0/home/nclack/tmp/2026-09-24-damacy-cold-blocks/job-3822266/preflight/smooth4-zstd-c512-b64/random-1x256x256/cold/repeat-1/tensorstore/attempts.json,/0,cpu-chunk-blocks,"{""attempt"":1,""status"":""complete""}",complete,False,
/mnt/main0/home/nclack/tmp/2026-09-25-damacy-nfs-spot/job-3832563/results/smooth4-lz4-c512-b512/local/full-scan/repeat-1/chunks256-default/attempts.json,/0,cpu-nfs-local-spot,"{""attempt"":1,""status"":""complete""}",complete,False,
/mnt/main0/home/nclack/tmp/2026-09-25-damacy-nfs-spot/job-3832563/results/smooth4-lz4-c512-b512/local/full-scan/repeat-1/chunks256-random/attempts.json,/0,cpu-nfs-local-spot,"{""attempt"":1,""status"":""complete""}",complete,False,
/mnt/main0/home/nclack/tmp/2026-09-25-damacy-nfs-spot/job-3832563/results/smooth4-lz4-c512-b512/local/full-scan/repeat-1/tensorstore/attempts.json,/0,cpu-nfs-local-spot,"{""attempt"":1,""status"":""complete""}",complete,False,
/mnt/main0/home/nclack/tmp/2026-09-25-damacy-nfs-spot/job-3832563/results/smooth4-lz4-c512-b512/local/full-scan/repeat-2/chunks256-default/attempts.json,/0,cpu-nfs-local-spot,"{""attempt"":1,""status"":""complete""}",complete,False,
/mnt/main0/home/nclack/tmp/2026-09-25-damacy-nfs-spot/job-3832563/results/smooth4-lz4-c512-b512/local/full-scan/repeat-2/chunks256-random/attempts.json,/0,cpu-nfs-local-spot,"{""attempt"":1,""status"":""complete""}",complete,False,
/mnt/main0/home/nclack/tmp/2026-09-25-damacy-nfs-spot/job-3832563/results/smooth4-lz4-c512-b512/local/full-scan/repeat-2/tensorstore/attempts.json,/0,cpu-nfs-local-spot,"{""attempt"":1,""status"":""complete""}",complete,False,
/mnt/main0/home/nclack/tmp/2026-09-25-damacy-nfs-spot/job-3832563/results/smooth4-lz4-c512-b512/local/full-scan/repeat-3/chunks256-default/attempts.json,/0,cpu-nfs-local-spot,"{""attempt"":1,""status"":""complete""}",complete,False,
/mnt/main0/home/nclack/tmp/2026-09-25-damacy-nfs-spot/job-3832563/results/smooth4-lz4-c512-b512/local/full-scan/repeat-3/chunks256-random/attempts.json,/0,cpu-nfs-local-spot,"{""attempt"":1,""status"":""complete""}",complete,False,
/mnt/main0/home/nclack/tmp/2026-09-25-damacy-nfs-spot/job-3832563/results/smooth4-lz4-c512-b512/local/full-scan/repeat-3/tensorstore/attempts.json,/0,cpu-nfs-local-spot,"{""attempt"":1,""status"":""complete""}",complete,False,
/mnt/main0/home/nclack/tmp/2026-09-25-damacy-nfs-spot/job-3832563/results/smooth4-lz4-c512-b512/local/random-1x256x256/repeat-1/chunks256-default/attempts.json,/0,cpu-nfs-local-spot,"{""attempt"":1,""status"":""complete""}",complete,False,
/mnt/main0/home/nclack/tmp/2026-09-25-damacy-nfs-spot/job-3832563/results/smooth4-lz4-c512-b512/local/random-1x256x256/repeat-1/chunks256-random/attempts.json,/0,cpu-nfs-local-spot,"{""attempt"":1,""status"":""complete""}",complete,False,
/mnt/main0/home/nclack/tmp/2026-09-25-damacy-nfs-spot/job-3832563/results/smooth4-lz4-c512-b512/local/random-1x256x256/repeat-1/tensorstore/attempts.json,/0,cpu-nfs-local-spot,"{""attempt"":1,""status"":""complete""}",complete,False,
/mnt/main0/home/nclack/tmp/2026-09-25-damacy-nfs-spot/job-3832563/results/smooth4-lz4-c512-b512/local/random-1x256x256/repeat-2/chunks256-default/attempts.json,/0,cpu-nfs-local-spot,"{""attempt"":1,""status"":""complete""}",complete,False,
/mnt/main0/home/nclack/tmp/2026-09-25-damacy-nfs-spot/job-3832563/results/smooth4-lz4-c512-b512/local/random-1x256x256/repeat-2/chunks256-random/attempts.json,/0,cpu-nfs-local-spot,"{""attempt"":1,""status"":""complete""}",complete,False,
/mnt/main0/home/nclack/tmp/2026-09-25-damacy-nfs-spot/job-3832563/results/smooth4-lz4-c512-b512/local/random-1x256x256/repeat-2/tensorstore/attempts.json,/0,cpu-nfs-local-spot,"{""attempt"":1,""status"":""complete""}",complete,False,
/mnt/main0/home/nclack/tmp/2026-09-25-damacy-nfs-spot/job-3832563/results/smooth4-lz4-c512-b512/local/random-1x256x256/repeat-3/chunks256-default/attempts.json,/0,cpu-nfs-local-spot,"{""attempt"":1,""status"":""complete""}",complete,False,
/mnt/main0/home/nclack/tmp/2026-09-25-damacy-nfs-spot/job-3832563/results/smooth4-lz4-c512-b512/local/random-1x256x256/repeat-3/chunks256-random/attempts.json,/0,cpu-nfs-local-spot,"{""attempt"":1,""status"":""complete""}",complete,False,
/mnt/main0/home/nclack/tmp/2026-09-25-damacy-nfs-spot/job-3832563/results/smooth4-lz4-c512-b512/local/random-1x256x256/repeat-3/tensorstore/attempts.json,/0,cpu-nfs-local-spot,"{""attempt"":1,""status"":""complete""}",complete,False,
/mnt/main0/home/nclack/tmp/2026-09-25-damacy-nfs-spot/job-3832563/results/smooth4-lz4-c512-b512/nfs/full-scan/repeat-1/chunks256-default/attempts.json,/0,cpu-nfs-local-spot,"{""attempt"":1,""status"":""complete""}",complete,False,
/mnt/main0/home/nclack/tmp/2026-09-25-damacy-nfs-spot/job-3832563/results/smooth4-lz4-c512-b512/nfs/full-scan/repeat-1/chunks256-random/attempts.json,/0,cpu-nfs-local-spot,"{""attempt"":1,""status"":""complete""}",complete,False,
/mnt/main0/home/nclack/tmp/2026-09-25-damacy-nfs-spot/job-3832563/results/smooth4-lz4-c512-b512/nfs/full-scan/repeat-1/tensorstore/attempts.json,/0,cpu-nfs-local-spot,"{""attempt"":1,""status"":""complete""}",complete,False,
/mnt/main0/home/nclack/tmp/2026-09-25-damacy-nfs-spot/job-3832563/results/smooth4-lz4-c512-b512/nfs/full-scan/repeat-2/chunks256-default/attempts.json,/0,cpu-nfs-local-spot,"{""attempt"":1,""status"":""complete""}",complete,False,
/mnt/main0/home/nclack/tmp/2026-09-25-damacy-nfs-spot/job-3832563/results/smooth4-lz4-c512-b512/nfs/full-scan/repeat-2/chunks256-random/attempts.json,/0,cpu-nfs-local-spot,"{""attempt"":1,""status"":""complete""}",complete,False,
/mnt/main0/home/nclack/tmp/2026-09-25-damacy-nfs-spot/job-3832563/results/smooth4-lz4-c512-b512/nfs/full-scan/repeat-2/tensorstore/attempts.json,/0,cpu-nfs-local-spot,"{""attempt"":1,""status"":""complete""}",complete,False,
/mnt/main0/home/nclack/tmp/2026-09-25-damacy-nfs-spot/job-3832563/results/smooth4-lz4-c512-b512/nfs/full-scan/repeat-3/chunks256-default/attempts.json,/0,cpu-nfs-local-spot,"{""attempt"":1,""status"":""complete""}",complete,False,
/mnt/main0/home/nclack/tmp/2026-09-25-damacy-nfs-spot/job-3832563/results/smooth4-lz4-c512-b512/nfs/full-scan/repeat-3/chunks256-random/attempts.json,/0,cpu-nfs-local-spot,"{""attempt"":1,""status"":""complete""}",complete,False,
/mnt/main0/home/nclack/tmp/2026-09-25-damacy-nfs-spot/job-3832563/results/smooth4-lz4-c512-b512/nfs/full-scan/repeat-3/tensorstore/attempts.json,/0,cpu-nfs-local-spot,"{""attempt"":1,""status"":""complete""}",complete,False,
/mnt/main0/home/nclack/tmp/2026-09-25-damacy-nfs-spot/job-3832563/results/smooth4-lz4-c512-b512/nfs/random-1x256x256/repeat-1/chunks256-default/attempts.json,/0,cpu-nfs-local-spot,"{""attempt"":1,""status"":""complete""}",complete,False,
/mnt/main0/home/nclack/tmp/2026-09-25-damacy-nfs-spot/job-3832563/results/smooth4-lz4-c512-b512/nfs/random-1x256x256/repeat-1/chunks256-random/attempts.json,/0,cpu-nfs-local-spot,"{""attempt"":1,""status"":""complete""}",complete,False,
/mnt/main0/home/nclack/tmp/2026-09-25-damacy-nfs-spot/job-3832563/results/smooth4-lz4-c512-b512/nfs/random-1x256x256/repeat-1/tensorstore/attempts.json,/0,cpu-nfs-local-spot,"{""attempt"":1,""status"":""complete""}",complete,False,
/mnt/main0/home/nclack/tmp/2026-09-25-damacy-nfs-spot/job-3832563/results/smooth4-lz4-c512-b512/nfs/random-1x256x256/repeat-2/chunks256-default/attempts.json,/0,cpu-nfs-local-spot,"{""attempt"":1,""status"":""complete""}",complete,False,
/mnt/main0/home/nclack/tmp/2026-09-25-damacy-nfs-spot/job-3832563/results/smooth4-lz4-c512-b512/nfs/random-1x256x256/repeat-2/chunks256-random/attempts.json,/0,cpu-nfs-local-spot,"{""attempt"":1,""status"":""complete""}",complete,False,
/mnt/main0/home/nclack/tmp/2026-09-25-damacy-nfs-spot/job-3832563/results/smooth4-lz4-c512-b512/nfs/random-1x256x256/repeat-2/tensorstore/attempts.json,/0,cpu-nfs-local-spot,"{""attempt"":1,""status"":""complete""}",complete,False,
/mnt/main0/home/nclack/tmp/2026-09-25-damacy-nfs-spot/job-3832563/results/smooth4-lz4-c512-b512/nfs/random-1x256x256/repeat-3/chunks256-default/attempts.json,/0,cpu-nfs-local-spot,"{""attempt"":1,""status"":""complete""}",complete,False,
/mnt/main0/home/nclack/tmp/2026-09-25-damacy-nfs-spot/job-3832563/results/smooth4-lz4-c512-b512/nfs/random-1x256x256/repeat-3/chunks256-random/attempts.json,/0,cpu-nfs-local-spot,"{""attempt"":1,""status"":""complete""}",complete,False,
/mnt/main0/home/nclack/tmp/2026-09-25-damacy-nfs-spot/job-3832563/results/smooth4-lz4-c512-b512/nfs/random-1x256x256/repeat-3/tensorstore/attempts.json,/0,cpu-nfs-local-spot,"{""attempt"":1,""status"":""complete""}",complete,False,
/mnt/main0/home/nclack/tmp/2026-09-25-damacy-nfs-spot/job-3832563/results/smooth4-zstd-c128-b128/local/full-scan/repeat-1/chunks256-default/attempts.json,/0,cpu-nfs-local-spot,"{""attempt"":1,""status"":""complete""}",complete,False,
/mnt/main0/home/nclack/tmp/2026-09-25-damacy-nfs-spot/job-3832563/results/smooth4-zstd-c128-b128/local/full-scan/repeat-1/chunks256-random/attempts.json,/0,cpu-nfs-local-spot,"{""attempt"":1,""status"":""complete""}",complete,False,
/mnt/main0/home/nclack/tmp/2026-09-25-damacy-nfs-spot/job-3832563/results/smooth4-zstd-c128-b128/local/full-scan/repeat-1/tensorstore/attempts.json,/0,cpu-nfs-local-spot,"{""attempt"":1,""status"":""complete""}",complete,False,
/mnt/main0/home/nclack/tmp/2026-09-25-damacy-nfs-spot/job-3832563/results/smooth4-zstd-c128-b128/local/full-scan/repeat-2/chunks256-default/attempts.json,/0,cpu-nfs-local-spot,"{""attempt"":1,""status"":""complete""}",complete,False,
/mnt/main0/home/nclack/tmp/2026-09-25-damacy-nfs-spot/job-3832563/results/smooth4-zstd-c128-b128/local/full-scan/repeat-2/chunks256-random/attempts.json,/0,cpu-nfs-local-spot,"{""attempt"":1,""status"":""complete""}",complete,False,
/mnt/main0/home/nclack/tmp/2026-09-25-damacy-nfs-spot/job-3832563/results/smooth4-zstd-c128-b128/local/full-scan/repeat-2/tensorstore/attempts.json,/0,cpu-nfs-local-spot,"{""attempt"":1,""status"":""complete""}",complete,False,
/mnt/main0/home/nclack/tmp/2026-09-25-damacy-nfs-spot/job-3832563/results/smooth4-zstd-c128-b128/local/full-scan/repeat-3/chunks256-default/attempts.json,/0,cpu-nfs-local-spot,"{""attempt"":1,""status"":""complete""}",complete,False,
/mnt/main0/home/nclack/tmp/2026-09-25-damacy-nfs-spot/job-3832563/results/smooth4-zstd-c128-b128/local/full-scan/repeat-3/chunks256-random/attempts.json,/0,cpu-nfs-local-spot,"{""attempt"":1,""status"":""complete""}",complete,False,
/mnt/main0/home/nclack/tmp/2026-09-25-damacy-nfs-spot/job-3832563/results/smooth4-zstd-c128-b128/local/full-scan/repeat-3/tensorstore/attempts.json,/0,cpu-nfs-local-spot,"{""attempt"":1,""status"":""complete""}",complete,False,
/mnt/main0/home/nclack/tmp/2026-09-25-damacy-nfs-spot/job-3832563/results/smooth4-zstd-c128-b128/local/random-1x256x256/repeat-1/chunks256-default/attempts.json,/0,cpu-nfs-local-spot,"{""attempt"":1,""status"":""complete""}",complete,False,
/mnt/main0/home/nclack/tmp/2026-09-25-damacy-nfs-spot/job-3832563/results/smooth4-zstd-c128-b128/local/random-1x256x256/repeat-1/chunks256-random/attempts.json,/0,cpu-nfs-local-spot,"{""attempt"":1,""status"":""complete""}",complete,False,
/mnt/main0/home/nclack/tmp/2026-09-25-damacy-nfs-spot/job-3832563/results/smooth4-zstd-c128-b128/local/random-1x256x256/repeat-1/tensorstore/attempts.json,/0,cpu-nfs-local-spot,"{""attempt"":1,""status"":""complete""}",complete,False,
/mnt/main0/home/nclack/tmp/2026-09-25-damacy-nfs-spot/job-3832563/results/smooth4-zstd-c128-b128/local/random-1x256x256/repeat-2/chunks256-default/attempts.json,/0,cpu-nfs-local-spot,"{""attempt"":1,""status"":""complete""}",complete,False,
/mnt/main0/home/nclack/tmp/2026-09-25-damacy-nfs-spot/job-3832563/results/smooth4-zstd-c128-b128/local/random-1x256x256/repeat-2/chunks256-random/attempts.json,/0,cpu-nfs-local-spot,"{""attempt"":1,""status"":""complete""}",complete,False,
/mnt/main0/home/nclack/tmp/2026-09-25-damacy-nfs-spot/job-3832563/results/smooth4-zstd-c128-b128/local/random-1x256x256/repeat-2/tensorstore/attempts.json,/0,cpu-nfs-local-spot,"{""attempt"":1,""status"":""complete""}",complete,False,
/mnt/main0/home/nclack/tmp/2026-09-25-damacy-nfs-spot/job-3832563/results/smooth4-zstd-c128-b128/local/random-1x256x256/repeat-3/chunks256-default/attempts.json,/0,cpu-nfs-local-spot,"{""attempt"":1,""status"":""complete""}",complete,False,
/mnt/main0/home/nclack/tmp/2026-09-25-damacy-nfs-spot/job-3832563/results/smooth4-zstd-c128-b128/local/random-1x256x256/repeat-3/chunks256-random/attempts.json,/0,cpu-nfs-local-spot,"{""attempt"":1,""status"":""complete""}",complete,False,
/mnt/main0/home/nclack/tmp/2026-09-25-damacy-nfs-spot/job-3832563/results/smooth4-zstd-c128-b128/local/random-1x256x256/repeat-3/tensorstore/attempts.json,/0,cpu-nfs-local-spot,"{""attempt"":1,""status"":""complete""}",complete,False,
/mnt/main0/home/nclack/tmp/2026-09-25-damacy-nfs-spot/job-3832563/results/smooth4-zstd-c128-b128/nfs/full-scan/repeat-1/chunks256-default/attempts.json,/0,cpu-nfs-local-spot,"{""attempt"":1,""status"":""complete""}",complete,False,
/mnt/main0/home/nclack/tmp/2026-09-25-damacy-nfs-spot/job-3832563/results/smooth4-zstd-c128-b128/nfs/full-scan/repeat-1/chunks256-random/attempts.json,/0,cpu-nfs-local-spot,"{""attempt"":1,""status"":""complete""}",complete,False,
/mnt/main0/home/nclack/tmp/2026-09-25-damacy-nfs-spot/job-3832563/results/smooth4-zstd-c128-b128/nfs/full-scan/repeat-1/tensorstore/attempts.json,/0,cpu-nfs-local-spot,"{""attempt"":1,""status"":""complete""}",complete,False,
/mnt/main0/home/nclack/tmp/2026-09-25-damacy-nfs-spot/job-3832563/results/smooth4-zstd-c128-b128/nfs/full-scan/repeat-2/chunks256-default/attempts.json,/0,cpu-nfs-local-spot,"{""attempt"":1,""status"":""complete""}",complete,False,
/mnt/main0/home/nclack/tmp/2026-09-25-damacy-nfs-spot/job-3832563/results/smooth4-zstd-c128-b128/nfs/full-scan/repeat-2/chunks256-random/attempts.json,/0,cpu-nfs-local-spot,"{""attempt"":1,""status"":""complete""}",complete,False,
/mnt/main0/home/nclack/tmp/2026-09-25-damacy-nfs-spot/job-3832563/results/smooth4-zstd-c128-b128/nfs/full-scan/repeat-2/tensorstore/attempts.json,/0,cpu-nfs-local-spot,"{""attempt"":1,""status"":""complete""}",complete,False,
/mnt/main0/home/nclack/tmp/2026-09-25-damacy-nfs-spot/job-3832563/results/smooth4-zstd-c128-b128/nfs/full-scan/repeat-3/chunks256-default/attempts.json,/0,cpu-nfs-local-spot,"{""attempt"":1,""status"":""complete""}",complete,False,
/mnt/main0/home/nclack/tmp/2026-09-25-damacy-nfs-spot/job-3832563/results/smooth4-zstd-c128-b128/nfs/full-scan/repeat-3/chunks256-random/attempts.json,/0,cpu-nfs-local-spot,"{""attempt"":1,""status"":""complete""}",complete,False,
/mnt/main0/home/nclack/tmp/2026-09-25-damacy-nfs-spot/job-3832563/results/smooth4-zstd-c128-b128/nfs/full-scan/repeat-3/tensorstore/attempts.json,/0,cpu-nfs-local-spot,"{""attempt"":1,""status"":""complete""}",complete,False,
/mnt/main0/home/nclack/tmp/2026-09-25-damacy-nfs-spot/job-3832563/results/smooth4-zstd-c128-b128/nfs/random-1x256x256/repeat-1/chunks256-default/attempts.json,/0,cpu-nfs-local-spot,"{""attempt"":1,""status"":""complete""}",complete,False,
/mnt/main0/home/nclack/tmp/2026-09-25-damacy-nfs-spot/job-3832563/results/smooth4-zstd-c128-b128/nfs/random-1x256x256/repeat-1/chunks256-random/attempts.json,/0,cpu-nfs-local-spot,"{""attempt"":1,""status"":""complete""}",complete,False,
/mnt/main0/home/nclack/tmp/2026-09-25-damacy-nfs-spot/job-3832563/results/smooth4-zstd-c128-b128/nfs/random-1x256x256/repeat-1/tensorstore/attempts.json,/0,cpu-nfs-local-spot,"{""attempt"":1,""status"":""complete""}",complete,False,
/mnt/main0/home/nclack/tmp/2026-09-25-damacy-nfs-spot/job-3832563/results/smooth4-zstd-c128-b128/nfs/random-1x256x256/repeat-2/chunks256-default/attempts.json,/0,cpu-nfs-local-spot,"{""attempt"":1,""status"":""complete""}",complete,False,
/mnt/main0/home/nclack/tmp/2026-09-25-damacy-nfs-spot/job-3832563/results/smooth4-zstd-c128-b128/nfs/random-1x256x256/repeat-2/chunks256-random/attempts.json,/0,cpu-nfs-local-spot,"{""attempt"":1,""status"":""complete""}",complete,False,
/mnt/main0/home/nclack/tmp/2026-09-25-damacy-nfs-spot/job-3832563/results/smooth4-zstd-c128-b128/nfs/random-1x256x256/repeat-2/tensorstore/attempts.json,/0,cpu-nfs-local-spot,"{""attempt"":1,""status"":""complete""}",complete,False,
/mnt/main0/home/nclack/tmp/2026-09-25-damacy-nfs-spot/job-3832563/results/smooth4-zstd-c128-b128/nfs/random-1x256x256/repeat-3/chunks256-default/attempts.json,/0,cpu-nfs-local-spot,"{""attempt"":1,""status"":""complete""}",complete,False,
/mnt/main0/home/nclack/tmp/2026-09-25-damacy-nfs-spot/job-3832563/results/smooth4-zstd-c128-b128/nfs/random-1x256x256/repeat-3/chunks256-random/attempts.json,/0,cpu-nfs-local-spot,"{""attempt"":1,""status"":""complete""}",complete,False,
/mnt/main0/home/nclack/tmp/2026-09-25-damacy-nfs-spot/job-3832563/results/smooth4-zstd-c128-b128/nfs/random-1x256x256/repeat-3/tensorstore/attempts.json,/0,cpu-nfs-local-spot,"{""attempt"":1,""status"":""complete""}",complete,False,
/mnt/main0/home/nclack/tmp/2026-09-25-damacy-nfs-spot/job-3832563/results/smooth4-zstd-c32-b32/local/full-scan/repeat-1/chunks256-default/attempts.json,/0,cpu-nfs-local-spot,"{""attempt"":1,""status"":""complete""}",complete,False,
/mnt/main0/home/nclack/tmp/2026-09-25-damacy-nfs-spot/job-3832563/results/smooth4-zstd-c32-b32/local/full-scan/repeat-1/chunks256-random/attempts.json,/0,cpu-nfs-local-spot,"{""attempt"":1,""status"":""complete""}",complete,False,
/mnt/main0/home/nclack/tmp/2026-09-25-damacy-nfs-spot/job-3832563/results/smooth4-zstd-c32-b32/local/full-scan/repeat-1/tensorstore/attempts.json,/0,cpu-nfs-local-spot,"{""attempt"":1,""status"":""complete""}",complete,False,
/mnt/main0/home/nclack/tmp/2026-09-25-damacy-nfs-spot/job-3832563/results/smooth4-zstd-c32-b32/local/full-scan/repeat-2/chunks256-default/attempts.json,/0,cpu-nfs-local-spot,"{""attempt"":1,""status"":""complete""}",complete,False,
/mnt/main0/home/nclack/tmp/2026-09-25-damacy-nfs-spot/job-3832563/results/smooth4-zstd-c32-b32/local/full-scan/repeat-2/chunks256-random/attempts.json,/0,cpu-nfs-local-spot,"{""attempt"":1,""status"":""complete""}",complete,False,
/mnt/main0/home/nclack/tmp/2026-09-25-damacy-nfs-spot/job-3832563/results/smooth4-zstd-c32-b32/local/full-scan/repeat-2/tensorstore/attempts.json,/0,cpu-nfs-local-spot,"{""attempt"":1,""status"":""complete""}",complete,False,
/mnt/main0/home/nclack/tmp/2026-09-25-damacy-nfs-spot/job-3832563/results/smooth4-zstd-c32-b32/local/full-scan/repeat-3/chunks256-default/attempts.json,/0,cpu-nfs-local-spot,"{""attempt"":1,""status"":""complete""}",complete,False,
/mnt/main0/home/nclack/tmp/2026-09-25-damacy-nfs-spot/job-3832563/results/smooth4-zstd-c32-b32/local/full-scan/repeat-3/chunks256-random/attempts.json,/0,cpu-nfs-local-spot,"{""attempt"":1,""status"":""complete""}",complete,False,
/mnt/main0/home/nclack/tmp/2026-09-25-damacy-nfs-spot/job-3832563/results/smooth4-zstd-c32-b32/local/full-scan/repeat-3/tensorstore/attempts.json,/0,cpu-nfs-local-spot,"{""attempt"":1,""status"":""complete""}",complete,False,
/mnt/main0/home/nclack/tmp/2026-09-25-damacy-nfs-spot/job-3832563/results/smooth4-zstd-c32-b32/local/random-1x256x256/repeat-1/chunks256-default/attempts.json,/0,cpu-nfs-local-spot,"{""attempt"":1,""status"":""complete""}",complete,False,
/mnt/main0/home/nclack/tmp/2026-09-25-damacy-nfs-spot/job-3832563/results/smooth4-zstd-c32-b32/local/random-1x256x256/repeat-1/chunks256-random/attempts.json,/0,cpu-nfs-local-spot,"{""attempt"":1,""status"":""complete""}",complete,False,
/mnt/main0/home/nclack/tmp/2026-09-25-damacy-nfs-spot/job-3832563/results/smooth4-zstd-c32-b32/local/random-1x256x256/repeat-1/tensorstore/attempts.json,/0,cpu-nfs-local-spot,"{""attempt"":1,""status"":""complete""}",complete,False,
/mnt/main0/home/nclack/tmp/2026-09-25-damacy-nfs-spot/job-3832563/results/smooth4-zstd-c32-b32/local/random-1x256x256/repeat-2/chunks256-default/attempts.json,/0,cpu-nfs-local-spot,"{""attempt"":1,""status"":""complete""}",complete,False,
/mnt/main0/home/nclack/tmp/2026-09-25-damacy-nfs-spot/job-3832563/results/smooth4-zstd-c32-b32/local/random-1x256x256/repeat-2/chunks256-random/attempts.json,/0,cpu-nfs-local-spot,"{""attempt"":1,""status"":""complete""}",complete,False,
/mnt/main0/home/nclack/tmp/2026-09-25-damacy-nfs-spot/job-3832563/results/smooth4-zstd-c32-b32/local/random-1x256x256/repeat-2/tensorstore/attempts.json,/0,cpu-nfs-local-spot,"{""attempt"":1,""status"":""complete""}",complete,False,
/mnt/main0/home/nclack/tmp/2026-09-25-damacy-nfs-spot/job-3832563/results/smooth4-zstd-c32-b32/local/random-1x256x256/repeat-3/chunks256-default/attempts.json,/0,cpu-nfs-local-spot,"{""attempt"":1,""status"":""complete""}",complete,False,
/mnt/main0/home/nclack/tmp/2026-09-25-damacy-nfs-spot/job-3832563/results/smooth4-zstd-c32-b32/local/random-1x256x256/repeat-3/chunks256-random/attempts.json,/0,cpu-nfs-local-spot,"{""attempt"":1,""status"":""complete""}",complete,False,
/mnt/main0/home/nclack/tmp/2026-09-25-damacy-nfs-spot/job-3832563/results/smooth4-zstd-c32-b32/local/random-1x256x256/repeat-3/tensorstore/attempts.json,/0,cpu-nfs-local-spot,"{""attempt"":1,""status"":""complete""}",complete,False,
/mnt/main0/home/nclack/tmp/2026-09-25-damacy-nfs-spot/job-3832563/results/smooth4-zstd-c32-b32/nfs/full-scan/repeat-1/chunks256-default/attempts.json,/0,cpu-nfs-local-spot,"{""attempt"":1,""status"":""complete""}",complete,False,
/mnt/main0/home/nclack/tmp/2026-09-25-damacy-nfs-spot/job-3832563/results/smooth4-zstd-c32-b32/nfs/full-scan/repeat-1/chunks256-random/attempts.json,/0,cpu-nfs-local-spot,"{""attempt"":1,""status"":""complete""}",complete,False,
/mnt/main0/home/nclack/tmp/2026-09-25-damacy-nfs-spot/job-3832563/results/smooth4-zstd-c32-b32/nfs/full-scan/repeat-1/tensorstore/attempts.json,/0,cpu-nfs-local-spot,"{""attempt"":1,""status"":""complete""}",complete,False,
/mnt/main0/home/nclack/tmp/2026-09-25-damacy-nfs-spot/job-3832563/results/smooth4-zstd-c32-b32/nfs/full-scan/repeat-2/chunks256-default/attempts.json,/0,cpu-nfs-local-spot,"{""attempt"":1,""status"":""complete""}",complete,False,
/mnt/main0/home/nclack/tmp/2026-09-25-damacy-nfs-spot/job-3832563/results/smooth4-zstd-c32-b32/nfs/full-scan/repeat-2/chunks256-random/attempts.json,/0,cpu-nfs-local-spot,"{""attempt"":1,""status"":""complete""}",complete,False,
/mnt/main0/home/nclack/tmp/2026-09-25-damacy-nfs-spot/job-3832563/results/smooth4-zstd-c32-b32/nfs/full-scan/repeat-2/tensorstore/attempts.json,/0,cpu-nfs-local-spot,"{""attempt"":1,""status"":""complete""}",complete,False,
/mnt/main0/home/nclack/tmp/2026-09-25-damacy-nfs-spot/job-3832563/results/smooth4-zstd-c32-b32/nfs/full-scan/repeat-3/chunks256-default/attempts.json,/0,cpu-nfs-local-spot,"{""attempt"":1,""status"":""complete""}",complete,False,
/mnt/main0/home/nclack/tmp/2026-09-25-damacy-nfs-spot/job-3832563/results/smooth4-zstd-c32-b32/nfs/full-scan/repeat-3/chunks256-random/attempts.json,/0,cpu-nfs-local-spot,"{""attempt"":1,""status"":""complete""}",complete,False,
/mnt/main0/home/nclack/tmp/2026-09-25-damacy-nfs-spot/job-3832563/results/smooth4-zstd-c32-b32/nfs/full-scan/repeat-3/tensorstore/attempts.json,/0,cpu-nfs-local-spot,"{""attempt"":1,""status"":""complete""}",complete,False,
/mnt/main0/home/nclack/tmp/2026-09-25-damacy-nfs-spot/job-3832563/results/smooth4-zstd-c32-b32/nfs/random-1x256x256/repeat-1/chunks256-default/attempts.json,/0,cpu-nfs-local-spot,"{""attempt"":1,""status"":""complete""}",complete,False,
/mnt/main0/home/nclack/tmp/2026-09-25-damacy-nfs-spot/job-3832563/results/smooth4-zstd-c32-b32/nfs/random-1x256x256/repeat-1/chunks256-random/attempts.json,/0,cpu-nfs-local-spot,"{""attempt"":1,""status"":""complete""}",complete,False,
/mnt/main0/home/nclack/tmp/2026-09-25-damacy-nfs-spot/job-3832563/results/smooth4-zstd-c32-b32/nfs/random-1x256x256/repeat-1/tensorstore/attempts.json,/0,cpu-nfs-local-spot,"{""attempt"":1,""status"":""complete""}",complete,False,
/mnt/main0/home/nclack/tmp/2026-09-25-damacy-nfs-spot/job-3832563/results/smooth4-zstd-c32-b32/nfs/random-1x256x256/repeat-2/chunks256-default/attempts.json,/0,cpu-nfs-local-spot,"{""attempt"":1,""status"":""complete""}",complete,False,
/mnt/main0/home/nclack/tmp/2026-09-25-damacy-nfs-spot/job-3832563/results/smooth4-zstd-c32-b32/nfs/random-1x256x256/repeat-2/chunks256-random/attempts.json,/0,cpu-nfs-local-spot,"{""attempt"":1,""status"":""complete""}",complete,False,
/mnt/main0/home/nclack/tmp/2026-09-25-damacy-nfs-spot/job-3832563/results/smooth4-zstd-c32-b32/nfs/random-1x256x256/repeat-2/tensorstore/attempts.json,/0,cpu-nfs-local-spot,"{""attempt"":1,""status"":""complete""}",complete,False,
/mnt/main0/home/nclack/tmp/2026-09-25-damacy-nfs-spot/job-3832563/results/smooth4-zstd-c32-b32/nfs/random-1x256x256/repeat-3/chunks256-default/attempts.json,/0,cpu-nfs-local-spot,"{""attempt"":1,""status"":""complete""}",complete,False,
/mnt/main0/home/nclack/tmp/2026-09-25-damacy-nfs-spot/job-3832563/results/smooth4-zstd-c32-b32/nfs/random-1x256x256/repeat-3/chunks256-random/attempts.json,/0,cpu-nfs-local-spot,"{""attempt"":1,""status"":""complete""}",complete,False,
/mnt/main0/home/nclack/tmp/2026-09-25-damacy-nfs-spot/job-3832563/results/smooth4-zstd-c32-b32/nfs/random-1x256x256/repeat-3/tensorstore/attempts.json,/0,cpu-nfs-local-spot,"{""attempt"":1,""status"":""complete""}",complete,False,
/mnt/main0/home/nclack/tmp/2026-09-25-damacy-nfs-spot/job-3832563/results/smooth4-zstd-c512-b512/local/full-scan/repeat-1/chunks256-default/attempts.json,/0,cpu-nfs-local-spot,"{""attempt"":1,""status"":""complete""}",complete,False,
/mnt/main0/home/nclack/tmp/2026-09-25-damacy-nfs-spot/job-3832563/results/smooth4-zstd-c512-b512/local/full-scan/repeat-1/chunks256-random/attempts.json,/0,cpu-nfs-local-spot,"{""attempt"":1,""status"":""complete""}",complete,False,
/mnt/main0/home/nclack/tmp/2026-09-25-damacy-nfs-spot/job-3832563/results/smooth4-zstd-c512-b512/local/full-scan/repeat-1/tensorstore/attempts.json,/0,cpu-nfs-local-spot,"{""attempt"":1,""status"":""complete""}",complete,False,
/mnt/main0/home/nclack/tmp/2026-09-25-damacy-nfs-spot/job-3832563/results/smooth4-zstd-c512-b512/local/full-scan/repeat-2/chunks256-default/attempts.json,/0,cpu-nfs-local-spot,"{""attempt"":1,""status"":""complete""}",complete,False,
/mnt/main0/home/nclack/tmp/2026-09-25-damacy-nfs-spot/job-3832563/results/smooth4-zstd-c512-b512/local/full-scan/repeat-2/chunks256-random/attempts.json,/0,cpu-nfs-local-spot,"{""attempt"":1,""status"":""complete""}",complete,False,
/mnt/main0/home/nclack/tmp/2026-09-25-damacy-nfs-spot/job-3832563/results/smooth4-zstd-c512-b512/local/full-scan/repeat-2/tensorstore/attempts.json,/0,cpu-nfs-local-spot,"{""attempt"":1,""status"":""complete""}",complete,False,
/mnt/main0/home/nclack/tmp/2026-09-25-damacy-nfs-spot/job-3832563/results/smooth4-zstd-c512-b512/local/full-scan/repeat-3/chunks256-default/attempts.json,/0,cpu-nfs-local-spot,"{""attempt"":1,""status"":""complete""}",complete,False,
/mnt/main0/home/nclack/tmp/2026-09-25-damacy-nfs-spot/job-3832563/results/smooth4-zstd-c512-b512/local/full-scan/repeat-3/chunks256-random/attempts.json,/0,cpu-nfs-local-spot,"{""attempt"":1,""status"":""complete""}",complete,False,
/mnt/main0/home/nclack/tmp/2026-09-25-damacy-nfs-spot/job-3832563/results/smooth4-zstd-c512-b512/local/full-scan/repeat-3/tensorstore/attempts.json,/0,cpu-nfs-local-spot,"{""attempt"":1,""status"":""complete""}",complete,False,
/mnt/main0/home/nclack/tmp/2026-09-25-damacy-nfs-spot/job-3832563/results/smooth4-zstd-c512-b512/local/random-1x256x256/repeat-1/chunks256-default/attempts.json,/0,cpu-nfs-local-spot,"{""attempt"":1,""status"":""complete""}",complete,False,
/mnt/main0/home/nclack/tmp/2026-09-25-damacy-nfs-spot/job-3832563/results/smooth4-zstd-c512-b512/local/random-1x256x256/repeat-1/chunks256-random/attempts.json,/0,cpu-nfs-local-spot,"{""attempt"":1,""status"":""complete""}",complete,False,
/mnt/main0/home/nclack/tmp/2026-09-25-damacy-nfs-spot/job-3832563/results/smooth4-zstd-c512-b512/local/random-1x256x256/repeat-1/tensorstore/attempts.json,/0,cpu-nfs-local-spot,"{""attempt"":1,""status"":""complete""}",complete,False,
/mnt/main0/home/nclack/tmp/2026-09-25-damacy-nfs-spot/job-3832563/results/smooth4-zstd-c512-b512/local/random-1x256x256/repeat-2/chunks256-default/attempts.json,/0,cpu-nfs-local-spot,"{""attempt"":1,""status"":""complete""}",complete,False,
/mnt/main0/home/nclack/tmp/2026-09-25-damacy-nfs-spot/job-3832563/results/smooth4-zstd-c512-b512/local/random-1x256x256/repeat-2/chunks256-random/attempts.json,/0,cpu-nfs-local-spot,"{""attempt"":1,""status"":""complete""}",complete,False,
/mnt/main0/home/nclack/tmp/2026-09-25-damacy-nfs-spot/job-3832563/results/smooth4-zstd-c512-b512/local/random-1x256x256/repeat-2/tensorstore/attempts.json,/0,cpu-nfs-local-spot,"{""attempt"":1,""status"":""complete""}",complete,False,
/mnt/main0/home/nclack/tmp/2026-09-25-damacy-nfs-spot/job-3832563/results/smooth4-zstd-c512-b512/local/random-1x256x256/repeat-3/chunks256-default/attempts.json,/0,cpu-nfs-local-spot,"{""attempt"":1,""status"":""complete""}",complete,False,
/mnt/main0/home/nclack/tmp/2026-09-25-damacy-nfs-spot/job-3832563/results/smooth4-zstd-c512-b512/local/random-1x256x256/repeat-3/chunks256-random/attempts.json,/0,cpu-nfs-local-spot,"{""attempt"":1,""status"":""complete""}",complete,False,
/mnt/main0/home/nclack/tmp/2026-09-25-damacy-nfs-spot/job-3832563/results/smooth4-zstd-c512-b512/local/random-1x256x256/repeat-3/tensorstore/attempts.json,/0,cpu-nfs-local-spot,"{""attempt"":1,""status"":""complete""}",complete,False,
/mnt/main0/home/nclack/tmp/2026-09-25-damacy-nfs-spot/job-3832563/results/smooth4-zstd-c512-b512/nfs/full-scan/repeat-1/chunks256-default/attempts.json,/0,cpu-nfs-local-spot,"{""attempt"":1,""status"":""complete""}",complete,False,
/mnt/main0/home/nclack/tmp/2026-09-25-damacy-nfs-spot/job-3832563/results/smooth4-zstd-c512-b512/nfs/full-scan/repeat-1/chunks256-random/attempts.json,/0,cpu-nfs-local-spot,"{""attempt"":1,""status"":""complete""}",complete,False,
/mnt/main0/home/nclack/tmp/2026-09-25-damacy-nfs-spot/job-3832563/results/smooth4-zstd-c512-b512/nfs/full-scan/repeat-1/tensorstore/attempts.json,/0,cpu-nfs-local-spot,"{""attempt"":1,""status"":""complete""}",complete,False,
/mnt/main0/home/nclack/tmp/2026-09-25-damacy-nfs-spot/job-3832563/results/smooth4-zstd-c512-b512/nfs/full-scan/repeat-2/chunks256-default/attempts.json,/0,cpu-nfs-local-spot,"{""attempt"":1,""status"":""complete""}",complete,False,
/mnt/main0/home/nclack/tmp/2026-09-25-damacy-nfs-spot/job-3832563/results/smooth4-zstd-c512-b512/nfs/full-scan/repeat-2/chunks256-random/attempts.json,/0,cpu-nfs-local-spot,"{""attempt"":1,""status"":""complete""}",complete,False,
/mnt/main0/home/nclack/tmp/2026-09-25-damacy-nfs-spot/job-3832563/results/smooth4-zstd-c512-b512/nfs/full-scan/repeat-2/tensorstore/attempts.json,/0,cpu-nfs-local-spot,"{""attempt"":1,""status"":""complete""}",complete,False,
/mnt/main0/home/nclack/tmp/2026-09-25-damacy-nfs-spot/job-3832563/results/smooth4-zstd-c512-b512/nfs/full-scan/repeat-3/chunks256-default/attempts.json,/0,cpu-nfs-local-spot,"{""attempt"":1,""status"":""complete""}",complete,False,
/mnt/main0/home/nclack/tmp/2026-09-25-damacy-nfs-spot/job-3832563/results/smooth4-zstd-c512-b512/nfs/full-scan/repeat-3/chunks256-random/attempts.json,/0,cpu-nfs-local-spot,"{""attempt"":1,""status"":""complete""}",complete,False,
/mnt/main0/home/nclack/tmp/2026-09-25-damacy-nfs-spot/job-3832563/results/smooth4-zstd-c512-b512/nfs/full-scan/repeat-3/tensorstore/attempts.json,/0,cpu-nfs-local-spot,"{""attempt"":1,""status"":""complete""}",complete,False,
/mnt/main0/home/nclack/tmp/2026-09-25-damacy-nfs-spot/job-3832563/results/smooth4-zstd-c512-b512/nfs/random-1x256x256/repeat-1/chunks256-default/attempts.json,/0,cpu-nfs-local-spot,"{""attempt"":1,""status"":""complete""}",complete,False,
/mnt/main0/home/nclack/tmp/2026-09-25-damacy-nfs-spot/job-3832563/results/smooth4-zstd-c512-b512/nfs/random-1x256x256/repeat-1/chunks256-random/attempts.json,/0,cpu-nfs-local-spot,"{""attempt"":1,""status"":""complete""}",complete,False,
/mnt/main0/home/nclack/tmp/2026-09-25-damacy-nfs-spot/job-3832563/results/smooth4-zstd-c512-b512/nfs/random-1x256x256/repeat-1/tensorstore/attempts.json,/0,cpu-nfs-local-spot,"{""attempt"":1,""status"":""complete""}",complete,False,
/mnt/main0/home/nclack/tmp/2026-09-25-damacy-nfs-spot/job-3832563/results/smooth4-zstd-c512-b512/nfs/random-1x256x256/repeat-2/chunks256-default/attempts.json,/0,cpu-nfs-local-spot,"{""attempt"":1,""status"":""complete""}",complete,False,
/mnt/main0/home/nclack/tmp/2026-09-25-damacy-nfs-spot/job-3832563/results/smooth4-zstd-c512-b512/nfs/random-1x256x256/repeat-2/chunks256-random/attempts.json,/0,cpu-nfs-local-spot,"{""attempt"":1,""status"":""complete""}",complete,False,
/mnt/main0/home/nclack/tmp/2026-09-25-damacy-nfs-spot/job-3832563/results/smooth4-zstd-c512-b512/nfs/random-1x256x256/repeat-2/tensorstore/attempts.json,/0,cpu-nfs-local-spot,"{""attempt"":1,""status"":""complete""}",complete,False,
/mnt/main0/home/nclack/tmp/2026-09-25-damacy-nfs-spot/job-3832563/results/smooth4-zstd-c512-b512/nfs/random-1x256x256/repeat-3/chunks256-default/attempts.json,/0,cpu-nfs-local-spot,"{""attempt"":1,""status"":""complete""}",complete,False,
/mnt/main0/home/nclack/tmp/2026-09-25-damacy-nfs-spot/job-3832563/results/smooth4-zstd-c512-b512/nfs/random-1x256x256/repeat-3/chunks256-random/attempts.json,/0,cpu-nfs-local-spot,"{""attempt"":1,""status"":""complete""}",complete,False,
/mnt/main0/home/nclack/tmp/2026-09-25-damacy-nfs-spot/job-3832563/results/smooth4-zstd-c512-b512/nfs/random-1x256x256/repeat-3/tensorstore/attempts.json,/0,cpu-nfs-local-spot,"{""attempt"":1,""status"":""complete""}",complete,False,
/mnt/main0/home/nclack/tmp/2026-09-25-damacy-nfs-spot/job-3832563/preflight/smooth4-lz4-c512-b512/local/full-scan/repeat-1/chunks256-default/attempts.json,/0,cpu-nfs-local-spot,"{""attempt"":1,""status"":""complete""}",complete,False,
/mnt/main0/home/nclack/tmp/2026-09-25-damacy-nfs-spot/job-3832563/preflight/smooth4-lz4-c512-b512/local/full-scan/repeat-1/chunks256-random/attempts.json,/0,cpu-nfs-local-spot,"{""attempt"":1,""status"":""complete""}",complete,False,
/mnt/main0/home/nclack/tmp/2026-09-25-damacy-nfs-spot/job-3832563/preflight/smooth4-lz4-c512-b512/local/full-scan/repeat-1/tensorstore/attempts.json,/0,cpu-nfs-local-spot,"{""attempt"":1,""status"":""complete""}",complete,False,
/mnt/main0/home/nclack/tmp/2026-09-25-damacy-nfs-spot/job-3832563/preflight/smooth4-lz4-c512-b512/local/random-1x256x256/repeat-1/chunks256-default/attempts.json,/0,cpu-nfs-local-spot,"{""attempt"":1,""status"":""complete""}",complete,False,
/mnt/main0/home/nclack/tmp/2026-09-25-damacy-nfs-spot/job-3832563/preflight/smooth4-lz4-c512-b512/local/random-1x256x256/repeat-1/chunks256-random/attempts.json,/0,cpu-nfs-local-spot,"{""attempt"":1,""status"":""complete""}",complete,False,
/mnt/main0/home/nclack/tmp/2026-09-25-damacy-nfs-spot/job-3832563/preflight/smooth4-lz4-c512-b512/local/random-1x256x256/repeat-1/tensorstore/attempts.json,/0,cpu-nfs-local-spot,"{""attempt"":1,""status"":""complete""}",complete,False,
/mnt/main0/home/nclack/tmp/2026-09-25-damacy-nfs-spot/job-3832563/preflight/smooth4-lz4-c512-b512/nfs/full-scan/repeat-1/chunks256-default/attempts.json,/0,cpu-nfs-local-spot,"{""attempt"":1,""status"":""complete""}",complete,False,
/mnt/main0/home/nclack/tmp/2026-09-25-damacy-nfs-spot/job-3832563/preflight/smooth4-lz4-c512-b512/nfs/full-scan/repeat-1/chunks256-random/attempts.json,/0,cpu-nfs-local-spot,"{""attempt"":1,""status"":""complete""}",complete,False,
/mnt/main0/home/nclack/tmp/2026-09-25-damacy-nfs-spot/job-3832563/preflight/smooth4-lz4-c512-b512/nfs/full-scan/repeat-1/tensorstore/attempts.json,/0,cpu-nfs-local-spot,"{""attempt"":1,""status"":""complete""}",complete,False,
/mnt/main0/home/nclack/tmp/2026-09-25-damacy-nfs-spot/job-3832563/preflight/smooth4-lz4-c512-b512/nfs/random-1x256x256/repeat-1/chunks256-default/attempts.json,/0,cpu-nfs-local-spot,"{""attempt"":1,""status"":""complete""}",complete,False,
/mnt/main0/home/nclack/tmp/2026-09-25-damacy-nfs-spot/job-3832563/preflight/smooth4-lz4-c512-b512/nfs/random-1x256x256/repeat-1/chunks256-random/attempts.json,/0,cpu-nfs-local-spot,"{""attempt"":1,""status"":""complete""}",complete,False,
/mnt/main0/home/nclack/tmp/2026-09-25-damacy-nfs-spot/job-3832563/preflight/smooth4-lz4-c512-b512/nfs/random-1x256x256/repeat-1/tensorstore/attempts.json,/0,cpu-nfs-local-spot,"{""attempt"":1,""status"":""complete""}",complete,False,
/mnt/main0/home/nclack/tmp/2026-09-25-damacy-nfs-spot/job-3832563/preflight/smooth4-zstd-c128-b128/local/full-scan/repeat-1/chunks256-default/attempts.json,/0,cpu-nfs-local-spot,"{""attempt"":1,""status"":""complete""}",complete,False,
/mnt/main0/home/nclack/tmp/2026-09-25-damacy-nfs-spot/job-3832563/preflight/smooth4-zstd-c128-b128/local/full-scan/repeat-1/chunks256-random/attempts.json,/0,cpu-nfs-local-spot,"{""attempt"":1,""status"":""complete""}",complete,False,
/mnt/main0/home/nclack/tmp/2026-09-25-damacy-nfs-spot/job-3832563/preflight/smooth4-zstd-c128-b128/local/full-scan/repeat-1/tensorstore/attempts.json,/0,cpu-nfs-local-spot,"{""attempt"":1,""status"":""complete""}",complete,False,
/mnt/main0/home/nclack/tmp/2026-09-25-damacy-nfs-spot/job-3832563/preflight/smooth4-zstd-c128-b128/local/random-1x256x256/repeat-1/chunks256-default/attempts.json,/0,cpu-nfs-local-spot,"{""attempt"":1,""status"":""complete""}",complete,False,
/mnt/main0/home/nclack/tmp/2026-09-25-damacy-nfs-spot/job-3832563/preflight/smooth4-zstd-c128-b128/local/random-1x256x256/repeat-1/chunks256-random/attempts.json,/0,cpu-nfs-local-spot,"{""attempt"":1,""status"":""complete""}",complete,False,
/mnt/main0/home/nclack/tmp/2026-09-25-damacy-nfs-spot/job-3832563/preflight/smooth4-zstd-c128-b128/local/random-1x256x256/repeat-1/tensorstore/attempts.json,/0,cpu-nfs-local-spot,"{""attempt"":1,""status"":""complete""}",complete,False,
/mnt/main0/home/nclack/tmp/2026-09-25-damacy-nfs-spot/job-3832563/preflight/smooth4-zstd-c128-b128/nfs/full-scan/repeat-1/chunks256-default/attempts.json,/0,cpu-nfs-local-spot,"{""attempt"":1,""status"":""complete""}",complete,False,
/mnt/main0/home/nclack/tmp/2026-09-25-damacy-nfs-spot/job-3832563/preflight/smooth4-zstd-c128-b128/nfs/full-scan/repeat-1/chunks256-random/attempts.json,/0,cpu-nfs-local-spot,"{""attempt"":1,""status"":""complete""}",complete,False,
/mnt/main0/home/nclack/tmp/2026-09-25-damacy-nfs-spot/job-3832563/preflight/smooth4-zstd-c128-b128/nfs/full-scan/repeat-1/tensorstore/attempts.json,/0,cpu-nfs-local-spot,"{""attempt"":1,""status"":""complete""}",complete,False,
/mnt/main0/home/nclack/tmp/2026-09-25-damacy-nfs-spot/job-3832563/preflight/smooth4-zstd-c128-b128/nfs/random-1x256x256/repeat-1/chunks256-default/attempts.json,/0,cpu-nfs-local-spot,"{""attempt"":1,""status"":""complete""}",complete,False,
/mnt/main0/home/nclack/tmp/2026-09-25-damacy-nfs-spot/job-3832563/preflight/smooth4-zstd-c128-b128/nfs/random-1x256x256/repeat-1/chunks256-random/attempts.json,/0,cpu-nfs-local-spot,"{""attempt"":1,""status"":""complete""}",complete,False,
/mnt/main0/home/nclack/tmp/2026-09-25-damacy-nfs-spot/job-3832563/preflight/smooth4-zstd-c128-b128/nfs/random-1x256x256/repeat-1/tensorstore/attempts.json,/0,cpu-nfs-local-spot,"{""attempt"":1,""status"":""complete""}",complete,False,
/mnt/main0/home/nclack/tmp/2026-09-25-damacy-nfs-spot/job-3832563/preflight/smooth4-zstd-c32-b32/local/full-scan/repeat-1/chunks256-default/attempts.json,/0,cpu-nfs-local-spot,"{""attempt"":1,""status"":""complete""}",complete,False,
/mnt/main0/home/nclack/tmp/2026-09-25-damacy-nfs-spot/job-3832563/preflight/smooth4-zstd-c32-b32/local/full-scan/repeat-1/chunks256-random/attempts.json,/0,cpu-nfs-local-spot,"{""attempt"":1,""status"":""complete""}",complete,False,
/mnt/main0/home/nclack/tmp/2026-09-25-damacy-nfs-spot/job-3832563/preflight/smooth4-zstd-c32-b32/local/full-scan/repeat-1/tensorstore/attempts.json,/0,cpu-nfs-local-spot,"{""attempt"":1,""status"":""complete""}",complete,False,
/mnt/main0/home/nclack/tmp/2026-09-25-damacy-nfs-spot/job-3832563/preflight/smooth4-zstd-c32-b32/local/random-1x256x256/repeat-1/chunks256-default/attempts.json,/0,cpu-nfs-local-spot,"{""attempt"":1,""status"":""complete""}",complete,False,
/mnt/main0/home/nclack/tmp/2026-09-25-damacy-nfs-spot/job-3832563/preflight/smooth4-zstd-c32-b32/local/random-1x256x256/repeat-1/chunks256-random/attempts.json,/0,cpu-nfs-local-spot,"{""attempt"":1,""status"":""complete""}",complete,False,
/mnt/main0/home/nclack/tmp/2026-09-25-damacy-nfs-spot/job-3832563/preflight/smooth4-zstd-c32-b32/local/random-1x256x256/repeat-1/tensorstore/attempts.json,/0,cpu-nfs-local-spot,"{""attempt"":1,""status"":""complete""}",complete,False,
/mnt/main0/home/nclack/tmp/2026-09-25-damacy-nfs-spot/job-3832563/preflight/smooth4-zstd-c32-b32/nfs/full-scan/repeat-1/chunks256-default/attempts.json,/0,cpu-nfs-local-spot,"{""attempt"":1,""status"":""complete""}",complete,False,
/mnt/main0/home/nclack/tmp/2026-09-25-damacy-nfs-spot/job-3832563/preflight/smooth4-zstd-c32-b32/nfs/full-scan/repeat-1/chunks256-random/attempts.json,/0,cpu-nfs-local-spot,"{""attempt"":1,""status"":""complete""}",complete,False,
/mnt/main0/home/nclack/tmp/2026-09-25-damacy-nfs-spot/job-3832563/preflight/smooth4-zstd-c32-b32/nfs/full-scan/repeat-1/tensorstore/attempts.json,/0,cpu-nfs-local-spot,"{""attempt"":1,""status"":""complete""}",complete,False,
/mnt/main0/home/nclack/tmp/2026-09-25-damacy-nfs-spot/job-3832563/preflight/smooth4-zstd-c32-b32/nfs/random-1x256x256/repeat-1/chunks256-default/attempts.json,/0,cpu-nfs-local-spot,"{""attempt"":1,""status"":""complete""}",complete,False,
/mnt/main0/home/nclack/tmp/2026-09-25-damacy-nfs-spot/job-3832563/preflight/smooth4-zstd-c32-b32/nfs/random-1x256x256/repeat-1/chunks256-random/attempts.json,/0,cpu-nfs-local-spot,"{""attempt"":1,""status"":""complete""}",complete,False,
/mnt/main0/home/nclack/tmp/2026-09-25-damacy-nfs-spot/job-3832563/preflight/smooth4-zstd-c32-b32/nfs/random-1x256x256/repeat-1/tensorstore/attempts.json,/0,cpu-nfs-local-spot,"{""attempt"":1,""status"":""complete""}",complete,False,
/mnt/main0/home/nclack/tmp/2026-09-25-damacy-nfs-spot/job-3832563/preflight/smooth4-zstd-c512-b512/local/full-scan/repeat-1/chunks256-default/attempts.json,/0,cpu-nfs-local-spot,"{""attempt"":1,""status"":""complete""}",complete,False,
/mnt/main0/home/nclack/tmp/2026-09-25-damacy-nfs-spot/job-3832563/preflight/smooth4-zstd-c512-b512/local/full-scan/repeat-1/chunks256-random/attempts.json,/0,cpu-nfs-local-spot,"{""attempt"":1,""status"":""complete""}",complete,False,
/mnt/main0/home/nclack/tmp/2026-09-25-damacy-nfs-spot/job-3832563/preflight/smooth4-zstd-c512-b512/local/full-scan/repeat-1/tensorstore/attempts.json,/0,cpu-nfs-local-spot,"{""attempt"":1,""status"":""complete""}",complete,False,
/mnt/main0/home/nclack/tmp/2026-09-25-damacy-nfs-spot/job-3832563/preflight/smooth4-zstd-c512-b512/local/random-1x256x256/repeat-1/chunks256-default/attempts.json,/0,cpu-nfs-local-spot,"{""attempt"":1,""status"":""complete""}",complete,False,
/mnt/main0/home/nclack/tmp/2026-09-25-damacy-nfs-spot/job-3832563/preflight/smooth4-zstd-c512-b512/local/random-1x256x256/repeat-1/chunks256-random/attempts.json,/0,cpu-nfs-local-spot,"{""attempt"":1,""status"":""complete""}",complete,False,
/mnt/main0/home/nclack/tmp/2026-09-25-damacy-nfs-spot/job-3832563/preflight/smooth4-zstd-c512-b512/local/random-1x256x256/repeat-1/tensorstore/attempts.json,/0,cpu-nfs-local-spot,"{""attempt"":1,""status"":""complete""}",complete,False,
/mnt/main0/home/nclack/tmp/2026-09-25-damacy-nfs-spot/job-3832563/preflight/smooth4-zstd-c512-b512/nfs/full-scan/repeat-1/chunks256-default/attempts.json,/0,cpu-nfs-local-spot,"{""attempt"":1,""status"":""complete""}",complete,False,
/mnt/main0/home/nclack/tmp/2026-09-25-damacy-nfs-spot/job-3832563/preflight/smooth4-zstd-c512-b512/nfs/full-scan/repeat-1/chunks256-random/attempts.json,/0,cpu-nfs-local-spot,"{""attempt"":1,""status"":""complete""}",complete,False,
/mnt/main0/home/nclack/tmp/2026-09-25-damacy-nfs-spot/job-3832563/preflight/smooth4-zstd-c512-b512/nfs/full-scan/repeat-1/tensorstore/attempts.json,/0,cpu-nfs-local-spot,"{""attempt"":1,""status"":""complete""}",complete,False,
/mnt/main0/home/nclack/tmp/2026-09-25-damacy-nfs-spot/job-3832563/preflight/smooth4-zstd-c512-b512/nfs/random-1x256x256/repeat-1/chunks256-default/attempts.json,/0,cpu-nfs-local-spot,"{""attempt"":1,""status"":""complete""}",complete,False,
/mnt/main0/home/nclack/tmp/2026-09-25-damacy-nfs-spot/job-3832563/preflight/smooth4-zstd-c512-b512/nfs/random-1x256x256/repeat-1/chunks256-random/attempts.json,/0,cpu-nfs-local-spot,"{""attempt"":1,""status"":""complete""}",complete,False,
/mnt/main0/home/nclack/tmp/2026-09-25-damacy-nfs-spot/job-3832563/preflight/smooth4-zstd-c512-b512/nfs/random-1x256x256/repeat-1/tensorstore/attempts.json,/0,cpu-nfs-local-spot,"{""attempt"":1,""status"":""complete""}",complete,False,
/mnt/main0/home/nclack/tmp/2026-09-16-damacy-pr160-pareto/amplification-job-3716180/exit-code.txt,/,2026-09-16-damacy-pr160-pareto,amplification-job-3716180,allocation_completed,False,0
/mnt/main0/home/nclack/tmp/2026-09-16-damacy-pr160-pareto/bandwidth-job-3716851/exit-code.txt,/,2026-09-16-damacy-pr160-pareto,bandwidth-job-3716851,allocation_completed,False,0
/mnt/main0/home/nclack/tmp/2026-09-16-damacy-pr160-pareto/bandwidth-job-3716866/exit-code.txt,/,2026-09-16-damacy-pr160-pareto,bandwidth-job-3716866,allocation_completed,False,0
/mnt/main0/home/nclack/tmp/2026-09-16-damacy-pr160-pareto/job-3715459/exit-code.txt,/,2026-09-16-damacy-pr160-pareto,job-3715459,allocation_failed_or_canceled,False,1
/mnt/main0/home/nclack/tmp/2026-09-16-damacy-pr160-pareto/job-3715509/exit-code.txt,/,2026-09-16-damacy-pr160-pareto,job-3715509,allocation_failed_or_canceled,False,1
/mnt/main0/home/nclack/tmp/2026-09-16-damacy-pr160-pareto/job-3715528/exit-code.txt,/,2026-09-16-damacy-pr160-pareto,job-3715528,allocation_completed,False,0
/mnt/main0/home/nclack/tmp/2026-09-16-damacy-pr160-pareto/report-job-3716756/exit-code.txt,/,2026-09-16-damacy-pr160-pareto,report-job-3716756,allocation_completed,False,0
/mnt/main0/home/nclack/tmp/2026-09-16-damacy-pr160-pareto/smooth-job-3716593/exit-code.txt,/,2026-09-16-damacy-pr160-pareto,smooth-job-3716593,allocation_completed,False,0
/mnt/main0/home/nclack/tmp/2026-09-16-damacy-pr160-pareto/storage-job-3717174/exit-code.txt,/,2026-09-16-damacy-pr160-pareto,storage-job-3717174,allocation_failed_or_canceled,False,1
/mnt/main0/home/nclack/tmp/2026-09-16-damacy-pr160-pareto/storage-job-3717755/exit-code.txt,/,2026-09-16-damacy-pr160-pareto,storage-job-3717755,allocation_completed,False,0
/mnt/main0/home/nclack/tmp/2026-09-16-damacy-pr160-pareto/storage-job-3717813/exit-code.txt,/,2026-09-16-damacy-pr160-pareto,storage-job-3717813,allocation_failed_or_canceled,False,1
/mnt/main0/home/nclack/tmp/2026-09-16-damacy-pr160-pareto/storage-job-3717912/exit-code.txt,/,2026-09-16-damacy-pr160-pareto,storage-job-3717912,allocation_completed,False,0
/mnt/main0/home/nclack/tmp/2026-09-16-damacy-pr160-pareto/storage-preflight-job-3716970/exit-code.txt,/,2026-09-16-damacy-pr160-pareto,storage-preflight-job-3716970,allocation_completed,False,0
/mnt/main0/home/nclack/tmp/2026-09-16-damacy-pr160-pareto/storage-report-job-3717938/exit-code.txt,/,2026-09-16-damacy-pr160-pareto,storage-report-job-3717938,allocation_completed,False,0
/mnt/main0/home/nclack/tmp/2026-09-23-damacy-pr160-shard-grid/job-3803623/exit-code.txt,/,2026-09-23-damacy-pr160-shard-grid,job-3803623,allocation_failed_or_canceled,False,1
/mnt/main0/home/nclack/tmp/2026-09-23-damacy-pr160-shard-grid/job-3803639/exit-code.txt,/,2026-09-23-damacy-pr160-shard-grid,job-3803639,allocation_failed_or_canceled,False,1
/mnt/main0/home/nclack/tmp/2026-09-23-damacy-pr160-shard-grid/job-3803664/exit-code.txt,/,2026-09-23-damacy-pr160-shard-grid,job-3803664,allocation_failed_or_canceled,False,1
/mnt/main0/home/nclack/tmp/2026-09-23-damacy-pr160-shard-grid/job-3803719/exit-code.txt,/,2026-09-23-damacy-pr160-shard-grid,job-3803719,allocation_failed_or_canceled,False,1
/mnt/main0/home/nclack/tmp/2026-09-23-damacy-pr160-shard-grid/job-3803739/exit-code.txt,/,2026-09-23-damacy-pr160-shard-grid,job-3803739,allocation_failed_or_canceled,False,1
/mnt/main0/home/nclack/tmp/2026-09-23-damacy-pr160-shard-grid/job-3803792/exit-code.txt,/,2026-09-23-damacy-pr160-shard-grid,job-3803792,allocation_failed_or_canceled,False,1
/mnt/main0/home/nclack/tmp/2026-09-23-damacy-pr160-shard-grid/job-3803936/exit-code.txt,/,2026-09-23-damacy-pr160-shard-grid,job-3803936,allocation_failed_or_canceled,False,1
/mnt/main0/home/nclack/tmp/2026-09-23-damacy-pr160-shard-grid/job-3804241/exit-code.txt,/,2026-09-23-damacy-pr160-shard-grid,job-3804241,allocation_completed,False,0
/mnt/main0/home/nclack/tmp/2026-09-23-damacy-pr160-shard-grid/job-3804536/exit-code.txt,/,2026-09-23-damacy-pr160-shard-grid,job-3804536,allocation_completed,False,0
/mnt/main0/home/nclack/tmp/2026-09-23-damacy-pr160-shard-grid/job-3804618/exit-code.txt,/,2026-09-23-damacy-pr160-shard-grid,job-3804618,allocation_completed,False,0
/mnt/main0/home/nclack/tmp/2026-09-23-damacy-pr164-before-after/job-3806589/exit-code.txt,/,2026-09-23-damacy-pr164-before-after,job-3806589,allocation_completed,False,0
/mnt/main0/home/nclack/tmp/2026-09-23-damacy-pr164-before-after/job-3807281/exit-code.txt,/,2026-09-23-damacy-pr164-before-after,job-3807281,allocation_completed,False,0
/mnt/main0/home/nclack/tmp/2026-09-24-damacy-cold-readahead/job-3808884/exit-code.txt,/,2026-09-24-damacy-cold-readahead,job-3808884,allocation_completed,False,0
/mnt/main0/home/nclack/tmp/2026-09-24-damacy-cpu-read-buffers/job-3810330/exit-code.txt,/,2026-09-24-damacy-cpu-read-buffers,job-3810330,allocation_completed,False,0
/mnt/main0/home/nclack/tmp/2026-09-24-damacy-cold-chunks/job-3811370/exit-code.txt,/,2026-09-24-damacy-cold-chunks,job-3811370,allocation_failed_or_canceled,False,1
/mnt/main0/home/nclack/tmp/2026-09-24-damacy-cold-chunks/job-3811387/exit-code.txt,/,2026-09-24-damacy-cold-chunks,job-3811387,allocation_completed,False,0
/mnt/main0/home/nclack/tmp/2026-09-24-damacy-cold-chunks/job-3813428/exit-code.txt,/,2026-09-24-damacy-cold-chunks,job-3813428,allocation_completed,False,0
/mnt/main0/home/nclack/tmp/2026-09-24-damacy-cold-chunks/job-3813444/exit-code.txt,/,2026-09-24-damacy-cold-chunks,job-3813444,allocation_completed,False,0
/mnt/main0/home/nclack/tmp/2026-09-24-damacy-cold-blocks/job-3822266/exit-code.txt,/,2026-09-24-damacy-cold-blocks,job-3822266,allocation_completed,False,0
/mnt/main0/home/nclack/tmp/2026-09-24-damacy-cold-blocks/job-3824708/exit-code.txt,/,2026-09-24-damacy-cold-blocks,job-3824708,allocation_completed,False,0
/mnt/main0/home/nclack/tmp/2026-09-25-damacy-nfs-spot/job-3832563/exit-code.txt,/,2026-09-25-damacy-nfs-spot,job-3832563,allocation_completed,False,0
