summary_id,comparison_group,phase,reader,implementation,input_kind,content,storage_type,workload,selection_shape,chunk_shape,raw_chunk_bytes,codec,block_bytes,repetitions,primary_gib_s_median,primary_gib_s_min,primary_gib_s_max,compression_ratio_median,decoded_amplification_median,modeled_decoded_amplification_median,storage_amplification_median,timing_policy,byte_domain,source_run_ids
001ea501e998f373fea4,8c9460fe6e58dbd700de,cpu-small-chunks,damacy,chunks256-random,synthetic,smooth4,local block storage,full-scan,"[8,256,256]","[1,128,256]",65536,lz4,16384,3,21.04487883125118,20.668399531814874,21.12930664941546,1.5663428823641548,1.0,1.0,0.6381874084472656,"active planning, reads, decode, dtype conversion and assembly; preparation/cache control excluded",returned float32 output,"[""fbf0cf2656ef0e49262e04ad"",""c63660b1addcd66b1cb303b0"",""98f117ab309f76b0fb924956""]"
00319c83ccb20223c6be,bbd91f851a9ad6972246,microscopy-chammi-initial,damacy,legacy_gpu_pipeline,microscopy,chammi-mix,path on shared filesystem; historical mount unverified,random-crops,"[1,1,1,256,256]",,,,,1,0.7595865904406333,0.7595865904406333,0.7595865904406333,,,,,steady-state native wall after warmup; device transfer/decode/assembly included; startup reported separately,returned pipeline-dtype output,"[""75a805a9aa4c684a86c1e163""]"
01457024c4f8d52dd676,0ce3149f29afdab44edb,pr160-cold-storage,damacy,damacy,synthetic,random12,local block storage,full-scan,"[8,256,256]","[1,128,256]",65536,zstd,8192,3,5.8699964390452,5.736129187071377,5.89650877509055,1.3244943944918124,1.0,1.0,0.7550086975097656,complete wall including file eviction and residency checks,returned float32 output,"[""68a33f17145d24ef198d8070"",""fa0ffc9b28acd73192b2e0ca"",""c63abc51484e499b071cf4f6""]"
020fa7d6be521c315473,f37bf49ed7302600e9a6,legacy-native,damacy,legacy_gpu_pipeline,microscopy,hbw-4,path on shared filesystem; historical mount unverified,random-crops,"[1,1,16,256,256]",,,,,1,2.223332900524529,2.223332900524529,2.223332900524529,,,,,steady-state native wall after warmup; device transfer/decode/assembly included; startup reported separately,returned pipeline-dtype output,"[""615ef361e4f3b33697140726""]"
028254a4a576076bf4a1,8c9460fe6e58dbd700de,cpu-small-chunks,damacy,chunks256-random,synthetic,smooth4,local block storage,full-scan,"[8,256,256]","[1,128,128]",32768,zstd,16384,3,11.606553983680637,11.532549646492205,11.627102750408968,1.8366829025162181,1.0,1.0,0.5439732074737549,"active planning, reads, decode, dtype conversion and assembly; preparation/cache control excluded",returned float32 output,"[""89cd513199573be68757a729"",""e40b38598e083117b5c47daf"",""a056645d63e95da5e58064b4""]"
02c8f633c439d597dec7,e1cc821d3cab1404ef84,cpu-chunk-blocks,tensorstore,tensorstore,synthetic,smooth4,local block storage,random-1x256x256,"[1,256,256]","[1,256,256]",131072,zstd,16384,3,2.7885904217072945,2.7297020650700103,2.8237258539298855,1.8317621551383316,,3.97491455078125,2.2558460235595703,"active planning, reads, decode, dtype conversion and assembly; preparation/cache control excluded",returned float32 output,"[""6f06ebdf7503c6c7fdae2b73"",""b7f8a600383991322049f3f1"",""9f4e33207403826dfbf7d51c""]"
03600f0f66c93516e890,580f2a88a7a43be23132,microscopy-tensorstore-threads,tensorstore,legacy_cpu_thread_sweep,microscopy,survey-chammi75,path on shared filesystem; historical mount unverified,random-crops,"[1,1,1,256,256]",,,,,1,0.07283091330715231,0.07283091330715231,0.07283091330715231,,,,,Python read+decode timed loop after warmup; open/eviction excluded,archived patch_bytes; destination dtype unrecorded,"[""1cb32607abe832d8249a1fb5""]"
05dbbc664b1e2d9b26cb,d678314fb3a406257e8f,pr160-cold-storage,damacy,damacy,synthetic,random12,local block storage,random-1x256x256,"[1,256,256]","[2,256,256]",262144,zstd,16384,3,0.941982121810818,0.9400645280906105,0.9527642005852996,1.3285753780077916,7.8095703125,7.8095703125,5.562136332194011,complete wall including file eviction and residency checks,returned float32 output,"[""4002b2e7b9572e51a86d09ab"",""56fde1e08a265e0f42e319d5"",""49778b91775a322ccce201a5""]"
06c3ba8fbc48c8278309,0ce3149f29afdab44edb,pr160-cold-storage,damacy,damacy,synthetic,random12,local block storage,full-scan,"[8,256,256]","[1,128,256]",65536,lz4,8192,3,5.921966138295515,5.872299122211796,5.950471060563483,1.318526503393448,1.0,1.0,0.7584228515625,complete wall including file eviction and residency checks,returned float32 output,"[""f9ea2a0c08c118706541d930"",""c6e9d0435d72f8b871383850"",""0e38a4ad971bec1df3c99276""]"
07b2f7e564b81bb8acd9,d02545ec5d020d2381ed,cpu-small-chunks,tensorstore,tensorstore,synthetic,smooth4,local block storage,random-1x256x256,"[1,256,256]","[1,64,128]",16384,lz4,16384,3,2.3746206485602244,2.3394635246720186,2.3752872958129423,1.570198337802875,,1.8616943359375,1.4557946523030598,"active planning, reads, decode, dtype conversion and assembly; preparation/cache control excluded",returned float32 output,"[""a17e856ff0b18cc2ece15d05"",""157ecf65dd3fec17e5d4e1d0"",""92a6e8559c9a47861908bcac""]"
07cef6acb2857e970788,b07b72a78260e11bed02,cpu-chunk-blocks,damacy,chunks256-random,synthetic,smooth4,local block storage,random-1x256x256,"[1,256,256]","[1,512,512]",524288,zstd,262144,3,2.7608076028677018,2.7262188444134394,2.794326115548919,1.8823881322928948,8.433349609375,8.433349609375,2.7327632904052734,"active planning, reads, decode, dtype conversion and assembly; preparation/cache control excluded",returned float32 output,"[""c1d194207a0a51557d2a35dc"",""4663e9b2904c486ee8ab6263"",""009bd1d32387be840bc9b43c""]"
07e02f434d54d22b0693,0ce3149f29afdab44edb,pr160-cold-storage,damacy,damacy,synthetic,random12,local block storage,full-scan,"[8,256,256]","[8,256,256]",1048576,lz4,262144,3,8.492422507631439,8.023612281281439,8.529050619669947,1.3256937296916391,1.0,1.0,0.7543198721749442,complete wall including file eviction and residency checks,returned float32 output,"[""6ec2665cd4ce50106a24a004"",""977a47b85e01046ac077e707"",""a4db8b401434eebe674da359""]"
07eb7eb13f270b32598c,b07b72a78260e11bed02,cpu-chunk-blocks,damacy,chunks256-random,synthetic,smooth4,local block storage,random-1x256x256,"[1,256,256]","[1,256,256]",131072,lz4,131072,3,3.300574491483771,3.2779911183703256,3.304195151556006,1.6017382552426165,3.97491455078125,3.97491455078125,1.9569644927978516,"active planning, reads, decode, dtype conversion and assembly; preparation/cache control excluded",returned float32 output,"[""5c788b50775e8552a865ab40"",""06539b83bdd14a9e6ab29a0a"",""620e56e996ac5d67be8dc998""]"
07ecfd2339ef76fe5459,a984ea2f74305c20c7f1,legacy-array-count-control,damacy,legacy_gpu_pipeline,synthetic,as-n04,path on shared filesystem; historical mount unverified,random-crops,"[64,256,256]","[16,256,256]",2097152,"[""zstd""]",,1,10.304851867754401,10.304851867754401,10.304851867754401,,4.912109375,,,steady-state native wall after warmup; device transfer/decode/assembly included; startup reported separately,returned pipeline-dtype output,"[""8ab1ec561b54815f1d8ece42""]"
08607dcb0a2cca919213,1fb438294d5ac2bb57e1,cpu-chunk-blocks,damacy,chunks256-random,synthetic,smooth4,local block storage,full-scan,"[8,256,256]","[1,128,128]",32768,lz4,4096,3,12.15802800515401,12.062463014597597,12.344637491861667,1.5216670305492115,1.0,1.0,0.6566872596740723,"active planning, reads, decode, dtype conversion and assembly; preparation/cache control excluded",returned float32 output,"[""93b24f4c321a4a7dbf6e64c0"",""db21d98e80bc3ba4e3345ef3"",""4dde92ab9fa3a2d5b3142d40""]"
08e9134a7e279a90d03d,9e672d7ba1688d1ffa56,legacy-native,damacy,legacy_gpu_pipeline,microscopy,meta-64,path on shared filesystem; historical mount unverified,random-crops,"[1,1,16,256,256]",,,,,1,1.8886768534341432,1.8886768534341432,1.8886768534341432,,,,,steady-state native wall after warmup; device transfer/decode/assembly included; startup reported separately,returned pipeline-dtype output,"[""ee596a21e6ae323c318e0e4f""]"
091d1f7eae5f10207018,85833ca1a05fa9f263cf,cpu-nfs-local-spot,damacy,chunks256-default,synthetic,smooth4,NFS,full-scan,"[8,256,256]","[1,256,256]",131072,zstd,131072,3,21.078052644125222,19.95764857938766,21.125533798794937,1.8644857768631582,1.0,1.0,,"active planning, reads, decode, dtype conversion and assembly; preparation/cache control excluded",returned float32 output,"[""56fc4fdea998069ff3b2aec8"",""bb54cb2c82f4d3961c127df0"",""0703b2b6e4e1d00992fd5291""]"
095275d9ec1be456167d,3fe0cb0b04a8ea40ee71,pr160-cold-storage,damacy,damacy,synthetic,smooth4,local block storage,random-1x256x256,"[1,256,256]","[1,128,256]",65536,zstd,16384,3,1.0575638641168887,1.0538234094884908,1.07318318757249,1.8307918674640946,2.9593505859375,2.9593505859375,3.765362079326923,complete wall including file eviction and residency checks,returned float32 output,"[""ff6caf61828e16cd2263d887"",""1401ee3825504728a1911938"",""eefb479f02c4a0bf1654bf76""]"
095a997003f7acc48ae4,c358e07e7da54cca8f59,cpu-nfs-local-spot,damacy,chunks256-default,synthetic,smooth4,local block storage,random-1x256x256,"[1,256,256]","[1,512,512]",524288,zstd,524288,3,2.9194093624467086,2.8754124124292506,2.946930564613419,1.970907362204299,8.433349609375,8.433349609375,3.3947534561157227,"active planning, reads, decode, dtype conversion and assembly; preparation/cache control excluded",returned float32 output,"[""8cd77a00310a785694fe2cfd"",""294e59f0a89732934e25b1d1"",""5035241120f45f9d48d17a5e""]"
0a8b309f53bd513f084b,97b04e7ecc4960a4c434,microscopy-tensorstore-threads,tensorstore,legacy_cpu_thread_sweep,microscopy,as-alfi,path on shared filesystem; historical mount unverified,random-crops,"[16,1,1,256,256]",,,,,1,0.6312959528257125,0.6312959528257125,0.6312959528257125,,,,,Python read+decode timed loop after warmup; open/eviction excluded,archived patch_bytes; destination dtype unrecorded,"[""0a01095a15a5de8e7e4ae53c""]"
0b6020329367c4e536ef,1c015d718ec87b4bae64,cpu-readahead-control,damacy,batch-random,synthetic,smooth4,local block storage,random-1x256x256,"[1,256,256]","[1,128,256]",65536,lz4,16384,3,2.1304459029301372,2.1256065469003307,2.1364851832253065,1.5663428823641548,2.98046875,2.98046875,1.629842758178711,"active planning, reads, decode, dtype conversion and assembly; preparation/cache control excluded",returned float32 output,"[""8d405b6e0df7072bcaa4aaf1"",""f5c0eadd6d781e7cb71a3e2d"",""1b7b7ad7f250a0b20df423c8""]"
0c678cc793c718c6ca65,a16417ac03f4222e067d,pr160-warm-smooth-patterns,damacy,damacy,synthetic,smooth8,local block storage,full-scan,"[8,256,256]","[2,256,256]",262144,zstd,65536,5,27.802337917956894,26.17415446577072,28.04569222347669,1.7199635183629232,1.0,,,active read loop after one correctness/warmup pass,returned float32 output,"[""43c462f1c889d63dd914922a"",""0dd10cb088d71f1acdba3d4d"",""c2672231828f13c3a09dc710"",""1d93bddb91e4888dfeff894b"",""dcd0772ad097ac3e97473215""]"
0c9ea4306a7cab55e5bf,6928be6f3bc14d659c74,cpu-chunk-blocks,damacy,chunks256-default,synthetic,smooth4,local block storage,full-scan,"[8,256,256]","[1,128,128]",32768,zstd,16384,3,14.87676376933399,14.2886825460296,15.384849615257927,1.8366829025162181,1.0,1.0,0.544461727142334,"active planning, reads, decode, dtype conversion and assembly; preparation/cache control excluded",returned float32 output,"[""6354a4465eccaea124f4365d"",""2c3a01f934206d4f7c010ea5"",""fa9f95001345fb4440438558""]"
0cbf1c5cf595f0a468ab,0ce3149f29afdab44edb,pr160-cold-storage,damacy,damacy,synthetic,random12,local block storage,full-scan,"[8,256,256]","[1,64,128]",16384,zstd,16384,3,3.161649313507337,2.9507352846153303,3.4078503484191622,1.3253511793173984,1.0,1.0,0.7545204162597656,complete wall including file eviction and residency checks,returned float32 output,"[""9ea695d489c8a2dd25f41347"",""736e88e0019ef4810cb324bb"",""19f242bdcf535e79cc5a4322""]"
0cfb280dc5f2bed93ff8,b07b72a78260e11bed02,cpu-chunk-blocks,damacy,chunks256-random,synthetic,smooth4,local block storage,random-1x256x256,"[1,256,256]","[1,256,256]",131072,lz4,16384,3,3.267337595907511,3.2278345299085682,3.293998535413443,1.5669420934469545,3.97491455078125,3.97491455078125,1.9996452331542969,"active planning, reads, decode, dtype conversion and assembly; preparation/cache control excluded",returned float32 output,"[""9aaac42cfd76c38bdd2fb022"",""de500d446bbdd7c94e12ee7f"",""9e8b010ed0a110e318eadc76""]"
0d2f4d33e0def1af0179,6e17d57538e5ff4dac24,pr160-warm-baseline,damacy,damacy,synthetic,random12,local block storage,full-scan,"[8,256,256]","[8,256,256]",1048576,zstd,4096,3,27.109382702071972,25.897282715090686,27.91225132179932,1.3165857951234847,1.0,,,active read loop after one correctness/warmup pass,returned float32 output,"[""c9e8844f943baf0746a11cf2"",""91d269400c2d9b6a8c90ec2f"",""9b2cd9e02da7392f0b5b17b1""]"
0d8aeb700426faee3f8f,6928be6f3bc14d659c74,cpu-chunk-blocks,damacy,chunks256-default,synthetic,smooth4,local block storage,full-scan,"[8,256,256]","[1,512,512]",524288,zstd,262144,3,22.907115929743046,22.55382567020856,22.922080375529937,1.8823881322928948,1.0,1.0,0.5312418937683105,"active planning, reads, decode, dtype conversion and assembly; preparation/cache control excluded",returned float32 output,"[""be10d0d8692c5c57f8eb810d"",""efe0be43d7e4823b7cc37142"",""42d57e8d6718a12531565f23""]"
0de56f204f77ba97ff0a,1f03c45d74dc92cba82a,legacy-native,damacy,legacy_gpu_pipeline,microscopy,preset-hbw4,path on shared filesystem; historical mount unverified,random-crops,"[1,1,16,256,256]",,,,,1,3.661190501993152,3.661190501993152,3.661190501993152,,,,,steady-state native wall after warmup; device transfer/decode/assembly included; startup reported separately,returned pipeline-dtype output,"[""0fae78975ecc66199c83a126""]"
0e1eca74778484504ab8,500e429d9747c8d9184c,cpu-readahead-control,damacy,persistent-default,synthetic,smooth4,local block storage,aligned,"[1,256,256]","[1,128,256]",65536,zstd,16384,3,7.091714614351852,7.038626807311911,7.128448320534165,1.8309433434379625,0.999267578125,0.999267578125,0.6207655800713433,"active planning, reads, decode, dtype conversion and assembly; preparation/cache control excluded",returned float32 output,"[""21829aa335938cb31a1a517d"",""e170c2974744f5d8a5fbfb28"",""4e77e1f80256620eaa2cfd56""]"
0e3c3513bcc4b4ef36ce,fc6fd6b876a5cd57c3e3,cpu-chunk-blocks,tensorstore,tensorstore,synthetic,smooth4,local block storage,full-scan,"[8,256,256]","[1,512,512]",524288,zstd,262144,3,11.044383599552601,8.638012036513489,12.490763891507536,1.8823881322928948,,1.0,0.531239926815033,"active planning, reads, decode, dtype conversion and assembly; preparation/cache control excluded",returned float32 output,"[""fbe1e41396d93ec5c0c5107a"",""15a3145304747826b53e927d"",""ab1645a7d056ec06e06cfea8""]"
0e47baaadf6c7a4f3bff,3fe0cb0b04a8ea40ee71,pr160-cold-storage,damacy,damacy,synthetic,smooth4,local block storage,random-1x256x256,"[1,256,256]","[2,256,256]",262144,zstd,16384,3,1.0919341033379506,1.0765870876503465,1.0935427362420609,1.8320201563813308,7.8095703125,7.8095703125,4.1252300555889425,complete wall including file eviction and residency checks,returned float32 output,"[""3fa72b53d0d2a4ddc6829bbe"",""f8952944e1e7fcc83ad18b79"",""51870b9aef590e8478001067""]"
0e71a4899395611aeafa,3fe0cb0b04a8ea40ee71,pr160-cold-storage,damacy,damacy,synthetic,smooth4,local block storage,random-1x256x256,"[1,256,256]","[2,256,256]",262144,lz4,16384,3,1.042220038009223,1.0289851759699291,1.0424008225388224,1.5671122906202222,7.8095703125,7.8095703125,4.767539391150842,complete wall including file eviction and residency checks,returned float32 output,"[""4757e782ebe4bd9e9a933ec4"",""42a10564161a4ff162250bfd"",""0fe1e0339bca34495a18acd8""]"
0eca832cc0051d04b0f9,6fa0c5bcb142c125d4ca,cpu-fixed-layout-pilot,damacy,damacy,synthetic,smooth4,local block storage,full-scan,"[8,256,256]","[1,128,256]",65536,lz4,16384,3,15.226492961535929,14.948490267948412,15.346168041192524,1.5663428823641548,1.0,1.0,0.0,"active planning, reads, decode, dtype conversion and assembly; preparation/cache control excluded",returned float32 output,"[""8fbbcdc6e6961e84c9f4f16b"",""b5c25e7c61c403ea4a5d3190"",""8c5fb09b812694ca8968ac2c""]"
0f469daa404107b15209,ad9edf9d9663925e5645,microscopy-chammi-dense-confirmation,damacy,legacy_gpu_pipeline,microscopy,chammi-idr0017,path on shared filesystem; historical mount unverified,random-crops,"[1,1,1,256,256]",,,,,3,1.6988004203964773,1.5460092348284962,1.8996806510180262,,,,,steady-state native wall after warmup; device transfer/decode/assembly included; startup reported separately,returned pipeline-dtype output,"[""1145b5c11a4928c531617ea9"",""0319f4514471f9648647fda3"",""f872e1816f35326f4349ef1b""]"
0fc673072120d4347dd0,3fe0cb0b04a8ea40ee71,pr160-cold-storage,damacy,damacy,synthetic,smooth4,local block storage,random-1x256x256,"[1,256,256]","[8,256,256]",1048576,zstd,16384,3,0.8682807299235787,0.8550605805609616,0.8816473462902364,1.832327486174522,29.564453125,29.564453125,4.331939697265625,complete wall including file eviction and residency checks,returned float32 output,"[""7a4aa152c4a1bda570e5214b"",""94732cc52143b7bf569a895a"",""c54a1513d3647b9e5591d913""]"
0fd8266116352c868a70,0065108b52e0913f1232,cpu-readahead-control,tensorstore,tensorstore,synthetic,smooth4,local block storage,aligned,"[1,256,256]","[1,128,256]",65536,lz4,16384,3,4.590774216751136,4.5864470551027345,4.6058694887030445,1.5663428823641548,,0.999267578125,0.7279477119445801,"active planning, reads, decode, dtype conversion and assembly; preparation/cache control excluded",returned float32 output,"[""59b0860411229939f1af5de8"",""1875bfb370b46a62084ec246"",""b3e131090dc3ebb8a381c277""]"
101eba24e03e5187d75a,0ab14a4c5b82e29c4fc5,cpu-buffer-control,damacy,chunks32-random,synthetic,smooth4,local block storage,full-scan,"[8,256,256]","[1,128,256]",65536,zstd,16384,3,4.970170999854505,4.896177447143636,5.016529737787748,1.8309433434379625,1.0,1.0,0.5459244251251221,"active planning, reads, decode, dtype conversion and assembly; preparation/cache control excluded",returned float32 output,"[""404142c50cce6cde2be145e1"",""1e70d4c24c2e48678692205e"",""4dfc90d63b760f3ee9f2597b""]"
102c33c073324cff24fd,500e429d9747c8d9184c,cpu-readahead-control,damacy,persistent-default,synthetic,smooth4,local block storage,aligned,"[1,256,256]","[1,128,256]",65536,lz4,16384,3,6.269759321454591,6.2322425916724224,6.323106804717802,1.5663428823641548,0.999267578125,0.999267578125,0.7330986261367798,"active planning, reads, decode, dtype conversion and assembly; preparation/cache control excluded",returned float32 output,"[""74fe84d5cf05c41ee7c0aef3"",""a56126d6b0b11c9983eda4ee"",""1ec2f9791ed4459b99d658f0""]"
1031ea2ce7a926430f0d,f339f86e76dcf65c7d3a,legacy-native,damacy,legacy_gpu_pipeline,microscopy,qd-2,path on shared filesystem; historical mount unverified,random-crops,"[1,1,16,256,256]",,,,,1,0.24593857044762787,0.24593857044762787,0.24593857044762787,,,,,steady-state native wall after warmup; device transfer/decode/assembly included; startup reported separately,returned pipeline-dtype output,"[""d283e763d8c6a80cdc192d54""]"
104fb67e3a115a86be7b,8381d270a0a718540b60,cpu-scheduling-paired,damacy,before,synthetic,smooth4,local block storage,full-scan,"[8,256,256]","[1,128,256]",65536,lz4,16384,3,9.61975511333483,9.57965447008696,9.651777187807937,1.5663428823641548,1.0,1.0,0.6384315490722656,"active planning, reads, decode, dtype conversion and assembly; preparation/cache control excluded",returned float32 output,"[""4974a1b77ca7b7fbe7703b7f"",""2b0a8506a6a4e2a6167ec997"",""f08711914bae6e318b0e4b72""]"
10cd157b98f8bba03cdc,511643ca52def9314280,legacy-native,damacy,legacy_gpu_pipeline,microscopy,qd-16,path on shared filesystem; historical mount unverified,random-crops,"[1,1,16,256,256]",,,,,1,1.078646255803117,1.078646255803117,1.078646255803117,,,,,steady-state native wall after warmup; device transfer/decode/assembly included; startup reported separately,returned pipeline-dtype output,"[""21d9f1ae0ce6dfe5120fbaa7""]"
10e2b2b4a0f12b51b47e,fc6fd6b876a5cd57c3e3,cpu-chunk-blocks,tensorstore,tensorstore,synthetic,smooth4,local block storage,full-scan,"[8,256,256]","[1,128,128]",32768,lz4,32768,3,8.627165081209997,8.171836055165521,9.135358489380762,1.5856470833576932,,1.0,0.6306331952412924,"active planning, reads, decode, dtype conversion and assembly; preparation/cache control excluded",returned float32 output,"[""a18ec2ed0d9ba4b58b01e17b"",""a6e5f4657047d33fccded726"",""094d50abaa190d206cd2eb65""]"
112da9aae5147c558929,93f7b7e460b6e309365c,cpu-buffer-control,damacy,chunks256-random,synthetic,smooth4,local block storage,full-scan,"[8,256,256]","[1,128,256]",65536,lz4,16384,3,20.80892746898263,20.767397831951705,21.189706024875274,1.5663428823641548,1.0,1.0,0.6381874084472656,"active planning, reads, decode, dtype conversion and assembly; preparation/cache control excluded",returned float32 output,"[""1a0433d0db68e56e506f211e"",""da552fc02f8a8b85a9232bce"",""906d053a20bab9bcec3a0230""]"
11b57364d1be83ffcc43,862a43ee36563ca6e65f,cpu-nfs-local-spot,damacy,chunks256-random,synthetic,smooth4,NFS,full-scan,"[8,256,256]","[1,512,512]",524288,zstd,524288,3,23.648857760618004,20.10798812363619,24.243745414394212,1.970907362204299,1.0,1.0,,"active planning, reads, decode, dtype conversion and assembly; preparation/cache control excluded",returned float32 output,"[""835ba666cd70029c093dd9ee"",""fe870b5b435e1f868469fc33"",""2de4f165bbbc046da00b5e46""]"
129ee1a97c49a8810b9c,99673c7c54179e949890,pr160-warm-smooth-patterns,damacy,damacy,synthetic,smooth4,local block storage,full-scan,"[8,256,256]","[2,256,256]",262144,zstd,65536,5,23.149128349151248,21.927632982855247,24.10216584435352,1.8540803496836498,1.0,,,active read loop after one correctness/warmup pass,returned float32 output,"[""17dff3ad609e4eeff351ea79"",""fdb53ca832f300ba89cebf0c"",""3879532be1712921d1a9d08c"",""6950722a5cf10cdd60dc2b65"",""129241b0c28759c3e49edc4a""]"
14690f27af6f57929a53,b07b72a78260e11bed02,cpu-chunk-blocks,damacy,chunks256-random,synthetic,smooth4,local block storage,random-1x256x256,"[1,256,256]","[1,256,256]",131072,lz4,65536,3,3.34135666333119,3.338100253131119,3.3713011091838143,1.6005883232081666,3.97491455078125,3.97491455078125,1.9583740234375,"active planning, reads, decode, dtype conversion and assembly; preparation/cache control excluded",returned float32 output,"[""36cfed2d0912dc10a7d40127"",""98ade07614ffcbeed757f93a"",""855b95352651b8b95d675c15""]"
14afc500399cdd5f0470,6e17d57538e5ff4dac24,pr160-warm-baseline,damacy,damacy,synthetic,random12,local block storage,full-scan,"[8,256,256]","[1,64,128]",16384,zstd,8192,3,3.7478576307121867,3.624037060338259,7.425863227945777,1.3219296406156924,1.0,,,active read loop after one correctness/warmup pass,returned float32 output,"[""a1805dce3f08bc5293102123"",""3a22befae9b057e16150df59"",""68e1ccef893d545105407d63""]"
14ca97d608cf03c4666f,6ea45b25c588a7385455,cpu-readahead-control,damacy,batch-random,synthetic,smooth4,local block storage,aligned,"[1,256,256]","[1,128,256]",65536,lz4,16384,3,6.40615961266805,6.364906373502903,6.46491903615169,1.5663428823641548,0.999267578125,0.999267578125,0.6437721252441406,"active planning, reads, decode, dtype conversion and assembly; preparation/cache control excluded",returned float32 output,"[""6cae7466b2ca42fe453f14a3"",""91d5c2c529092bd0b0be54d6"",""67e36de4077fa9031fb173b6""]"
1558ffc30ca8d7dbac34,d50fde3d5d8879146bb0,pr160-warm-xor-crops,damacy,damacy,synthetic,xor,local block storage,random-1x256x256,"[1,256,256]","[8,256,256]",1048576,lz4,16384,5,3.5061961182943464,3.3584543644222693,3.5680679342421104,21.300396457205785,29.564453125,29.564453125,,active read loop after one correctness/warmup pass,returned float32 output,"[""5ea995835e5bc3efd81bfc43"",""da35cd586de83dcbb722741c"",""5bbc65610d21d979a8df3f05"",""37823520446cb4b61440bbb0"",""c26cf6ca73e85fa7c9d7e22f""]"
15924aa6b1954dffe095,60bca942c0f9c0806f39,cpu-readahead-control,damacy,batch-default,synthetic,smooth4,local block storage,random-1x256x256,"[1,256,256]","[1,128,256]",65536,zstd,16384,3,2.0881498842285153,2.0779130511767963,2.0892964663222244,1.8309433434379625,2.98046875,2.98046875,2.1308409372965493,"active planning, reads, decode, dtype conversion and assembly; preparation/cache control excluded",returned float32 output,"[""7d2f9562656974ab19380b8c"",""5e45ef9d360b1a1929f5957a"",""ab3a6ec15f70b348505c2b9f""]"
162e68cd39aa67e0057d,3f730553f5d2528deecd,cpu-nfs-local-spot,damacy,chunks256-default,synthetic,smooth4,local block storage,full-scan,"[8,256,256]","[1,512,512]",524288,zstd,524288,3,22.097641226288726,21.670928480739196,22.464318986291588,1.970907362204299,1.0,1.0,0.5073826313018799,"active planning, reads, decode, dtype conversion and assembly; preparation/cache control excluded",returned float32 output,"[""baff1626686c2d522824d5fa"",""077aad28b305bd7acd55dfb4"",""ba96927cf48acbe76fbda465""]"
1653f70b3669d97d985b,16cd3a040e91c9f61a64,cpu-scheduling-paired,damacy,after,synthetic,smooth4,local block storage,aligned,"[1,256,256]","[1,128,256]",65536,lz4,16384,3,6.149694710766649,6.139680453183886,6.346325123524822,1.5663428823641548,0.999267578125,0.999267578125,0.7327936887741089,"active planning, reads, decode, dtype conversion and assembly; preparation/cache control excluded",returned float32 output,"[""76325154966362e5f880b438"",""447e25d1f6f65cbc15ca83b2"",""14c304efe3a18e6214ea9632""]"
17a045d312eeb7e3a32c,c1b7207f2850dae1f6eb,microscopy-survey-tuned,damacy,legacy_gpu_pipeline,microscopy,survey-allencell_static,path on shared filesystem; historical mount unverified,random-crops,"[1,1,1,256,256]",,,,,1,0.36282026870759354,0.36282026870759354,0.36282026870759354,,,,,steady-state native wall after warmup; device transfer/decode/assembly included; startup reported separately,returned pipeline-dtype output,"[""081c9456707f4b2564e42749""]"
17c2ed44fb1c2f4e31e3,61a6573b6265e3efede9,cpu-nfs-local-spot,tensorstore,tensorstore,synthetic,smooth4,NFS,full-scan,"[8,256,256]","[1,512,512]",524288,zstd,524288,3,8.717645730755935,7.972165718551851,9.48569179336343,1.970907362204299,,1.0,,"active planning, reads, decode, dtype conversion and assembly; preparation/cache control excluded",returned float32 output,"[""371972d665271678cb3347bd"",""f85a3edc887576edf509164c"",""95bda482d3ca23453429d614""]"
183287e2d33c3530d80e,f13f62c1339983413436,microscopy-tensorstore-threads,tensorstore,legacy_cpu_thread_sweep,microscopy,survey-jacobo_mip,path on shared filesystem; historical mount unverified,random-crops,"[16,1,1,256,256]",,,,,1,0.03446625173839405,0.03446625173839405,0.03446625173839405,,,,,Python read+decode timed loop after warmup; open/eviction excluded,archived patch_bytes; destination dtype unrecorded,"[""7874c6780fc1592b882e2276""]"
1837639dd821dcbc7785,26c6b410061d58a3bda5,cpu-small-chunks,tensorstore,tensorstore,synthetic,smooth4,local block storage,full-scan,"[8,256,256]","[1,128,128]",32768,zstd,16384,3,8.567692056629987,8.526068161492018,8.601983800737587,1.8366829025162181,,1.0,0.544461727142334,"active planning, reads, decode, dtype conversion and assembly; preparation/cache control excluded",returned float32 output,"[""1863e1a32fdea85e756e86fd"",""08d91bb7771f3499b0624a58"",""6ff2f0accbbaf227dee5e457""]"
18edad9bf900a633629a,d2bc1fa86a5a9497c420,cpu-buffer-control,damacy,chunks128-random,synthetic,smooth4,local block storage,random-1x256x256,"[1,256,256]","[1,128,256]",65536,lz4,16384,3,2.966204016464885,2.966105079385668,2.9984586804951476,1.5663428823641548,2.98046875,2.98046875,1.629842758178711,"active planning, reads, decode, dtype conversion and assembly; preparation/cache control excluded",returned float32 output,"[""61ca8964e7a49697590c5e9c"",""995a3e8dcdbca92463f390f8"",""fa7a4f260caeb0a1eae06c69""]"
18f3d550a435612a5772,3eac91077031ee6361df,cpu-nfs-local-spot,damacy,chunks256-random,synthetic,smooth4,local block storage,full-scan,"[8,256,256]","[1,512,512]",524288,zstd,524288,3,27.094203949423598,27.08704703587698,27.1179685046278,1.970907362204299,1.0,1.0,0.5073521137237549,"active planning, reads, decode, dtype conversion and assembly; preparation/cache control excluded",returned float32 output,"[""8c13fb251f5b420b06d08177"",""09ed70e7fb438e712c0fe0df"",""6bffa1d31c8432dd01502faa""]"
1961abe2fb8514b31338,79be288a84e3b41efc2a,cpu-scheduling-paired,damacy,before,synthetic,smooth4,local block storage,random-1x256x256,"[1,256,256]","[1,128,256]",65536,lz4,16384,3,4.883857195187145,4.753936566072619,5.009677631213037,1.5663428823641548,2.98046875,2.98046875,0.0,"active planning, reads, decode, dtype conversion and assembly; preparation/cache control excluded",returned float32 output,"[""db0b09e5a994737d894612bf"",""4e623f09cab92191d970b95b"",""0c23391e0b7c18055ded9ac5""]"
198d3fd79c5f09cbc376,d845df774bc1b431edec,cpu-chunk-blocks,damacy,chunks256-default,synthetic,smooth4,local block storage,random-1x256x256,"[1,256,256]","[1,256,256]",131072,lz4,16384,3,3.338837969317557,3.329351959411345,3.370892884608646,1.5669420934469545,3.97491455078125,3.97491455078125,2.9679563310411243,"active planning, reads, decode, dtype conversion and assembly; preparation/cache control excluded",returned float32 output,"[""1e7fbdaf551d71fde75a3fdc"",""b7b27190fc42796ce7ba3f24"",""de564ba7db265cc324c49d78""]"
19da9e515fc86f69655c,a9c545ca497f2f82aa33,legacy-native,damacy,legacy_gpu_pipeline,microscopy,preset-hbw4,path on shared filesystem; historical mount unverified,random-crops,"[1,1,16,256,256]",,,,,1,4.685297909982308,4.685297909982308,4.685297909982308,,,,,steady-state native wall after warmup; device transfer/decode/assembly included; startup reported separately,returned pipeline-dtype output,"[""4a9ea9ecf78bb25455875429""]"
1a4a058e431620e02ebe,d678314fb3a406257e8f,pr160-cold-storage,damacy,damacy,synthetic,random12,local block storage,random-1x256x256,"[1,256,256]","[2,256,256]",262144,lz4,16384,3,0.9374258903534393,0.9331955116166607,0.9471525773052193,1.322037086504447,7.8095703125,7.8095703125,5.520713170369466,complete wall including file eviction and residency checks,returned float32 output,"[""0b8d0626d55b4e3476a09dcb"",""5da47a4f38ab135d7e4fdff6"",""ba154d4416dc7dc8c24acce6""]"
1b3b9d05b40dcfabfc7e,c097ba8e49ee39685783,pr160-warm-random-crops,damacy,damacy,synthetic,random12,local block storage,random-1x256x256,"[1,256,256]","[1,64,128]",16384,lz4,16384,5,2.57854342151716,2.522185093048822,3.024669026730052,1.3188445768380552,1.85260009765625,1.85260009765625,,active read loop after one correctness/warmup pass,returned float32 output,"[""75815ac24a37dfd5987d4ea0"",""81d2b42ca235ed610ccfe57f"",""db5b516e6a62d69aeaa0e2c7"",""611cd49896d21d4b35cf6e3b"",""95f9f98894af60b039720e31""]"
1b9612b0c1ba23f0072b,0ce3149f29afdab44edb,pr160-cold-storage,damacy,damacy,synthetic,random12,local block storage,full-scan,"[8,256,256]","[2,256,256]",262144,lz4,4096,3,7.6305246167086915,7.374280908874554,7.713701845340943,1.3134536362028717,1.0,1.0,0.7613525390625,complete wall including file eviction and residency checks,returned float32 output,"[""7e1d0a4983ead54a96fbe005"",""5c6c1f0948e804a32cc390ad"",""3ee6160c89ac1d76a9841edd""]"
1bc449a5e386a8cef064,fc6fd6b876a5cd57c3e3,cpu-chunk-blocks,tensorstore,tensorstore,synthetic,smooth4,local block storage,full-scan,"[8,256,256]","[1,256,256]",131072,zstd,65536,3,9.396063880732578,8.04594561295,12.543944100605206,1.85368967938808,,1.0,0.5394559701283773,"active planning, reads, decode, dtype conversion and assembly; preparation/cache control excluded",returned float32 output,"[""2b2b04a5126d676141fa4777"",""b16f3a11cda7825a113bb84c"",""878f26c365bcab6f36d22c29""]"
1c43d80705b786c6ca09,0ce3149f29afdab44edb,pr160-cold-storage,damacy,damacy,synthetic,random12,local block storage,full-scan,"[8,256,256]","[2,256,256]",262144,lz4,65536,3,7.509780627860471,7.46129006429469,7.547207637596117,1.324628888728375,1.0,1.0,0.7549285888671875,complete wall including file eviction and residency checks,returned float32 output,"[""a5bca7d5605f500959d86d79"",""fc89d901165e1c6b781b8b33"",""0af2b4e9b80148d2e1345a69""]"
1c441bc5c62d77629061,85833ca1a05fa9f263cf,cpu-nfs-local-spot,damacy,chunks256-default,synthetic,smooth4,NFS,full-scan,"[8,256,256]","[1,512,512]",524288,lz4,524288,3,22.076481824652085,20.80150792700987,22.233691824541026,1.626606892779916,1.0,1.0,,"active planning, reads, decode, dtype conversion and assembly; preparation/cache control excluded",returned float32 output,"[""a79032e92a3a0d4670ab6fab"",""3edb818854326104a3fd1688"",""25622cbff768d2fd6e13551a""]"
1c4df2f07e0cd306aded,9577427ed99ded0e5478,cpu-small-chunks,damacy,chunks256-random,synthetic,smooth4,local block storage,random-1x256x256,"[1,256,256]","[1,128,256]",65536,lz4,16384,3,2.9570443711351304,2.953430599637698,2.9744151868391318,1.5663428823641548,2.98046875,2.98046875,1.629842758178711,"active planning, reads, decode, dtype conversion and assembly; preparation/cache control excluded",returned float32 output,"[""a72a5b30022aa467c3c531e9"",""b3484e415ceb6eff1bab4c3b"",""506b47991216b6616a4131a4""]"
1c55fb472959a2215944,e1cc821d3cab1404ef84,cpu-chunk-blocks,tensorstore,tensorstore,synthetic,smooth4,local block storage,random-1x256x256,"[1,256,256]","[1,512,512]",524288,zstd,16384,3,3.2289676101536053,3.108731765001465,3.2658773941392294,1.8294478975980146,,8.433349609375,3.587435828314887,"active planning, reads, decode, dtype conversion and assembly; preparation/cache control excluded",returned float32 output,"[""ebe82fc6b003a6a25afef356"",""450ab98468fd80f671bed5fd"",""f13d90ba28f142ff760c3ecc""]"
1cd0f07f822ed649d0d7,a34e29db7bd55bb94cf9,microscopy-tensorstore-threads,tensorstore,legacy_cpu_thread_sweep,microscopy,as-chad,path on shared filesystem; historical mount unverified,random-crops,"[16,1,1,256,256]",,,,,1,1.3388727372369704,1.3388727372369704,1.3388727372369704,,,,,Python read+decode timed loop after warmup; open/eviction excluded,archived patch_bytes; destination dtype unrecorded,"[""6860c6a8b93fda0a34352073""]"
1dff3ae65e21d4e8d93e,6e17d57538e5ff4dac24,pr160-warm-baseline,damacy,damacy,synthetic,random12,local block storage,full-scan,"[8,256,256]","[1,64,128]",16384,lz4,8192,3,6.540007211330289,6.215866249714151,6.871256124730918,1.3159848147616393,1.0,,,active read loop after one correctness/warmup pass,returned float32 output,"[""812e09f1167f2e2793fd98b1"",""c479d70bd08da1f31b1e2187"",""6bc879c30b7dfe960dd0b6d9""]"
1e8a56150491f12fae23,574458ff134bb0a98ac4,microscopy-chammi-initial,damacy,legacy_gpu_pipeline,microscopy,chammi-idr0017,path on shared filesystem; historical mount unverified,random-crops,"[1,1,1,256,256]",,,,,1,1.6784038567303725,1.6784038567303725,1.6784038567303725,,,,,steady-state native wall after warmup; device transfer/decode/assembly included; startup reported separately,returned pipeline-dtype output,"[""84bba2dd435c89065a5d63d5""]"
1ea41fb353d538339f1d,6e9a32016c5cbd2f78fe,legacy-native,damacy,legacy_gpu_pipeline,microscopy,qd-4,path on shared filesystem; historical mount unverified,random-crops,"[1,1,16,256,256]",,,,,1,0.4501211726196692,0.4501211726196692,0.4501211726196692,,,,,steady-state native wall after warmup; device transfer/decode/assembly included; startup reported separately,returned pipeline-dtype output,"[""425f9ff41c3ccd5fbc37791d""]"
1eafc30499d180127178,c3d4188e74a152a55386,legacy-native,damacy,legacy_gpu_pipeline,microscopy,preset-hbw4,path on shared filesystem; historical mount unverified,random-crops,"[1,1,16,256,256]",,,,,1,2.65565878396322,2.65565878396322,2.65565878396322,,,,,steady-state native wall after warmup; device transfer/decode/assembly included; startup reported separately,returned pipeline-dtype output,"[""de3ce85c01ae55b33bb582ef""]"
1ef3e4469549e6df4590,0c58d829beda5ef80a6b,microscopy-tensorstore-threads,tensorstore,legacy_cpu_thread_sweep,microscopy,as-alfi,path on shared filesystem; historical mount unverified,random-crops,"[16,1,1,256,256]",,,,,1,0.11097587121466557,0.11097587121466557,0.11097587121466557,,,,,Python read+decode timed loop after warmup; open/eviction excluded,archived patch_bytes; destination dtype unrecorded,"[""3abf49085b4829149fff38cb""]"
201cb51507fdfc3b4dd2,0ce3149f29afdab44edb,pr160-cold-storage,damacy,damacy,synthetic,random12,local block storage,full-scan,"[8,256,256]","[1,128,256]",65536,zstd,65536,3,6.06006655212471,5.839814625749387,6.273247957024849,1.3281181820074004,1.0,1.0,0.7529487609863281,complete wall including file eviction and residency checks,returned float32 output,"[""0979df1eb1ea12f843b13d5e"",""e2362269c063400a75a02226"",""994718660c248677a3bcd66e""]"
20d950f4365ec166dc0f,7c16f2c675d01bae186d,cpu-scheduling-paired,damacy,before,synthetic,smooth4,local block storage,aligned,"[1,256,256]","[1,128,256]",65536,zstd,16384,3,6.4396662145166035,6.173981338069256,6.490093831382704,1.8309433434379625,0.999267578125,0.999267578125,0.6230371138628792,"active planning, reads, decode, dtype conversion and assembly; preparation/cache control excluded",returned float32 output,"[""26ba0e78168d766437a86735"",""64bc10759702f79eb0ef24f2"",""41bd655128c8c4504ff7214b""]"
20f79549206ec40c5fc7,a5b4d9385f49bf3ab40e,pr160-warm-smooth-crops,damacy,damacy,synthetic,smooth4,local block storage,aligned,"[1,256,256]","[8,256,256]",1048576,lz4,16384,5,8.443088852375784,8.079457554987142,8.655197253345067,1.5673371618357246,7.859375,7.859375,,active read loop after one correctness/warmup pass,returned float32 output,"[""31a8c141005158e6712180e7"",""a0928e73c6f31820742d711f"",""bb9d8422f0d14cd9c981f3ab"",""11b19da4b9bf7435d2c86bad"",""050476fa09f76146bc567398""]"
2193347a8b3e0be524a7,d845df774bc1b431edec,cpu-chunk-blocks,damacy,chunks256-default,synthetic,smooth4,local block storage,random-1x256x256,"[1,256,256]","[1,512,512]",524288,lz4,16384,3,3.132266171530596,3.0891582633109236,3.1920564252732326,1.5666306456387868,8.433349609375,8.433349609375,4.24690842628479,"active planning, reads, decode, dtype conversion and assembly; preparation/cache control excluded",returned float32 output,"[""6527cafaf52a99358ac72d50"",""c965c47cd3f9210de96d00e2"",""1afb6b055d19e8e9abe278b2""]"
22edb7d5b136bc2e4eb1,cb73434c4b569c5356ef,legacy-native,damacy,legacy_gpu_pipeline,microscopy,preset-hbw8,path on shared filesystem; historical mount unverified,random-crops,"[1,1,16,256,256]",,,,,1,4.357936499635676,4.357936499635676,4.357936499635676,,,,,steady-state native wall after warmup; device transfer/decode/assembly included; startup reported separately,returned pipeline-dtype output,"[""cf50f867487a11af5d596a48""]"
2338d5a77b815853aa77,5adb5da13da404705aa7,cpu-readahead-control,damacy,persistent-default,synthetic,smooth4,local block storage,full-scan,"[8,256,256]","[1,128,256]",65536,zstd,16384,3,10.947295603978915,10.85659446332431,11.037199212896702,1.8309433434379625,1.0,1.0,0.5461685657501221,"active planning, reads, decode, dtype conversion and assembly; preparation/cache control excluded",returned float32 output,"[""c18fe6c29349644712fa863a"",""f1ef6cef1f569740257ce2da"",""47b179e60730194cc19c880f""]"
2348dda77a45d096ec96,6e17d57538e5ff4dac24,pr160-warm-baseline,damacy,damacy,synthetic,random12,local block storage,full-scan,"[8,256,256]","[8,256,256]",1048576,zstd,262144,3,25.729111241450834,24.25823305423991,27.236764894922537,1.332912994855988,1.0,,,active read loop after one correctness/warmup pass,returned float32 output,"[""0734b3d47ba9254a13fbf5ff"",""ac523f89d586b88e3351bc4b"",""491ff0d2afd7dc27d57dd01f""]"
23aa58587900414ed42a,0777fc05ec82febd61c7,legacy-native,damacy,legacy_gpu_pipeline,microscopy,preset-hbw8,path on shared filesystem; historical mount unverified,random-crops,"[1,1,16,256,256]",,,,,1,2.5718418296700016,2.5718418296700016,2.5718418296700016,,,,,steady-state native wall after warmup; device transfer/decode/assembly included; startup reported separately,returned pipeline-dtype output,"[""f7a61e26b3996f3af8846aa7""]"
23bada23aff6cf93f07b,6e17d57538e5ff4dac24,pr160-warm-baseline,damacy,damacy,synthetic,random12,local block storage,full-scan,"[8,256,256]","[2,256,256]",262144,lz4,65536,3,22.859984173106092,22.416907191531678,23.928195567996454,1.324628888728375,1.0,,,active read loop after one correctness/warmup pass,returned float32 output,"[""0926621ea5393adc74682c77"",""197122f0cd5ecc238333c53f"",""55825c98f2cec77627a830c6""]"
2402d7ddc06cb36bb635,bd3105a766c9ab03fcd5,cpu-fixed-layout-pilot,tensorstore,tensorstore,synthetic,smooth4,local block storage,aligned,"[1,256,256]","[1,128,256]",65536,zstd,16384,3,4.879786131249294,4.635144868498181,4.983677000298468,1.8309433434379625,,0.999267578125,0.6177836198073167,"active planning, reads, decode, dtype conversion and assembly; preparation/cache control excluded",returned float32 output,"[""aad255c026c1185a031c1331"",""801f647ecb01759488b3e956"",""bda2f2463873261d34f91481""]"
2437f623d092743b32fa,f94ac526b988eb241a63,cpu-small-chunks,damacy,chunks256-default,synthetic,smooth4,local block storage,full-scan,"[8,256,256]","[1,128,256]",65536,lz4,16384,3,21.58774140065304,21.488251184635484,21.860314155210887,1.5663428823641548,1.0,1.0,0.6384315490722656,"active planning, reads, decode, dtype conversion and assembly; preparation/cache control excluded",returned float32 output,"[""2ab804185ab99acfffef8dda"",""3fd982a11bb6fdc495e8f9b5"",""e8a289fb7a6d74cff7d43fcd""]"
24a3bb1c78fce433ab35,6e17d57538e5ff4dac24,pr160-warm-baseline,damacy,damacy,synthetic,random12,local block storage,full-scan,"[8,256,256]","[1,128,256]",65536,lz4,32768,3,14.678552649010891,12.94718405796717,15.87629674984447,1.3231045480799037,1.0,,,active read loop after one correctness/warmup pass,returned float32 output,"[""b5f892728515e8c3b2aeee73"",""b56a88f653109a61e877d4d7"",""b81e0477149f8934a11d81b3""]"
24f8895cd5c1ba17e76a,f5727280b0671949c3c7,pr160-warm-random-crops,damacy,damacy,synthetic,random12,local block storage,random-1x512x512,"[1,512,512]","[2,256,256]",262144,zstd,16384,5,7.594691231386307,7.5401152300126535,7.6776932071230055,1.3285753780077916,4.309326171875,4.309326171875,,active read loop after one correctness/warmup pass,returned float32 output,"[""fedd64e713e5238fb9274d5e"",""0e2e691858b4bac42d4f47f5"",""460f4d020b1b4d63e72ba402"",""cb9978095c06332172a152c3"",""66427b3de816babb2dc5eb1b""]"
2502d8c3aaa8245aa4ca,0ce3149f29afdab44edb,pr160-cold-storage,damacy,damacy,synthetic,random12,local block storage,full-scan,"[8,256,256]","[8,256,256]",1048576,lz4,4096,3,8.480262719698967,8.477969756356279,8.49780115509098,1.3136115983547043,1.0,1.0,0.7612593514578683,complete wall including file eviction and residency checks,returned float32 output,"[""e06f0efad5de0c0dad69be20"",""2c4b71e225ac4834a9882bc7"",""842ddf6c2dc85d89c18c7d82""]"
251f0be65f5318f9acaf,e2d326ae1cc0c2c45172,legacy-native,damacy,legacy_gpu_pipeline,microscopy,meta-256,path on shared filesystem; historical mount unverified,random-crops,"[1,1,16,256,256]",,,,,1,1.7980799383186659,1.7980799383186659,1.7980799383186659,,,,,steady-state native wall after warmup; device transfer/decode/assembly included; startup reported separately,returned pipeline-dtype output,"[""763803ccf64077a72606651e""]"
2522c1098ddc559703b9,65d305c8ba9a29ca2ce4,microscopy-tensorstore-threads,tensorstore,legacy_cpu_thread_sweep,microscopy,survey-chammi75,path on shared filesystem; historical mount unverified,random-crops,"[1,1,1,256,256]",,,,,1,0.03262081200369078,0.03262081200369078,0.03262081200369078,,,,,Python read+decode timed loop after warmup; open/eviction excluded,archived patch_bytes; destination dtype unrecorded,"[""b30ee0102f2f303722d310e1""]"
253a76e148d1ddc3c911,e1cc821d3cab1404ef84,cpu-chunk-blocks,tensorstore,tensorstore,synthetic,smooth4,local block storage,random-1x256x256,"[1,256,256]","[1,512,512]",524288,lz4,524288,3,3.141153263612946,3.133786899542078,3.1869436163226297,1.626606892779916,,8.433349609375,3.9985690116882324,"active planning, reads, decode, dtype conversion and assembly; preparation/cache control excluded",returned float32 output,"[""767651fb821ab2f0024e3f32"",""a373a9feafa40d845f7c1fa6"",""948981122665a9d733c13e8d""]"
257e95ebb3f00e040007,8c9460fe6e58dbd700de,cpu-small-chunks,damacy,chunks256-random,synthetic,smooth4,local block storage,full-scan,"[8,256,256]","[1,64,128]",16384,lz4,16384,3,8.117920399617777,8.083053115502738,8.209457883001916,1.570198337802875,1.0,1.0,0.635887622833252,"active planning, reads, decode, dtype conversion and assembly; preparation/cache control excluded",returned float32 output,"[""13655729738fc6987952eb4a"",""ca9b5c6dacf531362d88e406"",""d5596d243e8debf802d7c5aa""]"
258bfda444cf0221ba97,9df9a521764da38e5817,microscopy-survey-baseline,damacy,legacy_gpu_pipeline,microscopy,survey-jacobo_mip,path on shared filesystem; historical mount unverified,random-crops,"[16,1,1,256,256]",,,,,1,0.19729625216039398,0.19729625216039398,0.19729625216039398,,,,,steady-state native wall after warmup; device transfer/decode/assembly included; startup reported separately,returned pipeline-dtype output,"[""21b8b0004e3d50d7772948db""]"
260982ad0a9e8b4cd629,b07b72a78260e11bed02,cpu-chunk-blocks,damacy,chunks256-random,synthetic,smooth4,local block storage,random-1x256x256,"[1,256,256]","[1,128,128]",32768,lz4,32768,3,3.4667847858160625,3.4330212956720363,3.498035212005835,1.5856470833576932,2.2350616455078125,2.2350616455078125,1.2902336120605469,"active planning, reads, decode, dtype conversion and assembly; preparation/cache control excluded",returned float32 output,"[""eb133482dddf4c2fcb038810"",""8363cd7131f481de363d5d95"",""90409a4137cb0d87220b3807""]"
269117776b39f0a686bb,241070601b3896419ead,cpu-nfs-local-spot,damacy,chunks256-random,synthetic,smooth4,local block storage,random-1x256x256,"[1,256,256]","[1,128,128]",32768,zstd,32768,3,3.906019472245198,3.8926664370932462,3.9354808454024806,1.8451430092694745,2.2350616455078125,2.2350616455078125,1.1195125579833984,"active planning, reads, decode, dtype conversion and assembly; preparation/cache control excluded",returned float32 output,"[""5605740766688971dc3bec40"",""bdbd79545d8c12f97423da31"",""012dcb0e1e7521168d5baa36""]"
2737a24990fe5641c708,6e17d57538e5ff4dac24,pr160-warm-baseline,damacy,damacy,synthetic,random12,local block storage,full-scan,"[8,256,256]","[8,256,256]",1048576,lz4,65536,3,27.768960585090817,27.116710933601826,28.30450360504917,1.3247895504571978,1.0,,,active read loop after one correctness/warmup pass,returned float32 output,"[""f94a1be4c2a8f485848875d4"",""29558373d1d5903c76ba6b0c"",""672182d736bd34134fb09888""]"
285005c46cc1d034bbff,1fb438294d5ac2bb57e1,cpu-chunk-blocks,damacy,chunks256-random,synthetic,smooth4,local block storage,full-scan,"[8,256,256]","[1,128,128]",32768,zstd,16384,3,11.379308956514828,11.360930090428091,11.585635875087567,1.8366829025162181,1.0,1.0,0.5439732074737549,"active planning, reads, decode, dtype conversion and assembly; preparation/cache control excluded",returned float32 output,"[""148d4f00f9e74294a87905e3"",""bd0bd2084a43c35afc3fd8fd"",""3526c9797995c53f5cd623a1""]"
28c7fee8f9d819639e0c,1fb438294d5ac2bb57e1,cpu-chunk-blocks,damacy,chunks256-random,synthetic,smooth4,local block storage,full-scan,"[8,256,256]","[1,256,256]",131072,zstd,16384,3,22.492849769003637,22.455018756456955,22.82865624493611,1.8317621551383316,1.0,1.0,0.5458023548126221,"active planning, reads, decode, dtype conversion and assembly; preparation/cache control excluded",returned float32 output,"[""2884274242068cd336a09a21"",""d53835a4262218abf8e9a8e3"",""7b3e3cf706c4df269997a2da""]"
29b43819a7bdab039b33,adb03604916cc7efff86,microscopy-chammi-initial,damacy,legacy_gpu_pipeline,microscopy,chammi-idr0017,path on shared filesystem; historical mount unverified,random-crops,"[1,1,1,256,256]",,,,,1,1.2613155137368357,1.2613155137368357,1.2613155137368357,,,,,steady-state native wall after warmup; device transfer/decode/assembly included; startup reported separately,returned pipeline-dtype output,"[""4c09db118fb24d778a6f118c""]"
29f20cff58b766176b79,ac3c4db9649423b13eec,cpu-nfs-local-spot,tensorstore,tensorstore,synthetic,smooth4,NFS,random-1x256x256,"[1,256,256]","[1,512,512]",524288,zstd,524288,3,1.396484194408053,1.204623816482341,1.661644938311781,1.970907362204299,,8.433349609375,,"active planning, reads, decode, dtype conversion and assembly; preparation/cache control excluded",returned float32 output,"[""bd80d6af74c3498b550db50a"",""8f0fb17bea10aa1368d1b298"",""43b5218b8dd638a21824ec43""]"
29f33e1e0a4e62db1806,574458ff134bb0a98ac4,microscopy-chammi-initial,damacy,legacy_gpu_pipeline,microscopy,chammi-idr0017,path on shared filesystem; historical mount unverified,random-crops,"[1,1,1,256,256]",,,,,1,1.9927051051510631,1.9927051051510631,1.9927051051510631,,,,,steady-state native wall after warmup; device transfer/decode/assembly included; startup reported separately,returned pipeline-dtype output,"[""48e477f760f30477db2760b2""]"
29fb2f714b8a82cbbd54,6755a5b72e0b5ea80783,legacy-native,damacy,legacy_gpu_pipeline,microscopy,mc-2,path on shared filesystem; historical mount unverified,random-crops,"[1,1,16,256,256]",,,,,1,1.9126807674593325,1.9126807674593325,1.9126807674593325,,,,,steady-state native wall after warmup; device transfer/decode/assembly included; startup reported separately,returned pipeline-dtype output,"[""53a56c239e056b5517ceb1f1""]"
2a13137721cac8de5b63,d845df774bc1b431edec,cpu-chunk-blocks,damacy,chunks256-default,synthetic,smooth4,local block storage,random-1x256x256,"[1,256,256]","[1,512,512]",524288,zstd,16384,3,2.6627178727855276,2.642128443029467,2.6656242546241846,1.8294478975980146,8.433349609375,8.433349609375,3.645841326032366,"active planning, reads, decode, dtype conversion and assembly; preparation/cache control excluded",returned float32 output,"[""d52bac319892b0fd954d734f"",""df84b077c9ef7950c4bc7ed8"",""8332f9f2060e5dfe25155b0a""]"
2ae138517716fc97035c,4ef288a11625c3b0b116,microscopy-survey-baseline,damacy,legacy_gpu_pipeline,microscopy,survey-allencell_dynamic,path on shared filesystem; historical mount unverified,random-crops,"[16,1,1,256,256]",,,,,1,0.13558586652927299,0.13558586652927299,0.13558586652927299,,,,,steady-state native wall after warmup; device transfer/decode/assembly included; startup reported separately,returned pipeline-dtype output,"[""c3cacb1fabd789d678b4720e""]"
2b935d5a7baf8fbd9c05,b07b72a78260e11bed02,cpu-chunk-blocks,damacy,chunks256-random,synthetic,smooth4,local block storage,random-1x256x256,"[1,256,256]","[1,256,256]",131072,zstd,131072,3,3.518721774525175,3.471213234400774,3.53371084082595,1.8644857768631582,3.97491455078125,3.97491455078125,1.6865520477294922,"active planning, reads, decode, dtype conversion and assembly; preparation/cache control excluded",returned float32 output,"[""3279cd2a02a8e3656d33d97c"",""be4d47796badd09cae7106aa"",""2650233c375dc742f124a74a""]"
2c09d958f5753908e1e7,f133cf89e48900458342,cpu-nfs-local-spot,damacy,chunks256-random,synthetic,smooth4,NFS,random-1x256x256,"[1,256,256]","[1,512,512]",524288,lz4,524288,3,1.350479381539752,1.24931556612726,1.6528177769267507,1.626606892779916,8.433349609375,8.433349609375,,"active planning, reads, decode, dtype conversion and assembly; preparation/cache control excluded",returned float32 output,"[""2d915fc139ae09edf16e3bae"",""481b45f32f4be6f21e53b878"",""5a3b899fd73715c320c30475""]"
2cab33d9b4ae2f80d0e9,1fb438294d5ac2bb57e1,cpu-chunk-blocks,damacy,chunks256-random,synthetic,smooth4,local block storage,full-scan,"[8,256,256]","[1,256,256]",131072,lz4,65536,3,24.728612649854032,24.69924486707977,24.82164740671679,1.6005883232081666,1.0,1.0,0.6246500015258789,"active planning, reads, decode, dtype conversion and assembly; preparation/cache control excluded",returned float32 output,"[""60f53c3890027eea94df7b93"",""5f835f4693ab76e13b41f52b"",""84f56f26ac42be55dd850a76""]"
2ce153571a30a0ba4a47,6e17d57538e5ff4dac24,pr160-warm-baseline,damacy,damacy,synthetic,random12,local block storage,full-scan,"[8,256,256]","[8,256,256]",1048576,zstd,1048576,3,23.834239267303452,23.708986707477926,23.982694599067553,1.333206182261777,1.0,,,active read loop after one correctness/warmup pass,returned float32 output,"[""5249aa30981c07030bc0e97b"",""7eca8393a9fb227f7830bb8e"",""d93aac3bcc55130f17b2ae78""]"
2ce945bf01ddb483f953,6e17d57538e5ff4dac24,pr160-warm-baseline,damacy,damacy,synthetic,random12,local block storage,full-scan,"[8,256,256]","[8,256,256]",1048576,zstd,8192,3,25.13329399721479,22.242221275114957,27.54750038833117,1.3252979298063237,1.0,,,active read loop after one correctness/warmup pass,returned float32 output,"[""45146929193f44dd69725bca"",""c94dc0fb25513cb4eaeb049a"",""94067357b9ea0056664607c4""]"
2d23d3ce1eb112b35314,c481e3573d10a4a1e618,microscopy-tensorstore-threads,tensorstore,legacy_cpu_thread_sweep,microscopy,survey-allencell_static,path on shared filesystem; historical mount unverified,random-crops,"[1,1,1,256,256]",,,,,1,0.03460831816235979,0.03460831816235979,0.03460831816235979,,,,,Python read+decode timed loop after warmup; open/eviction excluded,archived patch_bytes; destination dtype unrecorded,"[""91e304ef970ba04fbbd63fb4""]"
2d3b1e1678e0d3c93a81,0ce3149f29afdab44edb,pr160-cold-storage,damacy,damacy,synthetic,random12,local block storage,full-scan,"[8,256,256]","[8,256,256]",1048576,lz4,16384,3,8.366866736471867,8.228183538227096,8.37539377388471,1.322197120100801,1.0,1.0,0.7563155038016183,complete wall including file eviction and residency checks,returned float32 output,"[""b456fe925b6b79367794f339"",""a1d4d3c464d8c6e505b3b425"",""8693bf6770a8fa58a02d7b41""]"
2db6c8192f5a729e9bd6,37d896a36d78218e03d8,microscopy-survey-baseline,damacy,legacy_gpu_pipeline,microscopy,survey-allencell_static,path on shared filesystem; historical mount unverified,random-crops,"[1,1,1,256,256]",,,,,1,0.37044852128804656,0.37044852128804656,0.37044852128804656,,,,,steady-state native wall after warmup; device transfer/decode/assembly included; startup reported separately,returned pipeline-dtype output,"[""3d23faa3f3672af94ac56905""]"
2e3bd335c89bad1279d5,69d017f447cb33120c65,microscopy-dynacell-reformat,damacy,legacy_gpu_pipeline,microscopy,dynacell-reformat-smoke,path on shared filesystem; historical mount unverified,random-crops,"[16,1,1,128,128]",,,,,1,0.37497450173388214,0.37497450173388214,0.37497450173388214,,,,,steady-state native wall after warmup; device transfer/decode/assembly included; startup reported separately,returned pipeline-dtype output,"[""91ce6c09543b0dab26836e92""]"
2e97d7f7ebd29c8c3421,272c3abd3fa1ccf6abf9,pr160-warm-smooth-crops,damacy,damacy,synthetic,smooth4,local block storage,random-1x256x256,"[1,256,256]","[2,256,256]",262144,lz4,16384,5,5.583798697994235,5.499959448610355,5.630935103387443,1.5671122906202222,7.8095703125,7.8095703125,,active read loop after one correctness/warmup pass,returned float32 output,"[""108205ac5753ad668f93f453"",""9dc25821d2814bb3cb759a5b"",""df4fddd65a3b778cb450071b"",""2ea58debd4903e867235ee0a"",""2601ccc08ab57706180c24a7""]"
2ed41f5de31097d9b6ab,d02545ec5d020d2381ed,cpu-small-chunks,tensorstore,tensorstore,synthetic,smooth4,local block storage,random-1x256x256,"[1,256,256]","[1,128,128]",32768,zstd,16384,3,2.6853015622851006,2.630441480009933,2.699626552773488,1.8366829025162181,,2.2350616455078125,1.475574220929827,"active planning, reads, decode, dtype conversion and assembly; preparation/cache control excluded",returned float32 output,"[""144123816ba2bdcc575a23d6"",""c2b6a986144a6890bcdf0f88"",""e876d2a8f8b391442ecffd86""]"
2eec8e89e0121d651cf4,95310912c93baa8e7b97,cpu-fixed-layout-pilot,tensorstore,tensorstore,synthetic,smooth4,local block storage,random-1x256x256,"[1,256,256]","[1,128,256]",65536,lz4,16384,3,2.3108899115904773,2.298001104874503,2.3143579929020572,1.5663428823641548,,2.98046875,2.051105181376139,"active planning, reads, decode, dtype conversion and assembly; preparation/cache control excluded",returned float32 output,"[""a941539f63f73623b2c894d6"",""99881db1ef1044912f493c49"",""beb74cf2c845f67eaf061626""]"
2f0076a1082af313e627,e1cc821d3cab1404ef84,cpu-chunk-blocks,tensorstore,tensorstore,synthetic,smooth4,local block storage,random-1x256x256,"[1,256,256]","[1,512,512]",524288,lz4,65536,3,3.0794965114355413,3.0742520217730793,3.1068084648115044,1.5980931987208997,,8.433349609375,4.083221435546875,"active planning, reads, decode, dtype conversion and assembly; preparation/cache control excluded",returned float32 output,"[""fb927fbeb0d04d1935d44496"",""171c9c745b4127b78fb7e537"",""f75693befc8318d26040c39e""]"
2f2c43fd0b5c62327ab1,15eb014354e7cec6a7a4,pr160-cold-storage,damacy,damacy,synthetic,random12,local block storage,aligned,"[1,256,256]","[1,128,256]",65536,lz4,16384,3,2.4191388318304567,2.3830180463654687,2.436383808429951,1.3213973393284457,0.998046875,0.998046875,0.8932298932756696,complete wall including file eviction and residency checks,returned float32 output,"[""958a570fb0062ede56218258"",""555669faf339248764b7857c"",""fad3b2f4697d2b90e41c9187""]"
2f68473e73b507608be8,e0e8703262dc47eab85c,pr160-warm-random-crops,damacy,damacy,synthetic,random12,local block storage,aligned,"[1,256,256]","[1,128,256]",65536,zstd,16384,5,14.666221087883299,13.31402256103566,14.825672066735457,1.3279292888390097,0.998046875,0.998046875,,active read loop after one correctness/warmup pass,returned float32 output,"[""ac4105dc2c9544ada82f2292"",""823410c8d0a65bb893369fe4"",""fd57ff116a1bc7ba7bdd6d04"",""7b955f323b13801562460f5a"",""bda4a9263a843737c79e4798""]"
2f812430aba5b936934a,69867e896e3d10abac83,cpu-buffer-control,damacy,chunks256-default,synthetic,smooth4,local block storage,random-1x256x256,"[1,256,256]","[1,128,256]",65536,zstd,16384,3,3.29916566099855,3.287328021565877,3.315301182755169,1.8309433434379625,2.98046875,2.98046875,2.1186616685655384,"active planning, reads, decode, dtype conversion and assembly; preparation/cache control excluded",returned float32 output,"[""14db787bef65e24361209af3"",""04d37dc444a9cfa0394f6df9"",""1e7e21fd23e668d946171cf6""]"
300a77815cded4551553,0ce3149f29afdab44edb,pr160-cold-storage,damacy,damacy,synthetic,random12,local block storage,full-scan,"[8,256,256]","[8,256,256]",1048576,lz4,1048576,3,8.649196369845638,8.610947905395433,8.70789695656823,1.326050803639542,1.0,1.0,0.7541176932198661,complete wall including file eviction and residency checks,returned float32 output,"[""033bdf029a912262b467abb5"",""48edb7bca81acde8d32a48e7"",""4176965efb37bfdc794fe6f5""]"
30a011d84ebacc843298,f61f2e2cda85cccc498d,legacy-native,damacy,legacy_gpu_pipeline,microscopy,mc-4,path on shared filesystem; historical mount unverified,random-crops,"[1,1,16,256,256]",,,,,1,1.8172117575054478,1.8172117575054478,1.8172117575054478,,,,,steady-state native wall after warmup; device transfer/decode/assembly included; startup reported separately,returned pipeline-dtype output,"[""fd4c4af81ce5c37438497419""]"
30a531eabed4ebe3a85c,8c9460fe6e58dbd700de,cpu-small-chunks,damacy,chunks256-random,synthetic,smooth4,local block storage,full-scan,"[8,256,256]","[1,256,256]",131072,zstd,16384,3,23.218832377059492,23.099305105610803,23.38166065848965,1.8317621551383316,1.0,1.0,0.5458023548126221,"active planning, reads, decode, dtype conversion and assembly; preparation/cache control excluded",returned float32 output,"[""e2316fd269633a32437e45dc"",""a0c1aa85c6671a9b8e0a9b6e"",""45843b0efac85d0013cedd0d""]"
31269cb96735af684495,8c9460fe6e58dbd700de,cpu-small-chunks,damacy,chunks256-random,synthetic,smooth4,local block storage,full-scan,"[8,256,256]","[1,128,128]",32768,lz4,16384,3,12.324082645296247,12.255909438926016,12.380095053493843,1.572609772618283,1.0,1.0,0.635399341583252,"active planning, reads, decode, dtype conversion and assembly; preparation/cache control excluded",returned float32 output,"[""d2d0e7aa0c050718003942ec"",""e316bda74d1f04eb748ea3be"",""50a42ce9cc45e96fd9d0adb0""]"
326bf5d4e3c685154d17,c480637e62ccef59fafc,microscopy-tensorstore-threads,tensorstore,legacy_cpu_thread_sweep,microscopy,survey-allencell_static,path on shared filesystem; historical mount unverified,random-crops,"[1,1,1,256,256]",,,,,1,0.028281434499279827,0.028281434499279827,0.028281434499279827,,,,,Python read+decode timed loop after warmup; open/eviction excluded,archived patch_bytes; destination dtype unrecorded,"[""09f8f0e74f77c62d7a07b59b""]"
3292cced38420d3b410b,d845df774bc1b431edec,cpu-chunk-blocks,damacy,chunks256-default,synthetic,smooth4,local block storage,random-1x256x256,"[1,256,256]","[1,256,256]",131072,zstd,131072,3,3.619893573671275,3.591238191719399,3.6612477801276504,1.8644857768631582,3.97491455078125,3.97491455078125,2.5438249588012694,"active planning, reads, decode, dtype conversion and assembly; preparation/cache control excluded",returned float32 output,"[""ade249f72f0da77e78b5dd89"",""ba9f6066441b737e45693e73"",""4c867f26bdc941ca3220f2c8""]"
32986381742c84ff24d7,188bbdb82969246640d2,microscopy-dynacell-reformat,damacy,legacy_gpu_pipeline,microscopy,dynacell-current-128crop,path on shared filesystem; historical mount unverified,random-crops,"[16,1,1,128,128]",,,,,1,0.9721483389484621,0.9721483389484621,0.9721483389484621,,,,,steady-state native wall after warmup; device transfer/decode/assembly included; startup reported separately,returned pipeline-dtype output,"[""c7cc0771f48bc95a12d864c7""]"
32d2e2cf02ce148ca06f,7ba7f8398025c0834791,cpu-scheduling-paired,damacy,after,synthetic,smooth4,local block storage,full-scan,"[8,256,256]","[1,128,256]",65536,lz4,16384,3,18.961634086732232,18.71611410055941,18.963309484045272,1.5663428823641548,1.0,1.0,0.0,"active planning, reads, decode, dtype conversion and assembly; preparation/cache control excluded",returned float32 output,"[""0bb7771558962fe7ef781309"",""715f5f4b97f14101431d9242"",""5b5d2e58a4a17e612ee55347""]"
3361cdeddaebdeee1a85,6e17d57538e5ff4dac24,pr160-warm-baseline,damacy,damacy,synthetic,random12,local block storage,full-scan,"[8,256,256]","[8,256,256]",1048576,lz4,32768,3,27.91460021359083,25.60624334354823,29.07828112728939,1.3239063974034677,1.0,,,active read loop after one correctness/warmup pass,returned float32 output,"[""885dd1a5e727d6c22504b028"",""056e5ece8731c2fbed38c24a"",""d9a4bb3d30c33aff088fed5c""]"
33a3450bf21eecb1db7c,7bb2000acf5cadb7a1e3,cpu-readahead-control,damacy,persistent-default,synthetic,smooth4,local block storage,random-1x256x256,"[1,256,256]","[1,128,256]",65536,lz4,16384,3,2.0499453734797615,2.042624966314385,2.0583877826204042,1.5663428823641548,2.98046875,2.98046875,2.4049514134724936,"active planning, reads, decode, dtype conversion and assembly; preparation/cache control excluded",returned float32 output,"[""fce30458e0bd13adece294cc"",""d276e29b96065e4a6ee82395"",""acf07237f40d160bf56d2883""]"
33ed04e193bd6efe7bd4,bbd91f851a9ad6972246,microscopy-chammi-initial,damacy,legacy_gpu_pipeline,microscopy,chammi-mix,path on shared filesystem; historical mount unverified,random-crops,"[1,1,1,256,256]",,,,,1,0.21998428784222515,0.21998428784222515,0.21998428784222515,,,,,steady-state native wall after warmup; device transfer/decode/assembly included; startup reported separately,returned pipeline-dtype output,"[""efdb1c450fdcb54a75de471a""]"
342ce216e902f2d22f74,6928be6f3bc14d659c74,cpu-chunk-blocks,damacy,chunks256-default,synthetic,smooth4,local block storage,full-scan,"[8,256,256]","[1,512,512]",524288,lz4,16384,3,24.925740703219017,24.341920415250282,24.945432068403658,1.5666306456387868,1.0,1.0,0.638314962387085,"active planning, reads, decode, dtype conversion and assembly; preparation/cache control excluded",returned float32 output,"[""a58164a2b30dcbdce87b769a"",""15c3cf03675edc350d5617b5"",""444e5953c211188d996e170b""]"
343170b9c2c84596e0a1,d73a63aa9d19b92df8da,cpu-readahead-control,tensorstore,tensorstore,synthetic,smooth4,local block storage,full-scan,"[8,256,256]","[1,128,256]",65536,lz4,16384,3,8.441242999772017,8.334249830523987,8.529324653761163,1.5663428823641548,,1.0,0.6384228070576986,"active planning, reads, decode, dtype conversion and assembly; preparation/cache control excluded",returned float32 output,"[""d2f62d3bc6cb4c55c14217c4"",""6bf10ac651fa2dbb8d531ec8"",""a5174beba5e14683896d6d8d""]"
349ffa68cff754afb4d6,c3761bde49c52f180130,pr160-warm-random-crops,damacy,damacy,synthetic,random12,local block storage,random-1x128x128,"[1,128,128]","[2,256,256]",262144,zstd,16384,5,2.9139215936727476,2.4492005806674415,3.014170412675541,1.3285753780077916,16.095703125,16.095703125,,active read loop after one correctness/warmup pass,returned float32 output,"[""cc9c721ca65127f08c9e9b42"",""eca45869cc9c87e847e89b9d"",""5f87a873695341554253db87"",""5463f813f040116a58a68b5a"",""1770ee651a136651749c4856""]"
34a35025bf2063315671,c38002b6b519dcb26178,microscopy-survey-tuned,damacy,legacy_gpu_pipeline,microscopy,survey-allencell_dynamic,path on shared filesystem; historical mount unverified,random-crops,"[16,1,1,256,256]",,,,,1,0.13564177549658454,0.13564177549658454,0.13564177549658454,,,,,steady-state native wall after warmup; device transfer/decode/assembly included; startup reported separately,returned pipeline-dtype output,"[""4fe1dd346442df8cb99713eb""]"
356b19d0962ce667c214,8381d270a0a718540b60,cpu-scheduling-paired,damacy,before,synthetic,smooth4,local block storage,full-scan,"[8,256,256]","[1,128,256]",65536,zstd,16384,3,8.879198282668385,8.703216361116821,9.029041429699621,1.8309433434379625,1.0,1.0,0.5461685657501221,"active planning, reads, decode, dtype conversion and assembly; preparation/cache control excluded",returned float32 output,"[""0f5520925688abd8e94e70bb"",""8e0658fded4bc70b59fe6f01"",""b605b7e9b9f3a8b9b5fb5815""]"
35d9bbc6086d56ebbcac,fc6fd6b876a5cd57c3e3,cpu-chunk-blocks,tensorstore,tensorstore,synthetic,smooth4,local block storage,full-scan,"[8,256,256]","[1,512,512]",524288,zstd,16384,3,10.623629968616369,8.922834173262233,10.721717425687824,1.8294478975980146,,1.0,0.5466132164001465,"active planning, reads, decode, dtype conversion and assembly; preparation/cache control excluded",returned float32 output,"[""004b9ea5379c699d6e99b59f"",""b9db2f8ad1db6bc9dd85711e"",""10b1bef4d90dae86fc12f6a9""]"
35f67e83ed5eb730f960,0741fca4e2b75f7fb847,cpu-buffer-control,damacy,chunks128-random,synthetic,smooth4,local block storage,full-scan,"[8,256,256]","[1,128,256]",65536,lz4,16384,3,13.260935725957152,13.258141775423008,13.292464377390804,1.5663428823641548,1.0,1.0,0.6381874084472656,"active planning, reads, decode, dtype conversion and assembly; preparation/cache control excluded",returned float32 output,"[""e2d578694f391d31a1cb820e"",""4e7e229455383b68e332ef43"",""47c72430689569e1890accb2""]"
35fa9b5e39a07cf6a3e0,f9e938db9f45ee2c2f4a,legacy-native,damacy,legacy_gpu_pipeline,microscopy,mc-1,path on shared filesystem; historical mount unverified,random-crops,"[1,1,16,256,256]",,,,,1,1.877480151279841,1.877480151279841,1.877480151279841,,,,,steady-state native wall after warmup; device transfer/decode/assembly included; startup reported separately,returned pipeline-dtype output,"[""ccb7ea6075c2d2ef73f5d565""]"
36be49e2ab74491f7425,6c7b91ec866b4fc95b05,cpu-fixed-layout-pilot,tensorstore,tensorstore,synthetic,smooth4,local block storage,aligned,"[1,256,256]","[1,128,256]",65536,lz4,16384,3,9.40455023479361,9.319949618854775,9.968609059923546,1.5663428823641548,,0.999267578125,0.0,"active planning, reads, decode, dtype conversion and assembly; preparation/cache control excluded",returned float32 output,"[""32104d157972212f4a63942c"",""e1d8016375b34f6faaec04af"",""b26de3b00a073324fce2a68d""]"
3738bdc3761056b6e51f,f94ac526b988eb241a63,cpu-small-chunks,damacy,chunks256-default,synthetic,smooth4,local block storage,full-scan,"[8,256,256]","[1,128,256]",65536,zstd,16384,3,19.144293491902808,18.80383782276513,19.233819487725576,1.8309433434379625,1.0,1.0,0.5461685657501221,"active planning, reads, decode, dtype conversion and assembly; preparation/cache control excluded",returned float32 output,"[""6dc4ef1df8ccada8f74675c5"",""d3060e8c98d58890ef8f60f9"",""13593acb6cfb56dda6c774e5""]"
3764fbd8ca7e6dd1f359,a569802a65cf2b65e4e8,legacy-native,damacy,legacy_gpu_pipeline,microscopy,meta-64,path on shared filesystem; historical mount unverified,random-crops,"[1,1,16,256,256]",,,,,1,1.8986399662193978,1.8986399662193978,1.8986399662193978,,,,,steady-state native wall after warmup; device transfer/decode/assembly included; startup reported separately,returned pipeline-dtype output,"[""ca467bb3a501c382fb44200b""]"
37a973ead319ba8f91d1,d845df774bc1b431edec,cpu-chunk-blocks,damacy,chunks256-default,synthetic,smooth4,local block storage,random-1x256x256,"[1,256,256]","[1,256,256]",131072,lz4,65536,3,3.435674326011809,3.4336982739824884,3.4651888364880277,1.6005883232081666,3.97491455078125,3.97491455078125,2.9227152930365667,"active planning, reads, decode, dtype conversion and assembly; preparation/cache control excluded",returned float32 output,"[""8880169d5ddb32ca86c94ac5"",""cb09eb7d426ac9f4bdaf5a42"",""757503a64a48e9ed1431f777""]"
37bb0cdf2cc1d27dc19d,0ce3149f29afdab44edb,pr160-cold-storage,damacy,damacy,synthetic,random12,local block storage,full-scan,"[8,256,256]","[1,64,128]",16384,lz4,4096,3,3.145088452405954,3.081738908432339,3.1970367260195256,1.310302353520864,1.0,1.0,0.76318359375,complete wall including file eviction and residency checks,returned float32 output,"[""00a2b422b4f7c7e4de421b28"",""de01b39801754bf84553c7b7"",""b948c5eb20f04e59689c683e""]"
37eec29813f17b313d0c,761fd3369cd4043cca3e,cpu-nfs-local-spot,damacy,chunks256-default,synthetic,smooth4,NFS,random-1x256x256,"[1,256,256]","[1,512,512]",524288,zstd,524288,3,1.3059929628947897,0.9038520983600143,1.5669249143551494,1.970907362204299,8.433349609375,8.433349609375,,"active planning, reads, decode, dtype conversion and assembly; preparation/cache control excluded",returned float32 output,"[""63aaa89af9dd7f45ce161be0"",""10232b62b3d408d3af226308"",""70268e480f17e05ab5271802""]"
387338876c50ecf45193,0ce3149f29afdab44edb,pr160-cold-storage,damacy,damacy,synthetic,random12,local block storage,full-scan,"[8,256,256]","[8,256,256]",1048576,zstd,4096,3,9.015557876412423,8.83350108852083,9.037718731525725,1.3165857951234847,1.0,1.0,0.759540149143764,complete wall including file eviction and residency checks,returned float32 output,"[""222c4bb6af207f64ed002b34"",""4139a6d27239e7b37c1b60ba"",""f5614713dbdcb48f2aa96b92""]"
39f1195cf3760832d992,93f7b7e460b6e309365c,cpu-buffer-control,damacy,chunks256-random,synthetic,smooth4,local block storage,full-scan,"[8,256,256]","[1,128,256]",65536,zstd,16384,3,18.84726154037408,17.32290118590389,18.847397609842854,1.8309433434379625,1.0,1.0,0.5459244251251221,"active planning, reads, decode, dtype conversion and assembly; preparation/cache control excluded",returned float32 output,"[""de5cf8553c15dfd0229ed83b"",""794477ed101703ed7907df6b"",""8357e1ae8679d6bcb254fa8c""]"
3a3235fb5ac11447c2b0,272c3abd3fa1ccf6abf9,pr160-warm-smooth-crops,damacy,damacy,synthetic,smooth4,local block storage,random-1x256x256,"[1,256,256]","[8,256,256]",1048576,zstd,16384,5,1.5510468997846723,1.5391308405098425,1.5698320440201292,1.832327486174522,29.564453125,29.564453125,,active read loop after one correctness/warmup pass,returned float32 output,"[""9c0486aa951edd3b3805f4b9"",""c228608d27f2a673b75d2e6f"",""f68972910913567aefc7eea9"",""d4a1a652b61864188436d596"",""aa28de6972de250c1363ea91""]"
3bab90bb50f4364495f4,3eac91077031ee6361df,cpu-nfs-local-spot,damacy,chunks256-random,synthetic,smooth4,local block storage,full-scan,"[8,256,256]","[1,128,128]",32768,zstd,32768,3,11.078408935514947,11.059347873119771,11.121556178727664,1.8451430092694745,1.0,1.0,0.5414767265319824,"active planning, reads, decode, dtype conversion and assembly; preparation/cache control excluded",returned float32 output,"[""dc2bfbdf7cf393dc1f9e9643"",""eccc839a7f202b083c7db853"",""cbfe71f8b486a005224c8b8c""]"
3bb0bd345d6da8a47ddb,68d30ffcd26cfc05a9d3,legacy-native,damacy,legacy_gpu_pipeline,microscopy,meta-32,path on shared filesystem; historical mount unverified,random-crops,"[1,1,16,256,256]",,,,,1,1.9345263428321158,1.9345263428321158,1.9345263428321158,,,,,steady-state native wall after warmup; device transfer/decode/assembly included; startup reported separately,returned pipeline-dtype output,"[""69e0c94b42527d1dcfc71cec""]"
3bdb02208f4c538154f3,f5727280b0671949c3c7,pr160-warm-random-crops,damacy,damacy,synthetic,random12,local block storage,random-1x512x512,"[1,512,512]","[8,256,256]",1048576,zstd,16384,5,4.461663331169198,4.416047482806302,4.631143563326077,1.3287369985455217,15.1962890625,15.1962890625,,active read loop after one correctness/warmup pass,returned float32 output,"[""db68cdfe8d7f479aee9f8080"",""3a93527625d2fa0459e198a4"",""9fead9eb4046f0e73121e19b"",""1c7e5601c899b51d995bcad8"",""abd5ec599f1b866365a6679a""]"
3be39143a4b50bdad21a,e1cc821d3cab1404ef84,cpu-chunk-blocks,tensorstore,tensorstore,synthetic,smooth4,local block storage,random-1x256x256,"[1,256,256]","[1,256,256]",131072,zstd,131072,3,2.848641394485035,2.692709985229969,2.883217921204595,1.8644857768631582,,3.97491455078125,2.2226475306919644,"active planning, reads, decode, dtype conversion and assembly; preparation/cache control excluded",returned float32 output,"[""41e28c632d6403ceeb79cc9c"",""b95a7b3ff1cb4e009350b98d"",""d081f40cb1bfad3b26d5840c""]"
3c3768c17a19bf81604f,0ce3149f29afdab44edb,pr160-cold-storage,damacy,damacy,synthetic,random12,local block storage,full-scan,"[8,256,256]","[8,256,256]",1048576,zstd,65536,3,8.926407748242442,8.657890483245042,9.061366255388721,1.3289261215877648,1.0,1.0,0.7524893624441964,complete wall including file eviction and residency checks,returned float32 output,"[""e79db3ffcecf93bd4ddcd3d6"",""f902ca98719046961853c9b8"",""e0d6fa10f489680969c36e27""]"
3c4389a82fe6be417a33,c3761bde49c52f180130,pr160-warm-random-crops,damacy,damacy,synthetic,random12,local block storage,random-1x128x128,"[1,128,128]","[1,64,128]",16384,lz4,16384,5,2.1903777744204227,1.9657925238403178,2.405675919925687,1.3188445768380552,2.966796875,2.966796875,,active read loop after one correctness/warmup pass,returned float32 output,"[""4d587c688cb7a4eadd34eee3"",""726f1fc667c666fd8eb67a0e"",""28777e6503e7b81a34e0b00f"",""b8190c85657be13869054e2e"",""a4e930184e9a535e09a3f73f""]"
3c865b00725b0f4266eb,1be58082bd7838ba6e07,legacy-native,damacy,legacy_gpu_pipeline,microscopy,preset,path on shared filesystem; historical mount unverified,random-crops,"[1,1,16,256,256]",,,,,1,2.5102064996274853,2.5102064996274853,2.5102064996274853,,,,,steady-state native wall after warmup; device transfer/decode/assembly included; startup reported separately,returned pipeline-dtype output,"[""c8421b15af053cdc5f50afa3""]"
3d31c982f28a7eb23755,fc6fd6b876a5cd57c3e3,cpu-chunk-blocks,tensorstore,tensorstore,synthetic,smooth4,local block storage,full-scan,"[8,256,256]","[1,512,512]",524288,zstd,524288,3,10.76618940925628,9.70125470662137,11.267025715024836,1.970907362204299,,1.0,0.5073812007904053,"active planning, reads, decode, dtype conversion and assembly; preparation/cache control excluded",returned float32 output,"[""bdc8f3eed54708fbf713cf4a"",""a8c710ea8b258c5db5913f36"",""70b76972dcdff7b889f7d535""]"
3df68cb1667962078626,1b4e2526848715946bce,microscopy-survey-tuned,damacy,legacy_gpu_pipeline,microscopy,survey-allencell_static,path on shared filesystem; historical mount unverified,random-crops,"[1,1,1,256,256]",,,,,1,0.35859197855562597,0.35859197855562597,0.35859197855562597,,,,,steady-state native wall after warmup; device transfer/decode/assembly included; startup reported separately,returned pipeline-dtype output,"[""5b4f14585ad8bc2ed9e6c9ab""]"
3e2199fb6570e96cf36d,f5727280b0671949c3c7,pr160-warm-random-crops,damacy,damacy,synthetic,random12,local block storage,random-1x512x512,"[1,512,512]","[8,256,256]",1048576,lz4,16384,5,4.286089731571959,4.138777547088907,4.539065329390981,1.322197120100801,15.1962890625,15.1962890625,,active read loop after one correctness/warmup pass,returned float32 output,"[""0fef4ab3d1150b2875d00de4"",""96b8a3f363490ce6687c52ec"",""8d8916900bf32aa4a8bdbe69"",""eb926e464a8574bbde63bac6"",""e415fc330211a5f93a69f58f""]"
3e81f3ff61f1ad06fb4c,c097ba8e49ee39685783,pr160-warm-random-crops,damacy,damacy,synthetic,random12,local block storage,random-1x256x256,"[1,256,256]","[8,256,256]",1048576,zstd,16384,5,2.752302417367322,2.595176750304071,2.925088212410485,1.3287369985455217,29.564453125,29.564453125,,active read loop after one correctness/warmup pass,returned float32 output,"[""62347662ad3ad59c7644bc9c"",""5db6dc32746de3e19e661f5d"",""0490aeff931e34a59c45685d"",""7e4698ab926954b070a266ee"",""1ff34fed1c802e7869b1e63e""]"
3ed1a73579a445fa454e,25d7d73151965da3b41e,cpu-readahead-control,damacy,batch-random,synthetic,smooth4,local block storage,full-scan,"[8,256,256]","[1,128,256]",65536,lz4,16384,3,5.0351416352054565,5.004543824375981,5.037765935529948,1.5663428823641548,1.0,1.0,0.6381874084472656,"active planning, reads, decode, dtype conversion and assembly; preparation/cache control excluded",returned float32 output,"[""e548f01e769c9514c0d7f8a1"",""ea4c98190e85ca9a4416f06d"",""b089f9931d6854af0dc7fc43""]"
3f8b805a1526701e75a2,5c4f7f8ca838e768e246,microscopy-tensorstore-threads,tensorstore,legacy_cpu_thread_sweep,microscopy,survey-chammi75,path on shared filesystem; historical mount unverified,random-crops,"[1,1,1,256,256]",,,,,1,0.10757778109977405,0.10757778109977405,0.10757778109977405,,,,,Python read+decode timed loop after warmup; open/eviction excluded,archived patch_bytes; destination dtype unrecorded,"[""3959b93b192b5e139fdc74cf""]"
40401762f903efe8579c,d678314fb3a406257e8f,pr160-cold-storage,damacy,damacy,synthetic,random12,local block storage,random-1x256x256,"[1,256,256]","[8,256,256]",1048576,zstd,16384,3,0.9755756881445531,0.9697885141419442,0.9795388981594038,1.3287369985455217,29.564453125,29.564453125,5.9534454345703125,complete wall including file eviction and residency checks,returned float32 output,"[""487a1423faeffb65e07ffc83"",""f448a00185d8fe64dd18d83e"",""776554e2463282118571a3db""]"
40bcb005436ad22c015a,6e17d57538e5ff4dac24,pr160-warm-baseline,damacy,damacy,synthetic,random12,local block storage,full-scan,"[8,256,256]","[8,256,256]",1048576,lz4,131072,3,23.823581047155454,22.380640042544094,23.871594269153917,1.325351929387153,1.0,,,active read loop after one correctness/warmup pass,returned float32 output,"[""23fd77ec723ea10585a319a0"",""97fe64aea38fe1885a82c05e"",""84f9639d695d33ce5ac75e2c""]"
40e1b9709343589f9cee,ebe89b1c7e6159b7f276,cpu-buffer-control,damacy,chunks256-default,synthetic,smooth4,local block storage,full-scan,"[8,256,256]","[1,128,256]",65536,zstd,16384,3,19.073066667277917,18.047964399041305,19.145579029228916,1.8309433434379625,1.0,1.0,0.5461685657501221,"active planning, reads, decode, dtype conversion and assembly; preparation/cache control excluded",returned float32 output,"[""76735c6d6f92999a3704d841"",""69cf379138aab0c509ed8aad"",""d792660ab33c4b06885ad2bd""]"
418eaa1262a5502a257c,057520804536d24059d8,pr160-warm-xor-crops,damacy,damacy,synthetic,xor,local block storage,aligned,"[1,256,256]","[1,128,256]",65536,zstd,16384,5,12.010727247150896,11.143523733701674,13.551042790921716,79.34138090744028,0.998046875,0.998046875,,active read loop after one correctness/warmup pass,returned float32 output,"[""99b27a55af679736838d9d7c"",""078c418c875e5bbad22195d6"",""ee975bab572f221430896f6d"",""087d919f7d95a33e3151fda3"",""eec9e5bd28e05ce9e7db96bc""]"
41962a1b4acfa91ff4c6,d02545ec5d020d2381ed,cpu-small-chunks,tensorstore,tensorstore,synthetic,smooth4,local block storage,random-1x256x256,"[1,256,256]","[1,128,256]",65536,lz4,16384,3,2.3447623072611385,2.336065541033493,2.345140332031901,1.5663428823641548,,2.98046875,2.0515975952148438,"active planning, reads, decode, dtype conversion and assembly; preparation/cache control excluded",returned float32 output,"[""50fdeac338e02fa20182949e"",""b682130017be360a4c8d0227"",""a3128bc88b075f577537e745""]"
4245605ad0b1a8f1398c,4e197fe8fd2b42f4cd5f,pr160-warm-baseline,damacy,damacy,synthetic,zeros,local block storage,full-scan,"[8,256,256]","[2,256,256]",262144,zstd,65536,3,33.50073034938259,31.15383932321653,33.98880633037867,1820.432098849156,1.0,,,active read loop after one correctness/warmup pass,returned float32 output,"[""bf04fd3ed3edee7332129abf"",""3bd36ef484ac4ba8b87bdae9"",""0e3f7bb346f33b3e08cd8401""]"
4275ca2e6b4b5de0c947,d2059ef61f65f24208b8,pr160-warm-patterns,damacy,damacy,synthetic,xor,local block storage,full-scan,"[8,256,256]","[2,256,256]",262144,zstd,65536,5,29.194555069773013,28.601336249288153,30.767812862705444,115.28192284088601,1.0,,,active read loop after one correctness/warmup pass,returned float32 output,"[""118c94e4e274e2196d8643fd"",""126963c6c363961aa3ed6641"",""d7368fdea6f40cb8e51c9e02"",""559976aeff2d179fd56b85a2"",""70ca40fcb5573ab7c72b79ec""]"
43266e444304ca0a6d9c,b07b72a78260e11bed02,cpu-chunk-blocks,damacy,chunks256-random,synthetic,smooth4,local block storage,random-1x256x256,"[1,256,256]","[1,128,128]",32768,zstd,32768,3,4.106672220242911,4.0573031488660085,4.130537963570138,1.8451430092694745,2.2350616455078125,2.2350616455078125,1.1195125579833984,"active planning, reads, decode, dtype conversion and assembly; preparation/cache control excluded",returned float32 output,"[""2f07c5bdb15ce9691fdbbfc4"",""aa47e4d84f8c9a610e2853b5"",""1692161f999ef86d7d756c62""]"
434f8980ab58b6682cdb,fc6fd6b876a5cd57c3e3,cpu-chunk-blocks,tensorstore,tensorstore,synthetic,smooth4,local block storage,full-scan,"[8,256,256]","[1,128,128]",32768,zstd,32768,3,8.625032989307996,8.334818863906616,8.68209305047176,1.8451430092694745,,1.0,0.541963259379069,"active planning, reads, decode, dtype conversion and assembly; preparation/cache control excluded",returned float32 output,"[""e0d7a8557524a813926a3cc8"",""b25545cd290b6a0612c245a6"",""25a48ab3447771b1f503b32c""]"
43b853d782bd7a7be7f6,2d6bc3377d3826355e20,microscopy-survey-baseline,damacy,legacy_gpu_pipeline,microscopy,survey-chammi75,path on shared filesystem; historical mount unverified,random-crops,"[1,1,1,256,256]",,,,,1,0.234056449172676,0.234056449172676,0.234056449172676,,,,,steady-state native wall after warmup; device transfer/decode/assembly included; startup reported separately,returned pipeline-dtype output,"[""6938e0b7086a0a678e7a3d7b""]"
43eac340ce24a461429f,8eee1d5cbd42eb6487b5,cpu-small-chunks,damacy,chunks256-default,synthetic,smooth4,local block storage,random-1x256x256,"[1,256,256]","[1,128,128]",32768,zstd,16384,3,3.636158167734458,3.6046972019275563,3.669643126988485,1.8366829025162181,2.2350616455078125,2.2350616455078125,1.553451156616211,"active planning, reads, decode, dtype conversion and assembly; preparation/cache control excluded",returned float32 output,"[""a7e862ae78963c13e624c14a"",""e4981d471353ad2337648e8a"",""7fdbdbbc39a8e8fab2ada60a""]"
43fe242ed8a0ac27a953,6e17d57538e5ff4dac24,pr160-warm-baseline,damacy,damacy,synthetic,random12,local block storage,full-scan,"[8,256,256]","[1,128,256]",65536,lz4,8192,3,15.64924808202391,14.733736333611512,16.330590853021768,1.318526503393448,1.0,,,active read loop after one correctness/warmup pass,returned float32 output,"[""5cfcfa7daf8ba908441b5017"",""655194ebe21a28146a3595c9"",""9af37f99fcf398d31b85e276""]"
4483bf9a2521a2aed8c8,057520804536d24059d8,pr160-warm-xor-crops,damacy,damacy,synthetic,xor,local block storage,aligned,"[1,256,256]","[8,256,256]",1048576,zstd,16384,5,7.894017151352304,7.7795454424261,8.060937214934373,82.33163303957745,7.859375,7.859375,,active read loop after one correctness/warmup pass,returned float32 output,"[""0e7888e7a811d35f8b7b177d"",""623a6be03473c72637b185ad"",""02d4d2b2c778e88ef8aa50e7"",""6ee11438047e744facfce2e0"",""92e62e4a8c36c22ba6548ba0""]"
44b14a62bbb923ac7aa3,bde51ead2600d7392186,cpu-scheduling-paired,damacy,after,synthetic,smooth4,local block storage,random-1x256x256,"[1,256,256]","[1,128,256]",65536,lz4,16384,3,5.7964852403974305,5.68537226924295,5.838866243425587,1.5663428823641548,2.98046875,2.98046875,0.0,"active planning, reads, decode, dtype conversion and assembly; preparation/cache control excluded",returned float32 output,"[""086bee3683c5ebf666a5082b"",""ebd717969fe2f347baa0b61f"",""b0ded6ca74d002f8f33772a9""]"
4558024ce7c0414310e8,78a3e600e45b7534ecdc,legacy-native,damacy,legacy_gpu_pipeline,microscopy,preset-hbw4,path on shared filesystem; historical mount unverified,random-crops,"[1,1,16,256,256]",,,,,1,3.365163291183541,3.365163291183541,3.365163291183541,,,,,steady-state native wall after warmup; device transfer/decode/assembly included; startup reported separately,returned pipeline-dtype output,"[""f2fc97cdb35488ecb656f45c""]"
45f07e6b372866828020,ec35584ae467004ef605,cpu-buffer-control,damacy,chunks128-default,synthetic,smooth4,local block storage,full-scan,"[8,256,256]","[1,128,256]",65536,zstd,16384,3,16.379558649593633,16.319888668557525,16.622648637753677,1.8309433434379625,1.0,1.0,0.5461685657501221,"active planning, reads, decode, dtype conversion and assembly; preparation/cache control excluded",returned float32 output,"[""82662205b3e6fe338a13a6e0"",""a99174dd4100f8297da9270d"",""8d3f7b85ed9cb8b861ccc692""]"
460368f40c9a084353f1,d9061ec5dd30017b18d3,microscopy-tensorstore-threads,tensorstore,legacy_cpu_thread_sweep,microscopy,as-alfi,path on shared filesystem; historical mount unverified,random-crops,"[16,1,1,256,256]",,,,,1,0.22576248523950723,0.22576248523950723,0.22576248523950723,,,,,Python read+decode timed loop after warmup; open/eviction excluded,archived patch_bytes; destination dtype unrecorded,"[""e6b0b9b1911f2e31741c420c""]"
46235add6c77453f4208,ac30383834d2d42348a8,legacy-native,damacy,legacy_gpu_pipeline,microscopy,preset-hbw4,path on shared filesystem; historical mount unverified,random-crops,"[1,1,16,256,256]",,,,,1,4.652720911188863,4.652720911188863,4.652720911188863,,,,,steady-state native wall after warmup; device transfer/decode/assembly included; startup reported separately,returned pipeline-dtype output,"[""fda3755d56081ffaa4302950""]"
46e12f387130704537a8,bde51ead2600d7392186,cpu-scheduling-paired,damacy,after,synthetic,smooth4,local block storage,random-1x256x256,"[1,256,256]","[1,128,256]",65536,zstd,16384,3,4.959434030703154,4.912369717217968,5.03542359116183,1.8309433434379625,2.98046875,2.98046875,0.0,"active planning, reads, decode, dtype conversion and assembly; preparation/cache control excluded",returned float32 output,"[""1a0dac7cc993025c8c9958bf"",""00942847c5205efa1aa7bcd6"",""b627bbcc52ab738ad698fbc0""]"
47096854b7057272bacc,d02545ec5d020d2381ed,cpu-small-chunks,tensorstore,tensorstore,synthetic,smooth4,local block storage,random-1x256x256,"[1,256,256]","[1,128,256]",65536,zstd,16384,3,2.4972368843186956,2.492535519889434,2.507417711725836,1.8309433434379625,,2.98046875,1.7911810193743025,"active planning, reads, decode, dtype conversion and assembly; preparation/cache control excluded",returned float32 output,"[""9f237ca4fdc822dcfd773ac3"",""2b02b92486e4606acd0f7039"",""fa54a390839da9e8b4b42f31""]"
474d584a10f2fcba70d0,0ce3149f29afdab44edb,pr160-cold-storage,damacy,damacy,synthetic,random12,local block storage,full-scan,"[8,256,256]","[8,256,256]",1048576,zstd,131072,3,8.433641544496636,8.384664961575659,8.61745102163764,1.3315840358922637,1.0,1.0,0.7509855542864118,complete wall including file eviction and residency checks,returned float32 output,"[""9f8531a7c514a8693a0d611a"",""b484362f50e32f13c3b3b775"",""76d21d417320d3a287daaad4""]"
47814b1202c899d6eb86,6e17d57538e5ff4dac24,pr160-warm-baseline,damacy,damacy,synthetic,random12,local block storage,full-scan,"[8,256,256]","[8,256,256]",1048576,zstd,131072,3,31.461211499293437,23.969252347527107,33.08297393441397,1.3315840358922637,1.0,,,active read loop after one correctness/warmup pass,returned float32 output,"[""bb0cde7c6e72200ccc4ab349"",""4807bb6032b3272f8017ac2b"",""fe3dae1d34e9713973d92209""]"
47b194318b313ae777ff,1fb438294d5ac2bb57e1,cpu-chunk-blocks,damacy,chunks256-random,synthetic,smooth4,local block storage,full-scan,"[8,256,256]","[1,512,512]",524288,zstd,262144,3,27.49631419984913,27.407533125009703,27.552349478791648,1.8823881322928948,1.0,1.0,0.5312113761901855,"active planning, reads, decode, dtype conversion and assembly; preparation/cache control excluded",returned float32 output,"[""520ac0568ce0895687d1c12a"",""bc9af6e56aa09903abb17960"",""48e7b695e532b8060084b641""]"
47cf3282d4bf653a8cec,6e17d57538e5ff4dac24,pr160-warm-baseline,damacy,damacy,synthetic,random12,local block storage,full-scan,"[8,256,256]","[8,256,256]",1048576,zstd,65536,3,24.250984246817858,20.795684440894078,24.593580182433577,1.3289261215877648,1.0,,,active read loop after one correctness/warmup pass,returned float32 output,"[""30b86ddab0f1d9822ba13f3d"",""87cae67321a953ccb1a30f32"",""8766ee04443cb154ada11fe2""]"
47f0f189ba46b8919742,e2a5f18b364c9e0d466f,microscopy-tensorstore-threads,tensorstore,legacy_cpu_thread_sweep,microscopy,survey-allencell_static,path on shared filesystem; historical mount unverified,random-crops,"[1,1,1,256,256]",,,,,1,0.015971655605706545,0.015971655605706545,0.015971655605706545,,,,,Python read+decode timed loop after warmup; open/eviction excluded,archived patch_bytes; destination dtype unrecorded,"[""9378f61d437d78658fb98186""]"
47f3371c3940759f9bf4,405eec90cb4808965ff0,microscopy-tensorstore-threads,tensorstore,legacy_cpu_thread_sweep,microscopy,as-alfi,path on shared filesystem; historical mount unverified,random-crops,"[16,1,1,256,256]",,,,,1,1.4664881719866771,1.4664881719866771,1.4664881719866771,,,,,Python read+decode timed loop after warmup; open/eviction excluded,archived patch_bytes; destination dtype unrecorded,"[""4b90a842e268278ddb7900e0""]"
48792ac080280790d588,b07b72a78260e11bed02,cpu-chunk-blocks,damacy,chunks256-random,synthetic,smooth4,local block storage,random-1x256x256,"[1,256,256]","[1,128,128]",32768,lz4,16384,3,3.4622321886447875,3.4587720644621904,3.47257741037953,1.572609772618283,2.2350616455078125,2.2350616455078125,1.300241470336914,"active planning, reads, decode, dtype conversion and assembly; preparation/cache control excluded",returned float32 output,"[""f39005eb2b435181fc762e89"",""fa987757b3f4319934d667d9"",""10b269016a693a85ee95138c""]"
4881a2d1bd15d5d22e65,0ce3149f29afdab44edb,pr160-cold-storage,damacy,damacy,synthetic,random12,local block storage,full-scan,"[8,256,256]","[2,256,256]",262144,lz4,16384,3,7.242086847454675,7.202635745993398,7.248525688588465,1.322037086504447,1.0,1.0,0.75640869140625,complete wall including file eviction and residency checks,returned float32 output,"[""a3024db9eb073f38759feb93"",""800c9fc2292580e265c1311d"",""61c0dcb8cd6bbf61c60ab29b""]"
48a6e410b6342be26e67,65d42b2604baeefcd758,legacy-native,damacy,legacy_gpu_pipeline,microscopy,dynacell-real-train,path on shared filesystem; historical mount unverified,random-crops,"[1,5,16,256,256]",,,,,1,0.5671300497259628,0.5671300497259628,0.5671300497259628,,,,,steady-state native wall after warmup; device transfer/decode/assembly included; startup reported separately,returned pipeline-dtype output,"[""a882c9256855c92a8bae5dc9""]"
48b9f5561f2bbc754df2,4122c2fce241748cfdbf,legacy-array-count-control,damacy,legacy_gpu_pipeline,synthetic,array-starve-n2,path on shared filesystem; historical mount unverified,random-crops,"[64,256,256]","[16,256,256]",2097152,"[""zstd""]",,1,10.472666340850381,10.472666340850381,10.472666340850381,,4.912109375,,,steady-state native wall after warmup; device transfer/decode/assembly included; startup reported separately,returned pipeline-dtype output,"[""e109d67b4a201c3d1ddebe25""]"
48f6d38fbf17d09063d1,82f3b61a5a442cb92d48,microscopy-tensorstore-threads,tensorstore,legacy_cpu_thread_sweep,microscopy,survey-allencell_dynamic,path on shared filesystem; historical mount unverified,random-crops,"[16,1,1,256,256]",,,,,1,0.3962910290909892,0.3962910290909892,0.3962910290909892,,,,,Python read+decode timed loop after warmup; open/eviction excluded,archived patch_bytes; destination dtype unrecorded,"[""07b1930cecbc9539db87ec07""]"
495cfc0f48cf54960a84,ea1b2e1631a1091a4eac,microscopy-chammi-sparse-confirmation,damacy,legacy_gpu_pipeline,microscopy,chammi-idr0017,path on shared filesystem; historical mount unverified,random-crops,"[1,1,1,256,256]",,,,,3,1.8661730017019496,1.8660429936305734,1.8859346490954554,,,,,steady-state native wall after warmup; device transfer/decode/assembly included; startup reported separately,returned pipeline-dtype output,"[""c6fc4c68e8e3f41867b114ed"",""edf624f78538dc9bc89c706d"",""ad9504054a94d0acdad70cf9""]"
49628dfc3d0dba051cab,1fb438294d5ac2bb57e1,cpu-chunk-blocks,damacy,chunks256-random,synthetic,smooth4,local block storage,full-scan,"[8,256,256]","[1,512,512]",524288,lz4,65536,3,25.91720212241094,25.732126496176157,26.180244192162583,1.5980931987208997,1.0,1.0,0.6257171630859375,"active planning, reads, decode, dtype conversion and assembly; preparation/cache control excluded",returned float32 output,"[""2a924bca68e2d157c4c7ec67"",""8e23dc3ff12ab16567bba90c"",""3db5370cad81293737fd122c""]"
49a096beebd4c4f995de,85833ca1a05fa9f263cf,cpu-nfs-local-spot,damacy,chunks256-default,synthetic,smooth4,NFS,full-scan,"[8,256,256]","[1,512,512]",524288,zstd,524288,3,24.672025600560787,23.20275204089523,25.26507839866741,1.970907362204299,1.0,1.0,,"active planning, reads, decode, dtype conversion and assembly; preparation/cache control excluded",returned float32 output,"[""b644a109d0944e76048f96df"",""6ee8a6f592b7706d1521f00f"",""61511f22e290e1387f18565c""]"
49b28caf6ad45ed90fa6,e1cc821d3cab1404ef84,cpu-chunk-blocks,tensorstore,tensorstore,synthetic,smooth4,local block storage,random-1x256x256,"[1,256,256]","[1,512,512]",524288,zstd,524288,3,3.331578653268955,3.273336099448022,3.345520786113897,1.970907362204299,,8.433349609375,3.3299051920572915,"active planning, reads, decode, dtype conversion and assembly; preparation/cache control excluded",returned float32 output,"[""4e81fdd06af4fcde932ded8a"",""b67a15c86fa62e6891612079"",""39bfdbc06c617c679a3eecd3""]"
49c864788458e6c764fd,8271e60aaf059e237f65,legacy-native,damacy,legacy_gpu_pipeline,microscopy,meta-256,path on shared filesystem; historical mount unverified,random-crops,"[1,1,16,256,256]",,,,,1,2.0044514858597977,2.0044514858597977,2.0044514858597977,,,,,steady-state native wall after warmup; device transfer/decode/assembly included; startup reported separately,returned pipeline-dtype output,"[""bd6d771695d1b327f256410f""]"
4a0ec0ce7117a93a0604,685b38442e8c6bc6a35c,microscopy-tensorstore-threads,tensorstore,legacy_cpu_thread_sweep,microscopy,as-chad,path on shared filesystem; historical mount unverified,random-crops,"[16,1,1,256,256]",,,,,1,0.5340470841394602,0.5340470841394602,0.5340470841394602,,,,,Python read+decode timed loop after warmup; open/eviction excluded,archived patch_bytes; destination dtype unrecorded,"[""2b55ff22a2af1397aa0d3b5f""]"
4a68e5f081dbff550653,7ba7f8398025c0834791,cpu-scheduling-paired,damacy,after,synthetic,smooth4,local block storage,full-scan,"[8,256,256]","[1,128,256]",65536,zstd,16384,3,16.137465776419816,16.092377635267855,16.27344422102666,1.8309433434379625,1.0,1.0,0.0,"active planning, reads, decode, dtype conversion and assembly; preparation/cache control excluded",returned float32 output,"[""c4ca5937d397096c9364a468"",""2f8f2a66ec6836c534de69ae"",""49070f9c80a6019d91bc0dd9""]"
4aabe80f1fc0b73a7001,7bb2000acf5cadb7a1e3,cpu-readahead-control,damacy,persistent-default,synthetic,smooth4,local block storage,random-1x256x256,"[1,256,256]","[1,128,256]",65536,zstd,16384,3,2.061051459930021,1.9702904483951018,2.0924529619679064,1.8309433434379625,2.98046875,2.98046875,2.1332066853841147,"active planning, reads, decode, dtype conversion and assembly; preparation/cache control excluded",returned float32 output,"[""eb896465c2ae49daee18d980"",""71e3df9cac700223055ed328"",""60149230fdd5c57a900875a2""]"
4b9a9e6bf64e8e2b7489,6e17d57538e5ff4dac24,pr160-warm-baseline,damacy,damacy,synthetic,random12,local block storage,full-scan,"[8,256,256]","[8,256,256]",1048576,lz4,4096,3,19.984770876757075,19.74609673675187,20.25189182946757,1.3136115983547043,1.0,,,active read loop after one correctness/warmup pass,returned float32 output,"[""02a6bc85caac53f1055b2313"",""8a6817d86da35be46d926020"",""4039d358abc1c4a84f5b4b3a""]"
4c5e655fb45fda82dde6,ff33b2afa6928776e653,legacy-native,damacy,legacy_gpu_pipeline,microscopy,sweep-32768,path on shared filesystem; historical mount unverified,random-crops,"[1,1,16,256,256]",,,,,1,0.6397363262757622,0.6397363262757622,0.6397363262757622,,,,,steady-state native wall after warmup; device transfer/decode/assembly included; startup reported separately,returned pipeline-dtype output,"[""441bc0d4e4acd3ec027b5d1e""]"
4ca295bc32788897b680,c3761bde49c52f180130,pr160-warm-random-crops,damacy,damacy,synthetic,random12,local block storage,random-1x128x128,"[1,128,128]","[1,64,128]",16384,zstd,16384,5,2.2575910719803813,1.8805572985957328,2.3452338864013127,1.3253511793173984,2.966796875,2.966796875,,active read loop after one correctness/warmup pass,returned float32 output,"[""abcbe318aef750d090a97136"",""b190349a9918eb3f102bb5a0"",""a5c026308d2ec22617e9120b"",""34c7094273ee647d77d87c93"",""5f5aa951f4a0d47e517c621d""]"
4cf42c0c23bf9fe7e1f9,653adbb05022158dc593,pr160-warm-baseline,damacy,damacy,synthetic,random16,local block storage,full-scan,"[8,256,256]","[2,256,256]",262144,lz4,65536,3,29.79167384653015,28.74287289335701,29.982779463680433,0.9998779408624615,1.0,,,active read loop after one correctness/warmup pass,returned float32 output,"[""92f45cad0c713da2c40c4efb"",""3a967e3a5edd0900c58f1c3b"",""46f91525805efc31810977ab""]"
4d23360e1cfff8e78ab1,e44e8dd7d49b44267b2b,legacy-native,damacy,legacy_gpu_pipeline,microscopy,preset-hbw4,path on shared filesystem; historical mount unverified,random-crops,"[1,1,16,256,256]",,,,,1,2.6449428692340247,2.6449428692340247,2.6449428692340247,,,,,steady-state native wall after warmup; device transfer/decode/assembly included; startup reported separately,returned pipeline-dtype output,"[""b71dfe2fba53b30a88dc7035""]"
4d26c5e0492920d36786,7a098a20eefa66998a4f,legacy-native,damacy,legacy_gpu_pipeline,microscopy,meta-32,path on shared filesystem; historical mount unverified,random-crops,"[1,1,16,256,256]",,,,,1,1.4786005105311841,1.4786005105311841,1.4786005105311841,,,,,steady-state native wall after warmup; device transfer/decode/assembly included; startup reported separately,returned pipeline-dtype output,"[""baf31670a5b951441fff7b41""]"
4e0295a7082234ab8b02,ad9edf9d9663925e5645,microscopy-chammi-dense-confirmation,damacy,legacy_gpu_pipeline,microscopy,chammi-idr0017,path on shared filesystem; historical mount unverified,random-crops,"[1,1,1,256,256]",,,,,3,1.2241060761361335,1.1038957215945553,1.2437563431573502,,,,,steady-state native wall after warmup; device transfer/decode/assembly included; startup reported separately,returned pipeline-dtype output,"[""fa328e03468df8cc3756d387"",""156854773b6cc117f714156c"",""cf1a6abce32af2c79c9da918""]"
4e979dd81fe3d66bdc94,272c3abd3fa1ccf6abf9,pr160-warm-smooth-crops,damacy,damacy,synthetic,smooth4,local block storage,random-1x256x256,"[1,256,256]","[1,128,256]",65536,zstd,16384,5,5.298948329457145,5.247366834931414,5.324208590956939,1.8307918674640946,2.9593505859375,2.9593505859375,,active read loop after one correctness/warmup pass,returned float32 output,"[""4dad72bbe29cc3aa9f68ec7c"",""b5981a90904c7077bab91f64"",""89fe32bded97da91d106e693"",""6f956e462cd3f720e06231f0"",""cebbcc71e28858b5640cec4f""]"
4ee3486388a970a5730a,1744077bcf2d9b9db721,legacy-native,damacy,legacy_gpu_pipeline,microscopy,preset-hbw8,path on shared filesystem; historical mount unverified,random-crops,"[1,1,16,256,256]",,,,,1,4.293865268813141,4.293865268813141,4.293865268813141,,,,,steady-state native wall after warmup; device transfer/decode/assembly included; startup reported separately,returned pipeline-dtype output,"[""0522b29d4116668beaccac5f""]"
4fc529a63b152eaac6f1,fc6fd6b876a5cd57c3e3,cpu-chunk-blocks,tensorstore,tensorstore,synthetic,smooth4,local block storage,full-scan,"[8,256,256]","[1,128,128]",32768,zstd,4096,3,8.416666849404772,8.334799503003474,8.70416203037525,1.7797988160289273,,1.0,0.5618508656819662,"active planning, reads, decode, dtype conversion and assembly; preparation/cache control excluded",returned float32 output,"[""58d88791e9581d21e3e6f12e"",""b2fc46c8256253794e87c690"",""9060ac0871674f08ac79393a""]"
4fcf656602613eedbd4d,4bd7ee38e0bcb67b76bc,cpu-fixed-layout-pilot,damacy,damacy,synthetic,smooth4,local block storage,random-1x256x256,"[1,256,256]","[1,128,256]",65536,zstd,16384,3,4.501607926852983,4.333165240339078,4.5279790987708575,1.8309433434379625,2.98046875,2.98046875,0.0,"active planning, reads, decode, dtype conversion and assembly; preparation/cache control excluded",returned float32 output,"[""19170c8c9218b78ef589b5b3"",""f446b2c8eb8a6d343c541399"",""8580b7d36e86ad04f2e2c5fa""]"
50e7544feb9c1c6c3d87,d845df774bc1b431edec,cpu-chunk-blocks,damacy,chunks256-default,synthetic,smooth4,local block storage,random-1x256x256,"[1,256,256]","[1,128,128]",32768,lz4,4096,3,3.1777482926486442,3.1689336434478608,3.1935319129326647,1.5216670305492115,2.2350616455078125,2.2350616455078125,1.7939693927764893,"active planning, reads, decode, dtype conversion and assembly; preparation/cache control excluded",returned float32 output,"[""9775fdfc095f5e4045822185"",""4e7b0ae1da8f4c1f3cd3b8fc"",""721f35e8e41f7c4d2d5329d4""]"
5106cc3857e8d6fe9f61,9a0784ba2adec8156680,legacy-native,damacy,legacy_gpu_pipeline,microscopy,hbw-8,path on shared filesystem; historical mount unverified,random-crops,"[1,1,16,256,256]",,,,,1,2.1768660095433807,2.1768660095433807,2.1768660095433807,,,,,steady-state native wall after warmup; device transfer/decode/assembly included; startup reported separately,returned pipeline-dtype output,"[""0bf8b5c1f9a2cb143413fb92""]"
5122558c39ecc58955cb,be27ba5cb103a879ade0,legacy-native,damacy,legacy_gpu_pipeline,microscopy,sweep-16384,path on shared filesystem; historical mount unverified,random-crops,"[1,1,16,256,256]",,,,,1,0.6064516755046891,0.6064516755046891,0.6064516755046891,,,,,steady-state native wall after warmup; device transfer/decode/assembly included; startup reported separately,returned pipeline-dtype output,"[""8e5d91f95e1d0dfa856d51eb""]"
5127c4e69c4bf5360c49,a5b4d9385f49bf3ab40e,pr160-warm-smooth-crops,damacy,damacy,synthetic,smooth4,local block storage,aligned,"[1,256,256]","[2,256,256]",262144,lz4,16384,5,16.29599865181171,16.031659190658548,16.78462230715529,1.5671122906202222,1.99267578125,1.99267578125,,active read loop after one correctness/warmup pass,returned float32 output,"[""adb726334150117cb94c3212"",""baa168547b0cd00b3528a691"",""07453f35a24718af5a7396a6"",""7c40085a7a39c88184edd1e7"",""7c0f8155f86bda76ad616659""]"
5158c7af791ff12d9e1e,adb03604916cc7efff86,microscopy-chammi-initial,damacy,legacy_gpu_pipeline,microscopy,chammi-idr0017,path on shared filesystem; historical mount unverified,random-crops,"[1,1,1,256,256]",,,,,1,0.19772173939452223,0.19772173939452223,0.19772173939452223,,,,,steady-state native wall after warmup; device transfer/decode/assembly included; startup reported separately,returned pipeline-dtype output,"[""b28c68f0ccf9eb97420c9d97""]"
518e87715a8d4f4ebd3a,26c6b410061d58a3bda5,cpu-small-chunks,tensorstore,tensorstore,synthetic,smooth4,local block storage,full-scan,"[8,256,256]","[1,64,128]",16384,lz4,16384,3,4.962697402772585,4.932044270570869,5.022400871869237,1.570198337802875,,1.0,0.636809229850769,"active planning, reads, decode, dtype conversion and assembly; preparation/cache control excluded",returned float32 output,"[""e72083de90fb8a5a59c54ae6"",""9ca5117d5cfcfa15f4b0bb0f"",""e5e57dd23bed0518ca9a11c5""]"
51f3bb22bb2b3f61ff76,b07b72a78260e11bed02,cpu-chunk-blocks,damacy,chunks256-random,synthetic,smooth4,local block storage,random-1x256x256,"[1,256,256]","[1,128,128]",32768,zstd,4096,3,3.8299012627386015,3.81409356981033,3.847971082890829,1.7797988160289273,2.2350616455078125,2.2350616455078125,1.1578102111816406,"active planning, reads, decode, dtype conversion and assembly; preparation/cache control excluded",returned float32 output,"[""d26d384a497761d03da338ef"",""6e3c63a2656b2b12b72fa344"",""6ea277ba3d005fc9ace6a120""]"
52d1bec0eaa456724c8c,1fb438294d5ac2bb57e1,cpu-chunk-blocks,damacy,chunks256-random,synthetic,smooth4,local block storage,full-scan,"[8,256,256]","[1,256,256]",131072,lz4,131072,3,24.601522512649222,24.45310750348899,24.89260053300611,1.6017382552426165,1.0,1.0,0.6242015361785889,"active planning, reads, decode, dtype conversion and assembly; preparation/cache control excluded",returned float32 output,"[""8d6c3e92f319c54377d789c0"",""249fa9402748f66323186e67"",""0d82cb26c677d507cbf5d89b""]"
5370bc0854c98fed4975,34413f7e8e510ec6be63,cpu-buffer-control,damacy,chunks32-random,synthetic,smooth4,local block storage,random-1x256x256,"[1,256,256]","[1,128,256]",65536,lz4,16384,3,2.1446617346169607,2.1307269627139784,2.168961617624585,1.5663428823641548,2.98046875,2.98046875,1.629842758178711,"active planning, reads, decode, dtype conversion and assembly; preparation/cache control excluded",returned float32 output,"[""0d3249ec1cbcfd307e63071b"",""0cfee5fb6e09d23b34df90f3"",""6a4a6a8dc9c253e30d0608ff""]"
53bd899b34ad2b7b1ac5,057520804536d24059d8,pr160-warm-xor-crops,damacy,damacy,synthetic,xor,local block storage,aligned,"[1,256,256]","[1,64,128]",16384,zstd,16384,5,5.528892152546836,5.313755606225354,6.222476305238292,68.60161805854952,0.998046875,0.998046875,,active read loop after one correctness/warmup pass,returned float32 output,"[""fc00ab68fdbc8705a47e4b16"",""357d374790389bd8c2baa940"",""3fa570b35650ae479a93a206"",""b4df19dd0c91909108c45475"",""9763be6184e21c1e165fd13a""]"
54326c39b8c23e0f139b,8132ba1e686cdba53102,legacy-native,damacy,legacy_gpu_pipeline,microscopy,qd-4,path on shared filesystem; historical mount unverified,random-crops,"[1,1,16,256,256]",,,,,1,0.47774108726227604,0.47774108726227604,0.47774108726227604,,,,,steady-state native wall after warmup; device transfer/decode/assembly included; startup reported separately,returned pipeline-dtype output,"[""4192930af694df916e5f0176""]"
5564173e32f68e224a6a,2247edf6963257a1fe77,legacy-native,damacy,legacy_gpu_pipeline,microscopy,preset-hbw8,path on shared filesystem; historical mount unverified,random-crops,"[1,1,16,256,256]",,,,,1,2.147297754613684,2.147297754613684,2.147297754613684,,,,,steady-state native wall after warmup; device transfer/decode/assembly included; startup reported separately,returned pipeline-dtype output,"[""64dac2551b0a1d5e9dcf3122""]"
557664964f4488d8e9e1,0065108b52e0913f1232,cpu-readahead-control,tensorstore,tensorstore,synthetic,smooth4,local block storage,aligned,"[1,256,256]","[1,128,256]",65536,zstd,16384,3,5.511254929829867,5.484913353279182,5.565566122636837,1.8309433434379625,,0.999267578125,0.617401123046875,"active planning, reads, decode, dtype conversion and assembly; preparation/cache control excluded",returned float32 output,"[""744c59780fc9fc62986fb3bb"",""8ad3f1acd87c71c791113b32"",""82a52fb7ff354bfb5d6072d3""]"
5598acb2e45d895463bc,0cdf7432929fb78c228f,cpu-scheduling-paired,damacy,before,synthetic,smooth4,local block storage,random-1x256x256,"[1,256,256]","[1,128,256]",65536,lz4,16384,3,1.7116933756988102,1.7022430089892986,1.7135891150404905,1.5663428823641548,2.98046875,2.98046875,3.7021774291992187,"active planning, reads, decode, dtype conversion and assembly; preparation/cache control excluded",returned float32 output,"[""79809e5557e09feb990d6ad8"",""70aff981d7e7164fad04e75f"",""4dba7a3f40a2d5df49c775ed""]"
55c000582059f0f7040f,a29fc84d9f63071ab5eb,cpu-readahead-control,damacy,batch-default,synthetic,smooth4,local block storage,aligned,"[1,256,256]","[1,128,256]",65536,lz4,16384,3,6.23483056178736,6.213042822841498,6.260466483802344,1.5663428823641548,0.999267578125,0.999267578125,0.732772946357727,"active planning, reads, decode, dtype conversion and assembly; preparation/cache control excluded",returned float32 output,"[""d3629f9678f41567e485aa27"",""302ec013811988218a37651a"",""ea5721616ad31d1823c5e360""]"
55e70131286943326999,0ce3149f29afdab44edb,pr160-cold-storage,damacy,damacy,synthetic,random12,local block storage,full-scan,"[8,256,256]","[1,128,256]",65536,zstd,32768,3,5.922236902845937,5.897790432068991,6.005515927305557,1.3265861726409294,1.0,1.0,0.7538156509399414,complete wall including file eviction and residency checks,returned float32 output,"[""76752ee4aec5cb101b0b7f6b"",""9132a9ffa5b043a05db53510"",""668a5d8127a8ac250841cfb2""]"
567f63e323e9481e0bae,0ce3149f29afdab44edb,pr160-cold-storage,damacy,damacy,synthetic,random12,local block storage,full-scan,"[8,256,256]","[8,256,256]",1048576,lz4,524288,3,8.894422016826747,8.739888177109282,8.979668089476837,1.3259116374416209,1.0,1.0,0.754197529384068,complete wall including file eviction and residency checks,returned float32 output,"[""ec8c10ec4b1d71e4b846780f"",""001081d11b672954d933bd73"",""0e8995183f2027eba59ad6d9""]"
56af34f468af96d8ff3e,6e17d57538e5ff4dac24,pr160-warm-baseline,damacy,damacy,synthetic,random12,local block storage,full-scan,"[8,256,256]","[2,256,256]",262144,zstd,262144,3,20.490277530500606,20.334635914179543,21.763017092949035,1.3327503568918522,1.0,,,active read loop after one correctness/warmup pass,returned float32 output,"[""3b5dd9cbb023f9f13b45efdb"",""7149cc8ba6f6a867ca60a590"",""d9e6480c4985dfc134852dba""]"
56b2c472f82a51b90065,d845df774bc1b431edec,cpu-chunk-blocks,damacy,chunks256-default,synthetic,smooth4,local block storage,random-1x256x256,"[1,256,256]","[1,256,256]",131072,zstd,65536,3,3.6461391390988416,3.585750690971906,3.647465805442801,1.85368967938808,3.97491455078125,3.97491455078125,2.5627372741699217,"active planning, reads, decode, dtype conversion and assembly; preparation/cache control excluded",returned float32 output,"[""0ebe4300494591e85dd2c23d"",""4c280d6df315fbbe822a8405"",""ea9611016fa0cccac06b2842""]"
56e028d972f85d478587,ebe89b1c7e6159b7f276,cpu-buffer-control,damacy,chunks256-default,synthetic,smooth4,local block storage,full-scan,"[8,256,256]","[1,128,256]",65536,lz4,16384,3,21.720272200863427,21.550822501969527,22.103159786450274,1.5663428823641548,1.0,1.0,0.6384315490722656,"active planning, reads, decode, dtype conversion and assembly; preparation/cache control excluded",returned float32 output,"[""2d9fdb8abf108a97daec8a59"",""69165c61c7e2c7344ca41a3e"",""3f1e34007f51851aea7368a7""]"
5715ec1edbd7e5fee8c4,241070601b3896419ead,cpu-nfs-local-spot,damacy,chunks256-random,synthetic,smooth4,local block storage,random-1x256x256,"[1,256,256]","[1,256,256]",131072,zstd,131072,3,3.486640384510773,3.4725253285042417,3.5007642120958,1.8644857768631582,3.97491455078125,3.97491455078125,1.6865520477294922,"active planning, reads, decode, dtype conversion and assembly; preparation/cache control excluded",returned float32 output,"[""48084b563f29e3fdbac10029"",""8b70fb5d02aad2f2f1d0c1c8"",""78012a69e9344dec5056379b""]"
5774493aa464d5cb8758,e1cc821d3cab1404ef84,cpu-chunk-blocks,tensorstore,tensorstore,synthetic,smooth4,local block storage,random-1x256x256,"[1,256,256]","[1,256,256]",131072,lz4,16384,3,2.6650267825805014,2.5963298510236124,2.7138447135022643,1.5669420934469545,,3.97491455078125,2.6262509482247487,"active planning, reads, decode, dtype conversion and assembly; preparation/cache control excluded",returned float32 output,"[""de82058c7adc268df4450356"",""b967b86505fa7d588029a73c"",""018e4dcac8151e01514b89ae""]"
578843a0f97b9a41edeb,0ce3149f29afdab44edb,pr160-cold-storage,damacy,damacy,synthetic,random12,local block storage,full-scan,"[8,256,256]","[8,256,256]",1048576,zstd,16384,3,8.341152034868317,8.316487299157934,8.439885188895802,1.3287369985455217,1.0,1.0,0.7525959014892578,complete wall including file eviction and residency checks,returned float32 output,"[""4eba4f8942046e6f9d9968f8"",""ee9c7f2c02394b96014226f2"",""54f1fe5bd34a425fe2a196ff""]"
57ee97c3ec52a8b0ac4a,4ba106dfba4c594368de,legacy-native,damacy,legacy_gpu_pipeline,microscopy,rop-32768,path on shared filesystem; historical mount unverified,random-crops,"[1,1,16,256,256]",,,,,1,1.9145586099998162,1.9145586099998162,1.9145586099998162,,,,,steady-state native wall after warmup; device transfer/decode/assembly included; startup reported separately,returned pipeline-dtype output,"[""2ba75888ba750e0d4b459499""]"
57fe3fa8cfaa40b10894,d678314fb3a406257e8f,pr160-cold-storage,damacy,damacy,synthetic,random12,local block storage,random-1x256x256,"[1,256,256]","[1,128,256]",65536,zstd,16384,3,0.8640943985985381,0.8630479641337448,0.8646634378136567,1.3279292888390097,2.9593505859375,2.9593505859375,5.03812685879794,complete wall including file eviction and residency checks,returned float32 output,"[""b778ba6fdcb60950eb37a69d"",""80a8e1eac81122e62a217e6c"",""e65e6f38bc461980059d0e20""]"
584c2108ffaeadd28d9a,0ce3149f29afdab44edb,pr160-cold-storage,damacy,damacy,synthetic,random12,local block storage,full-scan,"[8,256,256]","[2,256,256]",262144,zstd,4096,3,7.162266770293214,7.155274821133715,7.238372397717858,1.3164271169091502,1.0,1.0,0.7596330642700195,complete wall including file eviction and residency checks,returned float32 output,"[""b98df353db3576ecfbb1fb54"",""5b27a735bd007d463854ef4a"",""8b6d64a0eb4c52236c546fa5""]"
58f4d442e1750143af89,ac3c4db9649423b13eec,cpu-nfs-local-spot,tensorstore,tensorstore,synthetic,smooth4,NFS,random-1x256x256,"[1,256,256]","[1,128,128]",32768,zstd,32768,3,0.6577383870659211,0.6288441610028849,0.7225114330129268,1.8451430092694745,,2.2350616455078125,,"active planning, reads, decode, dtype conversion and assembly; preparation/cache control excluded",returned float32 output,"[""09ca523036a5d9346b2f405f"",""04bd8c1c5ab0e34ef4feb22f"",""b982c5ad87faacc405f64b8e""]"
591d71a3ce81237507b2,ec35584ae467004ef605,cpu-buffer-control,damacy,chunks128-default,synthetic,smooth4,local block storage,full-scan,"[8,256,256]","[1,128,256]",65536,lz4,16384,3,17.240979124754052,17.07943491908028,17.328892553714944,1.5663428823641548,1.0,1.0,0.6384315490722656,"active planning, reads, decode, dtype conversion and assembly; preparation/cache control excluded",returned float32 output,"[""4f0e54925acc701c3a5e3a42"",""aad0ae399ddc12747f58efab"",""d216d1353c602c20a7faf67d""]"
599f58740de174de1632,26c6b410061d58a3bda5,cpu-small-chunks,tensorstore,tensorstore,synthetic,smooth4,local block storage,full-scan,"[8,256,256]","[1,128,256]",65536,zstd,16384,3,10.487161993827895,9.44541062404734,10.552127826620769,1.8309433434379625,,1.0,0.5461571216583252,"active planning, reads, decode, dtype conversion and assembly; preparation/cache control excluded",returned float32 output,"[""3b12b1e0084b3f43a0b80aea"",""b2e8ec9ea942860af085532b"",""6491c6195282de8abb7d7836""]"
59ed53e46726b29b5ed7,186edc6e6d22f91d685f,legacy-native,damacy,legacy_gpu_pipeline,microscopy,rop-8192,path on shared filesystem; historical mount unverified,random-crops,"[1,1,16,256,256]",,,,,1,1.6715587619767185,1.6715587619767185,1.6715587619767185,,,,,steady-state native wall after warmup; device transfer/decode/assembly included; startup reported separately,returned pipeline-dtype output,"[""3b141c4375e4df55f7e3d831""]"
5ad87abdc01425726a22,f94ac526b988eb241a63,cpu-small-chunks,damacy,chunks256-default,synthetic,smooth4,local block storage,full-scan,"[8,256,256]","[1,256,256]",131072,zstd,16384,3,21.19102193697656,21.110820743188803,21.2972565737486,1.8317621551383316,1.0,1.0,0.5459244251251221,"active planning, reads, decode, dtype conversion and assembly; preparation/cache control excluded",returned float32 output,"[""f81070a4d6b77848d33e0518"",""564d066daba613823fc439d3"",""34523b2e9f784dd5ab53d472""]"
5ae610934cee5ce8c172,c3761bde49c52f180130,pr160-warm-random-crops,damacy,damacy,synthetic,random12,local block storage,random-1x128x128,"[1,128,128]","[1,128,256]",65536,lz4,16384,5,2.9389453993692642,2.8411215801573895,3.0421265207939343,1.3213973393284457,5.63623046875,5.63623046875,,active read loop after one correctness/warmup pass,returned float32 output,"[""a080da26f56a14ce29c1f865"",""6cf4a2cbd33dd1ca689aab01"",""3deb6e52a8546c9a41ccec03"",""405f26ee6867c5ae025a84e8"",""2fd04ce762d5c9a59eac563f""]"
5b69b75dd23e7eb24d1a,ac3c4db9649423b13eec,cpu-nfs-local-spot,tensorstore,tensorstore,synthetic,smooth4,NFS,random-1x256x256,"[1,256,256]","[1,256,256]",131072,zstd,131072,3,0.6925474780090995,0.6915233685069683,1.1372751748977086,1.8644857768631582,,3.97491455078125,,"active planning, reads, decode, dtype conversion and assembly; preparation/cache control excluded",returned float32 output,"[""57e80559fde46144bfb5ac60"",""c463dd4c71a1dead4b80c294"",""133642aace584089a38b1d4b""]"
5ba76a18ff3be3a30151,d845df774bc1b431edec,cpu-chunk-blocks,damacy,chunks256-default,synthetic,smooth4,local block storage,random-1x256x256,"[1,256,256]","[1,128,128]",32768,zstd,16384,3,3.597022514346559,3.5739406593123273,3.6301378612646342,1.8366829025162181,2.2350616455078125,2.2350616455078125,1.5547882080078126,"active planning, reads, decode, dtype conversion and assembly; preparation/cache control excluded",returned float32 output,"[""5fe74e760d25edbf8ce3ec4d"",""03354bce62ced4c0388d2e3f"",""298a194b17f897d39ac67ce0""]"
5befefe7168fbe35f469,a29fc84d9f63071ab5eb,cpu-readahead-control,damacy,batch-default,synthetic,smooth4,local block storage,aligned,"[1,256,256]","[1,128,256]",65536,zstd,16384,3,7.071632550124103,6.704524325276478,7.1073988849441605,1.8309433434379625,0.999267578125,0.999267578125,0.6205939124612248,"active planning, reads, decode, dtype conversion and assembly; preparation/cache control excluded",returned float32 output,"[""9f00cca1a8ee823b271bee25"",""e48d8737c14bca5e7f96e145"",""2d5632eb9b0f3d075db4cba6""]"
5c35ba6af4a1ed522bc1,fc6fd6b876a5cd57c3e3,cpu-chunk-blocks,tensorstore,tensorstore,synthetic,smooth4,local block storage,full-scan,"[8,256,256]","[1,512,512]",524288,lz4,16384,3,10.54890196933527,9.464725980576896,10.691505826807381,1.5666306456387868,,1.0,0.6383135318756104,"active planning, reads, decode, dtype conversion and assembly; preparation/cache control excluded",returned float32 output,"[""32abde6b0bbd1dfae1648f90"",""8c6607aa69674402ea9aa076"",""8dd1232e8161d705157eb66c""]"
5c47b265e94163e60e7f,cfa6e96947ebd4d5589b,cpu-fixed-layout-pilot,damacy,damacy,synthetic,smooth4,local block storage,aligned,"[1,256,256]","[1,128,256]",65536,lz4,16384,3,13.359082378727125,12.860496432727002,13.484737752789552,1.5663428823641548,0.999267578125,0.999267578125,0.0,"active planning, reads, decode, dtype conversion and assembly; preparation/cache control excluded",returned float32 output,"[""466447360c474eb004d5e73f"",""e44b9ea036e26a0050de4d3b"",""3658583645424d2793e113d8""]"
5c78298e0ae376759837,d678314fb3a406257e8f,pr160-cold-storage,damacy,damacy,synthetic,random12,local block storage,random-1x256x256,"[1,256,256]","[1,64,128]",16384,lz4,16384,3,0.6241865702691938,0.6233676552951133,0.6349095198562189,1.3188445768380552,1.85260009765625,1.85260009765625,3.9366531372070312,complete wall including file eviction and residency checks,returned float32 output,"[""432e1b3fe03ef6fc74ea375d"",""3b4fa2b6c032e3187d0bc6e8"",""f9c8276d04ed0c71a1a1da36""]"
5c8ecd59ddbc4396f168,95a0306d11a5ca2e1ca7,cpu-scheduling-paired,damacy,after,synthetic,smooth4,local block storage,full-scan,"[8,256,256]","[1,128,256]",65536,lz4,16384,3,11.028996269045274,10.797779277110639,11.331588952308682,1.5663428823641548,1.0,1.0,0.6384315490722656,"active planning, reads, decode, dtype conversion and assembly; preparation/cache control excluded",returned float32 output,"[""9736458c14d3c73b6d4867d4"",""07661a194f4efdb16fb886e9"",""e176defd909325f534ea27b9""]"
5cf47bf0fb11551a2481,b33194bfc290e3782c18,legacy-native,damacy,legacy_gpu_pipeline,microscopy,meta-64,path on shared filesystem; historical mount unverified,random-crops,"[1,1,16,256,256]",,,,,1,1.9536958455048585,1.9536958455048585,1.9536958455048585,,,,,steady-state native wall after warmup; device transfer/decode/assembly included; startup reported separately,returned pipeline-dtype output,"[""1c827399114eca11cb27a895""]"
5d0dfaa45e3b40e9037f,d678314fb3a406257e8f,pr160-cold-storage,damacy,damacy,synthetic,random12,local block storage,random-1x256x256,"[1,256,256]","[1,128,256]",65536,lz4,16384,3,0.8656646406065336,0.8596300178414868,0.8664355611985926,1.3213973393284457,2.9593505859375,2.9593505859375,5.036060680042613,complete wall including file eviction and residency checks,returned float32 output,"[""aa1f5f9ec3d46192b31a633e"",""247930fe3895af9e5955ec6c"",""51a75d71cac20ee06a355343""]"
5d116a373f6e8a3da675,9577427ed99ded0e5478,cpu-small-chunks,damacy,chunks256-random,synthetic,smooth4,local block storage,random-1x256x256,"[1,256,256]","[1,256,256]",131072,lz4,16384,3,3.2896316431875516,3.286735606414405,3.3096208568487144,1.5669420934469545,3.97491455078125,3.97491455078125,1.9996452331542969,"active planning, reads, decode, dtype conversion and assembly; preparation/cache control excluded",returned float32 output,"[""6fe1d38c81a242a6c365459a"",""e8b31bf112be53db87a9448c"",""f62731f7fc71a5ba4e54677f""]"
5d2aeabfee9a9a5bd7ec,0741fca4e2b75f7fb847,cpu-buffer-control,damacy,chunks128-random,synthetic,smooth4,local block storage,full-scan,"[8,256,256]","[1,128,256]",65536,zstd,16384,3,11.705763893434009,11.299056762899756,11.973955195283636,1.8309433434379625,1.0,1.0,0.5459244251251221,"active planning, reads, decode, dtype conversion and assembly; preparation/cache control excluded",returned float32 output,"[""93c6b1e2f7e9aa38a006daef"",""7277854bf0018c60d93f05d5"",""377ccc3d37891908e6c85a44""]"
5da8449c9972c910eaac,b07b72a78260e11bed02,cpu-chunk-blocks,damacy,chunks256-random,synthetic,smooth4,local block storage,random-1x256x256,"[1,256,256]","[1,128,128]",32768,zstd,16384,3,4.014959096350938,3.9564020176019072,4.057542890124874,1.8366829025162181,2.2350616455078125,2.2350616455078125,1.1240921020507812,"active planning, reads, decode, dtype conversion and assembly; preparation/cache control excluded",returned float32 output,"[""81534a42900a85073ab51f41"",""61a9fada86bf536ac43a1fba"",""ec179c7fcadebf4a040a917e""]"
5db286016536560bf12a,c097ba8e49ee39685783,pr160-warm-random-crops,damacy,damacy,synthetic,random12,local block storage,random-1x256x256,"[1,256,256]","[1,64,128]",16384,zstd,16384,5,3.043590529468409,2.788185129798915,3.432826799946463,1.3253511793173984,1.85260009765625,1.85260009765625,,active read loop after one correctness/warmup pass,returned float32 output,"[""442ac6051c20fd1b9c949a1f"",""8c2125ec6433bf0cdeeec5a6"",""42cf7d2431716a5139e52d4e"",""3e5c8e90a940c2fbee4012b9"",""cf5613cd30b318b14453472c""]"
5db620434fe798cb7bf4,c0b886ec3bd0c03b9da8,legacy-native,damacy,legacy_gpu_pipeline,microscopy,qd-1,path on shared filesystem; historical mount unverified,random-crops,"[1,1,16,256,256]",,,,,1,0.13711221922159747,0.13711221922159747,0.13711221922159747,,,,,steady-state native wall after warmup; device transfer/decode/assembly included; startup reported separately,returned pipeline-dtype output,"[""fdd385551599a2496c96d696""]"
5db8d0c59ac2d695f3d0,c3761bde49c52f180130,pr160-warm-random-crops,damacy,damacy,synthetic,random12,local block storage,random-1x128x128,"[1,128,128]","[8,256,256]",1048576,zstd,16384,5,1.44346189103551,1.1868183826579686,1.5139616057372063,1.3287369985455217,62.8671875,62.8671875,,active read loop after one correctness/warmup pass,returned float32 output,"[""9dc08c91ea532186c39789d6"",""cfba1bfcd592fbd73f93f6ea"",""3c8fe69fd5645af06875744f"",""1d5742a36fcdf05caa5a061d"",""ddac42591a813b88a1277719""]"
5dc59e5b578d6793ddba,0ce3149f29afdab44edb,pr160-cold-storage,damacy,damacy,synthetic,random12,local block storage,full-scan,"[8,256,256]","[1,128,256]",65536,lz4,65536,3,5.906003135439732,5.8902495407135325,5.9398538441848965,1.3239866313040163,1.0,1.0,0.7552947998046875,complete wall including file eviction and residency checks,returned float32 output,"[""e23ec92e2bda08178199467a"",""7b0fbd2b836e87289625b4ce"",""bfd1ca2f79c7b275fc76aaa3""]"
5e3234b8c8dd297a9728,359a140b81cb495823c2,cpu-buffer-control,tensorstore,tensorstore,synthetic,smooth4,local block storage,full-scan,"[8,256,256]","[1,128,256]",65536,lz4,16384,3,10.920762984623211,10.277528029585296,11.08564023598657,1.5663428823641548,,1.0,0.6384138464927673,"active planning, reads, decode, dtype conversion and assembly; preparation/cache control excluded",returned float32 output,"[""346ce789250e085f8b08f738"",""4785362971ea4e953f8670f1"",""1d92361707858ae6fcbd6ea8""]"
5fe09e6afe36a7b63249,7b0c1ba25886de0f74f8,legacy-array-count-control,damacy,legacy_gpu_pipeline,microscopy,as-alfi,path on shared filesystem; historical mount unverified,random-crops,"[16,1,1,256,256]",,,,,1,5.294972317884722,5.294972317884722,5.294972317884722,,,,,steady-state native wall after warmup; device transfer/decode/assembly included; startup reported separately,returned pipeline-dtype output,"[""bf7acbcf207d5b51957b335a""]"
6008cee67da996b07715,1f97dd362e4d690e63dc,cpu-nfs-local-spot,tensorstore,tensorstore,synthetic,smooth4,local block storage,random-1x256x256,"[1,256,256]","[1,128,128]",32768,zstd,32768,3,2.538630622141914,2.499056397828547,2.58833763292705,1.8451430092694745,,2.2350616455078125,1.469845908028739,"active planning, reads, decode, dtype conversion and assembly; preparation/cache control excluded",returned float32 output,"[""bff71a06e9086c0242a3bc45"",""1abbffd9eb6d23002f6cf3c1"",""08f5c6cd3df540050c0fdf84""]"
602309ffb9707982d3d9,6c17d97038a280425c61,cpu-buffer-control,damacy,chunks256-random,synthetic,smooth4,local block storage,random-1x256x256,"[1,256,256]","[1,128,256]",65536,lz4,16384,3,3.001879770807607,2.9924821790350404,3.0052983456415454,1.5663428823641548,2.98046875,2.98046875,1.629842758178711,"active planning, reads, decode, dtype conversion and assembly; preparation/cache control excluded",returned float32 output,"[""b3b942d050475846398b1aa2"",""716d1edd60d0f61459feb82a"",""d1e395b38a68ff15dd9bfd80""]"
6024bf1fcdb4aadba199,fc6fd6b876a5cd57c3e3,cpu-chunk-blocks,tensorstore,tensorstore,synthetic,smooth4,local block storage,full-scan,"[8,256,256]","[1,128,128]",32768,lz4,4096,3,9.101739671609815,8.64003881356271,9.109591250707094,1.5216670305492115,,1.0,0.6570885181427002,"active planning, reads, decode, dtype conversion and assembly; preparation/cache control excluded",returned float32 output,"[""113424dc7eb2763f60e9c079"",""7048b932e76d2b60f21c8a79"",""4f2c6599ec97758ceb899b2c""]"
606463428cd1d8de794c,862a43ee36563ca6e65f,cpu-nfs-local-spot,damacy,chunks256-random,synthetic,smooth4,NFS,full-scan,"[8,256,256]","[1,256,256]",131072,zstd,131072,3,19.791925382052266,19.6011892992368,19.81097883359993,1.8644857768631582,1.0,1.0,,"active planning, reads, decode, dtype conversion and assembly; preparation/cache control excluded",returned float32 output,"[""358a8ef7d601340c20b91b59"",""698ba9430f4be643d1da302b"",""7f39354700d1dcd34b8c55ef""]"
60a684cd30ddccbe101a,bba6d956cee2a423fe2e,legacy-native,damacy,legacy_gpu_pipeline,microscopy,preset-hbw4,path on shared filesystem; historical mount unverified,random-crops,"[1,1,16,256,256]",,,,,1,3.7553325722525988,3.7553325722525988,3.7553325722525988,,,,,steady-state native wall after warmup; device transfer/decode/assembly included; startup reported separately,returned pipeline-dtype output,"[""6cd86afccaa7db044924551f""]"
6107d0ef007c625a3731,9577427ed99ded0e5478,cpu-small-chunks,damacy,chunks256-random,synthetic,smooth4,local block storage,random-1x256x256,"[1,256,256]","[1,128,128]",32768,zstd,16384,3,3.9322356744163263,3.9082646269967105,3.942837714713081,1.8366829025162181,2.2350616455078125,2.2350616455078125,1.1240921020507812,"active planning, reads, decode, dtype conversion and assembly; preparation/cache control excluded",returned float32 output,"[""4ae5a4da3e5e32941b547579"",""806a9d912c736620ec3e5244"",""0ab5af6c633b366caa37c837""]"
6145afc45c249c7379fd,e0e8703262dc47eab85c,pr160-warm-random-crops,damacy,damacy,synthetic,random12,local block storage,aligned,"[1,256,256]","[2,256,256]",262144,lz4,16384,5,15.138192382294969,14.993486984866028,17.055173624855897,1.322037086504447,1.99267578125,1.99267578125,,active read loop after one correctness/warmup pass,returned float32 output,"[""77daff8d141d371569c0de00"",""277c36fd0cbeef471e1c8ee9"",""15f2cd62dcf6675b4e9884d1"",""2bd6cfe4ee798e27360bf456"",""2a614e662763ac28a9c5d379""]"
61b0c8720a2c5b92f2d1,9128e9a86ef4a582b3be,legacy-native,damacy,legacy_gpu_pipeline,microscopy,rop-16384,path on shared filesystem; historical mount unverified,random-crops,"[1,1,16,256,256]",,,,,1,1.6576754351066483,1.6576754351066483,1.6576754351066483,,,,,steady-state native wall after warmup; device transfer/decode/assembly included; startup reported separately,returned pipeline-dtype output,"[""aee43e0f303d3791985c4793""]"
61d21e9a05769cdb7480,f3425b006f7a9f23c127,legacy-native,damacy,legacy_gpu_pipeline,microscopy,preset-hbw8,path on shared filesystem; historical mount unverified,random-crops,"[1,1,16,256,256]",,,,,1,2.136266455660508,2.136266455660508,2.136266455660508,,,,,steady-state native wall after warmup; device transfer/decode/assembly included; startup reported separately,returned pipeline-dtype output,"[""526d7c94d094b15d22619a66""]"
62e812abb686bf144e26,7e4d33dd6bb5f51ee11c,legacy-native,damacy,legacy_gpu_pipeline,microscopy,hbw-2,path on shared filesystem; historical mount unverified,random-crops,"[1,1,16,256,256]",,,,,1,1.9391269274921659,1.9391269274921659,1.9391269274921659,,,,,steady-state native wall after warmup; device transfer/decode/assembly included; startup reported separately,returned pipeline-dtype output,"[""a2280fe7fae9aa8d843c78d2""]"
6390e45be2745b33a896,b75ad5f7eefded71e9c1,legacy-native,damacy,legacy_gpu_pipeline,microscopy,qd-48,path on shared filesystem; historical mount unverified,random-crops,"[1,1,16,256,256]",,,,,1,1.7622188732231547,1.7622188732231547,1.7622188732231547,,,,,steady-state native wall after warmup; device transfer/decode/assembly included; startup reported separately,returned pipeline-dtype output,"[""e7ee57ecff12240cf3dc9e65""]"
646662ea22ca00d01df4,a2d2d454a420f590ebb4,legacy-native,damacy,legacy_gpu_pipeline,microscopy,rop-512,path on shared filesystem; historical mount unverified,random-crops,"[1,1,16,256,256]",,,,,1,1.3347770281669988,1.3347770281669988,1.3347770281669988,,,,,steady-state native wall after warmup; device transfer/decode/assembly included; startup reported separately,returned pipeline-dtype output,"[""e83c7aea4553bdf375c99097""]"
646928239775e5db9689,ad0697876cb4987ddc96,pr160-cold-storage,damacy,damacy,synthetic,smooth4,local block storage,aligned,"[1,256,256]","[1,128,256]",65536,zstd,16384,3,3.0148877381042185,2.9555517663259043,3.043205841193283,1.8307918674640946,0.998046875,0.998046875,0.6446854086483226,complete wall including file eviction and residency checks,returned float32 output,"[""ffafbadb9b99ca9d1dc6f152"",""faecaae6aa67114d85985fc4"",""4f1547ec87bf558ee86b65c7""]"
64a0047c3a4f7be2ac04,cc0f94bd2934ba6c63c0,legacy-array-count-control,damacy,legacy_gpu_pipeline,synthetic,as-n08,path on shared filesystem; historical mount unverified,random-crops,"[64,256,256]","[16,256,256]",2097152,"[""zstd""]",,1,9.68147933004163,9.68147933004163,9.68147933004163,,4.912109375,,,steady-state native wall after warmup; device transfer/decode/assembly included; startup reported separately,returned pipeline-dtype output,"[""11f6b8c70622fd07a61d147a""]"
64b82b32a544c3bc4cdb,6e17d57538e5ff4dac24,pr160-warm-baseline,damacy,damacy,synthetic,random12,local block storage,full-scan,"[8,256,256]","[8,256,256]",1048576,zstd,16384,3,22.02084985031892,20.694141644148644,22.06458874941747,1.3287369985455217,1.0,,,active read loop after one correctness/warmup pass,returned float32 output,"[""8dbeb7db7a6b4618372d236a"",""c32d0224009c70d6501e7389"",""340ea50ba6dbb6963e95d0bb""]"
64c32a23d71f4c1efe7c,1fb438294d5ac2bb57e1,cpu-chunk-blocks,damacy,chunks256-random,synthetic,smooth4,local block storage,full-scan,"[8,256,256]","[1,512,512]",524288,lz4,262144,3,25.772188652725994,25.56833339641967,25.819375039622948,1.6167072291075084,1.0,1.0,0.6185126304626465,"active planning, reads, decode, dtype conversion and assembly; preparation/cache control excluded",returned float32 output,"[""874c38e612383766b29edac1"",""eecef4dd2cce9434032b5698"",""67e2e8f981cfaf943c95c21e""]"
657fc1adc5cefcc0d1b9,ba0991212e69cea8661c,microscopy-tensorstore-threads,tensorstore,legacy_cpu_thread_sweep,microscopy,as-dynacell,path on shared filesystem; historical mount unverified,random-crops,"[1,5,16,256,256]",,,,,1,0.5113676024113758,0.5113676024113758,0.5113676024113758,,,,,Python read+decode timed loop after warmup; open/eviction excluded,archived patch_bytes; destination dtype unrecorded,"[""8aeb77761e82a74ea3f821bf""]"
65b50c6ef310df977cb2,da1064a8dd53ebd70729,cpu-scheduling-paired,damacy,after,synthetic,smooth4,local block storage,aligned,"[1,256,256]","[1,128,256]",65536,zstd,16384,3,11.274772958922624,10.936894413561024,11.577518400338763,1.8309433434379625,0.999267578125,0.999267578125,0.0,"active planning, reads, decode, dtype conversion and assembly; preparation/cache control excluded",returned float32 output,"[""366c4a1c71c386c581f3f463"",""0d39bd5dc1236c3a5a062a2e"",""1c4420b2f4efd71facf6c885""]"
65dca62f94faac206554,f94ac526b988eb241a63,cpu-small-chunks,damacy,chunks256-default,synthetic,smooth4,local block storage,full-scan,"[8,256,256]","[1,64,128]",16384,zstd,16384,3,12.097161572992546,12.033813727442324,12.182185437216289,1.8333944608562351,1.0,1.0,0.545438289642334,"active planning, reads, decode, dtype conversion and assembly; preparation/cache control excluded",returned float32 output,"[""078a4be4b07b274cf7504e0b"",""bf16b727cd78a75f4ec6ef0c"",""0b857d4bdf22661c8aac2ba7""]"
6632e67bdc2a93ecf634,17f8e39756c4ed32f24c,legacy-native,damacy,legacy_gpu_pipeline,microscopy,qd-8,path on shared filesystem; historical mount unverified,random-crops,"[1,1,16,256,256]",,,,,1,0.7088860281399398,0.7088860281399398,0.7088860281399398,,,,,steady-state native wall after warmup; device transfer/decode/assembly included; startup reported separately,returned pipeline-dtype output,"[""d7c3f11b6822d784a7413fa8""]"
6661c91bd9ea0fa56da9,9a9ad4c3039a9209478c,cpu-scheduling-paired,damacy,before,synthetic,smooth4,local block storage,full-scan,"[8,256,256]","[1,128,256]",65536,lz4,16384,3,15.519936838182067,15.129502592309418,16.362945959816233,1.5663428823641548,1.0,1.0,0.0,"active planning, reads, decode, dtype conversion and assembly; preparation/cache control excluded",returned float32 output,"[""e677a81af34ef5c22b56a23a"",""dd60784acc201b42d6f3ac47"",""945de7f0fcba60a7fa439f9c""]"
66a00dd3b28c86ce919d,d2059ef61f65f24208b8,pr160-warm-patterns,damacy,damacy,synthetic,xor,local block storage,full-scan,"[8,256,256]","[2,256,256]",262144,lz4,65536,5,29.3220606048833,28.18544459197369,33.75934611834507,33.59312708325903,1.0,,,active read loop after one correctness/warmup pass,returned float32 output,"[""140a7708a10f77c4d9574496"",""3c1f34b0b7d4d9628af8becb"",""8e2211f566ef1e5918932b76"",""f4b5a6f2a19fc0c3cbab0fc7"",""7a9887b99e41b693326e9ec1""]"
677fa7fd83cb758fb53d,ac1c8d1f180d41f85dc3,legacy-native,damacy,legacy_gpu_pipeline,microscopy,preset,path on shared filesystem; historical mount unverified,random-crops,"[1,1,16,256,256]",,,,,1,2.5906735751295336,2.5906735751295336,2.5906735751295336,,,,,steady-state native wall after warmup; device transfer/decode/assembly included; startup reported separately,returned pipeline-dtype output,"[""ca9ec67fa64bc7e1e73c0c3e""]"
680168c7d457184f0e34,aa796cbcd466c1790281,cpu-scheduling-paired,damacy,before,synthetic,smooth4,local block storage,aligned,"[1,256,256]","[1,128,256]",65536,zstd,16384,3,12.168243233442482,12.012009700640357,12.285886601194735,1.8309433434379625,0.999267578125,0.999267578125,0.0,"active planning, reads, decode, dtype conversion and assembly; preparation/cache control excluded",returned float32 output,"[""365de00eaca6f244ab671e4c"",""b2117ebcfb2c289082eb36bf"",""cc908c076cab4bdae60a40ad""]"
6837b5649b6ce28f3369,6424ac097465faf745e5,microscopy-tensorstore-threads,tensorstore,legacy_cpu_thread_sweep,microscopy,survey-allencell_dynamic,path on shared filesystem; historical mount unverified,random-crops,"[16,1,1,256,256]",,,,,1,0.05634869349717714,0.05634869349717714,0.05634869349717714,,,,,Python read+decode timed loop after warmup; open/eviction excluded,archived patch_bytes; destination dtype unrecorded,"[""0c412ab7a949f31ce9112662""]"
687c0ad2c460d64dfc19,3bc4ca0ab8195aa983e3,cpu-readahead-control,damacy,batch-default,synthetic,smooth4,local block storage,full-scan,"[8,256,256]","[1,128,256]",65536,zstd,16384,3,9.248944964464473,9.171932304436902,9.30420077335416,1.8309433434379625,1.0,1.0,0.546147346496582,"active planning, reads, decode, dtype conversion and assembly; preparation/cache control excluded",returned float32 output,"[""a29ff9a8a844a6309aa2202f"",""81d63be404fd2bc8f138be04"",""ec4c583656dcbf065b9efebf""]"
68901ed2d46a5516d1ca,1b081a8ad05132b3c3e4,microscopy-tensorstore-threads,tensorstore,legacy_cpu_thread_sweep,microscopy,as-dynacell,path on shared filesystem; historical mount unverified,random-crops,"[1,5,16,256,256]",,,,,1,2.102802857958394,2.102802857958394,2.102802857958394,,,,,Python read+decode timed loop after warmup; open/eviction excluded,archived patch_bytes; destination dtype unrecorded,"[""a9651787054be10e9ce090ce""]"
68de91bcc2eba5b94bfb,b07b72a78260e11bed02,cpu-chunk-blocks,damacy,chunks256-random,synthetic,smooth4,local block storage,random-1x256x256,"[1,256,256]","[1,512,512]",524288,lz4,262144,3,2.967669918862145,2.9517004992546987,2.979744613930153,1.6167072291075084,8.433349609375,8.433349609375,3.1800289154052734,"active planning, reads, decode, dtype conversion and assembly; preparation/cache control excluded",returned float32 output,"[""4e413ddb02d99c90b89a86e0"",""b03edcfbf85b8058328e81f4"",""fe1ec9e36bb20a9af8d4b617""]"
68eee9f20d4d22aa363a,3f730553f5d2528deecd,cpu-nfs-local-spot,damacy,chunks256-default,synthetic,smooth4,local block storage,full-scan,"[8,256,256]","[1,256,256]",131072,zstd,131072,3,20.053381017321485,12.597597718741294,20.569896983421703,1.8644857768631582,1.0,1.0,0.5363426208496094,"active planning, reads, decode, dtype conversion and assembly; preparation/cache control excluded",returned float32 output,"[""a7c6e3f359dfba4d84ae4b4c"",""a6e7df55bcd3b9b569881a87"",""adb994453f4713efc6455ad4""]"
68f3d48490daaa17a379,c7d874fe3091b2d6e1df,legacy-native,damacy,legacy_gpu_pipeline,microscopy,qd-8,path on shared filesystem; historical mount unverified,random-crops,"[1,1,16,256,256]",,,,,1,0.689765534899377,0.689765534899377,0.689765534899377,,,,,steady-state native wall after warmup; device transfer/decode/assembly included; startup reported separately,returned pipeline-dtype output,"[""eb708f92d13dff4da39389aa""]"
69514f2307ca0f970c62,3f96a364dd296e49d84c,legacy-native,damacy,legacy_gpu_pipeline,synthetic,throughput,path on shared filesystem; historical mount unverified,random-crops,"[128,128,128]","[32,64,64]",262144,"[""zstd""]",,1,8.716723906486985,8.716723906486985,8.716723906486985,,2.76048828125,,,steady-state native wall after warmup; device transfer/decode/assembly included; startup reported separately,returned pipeline-dtype output,"[""4d5be16a46c3c3c3384ca9f7""]"
69b5e68be84c125179e7,2a3012d3e58fff7cd111,legacy-native,damacy,legacy_gpu_pipeline,microscopy,rop-2048,path on shared filesystem; historical mount unverified,random-crops,"[1,1,16,256,256]",,,,,1,1.7713084868349267,1.7713084868349267,1.7713084868349267,,,,,steady-state native wall after warmup; device transfer/decode/assembly included; startup reported separately,returned pipeline-dtype output,"[""bfb05ea8ca542df721cd897c""]"
6a6258634a4d7e6a1d2a,d9c57f3b6b48d5a8315a,legacy-native,damacy,legacy_gpu_pipeline,microscopy,dynacell-fast-coalesce,path on shared filesystem; historical mount unverified,random-crops,"[1,1,16,256,256]",,,,,1,1.049829087824502,1.049829087824502,1.049829087824502,,,,,steady-state native wall after warmup; device transfer/decode/assembly included; startup reported separately,returned pipeline-dtype output,"[""b3612d84df3924f20daa4682""]"
6afcda70f580ed855eee,9c6e29f201f7f0624b56,legacy-native,damacy,legacy_gpu_pipeline,microscopy,dynacell-one,path on shared filesystem; historical mount unverified,random-crops,"[1,1,16,256,256]","[1,1,4,256,256]",1048576,"[""blosc-zstd""]",,1,0.4921395471528743,0.4921395471528743,0.4921395471528743,,4.72515625,,,steady-state native wall after warmup; device transfer/decode/assembly included; startup reported separately,returned pipeline-dtype output,"[""38e95b19e3a1ba8af75f89bf""]"
6b06c3de16daa836ea5f,ac3c4db9649423b13eec,cpu-nfs-local-spot,tensorstore,tensorstore,synthetic,smooth4,NFS,random-1x256x256,"[1,256,256]","[1,512,512]",524288,lz4,524288,3,1.5194660782103915,1.2946816552881137,1.5903194748767024,1.626606892779916,,8.433349609375,,"active planning, reads, decode, dtype conversion and assembly; preparation/cache control excluded",returned float32 output,"[""9faacdf990512c060519b6d3"",""62d48c603f7c9e14c72eead5"",""31ad5ef622903e711c28ec53""]"
6ba438dbe3e1c8bd1286,34413f7e8e510ec6be63,cpu-buffer-control,damacy,chunks32-random,synthetic,smooth4,local block storage,random-1x256x256,"[1,256,256]","[1,128,256]",65536,zstd,16384,3,2.2497564113352353,2.2351388033327173,2.2560259311979762,1.8309433434379625,2.98046875,2.98046875,1.4038677215576172,"active planning, reads, decode, dtype conversion and assembly; preparation/cache control excluded",returned float32 output,"[""0b91ca7fb632c291c73b0b0a"",""ddf3cbf4a0b5bb77c344b1a2"",""d7fc32968ea012ff7e41bb78""]"
6c7e513dbbe54a58ea79,15eb014354e7cec6a7a4,pr160-cold-storage,damacy,damacy,synthetic,random12,local block storage,aligned,"[1,256,256]","[1,128,256]",65536,zstd,16384,3,2.4491309711200064,2.3984910301761264,2.4516297627197563,1.3279292888390097,0.998046875,0.998046875,0.8924511500767299,complete wall including file eviction and residency checks,returned float32 output,"[""c3c7fb9cf69c78c4597f7722"",""67166d9a02c6395989809f0c"",""1513717d5c744894eab89da7""]"
6c8f0c9b4602f47eb0e8,3f730553f5d2528deecd,cpu-nfs-local-spot,damacy,chunks256-default,synthetic,smooth4,local block storage,full-scan,"[8,256,256]","[1,128,128]",32768,zstd,32768,3,14.350636432559051,13.69496937013396,14.401787293720593,1.8451430092694745,1.0,1.0,0.5419650077819824,"active planning, reads, decode, dtype conversion and assembly; preparation/cache control excluded",returned float32 output,"[""6f57acfe1f9bce34d4c704b9"",""4cd7aeb3d3de28bff4d38fdf"",""c8ea782e33db4a41ef137afa""]"
6c9a1631fdc16dc65ff9,3fe0cb0b04a8ea40ee71,pr160-cold-storage,damacy,damacy,synthetic,smooth4,local block storage,random-1x256x256,"[1,256,256]","[8,256,256]",1048576,lz4,16384,3,1.0430706290273977,1.0314331737201519,1.0759311814057884,1.5673371618357246,29.564453125,29.564453125,5.05624272273137,complete wall including file eviction and residency checks,returned float32 output,"[""fe66eff624f739bc7a6901ee"",""90a5b398276a0f8892e675fd"",""ae5559201febb3c8cc34ac77""]"
6cd446b8f0010f247447,6928be6f3bc14d659c74,cpu-chunk-blocks,damacy,chunks256-default,synthetic,smooth4,local block storage,full-scan,"[8,256,256]","[1,128,128]",32768,zstd,4096,3,13.017425820200891,12.924097054326186,13.10288326414565,1.7797988160289273,1.0,1.0,0.5618627071380615,"active planning, reads, decode, dtype conversion and assembly; preparation/cache control excluded",returned float32 output,"[""d6c9bf14f2be078ff94ef2fc"",""4a608eeb7fa97ff4c9e6f293"",""5fc801b3a6b72569f4f20045""]"
6ceecee743d4642bb6cf,1f97dd362e4d690e63dc,cpu-nfs-local-spot,tensorstore,tensorstore,synthetic,smooth4,local block storage,random-1x256x256,"[1,256,256]","[1,512,512]",524288,zstd,524288,3,3.2218399171451986,3.2179661533725734,3.3106959955846103,1.970907362204299,,8.433349609375,3.3318343692355685,"active planning, reads, decode, dtype conversion and assembly; preparation/cache control excluded",returned float32 output,"[""eb0af77af0a78d6371862ae8"",""dc35db20a132dd2cfa729013"",""259b518d0fbbcc028bf692f3""]"
6cfbf23662fdaa20b399,ad9edf9d9663925e5645,microscopy-chammi-dense-confirmation,damacy,legacy_gpu_pipeline,microscopy,chammi-idr0017,path on shared filesystem; historical mount unverified,random-crops,"[1,1,1,256,256]",,,,,3,2.044722163152471,1.9803674294513907,2.0708964496551268,,,,,steady-state native wall after warmup; device transfer/decode/assembly included; startup reported separately,returned pipeline-dtype output,"[""9f25a01b96697af3516fc3bb"",""905fef810e414abbfbdcd990"",""46fba205044e23a56031a935""]"
6d367713976c55123810,61a6573b6265e3efede9,cpu-nfs-local-spot,tensorstore,tensorstore,synthetic,smooth4,NFS,full-scan,"[8,256,256]","[1,128,128]",32768,zstd,32768,3,6.704972117830468,6.661918601416964,7.0589450953974735,1.8451430092694745,,1.0,,"active planning, reads, decode, dtype conversion and assembly; preparation/cache control excluded",returned float32 output,"[""33ae483377720c3c1607bbe9"",""df3fd9e763152f1d9e2e9114"",""c3976ee025f83ca188f20d74""]"
6d88355b5800c6fedbad,6c17d97038a280425c61,cpu-buffer-control,damacy,chunks256-random,synthetic,smooth4,local block storage,random-1x256x256,"[1,256,256]","[1,128,256]",65536,zstd,16384,3,3.287698250030859,3.2451231020818505,3.293651039719107,1.8309433434379625,2.98046875,2.98046875,1.4038677215576172,"active planning, reads, decode, dtype conversion and assembly; preparation/cache control excluded",returned float32 output,"[""d86cc34f3f56499ea207b3e4"",""0f4e5d5b56ab4d468ff0ceef"",""c40a7477f16bde3a40e2502a""]"
6da07ec4d503f861d4b4,f133cf89e48900458342,cpu-nfs-local-spot,damacy,chunks256-random,synthetic,smooth4,NFS,random-1x256x256,"[1,256,256]","[1,256,256]",131072,zstd,131072,3,1.1908955711329807,1.075858780743591,1.3887122682221293,1.8644857768631582,3.97491455078125,3.97491455078125,,"active planning, reads, decode, dtype conversion and assembly; preparation/cache control excluded",returned float32 output,"[""596d6c88913b83a96e0548ce"",""f190c163444984eae653004b"",""591695c0cd19c964ef3f76d8""]"
6dfca912cc8b9a488c28,25ef8c48356f4ba6930e,legacy-native,damacy,legacy_gpu_pipeline,microscopy,meta-32,path on shared filesystem; historical mount unverified,random-crops,"[1,1,16,256,256]",,,,,1,1.993963872564971,1.993963872564971,1.993963872564971,,,,,steady-state native wall after warmup; device transfer/decode/assembly included; startup reported separately,returned pipeline-dtype output,"[""7baf18368447c7e7a95f7699""]"
6e9c79fa94446074f2b5,1ed9d6996d754496cd26,microscopy-dynacell-reformat,damacy,legacy_gpu_pipeline,microscopy,dynacell-reformat-128crop,path on shared filesystem; historical mount unverified,random-crops,"[16,1,1,128,128]",,,,,1,1.3327931078602806,1.3327931078602806,1.3327931078602806,,,,,steady-state native wall after warmup; device transfer/decode/assembly included; startup reported separately,returned pipeline-dtype output,"[""167a9704acfec7d0dd8c7329""]"
6eab42695648f8e10b37,272c3abd3fa1ccf6abf9,pr160-warm-smooth-crops,damacy,damacy,synthetic,smooth4,local block storage,random-1x256x256,"[1,256,256]","[1,64,128]",16384,lz4,16384,5,3.2957750843594464,2.8663664496739285,3.364593658837378,1.5700748798465642,1.85260009765625,1.85260009765625,,active read loop after one correctness/warmup pass,returned float32 output,"[""43faa43edf3bb08e1aefeb94"",""194762fbf7009ed00a4e3111"",""78c5912a7abeeab3a5436f32"",""d22058f74b4dbf65518e8a8c"",""719e1fca81458a106872a662""]"
6eb002f6882aaa5c4062,26c6b410061d58a3bda5,cpu-small-chunks,tensorstore,tensorstore,synthetic,smooth4,local block storage,full-scan,"[8,256,256]","[1,256,256]",131072,zstd,16384,3,10.350832788136119,10.146789892308258,10.420492657152353,1.8317621551383316,,1.0,0.5459167957305908,"active planning, reads, decode, dtype conversion and assembly; preparation/cache control excluded",returned float32 output,"[""b42ee03df35296d52dae6e7d"",""a3f6c3943622ea3b16f671c0"",""ba63dadb462ca8751d3428a8""]"
706d0672f67ee7433223,ad9edf9d9663925e5645,microscopy-chammi-dense-confirmation,damacy,legacy_gpu_pipeline,microscopy,chammi-idr0017,path on shared filesystem; historical mount unverified,random-crops,"[1,1,1,256,256]",,,,,3,1.7610925348461508,1.6254312810999185,1.9114435833603485,,,,,steady-state native wall after warmup; device transfer/decode/assembly included; startup reported separately,returned pipeline-dtype output,"[""cdd7324e41417f7f5f0bd663"",""753280ec0ae5bedb6d2c942f"",""272a0d9f946825cb0ccb1fed""]"
70789a19bc73b4e6fe63,de8b99e5182439900edf,cpu-scheduling-paired,tensorstore,tensorstore,synthetic,smooth4,local block storage,random-1x256x256,"[1,256,256]","[1,128,256]",65536,zstd,16384,3,2.4534933266786916,2.4466534704976293,2.473406426530038,1.8309433434379625,,2.98046875,1.7858905792236328,"active planning, reads, decode, dtype conversion and assembly; preparation/cache control excluded",returned float32 output,"[""d19b660e4376353e450d6b0f"",""815b79cc234191e8cb46869e"",""2ee2b662cbe484f6492cb92d""]"
708cd329d7e5ad02f54a,e1cc821d3cab1404ef84,cpu-chunk-blocks,tensorstore,tensorstore,synthetic,smooth4,local block storage,random-1x256x256,"[1,256,256]","[1,512,512]",524288,zstd,262144,3,3.36437546031021,3.308035255713881,3.4132912506394035,1.8823881322928948,,8.433349609375,3.49053955078125,"active planning, reads, decode, dtype conversion and assembly; preparation/cache control excluded",returned float32 output,"[""d29f119cb752b8c29898c9c6"",""8ce070d1afdbf20bcf099f41"",""57028032a92f16bbdcc55551""]"
70aab36375e9f32d1af7,6e17d57538e5ff4dac24,pr160-warm-baseline,damacy,damacy,synthetic,random12,local block storage,full-scan,"[8,256,256]","[2,256,256]",262144,zstd,32768,3,24.781789580587965,21.144840218339787,25.098002579393082,1.3272309551969836,1.0,,,active read loop after one correctness/warmup pass,returned float32 output,"[""55a4cb59c1bb5069fdbb1c6e"",""7355b0c7c7fa051ffb81f6ea"",""2d9a77431ae8289ae6b6598e""]"
70d32be324a15ddc2870,e1cc821d3cab1404ef84,cpu-chunk-blocks,tensorstore,tensorstore,synthetic,smooth4,local block storage,random-1x256x256,"[1,256,256]","[1,128,128]",32768,zstd,32768,3,2.7381308614201565,2.6581773337218517,2.765783417428193,1.8451430092694745,,2.2350616455078125,1.4707330976213728,"active planning, reads, decode, dtype conversion and assembly; preparation/cache control excluded",returned float32 output,"[""4489b210c94a9b93298370c0"",""4c68d913c1febd2aa9f86ba2"",""fa50ef8d5994141b20e029bb""]"
70fa9b6a21bbfe4fb387,d50fde3d5d8879146bb0,pr160-warm-xor-crops,damacy,damacy,synthetic,xor,local block storage,random-1x256x256,"[1,256,256]","[1,128,256]",65536,zstd,16384,5,5.938868112477314,5.02659572857615,6.4118620213276785,79.34138090744028,2.9593505859375,2.9593505859375,,active read loop after one correctness/warmup pass,returned float32 output,"[""bd8b3c0064c0c1acb89cd76d"",""05f5c986f7aa5b5736a7fcd7"",""2a0c6afd703e13d83183ed93"",""a5e26db74e2adb0a3391cb60"",""97c0f5ce3cd76e19cb413b91""]"
7108b9b7a5ef9440b221,95310912c93baa8e7b97,cpu-fixed-layout-pilot,tensorstore,tensorstore,synthetic,smooth4,local block storage,random-1x256x256,"[1,256,256]","[1,128,256]",65536,zstd,16384,3,2.4654099381744756,2.4615421190420985,2.489523635213992,1.8309433434379625,,2.98046875,1.7883246285574776,"active planning, reads, decode, dtype conversion and assembly; preparation/cache control excluded",returned float32 output,"[""38344f69cacca9f28fc55a46"",""af68bfc7264675e700f984a1"",""a32d669d2df8578a23053c10""]"
713d4314651da8ad1e65,6e17d57538e5ff4dac24,pr160-warm-baseline,damacy,damacy,synthetic,random12,local block storage,full-scan,"[8,256,256]","[2,256,256]",262144,lz4,262144,3,20.262494373908414,19.817351532048807,21.127720926295556,1.3255328485955196,1.0,,,active read loop after one correctness/warmup pass,returned float32 output,"[""e8d9d9a89ef960c26d82743d"",""8ab1b9ffd0b62608fc2ac036"",""a55b97b44449466d3ca29d42""]"
7182695a057c761331b8,c0838ded23344fc4cb65,legacy-native,damacy,legacy_gpu_pipeline,microscopy,rop-1024,path on shared filesystem; historical mount unverified,random-crops,"[1,1,16,256,256]",,,,,1,1.5505414490740166,1.5505414490740166,1.5505414490740166,,,,,steady-state native wall after warmup; device transfer/decode/assembly included; startup reported separately,returned pipeline-dtype output,"[""3ec68b3504a5566e68b8df5c""]"
72df752e3c705916d49f,abb130f9ae7b34fc6597,cpu-readahead-control,damacy,persistent-random,synthetic,smooth4,local block storage,full-scan,"[8,256,256]","[1,128,256]",65536,zstd,16384,3,4.957670997296247,4.941396692682593,4.979230998825251,1.8309433434379625,1.0,1.0,0.5459244251251221,"active planning, reads, decode, dtype conversion and assembly; preparation/cache control excluded",returned float32 output,"[""7b736c551b9d11aaf904c391"",""3d04e2819538c5cb1209c037"",""771c66041edfd199fa6c3a8d""]"
7341105eaf66ece7593c,b07b72a78260e11bed02,cpu-chunk-blocks,damacy,chunks256-random,synthetic,smooth4,local block storage,random-1x256x256,"[1,256,256]","[1,512,512]",524288,lz4,65536,3,2.9793213075505114,2.9638861999568427,2.988764846948779,1.5980931987208997,8.433349609375,8.433349609375,3.2169017791748047,"active planning, reads, decode, dtype conversion and assembly; preparation/cache control excluded",returned float32 output,"[""3a7284a6ab1d4afa8360dcbe"",""badb0002afd509659b72f62c"",""9470197a3a03b9b0a38fb8f7""]"
7399243da6494e9f741a,8173e7faab9006c5c8f2,legacy-native,damacy,legacy_gpu_pipeline,microscopy,preset-hbw6,path on shared filesystem; historical mount unverified,random-crops,"[1,1,16,256,256]",,,,,1,4.223729248818201,4.223729248818201,4.223729248818201,,,,,steady-state native wall after warmup; device transfer/decode/assembly included; startup reported separately,returned pipeline-dtype output,"[""20ef0f8762d0e67d320c0b53""]"
7465c57806488154efc2,8acc52bf5c431892247a,legacy-array-count-control,damacy,legacy_gpu_pipeline,microscopy,as-dynacell,path on shared filesystem; historical mount unverified,random-crops,"[1,5,16,256,256]",,,,,1,4.184576654748993,4.184576654748993,4.184576654748993,,,,,steady-state native wall after warmup; device transfer/decode/assembly included; startup reported separately,returned pipeline-dtype output,"[""48d0c18fd6b1268533a9f856""]"
747f5f7d96451f57bc1a,f08f13ba575e2dc2603d,microscopy-survey-tuned,damacy,legacy_gpu_pipeline,microscopy,survey-chammi75,path on shared filesystem; historical mount unverified,random-crops,"[1,1,1,256,256]",,,,,1,0.23090200297327892,0.23090200297327892,0.23090200297327892,,,,,steady-state native wall after warmup; device transfer/decode/assembly included; startup reported separately,returned pipeline-dtype output,"[""d293981618ee92212e475297""]"
74a3d3bc1b01a8c6ad15,ad9edf9d9663925e5645,microscopy-chammi-dense-confirmation,damacy,legacy_gpu_pipeline,microscopy,chammi-idr0017,path on shared filesystem; historical mount unverified,random-crops,"[1,1,1,256,256]",,,,,3,1.3426038638349063,1.2038291397276457,1.713580698227015,,,,,steady-state native wall after warmup; device transfer/decode/assembly included; startup reported separately,returned pipeline-dtype output,"[""2df48d0690738136a6219fa5"",""f73f53eb966e3b46d2f18ea6"",""1cf574a9bd4b524a1e7e3810""]"
74a4d40c5faf6d0d1451,c5c05e026b0ebff13da1,legacy-native,damacy,legacy_gpu_pipeline,microscopy,meta-128,path on shared filesystem; historical mount unverified,random-crops,"[1,1,16,256,256]",,,,,1,1.8709633964721115,1.8709633964721115,1.8709633964721115,,,,,steady-state native wall after warmup; device transfer/decode/assembly included; startup reported separately,returned pipeline-dtype output,"[""03c7d6dc5b2e131cec5f18ac""]"
750acc902fa991aa7dc2,d845df774bc1b431edec,cpu-chunk-blocks,damacy,chunks256-default,synthetic,smooth4,local block storage,random-1x256x256,"[1,256,256]","[1,512,512]",524288,lz4,65536,3,3.1476673042616428,3.1297567603240743,3.1587747430005897,1.5980931987208997,8.433349609375,8.433349609375,4.138288497924805,"active planning, reads, decode, dtype conversion and assembly; preparation/cache control excluded",returned float32 output,"[""e35bee6fbae86449d05c6d0c"",""b0590aa8728d8271627c326f"",""180bf20cab6fb3f64dba818f""]"
754794a0672182990926,f5727280b0671949c3c7,pr160-warm-random-crops,damacy,damacy,synthetic,random12,local block storage,random-1x512x512,"[1,512,512]","[1,64,128]",16384,lz4,16384,5,4.31805346116883,3.53137700376523,4.874576749556679,1.3188445768380552,1.37933349609375,1.37933349609375,,active read loop after one correctness/warmup pass,returned float32 output,"[""673673b6648d7732507422c5"",""3cede7f9c16fbce9f38e6286"",""16a0b073a81f85f45a224202"",""d3d35f3085d67b27b8938883"",""035f12d6140049c70f3b78a4""]"
75596ac3b50fa1ae5cae,160de9bbe9ae3d76ccce,legacy-native,damacy,legacy_gpu_pipeline,microscopy,preset,path on shared filesystem; historical mount unverified,random-crops,"[1,1,16,256,256]",,,,,1,1.8322024979515974,1.8322024979515974,1.8322024979515974,,,,,steady-state native wall after warmup; device transfer/decode/assembly included; startup reported separately,returned pipeline-dtype output,"[""e59a006db57148054a16b349""]"
7570ff4d4cc287bd501d,9577427ed99ded0e5478,cpu-small-chunks,damacy,chunks256-random,synthetic,smooth4,local block storage,random-1x256x256,"[1,256,256]","[1,64,128]",16384,zstd,16384,3,3.871399624138299,3.8648597372223,3.8793649549319795,1.8333944608562351,1.8616943359375,1.8616943359375,1.030862808227539,"active planning, reads, decode, dtype conversion and assembly; preparation/cache control excluded",returned float32 output,"[""b2cc4577ad9765ecca08b0f0"",""91d0833c9d6782728787e62a"",""49542856c45b6443772fb8c9""]"
766a9dd5daf44fb6cd86,8c9460fe6e58dbd700de,cpu-small-chunks,damacy,chunks256-random,synthetic,smooth4,local block storage,full-scan,"[8,256,256]","[1,64,128]",16384,zstd,16384,3,7.975866877116969,7.948711604276514,7.99961242219064,1.8333944608562351,1.0,1.0,0.5444614887237549,"active planning, reads, decode, dtype conversion and assembly; preparation/cache control excluded",returned float32 output,"[""9abe147bcb8072b10801c165"",""cfb445f280581238f90a424a"",""23b4fd8f647801ba01d5a8b3""]"
774c401366f9498e1ba5,3eac91077031ee6361df,cpu-nfs-local-spot,damacy,chunks256-random,synthetic,smooth4,local block storage,full-scan,"[8,256,256]","[1,512,512]",524288,lz4,524288,3,24.30912491620834,24.283512781130966,24.455877589188354,1.626606892779916,1.0,1.0,0.6147480010986328,"active planning, reads, decode, dtype conversion and assembly; preparation/cache control excluded",returned float32 output,"[""bc63316d9a28b17a9a42b375"",""fb7028a3a1e2eca7f3303d54"",""873a58dbfc8bb717bb7b3b0c""]"
77815986c8c426ce8071,9b8bcbc01f7bb642ea2f,microscopy-128crop,damacy,legacy_gpu_pipeline,microscopy,bench128-dynacell-raw,path on shared filesystem; historical mount unverified,random-crops,"[16,1,1,128,128]",,,,,1,0.4750785209779473,0.4750785209779473,0.4750785209779473,,,,,steady-state native wall after warmup; device transfer/decode/assembly included; startup reported separately,returned pipeline-dtype output,"[""718184b8dfdea506a1f5fb1e""]"
7785dde8891e3a88bc71,cbabe8752dccec37378b,legacy-native,damacy,legacy_gpu_pipeline,microscopy,dynacell-real-train-coalesce,path on shared filesystem; historical mount unverified,random-crops,"[1,5,16,256,256]",,,,,1,1.0266012926963477,1.0266012926963477,1.0266012926963477,,,,,steady-state native wall after warmup; device transfer/decode/assembly included; startup reported separately,returned pipeline-dtype output,"[""dfe073b11bef828720d03b3a""]"
77d2a8d026c237bc9a60,cfa6e96947ebd4d5589b,cpu-fixed-layout-pilot,damacy,damacy,synthetic,smooth4,local block storage,aligned,"[1,256,256]","[1,128,256]",65536,zstd,16384,3,12.015889378989032,11.972449978051307,12.243350832800095,1.8309433434379625,0.999267578125,0.999267578125,0.0,"active planning, reads, decode, dtype conversion and assembly; preparation/cache control excluded",returned float32 output,"[""893215f7124833c48a8acdf6"",""d1b18c3164e13f1c53727099"",""b12f9d6e04c451a6b81ff9cb""]"
77de7e9d0ff83f3bc1da,e0e8703262dc47eab85c,pr160-warm-random-crops,damacy,damacy,synthetic,random12,local block storage,aligned,"[1,256,256]","[8,256,256]",1048576,lz4,16384,5,8.170578288676525,7.817958890614764,8.431954692701234,1.322197120100801,7.859375,7.859375,,active read loop after one correctness/warmup pass,returned float32 output,"[""6af1e7fc01c5e3b2982bd1d2"",""2df8ec0ca4127c6099d71198"",""a0c89cc2dfa6367204494afa"",""c4004be8159f641f16420288"",""3a1a09fc2580b063a11b8bce""]"
77e75658a7564f80ab01,85833ca1a05fa9f263cf,cpu-nfs-local-spot,damacy,chunks256-default,synthetic,smooth4,NFS,full-scan,"[8,256,256]","[1,128,128]",32768,zstd,32768,3,14.498235993367938,13.752735601243604,17.110666289088645,1.8451430092694745,1.0,1.0,,"active planning, reads, decode, dtype conversion and assembly; preparation/cache control excluded",returned float32 output,"[""9f8c7ba3f1670d798d7a8375"",""ac5a79390c81d3b8fe0f1ad3"",""6b574c7d1af4dccab2181c39""]"
77f87023f08be27c32b9,b07b72a78260e11bed02,cpu-chunk-blocks,damacy,chunks256-random,synthetic,smooth4,local block storage,random-1x256x256,"[1,256,256]","[1,128,128]",32768,lz4,4096,3,3.3291162733955186,3.3003545487876833,3.3582837465865483,1.5216670305492115,2.2350616455078125,2.2350616455078125,1.341085433959961,"active planning, reads, decode, dtype conversion and assembly; preparation/cache control excluded",returned float32 output,"[""3d21a881cc224ff3b8dc989e"",""e05bd8f7178554a9b2553c35"",""45b092d2d431179e1280815e""]"
780ecf5160360df3d158,1fb438294d5ac2bb57e1,cpu-chunk-blocks,damacy,chunks256-random,synthetic,smooth4,local block storage,full-scan,"[8,256,256]","[1,128,128]",32768,zstd,32768,3,11.590241944084916,11.32119374889188,11.626951493196888,1.8451430092694745,1.0,1.0,0.5414767265319824,"active planning, reads, decode, dtype conversion and assembly; preparation/cache control excluded",returned float32 output,"[""12abcc37af7fd63f90b26923"",""be89b7e125bf76ba65a54188"",""7dbb281134b5f943be59e5f1""]"
784e7a8593ad3da21249,25d7d73151965da3b41e,cpu-readahead-control,damacy,batch-random,synthetic,smooth4,local block storage,full-scan,"[8,256,256]","[1,128,256]",65536,zstd,16384,3,4.9742224359840295,4.95961422833711,4.992979054800815,1.8309433434379625,1.0,1.0,0.5459244251251221,"active planning, reads, decode, dtype conversion and assembly; preparation/cache control excluded",returned float32 output,"[""d1936bb04fdd5be400330194"",""45cb44a8ed738ac4d11a6b28"",""b24f5604bdc384bb9d9f403a""]"
78fa6fc4debadc5e1994,d845df774bc1b431edec,cpu-chunk-blocks,damacy,chunks256-default,synthetic,smooth4,local block storage,random-1x256x256,"[1,256,256]","[1,256,256]",131072,lz4,131072,3,3.3698734015883525,3.363830247885023,3.390392434126367,1.6017382552426165,3.97491455078125,3.97491455078125,2.9288726382785373,"active planning, reads, decode, dtype conversion and assembly; preparation/cache control excluded",returned float32 output,"[""4a8dd85ade15e404e59052e3"",""95380fb31ea9ad9f5a09e349"",""8d0c8aea04090df2543f902b""]"
790772c851b48b1a6a69,de8b99e5182439900edf,cpu-scheduling-paired,tensorstore,tensorstore,synthetic,smooth4,local block storage,random-1x256x256,"[1,256,256]","[1,128,256]",65536,lz4,16384,3,2.3077365548220237,2.29800062945472,2.3092903015165844,1.5663428823641548,,2.98046875,2.057243982950846,"active planning, reads, decode, dtype conversion and assembly; preparation/cache control excluded",returned float32 output,"[""7e07a45acd7509a2191ee186"",""fa78758eef34e40d806c8d99"",""2458ee8cb9885e80fe844e6f""]"
795915f8607b4b5fc5e0,6e17d57538e5ff4dac24,pr160-warm-baseline,damacy,damacy,synthetic,random12,local block storage,full-scan,"[8,256,256]","[8,256,256]",1048576,lz4,8192,3,24.69179646638305,22.28602814416948,25.628463129883023,1.3193228117249562,1.0,,,active read loop after one correctness/warmup pass,returned float32 output,"[""4f030447ac0df0c3629f36fb"",""c269d70866b0584959c5975f"",""2951ba3800dd648f22b5110c""]"
79da05fd205c30c01d1d,862a43ee36563ca6e65f,cpu-nfs-local-spot,damacy,chunks256-random,synthetic,smooth4,NFS,full-scan,"[8,256,256]","[1,128,128]",32768,zstd,32768,3,5.7321524560927495,4.41457412512455,6.370302688197395,1.8451430092694745,1.0,1.0,,"active planning, reads, decode, dtype conversion and assembly; preparation/cache control excluded",returned float32 output,"[""5fc6862d23ba7b468fe7b28e"",""c912b665f8199a59e5164f2e"",""eaf560e0e8ce6db8706c8189""]"
79f283d9b8e15ab7ceed,212433a39880d1d0301e,legacy-array-count-control,damacy,legacy_gpu_pipeline,synthetic,as-n32,path on shared filesystem; historical mount unverified,random-crops,"[64,256,256]","[16,256,256]",2097152,"[""zstd""]",,1,8.965259618976466,8.965259618976466,8.965259618976466,,4.912109375,,,steady-state native wall after warmup; device transfer/decode/assembly included; startup reported separately,returned pipeline-dtype output,"[""3e98a2e04b134f3c2bad09bc""]"
7a034eb4a039cd63d2c7,e8a5ef0a030fee34ce02,cpu-nfs-local-spot,tensorstore,tensorstore,synthetic,smooth4,local block storage,full-scan,"[8,256,256]","[1,512,512]",524288,lz4,524288,3,10.88636199865158,9.885737098529265,11.601901749998163,1.626606892779916,,1.0,0.614771842956543,"active planning, reads, decode, dtype conversion and assembly; preparation/cache control excluded",returned float32 output,"[""c0975a6a2d06680e3b0dedac"",""73913c689a99e93bf5404231"",""bbf09ae05ce5b8f72e2a28ae""]"
7a0b7a05cffc7d6f3920,e1cc821d3cab1404ef84,cpu-chunk-blocks,tensorstore,tensorstore,synthetic,smooth4,local block storage,random-1x256x256,"[1,256,256]","[1,128,128]",32768,lz4,4096,3,2.4080746846541397,2.3662110714732245,2.4188302380220787,1.5216670305492115,,2.2350616455078125,1.7306378682454426,"active planning, reads, decode, dtype conversion and assembly; preparation/cache control excluded",returned float32 output,"[""c80d4e118168888e0a0535fb"",""ac209c50ff7ed0e4e0dad506"",""5cdd47d75eadc246b4f10788""]"
7a1dcd57f5841cf0243c,da1064a8dd53ebd70729,cpu-scheduling-paired,damacy,after,synthetic,smooth4,local block storage,aligned,"[1,256,256]","[1,128,256]",65536,lz4,16384,3,13.09079042186878,12.88952621410528,13.13353709582034,1.5663428823641548,0.999267578125,0.999267578125,0.0,"active planning, reads, decode, dtype conversion and assembly; preparation/cache control excluded",returned float32 output,"[""b2d33b3dc2005662c1519e70"",""fd52eb4beeee039c818eefa8"",""075343fa1475ccf3d800c0f1""]"
7a5bbf60f2033fb8746f,e0e8703262dc47eab85c,pr160-warm-random-crops,damacy,damacy,synthetic,random12,local block storage,aligned,"[1,256,256]","[1,64,128]",16384,lz4,16384,5,6.7798429579140285,5.432339656219108,7.2507471791867895,1.3188445768380552,0.998046875,0.998046875,,active read loop after one correctness/warmup pass,returned float32 output,"[""0ce722764fbd8d5c2e6d86c5"",""5e679b49e69a44a09cc6c320"",""27556c9043c361e026500f10"",""8012bf7d58bb99e99227655a"",""2a22b41677f71ed445b766af""]"
7afc584a196cca4f9a65,a5b4d9385f49bf3ab40e,pr160-warm-smooth-crops,damacy,damacy,synthetic,smooth4,local block storage,aligned,"[1,256,256]","[1,64,128]",16384,zstd,16384,5,4.948630788811808,4.851481821022056,5.5192063685004324,1.8332768219493596,0.998046875,0.998046875,,active read loop after one correctness/warmup pass,returned float32 output,"[""5dd0e4004864c2ffa0a5237d"",""8fec531add74ef2e196bea43"",""ce24fdae7d3e172568a74767"",""0c7758f636c5deedc1633a19"",""c95ea5dfd602ce87cb7eafdd""]"
7b369f6910e059d8b855,95a0306d11a5ca2e1ca7,cpu-scheduling-paired,damacy,after,synthetic,smooth4,local block storage,full-scan,"[8,256,256]","[1,128,256]",65536,zstd,16384,3,11.261200198919735,11.208125550760242,11.27460909466518,1.8309433434379625,1.0,1.0,0.5461685657501221,"active planning, reads, decode, dtype conversion and assembly; preparation/cache control excluded",returned float32 output,"[""2005f87cb03c8e39922799ae"",""62326cab6afdd48d383f8b74"",""391784a3f480c0fa0a06a7e1""]"
7b468ac53f1da04d0b5c,e8a5ef0a030fee34ce02,cpu-nfs-local-spot,tensorstore,tensorstore,synthetic,smooth4,local block storage,full-scan,"[8,256,256]","[1,512,512]",524288,zstd,524288,3,10.518278861816343,9.849148900679383,11.839500580481678,1.970907362204299,,1.0,0.5073812007904053,"active planning, reads, decode, dtype conversion and assembly; preparation/cache control excluded",returned float32 output,"[""7638954d74dfca0af4b6e10a"",""7b4dabe786a75c8b15621585"",""d3ec94040ee0ff71c5630f11""]"
7b79bc0277312068efd5,d50fde3d5d8879146bb0,pr160-warm-xor-crops,damacy,damacy,synthetic,xor,local block storage,random-1x256x256,"[1,256,256]","[2,256,256]",262144,zstd,16384,5,4.809923597255416,4.634648401304191,4.836161803875314,81.7156858477324,7.8095703125,7.8095703125,,active read loop after one correctness/warmup pass,returned float32 output,"[""e8ef69317149820b9588b1ea"",""7320630e1635834ce030722b"",""d91364b7b72319e5706a929a"",""e01a3af133c7c64338bc1333"",""f5eed886833297f7a6a58025""]"
7bd36b5405c16c620dbd,9e2cbc7c267e9c5553b2,legacy-native,damacy,legacy_gpu_pipeline,microscopy,rop-16384,path on shared filesystem; historical mount unverified,random-crops,"[1,1,16,256,256]",,,,,1,1.7479608288970088,1.7479608288970088,1.7479608288970088,,,,,steady-state native wall after warmup; device transfer/decode/assembly included; startup reported separately,returned pipeline-dtype output,"[""37fdd5e1846c6ce5af834d0c""]"
7c3e837cb0fe58c768a4,b07b72a78260e11bed02,cpu-chunk-blocks,damacy,chunks256-random,synthetic,smooth4,local block storage,random-1x256x256,"[1,256,256]","[1,256,256]",131072,zstd,16384,3,3.497935565962786,3.485960672252871,3.4991463545008923,1.8317621551383316,3.97491455078125,3.97491455078125,1.715932846069336,"active planning, reads, decode, dtype conversion and assembly; preparation/cache control excluded",returned float32 output,"[""fdfd952b59a29ab937638471"",""e8f3121f0e537e7edf2bff59"",""954e0ca3bfc65a1789cf5718""]"
7c7ae0288b0679184cb3,555964ce1535b841f6e1,cpu-scheduling-paired,damacy,after,synthetic,smooth4,local block storage,random-1x256x256,"[1,256,256]","[1,128,256]",65536,zstd,16384,3,2.1007216468134615,2.0893357829339037,2.1094385266685096,1.8309433434379625,2.98046875,2.98046875,2.1309181849161782,"active planning, reads, decode, dtype conversion and assembly; preparation/cache control excluded",returned float32 output,"[""f169bef848288e2acbbea3ff"",""f0afc498a6805f1d27dc23c1"",""5a4703f10cb4cc47fcd979d3""]"
7cbc16b9869971c42452,8eee1d5cbd42eb6487b5,cpu-small-chunks,damacy,chunks256-default,synthetic,smooth4,local block storage,random-1x256x256,"[1,256,256]","[1,64,128]",16384,zstd,16384,3,3.71247322968761,3.6981773391013046,3.717480655418029,1.8333944608562351,1.8616943359375,1.8616943359375,1.434615135192871,"active planning, reads, decode, dtype conversion and assembly; preparation/cache control excluded",returned float32 output,"[""79a490112e7affc498514e7a"",""1808ca30063f0ceb34147835"",""a0571a85884f7948b4976140""]"
7d6e14ffc88d47c14ef0,1f97dd362e4d690e63dc,cpu-nfs-local-spot,tensorstore,tensorstore,synthetic,smooth4,local block storage,random-1x256x256,"[1,256,256]","[1,256,256]",131072,zstd,131072,3,2.7051180851384893,2.6845900599103127,2.7353336970210003,1.8644857768631582,,3.97491455078125,2.2242396218436107,"active planning, reads, decode, dtype conversion and assembly; preparation/cache control excluded",returned float32 output,"[""ba82fc08f32d974db5f76173"",""882910f5e3d5821be89e2ea7"",""4dfc47fecc71797a4b580818""]"
7d82f05c504bcbd9234a,c3761bde49c52f180130,pr160-warm-random-crops,damacy,damacy,synthetic,random12,local block storage,random-1x128x128,"[1,128,128]","[8,256,256]",1048576,lz4,16384,5,1.2779516158793656,1.1639116007170645,1.3035584124697526,1.322197120100801,62.8671875,62.8671875,,active read loop after one correctness/warmup pass,returned float32 output,"[""64cd231a86db8adf7d73a239"",""abf4bcfa761f130e3eef6f4d"",""0fc6c168ecbeba4f7ab0d2eb"",""287f74e6ce3196b8c2c4f6e9"",""eaa9f6be870afcc6f9c87498""]"
7dbe3be5d7c0404b2046,272c3abd3fa1ccf6abf9,pr160-warm-smooth-crops,damacy,damacy,synthetic,smooth4,local block storage,random-1x256x256,"[1,256,256]","[8,256,256]",1048576,lz4,16384,5,2.7807599080165875,2.6273015451863757,2.9137496429153966,1.5673371618357246,29.564453125,29.564453125,,active read loop after one correctness/warmup pass,returned float32 output,"[""5c4186b208b666eae02dfc65"",""297fff300763c1966fbf7723"",""a0be309f426b8d6ccce6e256"",""e88e96b35c0e70ec733c0d19"",""855f2077b78b422aed812020""]"
7e1f1d467775d2ba6c49,9a9ad4c3039a9209478c,cpu-scheduling-paired,damacy,before,synthetic,smooth4,local block storage,full-scan,"[8,256,256]","[1,128,256]",65536,zstd,16384,3,13.62465327334896,13.623391224793952,13.778387708854687,1.8309433434379625,1.0,1.0,0.0,"active planning, reads, decode, dtype conversion and assembly; preparation/cache control excluded",returned float32 output,"[""d066bc6b604d3529922fd5e6"",""234dec1d2ff417de1441b3d5"",""fe00fe1c63accff79cfd9e5c""]"
7ed4aec77a93d0052e81,3eac91077031ee6361df,cpu-nfs-local-spot,damacy,chunks256-random,synthetic,smooth4,local block storage,full-scan,"[8,256,256]","[1,256,256]",131072,zstd,131072,3,22.071794688989886,22.06234847561013,22.275698795423043,1.8644857768631582,1.0,1.0,0.5362205505371094,"active planning, reads, decode, dtype conversion and assembly; preparation/cache control excluded",returned float32 output,"[""7fb8d9d4dee9e5df2740a1ce"",""4d323f2e91dc357b3591bc7d"",""1ec0750890cb6054dd2dbdcb""]"
7ed6450bef48f2e9ea66,6928be6f3bc14d659c74,cpu-chunk-blocks,damacy,chunks256-default,synthetic,smooth4,local block storage,full-scan,"[8,256,256]","[1,512,512]",524288,lz4,65536,3,25.629862008397136,24.71876647715427,25.949569339752426,1.5980931987208997,1.0,1.0,0.6257476806640625,"active planning, reads, decode, dtype conversion and assembly; preparation/cache control excluded",returned float32 output,"[""d4ca218e88d8e9ac16f4ffd3"",""33460c2bf9cf908e053b142e"",""0b9db39e7b9d7867a8025caa""]"
7f1ed24b41aaa219ad61,6f7648b37529e56c29d1,microscopy-tensorstore-threads,tensorstore,legacy_cpu_thread_sweep,microscopy,survey-chammi75,path on shared filesystem; historical mount unverified,random-crops,"[1,1,1,256,256]",,,,,1,0.02132617594108478,0.02132617594108478,0.02132617594108478,,,,,Python read+decode timed loop after warmup; open/eviction excluded,archived patch_bytes; destination dtype unrecorded,"[""1c91cb9882a39c93f5bdb092""]"
7ffb6250a44a1c14edd4,e1cc821d3cab1404ef84,cpu-chunk-blocks,tensorstore,tensorstore,synthetic,smooth4,local block storage,random-1x256x256,"[1,256,256]","[1,512,512]",524288,lz4,262144,3,3.062161162659001,2.9917694027727673,3.1103231548889605,1.6167072291075084,,8.433349609375,4.021963357925415,"active planning, reads, decode, dtype conversion and assembly; preparation/cache control excluded",returned float32 output,"[""e146de5c6bd0ae540da2ee29"",""fb77ed3904b19733e98bd05f"",""c25f361fa37a34d7f670e75b""]"
80163d0f4907f315f2e5,aa409a33af108afa43cb,microscopy-tensorstore-threads,tensorstore,legacy_cpu_thread_sweep,microscopy,survey-chammi75,path on shared filesystem; historical mount unverified,random-crops,"[1,1,1,256,256]",,,,,1,0.15892872690069207,0.15892872690069207,0.15892872690069207,,,,,Python read+decode timed loop after warmup; open/eviction excluded,archived patch_bytes; destination dtype unrecorded,"[""982f705f1e7a3d1a865ff7c5""]"
804bbf8a01aa4da014db,77b7597ccef67c6adaed,cpu-fixed-layout-pilot,tensorstore,tensorstore,synthetic,smooth4,local block storage,full-scan,"[8,256,256]","[1,128,256]",65536,lz4,16384,3,8.73412367630685,8.538059635546443,8.748824204751287,1.5663428823641548,,1.0,0.638418436050415,"active planning, reads, decode, dtype conversion and assembly; preparation/cache control excluded",returned float32 output,"[""14ffac4995723c055b6f8c3b"",""754298afe25fada8e589ffdc"",""3debf31a0f350727bcd7ac54""]"
80aea25a03097c7492e9,8eee1d5cbd42eb6487b5,cpu-small-chunks,damacy,chunks256-default,synthetic,smooth4,local block storage,random-1x256x256,"[1,256,256]","[1,64,128]",16384,lz4,16384,3,3.32689185052666,3.30765361361311,3.3381675137442417,1.570198337802875,1.8616943359375,1.8616943359375,1.6974788241916232,"active planning, reads, decode, dtype conversion and assembly; preparation/cache control excluded",returned float32 output,"[""bada4a29ba9d23b757348602"",""7e149946eea7c929fff9869c"",""f985e0db54d0c6ab2dc6da9f""]"
80af0b13e5447b13c5a9,1f97dd362e4d690e63dc,cpu-nfs-local-spot,tensorstore,tensorstore,synthetic,smooth4,local block storage,random-1x256x256,"[1,256,256]","[1,512,512]",524288,lz4,524288,3,2.9763961294330543,2.946556416280872,2.9947556600501515,1.626606892779916,,8.433349609375,3.9952468872070312,"active planning, reads, decode, dtype conversion and assembly; preparation/cache control excluded",returned float32 output,"[""aaf9bb4e998f6136d05a53b7"",""a2ab052171a105b03b7f2de7"",""e0adda0195b7c2e0ec6d0dc9""]"
80de08a480a28784cb54,ada1405313e3a67737f2,legacy-native,damacy,legacy_gpu_pipeline,microscopy,rop-2048,path on shared filesystem; historical mount unverified,random-crops,"[1,1,16,256,256]",,,,,1,2.0063593566167324,2.0063593566167324,2.0063593566167324,,,,,steady-state native wall after warmup; device transfer/decode/assembly included; startup reported separately,returned pipeline-dtype output,"[""47d8dd6599d6c25b71451ddd""]"
81231b0895a96be0e88b,3fe0cb0b04a8ea40ee71,pr160-cold-storage,damacy,damacy,synthetic,smooth4,local block storage,random-1x256x256,"[1,256,256]","[1,64,128]",16384,lz4,16384,3,0.6587762324423155,0.6579003589198066,0.6669109820616406,1.5700748798465642,1.85260009765625,1.85260009765625,3.5740652084350586,complete wall including file eviction and residency checks,returned float32 output,"[""525632c6c6de6423bbe5f19b"",""e100699afa87a524c611a945"",""d0f9f9f10bb186fde7a0ea9b""]"
8273ac868d346a584e29,26c6b410061d58a3bda5,cpu-small-chunks,tensorstore,tensorstore,synthetic,smooth4,local block storage,full-scan,"[8,256,256]","[1,256,256]",131072,lz4,16384,3,10.755862906295807,10.422865674577613,11.296723788203513,1.5669420934469545,,1.0,0.6381721496582031,"active planning, reads, decode, dtype conversion and assembly; preparation/cache control excluded",returned float32 output,"[""742e095cafd4b33d60e050ca"",""29a448128e913e75e4edac50"",""ace4609d2eede6dddfa065e7""]"
8279b51158357cb6e4dd,6e17d57538e5ff4dac24,pr160-warm-baseline,damacy,damacy,synthetic,random12,local block storage,full-scan,"[8,256,256]","[2,256,256]",262144,zstd,4096,3,20.764012112579273,18.77422622688672,22.443224433357567,1.3164271169091502,1.0,,,active read loop after one correctness/warmup pass,returned float32 output,"[""6bf9a3678b2a9ea180f0a0c4"",""57a980c700cfe679e4027d95"",""5c9c9c3f61cbeb5a7c191977""]"
83b9ebc90652012644fc,b6232dca284c48206260,cpu-readahead-control,tensorstore,tensorstore,synthetic,smooth4,local block storage,random-1x256x256,"[1,256,256]","[1,128,256]",65536,lz4,16384,3,2.3133142442945474,2.3001464581076627,2.3257656382256733,1.5663428823641548,,2.98046875,2.0536721547444663,"active planning, reads, decode, dtype conversion and assembly; preparation/cache control excluded",returned float32 output,"[""b00ea505160062eef3c14aac"",""eb7afacfac704b16836963e9"",""4dbd1be7e6426d00b803c4c3""]"
8403a9a63a1b476da0d0,98d6a8560193f5fda6c2,cpu-fixed-layout-pilot,damacy,damacy,synthetic,smooth4,local block storage,random-1x256x256,"[1,256,256]","[1,128,256]",65536,zstd,16384,3,1.7721722728562281,1.7672205019287042,1.7907963066275703,1.8309433434379625,2.98046875,2.98046875,3.3107440948486326,"active planning, reads, decode, dtype conversion and assembly; preparation/cache control excluded",returned float32 output,"[""1da809beffb56f802407bef1"",""572e824c71cce47e12a6759d"",""489f648c199a33cc3ac83b1f""]"
8543a1529a433d1d9785,ad0697876cb4987ddc96,pr160-cold-storage,damacy,damacy,synthetic,smooth4,local block storage,aligned,"[1,256,256]","[1,128,256]",65536,lz4,16384,3,2.7755495423145344,2.710702996231135,2.7942515895901066,1.5662134506489405,0.998046875,0.998046875,0.7296925206338206,complete wall including file eviction and residency checks,returned float32 output,"[""4261671d4ce91ae5bf37e2e3"",""05b4ee1f79e35158f1e82ec7"",""6a17503018976b4a1bb00d88""]"
85fb83171283edb287ce,fc6fd6b876a5cd57c3e3,cpu-chunk-blocks,tensorstore,tensorstore,synthetic,smooth4,local block storage,full-scan,"[8,256,256]","[1,512,512]",524288,lz4,262144,3,10.795271927334245,8.43430433192905,11.424837684904709,1.6167072291075084,,1.0,0.6185393333435059,"active planning, reads, decode, dtype conversion and assembly; preparation/cache control excluded",returned float32 output,"[""7c134334dfe50ef26aad99e9"",""961b6cac59912d0e65cf6897"",""1e21dd4248d6ac2044351134""]"
86217a6e82b8b1da9b55,73bcabb9cd8f4f772dc1,legacy-native,damacy,legacy_gpu_pipeline,synthetic,throughput,path on shared filesystem; historical mount unverified,random-crops,"[128,128,128]","[32,64,64]",262144,"[""zstd""]",,1,8.809796493700995,8.809796493700995,8.809796493700995,,2.76048828125,,,steady-state native wall after warmup; device transfer/decode/assembly included; startup reported separately,returned pipeline-dtype output,"[""38ad67fc1fb0dbf20bce4ae5""]"
86dba5fc9845deaccd07,761fd3369cd4043cca3e,cpu-nfs-local-spot,damacy,chunks256-default,synthetic,smooth4,NFS,random-1x256x256,"[1,256,256]","[1,256,256]",131072,zstd,131072,3,1.0541116368936732,1.049572377302293,1.371343322404318,1.8644857768631582,3.97491455078125,3.97491455078125,,"active planning, reads, decode, dtype conversion and assembly; preparation/cache control excluded",returned float32 output,"[""b5c9fef0f7901ce7087032ec"",""241c8e8241b7a0479d1f545a"",""0c31e8b2bafb6a4907c6a496""]"
86eba3bc900fb8037037,377bd40ef63fa5eb72e5,microscopy-tensorstore-threads,tensorstore,legacy_cpu_thread_sweep,microscopy,as-chad,path on shared filesystem; historical mount unverified,random-crops,"[16,1,1,256,256]",,,,,1,0.5826655073986168,0.5826655073986168,0.5826655073986168,,,,,Python read+decode timed loop after warmup; open/eviction excluded,archived patch_bytes; destination dtype unrecorded,"[""378491e3854673dde07c30ff""]"
86f1e51510ee5393af3f,d845df774bc1b431edec,cpu-chunk-blocks,damacy,chunks256-default,synthetic,smooth4,local block storage,random-1x256x256,"[1,256,256]","[1,128,128]",32768,lz4,32768,3,3.2824628488947263,3.246531899758366,3.2960750498361775,1.5856470833576932,2.2350616455078125,2.2350616455078125,1.7211218939887152,"active planning, reads, decode, dtype conversion and assembly; preparation/cache control excluded",returned float32 output,"[""9585e548c09f4aaf1da04471"",""18b80209ccaf96614aba9107"",""159d99f8dbfa09b48cadce30""]"
891750e53911a46dfa1b,a5b4d9385f49bf3ab40e,pr160-warm-smooth-crops,damacy,damacy,synthetic,smooth4,local block storage,aligned,"[1,256,256]","[8,256,256]",1048576,zstd,16384,5,5.091969599380998,4.921271423377721,5.3908213957351325,1.832327486174522,7.859375,7.859375,,active read loop after one correctness/warmup pass,returned float32 output,"[""389b5593d6bd1cc18949e0e3"",""c02159f6311c1068ba5327b6"",""6e29e9b7edaefea2074bad36"",""1a0874cb225b7a05490fa395"",""3cd2185c22d8b4d439ca2ee7""]"
8a00f2a4a827d25acdcd,0ce3149f29afdab44edb,pr160-cold-storage,damacy,damacy,synthetic,random12,local block storage,full-scan,"[8,256,256]","[8,256,256]",1048576,lz4,8192,3,9.113919211890387,8.985181856982646,9.11650059543392,1.3193228117249562,1.0,1.0,0.7579634530203683,complete wall including file eviction and residency checks,returned float32 output,"[""4bb6ccca324146b1b4c31821"",""ef92e0826fb491fb532a3563"",""a096f70e42967917a088ff58""]"
8a14e0775448d8b91223,0ce3149f29afdab44edb,pr160-cold-storage,damacy,damacy,synthetic,random12,local block storage,full-scan,"[8,256,256]","[2,256,256]",262144,lz4,131072,3,7.525185260601572,7.394868642840695,7.597034816349823,1.3251911312344502,1.0,1.0,0.754608154296875,complete wall including file eviction and residency checks,returned float32 output,"[""ee4eccd88bb75e65b7e20272"",""c30497bd1672db6d42a52ab4"",""0456de2ae3d3c50d1bd79e07""]"
8acc9f7b2235c3528962,c5a1f5dc9aa51cf9e896,cpu-buffer-control,damacy,chunks32-default,synthetic,smooth4,local block storage,random-1x256x256,"[1,256,256]","[1,128,256]",65536,zstd,16384,3,2.1324439120364573,2.1146128674820255,2.1424393808855275,1.8309433434379625,2.98046875,2.98046875,2.1380011240641275,"active planning, reads, decode, dtype conversion and assembly; preparation/cache control excluded",returned float32 output,"[""67616dbbadca75a7c8f623e9"",""88dd0fac549812c6b5af18ac"",""6a73ce983aefb3fa013f6079""]"
8b773f5d3f329cf3f76b,87b6919ef507afaffaba,legacy-native,damacy,legacy_gpu_pipeline,microscopy,preset-hbw4,path on shared filesystem; historical mount unverified,random-crops,"[1,1,16,256,256]",,,,,1,4.565592960951396,4.565592960951396,4.565592960951396,,,,,steady-state native wall after warmup; device transfer/decode/assembly included; startup reported separately,returned pipeline-dtype output,"[""660acf53b060a1b2af404f57""]"
8bbaef525b89284e44b5,0ce3149f29afdab44edb,pr160-cold-storage,damacy,damacy,synthetic,random12,local block storage,full-scan,"[8,256,256]","[1,64,128]",16384,zstd,8192,3,3.156496365774227,3.154176242058562,3.1660204133641803,1.3219296406156924,1.0,1.0,0.7564735412597656,complete wall including file eviction and residency checks,returned float32 output,"[""4fe87a37cce9b2efe8d5a5a3"",""243c2882069732e1c7991e94"",""bfcb0675c52d8f69a5f19775""]"
8bf34d5c23c6f6e5b656,06d8b5b1f4d77cd444d2,legacy-native,damacy,legacy_gpu_pipeline,microscopy,rop-4096,path on shared filesystem; historical mount unverified,random-crops,"[1,1,16,256,256]",,,,,1,1.8258837277242186,1.8258837277242186,1.8258837277242186,,,,,steady-state native wall after warmup; device transfer/decode/assembly included; startup reported separately,returned pipeline-dtype output,"[""7cf72a52f662531dd15e9aeb""]"
8ccf28aa7fcd7b99590b,ab36b6dbad14ab97d2b9,microscopy-survey-baseline,damacy,legacy_gpu_pipeline,microscopy,survey-chammi75,path on shared filesystem; historical mount unverified,random-crops,"[1,1,1,256,256]",,,,,1,0.23428105329762766,0.23428105329762766,0.23428105329762766,,,,,steady-state native wall after warmup; device transfer/decode/assembly included; startup reported separately,returned pipeline-dtype output,"[""32e2eee2a4002c28300c5a96""]"
8ce0d88cd40b18fe4d99,e1cc821d3cab1404ef84,cpu-chunk-blocks,tensorstore,tensorstore,synthetic,smooth4,local block storage,random-1x256x256,"[1,256,256]","[1,128,128]",32768,lz4,32768,3,2.4670099215710266,2.3889993280195254,2.47680179719827,1.5856470833576932,,2.2350616455078125,1.670879908970424,"active planning, reads, decode, dtype conversion and assembly; preparation/cache control excluded",returned float32 output,"[""bdd7ef0e756e5ef4578e4c74"",""3aa7ab5df6739344af0f07ee"",""30f71ea656bca5c694034d9a""]"
8d5194118f80bac9ab4f,964e368f0f3bce5a3406,legacy-native,damacy,legacy_gpu_pipeline,microscopy,rop-8192,path on shared filesystem; historical mount unverified,random-crops,"[1,1,16,256,256]",,,,,1,1.8277686308112076,1.8277686308112076,1.8277686308112076,,,,,steady-state native wall after warmup; device transfer/decode/assembly included; startup reported separately,returned pipeline-dtype output,"[""0cc59dcf12895ef597581e2f""]"
8dcf43ed8d1ee62c2196,c358e07e7da54cca8f59,cpu-nfs-local-spot,damacy,chunks256-default,synthetic,smooth4,local block storage,random-1x256x256,"[1,256,256]","[1,512,512]",524288,lz4,524288,3,2.991721036148308,2.980261055453466,2.9955767240575,1.626606892779916,8.433349609375,8.433349609375,4.067753791809082,"active planning, reads, decode, dtype conversion and assembly; preparation/cache control excluded",returned float32 output,"[""c902e47435f2ec2ac4a077f1"",""1b8184fe0edf4a5b36e1247a"",""93de96368127ba40f63b36f1""]"
8de271ed207619ec65a1,c5a1f5dc9aa51cf9e896,cpu-buffer-control,damacy,chunks32-default,synthetic,smooth4,local block storage,random-1x256x256,"[1,256,256]","[1,128,256]",65536,lz4,16384,3,2.0612883756054505,2.0601633438039344,2.075660284029707,1.5663428823641548,2.98046875,2.98046875,2.404663403828939,"active planning, reads, decode, dtype conversion and assembly; preparation/cache control excluded",returned float32 output,"[""ce09561ab20a063e647ec1bf"",""04eeb3d6ccb0d156069b299b"",""e333ea6c4545b24035b3b932""]"
8de6f148bffdfe5a8c17,ad9edf9d9663925e5645,microscopy-chammi-dense-confirmation,damacy,legacy_gpu_pipeline,microscopy,chammi-idr0017,path on shared filesystem; historical mount unverified,random-crops,"[1,1,1,256,256]",,,,,3,1.8402920911607088,1.761324140004133,1.8676786994979682,,,,,steady-state native wall after warmup; device transfer/decode/assembly included; startup reported separately,returned pipeline-dtype output,"[""8233d64ad1b16edffd98ec99"",""94ec9d1b53c8ade797bfb833"",""d3a5f5e8890112d5c9a96d98""]"
8e285fd4e990786acdfa,e1cc821d3cab1404ef84,cpu-chunk-blocks,tensorstore,tensorstore,synthetic,smooth4,local block storage,random-1x256x256,"[1,256,256]","[1,512,512]",524288,zstd,65536,3,3.2603688265330133,3.2428361988571237,3.2712538995534826,1.8505648607554412,,8.433349609375,3.5393123626708984,"active planning, reads, decode, dtype conversion and assembly; preparation/cache control excluded",returned float32 output,"[""7bed7e68f12f3af36a2806a9"",""45d402a7f202e8719f293f56"",""1e0b3cf848463d4bea5db416""]"
8e91edcc5b9763e6b9b5,7d0a4d40457efc9c97cd,cpu-fixed-layout-pilot,damacy,damacy,synthetic,smooth4,local block storage,aligned,"[1,256,256]","[1,128,256]",65536,lz4,16384,3,5.84336293153568,5.807347151428253,5.8807167365336275,1.5663428823641548,0.999267578125,0.999267578125,0.7346169789632161,"active planning, reads, decode, dtype conversion and assembly; preparation/cache control excluded",returned float32 output,"[""30150e7fe6f6de49eea1da52"",""c3be716571ffb3b1ad0374ca"",""6cdbfd9730617d2f7c5060e0""]"
8eafde97c25493891550,d49f4ba4477c059fff60,cpu-fixed-layout-pilot,tensorstore,tensorstore,synthetic,smooth4,local block storage,random-1x256x256,"[1,256,256]","[1,128,256]",65536,lz4,16384,3,5.6419151150976035,5.529084160353566,5.645470690760916,1.5663428823641548,,2.98046875,0.0,"active planning, reads, decode, dtype conversion and assembly; preparation/cache control excluded",returned float32 output,"[""145c9f16adf51f464887041b"",""8347af245f3f17e82cc4b464"",""bb9e2ce65c97ffd8e3bf6d52""]"
8ef067a51ebd2be62f3f,cb49565c3b7c43277fea,legacy-native,damacy,legacy_gpu_pipeline,microscopy,preset-hbw4,path on shared filesystem; historical mount unverified,random-crops,"[1,1,16,256,256]",,,,,1,2.504442881672086,2.504442881672086,2.504442881672086,,,,,steady-state native wall after warmup; device transfer/decode/assembly included; startup reported separately,returned pipeline-dtype output,"[""624b075f0d0b3f8876d6b971""]"
8ef2704de96c31aee42c,6e17d57538e5ff4dac24,pr160-warm-baseline,damacy,damacy,synthetic,random12,local block storage,full-scan,"[8,256,256]","[2,256,256]",262144,zstd,131072,3,23.942960295031796,23.383769814285085,24.13388698228981,1.331421722057718,1.0,,,active read loop after one correctness/warmup pass,returned float32 output,"[""1112614a851e8cbeeedfe1fa"",""d2ec3786716980470ac85517"",""af052fff919eda49d15dd171""]"
8ef99492fd46f0dede95,98d6a8560193f5fda6c2,cpu-fixed-layout-pilot,damacy,damacy,synthetic,smooth4,local block storage,random-1x256x256,"[1,256,256]","[1,128,256]",65536,lz4,16384,3,1.7032897735440784,1.7024102589450614,1.708778105946446,1.5663428823641548,2.98046875,2.98046875,3.7092166900634767,"active planning, reads, decode, dtype conversion and assembly; preparation/cache control excluded",returned float32 output,"[""39bf57066b98eab2c8c87a1f"",""a1832d675f290a06d2d16c54"",""4b38bd51541023a22511dd6a""]"
8f46e2b27edf36494e7e,6928be6f3bc14d659c74,cpu-chunk-blocks,damacy,chunks256-default,synthetic,smooth4,local block storage,full-scan,"[8,256,256]","[1,512,512]",524288,lz4,262144,3,23.425450209292354,22.36395265788912,23.5093671661411,1.6167072291075084,1.0,1.0,0.6185431480407715,"active planning, reads, decode, dtype conversion and assembly; preparation/cache control excluded",returned float32 output,"[""5be71cfddf19e6e7b84f8762"",""d2466786915aacc9714179b9"",""56748006baef1c4970600373""]"
8f56d834d960a3d87338,abb130f9ae7b34fc6597,cpu-readahead-control,damacy,persistent-random,synthetic,smooth4,local block storage,full-scan,"[8,256,256]","[1,128,256]",65536,lz4,16384,3,5.002972116843456,4.979952216038071,5.052489362222839,1.5663428823641548,1.0,1.0,0.6381874084472656,"active planning, reads, decode, dtype conversion and assembly; preparation/cache control excluded",returned float32 output,"[""025d2c2c77e6cffd49fd9776"",""a3327101baab62b40aa80cc0"",""54a5a8337f22afc68fb2a209""]"
8f7f33ee9ea5eaf249f3,555964ce1535b841f6e1,cpu-scheduling-paired,damacy,after,synthetic,smooth4,local block storage,random-1x256x256,"[1,256,256]","[1,128,256]",65536,lz4,16384,3,2.0397024386100124,2.0381677223527066,2.052389111214108,1.5663428823641548,2.98046875,2.98046875,2.4074427286783853,"active planning, reads, decode, dtype conversion and assembly; preparation/cache control excluded",returned float32 output,"[""76860d4dcfc4b9c337e984fe"",""effcdcee11d5dca875cd82ff"",""ec9d0aeb7c1c49e78b59c781""]"
904a57c89288724da011,f94ac526b988eb241a63,cpu-small-chunks,damacy,chunks256-default,synthetic,smooth4,local block storage,full-scan,"[8,256,256]","[1,256,256]",131072,lz4,16384,3,25.56380772464454,25.491960277802303,25.619986332751676,1.5669420934469545,1.0,1.0,0.6381874084472656,"active planning, reads, decode, dtype conversion and assembly; preparation/cache control excluded",returned float32 output,"[""70ed917e27f7e4bdb5715ba2"",""417dec01d3f6a282100660da"",""4d8a809c1c96475834bf61b5""]"
9099019a217644788586,1fb438294d5ac2bb57e1,cpu-chunk-blocks,damacy,chunks256-random,synthetic,smooth4,local block storage,full-scan,"[8,256,256]","[1,128,128]",32768,lz4,16384,3,12.266355389796864,12.051993058739942,12.345231923916067,1.572609772618283,1.0,1.0,0.635399341583252,"active planning, reads, decode, dtype conversion and assembly; preparation/cache control excluded",returned float32 output,"[""c13f7b8e5248306663eda60c"",""1de7fe7a73fe07f797bcdf2a"",""7b7d88b420878df1a891c575""]"
90dae230b5ed6114ae70,c3761bde49c52f180130,pr160-warm-random-crops,damacy,damacy,synthetic,random12,local block storage,random-1x128x128,"[1,128,128]","[2,256,256]",262144,lz4,16384,5,2.992487612114772,2.781153038959428,3.1092823285643196,1.322037086504447,16.095703125,16.095703125,,active read loop after one correctness/warmup pass,returned float32 output,"[""261c023a28b3fbda6ac847b1"",""2022c5be590f6edf64873b1a"",""12d40be9e293cf1539fbaaeb"",""8b1e917b4bc8b80511424cc4"",""316bfeadcad58d3ebcda1281""]"
910b400ea00be5d6c349,930acd1b7094e82dabf2,legacy-native,damacy,legacy_gpu_pipeline,microscopy,dynacell-plate,path on shared filesystem; historical mount unverified,random-crops,"[1,1,16,256,256]",,,,,1,0.36438899253731344,0.36438899253731344,0.36438899253731344,,,,,steady-state native wall after warmup; device transfer/decode/assembly included; startup reported separately,returned pipeline-dtype output,"[""c25b1b5e1a38a477ee19ad6e""]"
922aaefabe863196d39f,6fa0c5bcb142c125d4ca,cpu-fixed-layout-pilot,damacy,damacy,synthetic,smooth4,local block storage,full-scan,"[8,256,256]","[1,128,256]",65536,zstd,16384,3,12.561121319556369,12.26689016244376,12.671056602035486,1.8309433434379625,1.0,1.0,0.0,"active planning, reads, decode, dtype conversion and assembly; preparation/cache control excluded",returned float32 output,"[""6f070fefd4239f7a55399758"",""c69697f0f5a478cfb5dea042"",""f9d50dec65dfa0fc483124d1""]"
9253ab1263c6283413c1,99673c7c54179e949890,pr160-warm-smooth-patterns,damacy,damacy,synthetic,smooth4,local block storage,full-scan,"[8,256,256]","[2,256,256]",262144,lz4,65536,5,29.5879401707741,29.51449209747709,30.04993818086234,1.600757826514949,1.0,,,active read loop after one correctness/warmup pass,returned float32 output,"[""117797fc3250f172e420280c"",""37e4d61324ea4297e13ea9b0"",""49e637f672acd3b70d62e327"",""e296c3f0320e2773db12f250"",""e87ddccefd77b54543ff296a""]"
933f3bbb3db25a4259f4,6e17d57538e5ff4dac24,pr160-warm-baseline,damacy,damacy,synthetic,random12,local block storage,full-scan,"[8,256,256]","[8,256,256]",1048576,zstd,524288,3,27.226039887494636,26.265330630670775,28.228992370929603,1.3331773662243949,1.0,,,active read loop after one correctness/warmup pass,returned float32 output,"[""6b8326e405ef6365f5323626"",""236aa72fbdb3dd05c1741cba"",""6ce8c6f52dc8dd43a88a5c8f""]"
93703882801f38f9a7bc,e0e8703262dc47eab85c,pr160-warm-random-crops,damacy,damacy,synthetic,random12,local block storage,aligned,"[1,256,256]","[1,128,256]",65536,lz4,16384,5,12.301631524952786,11.725063450062652,13.139607558075214,1.3213973393284457,0.998046875,0.998046875,,active read loop after one correctness/warmup pass,returned float32 output,"[""6245f766cac6d9090f887e1d"",""ab05b7bf3bdee1083274e5d1"",""9f70b3066c7dc8713680de9c"",""e48c4fcc17826af702b7c57f"",""234684d0dbf0ad80df3abace""]"
93812d6ac40b6c011fd2,0f341c2c134bca2e032e,legacy-native,damacy,legacy_gpu_pipeline,microscopy,meta-128,path on shared filesystem; historical mount unverified,random-crops,"[1,1,16,256,256]",,,,,1,1.8747937726850048,1.8747937726850048,1.8747937726850048,,,,,steady-state native wall after warmup; device transfer/decode/assembly included; startup reported separately,returned pipeline-dtype output,"[""3e06b3420e56fdf2467dfec5""]"
938346000ea43cab6c45,f8e9588f12a34e866949,legacy-native,damacy,legacy_gpu_pipeline,synthetic,throughput-deep,path on shared filesystem; historical mount unverified,random-crops,"[128,128,128]","[32,64,64]",262144,"[""zstd""]",,1,8.816243046188298,8.816243046188298,8.816243046188298,,2.76048828125,,,steady-state native wall after warmup; device transfer/decode/assembly included; startup reported separately,returned pipeline-dtype output,"[""13054950a0951732d551cd07""]"
93c13a9a3b98fa2bc65e,138bccf3e9e945629d70,legacy-native,damacy,legacy_gpu_pipeline,microscopy,qd-2,path on shared filesystem; historical mount unverified,random-crops,"[1,1,16,256,256]",,,,,1,0.26473067360190433,0.26473067360190433,0.26473067360190433,,,,,steady-state native wall after warmup; device transfer/decode/assembly included; startup reported separately,returned pipeline-dtype output,"[""6d54f8d5a4b5ed4014a1df71""]"
941c842a067f1797e574,d02545ec5d020d2381ed,cpu-small-chunks,tensorstore,tensorstore,synthetic,smooth4,local block storage,random-1x256x256,"[1,256,256]","[1,256,256]",131072,lz4,16384,3,2.6235484831088267,2.6122813499690496,2.624533415207178,1.5669420934469545,,3.97491455078125,2.6270294189453125,"active planning, reads, decode, dtype conversion and assembly; preparation/cache control excluded",returned float32 output,"[""ede58533198746ab6bb66043"",""449897c2cc28e986498cc73c"",""504effda05ac8bd314050608""]"
9437e10b8db2fed860b9,1fb438294d5ac2bb57e1,cpu-chunk-blocks,damacy,chunks256-random,synthetic,smooth4,local block storage,full-scan,"[8,256,256]","[1,512,512]",524288,zstd,65536,3,27.162196145419443,27.11891785753039,27.299134350676297,1.8505648607554412,1.0,1.0,0.5403475761413574,"active planning, reads, decode, dtype conversion and assembly; preparation/cache control excluded",returned float32 output,"[""fe089807cc0338bfda7f7c10"",""31bd83458649fd9068fc0aa3"",""ca9fae85aa708581ed641105""]"
9468695b1b871e6d8be1,c60e030c223ff0a70a20,legacy-native,damacy,legacy_gpu_pipeline,microscopy,sweep-8192,path on shared filesystem; historical mount unverified,random-crops,"[1,1,16,256,256]",,,,,1,0.5690845932866229,0.5690845932866229,0.5690845932866229,,,,,steady-state native wall after warmup; device transfer/decode/assembly included; startup reported separately,returned pipeline-dtype output,"[""cfcc0dbccce231995bf8c170""]"
9476260742a27ff876dc,b07b72a78260e11bed02,cpu-chunk-blocks,damacy,chunks256-random,synthetic,smooth4,local block storage,random-1x256x256,"[1,256,256]","[1,512,512]",524288,lz4,16384,3,2.9659069480179414,2.9572384598352586,2.972144899016637,1.5666306456387868,8.433349609375,8.433349609375,3.2812118530273438,"active planning, reads, decode, dtype conversion and assembly; preparation/cache control excluded",returned float32 output,"[""7d3b8a747387fc603a0a2bd8"",""8376db70f1fefb45a0f0acb0"",""56af176a74135b46d3bad66b""]"
94a515f84c0130f1232d,61a6573b6265e3efede9,cpu-nfs-local-spot,tensorstore,tensorstore,synthetic,smooth4,NFS,full-scan,"[8,256,256]","[1,512,512]",524288,lz4,524288,3,7.5093974526055,7.398566719591891,8.068175018827606,1.626606892779916,,1.0,,"active planning, reads, decode, dtype conversion and assembly; preparation/cache control excluded",returned float32 output,"[""1786ecce1d8fb228213fa23a"",""43a21da1216be495215f1ef3"",""7c74cdbb6f655233932bab61""]"
94da843482c442609ddd,1fb438294d5ac2bb57e1,cpu-chunk-blocks,damacy,chunks256-random,synthetic,smooth4,local block storage,full-scan,"[8,256,256]","[1,256,256]",131072,zstd,131072,3,24.028436685309444,23.78649127027955,24.059005982107326,1.8644857768631582,1.0,1.0,0.5362205505371094,"active planning, reads, decode, dtype conversion and assembly; preparation/cache control excluded",returned float32 output,"[""099108eb05722f5def70e421"",""2797d763c4316a46caec1aeb"",""e993b94329f82619b4b4ef76""]"
94eba922ff0152384391,c75404c810d8c77512f5,cpu-readahead-control,damacy,persistent-random,synthetic,smooth4,local block storage,aligned,"[1,256,256]","[1,128,256]",65536,lz4,16384,3,6.564793616802431,6.558832656982869,6.572532228544439,1.5663428823641548,0.999267578125,0.999267578125,0.6437721252441406,"active planning, reads, decode, dtype conversion and assembly; preparation/cache control excluded",returned float32 output,"[""835d06cff96e5f01a9db5f7d"",""3a912e05bf08985342d57208"",""63c48c2841eb66283b8a6976""]"
94f7c74db6b0d14d5c4c,d02545ec5d020d2381ed,cpu-small-chunks,tensorstore,tensorstore,synthetic,smooth4,local block storage,random-1x256x256,"[1,256,256]","[1,256,256]",131072,zstd,16384,3,2.7751541917132,2.735033271084782,2.7817883619806585,1.8317621551383316,,3.97491455078125,2.2575626373291016,"active planning, reads, decode, dtype conversion and assembly; preparation/cache control excluded",returned float32 output,"[""551f81cb990d07e46cb40c45"",""7e2767ec0449d740c94d97ed"",""4121ad6da52ee251f7abc0a9""]"
951118aa89d81710204a,6e17d57538e5ff4dac24,pr160-warm-baseline,damacy,damacy,synthetic,random12,local block storage,full-scan,"[8,256,256]","[2,256,256]",262144,lz4,32768,3,23.57105182660685,22.41310158305542,23.75388189363849,1.3237459497962163,1.0,,,active read loop after one correctness/warmup pass,returned float32 output,"[""dbdf43b94d03ef7b0d538d76"",""f4c66298a521ab8b5a3b7741"",""a3ce356c6f3c99d0bdf9e122""]"
958ded854c63317a2abc,ad9edf9d9663925e5645,microscopy-chammi-dense-confirmation,damacy,legacy_gpu_pipeline,microscopy,chammi-idr0017,path on shared filesystem; historical mount unverified,random-crops,"[1,1,1,256,256]",,,,,3,1.699524133242692,1.5521523178807948,1.8216617441318204,,,,,steady-state native wall after warmup; device transfer/decode/assembly included; startup reported separately,returned pipeline-dtype output,"[""6999b2fabe75a2304f8b6c9d"",""26b5b13bf3f23d19c6dbbd43"",""5c0480d80817699921b2dc22""]"
95ede91a85c002e6e07c,1fb438294d5ac2bb57e1,cpu-chunk-blocks,damacy,chunks256-random,synthetic,smooth4,local block storage,full-scan,"[8,256,256]","[1,512,512]",524288,lz4,16384,3,25.741762861846386,25.697886941650502,25.978193989944117,1.5666306456387868,1.0,1.0,0.63828444480896,"active planning, reads, decode, dtype conversion and assembly; preparation/cache control excluded",returned float32 output,"[""7ecc484b8f5e6fa361574da7"",""b0c969430984598b141f0309"",""8fb908fffa2048bf937445d8""]"
96056dc015e8daca69df,8bf08163d3708d48b33f,microscopy-tensorstore-threads,tensorstore,legacy_cpu_thread_sweep,microscopy,as-chad,path on shared filesystem; historical mount unverified,random-crops,"[16,1,1,256,256]",,,,,1,0.12792434338961264,0.12792434338961264,0.12792434338961264,,,,,Python read+decode timed loop after warmup; open/eviction excluded,archived patch_bytes; destination dtype unrecorded,"[""89ba6756b9837e58b86639d4""]"
961e0fe44a5a775b7967,0ce3149f29afdab44edb,pr160-cold-storage,damacy,damacy,synthetic,random12,local block storage,full-scan,"[8,256,256]","[1,128,256]",65536,zstd,16384,3,5.745450342029152,5.70543558396614,5.864251385608904,1.3279292888390097,1.0,1.0,0.7530555725097656,complete wall including file eviction and residency checks,returned float32 output,"[""3406699fab1e2a49b64dd1b1"",""3a980c2708f4a2787a634d0b"",""9a7f631dd64c80183966b5c1""]"
9669fff8c9d2848183db,4729925d14a6a6ffa139,cpu-readahead-control,damacy,persistent-random,synthetic,smooth4,local block storage,random-1x256x256,"[1,256,256]","[1,128,256]",65536,lz4,16384,3,2.139451048373417,2.1332080851023854,2.1429286110862034,1.5663428823641548,2.98046875,2.98046875,1.629842758178711,"active planning, reads, decode, dtype conversion and assembly; preparation/cache control excluded",returned float32 output,"[""1f8e0d8250fd21733214cf61"",""989be3042f57beeb07d641e2"",""cfb46dc7104346e32379c47b""]"
966f06d22f139d41b642,d71add3df63e33091388,cpu-buffer-control,damacy,chunks128-default,synthetic,smooth4,local block storage,random-1x256x256,"[1,256,256]","[1,128,256]",65536,zstd,16384,3,3.2437037867311687,3.2137767740908774,3.252420278897973,1.8309433434379625,2.98046875,2.98046875,2.121089299519857,"active planning, reads, decode, dtype conversion and assembly; preparation/cache control excluded",returned float32 output,"[""f03e7c9fe5b62a7f1cd6ac3c"",""92a8a12c364c516972ff45df"",""5d53a7439e772bc1d9c59cee""]"
967a94470f0d820f52a1,3e436147e890f72f71e3,legacy-native,damacy,legacy_gpu_pipeline,microscopy,hbw-6,path on shared filesystem; historical mount unverified,random-crops,"[1,1,16,256,256]",,,,,1,1.9879798784628622,1.9879798784628622,1.9879798784628622,,,,,steady-state native wall after warmup; device transfer/decode/assembly included; startup reported separately,returned pipeline-dtype output,"[""89e3713048bfe871a46e71b0""]"
96a1e0c243bb85a6605d,6928be6f3bc14d659c74,cpu-chunk-blocks,damacy,chunks256-default,synthetic,smooth4,local block storage,full-scan,"[8,256,256]","[1,256,256]",131072,lz4,65536,3,25.477056047338415,24.93507373190534,25.630329804904235,1.6005883232081666,1.0,1.0,0.6247720718383789,"active planning, reads, decode, dtype conversion and assembly; preparation/cache control excluded",returned float32 output,"[""df6a63538e7abe2bfa72c459"",""28a052ad156f85db25aea2e4"",""99c1f73d7a159035eb730f71""]"
96d7b76826c3f4b93396,3a92f3a868b5a4b29341,microscopy-tensorstore-threads,tensorstore,legacy_cpu_thread_sweep,microscopy,as-dynacell,path on shared filesystem; historical mount unverified,random-crops,"[1,5,16,256,256]",,,,,1,1.0299639848500082,1.0299639848500082,1.0299639848500082,,,,,Python read+decode timed loop after warmup; open/eviction excluded,archived patch_bytes; destination dtype unrecorded,"[""52bab5734d89331a20429002""]"
96ec2a332374abfcddc6,057520804536d24059d8,pr160-warm-xor-crops,damacy,damacy,synthetic,xor,local block storage,aligned,"[1,256,256]","[8,256,256]",1048576,lz4,16384,5,10.605762005903907,10.304327003747145,11.180627864985928,21.300396457205785,7.859375,7.859375,,active read loop after one correctness/warmup pass,returned float32 output,"[""a62c522509c1685338615823"",""9087a458a608ff823631aa30"",""386189f4756b7a67f02fad40"",""6828faab2e387aa86ffc1323"",""fc2fb95aadb6e22b13c4cd8e""]"
9718778eac257ec505b9,d678314fb3a406257e8f,pr160-cold-storage,damacy,damacy,synthetic,random12,local block storage,random-1x256x256,"[1,256,256]","[8,256,256]",1048576,lz4,16384,3,0.9534984803776616,0.947789852896016,0.9792846957235067,1.322197120100801,29.564453125,29.564453125,5.989226659138997,complete wall including file eviction and residency checks,returned float32 output,"[""21e43dc32b8fb808e3c4c746"",""5df92b04f89fdfdf447e265a"",""5d186a6975a6af47c27006f4""]"
9723605924a9f62f45da,36d033a8f97cd01f0780,cpu-buffer-control,damacy,chunks32-default,synthetic,smooth4,local block storage,full-scan,"[8,256,256]","[1,128,256]",65536,lz4,16384,3,11.010545771307541,10.939522893151981,11.177971027387754,1.5663428823641548,1.0,1.0,0.6384315490722656,"active planning, reads, decode, dtype conversion and assembly; preparation/cache control excluded",returned float32 output,"[""3b5ffad3712d39490b05003c"",""e22a0d4059c5d37c93f21532"",""78817e4f155e451a3f2dcdf5""]"
972b2f1b8ce9fe1b92a3,fc6fd6b876a5cd57c3e3,cpu-chunk-blocks,tensorstore,tensorstore,synthetic,smooth4,local block storage,full-scan,"[8,256,256]","[1,128,128]",32768,zstd,16384,3,8.50091928567391,8.393356162837723,8.591184050852435,1.8366829025162181,,1.0,0.544461727142334,"active planning, reads, decode, dtype conversion and assembly; preparation/cache control excluded",returned float32 output,"[""40f738a0913c209c8ce94ff7"",""bdbbfc54878116c90a7b3436"",""7bb3c2ee35acf56756430bc7""]"
989e3eaafae313ef4e1f,0ce3149f29afdab44edb,pr160-cold-storage,damacy,damacy,synthetic,random12,local block storage,full-scan,"[8,256,256]","[8,256,256]",1048576,zstd,1048576,3,8.583526881275933,8.565281794818613,8.822946426598271,1.333206182261777,1.0,1.0,0.7500708443777901,complete wall including file eviction and residency checks,returned float32 output,"[""4862984b65dc18cac729e700"",""06470e3a43e6a5f414eb3c64"",""9c6619fbd31460c6f381b881""]"
98faa0c984d2c983c129,ad9edf9d9663925e5645,microscopy-chammi-dense-confirmation,damacy,legacy_gpu_pipeline,microscopy,chammi-idr0017,path on shared filesystem; historical mount unverified,random-crops,"[1,1,1,256,256]",,,,,3,1.228380503144654,1.1814744801512287,1.4327632845811744,,,,,steady-state native wall after warmup; device transfer/decode/assembly included; startup reported separately,returned pipeline-dtype output,"[""6c4c558dec18a69f794a2ebe"",""5d9de5c51e22c3958e127681"",""4cc90779c831527ef0f3f633""]"
98fd56329f75fe0bfbef,392366223e733d95f967,microscopy-tensorstore-threads,tensorstore,legacy_cpu_thread_sweep,microscopy,survey-jacobo_mip,path on shared filesystem; historical mount unverified,random-crops,"[16,1,1,256,256]",,,,,1,0.15687339824031118,0.15687339824031118,0.15687339824031118,,,,,Python read+decode timed loop after warmup; open/eviction excluded,archived patch_bytes; destination dtype unrecorded,"[""4ac36795a4aa807a34af2069""]"
991481b1b6d7bc5b7471,3fe0cb0b04a8ea40ee71,pr160-cold-storage,damacy,damacy,synthetic,smooth4,local block storage,random-1x256x256,"[1,256,256]","[1,128,256]",65536,lz4,16384,3,0.9616693748074574,0.9561652527920648,0.9734125865097202,1.5662134506489405,2.9593505859375,2.9593505859375,4.270454406738281,complete wall including file eviction and residency checks,returned float32 output,"[""421ad14eb0bc5447bb939c14"",""383fbebd97991f958ba6ea01"",""9002de288e14ed171ac288b7""]"
99cd5481e55ba80d0a8a,8eee1d5cbd42eb6487b5,cpu-small-chunks,damacy,chunks256-default,synthetic,smooth4,local block storage,random-1x256x256,"[1,256,256]","[1,128,128]",32768,lz4,16384,3,3.3279087634944102,3.323213528804377,3.3404135832159048,1.572609772618283,2.2350616455078125,2.2350616455078125,1.762108908759223,"active planning, reads, decode, dtype conversion and assembly; preparation/cache control excluded",returned float32 output,"[""8ae41a9e29971199cd7c2f2c"",""7bcd517977f1e3dad9565281"",""d4e094f5e71292e6308fb312""]"
9a3727cbe2dbb96a2042,6e17d57538e5ff4dac24,pr160-warm-baseline,damacy,damacy,synthetic,random12,local block storage,full-scan,"[8,256,256]","[2,256,256]",262144,zstd,16384,3,25.199738186632008,24.84939970853822,25.219173082043532,1.3285753780077916,1.0,,,active read loop after one correctness/warmup pass,returned float32 output,"[""054c122b6fb973baf449b150"",""4baff70b55d0294b538e5983"",""482cfc02ec4c095870fec660""]"
9a9df0cf5ad0e52abefe,0cbe2296fc0df076fa1a,legacy-native,damacy,legacy_gpu_pipeline,microscopy,preset-hbw4,path on shared filesystem; historical mount unverified,random-crops,"[1,1,16,256,256]",,,,,1,4.344999947860001,4.344999947860001,4.344999947860001,,,,,steady-state native wall after warmup; device transfer/decode/assembly included; startup reported separately,returned pipeline-dtype output,"[""d195d0b646661ea3c24db5a7""]"
9aaaa8e995f4595d037d,6e17d57538e5ff4dac24,pr160-warm-baseline,damacy,damacy,synthetic,random12,local block storage,full-scan,"[8,256,256]","[1,128,256]",65536,zstd,65536,3,12.583861059071248,12.52365217902503,14.618233222772739,1.3281181820074004,1.0,,,active read loop after one correctness/warmup pass,returned float32 output,"[""0c8e03a1b81ce82f6067fbba"",""b6f3fb254b35e5de93fb34b3"",""3f785e7f280afd4debf244ef""]"
9adb31b3e4c049039463,6928be6f3bc14d659c74,cpu-chunk-blocks,damacy,chunks256-default,synthetic,smooth4,local block storage,full-scan,"[8,256,256]","[1,512,512]",524288,lz4,524288,3,23.913682212211302,23.826209456153247,24.230092733680163,1.626606892779916,1.0,1.0,0.6147785186767578,"active planning, reads, decode, dtype conversion and assembly; preparation/cache control excluded",returned float32 output,"[""39e7b69c2f24fa7a214021b8"",""def71c7100ef3a3ccaea0219"",""a241e16a1ecb1cab84c77a15""]"
9ae1887d14e69066ed54,a5b4d9385f49bf3ab40e,pr160-warm-smooth-crops,damacy,damacy,synthetic,smooth4,local block storage,aligned,"[1,256,256]","[1,64,128]",16384,lz4,16384,5,5.591532547180718,5.2395062795401275,6.127482592409867,1.5700748798465642,0.998046875,0.998046875,,active read loop after one correctness/warmup pass,returned float32 output,"[""bd78e2229b721a9cd541aea5"",""6f66368a4367e83a9afff1e3"",""4a064eb84e62f8e6392e9be2"",""76686b7e32897a69979ca0f3"",""7d6ca6a15a958b3b0486da61""]"
9b4150c32e2ad97b8e0d,58a51e8e0aa8933dde9c,legacy-native,damacy,legacy_gpu_pipeline,microscopy,rop-32768,path on shared filesystem; historical mount unverified,random-crops,"[1,1,16,256,256]",,,,,1,1.7932484911607194,1.7932484911607194,1.7932484911607194,,,,,steady-state native wall after warmup; device transfer/decode/assembly included; startup reported separately,returned pipeline-dtype output,"[""40976ae94e70e95611cf3a45""]"
9b4a1e97349b3b2c81c9,0ce3149f29afdab44edb,pr160-cold-storage,damacy,damacy,synthetic,random12,local block storage,full-scan,"[8,256,256]","[1,64,128]",16384,lz4,8192,3,3.2056500359162423,3.1658488027989407,3.213217788172284,1.3159848147616393,1.0,1.0,0.7598876953125,complete wall including file eviction and residency checks,returned float32 output,"[""e9bbce20e6e83af6d7c70a6e"",""d78be7f0ddfcf7a1767de42d"",""065468d46838e71c4a887e0c""]"
9b7b1aee8da3af615e26,fc6fd6b876a5cd57c3e3,cpu-chunk-blocks,tensorstore,tensorstore,synthetic,smooth4,local block storage,full-scan,"[8,256,256]","[1,512,512]",524288,lz4,524288,3,10.347251047927298,10.325847988440367,11.584829783942016,1.626606892779916,,1.0,0.6147751808166504,"active planning, reads, decode, dtype conversion and assembly; preparation/cache control excluded",returned float32 output,"[""9e4e07b50dbae6bc99dc544a"",""1b33df0f98d3c08380864935"",""ebbf1c73110838abbfedb095""]"
9c96100252d03969e264,aea16885c0b728dca4a3,legacy-native,damacy,legacy_gpu_pipeline,microscopy,preset-hbw4,path on shared filesystem; historical mount unverified,random-crops,"[1,1,16,256,256]",,,,,1,4.047665306651124,4.047665306651124,4.047665306651124,,,,,steady-state native wall after warmup; device transfer/decode/assembly included; startup reported separately,returned pipeline-dtype output,"[""8303292b956b7caa150c405a""]"
9cb7d145ab61c0e9389a,6928be6f3bc14d659c74,cpu-chunk-blocks,damacy,chunks256-default,synthetic,smooth4,local block storage,full-scan,"[8,256,256]","[1,512,512]",524288,zstd,65536,3,22.129467796132733,21.95098205217749,22.264819300663696,1.8505648607554412,1.0,1.0,0.5403780937194824,"active planning, reads, decode, dtype conversion and assembly; preparation/cache control excluded",returned float32 output,"[""a7b0ad8493a28e96b60d977c"",""b4679907b5613c7ccf22534a"",""c772ddb184ae6f508a8c4fb3""]"
9cbaba92e2bb808b71d1,e1cc821d3cab1404ef84,cpu-chunk-blocks,tensorstore,tensorstore,synthetic,smooth4,local block storage,random-1x256x256,"[1,256,256]","[1,128,128]",32768,lz4,16384,3,2.444706078567658,2.440512677753101,2.4656668099401258,1.572609772618283,,2.2350616455078125,1.678015845162528,"active planning, reads, decode, dtype conversion and assembly; preparation/cache control excluded",returned float32 output,"[""c856f039a5298094b04b8add"",""3dac89157fd32bc091abc03f"",""1f87a4ad3704f25470273032""]"
9d62113b69e053a3df2e,ea1b2e1631a1091a4eac,microscopy-chammi-sparse-confirmation,damacy,legacy_gpu_pipeline,microscopy,chammi-idr0017,path on shared filesystem; historical mount unverified,random-crops,"[1,1,1,256,256]",,,,,3,0.19885459751829462,0.1982813501320818,0.19889277716901851,,,,,steady-state native wall after warmup; device transfer/decode/assembly included; startup reported separately,returned pipeline-dtype output,"[""2d5ca32efd0df538d1c9d80d"",""bf93133c794d321740f04faf"",""d980b920850263688e654f5a""]"
9e0969f84832c69c16f7,0ce3149f29afdab44edb,pr160-cold-storage,damacy,damacy,synthetic,random12,local block storage,full-scan,"[8,256,256]","[1,128,256]",65536,lz4,16384,3,5.793334874467564,5.69191124501744,5.816920339470622,1.3213973393284457,1.0,1.0,0.75677490234375,complete wall including file eviction and residency checks,returned float32 output,"[""ebc181b56c0f87666b883c62"",""6df91440a8a48a2c99de8faf"",""696c86ff7943a9069a1813c8""]"
9e15eaf59249c89931b0,757fd125f308d236709f,microscopy-128crop,damacy,legacy_gpu_pipeline,microscopy,bench128-chammi75,path on shared filesystem; historical mount unverified,random-crops,"[1,1,1,128,128]",,,,,1,0.06421922573602426,0.06421922573602426,0.06421922573602426,,,,,steady-state native wall after warmup; device transfer/decode/assembly included; startup reported separately,returned pipeline-dtype output,"[""00dffa3ee8c629a9e2c91cb7""]"
9e2d99661304e0ce6fe2,d845df774bc1b431edec,cpu-chunk-blocks,damacy,chunks256-default,synthetic,smooth4,local block storage,random-1x256x256,"[1,256,256]","[1,128,128]",32768,zstd,32768,3,3.653426328975041,3.6164825235341738,3.699534195691151,1.8451430092694745,2.2350616455078125,2.2350616455078125,1.5390127182006836,"active planning, reads, decode, dtype conversion and assembly; preparation/cache control excluded",returned float32 output,"[""90901f85400e4268ac86661f"",""1bf2e671f37473ebaabe7bf1"",""4e1b99908404396efcd292e7""]"
9ef3aeee28a5ccd04547,6e17d57538e5ff4dac24,pr160-warm-baseline,damacy,damacy,synthetic,random12,local block storage,full-scan,"[8,256,256]","[1,64,128]",16384,lz4,4096,3,6.6198094276292245,6.599245418556141,7.1559308584130585,1.310302353520864,1.0,,,active read loop after one correctness/warmup pass,returned float32 output,"[""f2726796990c4f5a5f125678"",""e09495e42b31475aba245d66"",""2edb16418cda65d11ef40c25""]"
9f36d04a1d46b5568f00,6e17d57538e5ff4dac24,pr160-warm-baseline,damacy,damacy,synthetic,random12,local block storage,full-scan,"[8,256,256]","[1,128,256]",65536,zstd,32768,3,12.379094904994652,12.16879859540475,12.763501306701553,1.3265861726409294,1.0,,,active read loop after one correctness/warmup pass,returned float32 output,"[""204d40ae5eebe75bd2c22ecc"",""d47b3f4ee7febe563b4a8ee0"",""a4eb9a3f267a803c466cb1a5""]"
9fa1583efddcdc6b3c84,0ce3149f29afdab44edb,pr160-cold-storage,damacy,damacy,synthetic,random12,local block storage,full-scan,"[8,256,256]","[8,256,256]",1048576,zstd,32768,3,9.030956056963474,8.948587279162279,9.118308955435406,1.3273922487836176,1.0,1.0,0.753357069832938,complete wall including file eviction and residency checks,returned float32 output,"[""d48ea89ffad463b54d5d4d5f"",""9a0d843440a7475bf8655ca9"",""993e383e5afb94834cf450e4""]"
a0ba5f435c4ff3d6b953,6c7b91ec866b4fc95b05,cpu-fixed-layout-pilot,tensorstore,tensorstore,synthetic,smooth4,local block storage,aligned,"[1,256,256]","[1,128,256]",65536,zstd,16384,3,9.634579789645992,8.942274476696738,9.733661140190554,1.8309433434379625,,0.999267578125,0.0,"active planning, reads, decode, dtype conversion and assembly; preparation/cache control excluded",returned float32 output,"[""990307767ba0c03da1861b8e"",""dec3667a75f0229254d044c6"",""4a2aa44f38c8b4ed73565a05""]"
a0d502bf41968423ab24,537842381bc83a498c17,legacy-native,damacy,legacy_gpu_pipeline,microscopy,qd-32,path on shared filesystem; historical mount unverified,random-crops,"[1,1,16,256,256]",,,,,1,1.458578131363047,1.458578131363047,1.458578131363047,,,,,steady-state native wall after warmup; device transfer/decode/assembly included; startup reported separately,returned pipeline-dtype output,"[""41ee73f9d7beecce4e04e36c""]"
a0f1b8bb92047a97d367,0a6c93abf2a03a2a8625,cpu-scheduling-paired,tensorstore,tensorstore,synthetic,smooth4,local block storage,random-1x256x256,"[1,256,256]","[1,128,256]",65536,lz4,16384,3,5.579869285129714,5.529178196389845,5.843322922226394,1.5663428823641548,,2.98046875,0.0,"active planning, reads, decode, dtype conversion and assembly; preparation/cache control excluded",returned float32 output,"[""2a446a5be9265280edbd2271"",""1d997982352f68689b33b62d"",""d5da68c63f857ea9ee6040db""]"
a179fa8c48a2f22b3e79,d845df774bc1b431edec,cpu-chunk-blocks,damacy,chunks256-default,synthetic,smooth4,local block storage,random-1x256x256,"[1,256,256]","[1,512,512]",524288,lz4,524288,3,3.1646295047547905,3.1230323813854532,3.184671797366352,1.626606892779916,8.433349609375,8.433349609375,4.069912910461426,"active planning, reads, decode, dtype conversion and assembly; preparation/cache control excluded",returned float32 output,"[""fc094d291fa6fafa8ad0b158"",""20801fa2dea4cb4bfcdcc9e6"",""b0db1cc58486bf65d76d16df""]"
a1f1e4f3021f1fd5cff4,c097ba8e49ee39685783,pr160-warm-random-crops,damacy,damacy,synthetic,random12,local block storage,random-1x256x256,"[1,256,256]","[2,256,256]",262144,lz4,16384,5,5.488567511341932,5.325914108603202,5.767378479745432,1.322037086504447,7.8095703125,7.8095703125,,active read loop after one correctness/warmup pass,returned float32 output,"[""517ede78001da7c51bccca86"",""535514696bb94669922e5366"",""3c267122031b641346a0c6a4"",""c9424bffa044292534b88804"",""78a0dadb4e877ba2a9a5f04a""]"
a2c7d7d4ac009a0016c2,fc6fd6b876a5cd57c3e3,cpu-chunk-blocks,tensorstore,tensorstore,synthetic,smooth4,local block storage,full-scan,"[8,256,256]","[1,512,512]",524288,lz4,65536,3,10.479551156967071,9.735479033005811,12.22644523993915,1.5980931987208997,,1.0,0.6257448196411133,"active planning, reads, decode, dtype conversion and assembly; preparation/cache control excluded",returned float32 output,"[""b2100d032bb2c42ac40c49ad"",""04a27dd8d781ce03f8c34fbf"",""76affbde00cf39ef3b85eaea""]"
a317d0a274457c478f27,290874ea5ec60c76e464,cpu-buffer-control,tensorstore,tensorstore,synthetic,smooth4,local block storage,random-1x256x256,"[1,256,256]","[1,128,256]",65536,zstd,16384,3,2.5165831972456925,2.5003130294329448,2.5321684225745886,1.8309433434379625,,2.98046875,1.7865701402936662,"active planning, reads, decode, dtype conversion and assembly; preparation/cache control excluded",returned float32 output,"[""532def71292ea176c5604b7d"",""c199c7aaeb1e8fe0bd942959"",""fc17850b08537cbb59cc6f17""]"
a32871db8e459720269f,64cf218a617cf139aed2,legacy-native,damacy,legacy_gpu_pipeline,microscopy,preset-hbw4,path on shared filesystem; historical mount unverified,random-crops,"[1,1,16,256,256]",,,,,1,3.7251939335961826,3.7251939335961826,3.7251939335961826,,,,,steady-state native wall after warmup; device transfer/decode/assembly included; startup reported separately,returned pipeline-dtype output,"[""910bd47cfdfa4c0ec5056bb7""]"
a33f35871ce482404756,a5b4d9385f49bf3ab40e,pr160-warm-smooth-crops,damacy,damacy,synthetic,smooth4,local block storage,aligned,"[1,256,256]","[1,128,256]",65536,zstd,16384,5,13.26162431821644,13.119442403995851,13.912991305801093,1.8307918674640946,0.998046875,0.998046875,,active read loop after one correctness/warmup pass,returned float32 output,"[""9e367e630eaf2875f4e86b36"",""0201a8025750fa71a2c48b83"",""7fa10cd0619e5dfa041ab90c"",""518c9791fb5b2b6ee45d267e"",""481104d60af993349c7cbc82""]"
a34f51e8f57625a3e424,6928be6f3bc14d659c74,cpu-chunk-blocks,damacy,chunks256-default,synthetic,smooth4,local block storage,full-scan,"[8,256,256]","[1,128,128]",32768,lz4,32768,3,14.815919802487114,14.414193190291837,15.849551618767164,1.5856470833576932,1.0,1.0,0.6306591033935547,"active planning, reads, decode, dtype conversion and assembly; preparation/cache control excluded",returned float32 output,"[""bba218516d4772d6402170f4"",""f4609f7d38d4ff9600ab6b44"",""8767222ef98e890903f776cf""]"
a38104989dfd441c0fec,d50fde3d5d8879146bb0,pr160-warm-xor-crops,damacy,damacy,synthetic,xor,local block storage,random-1x256x256,"[1,256,256]","[1,128,256]",65536,lz4,16384,5,5.218903679922693,4.821563997066045,5.551972653632475,21.094711466942613,2.9593505859375,2.9593505859375,,active read loop after one correctness/warmup pass,returned float32 output,"[""aac8912d51886a20e393614e"",""7917a41bd74d87e421f1038b"",""450daffb8aaa567a9ee00222"",""034397378340b41809260852"",""9dad56c227d444ad58a8dfc4""]"
a3b48468ae44124b92fc,d50fde3d5d8879146bb0,pr160-warm-xor-crops,damacy,damacy,synthetic,xor,local block storage,random-1x256x256,"[1,256,256]","[1,64,128]",16384,zstd,16384,5,2.9171692964367915,2.481387444654792,3.581984288211118,68.60161805854952,1.85260009765625,1.85260009765625,,active read loop after one correctness/warmup pass,returned float32 output,"[""d2ce9e07afb8776030575163"",""7fbf790cfff8d30ef7cea76f"",""27d34b4d640a3a1ffeabb736"",""d30c2a12ea3f7397e18ec4c0"",""0a81685330e59070dfc26387""]"
a44a773db73859db705a,bd2920b33bacec7a0b79,cpu-fixed-layout-pilot,damacy,damacy,synthetic,smooth4,local block storage,full-scan,"[8,256,256]","[1,128,256]",65536,zstd,16384,3,8.973515151561939,8.947431676219635,9.106593184320001,1.8309433434379625,1.0,1.0,0.5461685657501221,"active planning, reads, decode, dtype conversion and assembly; preparation/cache control excluded",returned float32 output,"[""0c8aaeb4c8e91feb87938fcd"",""e95bbf78dcaa74291277580f"",""009b2ef2fbb8f3903ae9c7c2""]"
a4d021bba2407b6bdbe0,61a6573b6265e3efede9,cpu-nfs-local-spot,tensorstore,tensorstore,synthetic,smooth4,NFS,full-scan,"[8,256,256]","[1,256,256]",131072,zstd,131072,3,6.955410614508835,6.277996081010038,8.852624224997282,1.8644857768631582,,1.0,,"active planning, reads, decode, dtype conversion and assembly; preparation/cache control excluded",returned float32 output,"[""0420075058af67a435dbcaee"",""c091b2a5f47abdc829619423"",""423be1e58e6f57e8cf1bb255""]"
a4dda02de2db6745470f,fc6fd6b876a5cd57c3e3,cpu-chunk-blocks,tensorstore,tensorstore,synthetic,smooth4,local block storage,full-scan,"[8,256,256]","[1,256,256]",131072,lz4,131072,3,11.546524998131833,11.312182237319618,12.29091454073351,1.6017382552426165,,1.0,0.6243178844451904,"active planning, reads, decode, dtype conversion and assembly; preparation/cache control excluded",returned float32 output,"[""775f185348a7e9aa4542e924"",""40bd15b7d517857a245fb59e"",""63edf3f191bc124482d570ee""]"
a4fa7c8fbb711e41d7fd,4e197fe8fd2b42f4cd5f,pr160-warm-baseline,damacy,damacy,synthetic,zeros,local block storage,full-scan,"[8,256,256]","[2,256,256]",262144,lz4,65536,3,34.63924922733351,32.410123786126704,37.99618091859976,231.57577195387384,1.0,,,active read loop after one correctness/warmup pass,returned float32 output,"[""c7ea28f807c91e58b897324e"",""54fb92b84a2cf6f24cbd4fbd"",""37ce15ca591d9b38797c7aa2""]"
a5ecc6c32a63219e6c5f,2bba1fbc3a508676854f,legacy-native,damacy,legacy_gpu_pipeline,microscopy,qd-32,path on shared filesystem; historical mount unverified,random-crops,"[1,1,16,256,256]",,,,,1,1.4961477188534957,1.4961477188534957,1.4961477188534957,,,,,steady-state native wall after warmup; device transfer/decode/assembly included; startup reported separately,returned pipeline-dtype output,"[""e7e97e205e028162ed1e6034""]"
a65e6cfb316b6686e2d6,6928be6f3bc14d659c74,cpu-chunk-blocks,damacy,chunks256-default,synthetic,smooth4,local block storage,full-scan,"[8,256,256]","[1,512,512]",524288,zstd,524288,3,24.449770826304906,24.206959153514603,24.522665885024292,1.970907362204299,1.0,1.0,0.5073826313018799,"active planning, reads, decode, dtype conversion and assembly; preparation/cache control excluded",returned float32 output,"[""9d33ea82cc4334762e757a53"",""c1415236ca875de2d8c12ef4"",""005ec65099ed180604e59229""]"
a68a21031d595bc1442d,0ce3149f29afdab44edb,pr160-cold-storage,damacy,damacy,synthetic,random12,local block storage,full-scan,"[8,256,256]","[2,256,256]",262144,zstd,32768,3,7.2594482596796395,7.246178480542683,7.280709584330037,1.3272309551969836,1.0,1.0,0.7534494400024414,complete wall including file eviction and residency checks,returned float32 output,"[""944a3c07e51958e29cff4f40"",""41381d1bcde01b03741577a6"",""4b2637c0dd779b09060f8252""]"
a72348a4ddb9b1aab684,6e17d57538e5ff4dac24,pr160-warm-baseline,damacy,damacy,synthetic,random12,local block storage,full-scan,"[8,256,256]","[1,64,128]",16384,zstd,16384,3,5.35059227984066,5.231448505917015,5.776632167029636,1.3253511793173984,1.0,,,active read loop after one correctness/warmup pass,returned float32 output,"[""d557c37093298e21b1ebdf95"",""6f862609f35b1be41bd5837b"",""0c7f5ee54e8c5912000cd4c2""]"
a73a1fb676ca9d114645,e0e8703262dc47eab85c,pr160-warm-random-crops,damacy,damacy,synthetic,random12,local block storage,aligned,"[1,256,256]","[2,256,256]",262144,zstd,16384,5,15.82647895189262,14.72058619395496,15.916228534475852,1.3285753780077916,1.99267578125,1.99267578125,,active read loop after one correctness/warmup pass,returned float32 output,"[""76033622a89cf5cd655025b0"",""c18481892c9f087ec89377b4"",""b3aefb3e9009e84c36166d47"",""5139de44a0ac1366afc833d0"",""52a264886708ae96a6fb5806""]"
a76fd914fcfca7c7681a,a53e1171caa62db79ee7,legacy-native,damacy,legacy_gpu_pipeline,microscopy,qd-16,path on shared filesystem; historical mount unverified,random-crops,"[1,1,16,256,256]",,,,,1,1.0469976295973666,1.0469976295973666,1.0469976295973666,,,,,steady-state native wall after warmup; device transfer/decode/assembly included; startup reported separately,returned pipeline-dtype output,"[""d85fdc42c37cb79517cce866""]"
a7a4acffb09b7a4e97ad,5adb5da13da404705aa7,cpu-readahead-control,damacy,persistent-default,synthetic,smooth4,local block storage,full-scan,"[8,256,256]","[1,128,256]",65536,lz4,16384,3,11.354959354512705,11.122307176127789,11.446188652651895,1.5663428823641548,1.0,1.0,0.6384315490722656,"active planning, reads, decode, dtype conversion and assembly; preparation/cache control excluded",returned float32 output,"[""d18f6a0d29c56576f99cca19"",""647aa071799e0c118b61c619"",""e29ca9383bf3e8ac6d637cb7""]"
a7b64b79fd5deb4603ba,bd626666153b8084984d,legacy-native,damacy,legacy_gpu_pipeline,microscopy,meta-128,path on shared filesystem; historical mount unverified,random-crops,"[1,1,16,256,256]",,,,,1,1.9363453572634637,1.9363453572634637,1.9363453572634637,,,,,steady-state native wall after warmup; device transfer/decode/assembly included; startup reported separately,returned pipeline-dtype output,"[""6135c95c188106bc791d56d9""]"
a7cfc31a985ef551c7ca,3bc4ca0ab8195aa983e3,cpu-readahead-control,damacy,batch-default,synthetic,smooth4,local block storage,full-scan,"[8,256,256]","[1,128,256]",65536,lz4,16384,3,9.942827248303201,9.89695718905583,10.004617078004461,1.5663428823641548,1.0,1.0,0.6384315490722656,"active planning, reads, decode, dtype conversion and assembly; preparation/cache control excluded",returned float32 output,"[""b4557f78c972490eba8af427"",""c68c98cd1a4ba97bf37d382f"",""678aebe05e0de7651d5aeed9""]"
a8a8b6999123b50f8dc6,6e17d57538e5ff4dac24,pr160-warm-baseline,damacy,damacy,synthetic,random12,local block storage,full-scan,"[8,256,256]","[1,64,128]",16384,lz4,16384,3,5.159332030526608,4.986872282120123,6.041080470167581,1.3188445768380552,1.0,,,active read loop after one correctness/warmup pass,returned float32 output,"[""817ae2017130268065411aae"",""d50da3fa3d4c3047ad9d5d67"",""9e077edf4a838a4c06620f61""]"
a8cf33275ad484b2e4f6,60bca942c0f9c0806f39,cpu-readahead-control,damacy,batch-default,synthetic,smooth4,local block storage,random-1x256x256,"[1,256,256]","[1,128,256]",65536,lz4,16384,3,2.0398560653302242,2.0168222406405607,2.0462749441697423,1.5663428823641548,2.98046875,2.98046875,2.4062655766805015,"active planning, reads, decode, dtype conversion and assembly; preparation/cache control excluded",returned float32 output,"[""2c03e05498c8ea7faab7d358"",""2a45e1fb44bea9ead7487355"",""34adde36273a380566c31e3c""]"
a963ed6d077de21c1911,c453e55c34f787798ebc,microscopy-tensorstore-threads,tensorstore,legacy_cpu_thread_sweep,microscopy,as-chad,path on shared filesystem; historical mount unverified,random-crops,"[16,1,1,256,256]",,,,,1,0.2759309279974275,0.2759309279974275,0.2759309279974275,,,,,Python read+decode timed loop after warmup; open/eviction excluded,archived patch_bytes; destination dtype unrecorded,"[""1511bd1c47207b27a9225d85""]"
a9b28ca8d741500be247,0c78882a3b8d960e6d96,microscopy-survey-tuned,damacy,legacy_gpu_pipeline,microscopy,survey-jacobo_mip,path on shared filesystem; historical mount unverified,random-crops,"[16,1,1,256,256]",,,,,1,0.19635224650532274,0.19635224650532274,0.19635224650532274,,,,,steady-state native wall after warmup; device transfer/decode/assembly included; startup reported separately,returned pipeline-dtype output,"[""8b790929d883174578a1d092""]"
a9d32b161be192c90962,bfea98ef76c9a368b5d5,microscopy-survey-tuned,damacy,legacy_gpu_pipeline,microscopy,survey-chammi75,path on shared filesystem; historical mount unverified,random-crops,"[1,1,1,256,256]",,,,,1,0.22957212164310462,0.22957212164310462,0.22957212164310462,,,,,steady-state native wall after warmup; device transfer/decode/assembly included; startup reported separately,returned pipeline-dtype output,"[""3d807758a3f10f4141e76fc6""]"
a9d344e5d52199a1fee2,a5b4d9385f49bf3ab40e,pr160-warm-smooth-crops,damacy,damacy,synthetic,smooth4,local block storage,aligned,"[1,256,256]","[1,128,256]",65536,lz4,16384,5,15.127958887390285,14.40222923977282,15.815693946559465,1.5662134506489405,0.998046875,0.998046875,,active read loop after one correctness/warmup pass,returned float32 output,"[""ac617af19a0d81c4570031b4"",""0c9bec1ab52e1085e4f9b486"",""b07e0fbbd49f6c6568721594"",""6d74188be56d8ff7885fd687"",""39572e75871b1dca1b44bee0""]"
aa24fef4eb59ff14cf27,6e17d57538e5ff4dac24,pr160-warm-baseline,damacy,damacy,synthetic,random12,local block storage,full-scan,"[8,256,256]","[1,64,128]",16384,zstd,4096,3,6.102085037099596,5.999020642296486,6.219002714414811,1.3132615402140475,1.0,,,active read loop after one correctness/warmup pass,returned float32 output,"[""414c1a35b281301809d074f4"",""33f24f940ce1045946d7661c"",""eb1aaa2a978b796b7c8861e3""]"
aa2d8c3ef06830505819,d845df774bc1b431edec,cpu-chunk-blocks,damacy,chunks256-default,synthetic,smooth4,local block storage,random-1x256x256,"[1,256,256]","[1,512,512]",524288,zstd,65536,3,2.7829815032230663,2.7755591865568374,2.8036118200844724,1.8505648607554412,8.433349609375,8.433349609375,3.592107500348772,"active planning, reads, decode, dtype conversion and assembly; preparation/cache control excluded",returned float32 output,"[""1d450b05a1eadabfaa9dc861"",""6be66dd28c5687dfa7add316"",""4277f97e4c6624c16c12702f""]"
aa7523d1a41cfd987ac3,69867e896e3d10abac83,cpu-buffer-control,damacy,chunks256-default,synthetic,smooth4,local block storage,random-1x256x256,"[1,256,256]","[1,128,256]",65536,lz4,16384,3,3.038672448615974,3.014606732229184,3.04289310024671,1.5663428823641548,2.98046875,2.98046875,2.3807709217071533,"active planning, reads, decode, dtype conversion and assembly; preparation/cache control excluded",returned float32 output,"[""a03f472bc02e497f96ac5cee"",""d3ec22cd338e8aab4cd90561"",""a8d84123b7831fcc7b23301c""]"
aa791410862afa7a0747,0ce3149f29afdab44edb,pr160-cold-storage,damacy,damacy,synthetic,random12,local block storage,full-scan,"[8,256,256]","[2,256,256]",262144,zstd,262144,3,7.367147042710895,7.317137106083962,7.474574909089444,1.3327503568918522,1.0,1.0,0.7503318786621094,complete wall including file eviction and residency checks,returned float32 output,"[""798476a5ebeedd055e98de80"",""8e95d988ba567ef8111b15b3"",""71d9948fb0ecb3632469c734""]"
ab373ea1377831fc1835,0ce3149f29afdab44edb,pr160-cold-storage,damacy,damacy,synthetic,random12,local block storage,full-scan,"[8,256,256]","[8,256,256]",1048576,zstd,8192,3,8.828182527061323,8.761345393245989,8.951338377773414,1.3252979298063237,1.0,1.0,0.7545490264892578,complete wall including file eviction and residency checks,returned float32 output,"[""b20c213f1da9ee8ccbd9b066"",""085ac4cb7f981525a56d03f4"",""5cd48f6e99618dba37373459""]"
ab5a8c50da6ffa132066,0ce3149f29afdab44edb,pr160-cold-storage,damacy,damacy,synthetic,random12,local block storage,full-scan,"[8,256,256]","[1,128,256]",65536,lz4,32768,3,5.884037657293584,5.779727763440247,6.01111479590701,1.3231045480799037,1.0,1.0,0.75579833984375,complete wall including file eviction and residency checks,returned float32 output,"[""d02ad90b6520841c576d4fc4"",""bb53cba4d847018b2fcd07ff"",""2ba82d9b381f280d5839010a""]"
abbd887317cdfe275799,e1cc821d3cab1404ef84,cpu-chunk-blocks,tensorstore,tensorstore,synthetic,smooth4,local block storage,random-1x256x256,"[1,256,256]","[1,512,512]",524288,lz4,16384,3,3.033380312347614,3.01697466110527,3.0832890461463784,1.5666306456387868,,8.433349609375,4.177309513092041,"active planning, reads, decode, dtype conversion and assembly; preparation/cache control excluded",returned float32 output,"[""bb0b9347fb65f7c2f39f5437"",""4ef777b120688af19966f5e0"",""a005bebf8b9f26204914a14d""]"
abda9caffdaf9e8fe3e1,014ee63aa8b4700caf25,legacy-array-count-control,damacy,legacy_gpu_pipeline,synthetic,as-n16,path on shared filesystem; historical mount unverified,random-crops,"[64,256,256]","[16,256,256]",2097152,"[""zstd""]",,1,9.150875052426889,9.150875052426889,9.150875052426889,,4.912109375,,,steady-state native wall after warmup; device transfer/decode/assembly included; startup reported separately,returned pipeline-dtype output,"[""30446b4fb75a55d5292de846""]"
ac019b78cdf5a2e01fdc,9577427ed99ded0e5478,cpu-small-chunks,damacy,chunks256-random,synthetic,smooth4,local block storage,random-1x256x256,"[1,256,256]","[1,256,256]",131072,zstd,16384,3,3.500600013025718,3.495149446564383,3.5316734275075,1.8317621551383316,3.97491455078125,3.97491455078125,1.715932846069336,"active planning, reads, decode, dtype conversion and assembly; preparation/cache control excluded",returned float32 output,"[""7a044b224c6a6b07ce94595c"",""1b570242ad5ff574e62834f9"",""450e51486de6c5117b105e83""]"
ac3bc2c7b478faf27a5c,241070601b3896419ead,cpu-nfs-local-spot,damacy,chunks256-random,synthetic,smooth4,local block storage,random-1x256x256,"[1,256,256]","[1,512,512]",524288,lz4,524288,3,2.860405591232296,2.8435531259412654,2.8681092905033108,1.626606892779916,8.433349609375,8.433349609375,3.160785675048828,"active planning, reads, decode, dtype conversion and assembly; preparation/cache control excluded",returned float32 output,"[""f8c98bbd4f04ce7432871567"",""432588932b269e2f9307a888"",""c023797a673b40df6fb02513""]"
acaea2bb30da36473cca,3f730553f5d2528deecd,cpu-nfs-local-spot,damacy,chunks256-default,synthetic,smooth4,local block storage,full-scan,"[8,256,256]","[1,512,512]",524288,lz4,524288,3,21.835788941681006,19.359796296687787,22.04536459092131,1.626606892779916,1.0,1.0,0.6147785186767578,"active planning, reads, decode, dtype conversion and assembly; preparation/cache control excluded",returned float32 output,"[""5ec082578570c3c7b8dd42c0"",""4dc0ceb418193b78f4223ef2"",""19ae804a5d650393abdaade1""]"
acc1309372adbf1ac8c8,6e17d57538e5ff4dac24,pr160-warm-baseline,damacy,damacy,synthetic,random12,local block storage,full-scan,"[8,256,256]","[8,256,256]",1048576,lz4,524288,3,27.522707598577423,27.46876793932206,30.552340123389904,1.3259116374416209,1.0,,,active read loop after one correctness/warmup pass,returned float32 output,"[""a68bf617618cb75ccc8295a6"",""c2a9de8787d102baeee354c7"",""a66ed9d4cea81656828b7399""]"
acd664f23639010f19f9,d50fde3d5d8879146bb0,pr160-warm-xor-crops,damacy,damacy,synthetic,xor,local block storage,random-1x256x256,"[1,256,256]","[8,256,256]",1048576,zstd,16384,5,2.4631600884374913,2.3698138352219753,2.4803886454291413,82.33163303957745,29.564453125,29.564453125,,active read loop after one correctness/warmup pass,returned float32 output,"[""9ce2a9c9b65861a10509c742"",""e64aa01f6f5e1532055cf0d7"",""be5cdbe31d9bdaa267b74bf8"",""9e873416a861b13146d96b2e"",""7e9933cc992a073880dd3402""]"
ad0fb4b9e2aa3b5bb7fc,d2bc1fa86a5a9497c420,cpu-buffer-control,damacy,chunks128-random,synthetic,smooth4,local block storage,random-1x256x256,"[1,256,256]","[1,128,256]",65536,zstd,16384,3,3.26257467294582,3.2205929486184224,3.271004374905154,1.8309433434379625,2.98046875,2.98046875,1.4038677215576172,"active planning, reads, decode, dtype conversion and assembly; preparation/cache control excluded",returned float32 output,"[""f58cc3e0b276cafd662d826c"",""ef815292ff353ed94445e822"",""ba49f550f2cf1916504789c0""]"
ad29c096dd6c503d48e0,6928be6f3bc14d659c74,cpu-chunk-blocks,damacy,chunks256-default,synthetic,smooth4,local block storage,full-scan,"[8,256,256]","[1,128,128]",32768,lz4,4096,3,14.084179829087006,13.674974908984087,14.155280188070627,1.5216670305492115,1.0,1.0,0.6571755409240723,"active planning, reads, decode, dtype conversion and assembly; preparation/cache control excluded",returned float32 output,"[""ec8eba13550b20b2b5558325"",""663062a6cf667adcd1c37f50"",""96fe3833724190f3e13261b1""]"
ad2e92ef06f7d862e0c9,290874ea5ec60c76e464,cpu-buffer-control,tensorstore,tensorstore,synthetic,smooth4,local block storage,random-1x256x256,"[1,256,256]","[1,128,256]",65536,lz4,16384,3,2.3547455994323077,2.3499980518395165,2.3779494763346642,1.5663428823641548,,2.98046875,2.0517374674479165,"active planning, reads, decode, dtype conversion and assembly; preparation/cache control excluded",returned float32 output,"[""ba578f41a51f84e80e6e7262"",""8e0f0c53a9d2abdf1561b1fb"",""d4040122d5b5259bd94645ea""]"
adcf5253881232017774,65a1bbb2b8d3e891043d,legacy-native,damacy,legacy_gpu_pipeline,microscopy,preset-hbw4,path on shared filesystem; historical mount unverified,random-crops,"[1,1,16,256,256]",,,,,1,4.090046462927819,4.090046462927819,4.090046462927819,,,,,steady-state native wall after warmup; device transfer/decode/assembly included; startup reported separately,returned pipeline-dtype output,"[""16bd982fc880da2025b74434""]"
ae1fe9722844d86ce12c,6e17d57538e5ff4dac24,pr160-warm-baseline,damacy,damacy,synthetic,random12,local block storage,full-scan,"[8,256,256]","[1,128,256]",65536,zstd,16384,3,12.597973650108807,11.724111900305171,13.88644210460538,1.3279292888390097,1.0,,,active read loop after one correctness/warmup pass,returned float32 output,"[""6c8b6df17734bb0899be0431"",""c46345f93ad9a1ea1ea506b0"",""4a871ac13ea389320cfd727d""]"
ae4471743b5c4fc5b310,79be288a84e3b41efc2a,cpu-scheduling-paired,damacy,before,synthetic,smooth4,local block storage,random-1x256x256,"[1,256,256]","[1,128,256]",65536,zstd,16384,3,4.413391285941943,4.3449542559429295,4.417850433132338,1.8309433434379625,2.98046875,2.98046875,0.0,"active planning, reads, decode, dtype conversion and assembly; preparation/cache control excluded",returned float32 output,"[""6607bafa52090323e408b1e5"",""9bf4ed0542c71950abe5af70"",""291b7c1d688a5cb6961ef66e""]"
ae9434ca8db77a933bba,0ce3149f29afdab44edb,pr160-cold-storage,damacy,damacy,synthetic,random12,local block storage,full-scan,"[8,256,256]","[1,128,256]",65536,lz4,4096,3,6.04840165293406,5.921040392806639,6.068648042625901,1.312822167312731,1.0,1.0,0.76171875,complete wall including file eviction and residency checks,returned float32 output,"[""83a4a0dc758390cd937d4054"",""8ee570cb8c253012c421aeb7"",""98c24a7873d70e8c98c4ab0a""]"
aeaf3658ef58fcca4e4b,0ce3149f29afdab44edb,pr160-cold-storage,damacy,damacy,synthetic,random12,local block storage,full-scan,"[8,256,256]","[8,256,256]",1048576,lz4,32768,3,8.041639372965339,7.454713884236267,8.111497587605792,1.3239063974034677,1.0,1.0,0.7553389413016183,complete wall including file eviction and residency checks,returned float32 output,"[""aa2b8fd7c702cf365eb959f2"",""960f608925a5401da1169b93"",""b5ed05bfadcbf510017a8f5d""]"
b069810ca5402f8b5e50,32866003bc9a501b8326,legacy-native,damacy,legacy_gpu_pipeline,microscopy,preset-hbw4,path on shared filesystem; historical mount unverified,random-crops,"[1,1,16,256,256]",,,,,1,2.543167729032599,2.543167729032599,2.543167729032599,,,,,steady-state native wall after warmup; device transfer/decode/assembly included; startup reported separately,returned pipeline-dtype output,"[""226a5a8f3ba92bea57debab1""]"
b0bb1030120bba6faf01,e1cc821d3cab1404ef84,cpu-chunk-blocks,tensorstore,tensorstore,synthetic,smooth4,local block storage,random-1x256x256,"[1,256,256]","[1,256,256]",131072,lz4,131072,3,2.6331746442601394,2.581299716714447,2.6478410317065024,1.6017382552426165,,3.97491455078125,2.5582659585135326,"active planning, reads, decode, dtype conversion and assembly; preparation/cache control excluded",returned float32 output,"[""3ebf1971f405db8089020419"",""0571cb97e261dd9624f08a33"",""4b511ff42bf9f78bb717fa8e""]"
b15fa9d5c21ed28f398b,d973e332e5108f60b148,microscopy-tensorstore-threads,tensorstore,legacy_cpu_thread_sweep,microscopy,as-dynacell,path on shared filesystem; historical mount unverified,random-crops,"[1,5,16,256,256]",,,,,1,0.10443777142726278,0.10443777142726278,0.10443777142726278,,,,,Python read+decode timed loop after warmup; open/eviction excluded,archived patch_bytes; destination dtype unrecorded,"[""78f498b225bcf73b9cb57e1b""]"
b1db6efa52dd6eb6c6fe,adb03604916cc7efff86,microscopy-chammi-initial,damacy,legacy_gpu_pipeline,microscopy,chammi-idr0017,path on shared filesystem; historical mount unverified,random-crops,"[1,1,1,256,256]",,,,,1,1.671273141116421,1.671273141116421,1.671273141116421,,,,,steady-state native wall after warmup; device transfer/decode/assembly included; startup reported separately,returned pipeline-dtype output,"[""393b1d70d444d77d0381e033""]"
b2335f0032039171f8c2,d678314fb3a406257e8f,pr160-cold-storage,damacy,damacy,synthetic,random12,local block storage,random-1x256x256,"[1,256,256]","[1,64,128]",16384,zstd,16384,3,0.6377355601231282,0.6364416446986972,0.639599261739157,1.3253511793173984,1.85260009765625,1.85260009765625,3.959623064313616,complete wall including file eviction and residency checks,returned float32 output,"[""9132fdf0b59b375ae03bef23"",""8221a6479fca06c823caef9f"",""eff701ca8487d580be4a5fbb""]"
b25b631186ba0d010b98,b67ae8998acb724a8702,legacy-native,damacy,legacy_gpu_pipeline,microscopy,preset-hbw4,path on shared filesystem; historical mount unverified,random-crops,"[1,1,16,256,256]",,,,,1,4.167875350518317,4.167875350518317,4.167875350518317,,,,,steady-state native wall after warmup; device transfer/decode/assembly included; startup reported separately,returned pipeline-dtype output,"[""e9ef3a6715f52b009247db7d""]"
b29c1769fd43507c77e2,952ee1cc500a42eb598a,microscopy-tensorstore-threads,tensorstore,legacy_cpu_thread_sweep,microscopy,survey-allencell_dynamic,path on shared filesystem; historical mount unverified,random-crops,"[16,1,1,256,256]",,,,,1,0.322586971378739,0.322586971378739,0.322586971378739,,,,,Python read+decode timed loop after warmup; open/eviction excluded,archived patch_bytes; destination dtype unrecorded,"[""71ad7323d0f8e31edc8b55b6""]"
b3578788371202abc588,16cd3a040e91c9f61a64,cpu-scheduling-paired,damacy,after,synthetic,smooth4,local block storage,aligned,"[1,256,256]","[1,128,256]",65536,zstd,16384,3,6.393918409831251,6.372766917640188,6.582900101263112,1.8309433434379625,0.999267578125,0.999267578125,0.6203718185424805,"active planning, reads, decode, dtype conversion and assembly; preparation/cache control excluded",returned float32 output,"[""d381b4bcf3e5241e228924b8"",""6c81a33095eaf009afcbd0d8"",""3aaf345875812099e2aaa0a3""]"
b3ce30c4504772258408,5667703b1285be5490f4,legacy-native,damacy,legacy_gpu_pipeline,microscopy,dynacell-fast,path on shared filesystem; historical mount unverified,random-crops,"[1,1,16,256,256]",,,,,1,0.5544269886187227,0.5544269886187227,0.5544269886187227,,,,,steady-state native wall after warmup; device transfer/decode/assembly included; startup reported separately,returned pipeline-dtype output,"[""d47c64467eb2c56c7fc3a936""]"
b3d4d42539c2f4711a66,ea1b2e1631a1091a4eac,microscopy-chammi-sparse-confirmation,damacy,legacy_gpu_pipeline,microscopy,chammi-idr0017,path on shared filesystem; historical mount unverified,random-crops,"[1,1,1,256,256]",,,,,3,0.9698944754810677,0.9015550020675662,1.0622025832766824,,,,,steady-state native wall after warmup; device transfer/decode/assembly included; startup reported separately,returned pipeline-dtype output,"[""d08bbe2a6acb895826573e81"",""fe92ad802dde212815a8d427"",""a3a9e0a0b02be6dfaeaf99ad""]"
b3f60baacdd921f7b898,25c4cf13a324c7d879c4,legacy-array-count-control,damacy,legacy_gpu_pipeline,synthetic,as-n01,path on shared filesystem; historical mount unverified,random-crops,"[64,256,256]","[16,256,256]",2097152,"[""zstd""]",,1,10.714668381013608,10.714668381013608,10.714668381013608,,4.912109375,,,steady-state native wall after warmup; device transfer/decode/assembly included; startup reported separately,returned pipeline-dtype output,"[""ea565d7d46e4052574e67092""]"
b412258bf48637c16d8b,f4d600b0eb53b12c5e98,legacy-native,damacy,legacy_gpu_pipeline,microscopy,rop-1024,path on shared filesystem; historical mount unverified,random-crops,"[1,1,16,256,256]",,,,,1,1.467571943311805,1.467571943311805,1.467571943311805,,,,,steady-state native wall after warmup; device transfer/decode/assembly included; startup reported separately,returned pipeline-dtype output,"[""a6a7b3c498355b77419afdbc""]"
b5f6829e57bf8c9ba2f7,0ce3149f29afdab44edb,pr160-cold-storage,damacy,damacy,synthetic,random12,local block storage,full-scan,"[8,256,256]","[8,256,256]",1048576,zstd,524288,3,8.663575595966623,8.604695536626181,8.690483001104718,1.3331773662243949,1.0,1.0,0.750089168548584,complete wall including file eviction and residency checks,returned float32 output,"[""d2909c9d59968c1f568ce86c"",""c1cbb743223b5febb5d63e51"",""a325b5f9e003db233b27be93""]"
b60e2eb041be02e1c3e9,0f7edafc3e428e968191,legacy-native,damacy,legacy_gpu_pipeline,microscopy,meta-64,path on shared filesystem; historical mount unverified,random-crops,"[1,1,16,256,256]",,,,,1,1.9133072817413854,1.9133072817413854,1.9133072817413854,,,,,steady-state native wall after warmup; device transfer/decode/assembly included; startup reported separately,returned pipeline-dtype output,"[""19582df918535850a7a22cf8""]"
b6aa3b8f32aa2cadbe55,c991e32bf0df7d910788,cpu-fixed-layout-pilot,tensorstore,tensorstore,synthetic,smooth4,local block storage,full-scan,"[8,256,256]","[1,128,256]",65536,zstd,16384,3,9.139387320858486,9.092389220296052,10.067349136865522,1.8309433434379625,,1.0,0.0,"active planning, reads, decode, dtype conversion and assembly; preparation/cache control excluded",returned float32 output,"[""cfe5e63f8a7a60b46f945656"",""32660f4751acf14d2b4491dd"",""19a0e0d10a3269803be73d3c""]"
b6d61b6bd6e513dd2baf,6928be6f3bc14d659c74,cpu-chunk-blocks,damacy,chunks256-default,synthetic,smooth4,local block storage,full-scan,"[8,256,256]","[1,256,256]",131072,zstd,16384,3,20.85629391884799,20.62108316089843,21.17199750928443,1.8317621551383316,1.0,1.0,0.5459244251251221,"active planning, reads, decode, dtype conversion and assembly; preparation/cache control excluded",returned float32 output,"[""8ac6640239f86bbd4351f4ac"",""bbeca892888a385676bab5b5"",""42dc7b509e5d75605f365f08""]"
b8832c1e9c11253d5e24,bd27c86760b9369ced8c,microscopy-survey-baseline,damacy,legacy_gpu_pipeline,microscopy,survey-allencell_static,path on shared filesystem; historical mount unverified,random-crops,"[1,1,1,256,256]",,,,,1,0.3665551557009004,0.3665551557009004,0.3665551557009004,,,,,steady-state native wall after warmup; device transfer/decode/assembly included; startup reported separately,returned pipeline-dtype output,"[""6cb9dc263940de532b2baf1d""]"
b96ae1fe437280c13dd4,bd2920b33bacec7a0b79,cpu-fixed-layout-pilot,damacy,damacy,synthetic,smooth4,local block storage,full-scan,"[8,256,256]","[1,128,256]",65536,lz4,16384,3,9.411372982174353,9.389797402237384,9.509469327390761,1.5663428823641548,1.0,1.0,0.6384315490722656,"active planning, reads, decode, dtype conversion and assembly; preparation/cache control excluded",returned float32 output,"[""1deffceb5e8c44e16f1839ed"",""aeb02faffbd58c0983939b76"",""ba56bd0f4b520dbb45355e9a""]"
b98bbc23e63a9ccc6877,d208f5abab3e3472cbfb,legacy-native,damacy,legacy_gpu_pipeline,microscopy,qd-48,path on shared filesystem; historical mount unverified,random-crops,"[1,1,16,256,256]",,,,,1,1.8796822885808546,1.8796822885808546,1.8796822885808546,,,,,steady-state native wall after warmup; device transfer/decode/assembly included; startup reported separately,returned pipeline-dtype output,"[""b58867582900853fa9d1d6cb""]"
b9da68e83a5c149b888a,f94ac526b988eb241a63,cpu-small-chunks,damacy,chunks256-default,synthetic,smooth4,local block storage,full-scan,"[8,256,256]","[1,64,128]",16384,lz4,16384,3,11.591330472354947,11.444547192920036,11.695849210580171,1.570198337802875,1.0,1.0,0.636864185333252,"active planning, reads, decode, dtype conversion and assembly; preparation/cache control excluded",returned float32 output,"[""30029531f2bba0443a9a9a7c"",""5f53c186382e0443ee8c0ff6"",""0b7a91a8a715f86d3ff6da04""]"
ba6f0c727010155bc895,77b7597ccef67c6adaed,cpu-fixed-layout-pilot,tensorstore,tensorstore,synthetic,smooth4,local block storage,full-scan,"[8,256,256]","[1,128,256]",65536,zstd,16384,3,8.304684268353848,8.191093123842215,8.618766999209212,1.8309433434379625,,1.0,0.5461463928222656,"active planning, reads, decode, dtype conversion and assembly; preparation/cache control excluded",returned float32 output,"[""dbf19862b91c30dc22ad9cce"",""9bbedfe0add446a14ec5e8db"",""a203bcc233b6c2a01c772a8a""]"
ba9952543c956503add1,0ce3149f29afdab44edb,pr160-cold-storage,damacy,damacy,synthetic,random12,local block storage,full-scan,"[8,256,256]","[2,256,256]",262144,zstd,65536,3,7.37186834671918,7.257468455821798,7.42473562147557,1.3287644550417068,1.0,1.0,0.7525825500488281,complete wall including file eviction and residency checks,returned float32 output,"[""62e058f35fff03eb63165d4e"",""da9d83b069df0768edd2daa8"",""fd2863ca1beb3ca4faf35016""]"
bacbcfe50af54c7304fd,057520804536d24059d8,pr160-warm-xor-crops,damacy,damacy,synthetic,xor,local block storage,aligned,"[1,256,256]","[2,256,256]",262144,lz4,16384,5,17.640636320634332,15.631006010903155,17.797607382775038,21.258939197090033,1.99267578125,1.99267578125,,active read loop after one correctness/warmup pass,returned float32 output,"[""91ab52cd4a82ce2682f57827"",""1bf56feb6d0a5207f1c36fd7"",""834e8ef734b82bbb732af052"",""d4258c18a6d23d8fb6da153a"",""ab0b71bff4acd9c27ff48092""]"
baf16e91e6779db790d4,92730ca4839f8f874284,legacy-native,damacy,legacy_gpu_pipeline,synthetic,throughput,path on shared filesystem; historical mount unverified,random-crops,"[128,128,128]","[32,64,64]",262144,"[""zstd""]",,1,8.738279782242069,8.738279782242069,8.738279782242069,,2.76048828125,,,steady-state native wall after warmup; device transfer/decode/assembly included; startup reported separately,returned pipeline-dtype output,"[""3ef5de3367aebc31f05065ae""]"
bb36b9b4735f967c7483,e1cc821d3cab1404ef84,cpu-chunk-blocks,tensorstore,tensorstore,synthetic,smooth4,local block storage,random-1x256x256,"[1,256,256]","[1,256,256]",131072,zstd,65536,3,2.8235578971427544,2.7305744024231013,2.8437273736355504,1.85368967938808,,3.97491455078125,2.237428937639509,"active planning, reads, decode, dtype conversion and assembly; preparation/cache control excluded",returned float32 output,"[""92d672c9052ec441ff2c2c64"",""886ea3dcb458fe432bbfc99e"",""a3dd7b959f694bb3513789ef""]"
bbf813355fad4da4b531,862a43ee36563ca6e65f,cpu-nfs-local-spot,damacy,chunks256-random,synthetic,smooth4,NFS,full-scan,"[8,256,256]","[1,512,512]",524288,lz4,524288,3,20.657924173229457,18.780009625188956,25.192215593544766,1.626606892779916,1.0,1.0,,"active planning, reads, decode, dtype conversion and assembly; preparation/cache control excluded",returned float32 output,"[""08651a9570fc6ba357cec5d1"",""98d7e37d51975800015e8e3e"",""2ca58bbce8c13c6fdbcd21fc""]"
bc15d2824d77ccf6434d,6e17d57538e5ff4dac24,pr160-warm-baseline,damacy,damacy,synthetic,random12,local block storage,full-scan,"[8,256,256]","[2,256,256]",262144,lz4,8192,3,23.578819414729242,21.510180610617628,26.45500381935246,1.319163473120603,1.0,,,active read loop after one correctness/warmup pass,returned float32 output,"[""c6213d442929668222256899"",""71b7d5eb648de304c0666187"",""d3678177e50ff8ef5d475dd2""]"
bc53aecc7f829111b2ed,1fb438294d5ac2bb57e1,cpu-chunk-blocks,damacy,chunks256-random,synthetic,smooth4,local block storage,full-scan,"[8,256,256]","[1,512,512]",524288,lz4,524288,3,26.16913168012659,26.076420572781984,26.23111987067762,1.626606892779916,1.0,1.0,0.6147480010986328,"active planning, reads, decode, dtype conversion and assembly; preparation/cache control excluded",returned float32 output,"[""781441155aff52e76cf83930"",""21516f97e265200d8950bca3"",""8effccbaf71cc49f297530a0""]"
bca944d2da8e1fcbc52d,26c6b410061d58a3bda5,cpu-small-chunks,tensorstore,tensorstore,synthetic,smooth4,local block storage,full-scan,"[8,256,256]","[1,128,256]",65536,lz4,16384,3,10.01728152323285,9.848797964883582,10.992401202150242,1.5663428823641548,,1.0,0.6383756399154663,"active planning, reads, decode, dtype conversion and assembly; preparation/cache control excluded",returned float32 output,"[""ef7d440803fb3d1dfdf1f74e"",""4e8386dedfbc6891b1350645"",""b3ed67e1b71271e68e89b7ff""]"
bcb64fe261a269affe74,fc6fd6b876a5cd57c3e3,cpu-chunk-blocks,tensorstore,tensorstore,synthetic,smooth4,local block storage,full-scan,"[8,256,256]","[1,256,256]",131072,lz4,65536,3,12.273815847143258,11.856073540968502,12.714510118090221,1.6005883232081666,,1.0,0.6247720718383789,"active planning, reads, decode, dtype conversion and assembly; preparation/cache control excluded",returned float32 output,"[""88bed15e9ae5688b24031b17"",""009ed5d9e3f56b34baa61e8d"",""0bf92b54feac4e878962d7e8""]"
bd7c79c31b9aa720f030,264b9407773c3e7b12a0,pr160-warm-patterns,damacy,damacy,synthetic,random10,local block storage,full-scan,"[8,256,256]","[2,256,256]",262144,lz4,65536,5,26.279811829473047,24.342917111889683,27.76994847778628,1.587635655752944,1.0,,,active read loop after one correctness/warmup pass,returned float32 output,"[""b096b30280e688f4a9c3304b"",""74b07a5b11dfa6cbf1ad96d2"",""4243a42247c9123f536cdf0c"",""f5a61ed7a8efb918b237d6c6"",""06491fbe8c0276922baa8443""]"
bdab3323d096fe37ec7c,e375e81ba6a0cc6ff8ab,microscopy-tensorstore-threads,tensorstore,legacy_cpu_thread_sweep,microscopy,as-dynacell,path on shared filesystem; historical mount unverified,random-crops,"[1,5,16,256,256]",,,,,1,0.23080277413121,0.23080277413121,0.23080277413121,,,,,Python read+decode timed loop after warmup; open/eviction excluded,archived patch_bytes; destination dtype unrecorded,"[""2b616807f28edac36836aae6""]"
bebe823152b372a69c59,6e17d57538e5ff4dac24,pr160-warm-baseline,damacy,damacy,synthetic,random12,local block storage,full-scan,"[8,256,256]","[2,256,256]",262144,lz4,4096,3,19.830365472805667,17.132272012199614,21.07909756812814,1.3134536362028717,1.0,,,active read loop after one correctness/warmup pass,returned float32 output,"[""85ae77f514575fbddf32688b"",""688f6b9479e9416653494cb1"",""9380ec80b8f1f5178bbff1b5""]"
bf83fad371573ba0b24c,26c6b410061d58a3bda5,cpu-small-chunks,tensorstore,tensorstore,synthetic,smooth4,local block storage,full-scan,"[8,256,256]","[1,64,128]",16384,zstd,16384,3,4.883686162259403,4.86035997945238,4.970260298873708,1.8333944608562351,,1.0,0.5453565120697021,"active planning, reads, decode, dtype conversion and assembly; preparation/cache control excluded",returned float32 output,"[""bc8a26a6006a1881270904a2"",""957cddc0f0cfc6e4b3616059"",""906074252ad0a758deba1bf6""]"
bfaf1864543b13d92095,6e17d57538e5ff4dac24,pr160-warm-baseline,damacy,damacy,synthetic,random12,local block storage,full-scan,"[8,256,256]","[1,128,256]",65536,lz4,65536,3,12.80305389006015,11.78790913818135,12.841683144306096,1.3239866313040163,1.0,,,active read loop after one correctness/warmup pass,returned float32 output,"[""96293409844690e47350798d"",""fd4003ff26ad937bf58e3ddf"",""ea248e731455a2df77edc077""]"
c0b7712e21ba719963c7,c991e32bf0df7d910788,cpu-fixed-layout-pilot,tensorstore,tensorstore,synthetic,smooth4,local block storage,full-scan,"[8,256,256]","[1,128,256]",65536,lz4,16384,3,9.141715975571755,9.06175680014366,9.222302141218314,1.5663428823641548,,1.0,0.0,"active planning, reads, decode, dtype conversion and assembly; preparation/cache control excluded",returned float32 output,"[""424534d775567ed9944d53f1"",""3a3dd38f706e72b52d41df04"",""781c765d4452ef14a54a8830""]"
c0b999fbc963aa38e7a5,4b00c0dde201a45fe1c3,microscopy-tensorstore-threads,tensorstore,legacy_cpu_thread_sweep,microscopy,survey-allencell_static,path on shared filesystem; historical mount unverified,random-crops,"[1,1,1,256,256]",,,,,1,0.03831382697397864,0.03831382697397864,0.03831382697397864,,,,,Python read+decode timed loop after warmup; open/eviction excluded,archived patch_bytes; destination dtype unrecorded,"[""84202010af14c97b6cb5badd""]"
c0d31927a0972a673ee5,0ce3149f29afdab44edb,pr160-cold-storage,damacy,damacy,synthetic,random12,local block storage,full-scan,"[8,256,256]","[1,64,128]",16384,lz4,16384,3,3.3653869171375335,2.9988320455205475,3.37910275457006,1.3188445768380552,1.0,1.0,0.75823974609375,complete wall including file eviction and residency checks,returned float32 output,"[""b25c98064cf10a2a4d2d03c1"",""494851df80e28ccfe91bc599"",""f606c89a54644642483ec80d""]"
c1cb82019dcb89b050fe,b07b72a78260e11bed02,cpu-chunk-blocks,damacy,chunks256-random,synthetic,smooth4,local block storage,random-1x256x256,"[1,256,256]","[1,512,512]",524288,lz4,524288,3,2.998727989247506,2.970867738950021,3.0054958483455034,1.626606892779916,8.433349609375,8.433349609375,3.160785675048828,"active planning, reads, decode, dtype conversion and assembly; preparation/cache control excluded",returned float32 output,"[""7632505dac6fbf562f3197f0"",""3c9f14c7b368e8188ac95fff"",""a3c3f9a30a93350943437721""]"
c25c7145e466b02cccfc,8eee1d5cbd42eb6487b5,cpu-small-chunks,damacy,chunks256-default,synthetic,smooth4,local block storage,random-1x256x256,"[1,256,256]","[1,128,256]",65536,zstd,16384,3,3.2384981470600116,3.23069512401275,3.256244926299206,1.8309433434379625,2.98046875,2.98046875,2.1185290018717446,"active planning, reads, decode, dtype conversion and assembly; preparation/cache control excluded",returned float32 output,"[""9f6e276ecdd2ebbe0d98977a"",""7eb09d15fb69a32724ec4e8e"",""660fee8f69bc992c16d08c38""]"
c2ce26b5f5b8439f715a,1fb438294d5ac2bb57e1,cpu-chunk-blocks,damacy,chunks256-random,synthetic,smooth4,local block storage,full-scan,"[8,256,256]","[1,256,256]",131072,zstd,65536,3,23.339910318809224,18.37705610611738,23.822325269677943,1.85368967938808,1.0,1.0,0.539344072341919,"active planning, reads, decode, dtype conversion and assembly; preparation/cache control excluded",returned float32 output,"[""40dccfe24a9ec8be30b5e880"",""b8dc18286b8efe42cb36f320"",""1a29b5d9a333e02dec591753""]"
c2deb26695c059f31ec1,5981c2469695034ea46a,legacy-native,damacy,legacy_gpu_pipeline,microscopy,dynacell-one,path on shared filesystem; historical mount unverified,random-crops,"[1,1,16,256,256]","[1,1,4,256,256]",1048576,"[""blosc-zstd""]",,1,0.35205218258271115,0.35205218258271115,0.35205218258271115,,4.72515625,,,steady-state native wall after warmup; device transfer/decode/assembly included; startup reported separately,returned pipeline-dtype output,"[""5efc1d3826a1b9d00b7e0ceb""]"
c34371921a8d5345d0e4,c097ba8e49ee39685783,pr160-warm-random-crops,damacy,damacy,synthetic,random12,local block storage,random-1x256x256,"[1,256,256]","[2,256,256]",262144,zstd,16384,5,4.615076138226998,4.1712396567365415,4.92687175738898,1.3285753780077916,7.8095703125,7.8095703125,,active read loop after one correctness/warmup pass,returned float32 output,"[""28c5add4cf97999242deddca"",""31dc7d4fae8f7147612afb42"",""ed30c4e93aeee5822b0b5262"",""e909e6b4fc5fe3a0866dd8c7"",""577104c4da0fc648e2cd7401""]"
c3bfe5ba63e9f79bdd45,33e29e21852cbeda9187,microscopy-survey-baseline,damacy,legacy_gpu_pipeline,microscopy,survey-allencell_dynamic,path on shared filesystem; historical mount unverified,random-crops,"[16,1,1,256,256]",,,,,1,0.13578735482973894,0.13578735482973894,0.13578735482973894,,,,,steady-state native wall after warmup; device transfer/decode/assembly included; startup reported separately,returned pipeline-dtype output,"[""3303c5cd3e2af966aa7bacee""]"
c3f8723aebeda92b815e,0ce3149f29afdab44edb,pr160-cold-storage,damacy,damacy,synthetic,random12,local block storage,full-scan,"[8,256,256]","[2,256,256]",262144,zstd,131072,3,7.638176885299311,7.572277262213332,7.683341521297498,1.331421722057718,1.0,1.0,0.7510795593261719,complete wall including file eviction and residency checks,returned float32 output,"[""7889b35b96278ea4ae6a4dcb"",""406433b16793e385d620b4d1"",""72ede41d9931bbe6e5c0f8b0""]"
c40e0aff4089e0233a9b,d50fde3d5d8879146bb0,pr160-warm-xor-crops,damacy,damacy,synthetic,xor,local block storage,random-1x256x256,"[1,256,256]","[1,64,128]",16384,lz4,16384,5,3.3066941315643312,2.537990775020527,3.7291573635094983,26.701703480938903,1.85260009765625,1.85260009765625,,active read loop after one correctness/warmup pass,returned float32 output,"[""221832bbb76687e62bee6d2f"",""f3377baf38c5d453172ec578"",""1f9480d9a501a1e56b7437fd"",""699cd898b4e91d5faa7edf26"",""b214109efffa3d707b1d6f82""]"
c416e0f18115356a41ce,96956fd3cb9872596219,microscopy-tensorstore-threads,tensorstore,legacy_cpu_thread_sweep,microscopy,survey-jacobo_mip,path on shared filesystem; historical mount unverified,random-crops,"[16,1,1,256,256]",,,,,1,0.20548311307260267,0.20548311307260267,0.20548311307260267,,,,,Python read+decode timed loop after warmup; open/eviction excluded,archived patch_bytes; destination dtype unrecorded,"[""b0eb232be6822cfc43fe82fb""]"
c42fdf1c03139aa59351,feb4c0b582e4a47f08b4,microscopy-tensorstore-threads,tensorstore,legacy_cpu_thread_sweep,microscopy,survey-jacobo_mip,path on shared filesystem; historical mount unverified,random-crops,"[16,1,1,256,256]",,,,,1,0.10219464171162627,0.10219464171162627,0.10219464171162627,,,,,Python read+decode timed loop after warmup; open/eviction excluded,archived patch_bytes; destination dtype unrecorded,"[""b65d1c66852b9d2b9b2da3c8""]"
c46667afe99e214e048e,f6bd87734e36739064f1,legacy-native,damacy,legacy_gpu_pipeline,synthetic,throughput,path on shared filesystem; historical mount unverified,random-crops,"[128,128,128]","[32,64,64]",262144,"[""zstd""]",,1,11.828342364272727,11.828342364272727,11.828342364272727,,2.76048828125,,,steady-state native wall after warmup; device transfer/decode/assembly included; startup reported separately,returned pipeline-dtype output,"[""998f3c912ce7e22480af2eca""]"
c4d8dd10af1497fccaf6,6e17d57538e5ff4dac24,pr160-warm-baseline,damacy,damacy,synthetic,random12,local block storage,full-scan,"[8,256,256]","[2,256,256]",262144,lz4,131072,3,19.527487240430414,19.073590068500984,20.201688495850874,1.3251911312344502,1.0,,,active read loop after one correctness/warmup pass,returned float32 output,"[""c6555e77a5d453fe05c4632b"",""29b407bd6e6e06e8cbe0473d"",""b48b570e3a9f4a6e0a223d5a""]"
c4e887cd913bb2bf5e9f,e7ce4264023103109c67,legacy-native,damacy,legacy_gpu_pipeline,microscopy,meta-32,path on shared filesystem; historical mount unverified,random-crops,"[1,1,16,256,256]",,,,,1,1.9567572306093186,1.9567572306093186,1.9567572306093186,,,,,steady-state native wall after warmup; device transfer/decode/assembly included; startup reported separately,returned pipeline-dtype output,"[""1c184172ee7e34202b1bfb0f""]"
c500af1717b118d06721,6e17d57538e5ff4dac24,pr160-warm-baseline,damacy,damacy,synthetic,random12,local block storage,full-scan,"[8,256,256]","[1,128,256]",65536,lz4,16384,3,12.740232675487157,12.730128436527155,17.270683699046394,1.3213973393284457,1.0,,,active read loop after one correctness/warmup pass,returned float32 output,"[""b7844b096a2b1a9df25a435b"",""2cf6c2f0b39908710a3dbc05"",""05c3f1934253d8098b53eb16""]"
c56d488690b1ae0b7e7c,e1cc821d3cab1404ef84,cpu-chunk-blocks,tensorstore,tensorstore,synthetic,smooth4,local block storage,random-1x256x256,"[1,256,256]","[1,128,128]",32768,zstd,16384,3,2.69228212172535,2.660023902766618,2.746570457151151,1.8366829025162181,,2.2350616455078125,1.4767347063337053,"active planning, reads, decode, dtype conversion and assembly; preparation/cache control excluded",returned float32 output,"[""a0884ee34c16c346deac2c5f"",""df8468ca08896568d61c00f6"",""b08b84260de64954e439b0a8""]"
c5a9613535890c0df0c8,f5727280b0671949c3c7,pr160-warm-random-crops,damacy,damacy,synthetic,random12,local block storage,random-1x512x512,"[1,512,512]","[2,256,256]",262144,lz4,16384,5,8.370943179784577,8.099244846629741,8.463147225864663,1.322037086504447,4.309326171875,4.309326171875,,active read loop after one correctness/warmup pass,returned float32 output,"[""99787a9a238fa671b28996db"",""63a49a9d1c93b85802d015b7"",""b7b230c9c9402a0bcf524369"",""982636f85216801ace002a85"",""98790bc041ccc3950c69c32d""]"
c67b731900f01f2cb938,241070601b3896419ead,cpu-nfs-local-spot,damacy,chunks256-random,synthetic,smooth4,local block storage,random-1x256x256,"[1,256,256]","[1,512,512]",524288,zstd,524288,3,2.794722680618743,2.766774919247583,2.8074410849986386,1.970907362204299,8.433349609375,8.433349609375,2.610624313354492,"active planning, reads, decode, dtype conversion and assembly; preparation/cache control excluded",returned float32 output,"[""9238d8286db9f4fd615fb0d0"",""b5c5f54b461259e80a9929f6"",""28a222897039beadb11677df""]"
c756af3432624ec20fb5,6e17d57538e5ff4dac24,pr160-warm-baseline,damacy,damacy,synthetic,random12,local block storage,full-scan,"[8,256,256]","[8,256,256]",1048576,zstd,32768,3,24.095802791401912,21.54438085568873,24.54890574102715,1.3273922487836176,1.0,,,active read loop after one correctness/warmup pass,returned float32 output,"[""d5ee86ff455f7a7bcfee736f"",""29e3d9d4bfa94d47106f546c"",""4301fe04cb55f1fa2b314a5b""]"
c7647e0ccd95a08b52f2,aebd0c6430ae986965e2,microscopy-tensorstore-threads,tensorstore,legacy_cpu_thread_sweep,microscopy,survey-allencell_static,path on shared filesystem; historical mount unverified,random-crops,"[1,1,1,256,256]",,,,,1,0.008412378571013632,0.008412378571013632,0.008412378571013632,,,,,Python read+decode timed loop after warmup; open/eviction excluded,archived patch_bytes; destination dtype unrecorded,"[""fa1ac2b93df82b0b20865b84""]"
c78d9386401ad7b945cf,1fb438294d5ac2bb57e1,cpu-chunk-blocks,damacy,chunks256-random,synthetic,smooth4,local block storage,full-scan,"[8,256,256]","[1,256,256]",131072,lz4,16384,3,24.56192277075033,24.377601305682216,24.961146269198544,1.5669420934469545,1.0,1.0,0.6380653381347656,"active planning, reads, decode, dtype conversion and assembly; preparation/cache control excluded",returned float32 output,"[""cb0292f502be08864c1c7ba3"",""a854e0bcceceec163639fbef"",""ee41887045405cf24a0ebd57""]"
c83132b18436d36e054e,6928be6f3bc14d659c74,cpu-chunk-blocks,damacy,chunks256-default,synthetic,smooth4,local block storage,full-scan,"[8,256,256]","[1,256,256]",131072,lz4,131072,3,25.88775041634377,25.24516495248971,25.99788949570633,1.6017382552426165,1.0,1.0,0.6243236064910889,"active planning, reads, decode, dtype conversion and assembly; preparation/cache control excluded",returned float32 output,"[""e1c750782e283b863388cfcc"",""80b9f64e200c611885931a29"",""fcd1d0865b9ab55eadca7661""]"
c89d3bd6d6a4123599b0,972c4ff25a99e574e0d2,legacy-native,damacy,legacy_gpu_pipeline,microscopy,preset,path on shared filesystem; historical mount unverified,random-crops,"[1,1,16,256,256]",,,,,1,1.9228018145096162,1.9228018145096162,1.9228018145096162,,,,,steady-state native wall after warmup; device transfer/decode/assembly included; startup reported separately,returned pipeline-dtype output,"[""c3ea23e72487c141ccd43c9c""]"
c929be3c2589096ccb89,6ebed0231262291e6e5a,microscopy-tensorstore-threads,tensorstore,legacy_cpu_thread_sweep,microscopy,as-alfi,path on shared filesystem; historical mount unverified,random-crops,"[16,1,1,256,256]",,,,,1,0.4399436224108505,0.4399436224108505,0.4399436224108505,,,,,Python read+decode timed loop after warmup; open/eviction excluded,archived patch_bytes; destination dtype unrecorded,"[""ce8ef5ebd8946e6d3a811536""]"
c96b3ad43ebb244f60ee,d02545ec5d020d2381ed,cpu-small-chunks,tensorstore,tensorstore,synthetic,smooth4,local block storage,random-1x256x256,"[1,256,256]","[1,128,128]",32768,lz4,16384,3,2.4683825255587863,2.45717296608954,2.4747560007121776,1.572609772618283,,2.2350616455078125,1.6801858629499162,"active planning, reads, decode, dtype conversion and assembly; preparation/cache control excluded",returned float32 output,"[""7af7e8f810eec2155174eb11"",""ce19b5b4aa8d8b089441441b"",""bdd1a8df8562eceea6a481d6""]"
ca834d23acf10d5fc932,057520804536d24059d8,pr160-warm-xor-crops,damacy,damacy,synthetic,xor,local block storage,aligned,"[1,256,256]","[2,256,256]",262144,zstd,16384,5,14.324669289364019,13.564652192986268,14.79402749594285,81.7156858477324,1.99267578125,1.99267578125,,active read loop after one correctness/warmup pass,returned float32 output,"[""aebbbc7406b50fc90ad8381e"",""5f573df8daa1b8cd13d6db02"",""efef37757cefa0408b33c84c"",""41082be6fcee5a35cee4cf75"",""3d2f8e1ebd135d1c4e746100""]"
cb478cb7d6d87ed8d80d,761fd3369cd4043cca3e,cpu-nfs-local-spot,damacy,chunks256-default,synthetic,smooth4,NFS,random-1x256x256,"[1,256,256]","[1,128,128]",32768,zstd,32768,3,0.8370415520927246,0.8323242981605818,1.1736515944457409,1.8451430092694745,2.2350616455078125,2.2350616455078125,,"active planning, reads, decode, dtype conversion and assembly; preparation/cache control excluded",returned float32 output,"[""73be2d5706a787a2935ce847"",""9ff16d2e1780d8a17769f1bc"",""074e20538987a770c5de3965""]"
cc3906bc2a693a4c2106,87e6820f44decf13a284,legacy-native,damacy,legacy_gpu_pipeline,microscopy,preset,path on shared filesystem; historical mount unverified,random-crops,"[1,1,16,256,256]",,,,,1,2.5563470005869373,2.5563470005869373,2.5563470005869373,,,,,steady-state native wall after warmup; device transfer/decode/assembly included; startup reported separately,returned pipeline-dtype output,"[""51c2a575527a258395494434""]"
cc465a7b1d5a90dbfaa1,f74d1ae776165a56d75e,legacy-native,damacy,legacy_gpu_pipeline,microscopy,qd-64,path on shared filesystem; historical mount unverified,random-crops,"[1,1,16,256,256]",,,,,1,1.808485704282205,1.808485704282205,1.808485704282205,,,,,steady-state native wall after warmup; device transfer/decode/assembly included; startup reported separately,returned pipeline-dtype output,"[""77e4035359a8eec0ff8d88d1""]"
cc86525b3ad1968e62d5,1fb438294d5ac2bb57e1,cpu-chunk-blocks,damacy,chunks256-random,synthetic,smooth4,local block storage,full-scan,"[8,256,256]","[1,128,128]",32768,zstd,4096,3,10.5917587615775,10.51507585692241,10.725918424773857,1.7797988160289273,1.0,1.0,0.5613744258880615,"active planning, reads, decode, dtype conversion and assembly; preparation/cache control excluded",returned float32 output,"[""37d47149e386f4fffc31dfc1"",""2b6bf242ecfc4df6fe55ebce"",""3b0dd0c48434ecfb46719263""]"
cd5e13edc43eb0983c70,d73a63aa9d19b92df8da,cpu-readahead-control,tensorstore,tensorstore,synthetic,smooth4,local block storage,full-scan,"[8,256,256]","[1,128,256]",65536,zstd,16384,3,11.925553248610788,9.677548867024482,12.65656592829783,1.8309433434379625,,1.0,0.5461609363555908,"active planning, reads, decode, dtype conversion and assembly; preparation/cache control excluded",returned float32 output,"[""5e5ea4a2e5eb4e21a8e28ba3"",""6a3358e8c857e76c8b70c54f"",""e658682b76537f1f4bdde576""]"
cdee4fb9137244fa76f1,c097ba8e49ee39685783,pr160-warm-random-crops,damacy,damacy,synthetic,random12,local block storage,random-1x256x256,"[1,256,256]","[1,128,256]",65536,lz4,16384,5,5.381446797225053,4.65482060749429,5.53707511614032,1.3213973393284457,2.9593505859375,2.9593505859375,,active read loop after one correctness/warmup pass,returned float32 output,"[""862d905e514d9fd2b8559e55"",""1d5aceaf65929a8a393fb82f"",""2199f5058b1104a96f8a9677"",""83bea9e63d8d87f5fe8fdd91"",""07dc9f1e68cd6867a5be09f7""]"
ce0c4889bd38910b1c91,6e17d57538e5ff4dac24,pr160-warm-baseline,damacy,damacy,synthetic,random12,local block storage,full-scan,"[8,256,256]","[8,256,256]",1048576,lz4,1048576,3,24.937534707165298,24.1627704010544,26.23939157910627,1.326050803639542,1.0,,,active read loop after one correctness/warmup pass,returned float32 output,"[""8a82c1b54c3dd4d8646c9678"",""129fa3e52a4b0206249bcb8e"",""c8d268a9def1cadd93d96796""]"
ce15f9cb984483ccdf8b,4de86c4d9d7b7476ef20,microscopy-128crop,damacy,legacy_gpu_pipeline,microscopy,bench128-allencell-static,path on shared filesystem; historical mount unverified,random-crops,"[1,1,1,128,128]",,,,,1,0.09252745326549368,0.09252745326549368,0.09252745326549368,,,,,steady-state native wall after warmup; device transfer/decode/assembly included; startup reported separately,returned pipeline-dtype output,"[""ee775a5d2bed9aa3b725fb0f""]"
ce32326313395649df42,b07b72a78260e11bed02,cpu-chunk-blocks,damacy,chunks256-random,synthetic,smooth4,local block storage,random-1x256x256,"[1,256,256]","[1,256,256]",131072,zstd,65536,3,3.5248388221869673,3.4903531012808746,3.5421308056205136,1.85368967938808,3.97491455078125,3.97491455078125,1.6961536407470703,"active planning, reads, decode, dtype conversion and assembly; preparation/cache control excluded",returned float32 output,"[""03a30d320ec282fab5201a67"",""b3f3c7dd67161c9f3dc6b6da"",""e08ed355f60e7b7995c916e9""]"
ce432e7346c888d4b79a,40d2b5165c576b32c7ff,legacy-native,damacy,legacy_gpu_pipeline,microscopy,preset-hbw4,path on shared filesystem; historical mount unverified,random-crops,"[1,1,16,256,256]",,,,,1,4.359958144401814,4.359958144401814,4.359958144401814,,,,,steady-state native wall after warmup; device transfer/decode/assembly included; startup reported separately,returned pipeline-dtype output,"[""859869c19ccee4015b9b14ca""]"
cf1687c100df52857ab1,d845df774bc1b431edec,cpu-chunk-blocks,damacy,chunks256-default,synthetic,smooth4,local block storage,random-1x256x256,"[1,256,256]","[1,512,512]",524288,lz4,262144,3,3.137293107147139,3.119937933029412,3.141217306851083,1.6167072291075084,8.433349609375,8.433349609375,4.082309246063232,"active planning, reads, decode, dtype conversion and assembly; preparation/cache control excluded",returned float32 output,"[""506d76fd59bac2ce7a754889"",""b96667577a4da0d44756cc7e"",""43b341a7717fe0ddaa3ca4ba""]"
cf9aace9d650e189871c,1c015d718ec87b4bae64,cpu-readahead-control,damacy,batch-random,synthetic,smooth4,local block storage,random-1x256x256,"[1,256,256]","[1,128,256]",65536,zstd,16384,3,2.219684411229312,2.2125767195376067,2.223029296829512,1.8309433434379625,2.98046875,2.98046875,1.4038677215576172,"active planning, reads, decode, dtype conversion and assembly; preparation/cache control excluded",returned float32 output,"[""cf1af43cf13dda6ccc0119be"",""f925a17a3cc2e419917037ae"",""afec649f2e53733b4ae3e425""]"
cfa5acf8450f097b5831,f5727280b0671949c3c7,pr160-warm-random-crops,damacy,damacy,synthetic,random12,local block storage,random-1x512x512,"[1,512,512]","[1,128,256]",65536,lz4,16384,5,8.058222442487638,7.474262957846885,8.18541962710703,1.3213973393284457,1.834381103515625,1.834381103515625,,active read loop after one correctness/warmup pass,returned float32 output,"[""ebe5aeb28fdc94aed123195a"",""5009184720a3ddccd0261195"",""2f9f087c3f0c2b7dfdd1a7e5"",""94c8adc6b00fc814d6d10945"",""d78651cde2f0b08e191864a8""]"
cfa768eb7726f8f2a1e2,d845df774bc1b431edec,cpu-chunk-blocks,damacy,chunks256-default,synthetic,smooth4,local block storage,random-1x256x256,"[1,256,256]","[1,512,512]",524288,zstd,524288,3,3.030353248322117,3.0043131594659904,3.034635838946337,1.970907362204299,8.433349609375,8.433349609375,3.3949811458587646,"active planning, reads, decode, dtype conversion and assembly; preparation/cache control excluded",returned float32 output,"[""dcd9823b563e34d8c5729499"",""a7e9a660fc29cc7c3c87e4fa"",""2fb017f434a016e8e37d6420""]"
d1cbfe3072fe17e46e73,7d0a4d40457efc9c97cd,cpu-fixed-layout-pilot,damacy,damacy,synthetic,smooth4,local block storage,aligned,"[1,256,256]","[1,128,256]",65536,zstd,16384,3,6.413976343151315,6.3386463044434675,6.508187352047827,1.8309433434379625,0.999267578125,0.999267578125,0.6235485076904297,"active planning, reads, decode, dtype conversion and assembly; preparation/cache control excluded",returned float32 output,"[""df66493ec2698f008e0ad3d4"",""f015c5a49f0371710da61a7d"",""aac5ee9e3d2d8f9a5b9bf46c""]"
d2e833165e5217c7eca8,b07b72a78260e11bed02,cpu-chunk-blocks,damacy,chunks256-random,synthetic,smooth4,local block storage,random-1x256x256,"[1,256,256]","[1,512,512]",524288,zstd,16384,3,2.5520490948507972,2.5024865318353915,2.5561636916926274,1.8294478975980146,8.433349609375,8.433349609375,2.811532974243164,"active planning, reads, decode, dtype conversion and assembly; preparation/cache control excluded",returned float32 output,"[""0c02ed8c673d80ac632c7028"",""0eb41cba36004da12824460e"",""29cb89e675386f61437951e5""]"
d32b1214f0bf81690dc5,0a1ba5bd2de968128627,microscopy-tensorstore-threads,tensorstore,legacy_cpu_thread_sweep,microscopy,as-dynacell,path on shared filesystem; historical mount unverified,random-crops,"[1,5,16,256,256]",,,,,1,3.219558526770543,3.219558526770543,3.219558526770543,,,,,Python read+decode timed loop after warmup; open/eviction excluded,archived patch_bytes; destination dtype unrecorded,"[""e9529f6253bac9041a90789d""]"
d3b0b7986b8bd2b0b6af,fc6fd6b876a5cd57c3e3,cpu-chunk-blocks,tensorstore,tensorstore,synthetic,smooth4,local block storage,full-scan,"[8,256,256]","[1,256,256]",131072,zstd,16384,3,9.855317002946705,9.081812706488188,11.26876734859375,1.8317621551383316,,1.0,0.545914888381958,"active planning, reads, decode, dtype conversion and assembly; preparation/cache control excluded",returned float32 output,"[""faab31d99e9fd3dddee78733"",""d3bfbdc42e14b75c54c5c81b"",""71da33ea6eccf53713e26e02""]"
d3d5db62a8118b443e25,ea1b2e1631a1091a4eac,microscopy-chammi-sparse-confirmation,damacy,legacy_gpu_pipeline,microscopy,chammi-idr0017,path on shared filesystem; historical mount unverified,random-crops,"[1,1,1,256,256]",,,,,3,1.0646573506782577,0.9742638462377827,1.1041947622889516,,,,,steady-state native wall after warmup; device transfer/decode/assembly included; startup reported separately,returned pipeline-dtype output,"[""a5d2227a96f666699e33971d"",""cf9d23eac98c67e7c2b857aa"",""a83e4dcbd9baa38df18274aa""]"
d3dca754511929dd4ee8,f83487a0e3d1089cb0c4,legacy-native,damacy,legacy_gpu_pipeline,microscopy,rop-512,path on shared filesystem; historical mount unverified,random-crops,"[1,1,16,256,256]",,,,,1,1.3494737592128572,1.3494737592128572,1.3494737592128572,,,,,steady-state native wall after warmup; device transfer/decode/assembly included; startup reported separately,returned pipeline-dtype output,"[""ceb6442d451f6732ad8a3ccd""]"
d3dcaf9b64e7221739fd,6e17d57538e5ff4dac24,pr160-warm-baseline,damacy,damacy,synthetic,random12,local block storage,full-scan,"[8,256,256]","[2,256,256]",262144,zstd,65536,3,22.883799706729455,22.54680700805244,26.454903328138045,1.3287644550417068,1.0,,,active read loop after one correctness/warmup pass,returned float32 output,"[""fbe925475adbb98c2e0288a7"",""a207106f2009b9894cf1db31"",""0eba95e54a4e681b51ab6deb""]"
d56dd50a03ce03ebeb83,2898a6e6faf569a9e89d,microscopy-tensorstore-threads,tensorstore,legacy_cpu_thread_sweep,microscopy,as-alfi,path on shared filesystem; historical mount unverified,random-crops,"[16,1,1,256,256]",,,,,1,1.0911967095753365,1.0911967095753365,1.0911967095753365,,,,,Python read+decode timed loop after warmup; open/eviction excluded,archived patch_bytes; destination dtype unrecorded,"[""d557edc26ce1b8c4800af872""]"
d5bcc7ac1b874de91d3c,df632e8df0fa02754902,legacy-array-count-control,damacy,legacy_gpu_pipeline,synthetic,array-starve-n32,path on shared filesystem; historical mount unverified,random-crops,"[64,256,256]","[16,256,256]",2097152,"[""zstd""]",,1,8.884676893916959,8.884676893916959,8.884676893916959,,4.912109375,,,steady-state native wall after warmup; device transfer/decode/assembly included; startup reported separately,returned pipeline-dtype output,"[""f189fd8e425cbf1ee9603793""]"
d5e496d2ff8baebc38f2,6e17d57538e5ff4dac24,pr160-warm-baseline,damacy,damacy,synthetic,random12,local block storage,full-scan,"[8,256,256]","[8,256,256]",1048576,lz4,262144,3,27.2505957850707,25.740520150472374,28.881745192983416,1.3256937296916391,1.0,,,active read loop after one correctness/warmup pass,returned float32 output,"[""ece94456d7376e572d9d95ee"",""faa2a7f2756c495a8eb90c0e"",""6f4ac2577a5dcb19ab15a271""]"
d619e5a2365dbe0c677e,c097ba8e49ee39685783,pr160-warm-random-crops,damacy,damacy,synthetic,random12,local block storage,random-1x256x256,"[1,256,256]","[1,128,256]",65536,zstd,16384,5,6.005013255919161,5.861118697383305,6.0239626891637785,1.3279292888390097,2.9593505859375,2.9593505859375,,active read loop after one correctness/warmup pass,returned float32 output,"[""315a5e06cdec065374592e05"",""937212b11b98577cb2ac22f5"",""cf07e48a0deb82db2d9badc2"",""f94350a8e62235338d2fdeea"",""a47be50d81b71ccf3c461cd9""]"
d664978dde69e2754e9e,0560cfa1d7486066ddcb,microscopy-tensorstore-threads,tensorstore,legacy_cpu_thread_sweep,microscopy,survey-jacobo_mip,path on shared filesystem; historical mount unverified,random-crops,"[16,1,1,256,256]",,,,,1,0.23115070280141317,0.23115070280141317,0.23115070280141317,,,,,Python read+decode timed loop after warmup; open/eviction excluded,archived patch_bytes; destination dtype unrecorded,"[""3572bb050ff7030141c897b1""]"
d69eccc4ae6d400010af,aa796cbcd466c1790281,cpu-scheduling-paired,damacy,before,synthetic,smooth4,local block storage,aligned,"[1,256,256]","[1,128,256]",65536,lz4,16384,3,13.236323513220205,13.031901936133396,13.583673697800434,1.5663428823641548,0.999267578125,0.999267578125,0.0,"active planning, reads, decode, dtype conversion and assembly; preparation/cache control excluded",returned float32 output,"[""2c244c9fdf528f1e408ea549"",""943cf7dbf263f27a6a39dc1c"",""a2cb8de03a800083242aed5d""]"
d6c0ec90488c1d8cc58b,0ce3149f29afdab44edb,pr160-cold-storage,damacy,damacy,synthetic,random12,local block storage,full-scan,"[8,256,256]","[2,256,256]",262144,lz4,32768,3,7.37692383433234,7.313450248629032,7.470381277657802,1.3237459497962163,1.0,1.0,0.75543212890625,complete wall including file eviction and residency checks,returned float32 output,"[""d2f8f8422285486cc5616e48"",""735baedce7f552de741cdbc7"",""601fde75f231b4daa7cadb4e""]"
d6c3482bb5ae07da48e4,0ce3149f29afdab44edb,pr160-cold-storage,damacy,damacy,synthetic,random12,local block storage,full-scan,"[8,256,256]","[8,256,256]",1048576,lz4,65536,3,8.959131460848104,8.82082932869449,9.047129780720706,1.3247895504571978,1.0,1.0,0.754835946219308,complete wall including file eviction and residency checks,returned float32 output,"[""f01a5f35450492015f4d260a"",""66878381e91bb7c302b8874a"",""604577ac62312e4590199301""]"
d6c5441dfcb770ab6d1b,4729925d14a6a6ffa139,cpu-readahead-control,damacy,persistent-random,synthetic,smooth4,local block storage,random-1x256x256,"[1,256,256]","[1,128,256]",65536,zstd,16384,3,2.2188490005902968,2.186016574546967,2.255546574628733,1.8309433434379625,2.98046875,2.98046875,1.4038677215576172,"active planning, reads, decode, dtype conversion and assembly; preparation/cache control excluded",returned float32 output,"[""81ed45dd68c3e94205740b68"",""6966f91b80908776c6ea1e33"",""5bd2a23b123073dd8d1d2490""]"
d7fc7a4b9cf860bb5119,6e17d57538e5ff4dac24,pr160-warm-baseline,damacy,damacy,synthetic,random12,local block storage,full-scan,"[8,256,256]","[8,256,256]",1048576,lz4,16384,3,20.78373959774532,20.595785333311778,22.563825133799728,1.322197120100801,1.0,,,active read loop after one correctness/warmup pass,returned float32 output,"[""a40f694c7f0eb76c6dc3b3eb"",""05ac11c2e003966076658ea7"",""76a08f940803f4a7980081d5""]"
d8325432b8809402f5bf,0a69be43dad9527c9c23,legacy-native,damacy,legacy_gpu_pipeline,microscopy,preset-hbw8,path on shared filesystem; historical mount unverified,random-crops,"[1,1,16,256,256]",,,,,1,3.711919418683723,3.711919418683723,3.711919418683723,,,,,steady-state native wall after warmup; device transfer/decode/assembly included; startup reported separately,returned pipeline-dtype output,"[""0ca5ea1b9411768ff9bdddba""]"
d8d86051d74f8dba16e5,c358e07e7da54cca8f59,cpu-nfs-local-spot,damacy,chunks256-default,synthetic,smooth4,local block storage,random-1x256x256,"[1,256,256]","[1,256,256]",131072,zstd,131072,3,3.5531414889598314,3.544643593700017,3.557847860878865,1.8644857768631582,3.97491455078125,3.97491455078125,2.5427896711561413,"active planning, reads, decode, dtype conversion and assembly; preparation/cache control excluded",returned float32 output,"[""a8e37a61b8d4448fbc3d1777"",""052a55198600cb50d4fb54bf"",""fecf1fe31ad24be1e71d47d9""]"
d96a98aa8c45fd030997,9a45ea5fb1e6c97e92da,legacy-native,damacy,legacy_gpu_pipeline,microscopy,meta-128,path on shared filesystem; historical mount unverified,random-crops,"[1,1,16,256,256]",,,,,1,1.8290042023200552,1.8290042023200552,1.8290042023200552,,,,,steady-state native wall after warmup; device transfer/decode/assembly included; startup reported separately,returned pipeline-dtype output,"[""322c621a7bc0c326d60bf0e5""]"
d9707ae46bccc2362cca,272c3abd3fa1ccf6abf9,pr160-warm-smooth-crops,damacy,damacy,synthetic,smooth4,local block storage,random-1x256x256,"[1,256,256]","[1,64,128]",16384,zstd,16384,5,3.4070969855555573,2.9397330550202,3.4860564053359844,1.8332768219493596,1.85260009765625,1.85260009765625,,active read loop after one correctness/warmup pass,returned float32 output,"[""d01a0b236c1d2ecfcb31f7cc"",""177b2784475c01665a97095e"",""9268760d4a9e2337763c8321"",""cc8737c3545b257b0015e44a"",""3d726f7db3197b67048b18f6""]"
d9c46d4bca5ba44530b2,e0e8703262dc47eab85c,pr160-warm-random-crops,damacy,damacy,synthetic,random12,local block storage,aligned,"[1,256,256]","[1,64,128]",16384,zstd,16384,5,5.308118170294481,4.697616564928061,6.652685291647591,1.3253511793173984,0.998046875,0.998046875,,active read loop after one correctness/warmup pass,returned float32 output,"[""4b408c62c85352fd717fac8a"",""8ad7f9ae694c05db202b5fce"",""c0613e4ec7d77b86f5b89e0a"",""8b7fc20772e4be927eb28051"",""18bb8503b0b6d5e432e7a5ab""]"
da2569cbee2b17b893e1,fc6fd6b876a5cd57c3e3,cpu-chunk-blocks,tensorstore,tensorstore,synthetic,smooth4,local block storage,full-scan,"[8,256,256]","[1,256,256]",131072,lz4,16384,3,10.931299345186767,8.864830028046141,12.594836622809337,1.5669420934469545,,1.0,0.6381568908691406,"active planning, reads, decode, dtype conversion and assembly; preparation/cache control excluded",returned float32 output,"[""4737b9de17ca75197013271d"",""195a6195db30c4265b7e1ae2"",""66cfce36b2b51398386f97ae""]"
daa7ee43a86fb52edf8b,3944fee19327f0784a28,legacy-native,damacy,legacy_gpu_pipeline,microscopy,dynacell-one,path on shared filesystem; historical mount unverified,random-crops,"[1,1,16,256,256]","[1,1,4,256,256]",1048576,"[""blosc-zstd""]",,1,0.3323725550674849,0.3323725550674849,0.3323725550674849,,4.72515625,,,steady-state native wall after warmup; device transfer/decode/assembly included; startup reported separately,returned pipeline-dtype output,"[""1ab064ce800f7487a3ef0dae""]"
daf686c46806e96948f9,f5727280b0671949c3c7,pr160-warm-random-crops,damacy,damacy,synthetic,random12,local block storage,random-1x512x512,"[1,512,512]","[1,64,128]",16384,zstd,16384,5,4.485587143676722,4.222786301843533,4.5247019209420625,1.3253511793173984,1.37933349609375,1.37933349609375,,active read loop after one correctness/warmup pass,returned float32 output,"[""7769c2b303684a97d9e69351"",""7fe0e4e2fcb47521f1371c88"",""cd2d3f93f9ed4abe73f86a49"",""c6b5d328d9f82551d557c2a3"",""5e49535699c396191ced95d7""]"
db586cad49105222e62f,8c9460fe6e58dbd700de,cpu-small-chunks,damacy,chunks256-random,synthetic,smooth4,local block storage,full-scan,"[8,256,256]","[1,128,256]",65536,zstd,16384,3,19.105078691400948,18.9846775581879,19.184684968819052,1.8309433434379625,1.0,1.0,0.5459244251251221,"active planning, reads, decode, dtype conversion and assembly; preparation/cache control excluded",returned float32 output,"[""f536a8d26ac211d81f7a6d03"",""482b77edb7c90a6357d4bb92"",""64dfeae5131e8eec43faa314""]"
dbac840665d23f7de8c2,6928be6f3bc14d659c74,cpu-chunk-blocks,damacy,chunks256-default,synthetic,smooth4,local block storage,full-scan,"[8,256,256]","[1,512,512]",524288,zstd,16384,3,21.566002917816334,21.4675361376573,21.985065615851163,1.8294478975980146,1.0,1.0,0.5466151237487793,"active planning, reads, decode, dtype conversion and assembly; preparation/cache control excluded",returned float32 output,"[""69a662ef57b7a77548c33eb2"",""4a64c63bb11f0a22942eef11"",""26c9910d17910ed383db9267""]"
dbdbb423e600b467cf30,3fe0cb0b04a8ea40ee71,pr160-cold-storage,damacy,damacy,synthetic,smooth4,local block storage,random-1x256x256,"[1,256,256]","[1,64,128]",16384,zstd,16384,3,0.7347014262986622,0.7151666357810015,0.7449749436802287,1.8332768219493596,1.85260009765625,1.85260009765625,3.0644327799479165,complete wall including file eviction and residency checks,returned float32 output,"[""4a8600ddc3eab720b2b92981"",""74424956d63472f8a3349328"",""a3953c54f5709e365d43df14""]"
dc2ec61aae9317777db5,8eee1d5cbd42eb6487b5,cpu-small-chunks,damacy,chunks256-default,synthetic,smooth4,local block storage,random-1x256x256,"[1,256,256]","[1,256,256]",131072,zstd,16384,3,3.602894373805735,3.5822763789257484,3.620928179131455,1.8317621551383316,3.97491455078125,3.97491455078125,2.6090576171875,"active planning, reads, decode, dtype conversion and assembly; preparation/cache control excluded",returned float32 output,"[""7fa34f78fcf632a8ba6366f9"",""a4adc143178bd655efb17a4c"",""7ca091c4c3c6c14fcd5335af""]"
dc86fb75a6fa69ef1e2b,0a6c93abf2a03a2a8625,cpu-scheduling-paired,tensorstore,tensorstore,synthetic,smooth4,local block storage,random-1x256x256,"[1,256,256]","[1,128,256]",65536,zstd,16384,3,5.174894216905103,5.167973493980648,5.188142016010357,1.8309433434379625,,2.98046875,0.0,"active planning, reads, decode, dtype conversion and assembly; preparation/cache control excluded",returned float32 output,"[""0d63e47af4be576abe2429d1"",""4a383b0c82f74a016f253a64"",""5718a5287b65273c7a2daace""]"
dcefdd217a9567b4b7fc,6e17d57538e5ff4dac24,pr160-warm-baseline,damacy,damacy,synthetic,random12,local block storage,full-scan,"[8,256,256]","[2,256,256]",262144,lz4,16384,3,22.588449790377883,22.08667186867412,22.762628816172445,1.322037086504447,1.0,,,active read loop after one correctness/warmup pass,returned float32 output,"[""a15d1539738491d3c78d7a83"",""404d0e83aeb49747e6a132a0"",""1b9d62e1b1e4b928c1248a73""]"
de4084dcbed8b1c0cd63,bf6d65587dbb8b6daf93,legacy-native,damacy,legacy_gpu_pipeline,microscopy,preset-hbw4,path on shared filesystem; historical mount unverified,random-crops,"[1,1,16,256,256]",,,,,1,4.621311269344809,4.621311269344809,4.621311269344809,,,,,steady-state native wall after warmup; device transfer/decode/assembly included; startup reported separately,returned pipeline-dtype output,"[""d580abc2da2d4e0627b57efd""]"
de48cc7cb88a530197a6,8eee1d5cbd42eb6487b5,cpu-small-chunks,damacy,chunks256-default,synthetic,smooth4,local block storage,random-1x256x256,"[1,256,256]","[1,128,256]",65536,lz4,16384,3,3.0123132689607117,3.007916386016564,3.017010776312445,1.5663428823641548,2.98046875,2.98046875,2.3844621181488037,"active planning, reads, decode, dtype conversion and assembly; preparation/cache control excluded",returned float32 output,"[""8aa7edcdbdca0aa8e005ffb1"",""289138773a014d3af045bc31"",""b7f510f5ee1e1b18af302631""]"
de4b19fed9fc499bf4b4,7c16f2c675d01bae186d,cpu-scheduling-paired,damacy,before,synthetic,smooth4,local block storage,aligned,"[1,256,256]","[1,128,256]",65536,lz4,16384,3,6.020159149448787,5.928927480524625,6.0564235015302055,1.5663428823641548,0.999267578125,0.999267578125,0.7332029978434245,"active planning, reads, decode, dtype conversion and assembly; preparation/cache control excluded",returned float32 output,"[""72289c818f67cd2b222e1661"",""a929cd8013fc442ea0dcd2ef"",""3aa5cec3a51dced73d7067a4""]"
ded9bbb1cd18c50e85be,0ce3149f29afdab44edb,pr160-cold-storage,damacy,damacy,synthetic,random12,local block storage,full-scan,"[8,256,256]","[2,256,256]",262144,lz4,262144,3,7.186980142939005,7.182743167183719,7.2654106755867796,1.3255328485955196,1.0,1.0,0.7544136047363281,complete wall including file eviction and residency checks,returned float32 output,"[""e5b4fb9754c43d48c6f8c733"",""c3242da499b7dca2d3fb4f22"",""8d74da003aa2fe498e09dfbf""]"
df12ddf085405156366f,0cdf7432929fb78c228f,cpu-scheduling-paired,damacy,before,synthetic,smooth4,local block storage,random-1x256x256,"[1,256,256]","[1,128,256]",65536,zstd,16384,3,1.78689253096781,1.7653436939060134,1.7908287311963185,1.8309433434379625,2.98046875,2.98046875,3.2913066864013674,"active planning, reads, decode, dtype conversion and assembly; preparation/cache control excluded",returned float32 output,"[""7baaed24f031c6156bbd949d"",""b9c777e3e29cbd4147126906"",""a8583ea11821aaf8e1a87cde""]"
df2e43a45702f3a0233a,6e17d57538e5ff4dac24,pr160-warm-baseline,damacy,damacy,synthetic,random12,local block storage,full-scan,"[8,256,256]","[2,256,256]",262144,zstd,8192,3,25.86238190137143,23.60234631200062,26.160849679584043,1.3251371447555436,1.0,,,active read loop after one correctness/warmup pass,returned float32 output,"[""555a658f4c6d434f395c1c1f"",""faa6d739e8fcbc114bffa57e"",""12102459e3a8b0416a5ffe0a""]"
e00f80f11275fd71b41e,ad9edf9d9663925e5645,microscopy-chammi-dense-confirmation,damacy,legacy_gpu_pipeline,microscopy,chammi-idr0017,path on shared filesystem; historical mount unverified,random-crops,"[1,1,1,256,256]",,,,,3,0.9689922480620154,0.9042245370370371,0.9990409207161125,,,,,steady-state native wall after warmup; device transfer/decode/assembly included; startup reported separately,returned pipeline-dtype output,"[""3b9e37df2b76e773181fcf44"",""39ae40958241b8b6f4bf55f2"",""15c3dcd319619c1efabf5647""]"
e029f785981033de771d,264b9407773c3e7b12a0,pr160-warm-patterns,damacy,damacy,synthetic,random10,local block storage,full-scan,"[8,256,256]","[2,256,256]",262144,zstd,65536,5,28.074231507355766,26.500527345382338,29.155523721549173,1.5965686741260692,1.0,,,active read loop after one correctness/warmup pass,returned float32 output,"[""5a85ec55ca8fb406d06ddf48"",""7d8d77c7533ef8b5315cfaad"",""6655c3fb4087a50de721faad"",""2359cf5ec2cda8a46ea4af22"",""402843dd213bb787e49e5fc4""]"
e056cf51f10d7ca91e1f,0ce3149f29afdab44edb,pr160-cold-storage,damacy,damacy,synthetic,random12,local block storage,full-scan,"[8,256,256]","[8,256,256]",1048576,zstd,262144,3,8.801262134663874,8.661738241537348,8.82482340370967,1.332912994855988,1.0,1.0,0.7502379417419434,complete wall including file eviction and residency checks,returned float32 output,"[""6f119ee7e5504d105f23ae6a"",""784f59e096284df34280b324"",""0441b36fc1ea7fcce366c46d""]"
e136161037774d0ba108,1fb438294d5ac2bb57e1,cpu-chunk-blocks,damacy,chunks256-random,synthetic,smooth4,local block storage,full-scan,"[8,256,256]","[1,512,512]",524288,zstd,524288,3,27.802660115409076,27.708298372060725,27.93753790100894,1.970907362204299,1.0,1.0,0.5073521137237549,"active planning, reads, decode, dtype conversion and assembly; preparation/cache control excluded",returned float32 output,"[""941f1f5925e18df2d249a418"",""d439051baa298ca82020d143"",""d1c8cddb1066cc1c0c26e3bb""]"
e1805950bd6398992152,0ab14a4c5b82e29c4fc5,cpu-buffer-control,damacy,chunks32-random,synthetic,smooth4,local block storage,full-scan,"[8,256,256]","[1,128,256]",65536,lz4,16384,3,5.023760426941314,4.925561990575105,5.0624417663928165,1.5663428823641548,1.0,1.0,0.6381874084472656,"active planning, reads, decode, dtype conversion and assembly; preparation/cache control excluded",returned float32 output,"[""52673958454b9078fc4f2d82"",""126614315e0e0bce3082e55d"",""8dc62f60a6d4962d1fe6c175""]"
e1bdb8336586cbdcfab3,218edb66acf702583366,microscopy-tensorstore-threads,tensorstore,legacy_cpu_thread_sweep,microscopy,as-chad,path on shared filesystem; historical mount unverified,random-crops,"[16,1,1,256,256]",,,,,1,0.874689999167614,0.874689999167614,0.874689999167614,,,,,Python read+decode timed loop after warmup; open/eviction excluded,archived patch_bytes; destination dtype unrecorded,"[""ec705ebb26c769a088f83506""]"
e1d2b9db16d2c3130ac2,393f25ed7507a0e6bead,legacy-native,damacy,legacy_gpu_pipeline,microscopy,qd-24,path on shared filesystem; historical mount unverified,random-crops,"[1,1,16,256,256]",,,,,1,1.300322479975034,1.300322479975034,1.300322479975034,,,,,steady-state native wall after warmup; device transfer/decode/assembly included; startup reported separately,returned pipeline-dtype output,"[""45c5255ea3a2cfe497748504""]"
e1e81d497b33a9ad56af,4bd7ee38e0bcb67b76bc,cpu-fixed-layout-pilot,damacy,damacy,synthetic,smooth4,local block storage,random-1x256x256,"[1,256,256]","[1,128,256]",65536,lz4,16384,3,4.805628834644621,4.753403310370862,4.859078401300568,1.5663428823641548,2.98046875,2.98046875,0.0,"active planning, reads, decode, dtype conversion and assembly; preparation/cache control excluded",returned float32 output,"[""27ca813cba94658db53479f3"",""74f8ccc2efc4b445ba3ad99a"",""c6790296f257a0e547902a4c""]"
e208bf7d15d0d9cdba88,0ce3149f29afdab44edb,pr160-cold-storage,damacy,damacy,synthetic,random12,local block storage,full-scan,"[8,256,256]","[2,256,256]",262144,zstd,16384,3,7.216189468772513,7.100038390783745,7.258907729319129,1.3285753780077916,1.0,1.0,0.7526893615722656,complete wall including file eviction and residency checks,returned float32 output,"[""ee46e1b5f676af464b62cf05"",""91c0017a76f2907c5355666b"",""ac21d2fe0386beeb1bed1c62""]"
e2fece352902b8fee788,838b3762fe2be2ddc217,legacy-native,damacy,legacy_gpu_pipeline,microscopy,preset,path on shared filesystem; historical mount unverified,random-crops,"[1,1,16,256,256]",,,,,1,2.6856711922016703,2.6856711922016703,2.6856711922016703,,,,,steady-state native wall after warmup; device transfer/decode/assembly included; startup reported separately,returned pipeline-dtype output,"[""65c07a289cc04abcda152433""]"
e316d9fcd6a75972db40,342b9da5650a6222209c,legacy-native,damacy,legacy_gpu_pipeline,microscopy,preset-hbw8,path on shared filesystem; historical mount unverified,random-crops,"[1,1,16,256,256]",,,,,1,2.511421947015024,2.511421947015024,2.511421947015024,,,,,steady-state native wall after warmup; device transfer/decode/assembly included; startup reported separately,returned pipeline-dtype output,"[""7e9bbcd386e3c97b7137a70a""]"
e3592bf6eed0f5428743,272c3abd3fa1ccf6abf9,pr160-warm-smooth-crops,damacy,damacy,synthetic,smooth4,local block storage,random-1x256x256,"[1,256,256]","[1,128,256]",65536,lz4,16384,5,6.0036164775044805,5.866129300870239,6.0642595471401295,1.5662134506489405,2.9593505859375,2.9593505859375,,active read loop after one correctness/warmup pass,returned float32 output,"[""88a44a27b04b11143068309e"",""697b3934de664f541001bde8"",""a1d157426c49633552133054"",""a1ee2d6a8784dd4e67d077b6"",""cc0c5f93017193b0d51ebde8""]"
e368022d914c9bd329d4,f5d4e1bd180e3a64837d,legacy-native,damacy,legacy_gpu_pipeline,microscopy,preset-hbw4,path on shared filesystem; historical mount unverified,random-crops,"[1,1,16,256,256]",,,,,1,4.13834658156019,4.13834658156019,4.13834658156019,,,,,steady-state native wall after warmup; device transfer/decode/assembly included; startup reported separately,returned pipeline-dtype output,"[""9687e521b1bd807f29de0336""]"
e3984bdc86104ee35385,7fb55673d47704cd4d42,microscopy-tensorstore-threads,tensorstore,legacy_cpu_thread_sweep,microscopy,survey-chammi75,path on shared filesystem; historical mount unverified,random-crops,"[1,1,1,256,256]",,,,,1,0.0482334824568101,0.0482334824568101,0.0482334824568101,,,,,Python read+decode timed loop after warmup; open/eviction excluded,archived patch_bytes; destination dtype unrecorded,"[""967702fe2e1e3693adab849e""]"
e522235ec29bc470ab57,c75404c810d8c77512f5,cpu-readahead-control,damacy,persistent-random,synthetic,smooth4,local block storage,aligned,"[1,256,256]","[1,128,256]",65536,zstd,16384,3,7.421675517839777,6.718158410058144,7.597301478816176,1.8309433434379625,0.999267578125,0.999267578125,0.5578193664550781,"active planning, reads, decode, dtype conversion and assembly; preparation/cache control excluded",returned float32 output,"[""c0c3777313c704691bcb8a80"",""9afc74689e5efaeaceb7de40"",""63893db62a0788b9e7728396""]"
e5618f7b1f3c22770648,d71add3df63e33091388,cpu-buffer-control,damacy,chunks128-default,synthetic,smooth4,local block storage,random-1x256x256,"[1,256,256]","[1,128,256]",65536,lz4,16384,3,2.9999813243628792,2.999603958296,3.0218550516625444,1.5663428823641548,2.98046875,2.98046875,2.3808979988098145,"active planning, reads, decode, dtype conversion and assembly; preparation/cache control excluded",returned float32 output,"[""8b32b7a078211f5083fbb94a"",""6dc95cb53832782bc5ba837f"",""2c407a422848dcca7533f1d9""]"
e5816b309c944cf52127,0ce3149f29afdab44edb,pr160-cold-storage,damacy,damacy,synthetic,random12,local block storage,full-scan,"[8,256,256]","[8,256,256]",1048576,lz4,131072,3,8.509477311214619,8.408796579760038,8.52707485023378,1.325351929387153,1.0,1.0,0.7545141492571149,complete wall including file eviction and residency checks,returned float32 output,"[""ae1129913883cbfcd1614034"",""f65198f7eb2ae3e54f42c9ee"",""62d975ea0c3a7a08028b33ee""]"
e5b1786c0d154929abcf,6e17d57538e5ff4dac24,pr160-warm-baseline,damacy,damacy,synthetic,random12,local block storage,full-scan,"[8,256,256]","[1,128,256]",65536,lz4,4096,3,13.148879105759885,12.216616369179894,16.941762442285818,1.312822167312731,1.0,,,active read loop after one correctness/warmup pass,returned float32 output,"[""8418bfdf9ad003f98330a809"",""10c93b59325781a2b92bd4a1"",""4f55113311782f7c6659b2e1""]"
e5b22714b57833759926,95e10a0ee24499037758,legacy-native,damacy,legacy_gpu_pipeline,microscopy,preset-hbw8,path on shared filesystem; historical mount unverified,random-crops,"[1,1,16,256,256]",,,,,1,2.3371475581482315,2.3371475581482315,2.3371475581482315,,,,,steady-state native wall after warmup; device transfer/decode/assembly included; startup reported separately,returned pipeline-dtype output,"[""cad16c148a31d681e58cd955""]"
e5b4ba43f3617ce40858,b6232dca284c48206260,cpu-readahead-control,tensorstore,tensorstore,synthetic,smooth4,local block storage,random-1x256x256,"[1,256,256]","[1,128,256]",65536,zstd,16384,3,2.5446195329013657,2.434069349710679,2.5687507046592235,1.8309433434379625,,2.98046875,1.7893881116594588,"active planning, reads, decode, dtype conversion and assembly; preparation/cache control excluded",returned float32 output,"[""3226520b7e0c1128dba41466"",""ca14abfce544c18d454613bd"",""72625c49c0f88cda618aca71""]"
e5daa5fb4f1f64b75d36,cd57c96fc6f3b42d1ebb,legacy-native,damacy,legacy_gpu_pipeline,microscopy,dynacell-fast-coalesce,path on shared filesystem; historical mount unverified,random-crops,"[1,1,16,256,256]",,,,,1,0.96130922626143,0.96130922626143,0.96130922626143,,,,,steady-state native wall after warmup; device transfer/decode/assembly included; startup reported separately,returned pipeline-dtype output,"[""9ab783cde4510b9f2e506978""]"
e63f444f983cf03fec40,1fb438294d5ac2bb57e1,cpu-chunk-blocks,damacy,chunks256-random,synthetic,smooth4,local block storage,full-scan,"[8,256,256]","[1,128,128]",32768,lz4,32768,3,11.935534447479737,11.589793611443298,12.09705410425585,1.5856470833576932,1.0,1.0,0.6301708221435547,"active planning, reads, decode, dtype conversion and assembly; preparation/cache control excluded",returned float32 output,"[""7022a0839234acf449e3c47e"",""23c97db1d54fc6fcdeb12b5d"",""a0658f3912e392f08f61da8a""]"
e650a1b8630741cfbbed,f94ac526b988eb241a63,cpu-small-chunks,damacy,chunks256-default,synthetic,smooth4,local block storage,full-scan,"[8,256,256]","[1,128,128]",32768,lz4,16384,3,16.82044128719348,16.74812200150065,16.859733931608044,1.572609772618283,1.0,1.0,0.635887622833252,"active planning, reads, decode, dtype conversion and assembly; preparation/cache control excluded",returned float32 output,"[""ee436eb75563de367109104a"",""4f191c978bd5509d6bbbff3b"",""22d28613e6132003a30b2c2a""]"
e6df39f164ceca2ed05e,5d165f7c304cc65c952a,legacy-native,damacy,legacy_gpu_pipeline,microscopy,meta-256,path on shared filesystem; historical mount unverified,random-crops,"[1,1,16,256,256]",,,,,1,1.8292718619938773,1.8292718619938773,1.8292718619938773,,,,,steady-state native wall after warmup; device transfer/decode/assembly included; startup reported separately,returned pipeline-dtype output,"[""1ebc77e2cccba215b081f5a1""]"
e740d1c8d056e23877ad,b07b72a78260e11bed02,cpu-chunk-blocks,damacy,chunks256-random,synthetic,smooth4,local block storage,random-1x256x256,"[1,256,256]","[1,512,512]",524288,zstd,524288,3,2.847424384684519,2.843781013319247,2.8672068916669557,1.970907362204299,8.433349609375,8.433349609375,2.610624313354492,"active planning, reads, decode, dtype conversion and assembly; preparation/cache control excluded",returned float32 output,"[""c0dd487631e68a9305507d7f"",""1809fb11ba141d045ed39117"",""3d03d501228834df45b76e62""]"
e7bb77d486b2c4786bea,e1cc821d3cab1404ef84,cpu-chunk-blocks,tensorstore,tensorstore,synthetic,smooth4,local block storage,random-1x256x256,"[1,256,256]","[1,128,128]",32768,zstd,4096,3,2.66134244089532,2.6351392537351375,2.721871409934385,1.7797988160289273,,2.2350616455078125,1.507408687046596,"active planning, reads, decode, dtype conversion and assembly; preparation/cache control excluded",returned float32 output,"[""59a12b486e158ec9c516f145"",""cf2f02344a19756eff99bc36"",""bd6211d9d90ca8467cce7003""]"
e8e046b88cc3db501693,d845df774bc1b431edec,cpu-chunk-blocks,damacy,chunks256-default,synthetic,smooth4,local block storage,random-1x256x256,"[1,256,256]","[1,128,128]",32768,zstd,4096,3,3.5325883373538547,3.513523994870207,3.5362235722415094,1.7797988160289273,2.2350616455078125,2.2350616455078125,1.578414069281684,"active planning, reads, decode, dtype conversion and assembly; preparation/cache control excluded",returned float32 output,"[""d285ae99221d612317020647"",""6f55fbd2a504ccae7cfbc5e7"",""17b49dfa368403113ebc1908""]"
eab44d95242612caf841,d02545ec5d020d2381ed,cpu-small-chunks,tensorstore,tensorstore,synthetic,smooth4,local block storage,random-1x256x256,"[1,256,256]","[1,64,128]",16384,zstd,16384,3,2.518256178080527,2.4718462650215884,2.5192123701324256,1.8333944608562351,,1.8616943359375,1.2873344421386719,"active planning, reads, decode, dtype conversion and assembly; preparation/cache control excluded",returned float32 output,"[""672693e056dc26ad33f1daae"",""41ae1d76edd4f2b7f695ba4b"",""8d1bb5014f567fc09149bc71""]"
ec2d35beb2c76540198c,6928be6f3bc14d659c74,cpu-chunk-blocks,damacy,chunks256-default,synthetic,smooth4,local block storage,full-scan,"[8,256,256]","[1,128,128]",32768,zstd,32768,3,15.594729558313555,15.031255252869851,15.686741763065532,1.8451430092694745,1.0,1.0,0.5419650077819824,"active planning, reads, decode, dtype conversion and assembly; preparation/cache control excluded",returned float32 output,"[""50c7315e9304636af75773a0"",""49d87fd05a40e9ef9285171e"",""a0ce94fbb7e8da6b5edfcd0e""]"
ec74978ffcbfb5036889,653adbb05022158dc593,pr160-warm-baseline,damacy,damacy,synthetic,random16,local block storage,full-scan,"[8,256,256]","[2,256,256]",262144,zstd,65536,3,28.49681964687003,27.397895771418554,29.22806382972475,0.9998779408624615,1.0,,,active read loop after one correctness/warmup pass,returned float32 output,"[""4ea78157ce33a70ee4ece069"",""748ccce90e7e74629a0d5489"",""8ce9716aeba25e45d4f58c13""]"
ec8ca4eca948939a4eaa,c3761bde49c52f180130,pr160-warm-random-crops,damacy,damacy,synthetic,random12,local block storage,random-1x128x128,"[1,128,128]","[1,128,256]",65536,zstd,16384,5,3.087120602711274,2.8951178311702903,3.206744913119222,1.3279292888390097,5.63623046875,5.63623046875,,active read loop after one correctness/warmup pass,returned float32 output,"[""f58bd30c178e4e774f2b1777"",""cdb2d18ef40067179f81596a"",""e691bf80421ccb9f744d1783"",""f90a34cfda13bfc6361564d7"",""ede7a417d1c5a7f6dc97f152""]"
ecb0c9ee0a0a6bc8048f,f133cf89e48900458342,cpu-nfs-local-spot,damacy,chunks256-random,synthetic,smooth4,NFS,random-1x256x256,"[1,256,256]","[1,512,512]",524288,zstd,524288,3,1.1988820767423807,0.9475204448263749,1.482753090087442,1.970907362204299,8.433349609375,8.433349609375,,"active planning, reads, decode, dtype conversion and assembly; preparation/cache control excluded",returned float32 output,"[""880c56368bf8c56becb9cdd1"",""21b25691077ee1581aecb61f"",""721fb10cdb596bd8ee85dadc""]"
ecc66262853ff2719e0f,a5b4d9385f49bf3ab40e,pr160-warm-smooth-crops,damacy,damacy,synthetic,smooth4,local block storage,aligned,"[1,256,256]","[2,256,256]",262144,zstd,16384,5,12.532143156983304,12.442660295224687,12.538352512509874,1.8320201563813308,1.99267578125,1.99267578125,,active read loop after one correctness/warmup pass,returned float32 output,"[""8eeff2a34d4bf636c1a85104"",""9a84616703ccdbe98a99332d"",""2b2483244ce430bf4ba4a2b1"",""e31552cf2e4f86d5516e750e"",""dcbbec5891b1e52694f8cd47""]"
ed4b79aed63dd685afae,bd3105a766c9ab03fcd5,cpu-fixed-layout-pilot,tensorstore,tensorstore,synthetic,smooth4,local block storage,aligned,"[1,256,256]","[1,128,256]",65536,lz4,16384,3,4.4179362756709875,4.244020402176593,4.445551186074687,1.5663428823641548,,0.999267578125,0.7272623380025228,"active planning, reads, decode, dtype conversion and assembly; preparation/cache control excluded",returned float32 output,"[""852f5bc46ca296f6abe97019"",""f1d055bb449d8ec20589588b"",""0ecf06aa1bc3d8f7f0ad1a4f""]"
edc7a82c69e7b229ab6f,0ce3149f29afdab44edb,pr160-cold-storage,damacy,damacy,synthetic,random12,local block storage,full-scan,"[8,256,256]","[1,128,256]",65536,zstd,4096,3,6.033414047818008,5.990883621807107,6.212644764769858,1.3157927863534167,1.0,1.0,0.7599992752075195,complete wall including file eviction and residency checks,returned float32 output,"[""b260e7c19a014705f97166bb"",""9f62beabd07f77b161f74ff2"",""8de458ce422b0dca8776798d""]"
ee00f38a4a39cf7121b9,e1cc821d3cab1404ef84,cpu-chunk-blocks,tensorstore,tensorstore,synthetic,smooth4,local block storage,random-1x256x256,"[1,256,256]","[1,256,256]",131072,lz4,65536,3,2.7156786175719807,2.7108550736891632,2.7160004058740967,1.6005883232081666,,3.97491455078125,2.558995383126395,"active planning, reads, decode, dtype conversion and assembly; preparation/cache control excluded",returned float32 output,"[""87998b7f420d653ad7d3865a"",""e57a961337827ed6a9e7b67b"",""dd2d46aadc6ee852504b0f2d""]"
ee11d215e0fc069be998,ef3aa27fe29ca35b7013,legacy-native,damacy,legacy_gpu_pipeline,microscopy,preset-hbw4,path on shared filesystem; historical mount unverified,random-crops,"[1,1,16,256,256]",,,,,1,2.390944250831092,2.390944250831092,2.390944250831092,,,,,steady-state native wall after warmup; device transfer/decode/assembly included; startup reported separately,returned pipeline-dtype output,"[""d970b47bd1d6c47cf979c450""]"
ee2ceab76b2d693e84d3,36d033a8f97cd01f0780,cpu-buffer-control,damacy,chunks32-default,synthetic,smooth4,local block storage,full-scan,"[8,256,256]","[1,128,256]",65536,zstd,16384,3,11.158002867402553,10.860838852679843,11.163614135894978,1.8309433434379625,1.0,1.0,0.5461685657501221,"active planning, reads, decode, dtype conversion and assembly; preparation/cache control excluded",returned float32 output,"[""e05d7839d5bbc90ccd0c8e6b"",""f5aff96a4b1960bc15ea8b1c"",""3991f5f81a1e2790fcd83a5e""]"
ee9f1252d727491c23ba,057520804536d24059d8,pr160-warm-xor-crops,damacy,damacy,synthetic,xor,local block storage,aligned,"[1,256,256]","[1,128,256]",65536,lz4,16384,5,13.907204295741103,12.731330956547177,14.922441833370492,21.094711466942613,0.998046875,0.998046875,,active read loop after one correctness/warmup pass,returned float32 output,"[""5cb025288002e9ce0ff87f58"",""106267fc90cc550d11b408fa"",""1c1ae3721b312b040a5e3fa4"",""d126e70d4bccdff6d99a8210"",""4b7fa8fc72534b8f23bbd66e""]"
eecd67f6ea0e9b38b954,272c3abd3fa1ccf6abf9,pr160-warm-smooth-crops,damacy,damacy,synthetic,smooth4,local block storage,random-1x256x256,"[1,256,256]","[2,256,256]",262144,zstd,16384,5,3.916910098403079,3.88595262099323,3.9603301785698166,1.8320201563813308,7.8095703125,7.8095703125,,active read loop after one correctness/warmup pass,returned float32 output,"[""d6475cdcc1e6b95f98639600"",""372bb7d2b7e0bd5fbec3d8db"",""78a4f3e4ad697efa6b9e39a0"",""78d7ed03da48c1356f7e76d8"",""85467c90b0cbc9488f70b745""]"
eee7181a37fdcda98e5a,6e17d57538e5ff4dac24,pr160-warm-baseline,damacy,damacy,synthetic,random12,local block storage,full-scan,"[8,256,256]","[1,128,256]",65536,zstd,4096,3,14.041700990609227,12.90906433105276,14.976078752165067,1.3157927863534167,1.0,,,active read loop after one correctness/warmup pass,returned float32 output,"[""15afdce3694b841d87834a12"",""3d245fedb1b6541074dbb6a8"",""8f4dcbe555460bb60da3fdde""]"
eeeefbfcb7b1c31ae873,c097ba8e49ee39685783,pr160-warm-random-crops,damacy,damacy,synthetic,random12,local block storage,random-1x256x256,"[1,256,256]","[8,256,256]",1048576,lz4,16384,5,2.6292439495716513,2.528022763589794,2.672485851382287,1.322197120100801,29.564453125,29.564453125,,active read loop after one correctness/warmup pass,returned float32 output,"[""b00d2765ca58d53e378505da"",""abb3eaff34f6f6d307fb1d75"",""0bad8b6d90a14dedc55f5de9"",""f6034841669e0003202080f7"",""0b655f5298f7e137f71326d2""]"
ef24d9a23aaf1980e100,0ce3149f29afdab44edb,pr160-cold-storage,damacy,damacy,synthetic,random12,local block storage,full-scan,"[8,256,256]","[2,256,256]",262144,zstd,8192,3,7.440000915534162,7.408999013711544,7.508760298270685,1.3251371447555436,1.0,1.0,0.7546424865722656,complete wall including file eviction and residency checks,returned float32 output,"[""f38caef61d1ec57721ecab56"",""dfe9b276ef6fe9a4ca1fa949"",""adcd5d127a6fead12b2eb991""]"
ef57c653df25d943a958,9fcea09b0925ab20baf5,legacy-native,damacy,legacy_gpu_pipeline,microscopy,rop-4096,path on shared filesystem; historical mount unverified,random-crops,"[1,1,16,256,256]",,,,,1,1.8117727544163773,1.8117727544163773,1.8117727544163773,,,,,steady-state native wall after warmup; device transfer/decode/assembly included; startup reported separately,returned pipeline-dtype output,"[""ce4b5875928ba1c1d59bc934""]"
ef76264e1608fbe77224,fc6fd6b876a5cd57c3e3,cpu-chunk-blocks,tensorstore,tensorstore,synthetic,smooth4,local block storage,full-scan,"[8,256,256]","[1,128,128]",32768,lz4,16384,3,8.89286898376982,8.863353981327142,9.014703226723357,1.572609772618283,,1.0,0.6358675161997477,"active planning, reads, decode, dtype conversion and assembly; preparation/cache control excluded",returned float32 output,"[""3983c86482bd7500338f0a7a"",""4090a0220977e4d4507ad498"",""e6cdf38dd9c18f57fc40f302""]"
effcb261992d4dfdfb45,26c6b410061d58a3bda5,cpu-small-chunks,tensorstore,tensorstore,synthetic,smooth4,local block storage,full-scan,"[8,256,256]","[1,128,128]",32768,lz4,16384,3,8.900190946640945,8.792304890236185,9.082094977845461,1.572609772618283,,1.0,0.6358433564503988,"active planning, reads, decode, dtype conversion and assembly; preparation/cache control excluded",returned float32 output,"[""94dd3b92849b6cd17e8479c8"",""8d32271f7d03f82c898f25e4"",""b07c8aac3f5f99c21b07c9ee""]"
f0fad72a82593ff60ac3,f133cf89e48900458342,cpu-nfs-local-spot,damacy,chunks256-random,synthetic,smooth4,NFS,random-1x256x256,"[1,256,256]","[1,128,128]",32768,zstd,32768,3,0.9315935721483636,0.6982255648570417,1.121682863078328,1.8451430092694745,2.2350616455078125,2.2350616455078125,,"active planning, reads, decode, dtype conversion and assembly; preparation/cache control excluded",returned float32 output,"[""95b3a17fc060a82df3dee2eb"",""1a82d0940c027bfd27120fff"",""aad28a7aefecb04276b6cf6b""]"
f111e188d6c05eb28665,0ce3149f29afdab44edb,pr160-cold-storage,damacy,damacy,synthetic,random12,local block storage,full-scan,"[8,256,256]","[1,64,128]",16384,zstd,4096,3,3.1840932751338626,2.9677704091780726,3.4147372177972573,1.3132615402140475,1.0,1.0,0.7614641189575195,complete wall including file eviction and residency checks,returned float32 output,"[""2642a9d93a8abc3973e2a0a9"",""8fc58575c0ead7da88a8d1c3"",""2539049c784500b7b0c85007""]"
f1bce720ac39655c83fe,a16417ac03f4222e067d,pr160-warm-smooth-patterns,damacy,damacy,synthetic,smooth8,local block storage,full-scan,"[8,256,256]","[2,256,256]",262144,lz4,65536,5,30.004577958016505,28.339998651042983,31.117343599569352,1.5805699171727547,1.0,,,active read loop after one correctness/warmup pass,returned float32 output,"[""009000aa505b40cbe1baeb43"",""2f42fff8dbd58679ce0db963"",""e2947faaffa4ce366e5feeb3"",""f1f27c5c5080c8dbf94dad27"",""f68a57776dd7db7bda5c2d83""]"
f1e18a6089200fb87725,d845df774bc1b431edec,cpu-chunk-blocks,damacy,chunks256-default,synthetic,smooth4,local block storage,random-1x256x256,"[1,256,256]","[1,128,128]",32768,lz4,16384,3,3.2841768251717824,3.278430358552667,3.292423048184552,1.572609772618283,2.2350616455078125,2.2350616455078125,1.7596155802408855,"active planning, reads, decode, dtype conversion and assembly; preparation/cache control excluded",returned float32 output,"[""6b0c0c79273408d9733d2f81"",""c7d1dddeaddb7fd2b1bd8e17"",""ab3fd9667a459c9f6a509378""]"
f2726748e7c55e3a9eea,a0210aaa174f986df591,legacy-array-count-control,damacy,legacy_gpu_pipeline,microscopy,as-chad,path on shared filesystem; historical mount unverified,random-crops,"[16,1,1,256,256]",,,,,1,1.8372815288534041,1.8372815288534041,1.8372815288534041,,,,,steady-state native wall after warmup; device transfer/decode/assembly included; startup reported separately,returned pipeline-dtype output,"[""6ffaddde320642367a42cb2b""]"
f280d2018fb71f643b0e,4b5ebde64418f36b809b,microscopy-tensorstore-threads,tensorstore,legacy_cpu_thread_sweep,microscopy,survey-allencell_dynamic,path on shared filesystem; historical mount unverified,random-crops,"[16,1,1,256,256]",,,,,1,0.11447302375813866,0.11447302375813866,0.11447302375813866,,,,,Python read+decode timed loop after warmup; open/eviction excluded,archived patch_bytes; destination dtype unrecorded,"[""d60f62c2de798b66937f53a9""]"
f31274f9cf68f0c89d70,e0e8703262dc47eab85c,pr160-warm-random-crops,damacy,damacy,synthetic,random12,local block storage,aligned,"[1,256,256]","[8,256,256]",1048576,zstd,16384,5,8.731667365950807,7.79137686255484,8.964616887958258,1.3287369985455217,7.859375,7.859375,,active read loop after one correctness/warmup pass,returned float32 output,"[""f3c9ac8526ffeedf647ee18f"",""ef17d64380bd2521a32a7239"",""e2cb8d1f26886208baa525ea"",""d8ccca69969d4ddbe9476e11"",""1b1273cee8fd5f83b845eca3""]"
f333e24459a3f1a50d96,e8a5ef0a030fee34ce02,cpu-nfs-local-spot,tensorstore,tensorstore,synthetic,smooth4,local block storage,full-scan,"[8,256,256]","[1,128,128]",32768,zstd,32768,3,7.961225078559265,7.90903142634354,7.978061388857353,1.8451430092694745,,1.0,0.5419548352559408,"active planning, reads, decode, dtype conversion and assembly; preparation/cache control excluded",returned float32 output,"[""0b5e0083fd7ab16d27b22b1c"",""fbf72913e26c9fb36c33d0b9"",""d846d08ee78e2d9d6d942772""]"
f3346bb9b90eeddbb602,0ce3149f29afdab44edb,pr160-cold-storage,damacy,damacy,synthetic,random12,local block storage,full-scan,"[8,256,256]","[2,256,256]",262144,lz4,8192,3,7.327230541464468,7.296431086822928,7.328847587147136,1.319163473120603,1.0,1.0,0.758056640625,complete wall including file eviction and residency checks,returned float32 output,"[""e67dca9189e5d814a0647ef6"",""5884c69ee32b74e555edc264"",""011f34f3854eeb340994603d""]"
f42cecdba3b6cc5c54ec,fc6fd6b876a5cd57c3e3,cpu-chunk-blocks,tensorstore,tensorstore,synthetic,smooth4,local block storage,full-scan,"[8,256,256]","[1,512,512]",524288,zstd,65536,3,10.097123202388742,9.898891922953895,10.621957461156695,1.8505648607554412,,1.0,0.5403757095336914,"active planning, reads, decode, dtype conversion and assembly; preparation/cache control excluded",returned float32 output,"[""66fe4e4697d4ee6cfbab0f4d"",""359e3587c44e8e5d909d9100"",""bc23f04902d95a5fbe9a9d5b""]"
f4437c53f9fe6b21cc67,359a140b81cb495823c2,cpu-buffer-control,tensorstore,tensorstore,synthetic,smooth4,local block storage,full-scan,"[8,256,256]","[1,128,256]",65536,zstd,16384,3,10.148022021621195,8.668518567414871,10.21887255504588,1.8309433434379625,,1.0,0.5461443662643433,"active planning, reads, decode, dtype conversion and assembly; preparation/cache control excluded",returned float32 output,"[""f138bc512fb9bf9207336fc1"",""e2ea036d3f8c79508dd055bf"",""ac03d1a1aeeecac2b2f1596b""]"
f44ca90209864a0038f9,d50fde3d5d8879146bb0,pr160-warm-xor-crops,damacy,damacy,synthetic,xor,local block storage,random-1x256x256,"[1,256,256]","[2,256,256]",262144,lz4,16384,5,5.479554767471614,5.342132654243488,5.718555396238951,21.258939197090033,7.8095703125,7.8095703125,,active read loop after one correctness/warmup pass,returned float32 output,"[""77b0e2000f62b9c7f930f17d"",""d06e2e14ab903bda1422cf02"",""2212022b29bea9371c8d1cc8"",""1ffac854280e5901dfb46cf9"",""8f79eaf4a16a8b991ae41418""]"
f4bd886b649b67dbcd57,e8a5ef0a030fee34ce02,cpu-nfs-local-spot,tensorstore,tensorstore,synthetic,smooth4,local block storage,full-scan,"[8,256,256]","[1,256,256]",131072,zstd,131072,3,9.920080021541104,8.262583597265973,12.125384307758194,1.8644857768631582,,1.0,0.5363292694091797,"active planning, reads, decode, dtype conversion and assembly; preparation/cache control excluded",returned float32 output,"[""f1d897893437c88fbc838fbf"",""e33e91fb0d2c03329935d388"",""f00a5404f0276ea3999c145c""]"
f4c051b49f511a6bfa39,d845df774bc1b431edec,cpu-chunk-blocks,damacy,chunks256-default,synthetic,smooth4,local block storage,random-1x256x256,"[1,256,256]","[1,256,256]",131072,zstd,16384,3,3.6121389697849247,3.587734213333022,3.61431128362234,1.8317621551383316,3.97491455078125,3.97491455078125,2.6132969326443143,"active planning, reads, decode, dtype conversion and assembly; preparation/cache control excluded",returned float32 output,"[""e064dac02dc124d7d0f0de2e"",""3a162f70d9af430728076cb2"",""f82cde7b92e163885862bce5""]"
f63e00ce094be3423daa,6928be6f3bc14d659c74,cpu-chunk-blocks,damacy,chunks256-default,synthetic,smooth4,local block storage,full-scan,"[8,256,256]","[1,256,256]",131072,zstd,65536,3,21.50152314152179,19.274355433752582,22.074541144632942,1.85368967938808,1.0,1.0,0.539466142654419,"active planning, reads, decode, dtype conversion and assembly; preparation/cache control excluded",returned float32 output,"[""9d3f1dd82ff2413e02cd6f49"",""758ecfd6aaba42e5892df0b2"",""465e0364af6b16f45b77765e""]"
f676d8bcbcae9de83add,1fb438294d5ac2bb57e1,cpu-chunk-blocks,damacy,chunks256-random,synthetic,smooth4,local block storage,full-scan,"[8,256,256]","[1,512,512]",524288,zstd,16384,3,25.530343637954708,25.308378294192025,25.727356716125414,1.8294478975980146,1.0,1.0,0.5465846061706543,"active planning, reads, decode, dtype conversion and assembly; preparation/cache control excluded",returned float32 output,"[""8bb78e053824c51592c284f0"",""9565f6723ce5d4bb3a4aa45c"",""0fadb1597db5f1ac498f5983""]"
f67a8656293859feb4b2,5bec11e61f2bb88b386f,microscopy-tensorstore-threads,tensorstore,legacy_cpu_thread_sweep,microscopy,survey-allencell_dynamic,path on shared filesystem; historical mount unverified,random-crops,"[16,1,1,256,256]",,,,,1,0.028321522033184228,0.028321522033184228,0.028321522033184228,,,,,Python read+decode timed loop after warmup; open/eviction excluded,archived patch_bytes; destination dtype unrecorded,"[""3dadbc0890cf5f99ffbac77f""]"
f69d88f60c31a6b4a2ed,8271b3003c5b293f359a,microscopy-tensorstore-threads,tensorstore,legacy_cpu_thread_sweep,microscopy,survey-allencell_dynamic,path on shared filesystem; historical mount unverified,random-crops,"[16,1,1,256,256]",,,,,1,0.20915082194329707,0.20915082194329707,0.20915082194329707,,,,,Python read+decode timed loop after warmup; open/eviction excluded,archived patch_bytes; destination dtype unrecorded,"[""70d665d98c0eb5ca3a79fba4""]"
f6decb78377080b06ebd,9577427ed99ded0e5478,cpu-small-chunks,damacy,chunks256-random,synthetic,smooth4,local block storage,random-1x256x256,"[1,256,256]","[1,128,256]",65536,zstd,16384,3,3.221722040313703,3.213135355190138,3.2308830061665472,1.8309433434379625,2.98046875,2.98046875,1.4038677215576172,"active planning, reads, decode, dtype conversion and assembly; preparation/cache control excluded",returned float32 output,"[""1dee2c9513f8bde53845985d"",""16ec380bff0b984ea309464d"",""fb28d3b41398986e789633d1""]"
f6e2ea5aed2285ec3735,9577427ed99ded0e5478,cpu-small-chunks,damacy,chunks256-random,synthetic,smooth4,local block storage,random-1x256x256,"[1,256,256]","[1,64,128]",16384,lz4,16384,3,3.5826611679345013,3.5607490911729243,3.594323280587231,1.570198337802875,1.8616943359375,1.8616943359375,1.1806106567382812,"active planning, reads, decode, dtype conversion and assembly; preparation/cache control excluded",returned float32 output,"[""3e260836346efb5c2efaf7ce"",""412dcb32c368c281757de079"",""e767899d754bc514689a0f52""]"
f6f7c7e8747336b4849a,761fd3369cd4043cca3e,cpu-nfs-local-spot,damacy,chunks256-default,synthetic,smooth4,NFS,random-1x256x256,"[1,256,256]","[1,512,512]",524288,lz4,524288,3,1.3435673297209518,1.1804928580020313,1.3445732081938317,1.626606892779916,8.433349609375,8.433349609375,,"active planning, reads, decode, dtype conversion and assembly; preparation/cache control excluded",returned float32 output,"[""e81a96f523f4c156e71d961e"",""a856b250ba02074a1b43b024"",""fead4ffe1bbd9c7fcc45c761""]"
f75f92bafc989e485d66,6e17d57538e5ff4dac24,pr160-warm-baseline,damacy,damacy,synthetic,random12,local block storage,full-scan,"[8,256,256]","[1,128,256]",65536,zstd,8192,3,14.248289664748295,13.501024319041184,16.323887196086453,1.3244943944918124,1.0,,,active read loop after one correctness/warmup pass,returned float32 output,"[""8efff23e8d66afdcbf800bfe"",""2af7c08997b1e0de3d02fd04"",""34658bd1741de3aee5d094da""]"
f7824d85d72ea65ffe36,ea1b2e1631a1091a4eac,microscopy-chammi-sparse-confirmation,damacy,legacy_gpu_pipeline,microscopy,chammi-idr0017,path on shared filesystem; historical mount unverified,random-crops,"[1,1,1,256,256]",,,,,3,1.1255380071674261,1.0801064552922335,1.475994426645045,,,,,steady-state native wall after warmup; device transfer/decode/assembly included; startup reported separately,returned pipeline-dtype output,"[""81d18e4bfdbc31056ed99a8d"",""adff7f987d886974235ca1b3"",""46b4635dc59212c256445c77""]"
f845e1f2c98f2e5c6a30,9577427ed99ded0e5478,cpu-small-chunks,damacy,chunks256-random,synthetic,smooth4,local block storage,random-1x256x256,"[1,256,256]","[1,128,128]",32768,lz4,16384,3,3.465460275739863,3.4514098750793387,3.4768726551459017,1.572609772618283,2.2350616455078125,2.2350616455078125,1.300241470336914,"active planning, reads, decode, dtype conversion and assembly; preparation/cache control excluded",returned float32 output,"[""f6cea3c7638569e57fb24649"",""39e83e4f3995628ce6a5772b"",""230dd002fa991f61121cd520""]"
f8a4c7408c5425cfe153,6928be6f3bc14d659c74,cpu-chunk-blocks,damacy,chunks256-default,synthetic,smooth4,local block storage,full-scan,"[8,256,256]","[1,128,128]",32768,lz4,16384,3,16.27017106229654,15.870169716332985,16.673082324036983,1.572609772618283,1.0,1.0,0.635887622833252,"active planning, reads, decode, dtype conversion and assembly; preparation/cache control excluded",returned float32 output,"[""2307dc7d675d4668b2b8dd67"",""6263ba49c54ac6aa86998b5d"",""06618314d1f1c5907da89e75""]"
f8c76cd0b067301a7943,d845df774bc1b431edec,cpu-chunk-blocks,damacy,chunks256-default,synthetic,smooth4,local block storage,random-1x256x256,"[1,256,256]","[1,512,512]",524288,zstd,262144,3,2.902611380856856,2.896353264840571,2.931131281726512,1.8823881322928948,8.433349609375,8.433349609375,3.5619242191314697,"active planning, reads, decode, dtype conversion and assembly; preparation/cache control excluded",returned float32 output,"[""667f3c64aa6b78d834d83b0e"",""d5582c09ec7ac7aa34840826"",""6082ad8a14eeb13e16efac54""]"
f93bead10e089132e59d,6ea45b25c588a7385455,cpu-readahead-control,damacy,batch-random,synthetic,smooth4,local block storage,aligned,"[1,256,256]","[1,128,256]",65536,zstd,16384,3,7.36448554733718,7.2825046547468375,7.420632529803307,1.8309433434379625,0.999267578125,0.999267578125,0.5578193664550781,"active planning, reads, decode, dtype conversion and assembly; preparation/cache control excluded",returned float32 output,"[""e4c109ae79d8754da2f94ba3"",""80f8c760c53a08de28ec1d61"",""ddc51774718e9c4f0eb90ba8""]"
fa60e4f27ce64909e6e9,6928be6f3bc14d659c74,cpu-chunk-blocks,damacy,chunks256-default,synthetic,smooth4,local block storage,full-scan,"[8,256,256]","[1,256,256]",131072,lz4,16384,3,23.72670684431703,20.141049235044477,25.04855216425312,1.5669420934469545,1.0,1.0,0.6381874084472656,"active planning, reads, decode, dtype conversion and assembly; preparation/cache control excluded",returned float32 output,"[""f862bf104f7f85c25b2f3b06"",""b1fd570333f4c9df23b9a7e3"",""5a545ab7f7dd40b8ed512442""]"
fabb5c7cf6bd275c13bb,7a9448d191ffdf2045f5,microscopy-survey-tuned,damacy,legacy_gpu_pipeline,microscopy,survey-allencell_dynamic,path on shared filesystem; historical mount unverified,random-crops,"[16,1,1,256,256]",,,,,1,0.13564177549658454,0.13564177549658454,0.13564177549658454,,,,,steady-state native wall after warmup; device transfer/decode/assembly included; startup reported separately,returned pipeline-dtype output,"[""53a7e083c6a309796976b90e""]"
fad991237a57dc82a6e1,fc6fd6b876a5cd57c3e3,cpu-chunk-blocks,tensorstore,tensorstore,synthetic,smooth4,local block storage,full-scan,"[8,256,256]","[1,256,256]",131072,zstd,131072,3,11.897570399355192,8.496924319874989,12.212118690021843,1.8644857768631582,,1.0,0.5363349914550781,"active planning, reads, decode, dtype conversion and assembly; preparation/cache control excluded",returned float32 output,"[""89c81922caeecaf1b87d4c5f"",""209a69f61fbc155e3b92c9c5"",""28fdd354c8da969cc71da1f9""]"
fae016bda5f207c6656b,4ff7be1df81f4585dca9,legacy-native,damacy,legacy_gpu_pipeline,microscopy,meta-256,path on shared filesystem; historical mount unverified,random-crops,"[1,1,16,256,256]",,,,,1,1.8261344677767617,1.8261344677767617,1.8261344677767617,,,,,steady-state native wall after warmup; device transfer/decode/assembly included; startup reported separately,returned pipeline-dtype output,"[""a233f54c88f33fdd192e6e02""]"
fb03913d0fed7c5a5c7a,6928be6f3bc14d659c74,cpu-chunk-blocks,damacy,chunks256-default,synthetic,smooth4,local block storage,full-scan,"[8,256,256]","[1,256,256]",131072,zstd,131072,3,22.086371883985688,21.91510471132617,22.127231156203884,1.8644857768631582,1.0,1.0,0.5363426208496094,"active planning, reads, decode, dtype conversion and assembly; preparation/cache control excluded",returned float32 output,"[""8eeb84fb75068074c9999b27"",""1dd6d1028cd8eaf0cc8f1077"",""c4448cd5b028be3749ab7587""]"
fb247810f8641966d89f,0a8e15aa0dbe376a865d,legacy-native,damacy,legacy_gpu_pipeline,microscopy,qd-24,path on shared filesystem; historical mount unverified,random-crops,"[1,1,16,256,256]",,,,,1,1.2793469394439034,1.2793469394439034,1.2793469394439034,,,,,steady-state native wall after warmup; device transfer/decode/assembly included; startup reported separately,returned pipeline-dtype output,"[""f39a0be8859d52b652d5b688""]"
fb70c87adf87378c3b17,817487cd2fe1fb2ffac2,legacy-native,damacy,legacy_gpu_pipeline,microscopy,dynacell-plate-coalesce,path on shared filesystem; historical mount unverified,random-crops,"[1,1,16,256,256]",,,,,1,0.4751388355677529,0.4751388355677529,0.4751388355677529,,,,,steady-state native wall after warmup; device transfer/decode/assembly included; startup reported separately,returned pipeline-dtype output,"[""9c22596b5ff66f851e810662""]"
fb77fcdb3c2601c8bf54,d58d69bdf040aaf544a7,legacy-native,damacy,legacy_gpu_pipeline,microscopy,qd-64,path on shared filesystem; historical mount unverified,random-crops,"[1,1,16,256,256]",,,,,1,1.9339277453651489,1.9339277453651489,1.9339277453651489,,,,,steady-state native wall after warmup; device transfer/decode/assembly included; startup reported separately,returned pipeline-dtype output,"[""1395416afe1a770bc0f3e8a0""]"
fc3b417f7c004e5321c1,fffbdd4d82e10da46722,microscopy-tensorstore-threads,tensorstore,legacy_cpu_thread_sweep,microscopy,survey-allencell_static,path on shared filesystem; historical mount unverified,random-crops,"[1,1,1,256,256]",,,,,1,0.03964186622439401,0.03964186622439401,0.03964186622439401,,,,,Python read+decode timed loop after warmup; open/eviction excluded,archived patch_bytes; destination dtype unrecorded,"[""b78394853c2bea9a538d1bf7""]"
fc6e61cd93b04db360aa,158db8a7f47d83b72a43,legacy-array-count-control,damacy,legacy_gpu_pipeline,synthetic,as-n02,path on shared filesystem; historical mount unverified,random-crops,"[64,256,256]","[16,256,256]",2097152,"[""zstd""]",,1,10.53102703841192,10.53102703841192,10.53102703841192,,4.912109375,,,steady-state native wall after warmup; device transfer/decode/assembly included; startup reported separately,returned pipeline-dtype output,"[""379ffaf4807bc2c71b7ca33a""]"
fc7666c105299e2b29f0,8c9460fe6e58dbd700de,cpu-small-chunks,damacy,chunks256-random,synthetic,smooth4,local block storage,full-scan,"[8,256,256]","[1,256,256]",131072,lz4,16384,3,24.85666413168419,24.821124344293647,24.977423269130377,1.5669420934469545,1.0,1.0,0.6380653381347656,"active planning, reads, decode, dtype conversion and assembly; preparation/cache control excluded",returned float32 output,"[""16adcc61f6fc9469087ef5e5"",""befdf724e4e8d3416199a4a3"",""d4292045bea162e8efdecd1a""]"
fcb247b9ccf565121a50,b07b72a78260e11bed02,cpu-chunk-blocks,damacy,chunks256-random,synthetic,smooth4,local block storage,random-1x256x256,"[1,256,256]","[1,512,512]",524288,zstd,65536,3,2.675411368778187,2.6710166945685248,2.6875449498891197,1.8505648607554412,8.433349609375,8.433349609375,2.779672622680664,"active planning, reads, decode, dtype conversion and assembly; preparation/cache control excluded",returned float32 output,"[""3262939a53a164b7e029d045"",""c3172468ea50b5fd28a9fb05"",""fe34ab429e359bb7bed44e8b""]"
fd7cf65378f1cfe08dcd,d49f4ba4477c059fff60,cpu-fixed-layout-pilot,tensorstore,tensorstore,synthetic,smooth4,local block storage,random-1x256x256,"[1,256,256]","[1,128,256]",65536,zstd,16384,3,5.205948681039828,5.1659041294017705,5.214352862359336,1.8309433434379625,,2.98046875,0.0,"active planning, reads, decode, dtype conversion and assembly; preparation/cache control excluded",returned float32 output,"[""4886a46f7a76f50ba1083faa"",""b5388b1fa6014c93e933a127"",""a6cc4fbb81e7d910fc884e6c""]"
fdda5ff34b205eaea82e,f5727280b0671949c3c7,pr160-warm-random-crops,damacy,damacy,synthetic,random12,local block storage,random-1x512x512,"[1,512,512]","[1,128,256]",65536,zstd,16384,5,8.825721565739677,8.622448665875327,8.909959233992966,1.3279292888390097,1.834381103515625,1.834381103515625,,active read loop after one correctness/warmup pass,returned float32 output,"[""e1048798e8fed92f31cb6990"",""a7930181f53a9479d1f7f073"",""c5fcf97c2fe39f29142d0188"",""f820fccbafb9c2896850b35f"",""48eeb5395a8e72ba783b63b6""]"
fe36e3e3bb554590dfc2,c358e07e7da54cca8f59,cpu-nfs-local-spot,damacy,chunks256-default,synthetic,smooth4,local block storage,random-1x256x256,"[1,256,256]","[1,128,128]",32768,zstd,32768,3,3.5594590174334693,3.541285057223862,3.5886004513987406,1.8451430092694745,2.2350616455078125,2.2350616455078125,1.5334604051378038,"active planning, reads, decode, dtype conversion and assembly; preparation/cache control excluded",returned float32 output,"[""9d5806b4cb348533f3927125"",""655867e3dc33750d54d45347"",""8757e5bae81031c0e55f4cdf""]"
fe4fa3b650b9caeb4ffe,1c1bdf0058856045a24c,microscopy-tensorstore-threads,tensorstore,legacy_cpu_thread_sweep,microscopy,survey-jacobo_mip,path on shared filesystem; historical mount unverified,random-crops,"[16,1,1,256,256]",,,,,1,0.06422035412557375,0.06422035412557375,0.06422035412557375,,,,,Python read+decode timed loop after warmup; open/eviction excluded,archived patch_bytes; destination dtype unrecorded,"[""4f750efae163440fa9c5f518""]"
fed3654e153376a5d9fe,8eee1d5cbd42eb6487b5,cpu-small-chunks,damacy,chunks256-default,synthetic,smooth4,local block storage,random-1x256x256,"[1,256,256]","[1,256,256]",131072,lz4,16384,3,3.386585295899104,3.3501741240757323,3.3911512091806197,1.5669420934469545,3.97491455078125,3.97491455078125,2.9685774909125433,"active planning, reads, decode, dtype conversion and assembly; preparation/cache control excluded",returned float32 output,"[""dde4e13fe51b47862c32163f"",""a92fbb93d5c7e74ba6804644"",""03d0d997074eee534ac54044""]"
ff72122aea68e14dc0f3,f94ac526b988eb241a63,cpu-small-chunks,damacy,chunks256-default,synthetic,smooth4,local block storage,full-scan,"[8,256,256]","[1,128,128]",32768,zstd,16384,3,15.45615080648425,15.43992425750338,15.602239350195545,1.8366829025162181,1.0,1.0,0.544461727142334,"active planning, reads, decode, dtype conversion and assembly; preparation/cache control excluded",returned float32 output,"[""d1f229a2381f6291d8907af5"",""33064437c16bf04bc02acf86"",""afa19e83cfd37baf6eae620a""]"
fff1c865c9ecd9c7e4c9,8048a5fc7ea901deca7e,legacy-native,damacy,legacy_gpu_pipeline,microscopy,qd-1,path on shared filesystem; historical mount unverified,random-crops,"[1,1,16,256,256]",,,,,1,0.1404432839459844,0.1404432839459844,0.1404432839459844,,,,,steady-state native wall after warmup; device transfer/decode/assembly included; startup reported separately,returned pipeline-dtype output,"[""fc93a6fea1e106f7dfa022c2""]"
fffc62c4aaa74d333657,057520804536d24059d8,pr160-warm-xor-crops,damacy,damacy,synthetic,xor,local block storage,aligned,"[1,256,256]","[1,64,128]",16384,lz4,16384,5,7.083874223148391,5.1348563557590525,7.768419426415466,26.701703480938903,0.998046875,0.998046875,,active read loop after one correctness/warmup pass,returned float32 output,"[""42cb549a5f567ecdf171abf8"",""6460252a51a445dc5706a650"",""586267ac309af9dee34ef9aa"",""0fbbf1aa22ed83227457d644"",""bb7e24a87efd48d853f0d333""]"
