study_id,study_kind,archive_disposition,study_status,input_id,dataset_version,input_sha256,machine,hostname,backend,allocated_cpus,worker_threads,sink,storage_type,nconnect,codec,codec_level,shuffle,dtype,chunk_shape,raw_chunk_bytes,shard_shape,raw_shard_capacity_bytes,concurrent_shard_target,actual_layer_shards_geometry,blosc_block_requested_bytes,gpu_block_model_bytes,io_workers,output_buffers,requested_duration_s,requested_warmup_s,minimum_logical_gib,current_report_selected,data_issue,comparison_group_definition,source_file,summary_id,comparison_group,configuration_id,role,attempts,valid_observations,failure_records,excluded_records,run_ids,median_logical_gibs,min_logical_gibs,max_logical_gibs,logical_byte_sum,sink_write_byte_sum,summed_logical_fold,sink_write_bytes_per_logical_byte,sink_write_bytes_per_logical_gib,minimum_measurement_s,maximum_measurement_s,median_drain_fraction,minimum_logical_bytes,maximum_logical_bytes,cycles_have_partial_tails,proxy_frontier_eligible,strict_final_stored_size_winner,proxy_frontier,proxy_within_10pct,proxy_10pct_winner,proxy_size_penalty_percent,size_basis,tested_configurations_in_group,tested_chunk_bytes_in_group,overlapping_eligible_rivals,best_smaller_eligible_summary_id,best_larger_eligible_summary_id,supported_raw_chunk_range_16_to_64k
reef-turin-microscopy-workers-3708278,retained_study,historical_worker_comparison_with_withdrawn_repeated_plane_cases,complete,opencell-dna,1,8b9c2466422678b7b32a0617e504d7d59a6ef7898448cbd938b811c415df0d14,reef-turin,cpu-turin-gp-l-243-179,cpu,40,32,discard,discard,,blosc-lz4,3,bit,u16,"[4,32,64]",16384,"[16384,128,256]",1073741824,16,15,16384,,32,4,3.0,2.0,32.0,false,,"{""allocated_cpus"":40,""arrival_bytes_per_s"":null,""backend"":""cpu"",""chunk_depth"":4,""completion_pause_ms"":null,""data_issue"":null,""dataset_version"":1,""dtype"":""u16"",""hostname"":""cpu-turin-gp-l-243-179"",""input_id"":""opencell-dna"",""input_sha256"":""8b9c2466422678b7b32a0617e504d7d59a6ef7898448cbd938b811c415df0d14"",""io_workers"":32,""logical_spatial_shape"":[600,600],""memory_budget_bytes"":0,""minimum_logical_gib"":32.0,""nconnect"":null,""output_buffers"":4,""requested_duration_s"":3.0,""requested_warmup_s"":2.0,""sink"":""discard"",""source_order"":""cyclic"",""storage_type"":""discard"",""study_id"":""reef-turin-microscopy-workers-3708278"",""timing_policy"":""coverage-qualified-through-final-close-v2"",""worker_threads"":32}",/mnt/main0/home/nclack/tmp/2026-09-07-chucky-microscopy-pr/worktree/build-microscopy-cpu-scaling-20260916/turin-3708278/study.json,fc91dfea20662bee9352,04d5f4dccf00c7b76d18,556c9409748923ed,sample,3,3,0,0,"[""reef-turin-microscopy-workers-3708278/execution-0021"",""reef-turin-microscopy-workers-3708278/execution-0065"",""reef-turin-microscopy-workers-3708278/execution-0097""]",12.375847527449434,12.120843106088671,12.378962761300972,120160800000,87554121728,1.3724173988438548,0.7286413017223587,782372640.3530998,3.0342037610000006,3.0350772960000003,0.011500676738454167,39489120000,40340160000,false,true,,true,true,true,7.779530228637182,measured_shard_write_bytes_per_logical_byte,3,"[16384,65536,262144]",[],,c8c00649ec4bec1470c2,true
reef-l40-microscopy-workers-3708541,retained_study,historical_worker_comparison_with_withdrawn_repeated_plane_cases,complete,bbbc022-mito,1,1eff677d3f7d6785bdc8e65079613d6ba2c801a19f33503517a12b8df54affc7,reef-l40,cw-us-e4a2-l40-234-083,gpu,8,4,fs,nfs,16,blosc-zstd,3,bit,u16,"[4,128,256]",262144,"[16384,128,256]",1073741824,16,15,65536,65536,32,4,3.0,2.0,32.0,false,,"{""allocated_cpus"":8,""arrival_bytes_per_s"":null,""backend"":""gpu"",""chunk_depth"":4,""completion_pause_ms"":null,""data_issue"":null,""dataset_version"":1,""dtype"":""u16"",""hostname"":""cw-us-e4a2-l40-234-083"",""input_id"":""bbbc022-mito"",""input_sha256"":""1eff677d3f7d6785bdc8e65079613d6ba2c801a19f33503517a12b8df54affc7"",""io_workers"":32,""logical_spatial_shape"":[520,696],""memory_budget_bytes"":0,""minimum_logical_gib"":32.0,""nconnect"":16,""output_buffers"":4,""requested_duration_s"":3.0,""requested_warmup_s"":2.0,""sink"":""fs"",""source_order"":""cyclic"",""storage_type"":""nfs"",""study_id"":""reef-l40-microscopy-workers-3708541"",""timing_policy"":""coverage-qualified-through-final-close-v2"",""worker_threads"":4}",/mnt/main0/home/nclack/tmp/2026-09-07-chucky-microscopy-pr/worktree/build-microscopy-cpu-scaling-20260916/l40-3708541/study.json,116a8be0f9ff9b6585d9,0a46997ab270b69162c1,8d7df10f41c8b88f,sample,3,3,0,0,"[""reef-l40-microscopy-workers-3708541/execution-0014"",""reef-l40-microscopy-workers-3708541/execution-0061"",""reef-l40-microscopy-workers-3708541/execution-0083""]",4.235453143441665,4.186838473068876,4.283542995347896,103082054400,54661316608,1.8858318971576573,0.5302699575223057,569373031.402403,7.470657302,7.643208862000001,0.007517903275387052,34360684800,34360684800,true,true,,true,true,true,1.1201909736403457,measured_shard_write_bytes_per_logical_byte,3,"[16384,65536,262144]",[],c410117a7ba6b06cc930,,false
reef-l40-microscopy-discovery-3667908,retained_study,historical,complete,dynacell-a549-phase,,920cadc14fb62b66fa23671f25c599904db55815e24e19705b6dc01fdfea1f79,reef-l40,cw-us-e4a2-l40-202-047,cpu,8,4,discard,discard,,blosc-lz4,3,bit,f32,"[1,256,256]",262144,"[4096,256,256]",1073741824,4,4,262144,,,,1.0,1.0,0.125,false,,"{""allocated_cpus"":8,""arrival_bytes_per_s"":null,""backend"":""cpu"",""chunk_depth"":1,""completion_pause_ms"":null,""data_issue"":null,""dataset_version"":null,""dtype"":""f32"",""hostname"":""cw-us-e4a2-l40-202-047"",""input_id"":""dynacell-a549-phase"",""input_sha256"":""920cadc14fb62b66fa23671f25c599904db55815e24e19705b6dc01fdfea1f79"",""io_workers"":null,""logical_spatial_shape"":[512,512],""memory_budget_bytes"":0,""minimum_logical_gib"":0.125,""nconnect"":null,""output_buffers"":null,""requested_duration_s"":1.0,""requested_warmup_s"":1.0,""sink"":""discard"",""source_order"":""cyclic"",""storage_type"":""discard"",""study_id"":""reef-l40-microscopy-discovery-3667908"",""timing_policy"":""coverage-qualified-through-final-close-v2"",""worker_threads"":4}",/mnt/main0/home/nclack/tmp/2026-09-07-chucky-microscopy-pr/worktree/build-microscopy-study-20260913/discovery-3667908/study.json,ee8348b7a281288fcc96,0b92a71cc513505ba7fc,3ab754ca2fd4ac25,sample,3,3,0,0,"[""reef-l40-microscopy-discovery-3667908/execution-0359"",""reef-l40-microscopy-discovery-3667908/execution-0364"",""reef-l40-microscopy-discovery-3667908/execution-0370""]",4.048760993181424,4.0421234538036295,4.063408961400776,25782386688,22582480896,1.1416985940002187,0.8758879140739385,940477486.477306,1.969751555,1.980124153,0.0005675543177829856,8594128896,8594128896,false,true,,true,true,true,0.9745389746557626,measured_shard_write_bytes_per_logical_byte,23,"[16384,65536,262144]","[""84f1584f9b27016c4895""]",4eeb147953af71413bc7,,false
reef-l40-microscopy-pilot-3667862,retained_study,historical,complete,cosem-cos7-em,,bcc34b3a7e3f170c181df84e5419cd28e1995cd9b5c35801fab22bdc28c410cd,reef-l40,cw-us-e4a2-l40-234-199,cpu,8,4,discard,discard,,zstd,3,none,u8,"[1,128,128]",16384,"[16384,256,256]",1073741824,4,4,,,,,1.0,1.0,0.125,false,,"{""allocated_cpus"":8,""arrival_bytes_per_s"":null,""backend"":""cpu"",""chunk_depth"":1,""completion_pause_ms"":null,""data_issue"":null,""dataset_version"":null,""dtype"":""u8"",""hostname"":""cw-us-e4a2-l40-234-199"",""input_id"":""cosem-cos7-em"",""input_sha256"":""bcc34b3a7e3f170c181df84e5419cd28e1995cd9b5c35801fab22bdc28c410cd"",""io_workers"":null,""logical_spatial_shape"":[512,512],""memory_budget_bytes"":0,""minimum_logical_gib"":0.125,""nconnect"":null,""output_buffers"":null,""requested_duration_s"":1.0,""requested_warmup_s"":1.0,""sink"":""discard"",""source_order"":""cyclic"",""storage_type"":""discard"",""study_id"":""reef-l40-microscopy-pilot-3667862"",""timing_policy"":""coverage-qualified-through-final-close-v2"",""worker_threads"":4}",/mnt/main0/home/nclack/tmp/2026-09-07-chucky-microscopy-pr/worktree/build-microscopy-study-20260913/pilot-3667862/study.json,3c4073452d55f24ed64f,0cbaea5d6893e5e0178b,01933be9df58cd6e,sample,1,1,0,0,"[""reef-l40-microscopy-pilot-3667862/execution-0016""]",1.1046939156278366,1.1046939156278366,1.1046939156278366,7453278208,6099333120,1.2219824792911131,0.8183423387380416,878688395.4530107,6.283555788,6.283555788,0.00205896142828994,7453278208,7453278208,false,true,,true,true,true,0.0,measured_shard_write_bytes_per_logical_byte,4,"[16384,262144]",[],,,true
reef-l40-final-transfer-3702747,retained_study,partially_selected_in_current_report,complete,opencell-protein,1,cc711313f4f5758d252af98a03bf5ef9b6120bac7e0fb3bfc053e8d3687e4046,reef-l40,cw-us-e4a2-l40-234-163,cpu,8,4,discard,discard,,blosc-lz4,3,bit,u16,"[1,64,128]",16384,"[16384,128,256]",1073741824,16,15,16384,,32,4,3.0,2.0,32.0,false,,"{""allocated_cpus"":8,""arrival_bytes_per_s"":null,""backend"":""cpu"",""chunk_depth"":1,""completion_pause_ms"":null,""data_issue"":null,""dataset_version"":1,""dtype"":""u16"",""hostname"":""cw-us-e4a2-l40-234-163"",""input_id"":""opencell-protein"",""input_sha256"":""cc711313f4f5758d252af98a03bf5ef9b6120bac7e0fb3bfc053e8d3687e4046"",""io_workers"":32,""logical_spatial_shape"":[600,600],""memory_budget_bytes"":0,""minimum_logical_gib"":32.0,""nconnect"":null,""output_buffers"":4,""requested_duration_s"":3.0,""requested_warmup_s"":2.0,""sink"":""discard"",""source_order"":""cyclic"",""storage_type"":""discard"",""study_id"":""reef-l40-final-transfer-3702747"",""timing_policy"":""coverage-qualified-through-final-close-v2"",""worker_threads"":4}",/mnt/main0/home/nclack/tmp/2026-09-07-chucky-microscopy-pr/worktree/build-microscopy-final-20260916/run-3702747/transfer/study.json,1e27e93e0e2cb23213c5,0f4cdd320c8f88f6506c,24f440f519e33b5c,sample,2,2,0,0,"[""reef-l40-final-transfer-3702747/execution-0084"",""reef-l40-final-transfer-3702747/execution-0164""]",2.250271929492028,2.247735780447041,2.2528080785370155,68722560000,53357993984,1.2879524672649283,0.7764261689902122,833681250.8928827,14.205131229000001,14.23718777,0.003071865611926741,34361280000,34361280000,false,true,,true,true,true,8.086889515192965,measured_shard_write_bytes_per_logical_byte,5,"[16384,65536,262144]",[],,80fa3f073a27cdcfce84,true
reef-l40-microscopy-workers-3708541,retained_study,historical_worker_comparison_with_withdrawn_repeated_plane_cases,complete,opencell-dna,1,8b9c2466422678b7b32a0617e504d7d59a6ef7898448cbd938b811c415df0d14,reef-l40,cw-us-e4a2-l40-234-083,gpu,8,4,discard,discard,,blosc-zstd,3,bit,u16,"[4,128,256]",262144,"[16384,128,256]",1073741824,16,15,65536,65536,32,4,3.0,2.0,32.0,false,,"{""allocated_cpus"":8,""arrival_bytes_per_s"":null,""backend"":""gpu"",""chunk_depth"":4,""completion_pause_ms"":null,""data_issue"":null,""dataset_version"":1,""dtype"":""u16"",""hostname"":""cw-us-e4a2-l40-234-083"",""input_id"":""opencell-dna"",""input_sha256"":""8b9c2466422678b7b32a0617e504d7d59a6ef7898448cbd938b811c415df0d14"",""io_workers"":32,""logical_spatial_shape"":[600,600],""memory_budget_bytes"":0,""minimum_logical_gib"":32.0,""nconnect"":null,""output_buffers"":4,""requested_duration_s"":3.0,""requested_warmup_s"":2.0,""sink"":""discard"",""source_order"":""cyclic"",""storage_type"":""discard"",""study_id"":""reef-l40-microscopy-workers-3708541"",""timing_policy"":""coverage-qualified-through-final-close-v2"",""worker_threads"":4}",/mnt/main0/home/nclack/tmp/2026-09-07-chucky-microscopy-pr/worktree/build-microscopy-cpu-scaling-20260916/l40-3708541/study.json,754796c82981c4beac47,106cb498665ef8d48853,98f7196c339a7770,sample,3,3,0,0,"[""reef-l40-microscopy-workers-3708541/execution-0018"",""reef-l40-microscopy-workers-3708541/execution-0050"",""reef-l40-microscopy-workers-3708541/execution-0073""]",3.2882308550123467,3.287352437038179,3.2890658365404897,103086000000,69033603072,1.4932727746005718,0.6696700140853268,719052702.4020845,9.729846570000001,9.734917769,0.0042846702286554435,34362000000,34362000000,true,true,,true,true,true,0.2764777529162979,measured_shard_write_bytes_per_logical_byte,3,"[16384,65536,262144]",[],c1b38e223dbb3b545d17,,false
reef-l40-microscopy-sinks-3671242,retained_study,historical,complete,cosem-cos7-em,,bcc34b3a7e3f170c181df84e5419cd28e1995cd9b5c35801fab22bdc28c410cd,reef-l40,cw-us-e4a2-l40-202-211,gpu,8,4,fs,nfs,16,zstd,3,none,u8,"[1,512,512]",262144,"[4096,512,512]",1073741824,4,1,,,,,3.0,2.0,0.125,false,,"{""allocated_cpus"":8,""arrival_bytes_per_s"":null,""backend"":""gpu"",""chunk_depth"":1,""completion_pause_ms"":null,""data_issue"":null,""dataset_version"":null,""dtype"":""u8"",""hostname"":""cw-us-e4a2-l40-202-211"",""input_id"":""cosem-cos7-em"",""input_sha256"":""bcc34b3a7e3f170c181df84e5419cd28e1995cd9b5c35801fab22bdc28c410cd"",""io_workers"":null,""logical_spatial_shape"":[512,512],""memory_budget_bytes"":0,""minimum_logical_gib"":0.125,""nconnect"":16,""output_buffers"":null,""requested_duration_s"":3.0,""requested_warmup_s"":2.0,""sink"":""fs"",""source_order"":""cyclic"",""storage_type"":""nfs"",""study_id"":""reef-l40-microscopy-sinks-3671242"",""timing_policy"":""coverage-qualified-through-final-close-v2"",""worker_threads"":4}",/mnt/main0/home/nclack/tmp/2026-09-07-chucky-microscopy-pr/worktree/build-microscopy-next-experiment-20260913/run-3671242/study.json,9d59e019e9cd53d260b2,1149c116d290bccd8e3e,a85401f2f6682bec,sample,8,8,0,0,"[""reef-l40-microscopy-sinks-3671242/execution-0032"",""reef-l40-microscopy-sinks-3671242/execution-0071"",""reef-l40-microscopy-sinks-3671242/execution-0125"",""reef-l40-microscopy-sinks-3671242/execution-0175"",""reef-l40-microscopy-sinks-3671242/execution-0226"",""reef-l40-microscopy-sinks-3671242/execution-0294"",""reef-l40-microscopy-sinks-3671242/execution-0319"",""reef-l40-microscopy-sinks-3671242/execution-0364""]",1.4088606108757171,1.141909986586489,1.4732987619686342,37513854976,30599630848,1.225957762769936,0.8156887866516659,875839165.5957066,3.159261206,3.265501174,0.053355483754984834,3959422976,5033164800,false,true,,true,true,true,0.0,measured_shard_write_bytes_per_logical_byte,6,"[16384,262144]",[],,,false
reef-l40-final-transfer-3702747,retained_study,partially_selected_in_current_report,complete,jump-scope-fluorescence,1,68c0bbe90a5c54a24f1b2f0eb320ac7ee78048267eebc09ca8add8309e083982,reef-l40,cw-us-e4a2-l40-234-163,gpu,8,4,fs,nfs,16,blosc-zstd,3,bit,u16,"[1,256,512]",262144,"[1024,512,1024]",1073741824,16,8,65536,65536,32,4,3.0,2.0,32.0,true,,"{""allocated_cpus"":8,""arrival_bytes_per_s"":null,""backend"":""gpu"",""chunk_depth"":1,""completion_pause_ms"":null,""data_issue"":null,""dataset_version"":1,""dtype"":""u16"",""hostname"":""cw-us-e4a2-l40-234-163"",""input_id"":""jump-scope-fluorescence"",""input_sha256"":""68c0bbe90a5c54a24f1b2f0eb320ac7ee78048267eebc09ca8add8309e083982"",""io_workers"":32,""logical_spatial_shape"":[2000,2000],""memory_budget_bytes"":0,""minimum_logical_gib"":32.0,""nconnect"":16,""output_buffers"":4,""requested_duration_s"":3.0,""requested_warmup_s"":2.0,""sink"":""fs"",""source_order"":""cyclic"",""storage_type"":""nfs"",""study_id"":""reef-l40-final-transfer-3702747"",""timing_policy"":""coverage-qualified-through-final-close-v2"",""worker_threads"":4}",/mnt/main0/home/nclack/tmp/2026-09-07-chucky-microscopy-pr/worktree/build-microscopy-final-20260916/run-3702747/transfer/study.json,151358a17ba6b86cca95,1248d8faa9f5aa4c2314,e89c9dc473d23dc4,sample,2,2,0,0,"[""reef-l40-final-transfer-3702747/execution-0066"",""reef-l40-final-transfer-3702747/execution-0208""]",3.5240217808555503,3.503470033169674,3.544573528541426,68720000000,45689225216,1.504074531251513,0.6648606696158323,713888708.0991652,9.027953413,9.133870931,0.009015308850179692,34360000000,34360000000,false,true,,true,true,true,0.0,measured_shard_write_bytes_per_logical_byte,5,"[16384,65536,262144]",[],,,false
reef-turin-microscopy-pareto-transfer-3710982,retained_study,partially_selected_in_current_report,complete,opencell-protein,1,cc711313f4f5758d252af98a03bf5ef9b6120bac7e0fb3bfc053e8d3687e4046,reef-turin,cpu-turin-gp-l-243-179,cpu,40,32,fs,nfs,16,blosc-lz4,3,bit,u16,"[1,64,128]",16384,"[16384,128,256]",1073741824,16,15,16384,,32,4,3.0,2.0,32.0,true,,"{""allocated_cpus"":40,""arrival_bytes_per_s"":null,""backend"":""cpu"",""chunk_depth"":1,""completion_pause_ms"":null,""data_issue"":null,""dataset_version"":1,""dtype"":""u16"",""hostname"":""cpu-turin-gp-l-243-179"",""input_id"":""opencell-protein"",""input_sha256"":""cc711313f4f5758d252af98a03bf5ef9b6120bac7e0fb3bfc053e8d3687e4046"",""io_workers"":32,""logical_spatial_shape"":[600,600],""memory_budget_bytes"":0,""minimum_logical_gib"":32.0,""nconnect"":16,""output_buffers"":4,""requested_duration_s"":3.0,""requested_warmup_s"":2.0,""sink"":""fs"",""source_order"":""cyclic"",""storage_type"":""nfs"",""study_id"":""reef-turin-microscopy-pareto-transfer-3710982"",""timing_policy"":""coverage-qualified-through-final-close-v2"",""worker_threads"":32}",/mnt/main0/home/nclack/tmp/2026-09-07-chucky-microscopy-pr/worktree/build-microscopy-unified-corrected-20260916/turin-3710982/transfer/study.json,21786a3f04ad9b9f91c9,1520f15090443f4dab43,4f394758a1f07893,sample,3,3,0,0,"[""reef-turin-microscopy-pareto-transfer-3710982/execution-0070"",""reef-turin-microscopy-pareto-transfer-3710982/execution-0156"",""reef-turin-microscopy-pareto-transfer-3710982/execution-0216""]",5.6154818810546905,4.777163334444487,6.045147710940926,103083840000,80021229568,1.288206149249456,0.7762732700683249,833517076.9256078,5.293739091000001,6.6988363070000005,0.020536824859601694,34361280000,34361280000,false,true,,true,true,true,8.065759753209946,measured_shard_write_bytes_per_logical_byte,8,"[16384,65536,262144]","[""af3f10679f94ce71c275""]",,e3bae7813702a902cc97,true
reef-l40-final-confirmation-3704091,retained_study,partially_selected_in_current_report,complete,bbbc022-mito,1,1eff677d3f7d6785bdc8e65079613d6ba2c801a19f33503517a12b8df54affc7,reef-l40,cw-us-e4a2-l40-202-189,gpu,8,4,fs,nfs,16,blosc-zstd,3,bit,u16,"[4,128,256]",262144,"[16384,128,256]",1073741824,16,15,65536,65536,32,4,3.0,2.0,32.0,true,,"{""allocated_cpus"":8,""arrival_bytes_per_s"":null,""backend"":""gpu"",""chunk_depth"":4,""completion_pause_ms"":null,""data_issue"":null,""dataset_version"":1,""dtype"":""u16"",""hostname"":""cw-us-e4a2-l40-202-189"",""input_id"":""bbbc022-mito"",""input_sha256"":""1eff677d3f7d6785bdc8e65079613d6ba2c801a19f33503517a12b8df54affc7"",""io_workers"":32,""logical_spatial_shape"":[520,696],""memory_budget_bytes"":0,""minimum_logical_gib"":32.0,""nconnect"":16,""output_buffers"":4,""requested_duration_s"":3.0,""requested_warmup_s"":2.0,""sink"":""fs"",""source_order"":""cyclic"",""storage_type"":""nfs"",""study_id"":""reef-l40-final-confirmation-3704091"",""timing_policy"":""coverage-qualified-through-final-close-v2"",""worker_threads"":4}",/mnt/main0/home/nclack/tmp/2026-09-07-chucky-microscopy-pr/worktree/build-microscopy-confirmation-3rounds-20260916/run-3704091/confirmation/study.json,f881343f300fb40229fd,15f36c0c355c6df9491c,02d08e0342f338b3,sample,3,3,0,0,"[""reef-l40-final-confirmation-3704091/execution-0068"",""reef-l40-final-confirmation-3704091/execution-0121"",""reef-l40-final-confirmation-3704091/execution-0190""]",4.2144755799346205,4.172451208461743,4.224535807671163,103082054400,54661369856,1.8858300600873987,0.5302704740816652,569373586.0537919,7.575005340000001,7.669563727000001,0.010001720717727595,34360684800,34360684800,true,true,,true,true,true,2.2970939326027358,measured_shard_write_bytes_per_logical_byte,13,"[16384,65536,262144]","[""c45d85eaa0d226045586""]",c45d85eaa0d226045586,,false
reef-turin-microscopy-pareto-core-3710982,retained_study,partially_selected_in_current_report,complete,bbbc022-mito,1,1eff677d3f7d6785bdc8e65079613d6ba2c801a19f33503517a12b8df54affc7,reef-turin,cpu-turin-gp-l-243-179,cpu,40,32,fs,nfs,16,blosc-zstd,3,bit,u16,"[4,64,128]",65536,"[16384,128,256]",1073741824,16,15,65536,,32,4,3.0,2.0,32.0,true,,"{""allocated_cpus"":40,""arrival_bytes_per_s"":null,""backend"":""cpu"",""chunk_depth"":4,""completion_pause_ms"":null,""data_issue"":null,""dataset_version"":1,""dtype"":""u16"",""hostname"":""cpu-turin-gp-l-243-179"",""input_id"":""bbbc022-mito"",""input_sha256"":""1eff677d3f7d6785bdc8e65079613d6ba2c801a19f33503517a12b8df54affc7"",""io_workers"":32,""logical_spatial_shape"":[520,696],""memory_budget_bytes"":0,""minimum_logical_gib"":32.0,""nconnect"":16,""output_buffers"":4,""requested_duration_s"":3.0,""requested_warmup_s"":2.0,""sink"":""fs"",""source_order"":""cyclic"",""storage_type"":""nfs"",""study_id"":""reef-turin-microscopy-pareto-core-3710982"",""timing_policy"":""coverage-qualified-through-final-close-v2"",""worker_threads"":32}",/mnt/main0/home/nclack/tmp/2026-09-07-chucky-microscopy-pr/worktree/build-microscopy-unified-corrected-20260916/turin-3710982/core/study.json,afbbe6ca18aa45e79689,1c3b0561cd4734fecc81,b84b5c213874fbb8,sample,3,3,0,0,"[""reef-turin-microscopy-pareto-core-3710982/execution-0036"",""reef-turin-microscopy-pareto-core-3710982/execution-0059"",""reef-turin-microscopy-pareto-core-3710982/execution-0139""]",5.215286599366573,4.460477827217275,5.245388615619332,103082054400,54602940416,1.8878480465457577,0.5297036495229183,568764962.818195,6.100764879000001,7.174316797,0.013238405118349422,34360684800,34360684800,true,true,,true,true,true,0.07465739238431539,measured_shard_write_bytes_per_logical_byte,14,"[16384,65536,262144]","[""a4c3765daf1352dbc4b8"",""8d2ee38a4d45662cef02""]",a4c3765daf1352dbc4b8,8d2ee38a4d45662cef02,true
reef-l40-final-transfer-3702747,retained_study,partially_selected_in_current_report,complete,jump-scope-fluorescence,1,68c0bbe90a5c54a24f1b2f0eb320ac7ee78048267eebc09ca8add8309e083982,reef-l40,cw-us-e4a2-l40-234-163,cpu,8,4,discard,discard,,blosc-lz4,3,bit,u16,"[1,64,128]",16384,"[1560,448,768]",1073479680,16,15,16384,,32,4,3.0,2.0,32.0,false,,"{""allocated_cpus"":8,""arrival_bytes_per_s"":null,""backend"":""cpu"",""chunk_depth"":1,""completion_pause_ms"":null,""data_issue"":null,""dataset_version"":1,""dtype"":""u16"",""hostname"":""cw-us-e4a2-l40-234-163"",""input_id"":""jump-scope-fluorescence"",""input_sha256"":""68c0bbe90a5c54a24f1b2f0eb320ac7ee78048267eebc09ca8add8309e083982"",""io_workers"":32,""logical_spatial_shape"":[2000,2000],""memory_budget_bytes"":0,""minimum_logical_gib"":32.0,""nconnect"":null,""output_buffers"":4,""requested_duration_s"":3.0,""requested_warmup_s"":2.0,""sink"":""discard"",""source_order"":""cyclic"",""storage_type"":""discard"",""study_id"":""reef-l40-final-transfer-3702747"",""timing_policy"":""coverage-qualified-through-final-close-v2"",""worker_threads"":4}",/mnt/main0/home/nclack/tmp/2026-09-07-chucky-microscopy-pr/worktree/build-microscopy-final-20260916/run-3702747/transfer/study.json,3c31da5035fd29526a38,1cd1814fe60c95b3b6ca,9be853b32e8d3dbc,sample,2,2,0,0,"[""reef-l40-final-transfer-3702747/execution-0106"",""reef-l40-final-transfer-3702747/execution-0204""]",2.347185683855667,2.3471021239306578,2.347269243780676,68720000000,49533845504,1.3873342418862,0.7208068321303842,773960442.6833405,13.632967398000002,13.633938100000002,0.003761444323449206,34360000000,34360000000,false,true,,true,true,true,7.316596998989062,measured_shard_write_bytes_per_logical_byte,5,"[16384,65536,262144]",[],,9993f41f8198d66c44bd,true
reef-l40-final-discard-3702747,retained_study,historical,complete,cosem-cos7-em,2,38fa12d66991e8f677a2f1c36de79d1c071a268944e690f572f4e265f59eacb2,reef-l40,cw-us-e4a2-l40-234-163,gpu,8,4,discard,discard,,zstd,3,none,u8,"[4,256,256]",262144,"[16384,256,256]",1073741824,16,16,,,32,4,3.0,2.0,32.0,false,,"{""allocated_cpus"":8,""arrival_bytes_per_s"":null,""backend"":""gpu"",""chunk_depth"":4,""completion_pause_ms"":null,""data_issue"":null,""dataset_version"":2,""dtype"":""u8"",""hostname"":""cw-us-e4a2-l40-234-163"",""input_id"":""cosem-cos7-em"",""input_sha256"":""38fa12d66991e8f677a2f1c36de79d1c071a268944e690f572f4e265f59eacb2"",""io_workers"":32,""logical_spatial_shape"":[1024,1024],""memory_budget_bytes"":0,""minimum_logical_gib"":32.0,""nconnect"":null,""output_buffers"":4,""requested_duration_s"":3.0,""requested_warmup_s"":2.0,""sink"":""discard"",""source_order"":""cyclic"",""storage_type"":""discard"",""study_id"":""reef-l40-final-discard-3702747"",""timing_policy"":""coverage-qualified-through-final-close-v2"",""worker_threads"":4}",/mnt/main0/home/nclack/tmp/2026-09-07-chucky-microscopy-pr/worktree/build-microscopy-final-20260916/run-3702747/discard/study.json,363691c97757923678c6,230f52a729ee4cc774c5,4ac0ec78efd624af,sample,2,2,0,0,"[""reef-l40-final-discard-3702747/execution-0021"",""reef-l40-final-discard-3702747/execution-0165""]",4.402352152234894,4.400900728785024,4.403803575684763,68719476736,55178297344,1.2454077063592548,0.8029499053955078,862160896.0,7.26644568,7.2712390220000005,0.004181403130876636,34359738368,34359738368,false,true,,true,true,true,0.270578623812348,measured_shard_write_bytes_per_logical_byte,23,"[16384,65536,262144]",[],f717dfb681c3e071add1,,false
reef-l40-filesystem-screen-3689339,retained_study,historical,complete,bbbc022-mito,1,1eff677d3f7d6785bdc8e65079613d6ba2c801a19f33503517a12b8df54affc7,reef-l40,cw-us-e4a2-l40-202-211,gpu,8,4,fs,nfs,16,blosc-zstd,3,bit,u16,"[4,128,256]",262144,"[16384,128,256]",1073741824,16,15,65536,65536,32,4,3.0,2.0,32.0,false,,"{""allocated_cpus"":8,""arrival_bytes_per_s"":null,""backend"":""gpu"",""chunk_depth"":4,""completion_pause_ms"":null,""data_issue"":null,""dataset_version"":1,""dtype"":""u16"",""hostname"":""cw-us-e4a2-l40-202-211"",""input_id"":""bbbc022-mito"",""input_sha256"":""1eff677d3f7d6785bdc8e65079613d6ba2c801a19f33503517a12b8df54affc7"",""io_workers"":32,""logical_spatial_shape"":[520,696],""memory_budget_bytes"":0,""minimum_logical_gib"":32.0,""nconnect"":16,""output_buffers"":4,""requested_duration_s"":3.0,""requested_warmup_s"":2.0,""sink"":""fs"",""source_order"":""cyclic"",""storage_type"":""nfs"",""study_id"":""reef-l40-filesystem-screen-3689339"",""timing_policy"":""coverage-qualified-through-final-close-v2"",""worker_threads"":4}",/mnt/main0/home/nclack/tmp/2026-09-07-chucky-microscopy-pr/worktree/build-microscopy-fs-pareto-20260914/run-3689339/study.json,3c722800597f2c8a4c86,29b18a9b07273621ee7f,02d08e0342f338b3,sample,3,3,0,0,"[""reef-l40-filesystem-screen-3689339/execution-0005"",""reef-l40-filesystem-screen-3689339/execution-0113"",""reef-l40-filesystem-screen-3689339/execution-0252""]",4.19904775527825,3.901870399016299,4.267686351130427,103082054400,54661369856,1.8858300600873987,0.5302704740816652,569373586.0537919,7.498414499,8.201420619,0.00836727951067086,34360684800,34360684800,true,true,,true,true,true,2.297148824002105,measured_shard_write_bytes_per_logical_byte,23,"[16384,65536,262144]","[""0220487a09a502ee14ae""]",0220487a09a502ee14ae,,false
reef-l40-microscopy-workers-3708541,retained_study,historical_worker_comparison_with_withdrawn_repeated_plane_cases,complete,bbbc022-mito,1,1eff677d3f7d6785bdc8e65079613d6ba2c801a19f33503517a12b8df54affc7,reef-l40,cw-us-e4a2-l40-234-083,gpu,8,4,discard,discard,,blosc-zstd,3,bit,u16,"[4,128,256]",262144,"[16384,128,256]",1073741824,16,15,65536,65536,32,4,3.0,2.0,32.0,false,,"{""allocated_cpus"":8,""arrival_bytes_per_s"":null,""backend"":""gpu"",""chunk_depth"":4,""completion_pause_ms"":null,""data_issue"":null,""dataset_version"":1,""dtype"":""u16"",""hostname"":""cw-us-e4a2-l40-234-083"",""input_id"":""bbbc022-mito"",""input_sha256"":""1eff677d3f7d6785bdc8e65079613d6ba2c801a19f33503517a12b8df54affc7"",""io_workers"":32,""logical_spatial_shape"":[520,696],""memory_budget_bytes"":0,""minimum_logical_gib"":32.0,""nconnect"":null,""output_buffers"":4,""requested_duration_s"":3.0,""requested_warmup_s"":2.0,""sink"":""discard"",""source_order"":""cyclic"",""storage_type"":""discard"",""study_id"":""reef-l40-microscopy-workers-3708541"",""timing_policy"":""coverage-qualified-through-final-close-v2"",""worker_threads"":4}",/mnt/main0/home/nclack/tmp/2026-09-07-chucky-microscopy-pr/worktree/build-microscopy-cpu-scaling-20260916/l40-3708541/study.json,0e6fcaeefe087a90745b,2ec1ead07fd3713dedab,c8f51db61ea56aac,sample,3,3,0,0,"[""reef-l40-microscopy-workers-3708541/execution-0013"",""reef-l40-microscopy-workers-3708541/execution-0062"",""reef-l40-microscopy-workers-3708541/execution-0084""]",4.314144850834549,4.314028703521267,4.314979648387912,103082054400,54661316608,1.8858318971576573,0.5302699575223057,569373031.402403,7.4162303970000005,7.417864982,0.003948971249880557,34360684800,34360684800,true,true,,true,true,true,1.1201066890956242,measured_shard_write_bytes_per_logical_byte,3,"[16384,65536,262144]",[],e37f48df3378163d9733,,false
reef-l40-final-confirmation-3704091,retained_study,partially_selected_in_current_report,complete,cosem-cos7-em,2,38fa12d66991e8f677a2f1c36de79d1c071a268944e690f572f4e265f59eacb2,reef-l40,cw-us-e4a2-l40-202-189,cpu,8,4,fs,nfs,16,zstd,3,none,u8,"[4,256,256]",262144,"[16384,256,256]",1073741824,16,16,,,32,4,3.0,2.0,32.0,false,,"{""allocated_cpus"":8,""arrival_bytes_per_s"":null,""backend"":""cpu"",""chunk_depth"":4,""completion_pause_ms"":null,""data_issue"":null,""dataset_version"":2,""dtype"":""u8"",""hostname"":""cw-us-e4a2-l40-202-189"",""input_id"":""cosem-cos7-em"",""input_sha256"":""38fa12d66991e8f677a2f1c36de79d1c071a268944e690f572f4e265f59eacb2"",""io_workers"":32,""logical_spatial_shape"":[1024,1024],""memory_budget_bytes"":0,""minimum_logical_gib"":32.0,""nconnect"":16,""output_buffers"":4,""requested_duration_s"":3.0,""requested_warmup_s"":2.0,""sink"":""fs"",""source_order"":""cyclic"",""storage_type"":""nfs"",""study_id"":""reef-l40-final-confirmation-3704091"",""timing_policy"":""coverage-qualified-through-final-close-v2"",""worker_threads"":4}",/mnt/main0/home/nclack/tmp/2026-09-07-chucky-microscopy-pr/worktree/build-microscopy-confirmation-3rounds-20260916/run-3704091/confirmation/study.json,bc9c5ce8e3476d23dd62,32b83351dce40fe0e8c1,893262eaba3ab7e6,sample,3,3,0,0,"[""reef-l40-final-confirmation-3704091/execution-0051"",""reef-l40-final-confirmation-3704091/execution-0109"",""reef-l40-final-confirmation-3704091/execution-0220""]",1.120175005466186,1.1092626409496111,1.1282985032690631,103079215104,82616451072,1.2476838906353742,0.8014850616455078,860588032.0,28.361289599000003,28.847991492000002,0.0011865296760605409,34359738368,34359738368,false,true,,true,true,true,0.23280610066478546,measured_shard_write_bytes_per_logical_byte,7,"[16384,65536,262144]",[],08ee5f3bc12f59794c04,,false
reef-l40-final-confirmation-3704091,retained_study,partially_selected_in_current_report,complete,cosem-cos7-em,2,38fa12d66991e8f677a2f1c36de79d1c071a268944e690f572f4e265f59eacb2,reef-l40,cw-us-e4a2-l40-202-189,cpu,8,4,discard,discard,,zstd,3,none,u8,"[4,256,256]",262144,"[16384,256,256]",1073741824,16,16,,,32,4,3.0,2.0,32.0,false,,"{""allocated_cpus"":8,""arrival_bytes_per_s"":null,""backend"":""cpu"",""chunk_depth"":4,""completion_pause_ms"":null,""data_issue"":null,""dataset_version"":2,""dtype"":""u8"",""hostname"":""cw-us-e4a2-l40-202-189"",""input_id"":""cosem-cos7-em"",""input_sha256"":""38fa12d66991e8f677a2f1c36de79d1c071a268944e690f572f4e265f59eacb2"",""io_workers"":32,""logical_spatial_shape"":[1024,1024],""memory_budget_bytes"":0,""minimum_logical_gib"":32.0,""nconnect"":null,""output_buffers"":4,""requested_duration_s"":3.0,""requested_warmup_s"":2.0,""sink"":""discard"",""source_order"":""cyclic"",""storage_type"":""discard"",""study_id"":""reef-l40-final-confirmation-3704091"",""timing_policy"":""coverage-qualified-through-final-close-v2"",""worker_threads"":4}",/mnt/main0/home/nclack/tmp/2026-09-07-chucky-microscopy-pr/worktree/build-microscopy-confirmation-3rounds-20260916/run-3704091/confirmation/study.json,c8dfeff27b029f7193bc,3420d65f1b3d535cd55e,4c8a43e40fbacf4c,sample,3,3,0,0,"[""reef-l40-final-confirmation-3704091/execution-0052"",""reef-l40-final-confirmation-3704091/execution-0110"",""reef-l40-final-confirmation-3704091/execution-0219""]",1.4897454521119213,1.4735142027648718,1.4910161815843668,103079215104,82616451072,1.2476838906353742,0.8014850616455078,860588032.0,21.461872853000003,21.716792063000003,0.00011420103067367658,34359738368,34359738368,false,true,,true,true,true,0.23280610066478546,measured_shard_write_bytes_per_logical_byte,7,"[16384,65536,262144]",[],42e6846889f98859a369,,false
reef-l40-final-transfer-3702747,retained_study,partially_selected_in_current_report,complete,dynacell-a549-phase,1,920cadc14fb62b66fa23671f25c599904db55815e24e19705b6dc01fdfea1f79,reef-l40,cw-us-e4a2-l40-234-163,gpu,8,4,discard,discard,,blosc-lz4,3,bit,f32,"[1,64,64]",16384,"[16384,128,128]",1073741824,16,16,4096,4096,32,4,3.0,2.0,32.0,false,,"{""allocated_cpus"":8,""arrival_bytes_per_s"":null,""backend"":""gpu"",""chunk_depth"":1,""completion_pause_ms"":null,""data_issue"":null,""dataset_version"":1,""dtype"":""f32"",""hostname"":""cw-us-e4a2-l40-234-163"",""input_id"":""dynacell-a549-phase"",""input_sha256"":""920cadc14fb62b66fa23671f25c599904db55815e24e19705b6dc01fdfea1f79"",""io_workers"":32,""logical_spatial_shape"":[512,512],""memory_budget_bytes"":0,""minimum_logical_gib"":32.0,""nconnect"":null,""output_buffers"":4,""requested_duration_s"":3.0,""requested_warmup_s"":2.0,""sink"":""discard"",""source_order"":""cyclic"",""storage_type"":""discard"",""study_id"":""reef-l40-final-transfer-3702747"",""timing_policy"":""coverage-qualified-through-final-close-v2"",""worker_threads"":4}",/mnt/main0/home/nclack/tmp/2026-09-07-chucky-microscopy-pr/worktree/build-microscopy-final-20260916/run-3702747/transfer/study.json,284c1b74459955cdaf17,3750344b5440e2f1e6af,be7b3a86017d693a,sample,2,2,0,0,"[""reef-l40-final-transfer-3702747/execution-0035"",""reef-l40-final-transfer-3702747/execution-0121""]",16.1999166441288,16.020378043839404,16.37945524441819,106078142464,95257661440,1.113591713888709,0.8979951875790795,964214990.654383,3.048788852,3.049582829,0.015849541700549516,52458160128,53619982336,false,true,,true,true,true,4.917733790418943,measured_shard_write_bytes_per_logical_byte,5,"[16384,65536,262144]",[],,7d351095d2e324cb90d4,true
reef-turin-microscopy-workers-3708278,retained_study,historical_worker_comparison_with_withdrawn_repeated_plane_cases,complete,opencell-dna,1,8b9c2466422678b7b32a0617e504d7d59a6ef7898448cbd938b811c415df0d14,reef-turin,cpu-turin-gp-l-243-179,cpu,40,32,fs,nfs,16,blosc-lz4,3,bit,u16,"[4,32,64]",16384,"[16384,128,256]",1073741824,16,15,16384,,32,4,3.0,2.0,32.0,false,,"{""allocated_cpus"":40,""arrival_bytes_per_s"":null,""backend"":""cpu"",""chunk_depth"":4,""completion_pause_ms"":null,""data_issue"":null,""dataset_version"":1,""dtype"":""u16"",""hostname"":""cpu-turin-gp-l-243-179"",""input_id"":""opencell-dna"",""input_sha256"":""8b9c2466422678b7b32a0617e504d7d59a6ef7898448cbd938b811c415df0d14"",""io_workers"":32,""logical_spatial_shape"":[600,600],""memory_budget_bytes"":0,""minimum_logical_gib"":32.0,""nconnect"":16,""output_buffers"":4,""requested_duration_s"":3.0,""requested_warmup_s"":2.0,""sink"":""fs"",""source_order"":""cyclic"",""storage_type"":""nfs"",""study_id"":""reef-turin-microscopy-workers-3708278"",""timing_policy"":""coverage-qualified-through-final-close-v2"",""worker_threads"":32}",/mnt/main0/home/nclack/tmp/2026-09-07-chucky-microscopy-pr/worktree/build-microscopy-cpu-scaling-20260916/turin-3708278/study.json,9db8349f6982776df052,38b611c2f557bfe2f1df,6049262e250518e5,sample,3,3,0,0,"[""reef-turin-microscopy-workers-3708278/execution-0022"",""reef-turin-microscopy-workers-3708278/execution-0066"",""reef-turin-microscopy-workers-3708278/execution-0098""]",5.943705508635109,5.274599529953272,6.474035520022172,103083840000,75121295360,1.3722319284564584,0.7287397846257958,782478385.5654691,4.943042575000001,6.067083184,0.01974106920370848,34361280000,34361280000,false,true,,true,true,true,7.787990512623809,measured_shard_write_bytes_per_logical_byte,3,"[16384,65536,262144]",[],,73fca214673418a549ec,true
reef-turin-microscopy-pareto-core-3710982,retained_study,partially_selected_in_current_report,complete,bbbc022-mito,1,1eff677d3f7d6785bdc8e65079613d6ba2c801a19f33503517a12b8df54affc7,reef-turin,cpu-turin-gp-l-243-179,cpu,40,32,discard,discard,,blosc-zstd,3,bit,u16,"[4,64,128]",65536,"[16384,128,256]",1073741824,16,15,65536,,32,4,3.0,2.0,32.0,true,,"{""allocated_cpus"":40,""arrival_bytes_per_s"":null,""backend"":""cpu"",""chunk_depth"":4,""completion_pause_ms"":null,""data_issue"":null,""dataset_version"":1,""dtype"":""u16"",""hostname"":""cpu-turin-gp-l-243-179"",""input_id"":""bbbc022-mito"",""input_sha256"":""1eff677d3f7d6785bdc8e65079613d6ba2c801a19f33503517a12b8df54affc7"",""io_workers"":32,""logical_spatial_shape"":[520,696],""memory_budget_bytes"":0,""minimum_logical_gib"":32.0,""nconnect"":null,""output_buffers"":4,""requested_duration_s"":3.0,""requested_warmup_s"":2.0,""sink"":""discard"",""source_order"":""cyclic"",""storage_type"":""discard"",""study_id"":""reef-turin-microscopy-pareto-core-3710982"",""timing_policy"":""coverage-qualified-through-final-close-v2"",""worker_threads"":32}",/mnt/main0/home/nclack/tmp/2026-09-07-chucky-microscopy-pr/worktree/build-microscopy-unified-corrected-20260916/turin-3710982/core/study.json,01800c190ec5b68e09c4,3a64046ea9492a417cde,91edc4a0d153e94d,sample,3,3,0,0,"[""reef-turin-microscopy-pareto-core-3710982/execution-0035"",""reef-turin-microscopy-pareto-core-3710982/execution-0060"",""reef-turin-microscopy-pareto-core-3710982/execution-0140""]",6.89143825008612,6.819665641613345,7.0318726143145405,103082054400,54602956800,1.887847480083716,0.5297038084642597,568765133.4801608,4.550833634000001,4.692441282,0.0024509250579019975,34360684800,34360684800,true,true,,true,true,true,0.07652053693949533,measured_shard_write_bytes_per_logical_byte,14,"[16384,65536,262144]",[],83e7d4ed6ebd162a926d,160b37ea9c54000e5c2b,true
reef-l40-final-transfer-3702747,retained_study,partially_selected_in_current_report,complete,dynacell-a549-phase,1,920cadc14fb62b66fa23671f25c599904db55815e24e19705b6dc01fdfea1f79,reef-l40,cw-us-e4a2-l40-234-163,gpu,8,4,fs,nfs,16,blosc-lz4,3,bit,f32,"[1,64,64]",16384,"[16384,128,128]",1073741824,16,16,4096,4096,32,4,3.0,2.0,32.0,false,,"{""allocated_cpus"":8,""arrival_bytes_per_s"":null,""backend"":""gpu"",""chunk_depth"":1,""completion_pause_ms"":null,""data_issue"":null,""dataset_version"":1,""dtype"":""f32"",""hostname"":""cw-us-e4a2-l40-234-163"",""input_id"":""dynacell-a549-phase"",""input_sha256"":""920cadc14fb62b66fa23671f25c599904db55815e24e19705b6dc01fdfea1f79"",""io_workers"":32,""logical_spatial_shape"":[512,512],""memory_budget_bytes"":0,""minimum_logical_gib"":32.0,""nconnect"":16,""output_buffers"":4,""requested_duration_s"":3.0,""requested_warmup_s"":2.0,""sink"":""fs"",""source_order"":""cyclic"",""storage_type"":""nfs"",""study_id"":""reef-l40-final-transfer-3702747"",""timing_policy"":""coverage-qualified-through-final-close-v2"",""worker_threads"":4}",/mnt/main0/home/nclack/tmp/2026-09-07-chucky-microscopy-pr/worktree/build-microscopy-final-20260916/run-3702747/transfer/study.json,ef779d1d334047c8b39e,3af07a087890f80a4c72,89f798d779956536,sample,2,2,0,0,"[""reef-l40-final-transfer-3702747/execution-0036"",""reef-l40-final-transfer-3702747/execution-0122""]",5.459877131293572,5.065152706207927,5.854601556379216,68719476736,61723508736,1.1133436537109827,0.8981952667236328,964429824.0,5.465785975,6.317677004,0.01711164620894344,34359738368,34359738368,false,true,,true,true,true,4.941110141111701,measured_shard_write_bytes_per_logical_byte,5,"[16384,65536,262144]",[],,0534a04628ba2b6b5b9f,true
reef-l40-filesystem-screen-3689339,retained_study,historical,complete,bbbc022-mito,1,1eff677d3f7d6785bdc8e65079613d6ba2c801a19f33503517a12b8df54affc7,reef-l40,cw-us-e4a2-l40-202-211,cpu,8,4,fs,nfs,16,blosc-zstd,3,bit,u16,"[4,64,128]",65536,"[16384,128,256]",1073741824,16,15,65536,,32,4,3.0,2.0,32.0,false,,"{""allocated_cpus"":8,""arrival_bytes_per_s"":null,""backend"":""cpu"",""chunk_depth"":4,""completion_pause_ms"":null,""data_issue"":null,""dataset_version"":1,""dtype"":""u16"",""hostname"":""cw-us-e4a2-l40-202-211"",""input_id"":""bbbc022-mito"",""input_sha256"":""1eff677d3f7d6785bdc8e65079613d6ba2c801a19f33503517a12b8df54affc7"",""io_workers"":32,""logical_spatial_shape"":[520,696],""memory_budget_bytes"":0,""minimum_logical_gib"":32.0,""nconnect"":16,""output_buffers"":4,""requested_duration_s"":3.0,""requested_warmup_s"":2.0,""sink"":""fs"",""source_order"":""cyclic"",""storage_type"":""nfs"",""study_id"":""reef-l40-filesystem-screen-3689339"",""timing_policy"":""coverage-qualified-through-final-close-v2"",""worker_threads"":4}",/mnt/main0/home/nclack/tmp/2026-09-07-chucky-microscopy-pr/worktree/build-microscopy-fs-pareto-20260914/run-3689339/study.json,0b8addbfb7444403079e,3bf812c0143b59a3f1fb,3be437f36b5a6979,sample,3,3,0,0,"[""reef-l40-filesystem-screen-3689339/execution-0084"",""reef-l40-filesystem-screen-3689339/execution-0181"",""reef-l40-filesystem-screen-3689339/execution-0237""]",0.6473685491206719,0.6472538253032186,0.6592260862685795,103082054400,54602997760,1.8878460639300987,0.5297042058176132,568765560.1350754,48.543106203,49.4410103,0.0017131671725378898,34360684800,34360684800,true,true,,true,true,true,0.08005166909944762,measured_shard_write_bytes_per_logical_byte,23,"[16384,65536,262144]",[],2d8ddfc43e8481432596,cf18dcb52bbc57e2b731,true
reef-l40-final-transfer-3702747,retained_study,partially_selected_in_current_report,complete,opencell-dna,1,8b9c2466422678b7b32a0617e504d7d59a6ef7898448cbd938b811c415df0d14,reef-l40,cw-us-e4a2-l40-234-163,gpu,8,4,fs,nfs,16,blosc-zstd,3,bit,u16,"[1,256,512]",262144,"[4096,256,512]",1073741824,16,6,65536,65536,32,4,3.0,2.0,32.0,true,,"{""allocated_cpus"":8,""arrival_bytes_per_s"":null,""backend"":""gpu"",""chunk_depth"":1,""completion_pause_ms"":null,""data_issue"":null,""dataset_version"":1,""dtype"":""u16"",""hostname"":""cw-us-e4a2-l40-234-163"",""input_id"":""opencell-dna"",""input_sha256"":""8b9c2466422678b7b32a0617e504d7d59a6ef7898448cbd938b811c415df0d14"",""io_workers"":32,""logical_spatial_shape"":[600,600],""memory_budget_bytes"":0,""minimum_logical_gib"":32.0,""nconnect"":16,""output_buffers"":4,""requested_duration_s"":3.0,""requested_warmup_s"":2.0,""sink"":""fs"",""source_order"":""cyclic"",""storage_type"":""nfs"",""study_id"":""reef-l40-final-transfer-3702747"",""timing_policy"":""coverage-qualified-through-final-close-v2"",""worker_threads"":4}",/mnt/main0/home/nclack/tmp/2026-09-07-chucky-microscopy-pr/worktree/build-microscopy-final-20260916/run-3702747/transfer/study.json,54b649a028fdd4e36285,3c186de5de77c708f2fe,8c5b179daaff1b94,sample,2,2,0,0,"[""reef-l40-final-transfer-3702747/execution-0024"",""reef-l40-final-transfer-3702747/execution-0138""]",3.4628780282931384,3.390803067815166,3.534952988771111,68722560000,46213668864,1.4870613324867226,0.6724672198474562,722056179.2192166,9.052859902000002,9.437715744,0.005136669854989422,34361280000,34361280000,false,true,,true,true,true,0.0,measured_shard_write_bytes_per_logical_byte,5,"[16384,65536,262144]",[],,,false
reef-l40-final-refinement-3704091,retained_study,partially_selected_in_current_report,complete,dynacell-a549-phase,1,920cadc14fb62b66fa23671f25c599904db55815e24e19705b6dc01fdfea1f79,reef-l40,cw-us-e4a2-l40-202-189,gpu,8,4,fs,nfs,16,blosc-lz4,3,bit,f32,"[1,64,64]",16384,"[16384,128,128]",1073741824,16,16,4096,4096,32,4,3.0,2.0,32.0,true,,"{""allocated_cpus"":8,""arrival_bytes_per_s"":null,""backend"":""gpu"",""chunk_depth"":1,""completion_pause_ms"":null,""data_issue"":null,""dataset_version"":1,""dtype"":""f32"",""hostname"":""cw-us-e4a2-l40-202-189"",""input_id"":""dynacell-a549-phase"",""input_sha256"":""920cadc14fb62b66fa23671f25c599904db55815e24e19705b6dc01fdfea1f79"",""io_workers"":32,""logical_spatial_shape"":[512,512],""memory_budget_bytes"":0,""minimum_logical_gib"":32.0,""nconnect"":16,""output_buffers"":4,""requested_duration_s"":3.0,""requested_warmup_s"":2.0,""sink"":""fs"",""source_order"":""cyclic"",""storage_type"":""nfs"",""study_id"":""reef-l40-final-refinement-3704091"",""timing_policy"":""coverage-qualified-through-final-close-v2"",""worker_threads"":4}",/mnt/main0/home/nclack/tmp/2026-09-07-chucky-microscopy-pr/worktree/build-microscopy-confirmation-3rounds-20260916/run-3704091/refinement/study.json,785d4e6e284e6c001790,4aa6fec12275e6edf699,89f798d779956536,sample,3,3,0,0,"[""reef-l40-final-refinement-3704091/execution-0012"",""reef-l40-final-refinement-3704091/execution-0021"",""reef-l40-final-refinement-3704091/execution-0038""]",5.150132297481122,4.214837338766523,6.752423071616836,103079215104,92585263104,1.1133436537109827,0.8981952667236328,964429824.0,4.73903926,7.5922263690000005,0.015401951665294757,34359738368,34359738368,false,true,,true,true,true,4.941110141111701,measured_shard_write_bytes_per_logical_byte,8,"[16384,65536,131072,262144]","[""8886f9e4d185379dbe48"",""f2238bb38b93e3cc5245""]",,f2238bb38b93e3cc5245,true
reef-l40-final-transfer-3702747,retained_study,partially_selected_in_current_report,complete,opencell-dna,1,8b9c2466422678b7b32a0617e504d7d59a6ef7898448cbd938b811c415df0d14,reef-l40,cw-us-e4a2-l40-234-163,cpu,8,4,fs,nfs,16,blosc-lz4,3,bit,u16,"[1,64,128]",16384,"[16384,128,256]",1073741824,16,15,16384,,32,4,3.0,2.0,32.0,false,,"{""allocated_cpus"":8,""arrival_bytes_per_s"":null,""backend"":""cpu"",""chunk_depth"":1,""completion_pause_ms"":null,""data_issue"":null,""dataset_version"":1,""dtype"":""u16"",""hostname"":""cw-us-e4a2-l40-234-163"",""input_id"":""opencell-dna"",""input_sha256"":""8b9c2466422678b7b32a0617e504d7d59a6ef7898448cbd938b811c415df0d14"",""io_workers"":32,""logical_spatial_shape"":[600,600],""memory_budget_bytes"":0,""minimum_logical_gib"":32.0,""nconnect"":16,""output_buffers"":4,""requested_duration_s"":3.0,""requested_warmup_s"":2.0,""sink"":""fs"",""source_order"":""cyclic"",""storage_type"":""nfs"",""study_id"":""reef-l40-final-transfer-3702747"",""timing_policy"":""coverage-qualified-through-final-close-v2"",""worker_threads"":4}",/mnt/main0/home/nclack/tmp/2026-09-07-chucky-microscopy-pr/worktree/build-microscopy-final-20260916/run-3702747/transfer/study.json,cb4a4c52b1738cab1706,4bda647869cb935d9e65,97ad9594dacff59c,sample,2,2,0,0,"[""reef-l40-final-transfer-3702747/execution-0051"",""reef-l40-final-transfer-3702747/execution-0175""]",1.7842368329471852,1.7698628166627826,1.7986108492315878,68722560000,50212872192,1.3686243586549705,0.7306606766686223,784540927.6912408,17.792306839,18.081307458,0.0036015164981755476,34361280000,34361280000,false,true,,true,true,true,7.92186330609249,measured_shard_write_bytes_per_logical_byte,5,"[16384,65536,262144]",[],,4371e95d413838c7b894,true
reef-l40-filesystem-screen-3689339,retained_study,historical,complete,cosem-cos7-em,2,38fa12d66991e8f677a2f1c36de79d1c071a268944e690f572f4e265f59eacb2,reef-l40,cw-us-e4a2-l40-202-211,gpu,8,4,fs,nfs,16,zstd,3,none,u8,"[4,256,256]",262144,"[16384,256,256]",1073741824,16,16,,,32,4,3.0,2.0,32.0,false,,"{""allocated_cpus"":8,""arrival_bytes_per_s"":null,""backend"":""gpu"",""chunk_depth"":4,""completion_pause_ms"":null,""data_issue"":null,""dataset_version"":2,""dtype"":""u8"",""hostname"":""cw-us-e4a2-l40-202-211"",""input_id"":""cosem-cos7-em"",""input_sha256"":""38fa12d66991e8f677a2f1c36de79d1c071a268944e690f572f4e265f59eacb2"",""io_workers"":32,""logical_spatial_shape"":[1024,1024],""memory_budget_bytes"":0,""minimum_logical_gib"":32.0,""nconnect"":16,""output_buffers"":4,""requested_duration_s"":3.0,""requested_warmup_s"":2.0,""sink"":""fs"",""source_order"":""cyclic"",""storage_type"":""nfs"",""study_id"":""reef-l40-filesystem-screen-3689339"",""timing_policy"":""coverage-qualified-through-final-close-v2"",""worker_threads"":4}",/mnt/main0/home/nclack/tmp/2026-09-07-chucky-microscopy-pr/worktree/build-microscopy-fs-pareto-20260914/run-3689339/study.json,0dc3362842475b053a50,4c65c62c6c5a06b59ce1,5d7b39cb87cd70a1,sample,3,3,0,0,"[""reef-l40-filesystem-screen-3689339/execution-0042"",""reef-l40-filesystem-screen-3689339/execution-0189"",""reef-l40-filesystem-screen-3689339/execution-0213""]",4.2775214342750765,4.257014385416608,4.314082818330481,103079215104,82767446016,1.2454077063592548,0.8029499053955078,862160896.0,7.417567205,7.517005430000001,0.009219558326167126,34359738368,34359738368,false,true,,true,true,true,0.270578623812348,measured_shard_write_bytes_per_logical_byte,23,"[16384,65536,262144]",[],f851d0d735923b14e028,,false
reef-turin-microscopy-pareto-transfer-3710982,retained_study,partially_selected_in_current_report,complete,dynacell-a549-phase,1,920cadc14fb62b66fa23671f25c599904db55815e24e19705b6dc01fdfea1f79,reef-turin,cpu-turin-gp-l-243-179,cpu,40,32,fs,nfs,16,blosc-lz4,3,bit,f32,"[1,64,64]",16384,"[16384,128,128]",1073741824,16,16,4096,,32,4,3.0,2.0,32.0,true,,"{""allocated_cpus"":40,""arrival_bytes_per_s"":null,""backend"":""cpu"",""chunk_depth"":1,""completion_pause_ms"":null,""data_issue"":null,""dataset_version"":1,""dtype"":""f32"",""hostname"":""cpu-turin-gp-l-243-179"",""input_id"":""dynacell-a549-phase"",""input_sha256"":""920cadc14fb62b66fa23671f25c599904db55815e24e19705b6dc01fdfea1f79"",""io_workers"":32,""logical_spatial_shape"":[512,512],""memory_budget_bytes"":0,""minimum_logical_gib"":32.0,""nconnect"":16,""output_buffers"":4,""requested_duration_s"":3.0,""requested_warmup_s"":2.0,""sink"":""fs"",""source_order"":""cyclic"",""storage_type"":""nfs"",""study_id"":""reef-turin-microscopy-pareto-transfer-3710982"",""timing_policy"":""coverage-qualified-through-final-close-v2"",""worker_threads"":32}",/mnt/main0/home/nclack/tmp/2026-09-07-chucky-microscopy-pr/worktree/build-microscopy-unified-corrected-20260916/turin-3710982/transfer/study.json,82fd4b8ee41259ea32b1,4d1b3c942be41d7ac938,8d15411ba812240b,sample,3,3,0,0,"[""reef-turin-microscopy-pareto-transfer-3710982/execution-0082"",""reef-turin-microscopy-pareto-transfer-3710982/execution-0132"",""reef-turin-microscopy-pareto-transfer-3710982/execution-0195""]",4.738254733681757,2.9943107364973653,5.345153744127843,103079215104,90873987072,1.1343093708690224,0.8815937042236328,946604032.0,5.986731756,10.686933958000001,0.014090774973416062,34359738368,34359738368,false,true,,true,true,true,1.6388449856379104,measured_shard_write_bytes_per_logical_byte,10,"[16384,65536,131072,262144]","[""490cb4af04ea1489b21d"",""b2ca9bd6ac828e633217"",""a7b5fd84258d5e91743f"",""3ed56cdd8c47db6d8c0c""]",,b2ca9bd6ac828e633217,true
reef-l40-432380c-20260912-microscopy-256k,regular_sweep,historical,complete,opencell-dna,,8b9c2466422678b7b32a0617e504d7d59a6ef7898448cbd938b811c415df0d14,reef-l40,cw-us-e4a2-l40-202-193,cpu,8,4,discard,discard,,blosc-lz4,3,bit,u16,"[4,128,256]",262144,"[2728,384,512]",1072693248,4,4,16384,,,,1.0,0.25,32.0,false,,"{""allocated_cpus"":8,""arrival_bytes_per_s"":null,""backend"":""cpu"",""chunk_depth"":4,""completion_pause_ms"":null,""data_issue"":null,""dataset_version"":null,""dtype"":""u16"",""hostname"":""cw-us-e4a2-l40-202-193"",""input_id"":""opencell-dna"",""input_sha256"":""8b9c2466422678b7b32a0617e504d7d59a6ef7898448cbd938b811c415df0d14"",""io_workers"":null,""logical_spatial_shape"":[600,600],""memory_budget_bytes"":0,""minimum_logical_gib"":32.0,""nconnect"":null,""output_buffers"":null,""requested_duration_s"":1.0,""requested_warmup_s"":0.25,""sink"":""discard"",""source_order"":""cyclic"",""storage_type"":""discard"",""study_id"":""reef-l40-432380c-20260912-microscopy-256k"",""timing_policy"":""coverage-qualified-through-final-close-v2"",""worker_threads"":4}",/mnt/main0/home/nclack/src/chucky/bench/results/reef-l40-432380c-20260912-microscopy-256k.json,89053f0264b10d94904f,4e2c5197f9c47d2d3b68,microscopy__blosc-lz4__opencell-dna__opencell-dna__core__cpu__u16__256K__shuffle-bit__blosc-block-16384,sample,3,3,0,0,"[""reef-l40-432380c-20260912-microscopy-256k/run-008-repeat-1"",""reef-l40-432380c-20260912-microscopy-256k/run-008-repeat-2"",""reef-l40-432380c-20260912-microscopy-256k/run-008-repeat-3""]",1.98038,1.96018,1.98653,103086000000,75744092160,1.3609774315103496,0.7347660415575344,788949029.6752468,16.1096,16.3261,0.000639141,34362000000,34362000000,true,true,,true,true,true,8.455777236756237,measured_shard_write_bytes_per_logical_byte,5,[262144],[],,,false
reef-l40-microscopy-sinks-3671242,retained_study,historical,complete,bbbc010-brightfield,,98f9957085aca90efdcb07c37ee421ac0b2b458074ff21883b0cfca2fe148f71,reef-l40,cw-us-e4a2-l40-202-211,gpu,8,4,discard,discard,,blosc-zstd,3,bit,u16,"[1,128,256]",65536,"[2730,384,512]",1073479680,4,4,65536,65536,,,3.0,2.0,0.125,false,,"{""allocated_cpus"":8,""arrival_bytes_per_s"":null,""backend"":""gpu"",""chunk_depth"":1,""completion_pause_ms"":null,""data_issue"":null,""dataset_version"":null,""dtype"":""u16"",""hostname"":""cw-us-e4a2-l40-202-211"",""input_id"":""bbbc010-brightfield"",""input_sha256"":""98f9957085aca90efdcb07c37ee421ac0b2b458074ff21883b0cfca2fe148f71"",""io_workers"":null,""logical_spatial_shape"":[520,696],""memory_budget_bytes"":0,""minimum_logical_gib"":0.125,""nconnect"":null,""output_buffers"":null,""requested_duration_s"":3.0,""requested_warmup_s"":2.0,""sink"":""discard"",""source_order"":""cyclic"",""storage_type"":""discard"",""study_id"":""reef-l40-microscopy-sinks-3671242"",""timing_policy"":""coverage-qualified-through-final-close-v2"",""worker_threads"":4}",/mnt/main0/home/nclack/tmp/2026-09-07-chucky-microscopy-pr/worktree/build-microscopy-next-experiment-20260913/run-3671242/study.json,8d80f7683448b0be10e3,50b27e625c4b0ac2e64c,3a104610f35dc0b8,sample,8,8,0,0,"[""reef-l40-microscopy-sinks-3671242/execution-0012"",""reef-l40-microscopy-sinks-3671242/execution-0092"",""reef-l40-microscopy-sinks-3671242/execution-0138"",""reef-l40-microscopy-sinks-3671242/execution-0197"",""reef-l40-microscopy-sinks-3671242/execution-0258"",""reef-l40-microscopy-sinks-3671242/execution-0270"",""reef-l40-microscopy-sinks-3671242/execution-0355"",""reef-l40-microscopy-sinks-3671242/execution-0380""]",6.602697242857731,6.599675565755037,6.613613688243979,171455980800,50439958528,3.399209392783742,0.2941860545934365,315879870.8545201,3.020708639,3.0240237490000004,0.006710840799145825,21429283200,21450998400,false,true,,true,true,true,0.0,measured_shard_write_bytes_per_logical_byte,6,"[16384,65536]",[],,,true
reef-l40-microscopy-sinks-3671242,retained_study,historical,complete,cosem-cos7-em,,bcc34b3a7e3f170c181df84e5419cd28e1995cd9b5c35801fab22bdc28c410cd,reef-l40,cw-us-e4a2-l40-202-211,gpu,8,4,discard,discard,,zstd,3,none,u8,"[1,512,512]",262144,"[4096,512,512]",1073741824,4,1,,,,,3.0,2.0,0.125,false,,"{""allocated_cpus"":8,""arrival_bytes_per_s"":null,""backend"":""gpu"",""chunk_depth"":1,""completion_pause_ms"":null,""data_issue"":null,""dataset_version"":null,""dtype"":""u8"",""hostname"":""cw-us-e4a2-l40-202-211"",""input_id"":""cosem-cos7-em"",""input_sha256"":""bcc34b3a7e3f170c181df84e5419cd28e1995cd9b5c35801fab22bdc28c410cd"",""io_workers"":null,""logical_spatial_shape"":[512,512],""memory_budget_bytes"":0,""minimum_logical_gib"":0.125,""nconnect"":null,""output_buffers"":null,""requested_duration_s"":3.0,""requested_warmup_s"":2.0,""sink"":""discard"",""source_order"":""cyclic"",""storage_type"":""discard"",""study_id"":""reef-l40-microscopy-sinks-3671242"",""timing_policy"":""coverage-qualified-through-final-close-v2"",""worker_threads"":4}",/mnt/main0/home/nclack/tmp/2026-09-07-chucky-microscopy-pr/worktree/build-microscopy-next-experiment-20260913/run-3671242/study.json,6d1ec34ff29a25b51c53,574df6672bae000befd6,1ed1d8c8c094afc4,sample,8,8,0,0,"[""reef-l40-microscopy-sinks-3671242/execution-0031"",""reef-l40-microscopy-sinks-3671242/execution-0072"",""reef-l40-microscopy-sinks-3671242/execution-0126"",""reef-l40-microscopy-sinks-3671242/execution-0176"",""reef-l40-microscopy-sinks-3671242/execution-0225"",""reef-l40-microscopy-sinks-3671242/execution-0293"",""reef-l40-microscopy-sinks-3671242/execution-0320"",""reef-l40-microscopy-sinks-3671242/execution-0363""]",4.681503024810462,4.671014054747647,4.68474999080979,121886474240,99420069888,1.2259745379107976,0.8156776254946662,875827181.3946317,3.028443396,3.0381854110000006,0.008730357581199596,15233712128,15246295040,false,true,,true,true,true,0.0,measured_shard_write_bytes_per_logical_byte,6,"[16384,262144]",[],,,false
reef-l40-final-refinement-3704091,retained_study,partially_selected_in_current_report,complete,dynacell-a549-phase,1,920cadc14fb62b66fa23671f25c599904db55815e24e19705b6dc01fdfea1f79,reef-l40,cw-us-e4a2-l40-202-189,gpu,8,4,discard,discard,,blosc-lz4,3,bit,f32,"[1,64,64]",16384,"[16384,128,128]",1073741824,16,16,4096,4096,32,4,3.0,2.0,32.0,true,,"{""allocated_cpus"":8,""arrival_bytes_per_s"":null,""backend"":""gpu"",""chunk_depth"":1,""completion_pause_ms"":null,""data_issue"":null,""dataset_version"":1,""dtype"":""f32"",""hostname"":""cw-us-e4a2-l40-202-189"",""input_id"":""dynacell-a549-phase"",""input_sha256"":""920cadc14fb62b66fa23671f25c599904db55815e24e19705b6dc01fdfea1f79"",""io_workers"":32,""logical_spatial_shape"":[512,512],""memory_budget_bytes"":0,""minimum_logical_gib"":32.0,""nconnect"":null,""output_buffers"":4,""requested_duration_s"":3.0,""requested_warmup_s"":2.0,""sink"":""discard"",""source_order"":""cyclic"",""storage_type"":""discard"",""study_id"":""reef-l40-final-refinement-3704091"",""timing_policy"":""coverage-qualified-through-final-close-v2"",""worker_threads"":4}",/mnt/main0/home/nclack/tmp/2026-09-07-chucky-microscopy-pr/worktree/build-microscopy-confirmation-3rounds-20260916/run-3704091/refinement/study.json,6d57764e906bec9b64c6,58e8ffa31e5924ee0fbb,be7b3a86017d693a,sample,3,3,0,0,"[""reef-l40-final-refinement-3704091/execution-0011"",""reef-l40-final-refinement-3704091/execution-0022"",""reef-l40-final-refinement-3704091/execution-0037""]",16.582663340482984,16.361107898674664,16.627743446322796,162269233152,145712971776,1.1136224261588146,0.8979704220300868,964188398.8486352,3.048369071,3.049118185,0.015520818193539454,53552873472,54425288704,false,true,,true,true,true,4.914840294649338,measured_shard_write_bytes_per_logical_byte,8,"[16384,65536,131072,262144]",[],,39b2c44d09a9d6ed4098,true
reef-turin-microscopy-workers-3708278,retained_study,historical_worker_comparison_with_withdrawn_repeated_plane_cases,complete,cosem-cos7-em,2,38fa12d66991e8f677a2f1c36de79d1c071a268944e690f572f4e265f59eacb2,reef-turin,cpu-turin-gp-l-243-179,cpu,40,32,discard,discard,,zstd,3,none,u8,"[4,256,256]",262144,"[16384,256,256]",1073741824,16,16,,,32,4,3.0,2.0,32.0,false,,"{""allocated_cpus"":40,""arrival_bytes_per_s"":null,""backend"":""cpu"",""chunk_depth"":4,""completion_pause_ms"":null,""data_issue"":null,""dataset_version"":2,""dtype"":""u8"",""hostname"":""cpu-turin-gp-l-243-179"",""input_id"":""cosem-cos7-em"",""input_sha256"":""38fa12d66991e8f677a2f1c36de79d1c071a268944e690f572f4e265f59eacb2"",""io_workers"":32,""logical_spatial_shape"":[1024,1024],""memory_budget_bytes"":0,""minimum_logical_gib"":32.0,""nconnect"":null,""output_buffers"":4,""requested_duration_s"":3.0,""requested_warmup_s"":2.0,""sink"":""discard"",""source_order"":""cyclic"",""storage_type"":""discard"",""study_id"":""reef-turin-microscopy-workers-3708278"",""timing_policy"":""coverage-qualified-through-final-close-v2"",""worker_threads"":32}",/mnt/main0/home/nclack/tmp/2026-09-07-chucky-microscopy-pr/worktree/build-microscopy-cpu-scaling-20260916/turin-3708278/study.json,b7afd7e93fb2f59186d1,596df50396a46dce1ebf,014a63987ac248f0,sample,3,3,0,0,"[""reef-turin-microscopy-workers-3708278/execution-0028"",""reef-turin-microscopy-workers-3708278/execution-0046"",""reef-turin-microscopy-workers-3708278/execution-0092""]",9.018047516204648,7.863797057495676,9.290663327078457,103079215104,82616451072,1.2476838906353742,0.8014850616455078,860588032.0,3.4443181640000002,4.069281008000001,0.0006096753842163346,34359738368,34359738368,false,true,,true,true,true,0.23280610066478546,measured_shard_write_bytes_per_logical_byte,3,"[16384,65536,262144]","[""53d046fb6cb99ed1093c""]",53d046fb6cb99ed1093c,,false
reef-l40-microscopy-pilot-3667862,retained_study,historical,complete,opencell-dna,,8b9c2466422678b7b32a0617e504d7d59a6ef7898448cbd938b811c415df0d14,reef-l40,cw-us-e4a2-l40-234-199,gpu,8,4,discard,discard,,blosc-zstd,3,bit,u16,"[1,64,128]",16384,"[4369,192,640]",1073725440,4,4,16384,16384,,,1.0,0.25,0.125,false,,"{""allocated_cpus"":8,""arrival_bytes_per_s"":null,""backend"":""gpu"",""chunk_depth"":1,""completion_pause_ms"":null,""data_issue"":null,""dataset_version"":null,""dtype"":""u16"",""hostname"":""cw-us-e4a2-l40-234-199"",""input_id"":""opencell-dna"",""input_sha256"":""8b9c2466422678b7b32a0617e504d7d59a6ef7898448cbd938b811c415df0d14"",""io_workers"":null,""logical_spatial_shape"":[600,600],""memory_budget_bytes"":0,""minimum_logical_gib"":0.125,""nconnect"":null,""output_buffers"":null,""requested_duration_s"":1.0,""requested_warmup_s"":0.25,""sink"":""discard"",""source_order"":""cyclic"",""storage_type"":""discard"",""study_id"":""reef-l40-microscopy-pilot-3667862"",""timing_policy"":""coverage-qualified-through-final-close-v2"",""worker_threads"":4}",/mnt/main0/home/nclack/tmp/2026-09-07-chucky-microscopy-pr/worktree/build-microscopy-study-20260913/pilot-3667862/study.json,3ea2e96a9bed1bf1c07a,5c049d5a8366623e216a,7a4fc3944fb73021,sample,1,1,0,0,"[""reef-l40-microscopy-pilot-3667862/execution-0047""]",2.836380698140732,2.836380698140732,2.836380698140732,5702400000,3840163840,1.4849366427032447,0.6734294051627385,723089317.8346739,1.8723768680000001,1.8723768680000001,0.03742933818385541,5702400000,5702400000,false,true,,true,true,true,1.0842712374215258,measured_shard_write_bytes_per_logical_byte,4,"[16384,262144]",[],,cf673fcea5999e43824f,true
reef-l40-microscopy-discovery-3667908,retained_study,historical,complete,opencell-dna,,8b9c2466422678b7b32a0617e504d7d59a6ef7898448cbd938b811c415df0d14,reef-l40,cw-us-e4a2-l40-202-047,cpu,8,4,discard,discard,,blosc-lz4,3,bit,u16,"[1,64,128]",16384,"[4369,192,640]",1073725440,4,4,16384,,,,1.0,1.0,0.125,false,,"{""allocated_cpus"":8,""arrival_bytes_per_s"":null,""backend"":""cpu"",""chunk_depth"":1,""completion_pause_ms"":null,""data_issue"":null,""dataset_version"":null,""dtype"":""u16"",""hostname"":""cw-us-e4a2-l40-202-047"",""input_id"":""opencell-dna"",""input_sha256"":""8b9c2466422678b7b32a0617e504d7d59a6ef7898448cbd938b811c415df0d14"",""io_workers"":null,""logical_spatial_shape"":[600,600],""memory_budget_bytes"":0,""minimum_logical_gib"":0.125,""nconnect"":null,""output_buffers"":null,""requested_duration_s"":1.0,""requested_warmup_s"":1.0,""sink"":""discard"",""source_order"":""cyclic"",""storage_type"":""discard"",""study_id"":""reef-l40-microscopy-discovery-3667908"",""timing_policy"":""coverage-qualified-through-final-close-v2"",""worker_threads"":4}",/mnt/main0/home/nclack/tmp/2026-09-07-chucky-microscopy-pr/worktree/build-microscopy-study-20260913/discovery-3667908/study.json,c2431a89a05ea78e8e25,5c8b4afe35cf1e7b247d,d97ce0faf9bf88c0,sample,3,3,0,0,"[""reef-l40-microscopy-discovery-3667908/execution-0043"",""reef-l40-microscopy-discovery-3667908/execution-0059"",""reef-l40-microscopy-discovery-3667908/execution-0070""]",2.289228023577937,2.2889243881016097,2.2939884571490436,11560320000,8458706944,1.3666769727966592,0.731701799258152,785658824.55953,1.5486502450000001,1.5993231490000002,0.017149905609458296,3814560000,3931200000,false,true,,true,true,true,9.287661660970077,measured_shard_write_bytes_per_logical_byte,23,"[16384,65536,262144]","[""af2f90ceae7b5c925702""]",,60da70f9b28642aa7c59,true
reef-l40-microscopy-pilot-3667862,retained_study,historical,complete,bbbc010-brightfield,,98f9957085aca90efdcb07c37ee421ac0b2b458074ff21883b0cfca2fe148f71,reef-l40,cw-us-e4a2-l40-234-199,cpu,8,4,discard,discard,,blosc-zstd,3,bit,u16,"[1,64,128]",16384,"[4369,320,384]",1073725440,4,4,16384,,,,1.0,1.0,0.125,false,,"{""allocated_cpus"":8,""arrival_bytes_per_s"":null,""backend"":""cpu"",""chunk_depth"":1,""completion_pause_ms"":null,""data_issue"":null,""dataset_version"":null,""dtype"":""u16"",""hostname"":""cw-us-e4a2-l40-234-199"",""input_id"":""bbbc010-brightfield"",""input_sha256"":""98f9957085aca90efdcb07c37ee421ac0b2b458074ff21883b0cfca2fe148f71"",""io_workers"":null,""logical_spatial_shape"":[520,696],""memory_budget_bytes"":0,""minimum_logical_gib"":0.125,""nconnect"":null,""output_buffers"":null,""requested_duration_s"":1.0,""requested_warmup_s"":1.0,""sink"":""discard"",""source_order"":""cyclic"",""storage_type"":""discard"",""study_id"":""reef-l40-microscopy-pilot-3667862"",""timing_policy"":""coverage-qualified-through-final-close-v2"",""worker_threads"":4}",/mnt/main0/home/nclack/tmp/2026-09-07-chucky-microscopy-pr/worktree/build-microscopy-study-20260913/pilot-3667862/study.json,21c9830f2906ae04ac09,624d6b921b6fa53471a1,c90ba57c92009ee3,sample,1,1,0,0,"[""reef-l40-microscopy-pilot-3667862/execution-0022""]",0.7210416374899087,0.7210416374899087,0.7210416374899087,5501184000,1616584704,3.402966752306967,0.293861231327656,315531094.5286433,7.105521658,7.105521658,0.0015883671239384745,5501184000,5501184000,false,true,,true,true,true,0.24029381939795552,measured_shard_write_bytes_per_logical_byte,4,"[16384,262144]",[],,aca921b13b72e9ddced3,true
reef-l40-microscopy-pilot-3667862,retained_study,historical,complete,cosem-cos7-em,,bcc34b3a7e3f170c181df84e5419cd28e1995cd9b5c35801fab22bdc28c410cd,reef-l40,cw-us-e4a2-l40-234-199,gpu,8,4,discard,discard,,zstd,3,none,u8,"[1,128,128]",16384,"[16384,256,256]",1073741824,4,4,,,,,1.0,0.25,0.125,false,,"{""allocated_cpus"":8,""arrival_bytes_per_s"":null,""backend"":""gpu"",""chunk_depth"":1,""completion_pause_ms"":null,""data_issue"":null,""dataset_version"":null,""dtype"":""u8"",""hostname"":""cw-us-e4a2-l40-234-199"",""input_id"":""cosem-cos7-em"",""input_sha256"":""bcc34b3a7e3f170c181df84e5419cd28e1995cd9b5c35801fab22bdc28c410cd"",""io_workers"":null,""logical_spatial_shape"":[512,512],""memory_budget_bytes"":0,""minimum_logical_gib"":0.125,""nconnect"":null,""output_buffers"":null,""requested_duration_s"":1.0,""requested_warmup_s"":0.25,""sink"":""discard"",""source_order"":""cyclic"",""storage_type"":""discard"",""study_id"":""reef-l40-microscopy-pilot-3667862"",""timing_policy"":""coverage-qualified-through-final-close-v2"",""worker_threads"":4}",/mnt/main0/home/nclack/tmp/2026-09-07-chucky-microscopy-pr/worktree/build-microscopy-study-20260913/pilot-3667862/study.json,38953a32ed34a8591b05,63ead95382262778ffcd,2cd612027bb93555,sample,1,1,0,0,"[""reef-l40-microscopy-pilot-3667862/execution-0034""]",2.0833898194793155,2.0833898194793155,2.0833898194793155,8057257984,6600445952,1.220714182434684,0.8191925795484123,879601334.5715773,3.601777314,3.601777314,0.022773020053510173,8057257984,8057257984,false,true,,true,true,true,0.0,measured_shard_write_bytes_per_logical_byte,4,"[16384,262144]",[],,,true
reef-turin-microscopy-pareto-transfer-3710982,retained_study,partially_selected_in_current_report,complete,bbbc010-brightfield,1,98f9957085aca90efdcb07c37ee421ac0b2b458074ff21883b0cfca2fe148f71,reef-turin,cpu-turin-gp-l-243-179,cpu,40,32,fs,nfs,16,blosc-zstd,3,bit,u16,"[1,128,256]",65536,"[16384,128,256]",1073741824,16,15,65536,,32,4,3.0,2.0,32.0,true,,"{""allocated_cpus"":40,""arrival_bytes_per_s"":null,""backend"":""cpu"",""chunk_depth"":1,""completion_pause_ms"":null,""data_issue"":null,""dataset_version"":1,""dtype"":""u16"",""hostname"":""cpu-turin-gp-l-243-179"",""input_id"":""bbbc010-brightfield"",""input_sha256"":""98f9957085aca90efdcb07c37ee421ac0b2b458074ff21883b0cfca2fe148f71"",""io_workers"":32,""logical_spatial_shape"":[520,696],""memory_budget_bytes"":0,""minimum_logical_gib"":32.0,""nconnect"":16,""output_buffers"":4,""requested_duration_s"":3.0,""requested_warmup_s"":2.0,""sink"":""fs"",""source_order"":""cyclic"",""storage_type"":""nfs"",""study_id"":""reef-turin-microscopy-pareto-transfer-3710982"",""timing_policy"":""coverage-qualified-through-final-close-v2"",""worker_threads"":32}",/mnt/main0/home/nclack/tmp/2026-09-07-chucky-microscopy-pr/worktree/build-microscopy-unified-corrected-20260916/turin-3710982/transfer/study.json,40f4c4355b56d83cd951,642cee45065213ddaed8,29aaec91f2e0be2c,sample,3,3,0,0,"[""reef-turin-microscopy-pareto-transfer-3710982/execution-0037"",""reef-turin-microscopy-pareto-transfer-3710982/execution-0108"",""reef-turin-microscopy-pareto-transfer-3710982/execution-0203""]",5.6015768681300075,5.109222859601763,5.654218644395044,103082054400,30333558784,3.398284228172151,0.2942661451652248,315965867.4511573,5.659647123,6.263355936000001,0.014610718336829427,34360684800,34360684800,false,true,,true,true,true,0.0,measured_shard_write_bytes_per_logical_byte,8,"[16384,65536]",[],,,true
reef-l40-final-transfer-3702747,retained_study,partially_selected_in_current_report,complete,jump-scope-fluorescence,1,68c0bbe90a5c54a24f1b2f0eb320ac7ee78048267eebc09ca8add8309e083982,reef-l40,cw-us-e4a2-l40-234-163,cpu,8,4,fs,nfs,16,blosc-lz4,3,bit,u16,"[1,64,128]",16384,"[1560,448,768]",1073479680,16,15,16384,,32,4,3.0,2.0,32.0,false,,"{""allocated_cpus"":8,""arrival_bytes_per_s"":null,""backend"":""cpu"",""chunk_depth"":1,""completion_pause_ms"":null,""data_issue"":null,""dataset_version"":1,""dtype"":""u16"",""hostname"":""cw-us-e4a2-l40-234-163"",""input_id"":""jump-scope-fluorescence"",""input_sha256"":""68c0bbe90a5c54a24f1b2f0eb320ac7ee78048267eebc09ca8add8309e083982"",""io_workers"":32,""logical_spatial_shape"":[2000,2000],""memory_budget_bytes"":0,""minimum_logical_gib"":32.0,""nconnect"":16,""output_buffers"":4,""requested_duration_s"":3.0,""requested_warmup_s"":2.0,""sink"":""fs"",""source_order"":""cyclic"",""storage_type"":""nfs"",""study_id"":""reef-l40-final-transfer-3702747"",""timing_policy"":""coverage-qualified-through-final-close-v2"",""worker_threads"":4}",/mnt/main0/home/nclack/tmp/2026-09-07-chucky-microscopy-pr/worktree/build-microscopy-final-20260916/run-3702747/transfer/study.json,8ea17f0708f5e4b41056,6d169521a6548a798774,641f1faea1463660,sample,2,2,0,0,"[""reef-l40-final-transfer-3702747/execution-0105"",""reef-l40-final-transfer-3702747/execution-0203""]",1.8054750654705354,1.7986948973683938,1.812255233572677,68720000000,49533845504,1.3873342418862,0.7208068321303842,773960442.6833405,17.657691722,17.790814279000003,0.0046140086136888464,34360000000,34360000000,false,true,,true,true,true,7.316596998989062,measured_shard_write_bytes_per_logical_byte,5,"[16384,65536,262144]",[],,4a16835982f179622c70,true
reef-l40-final-transfer-3702747,retained_study,partially_selected_in_current_report,complete,bbbc010-brightfield,1,98f9957085aca90efdcb07c37ee421ac0b2b458074ff21883b0cfca2fe148f71,reef-l40,cw-us-e4a2-l40-234-163,gpu,8,4,discard,discard,,blosc-zstd,3,bit,u16,"[1,128,256]",65536,"[16384,128,256]",1073741824,16,15,65536,65536,32,4,3.0,2.0,32.0,true,,"{""allocated_cpus"":8,""arrival_bytes_per_s"":null,""backend"":""gpu"",""chunk_depth"":1,""completion_pause_ms"":null,""data_issue"":null,""dataset_version"":1,""dtype"":""u16"",""hostname"":""cw-us-e4a2-l40-234-163"",""input_id"":""bbbc010-brightfield"",""input_sha256"":""98f9957085aca90efdcb07c37ee421ac0b2b458074ff21883b0cfca2fe148f71"",""io_workers"":32,""logical_spatial_shape"":[520,696],""memory_budget_bytes"":0,""minimum_logical_gib"":32.0,""nconnect"":null,""output_buffers"":4,""requested_duration_s"":3.0,""requested_warmup_s"":2.0,""sink"":""discard"",""source_order"":""cyclic"",""storage_type"":""discard"",""study_id"":""reef-l40-final-transfer-3702747"",""timing_policy"":""coverage-qualified-through-final-close-v2"",""worker_threads"":4}",/mnt/main0/home/nclack/tmp/2026-09-07-chucky-microscopy-pr/worktree/build-microscopy-final-20260916/run-3702747/transfer/study.json,ec3b21577edf1203d0e9,6fe985a5aef2634b595a,3a104610f35dc0b8,sample,2,2,0,0,"[""reef-l40-final-transfer-3702747/execution-0117"",""reef-l40-final-transfer-3702747/execution-0167""]",6.594661850226236,6.5941824138092935,6.595141286643179,68721369600,20236288000,3.3959473990486795,0.29446863643416094,316183290.7956088,4.852190715,4.852896008000001,0.0060226355428991355,34360684800,34360684800,false,true,,true,true,true,0.0,measured_shard_write_bytes_per_logical_byte,5,"[16384,65536]",[],,,true
reef-turin-microscopy-pareto-core-3710982,retained_study,partially_selected_in_current_report,complete,cosem-cos7-em,2,38fa12d66991e8f677a2f1c36de79d1c071a268944e690f572f4e265f59eacb2,reef-turin,cpu-turin-gp-l-243-179,cpu,40,32,fs,nfs,16,zstd,3,none,u8,"[4,256,256]",262144,"[16384,256,256]",1073741824,16,16,,,32,4,3.0,2.0,32.0,true,,"{""allocated_cpus"":40,""arrival_bytes_per_s"":null,""backend"":""cpu"",""chunk_depth"":4,""completion_pause_ms"":null,""data_issue"":null,""dataset_version"":2,""dtype"":""u8"",""hostname"":""cpu-turin-gp-l-243-179"",""input_id"":""cosem-cos7-em"",""input_sha256"":""38fa12d66991e8f677a2f1c36de79d1c071a268944e690f572f4e265f59eacb2"",""io_workers"":32,""logical_spatial_shape"":[1024,1024],""memory_budget_bytes"":0,""minimum_logical_gib"":32.0,""nconnect"":16,""output_buffers"":4,""requested_duration_s"":3.0,""requested_warmup_s"":2.0,""sink"":""fs"",""source_order"":""cyclic"",""storage_type"":""nfs"",""study_id"":""reef-turin-microscopy-pareto-core-3710982"",""timing_policy"":""coverage-qualified-through-final-close-v2"",""worker_threads"":32}",/mnt/main0/home/nclack/tmp/2026-09-07-chucky-microscopy-pr/worktree/build-microscopy-unified-corrected-20260916/turin-3710982/core/study.json,dd201c35f97383efb19b,70f48a18352617ca0ad4,6bcd56939def5e3c,sample,3,3,0,0,"[""reef-turin-microscopy-pareto-core-3710982/execution-0044"",""reef-turin-microscopy-pareto-core-3710982/execution-0080"",""reef-turin-microscopy-pareto-core-3710982/execution-0120""]",4.9249852068582465,4.463331027751164,5.177546814863832,103079215104,82616451072,1.2476838906353742,0.8014850616455078,860588032.0,6.180533197,7.169533082,0.011694994523832627,34359738368,34359738368,false,true,,true,true,true,0.23280610066478546,measured_shard_write_bytes_per_logical_byte,11,"[16384,65536,262144]","[""133cbdfc229ab2c16d2d"",""a1e30ff33a6e1dd57dd2""]",133cbdfc229ab2c16d2d,,false
reef-l40-microscopy-discovery-3667908,retained_study,historical,complete,cosem-cos7-em,,bcc34b3a7e3f170c181df84e5419cd28e1995cd9b5c35801fab22bdc28c410cd,reef-l40,cw-us-e4a2-l40-202-047,cpu,8,4,discard,discard,,zstd,3,none,u8,"[1,512,512]",262144,"[4096,512,512]",1073741824,4,1,,,,,1.0,1.0,0.125,false,,"{""allocated_cpus"":8,""arrival_bytes_per_s"":null,""backend"":""cpu"",""chunk_depth"":1,""completion_pause_ms"":null,""data_issue"":null,""dataset_version"":null,""dtype"":""u8"",""hostname"":""cw-us-e4a2-l40-202-047"",""input_id"":""cosem-cos7-em"",""input_sha256"":""bcc34b3a7e3f170c181df84e5419cd28e1995cd9b5c35801fab22bdc28c410cd"",""io_workers"":null,""logical_spatial_shape"":[512,512],""memory_budget_bytes"":0,""minimum_logical_gib"":0.125,""nconnect"":null,""output_buffers"":null,""requested_duration_s"":1.0,""requested_warmup_s"":1.0,""sink"":""discard"",""source_order"":""cyclic"",""storage_type"":""discard"",""study_id"":""reef-l40-microscopy-discovery-3667908"",""timing_policy"":""coverage-qualified-through-final-close-v2"",""worker_threads"":4}",/mnt/main0/home/nclack/tmp/2026-09-07-chucky-microscopy-pr/worktree/build-microscopy-study-20260913/discovery-3667908/study.json,d010d1b8a0f3d04e0f5d,72c6b6c575ad45964344,e7bf11189021bf06,sample,3,3,0,0,"[""reef-l40-microscopy-discovery-3667908/execution-0145"",""reef-l40-microscopy-discovery-3667908/execution-0158"",""reef-l40-microscopy-discovery-3667908/execution-0161""]",3.2988772317051573,3.2894826562402737,3.307645731103249,10670309376,8686706688,1.2283492190130225,0.8141007333431604,874134006.3396226,1.001467614,1.006997202,0.00016229737250054446,3556769792,3556769792,false,true,,true,true,true,0.0,measured_shard_write_bytes_per_logical_byte,23,"[16384,65536,262144]",[],8a37144f459f956cc89e,,false
reef-l40-final-transfer-3702747,retained_study,partially_selected_in_current_report,complete,bbbc010-brightfield,1,98f9957085aca90efdcb07c37ee421ac0b2b458074ff21883b0cfca2fe148f71,reef-l40,cw-us-e4a2-l40-234-163,cpu,8,4,discard,discard,,blosc-zstd,3,bit,u16,"[1,128,256]",65536,"[16384,128,256]",1073741824,16,15,65536,,32,4,3.0,2.0,32.0,false,,"{""allocated_cpus"":8,""arrival_bytes_per_s"":null,""backend"":""cpu"",""chunk_depth"":1,""completion_pause_ms"":null,""data_issue"":null,""dataset_version"":1,""dtype"":""u16"",""hostname"":""cw-us-e4a2-l40-234-163"",""input_id"":""bbbc010-brightfield"",""input_sha256"":""98f9957085aca90efdcb07c37ee421ac0b2b458074ff21883b0cfca2fe148f71"",""io_workers"":32,""logical_spatial_shape"":[520,696],""memory_budget_bytes"":0,""minimum_logical_gib"":32.0,""nconnect"":null,""output_buffers"":4,""requested_duration_s"":3.0,""requested_warmup_s"":2.0,""sink"":""discard"",""source_order"":""cyclic"",""storage_type"":""discard"",""study_id"":""reef-l40-final-transfer-3702747"",""timing_policy"":""coverage-qualified-through-final-close-v2"",""worker_threads"":4}",/mnt/main0/home/nclack/tmp/2026-09-07-chucky-microscopy-pr/worktree/build-microscopy-final-20260916/run-3702747/transfer/study.json,1337f84c610bd18d322c,769f59bf64a039b231a1,a91a1338224cf599,sample,2,2,0,0,"[""reef-l40-final-transfer-3702747/execution-0082"",""reef-l40-final-transfer-3702747/execution-0141""]",0.8604060634473306,0.858907348023892,0.8619047788707692,68721369600,20225007616,3.3978414695693138,0.29430448976383616,316007039.6504108,37.128093117,37.25766249,0.0013270182718285396,34360684800,34360684800,false,true,,true,true,true,0.0,measured_shard_write_bytes_per_logical_byte,5,"[16384,65536]",[],,,true
reef-l40-microscopy-sinks-3671242,retained_study,historical,complete,cosem-cos7-em,,bcc34b3a7e3f170c181df84e5419cd28e1995cd9b5c35801fab22bdc28c410cd,reef-l40,cw-us-e4a2-l40-202-211,cpu,8,4,discard,discard,,zstd,3,none,u8,"[1,512,512]",262144,"[4096,512,512]",1073741824,4,1,,,,,3.0,2.0,0.125,false,,"{""allocated_cpus"":8,""arrival_bytes_per_s"":null,""backend"":""cpu"",""chunk_depth"":1,""completion_pause_ms"":null,""data_issue"":null,""dataset_version"":null,""dtype"":""u8"",""hostname"":""cw-us-e4a2-l40-202-211"",""input_id"":""cosem-cos7-em"",""input_sha256"":""bcc34b3a7e3f170c181df84e5419cd28e1995cd9b5c35801fab22bdc28c410cd"",""io_workers"":null,""logical_spatial_shape"":[512,512],""memory_budget_bytes"":0,""minimum_logical_gib"":0.125,""nconnect"":null,""output_buffers"":null,""requested_duration_s"":3.0,""requested_warmup_s"":2.0,""sink"":""discard"",""source_order"":""cyclic"",""storage_type"":""discard"",""study_id"":""reef-l40-microscopy-sinks-3671242"",""timing_policy"":""coverage-qualified-through-final-close-v2"",""worker_threads"":4}",/mnt/main0/home/nclack/tmp/2026-09-07-chucky-microscopy-pr/worktree/build-microscopy-next-experiment-20260913/run-3671242/study.json,b54d1ca413b9c9cd572a,7c5116fc53bc75836388,e7bf11189021bf06,sample,8,8,0,0,"[""reef-l40-microscopy-sinks-3671242/execution-0030"",""reef-l40-microscopy-sinks-3671242/execution-0058"",""reef-l40-microscopy-sinks-3671242/execution-0132"",""reef-l40-microscopy-sinks-3671242/execution-0181"",""reef-l40-microscopy-sinks-3671242/execution-0227"",""reef-l40-microscopy-sinks-3671242/execution-0306"",""reef-l40-microscopy-sinks-3671242/execution-0358"",""reef-l40-microscopy-sinks-3671242/execution-0368""]",3.3104222297015182,3.295709529324196,3.317139870652601,85496692736,69602320384,1.2283598055971385,0.8140937170390993,874126472.6405023,3.000453718,3.015807641,5.5370983625603514e-05,10670309376,10737418240,false,true,,true,true,true,0.0,measured_shard_write_bytes_per_logical_byte,6,"[16384,262144]",[],,,false
reef-l40-final-transfer-3702747,retained_study,partially_selected_in_current_report,complete,opencell-protein,1,cc711313f4f5758d252af98a03bf5ef9b6120bac7e0fb3bfc053e8d3687e4046,reef-l40,cw-us-e4a2-l40-234-163,gpu,8,4,fs,nfs,16,blosc-zstd,3,bit,u16,"[1,256,512]",262144,"[4096,256,512]",1073741824,16,6,65536,65536,32,4,3.0,2.0,32.0,true,,"{""allocated_cpus"":8,""arrival_bytes_per_s"":null,""backend"":""gpu"",""chunk_depth"":1,""completion_pause_ms"":null,""data_issue"":null,""dataset_version"":1,""dtype"":""u16"",""hostname"":""cw-us-e4a2-l40-234-163"",""input_id"":""opencell-protein"",""input_sha256"":""cc711313f4f5758d252af98a03bf5ef9b6120bac7e0fb3bfc053e8d3687e4046"",""io_workers"":32,""logical_spatial_shape"":[600,600],""memory_budget_bytes"":0,""minimum_logical_gib"":32.0,""nconnect"":16,""output_buffers"":4,""requested_duration_s"":3.0,""requested_warmup_s"":2.0,""sink"":""fs"",""source_order"":""cyclic"",""storage_type"":""nfs"",""study_id"":""reef-l40-final-transfer-3702747"",""timing_policy"":""coverage-qualified-through-final-close-v2"",""worker_threads"":4}",/mnt/main0/home/nclack/tmp/2026-09-07-chucky-microscopy-pr/worktree/build-microscopy-final-20260916/run-3702747/transfer/study.json,2dbd2c124c2126d04610,7d7bad7118e88717a253,08b98b605f460911,sample,2,2,0,0,"[""reef-l40-final-transfer-3702747/execution-0022"",""reef-l40-final-transfer-3702747/execution-0188""]",3.10498877377913,3.0167163229862446,3.193261224572016,68722560000,49279213568,1.394554722452506,0.7170747650844206,769953166.2061173,10.021552868,10.60803638,0.005586485250338202,34361280000,34361280000,false,true,,true,true,true,0.0,measured_shard_write_bytes_per_logical_byte,5,"[16384,65536,262144]",[],,,false
reef-l40-final-transfer-3702747,retained_study,partially_selected_in_current_report,complete,opencell-dna,1,8b9c2466422678b7b32a0617e504d7d59a6ef7898448cbd938b811c415df0d14,reef-l40,cw-us-e4a2-l40-234-163,gpu,8,4,discard,discard,,blosc-zstd,3,bit,u16,"[1,256,512]",262144,"[4096,256,512]",1073741824,16,6,65536,65536,32,4,3.0,2.0,32.0,true,,"{""allocated_cpus"":8,""arrival_bytes_per_s"":null,""backend"":""gpu"",""chunk_depth"":1,""completion_pause_ms"":null,""data_issue"":null,""dataset_version"":1,""dtype"":""u16"",""hostname"":""cw-us-e4a2-l40-234-163"",""input_id"":""opencell-dna"",""input_sha256"":""8b9c2466422678b7b32a0617e504d7d59a6ef7898448cbd938b811c415df0d14"",""io_workers"":32,""logical_spatial_shape"":[600,600],""memory_budget_bytes"":0,""minimum_logical_gib"":32.0,""nconnect"":null,""output_buffers"":4,""requested_duration_s"":3.0,""requested_warmup_s"":2.0,""sink"":""discard"",""source_order"":""cyclic"",""storage_type"":""discard"",""study_id"":""reef-l40-final-transfer-3702747"",""timing_policy"":""coverage-qualified-through-final-close-v2"",""worker_threads"":4}",/mnt/main0/home/nclack/tmp/2026-09-07-chucky-microscopy-pr/worktree/build-microscopy-final-20260916/run-3702747/transfer/study.json,4918482dc7207e871788,7e7bc8f1a79b24cb5fa5,162b2f654cb84c40,sample,2,2,0,0,"[""reef-l40-final-transfer-3702747/execution-0023"",""reef-l40-final-transfer-3702747/execution-0137""]",3.8186305025391363,3.816321918636349,3.820939086441924,68722560000,46214471680,1.487035499958787,0.6724789018336919,722068722.6564252,8.375280366,8.38541316,0.0024344423789636957,34361280000,34361280000,false,true,,true,true,true,0.0,measured_shard_write_bytes_per_logical_byte,5,"[16384,65536,262144]",[],,,false
reef-l40-final-transfer-3702747,retained_study,partially_selected_in_current_report,complete,opencell-protein,1,cc711313f4f5758d252af98a03bf5ef9b6120bac7e0fb3bfc053e8d3687e4046,reef-l40,cw-us-e4a2-l40-234-163,gpu,8,4,discard,discard,,blosc-zstd,3,bit,u16,"[1,256,512]",262144,"[4096,256,512]",1073741824,16,6,65536,65536,32,4,3.0,2.0,32.0,true,,"{""allocated_cpus"":8,""arrival_bytes_per_s"":null,""backend"":""gpu"",""chunk_depth"":1,""completion_pause_ms"":null,""data_issue"":null,""dataset_version"":1,""dtype"":""u16"",""hostname"":""cw-us-e4a2-l40-234-163"",""input_id"":""opencell-protein"",""input_sha256"":""cc711313f4f5758d252af98a03bf5ef9b6120bac7e0fb3bfc053e8d3687e4046"",""io_workers"":32,""logical_spatial_shape"":[600,600],""memory_budget_bytes"":0,""minimum_logical_gib"":32.0,""nconnect"":null,""output_buffers"":4,""requested_duration_s"":3.0,""requested_warmup_s"":2.0,""sink"":""discard"",""source_order"":""cyclic"",""storage_type"":""discard"",""study_id"":""reef-l40-final-transfer-3702747"",""timing_policy"":""coverage-qualified-through-final-close-v2"",""worker_threads"":4}",/mnt/main0/home/nclack/tmp/2026-09-07-chucky-microscopy-pr/worktree/build-microscopy-final-20260916/run-3702747/transfer/study.json,b6828472299c897b98be,819cd6a4c8dbeeb76d11,aa3249d5765153ba,sample,2,2,0,0,"[""reef-l40-final-transfer-3702747/execution-0021"",""reef-l40-final-transfer-3702747/execution-0187""]",3.555522275347604,3.5549544102372788,3.556090140457929,68722560000,49279639552,1.3945426676159793,0.717080963689362,769959821.9074934,8.999051007,9.001925144,0.002525077576200671,34361280000,34361280000,false,true,,true,true,true,0.0,measured_shard_write_bytes_per_logical_byte,5,"[16384,65536,262144]",[],,,false
reef-turin-microscopy-workers-3708278,retained_study,historical_worker_comparison_with_withdrawn_repeated_plane_cases,complete,cosem-cos7-em,2,38fa12d66991e8f677a2f1c36de79d1c071a268944e690f572f4e265f59eacb2,reef-turin,cpu-turin-gp-l-243-179,cpu,40,32,fs,nfs,16,zstd,3,none,u8,"[4,128,128]",65536,"[16384,256,256]",1073741824,16,16,,,32,4,3.0,2.0,32.0,false,,"{""allocated_cpus"":40,""arrival_bytes_per_s"":null,""backend"":""cpu"",""chunk_depth"":4,""completion_pause_ms"":null,""data_issue"":null,""dataset_version"":2,""dtype"":""u8"",""hostname"":""cpu-turin-gp-l-243-179"",""input_id"":""cosem-cos7-em"",""input_sha256"":""38fa12d66991e8f677a2f1c36de79d1c071a268944e690f572f4e265f59eacb2"",""io_workers"":32,""logical_spatial_shape"":[1024,1024],""memory_budget_bytes"":0,""minimum_logical_gib"":32.0,""nconnect"":16,""output_buffers"":4,""requested_duration_s"":3.0,""requested_warmup_s"":2.0,""sink"":""fs"",""source_order"":""cyclic"",""storage_type"":""nfs"",""study_id"":""reef-turin-microscopy-workers-3708278"",""timing_policy"":""coverage-qualified-through-final-close-v2"",""worker_threads"":32}",/mnt/main0/home/nclack/tmp/2026-09-07-chucky-microscopy-pr/worktree/build-microscopy-cpu-scaling-20260916/turin-3708278/study.json,807a8c34490e766e29de,827da4d039b16e9aa1e5,b2cc4cee0893dadf,sample,3,3,0,0,"[""reef-turin-microscopy-workers-3708278/execution-0029"",""reef-turin-microscopy-workers-3708278/execution-0053"",""reef-turin-microscopy-workers-3708278/execution-0082""]",5.527229889278291,5.483749530476539,5.702827649142091,103079215104,82424561664,1.2505885748497851,0.7996234893798828,858589184.0,5.611251219,5.835423653,0.009846343684082345,34359738368,34359738368,false,true,,true,true,true,0.0,measured_shard_write_bytes_per_logical_byte,3,"[16384,65536,262144]","[""d2b8388f680093bef26c""]",,d2b8388f680093bef26c,true
reef-turin-microscopy-pareto-transfer-3710982,retained_study,partially_selected_in_current_report,complete,jump-scope-fluorescence,1,68c0bbe90a5c54a24f1b2f0eb320ac7ee78048267eebc09ca8add8309e083982,reef-turin,cpu-turin-gp-l-243-179,cpu,40,32,discard,discard,,blosc-lz4,3,bit,u16,"[1,64,128]",16384,"[1560,448,768]",1073479680,16,15,16384,,32,4,3.0,2.0,32.0,true,,"{""allocated_cpus"":40,""arrival_bytes_per_s"":null,""backend"":""cpu"",""chunk_depth"":1,""completion_pause_ms"":null,""data_issue"":null,""dataset_version"":1,""dtype"":""u16"",""hostname"":""cpu-turin-gp-l-243-179"",""input_id"":""jump-scope-fluorescence"",""input_sha256"":""68c0bbe90a5c54a24f1b2f0eb320ac7ee78048267eebc09ca8add8309e083982"",""io_workers"":32,""logical_spatial_shape"":[2000,2000],""memory_budget_bytes"":0,""minimum_logical_gib"":32.0,""nconnect"":null,""output_buffers"":4,""requested_duration_s"":3.0,""requested_warmup_s"":2.0,""sink"":""discard"",""source_order"":""cyclic"",""storage_type"":""discard"",""study_id"":""reef-turin-microscopy-pareto-transfer-3710982"",""timing_policy"":""coverage-qualified-through-final-close-v2"",""worker_threads"":32}",/mnt/main0/home/nclack/tmp/2026-09-07-chucky-microscopy-pr/worktree/build-microscopy-unified-corrected-20260916/turin-3710982/transfer/study.json,1a27e686bc6e95a86d8f,850f65dd7b1eacff8fbe,a91c0482cc976666,sample,3,3,0,0,"[""reef-turin-microscopy-pareto-transfer-3710982/execution-0019"",""reef-turin-microscopy-pareto-transfer-3710982/execution-0119"",""reef-turin-microscopy-pareto-transfer-3710982/execution-0200""]",13.764491991143542,13.422002511775077,13.928049836492509,133544000000,96203644928,1.3881386729156258,0.7203891221470077,773511930.0038868,3.008466014,3.0339297250000006,0.010623398238711322,43712000000,44992000000,false,true,,true,true,true,7.254425705860895,measured_shard_write_bytes_per_logical_byte,8,"[16384,65536,262144]","[""3c7ab3e04456507b3576""]",,3caa2892ba21dd65c309,true
reef-l40-final-discard-3702747,retained_study,historical,complete,bbbc022-mito,1,1eff677d3f7d6785bdc8e65079613d6ba2c801a19f33503517a12b8df54affc7,reef-l40,cw-us-e4a2-l40-234-163,gpu,8,4,discard,discard,,blosc-zstd,3,bit,u16,"[4,128,256]",262144,"[16384,128,256]",1073741824,16,15,65536,65536,32,4,3.0,2.0,32.0,false,,"{""allocated_cpus"":8,""arrival_bytes_per_s"":null,""backend"":""gpu"",""chunk_depth"":4,""completion_pause_ms"":null,""data_issue"":null,""dataset_version"":1,""dtype"":""u16"",""hostname"":""cw-us-e4a2-l40-234-163"",""input_id"":""bbbc022-mito"",""input_sha256"":""1eff677d3f7d6785bdc8e65079613d6ba2c801a19f33503517a12b8df54affc7"",""io_workers"":32,""logical_spatial_shape"":[520,696],""memory_budget_bytes"":0,""minimum_logical_gib"":32.0,""nconnect"":null,""output_buffers"":4,""requested_duration_s"":3.0,""requested_warmup_s"":2.0,""sink"":""discard"",""source_order"":""cyclic"",""storage_type"":""discard"",""study_id"":""reef-l40-final-discard-3702747"",""timing_policy"":""coverage-qualified-through-final-close-v2"",""worker_threads"":4}",/mnt/main0/home/nclack/tmp/2026-09-07-chucky-microscopy-pr/worktree/build-microscopy-final-20260916/run-3702747/discard/study.json,0106d2ca2dc88cad2079,861abaa4329b321dcd37,30c13e1f42e63a25,sample,2,2,0,0,"[""reef-l40-final-discard-3702747/execution-0005"",""reef-l40-final-discard-3702747/execution-0105""]",4.315139911921749,4.31428514468159,4.315994679161908,68721369600,36440895488,1.8858309786220806,0.5302702158019854,569373308.7280974,7.414485946,7.417423864000001,0.003934137275451971,34360684800,34360684800,true,true,,true,true,true,2.2970166609309284,measured_shard_write_bytes_per_logical_byte,23,"[16384,65536,262144]",[],b77fabb303f189946513,,false
reef-l40-filesystem-screen-3689339,retained_study,historical,complete,cosem-cos7-em,2,38fa12d66991e8f677a2f1c36de79d1c071a268944e690f572f4e265f59eacb2,reef-l40,cw-us-e4a2-l40-202-211,cpu,8,4,fs,nfs,16,zstd,3,none,u8,"[4,256,256]",262144,"[16384,256,256]",1073741824,16,16,,,32,4,3.0,2.0,32.0,false,,"{""allocated_cpus"":8,""arrival_bytes_per_s"":null,""backend"":""cpu"",""chunk_depth"":4,""completion_pause_ms"":null,""data_issue"":null,""dataset_version"":2,""dtype"":""u8"",""hostname"":""cw-us-e4a2-l40-202-211"",""input_id"":""cosem-cos7-em"",""input_sha256"":""38fa12d66991e8f677a2f1c36de79d1c071a268944e690f572f4e265f59eacb2"",""io_workers"":32,""logical_spatial_shape"":[1024,1024],""memory_budget_bytes"":0,""minimum_logical_gib"":32.0,""nconnect"":16,""output_buffers"":4,""requested_duration_s"":3.0,""requested_warmup_s"":2.0,""sink"":""fs"",""source_order"":""cyclic"",""storage_type"":""nfs"",""study_id"":""reef-l40-filesystem-screen-3689339"",""timing_policy"":""coverage-qualified-through-final-close-v2"",""worker_threads"":4}",/mnt/main0/home/nclack/tmp/2026-09-07-chucky-microscopy-pr/worktree/build-microscopy-fs-pareto-20260914/run-3689339/study.json,983cce69de82fcd1112a,87d6d2ded1a9f12b5a82,893262eaba3ab7e6,sample,3,3,0,0,"[""reef-l40-filesystem-screen-3689339/execution-0069"",""reef-l40-filesystem-screen-3689339/execution-0152"",""reef-l40-filesystem-screen-3689339/execution-0225""]",1.1084548366896385,1.1054340069931656,1.129088111806186,103079215104,82616451072,1.2476838906353742,0.8014850616455078,860588032.0,28.341455616,28.947906071000002,0.0028660424625018125,34359738368,34359738368,false,true,,true,true,true,0.23280610066478546,measured_shard_write_bytes_per_logical_byte,23,"[16384,65536,262144]",[],6c5e30dc087ebf9391cc,,false
reef-turin-microscopy-pareto-transfer-3710982,retained_study,partially_selected_in_current_report,complete,opencell-protein,1,cc711313f4f5758d252af98a03bf5ef9b6120bac7e0fb3bfc053e8d3687e4046,reef-turin,cpu-turin-gp-l-243-179,cpu,40,32,discard,discard,,blosc-lz4,3,bit,u16,"[1,64,128]",16384,"[16384,128,256]",1073741824,16,15,4096,,32,4,3.0,2.0,32.0,true,,"{""allocated_cpus"":40,""arrival_bytes_per_s"":null,""backend"":""cpu"",""chunk_depth"":1,""completion_pause_ms"":null,""data_issue"":null,""dataset_version"":1,""dtype"":""u16"",""hostname"":""cpu-turin-gp-l-243-179"",""input_id"":""opencell-protein"",""input_sha256"":""cc711313f4f5758d252af98a03bf5ef9b6120bac7e0fb3bfc053e8d3687e4046"",""io_workers"":32,""logical_spatial_shape"":[600,600],""memory_budget_bytes"":0,""minimum_logical_gib"":32.0,""nconnect"":null,""output_buffers"":4,""requested_duration_s"":3.0,""requested_warmup_s"":2.0,""sink"":""discard"",""source_order"":""cyclic"",""storage_type"":""discard"",""study_id"":""reef-turin-microscopy-pareto-transfer-3710982"",""timing_policy"":""coverage-qualified-through-final-close-v2"",""worker_threads"":32}",/mnt/main0/home/nclack/tmp/2026-09-07-chucky-microscopy-pr/worktree/build-microscopy-unified-corrected-20260916/turin-3710982/transfer/study.json,2d0116aade6d3d202000,8bc6f96198c9485fb82f,cc20756d704a2f55,sample,3,3,0,0,"[""reef-turin-microscopy-pareto-transfer-3710982/execution-0023"",""reef-turin-microscopy-pareto-transfer-3710982/execution-0178"",""reef-turin-microscopy-pareto-transfer-3710982/execution-0223""]",11.219091144221023,11.20932468607209,11.585575922732794,110829600000,86036791296,1.2881651945701125,0.7762979501505013,833543576.9620603,3.0330492180000004,3.0367359030000003,0.011190952353943543,36516960000,37730880000,false,true,,true,true,true,8.086557582863074,measured_shard_write_bytes_per_logical_byte,8,"[16384,65536,262144]","[""7cd3b45033b9bbf25358""]",,99d8d2724a4abc70555f,true
reef-l40-microscopy-pilot-3667862,retained_study,historical,complete,opencell-dna,,8b9c2466422678b7b32a0617e504d7d59a6ef7898448cbd938b811c415df0d14,reef-l40,cw-us-e4a2-l40-234-199,cpu,8,4,discard,discard,,blosc-zstd,3,bit,u16,"[1,64,128]",16384,"[4369,192,640]",1073725440,4,4,16384,,,,1.0,1.0,0.125,false,,"{""allocated_cpus"":8,""arrival_bytes_per_s"":null,""backend"":""cpu"",""chunk_depth"":1,""completion_pause_ms"":null,""data_issue"":null,""dataset_version"":null,""dtype"":""u16"",""hostname"":""cw-us-e4a2-l40-234-199"",""input_id"":""opencell-dna"",""input_sha256"":""8b9c2466422678b7b32a0617e504d7d59a6ef7898448cbd938b811c415df0d14"",""io_workers"":null,""logical_spatial_shape"":[600,600],""memory_budget_bytes"":0,""minimum_logical_gib"":0.125,""nconnect"":null,""output_buffers"":null,""requested_duration_s"":1.0,""requested_warmup_s"":1.0,""sink"":""discard"",""source_order"":""cyclic"",""storage_type"":""discard"",""study_id"":""reef-l40-microscopy-pilot-3667862"",""timing_policy"":""coverage-qualified-through-final-close-v2"",""worker_threads"":4}",/mnt/main0/home/nclack/tmp/2026-09-07-chucky-microscopy-pr/worktree/build-microscopy-study-20260913/pilot-3667862/study.json,ef27b3aebfb03cbc0f5e,8bea17f0b0c3f0b15637,1baee7d3c19c72f8,sample,1,1,0,0,"[""reef-l40-microscopy-pilot-3667862/execution-0003""]",0.6862206662194313,0.6862206662194313,0.6862206662194313,5525280000,3744153600,1.4757086888743025,0.6776405177656155,727610965.5619564,7.498780302,7.498780302,0.008125537293544783,5525280000,5525280000,false,true,,true,true,true,1.2130183476627254,measured_shard_write_bytes_per_logical_byte,4,"[16384,262144]",[],,85a5dcae3a20f3864b0f,true
reef-l40-microscopy-sinks-3671242,retained_study,historical,complete,bbbc010-brightfield,,98f9957085aca90efdcb07c37ee421ac0b2b458074ff21883b0cfca2fe148f71,reef-l40,cw-us-e4a2-l40-202-211,cpu,8,4,discard,discard,,blosc-zstd,3,bit,u16,"[1,128,256]",65536,"[2730,384,512]",1073479680,4,4,65536,,,,3.0,2.0,0.125,false,,"{""allocated_cpus"":8,""arrival_bytes_per_s"":null,""backend"":""cpu"",""chunk_depth"":1,""completion_pause_ms"":null,""data_issue"":null,""dataset_version"":null,""dtype"":""u16"",""hostname"":""cw-us-e4a2-l40-202-211"",""input_id"":""bbbc010-brightfield"",""input_sha256"":""98f9957085aca90efdcb07c37ee421ac0b2b458074ff21883b0cfca2fe148f71"",""io_workers"":null,""logical_spatial_shape"":[520,696],""memory_budget_bytes"":0,""minimum_logical_gib"":0.125,""nconnect"":null,""output_buffers"":null,""requested_duration_s"":3.0,""requested_warmup_s"":2.0,""sink"":""discard"",""source_order"":""cyclic"",""storage_type"":""discard"",""study_id"":""reef-l40-microscopy-sinks-3671242"",""timing_policy"":""coverage-qualified-through-final-close-v2"",""worker_threads"":4}",/mnt/main0/home/nclack/tmp/2026-09-07-chucky-microscopy-pr/worktree/build-microscopy-next-experiment-20260913/run-3671242/study.json,6a3777a1965291b8ce8f,8e0de7e73b927a367ddd,a91a1338224cf599,sample,8,8,0,0,"[""reef-l40-microscopy-sinks-3671242/execution-0014"",""reef-l40-microscopy-sinks-3671242/execution-0078"",""reef-l40-microscopy-sinks-3671242/execution-0107"",""reef-l40-microscopy-sinks-3671242/execution-0180"",""reef-l40-microscopy-sinks-3671242/execution-0244"",""reef-l40-microscopy-sinks-3671242/execution-0312"",""reef-l40-microscopy-sinks-3671242/execution-0354"",""reef-l40-microscopy-sinks-3671242/execution-0400""]",0.8496094856944003,0.8378128737524572,0.8591207280232486,22011974400,6482542592,3.395577288942863,0.29450073283748684,316217754.0462598,3.0042635520000003,3.042367108,0.0008135097260114249,2721638400,2797641600,false,true,,true,true,true,0.0,measured_shard_write_bytes_per_logical_byte,6,"[16384,65536]",[],,,true
reef-l40-final-transfer-3702747,retained_study,partially_selected_in_current_report,complete,bbbc010-brightfield,1,98f9957085aca90efdcb07c37ee421ac0b2b458074ff21883b0cfca2fe148f71,reef-l40,cw-us-e4a2-l40-234-163,gpu,8,4,fs,nfs,16,blosc-zstd,3,bit,u16,"[1,128,256]",65536,"[16384,128,256]",1073741824,16,15,65536,65536,32,4,3.0,2.0,32.0,true,,"{""allocated_cpus"":8,""arrival_bytes_per_s"":null,""backend"":""gpu"",""chunk_depth"":1,""completion_pause_ms"":null,""data_issue"":null,""dataset_version"":1,""dtype"":""u16"",""hostname"":""cw-us-e4a2-l40-234-163"",""input_id"":""bbbc010-brightfield"",""input_sha256"":""98f9957085aca90efdcb07c37ee421ac0b2b458074ff21883b0cfca2fe148f71"",""io_workers"":32,""logical_spatial_shape"":[520,696],""memory_budget_bytes"":0,""minimum_logical_gib"":32.0,""nconnect"":16,""output_buffers"":4,""requested_duration_s"":3.0,""requested_warmup_s"":2.0,""sink"":""fs"",""source_order"":""cyclic"",""storage_type"":""nfs"",""study_id"":""reef-l40-final-transfer-3702747"",""timing_policy"":""coverage-qualified-through-final-close-v2"",""worker_threads"":4}",/mnt/main0/home/nclack/tmp/2026-09-07-chucky-microscopy-pr/worktree/build-microscopy-final-20260916/run-3702747/transfer/study.json,5037fcd42f2a780a5655,8ebded0249162343ab38,7ae0582ee63991b7,sample,2,2,0,0,"[""reef-l40-final-transfer-3702747/execution-0118"",""reef-l40-final-transfer-3702747/execution-0168""]",6.412002562680552,6.392648693148366,6.4313564322127394,68721369600,20232331264,3.3966115275246613,0.2944110599332409,316121468.4984914,4.975759679,5.005887386,0.015726444931998682,34360684800,34360684800,false,true,,true,true,true,0.0,measured_shard_write_bytes_per_logical_byte,5,"[16384,65536]",[],,,true
reef-l40-final-confirmation-3704091,retained_study,partially_selected_in_current_report,complete,cosem-cos7-em,2,38fa12d66991e8f677a2f1c36de79d1c071a268944e690f572f4e265f59eacb2,reef-l40,cw-us-e4a2-l40-202-189,gpu,8,4,fs,nfs,16,zstd,3,none,u8,"[4,256,256]",262144,"[16384,256,256]",1073741824,16,16,,,32,4,3.0,2.0,32.0,true,,"{""allocated_cpus"":8,""arrival_bytes_per_s"":null,""backend"":""gpu"",""chunk_depth"":4,""completion_pause_ms"":null,""data_issue"":null,""dataset_version"":2,""dtype"":""u8"",""hostname"":""cw-us-e4a2-l40-202-189"",""input_id"":""cosem-cos7-em"",""input_sha256"":""38fa12d66991e8f677a2f1c36de79d1c071a268944e690f572f4e265f59eacb2"",""io_workers"":32,""logical_spatial_shape"":[1024,1024],""memory_budget_bytes"":0,""minimum_logical_gib"":32.0,""nconnect"":16,""output_buffers"":4,""requested_duration_s"":3.0,""requested_warmup_s"":2.0,""sink"":""fs"",""source_order"":""cyclic"",""storage_type"":""nfs"",""study_id"":""reef-l40-final-confirmation-3704091"",""timing_policy"":""coverage-qualified-through-final-close-v2"",""worker_threads"":4}",/mnt/main0/home/nclack/tmp/2026-09-07-chucky-microscopy-pr/worktree/build-microscopy-confirmation-3rounds-20260916/run-3704091/confirmation/study.json,8d47c40ab906d42b6664,91430c836e1e3a6b7f02,5d7b39cb87cd70a1,sample,3,3,0,0,"[""reef-l40-final-confirmation-3704091/execution-0041"",""reef-l40-final-confirmation-3704091/execution-0127"",""reef-l40-final-confirmation-3704091/execution-0228""]",4.357737710682282,4.277872129378477,4.366193420316537,103079215104,82767446016,1.2454077063592548,0.8029499053955078,862160896.0,7.3290385460000005,7.480354232,0.007598081201304682,34359738368,34359738368,false,true,,true,true,true,0.270578623812348,measured_shard_write_bytes_per_logical_byte,11,"[16384,65536,262144]",[],1b70d2cad3e0e075973f,,false
reef-l40-microscopy-workers-3708541,retained_study,historical_worker_comparison_with_withdrawn_repeated_plane_cases,complete,opencell-dna,1,8b9c2466422678b7b32a0617e504d7d59a6ef7898448cbd938b811c415df0d14,reef-l40,cw-us-e4a2-l40-234-083,gpu,8,4,fs,nfs,16,blosc-zstd,3,bit,u16,"[4,128,256]",262144,"[16384,128,256]",1073741824,16,15,65536,65536,32,4,3.0,2.0,32.0,false,,"{""allocated_cpus"":8,""arrival_bytes_per_s"":null,""backend"":""gpu"",""chunk_depth"":4,""completion_pause_ms"":null,""data_issue"":null,""dataset_version"":1,""dtype"":""u16"",""hostname"":""cw-us-e4a2-l40-234-083"",""input_id"":""opencell-dna"",""input_sha256"":""8b9c2466422678b7b32a0617e504d7d59a6ef7898448cbd938b811c415df0d14"",""io_workers"":32,""logical_spatial_shape"":[600,600],""memory_budget_bytes"":0,""minimum_logical_gib"":32.0,""nconnect"":16,""output_buffers"":4,""requested_duration_s"":3.0,""requested_warmup_s"":2.0,""sink"":""fs"",""source_order"":""cyclic"",""storage_type"":""nfs"",""study_id"":""reef-l40-microscopy-workers-3708541"",""timing_policy"":""coverage-qualified-through-final-close-v2"",""worker_threads"":4}",/mnt/main0/home/nclack/tmp/2026-09-07-chucky-microscopy-pr/worktree/build-microscopy-cpu-scaling-20260916/l40-3708541/study.json,60603ff07cb1b9355c17,9583e6dceb0e34698bf4,e8b71dc55d81b8ec,sample,3,3,0,0,"[""reef-l40-microscopy-workers-3708541/execution-0017"",""reef-l40-microscopy-workers-3708541/execution-0049"",""reef-l40-microscopy-workers-3708541/execution-0074""]",3.2393344519562204,3.2071074779417303,3.2579427120162,103086000000,69033603072,1.4932727746005718,0.6696700140853268,719052702.4020845,9.822796075,9.978495939000002,0.008309978508884317,34362000000,34362000000,true,true,,true,true,true,0.2764777529162979,measured_shard_write_bytes_per_logical_byte,3,"[16384,65536,262144]","[""ad1fe43c6cc18bb32903""]",ad1fe43c6cc18bb32903,,false
reef-turin-microscopy-pareto-transfer-3710982,retained_study,partially_selected_in_current_report,complete,opencell-dna,1,8b9c2466422678b7b32a0617e504d7d59a6ef7898448cbd938b811c415df0d14,reef-turin,cpu-turin-gp-l-243-179,cpu,40,32,fs,nfs,16,blosc-lz4,3,bit,u16,"[1,64,128]",16384,"[16384,128,256]",1073741824,16,15,16384,,32,4,3.0,2.0,32.0,true,,"{""allocated_cpus"":40,""arrival_bytes_per_s"":null,""backend"":""cpu"",""chunk_depth"":1,""completion_pause_ms"":null,""data_issue"":null,""dataset_version"":1,""dtype"":""u16"",""hostname"":""cpu-turin-gp-l-243-179"",""input_id"":""opencell-dna"",""input_sha256"":""8b9c2466422678b7b32a0617e504d7d59a6ef7898448cbd938b811c415df0d14"",""io_workers"":32,""logical_spatial_shape"":[600,600],""memory_budget_bytes"":0,""minimum_logical_gib"":32.0,""nconnect"":16,""output_buffers"":4,""requested_duration_s"":3.0,""requested_warmup_s"":2.0,""sink"":""fs"",""source_order"":""cyclic"",""storage_type"":""nfs"",""study_id"":""reef-turin-microscopy-pareto-transfer-3710982"",""timing_policy"":""coverage-qualified-through-final-close-v2"",""worker_threads"":32}",/mnt/main0/home/nclack/tmp/2026-09-07-chucky-microscopy-pr/worktree/build-microscopy-unified-corrected-20260916/turin-3710982/transfer/study.json,223e9c650af62d69a060,978f191684166aded307,15a17e8df90a2c29,sample,3,3,0,0,"[""reef-turin-microscopy-pareto-transfer-3710982/execution-0053"",""reef-turin-microscopy-pareto-transfer-3710982/execution-0137"",""reef-turin-microscopy-pareto-transfer-3710982/execution-0248""]",5.388890322031898,4.8650195379409364,6.117286769551575,103083840000,75319332864,1.3686239120855312,0.7306609150765048,784541183.6797553,5.231311952,6.57786349,0.02436066921057511,34361280000,34361280000,false,true,,true,true,true,7.921892186219564,measured_shard_write_bytes_per_logical_byte,8,"[16384,65536,262144]","[""348fba091f078d0268a9""]",,809e90fb1d2bc98e5843,true
reef-turin-microscopy-workers-3708278,retained_study,historical_worker_comparison_with_withdrawn_repeated_plane_cases,complete,bbbc022-mito,1,1eff677d3f7d6785bdc8e65079613d6ba2c801a19f33503517a12b8df54affc7,reef-turin,cpu-turin-gp-l-243-179,cpu,40,32,fs,nfs,16,blosc-zstd,3,bit,u16,"[4,64,128]",65536,"[16384,128,256]",1073741824,16,15,65536,,32,4,3.0,2.0,32.0,false,,"{""allocated_cpus"":40,""arrival_bytes_per_s"":null,""backend"":""cpu"",""chunk_depth"":4,""completion_pause_ms"":null,""data_issue"":null,""dataset_version"":1,""dtype"":""u16"",""hostname"":""cpu-turin-gp-l-243-179"",""input_id"":""bbbc022-mito"",""input_sha256"":""1eff677d3f7d6785bdc8e65079613d6ba2c801a19f33503517a12b8df54affc7"",""io_workers"":32,""logical_spatial_shape"":[520,696],""memory_budget_bytes"":0,""minimum_logical_gib"":32.0,""nconnect"":16,""output_buffers"":4,""requested_duration_s"":3.0,""requested_warmup_s"":2.0,""sink"":""fs"",""source_order"":""cyclic"",""storage_type"":""nfs"",""study_id"":""reef-turin-microscopy-workers-3708278"",""timing_policy"":""coverage-qualified-through-final-close-v2"",""worker_threads"":32}",/mnt/main0/home/nclack/tmp/2026-09-07-chucky-microscopy-pr/worktree/build-microscopy-cpu-scaling-20260916/turin-3708278/study.json,89aea6cf05aef018f3cf,97b8cf6d83987e8d5b30,b84b5c213874fbb8,sample,3,3,0,0,"[""reef-turin-microscopy-workers-3708278/execution-0020"",""reef-turin-microscopy-workers-3708278/execution-0051"",""reef-turin-microscopy-workers-3708278/execution-0099""]",5.1533207656280435,4.465020338581776,5.353342236465164,103082054400,54602981376,1.8878466303912906,0.5297040468762718,568765389.4731096,5.977738911,7.167017919,0.010472096323497417,34360684800,34360684800,true,true,,true,true,true,0.0,measured_shard_write_bytes_per_logical_byte,3,"[16384,65536,262144]",[],,114f6edea89fc54efa8d,true
reef-l40-microscopy-discovery-3667908,retained_study,historical,complete,bbbc010-brightfield,,98f9957085aca90efdcb07c37ee421ac0b2b458074ff21883b0cfca2fe148f71,reef-l40,cw-us-e4a2-l40-202-047,gpu,8,4,discard,discard,,blosc-zstd,3,bit,u16,"[1,128,256]",65536,"[2730,384,512]",1073479680,4,4,65536,65536,,,1.0,0.25,0.125,false,,"{""allocated_cpus"":8,""arrival_bytes_per_s"":null,""backend"":""gpu"",""chunk_depth"":1,""completion_pause_ms"":null,""data_issue"":null,""dataset_version"":null,""dtype"":""u16"",""hostname"":""cw-us-e4a2-l40-202-047"",""input_id"":""bbbc010-brightfield"",""input_sha256"":""98f9957085aca90efdcb07c37ee421ac0b2b458074ff21883b0cfca2fe148f71"",""io_workers"":null,""logical_spatial_shape"":[520,696],""memory_budget_bytes"":0,""minimum_logical_gib"":0.125,""nconnect"":null,""output_buffers"":null,""requested_duration_s"":1.0,""requested_warmup_s"":0.25,""sink"":""discard"",""source_order"":""cyclic"",""storage_type"":""discard"",""study_id"":""reef-l40-microscopy-discovery-3667908"",""timing_policy"":""coverage-qualified-through-final-close-v2"",""worker_threads"":4}",/mnt/main0/home/nclack/tmp/2026-09-07-chucky-microscopy-pr/worktree/build-microscopy-study-20260913/discovery-3667908/study.json,e2a7db5947438cc14d05,9a353ca9733f54eaea9e,3a104610f35dc0b8,sample,1,1,0,0,"[""reef-l40-microscopy-discovery-3667908/execution-0075""]",6.554196271380616,6.554196271380616,6.554196271380616,7194969600,2117685248,3.3975632624324725,0.2943285886850724,316032915.6700554,1.022373627,1.022373627,0.019561321293746558,7194969600,7194969600,false,true,,true,true,true,1.229860081393942,measured_shard_write_bytes_per_logical_byte,23,"[16384,65536,262144]",[],1f164558e7bb4cc23214,8aedf27bfd81488e69ac,true
reef-l40-microscopy-pilot-3667862,retained_study,historical,complete,dynacell-a549-phase,,920cadc14fb62b66fa23671f25c599904db55815e24e19705b6dc01fdfea1f79,reef-l40,cw-us-e4a2-l40-234-199,cpu,8,4,discard,discard,,blosc-zstd,3,bit,f32,"[1,256,256]",262144,"[4096,256,256]",1073741824,4,4,262144,,,,1.0,1.0,0.125,false,,"{""allocated_cpus"":8,""arrival_bytes_per_s"":null,""backend"":""cpu"",""chunk_depth"":1,""completion_pause_ms"":null,""data_issue"":null,""dataset_version"":null,""dtype"":""f32"",""hostname"":""cw-us-e4a2-l40-234-199"",""input_id"":""dynacell-a549-phase"",""input_sha256"":""920cadc14fb62b66fa23671f25c599904db55815e24e19705b6dc01fdfea1f79"",""io_workers"":null,""logical_spatial_shape"":[512,512],""memory_budget_bytes"":0,""minimum_logical_gib"":0.125,""nconnect"":null,""output_buffers"":null,""requested_duration_s"":1.0,""requested_warmup_s"":1.0,""sink"":""discard"",""source_order"":""cyclic"",""storage_type"":""discard"",""study_id"":""reef-l40-microscopy-pilot-3667862"",""timing_policy"":""coverage-qualified-through-final-close-v2"",""worker_threads"":4}",/mnt/main0/home/nclack/tmp/2026-09-07-chucky-microscopy-pr/worktree/build-microscopy-study-20260913/pilot-3667862/study.json,87d8fb6d81fa9928d6d1,9a772133f0eaf4c6e2a4,32ec5dff4d1c01cc,sample,1,1,0,0,"[""reef-l40-microscopy-pilot-3667862/execution-0041""]",2.0892613204378794,2.0892613204378794,2.0892613204378794,6379536384,5533843456,1.152821982537845,0.8674366165351742,931402974.8428665,2.843783217,2.843783217,0.0007526041321313558,6379536384,6379536384,false,true,,true,true,true,0.0,measured_shard_write_bytes_per_logical_byte,4,"[16384,262144]",[],7cf999605eee8d5d7f32,,false
reef-turin-microscopy-pareto-core-3710982,retained_study,partially_selected_in_current_report,complete,cosem-cos7-em,2,38fa12d66991e8f677a2f1c36de79d1c071a268944e690f572f4e265f59eacb2,reef-turin,cpu-turin-gp-l-243-179,cpu,40,32,discard,discard,,zstd,3,none,u8,"[4,256,256]",262144,"[16384,256,256]",1073741824,16,16,,,32,4,3.0,2.0,32.0,true,,"{""allocated_cpus"":40,""arrival_bytes_per_s"":null,""backend"":""cpu"",""chunk_depth"":4,""completion_pause_ms"":null,""data_issue"":null,""dataset_version"":2,""dtype"":""u8"",""hostname"":""cpu-turin-gp-l-243-179"",""input_id"":""cosem-cos7-em"",""input_sha256"":""38fa12d66991e8f677a2f1c36de79d1c071a268944e690f572f4e265f59eacb2"",""io_workers"":32,""logical_spatial_shape"":[1024,1024],""memory_budget_bytes"":0,""minimum_logical_gib"":32.0,""nconnect"":null,""output_buffers"":4,""requested_duration_s"":3.0,""requested_warmup_s"":2.0,""sink"":""discard"",""source_order"":""cyclic"",""storage_type"":""discard"",""study_id"":""reef-turin-microscopy-pareto-core-3710982"",""timing_policy"":""coverage-qualified-through-final-close-v2"",""worker_threads"":32}",/mnt/main0/home/nclack/tmp/2026-09-07-chucky-microscopy-pr/worktree/build-microscopy-unified-corrected-20260916/turin-3710982/core/study.json,b646fad7bac2fc2bacca,9b1d14aa82ba12e57daa,014a63987ac248f0,sample,3,3,0,0,"[""reef-turin-microscopy-pareto-core-3710982/execution-0043"",""reef-turin-microscopy-pareto-core-3710982/execution-0079"",""reef-turin-microscopy-pareto-core-3710982/execution-0119""]",9.2157824211369,9.091997513351998,9.239448565528239,103079215104,82616451072,1.2476838906353742,0.8014850616455078,860588032.0,3.4634102380000003,3.519578611,0.0005893338818501235,34359738368,34359738368,false,true,,true,true,true,0.23280610066478546,measured_shard_write_bytes_per_logical_byte,11,"[16384,65536,262144]",[],2d919132de311db4c575,,false
reef-l40-final-transfer-3702747,retained_study,partially_selected_in_current_report,complete,bbbc010-brightfield,1,98f9957085aca90efdcb07c37ee421ac0b2b458074ff21883b0cfca2fe148f71,reef-l40,cw-us-e4a2-l40-234-163,cpu,8,4,fs,nfs,16,blosc-zstd,3,bit,u16,"[1,128,256]",65536,"[16384,128,256]",1073741824,16,15,65536,,32,4,3.0,2.0,32.0,false,,"{""allocated_cpus"":8,""arrival_bytes_per_s"":null,""backend"":""cpu"",""chunk_depth"":1,""completion_pause_ms"":null,""data_issue"":null,""dataset_version"":1,""dtype"":""u16"",""hostname"":""cw-us-e4a2-l40-234-163"",""input_id"":""bbbc010-brightfield"",""input_sha256"":""98f9957085aca90efdcb07c37ee421ac0b2b458074ff21883b0cfca2fe148f71"",""io_workers"":32,""logical_spatial_shape"":[520,696],""memory_budget_bytes"":0,""minimum_logical_gib"":32.0,""nconnect"":16,""output_buffers"":4,""requested_duration_s"":3.0,""requested_warmup_s"":2.0,""sink"":""fs"",""source_order"":""cyclic"",""storage_type"":""nfs"",""study_id"":""reef-l40-final-transfer-3702747"",""timing_policy"":""coverage-qualified-through-final-close-v2"",""worker_threads"":4}",/mnt/main0/home/nclack/tmp/2026-09-07-chucky-microscopy-pr/worktree/build-microscopy-final-20260916/run-3702747/transfer/study.json,2821597baee07e4ff942,9b1fa6cbb58dd38ca431,cfd52f55b4c59278,sample,2,2,0,0,"[""reef-l40-final-transfer-3702747/execution-0081"",""reef-l40-final-transfer-3702747/execution-0142""]",0.6600562767455249,0.6585262285872459,0.6615863249038039,68721369600,20225007616,3.3978414695693138,0.29430448976383616,316007039.6504108,48.369925925000004,48.594696228000004,0.0021278276636912162,34360684800,34360684800,false,true,,true,true,true,0.0,measured_shard_write_bytes_per_logical_byte,5,"[16384,65536]",[],,,true
reef-turin-microscopy-pareto-transfer-3710982,retained_study,partially_selected_in_current_report,complete,opencell-dna,1,8b9c2466422678b7b32a0617e504d7d59a6ef7898448cbd938b811c415df0d14,reef-turin,cpu-turin-gp-l-243-179,cpu,40,32,discard,discard,,blosc-lz4,3,bit,u16,"[1,64,128]",16384,"[16384,128,256]",1073741824,16,15,4096,,32,4,3.0,2.0,32.0,true,,"{""allocated_cpus"":40,""arrival_bytes_per_s"":null,""backend"":""cpu"",""chunk_depth"":1,""completion_pause_ms"":null,""data_issue"":null,""dataset_version"":1,""dtype"":""u16"",""hostname"":""cpu-turin-gp-l-243-179"",""input_id"":""opencell-dna"",""input_sha256"":""8b9c2466422678b7b32a0617e504d7d59a6ef7898448cbd938b811c415df0d14"",""io_workers"":32,""logical_spatial_shape"":[600,600],""memory_budget_bytes"":0,""minimum_logical_gib"":32.0,""nconnect"":null,""output_buffers"":4,""requested_duration_s"":3.0,""requested_warmup_s"":2.0,""sink"":""discard"",""source_order"":""cyclic"",""storage_type"":""discard"",""study_id"":""reef-turin-microscopy-pareto-transfer-3710982"",""timing_policy"":""coverage-qualified-through-final-close-v2"",""worker_threads"":32}",/mnt/main0/home/nclack/tmp/2026-09-07-chucky-microscopy-pr/worktree/build-microscopy-unified-corrected-20260916/turin-3710982/transfer/study.json,953051bcea002a297132,9f98cf2460f5b473d8f8,b23619bbcde49984,sample,3,3,0,0,"[""reef-turin-microscopy-pareto-transfer-3710982/execution-0030"",""reef-turin-microscopy-pareto-transfer-3710982/execution-0126"",""reef-turin-microscopy-pareto-transfer-3710982/execution-0239""]",11.48331744573151,11.314862709666194,11.700146684268713,112453920000,82148552704,1.3689093270480024,0.7305085736806685,784377608.3515193,3.034296927,3.0373452430000003,0.01130115240036955,36901440000,38119680000,false,true,,true,true,true,7.905533521785281,measured_shard_write_bytes_per_logical_byte,8,"[16384,65536,262144]","[""68d7b686fc789f7effc5""]",,c0d26409debd3d0b7660,true
reef-turin-microscopy-workers-3708278,retained_study,historical_worker_comparison_with_withdrawn_repeated_plane_cases,complete,bbbc022-mito,1,1eff677d3f7d6785bdc8e65079613d6ba2c801a19f33503517a12b8df54affc7,reef-turin,cpu-turin-gp-l-243-179,cpu,40,32,discard,discard,,blosc-zstd,3,bit,u16,"[4,64,128]",65536,"[16384,128,256]",1073741824,16,15,65536,,32,4,3.0,2.0,32.0,false,,"{""allocated_cpus"":40,""arrival_bytes_per_s"":null,""backend"":""cpu"",""chunk_depth"":4,""completion_pause_ms"":null,""data_issue"":null,""dataset_version"":1,""dtype"":""u16"",""hostname"":""cpu-turin-gp-l-243-179"",""input_id"":""bbbc022-mito"",""input_sha256"":""1eff677d3f7d6785bdc8e65079613d6ba2c801a19f33503517a12b8df54affc7"",""io_workers"":32,""logical_spatial_shape"":[520,696],""memory_budget_bytes"":0,""minimum_logical_gib"":32.0,""nconnect"":null,""output_buffers"":4,""requested_duration_s"":3.0,""requested_warmup_s"":2.0,""sink"":""discard"",""source_order"":""cyclic"",""storage_type"":""discard"",""study_id"":""reef-turin-microscopy-workers-3708278"",""timing_policy"":""coverage-qualified-through-final-close-v2"",""worker_threads"":32}",/mnt/main0/home/nclack/tmp/2026-09-07-chucky-microscopy-pr/worktree/build-microscopy-cpu-scaling-20260916/turin-3708278/study.json,83b6f49eaf4e0907fec5,a51cd5be6b6df1de5468,91edc4a0d153e94d,sample,3,3,0,0,"[""reef-turin-microscopy-workers-3708278/execution-0019"",""reef-turin-microscopy-workers-3708278/execution-0052"",""reef-turin-microscopy-workers-3708278/execution-0100""]",6.787908374438417,6.049013340559157,6.887960240590747,103082054400,54599163904,1.8879786251167865,0.5296670135437269,568725625.235074,4.645915518000001,5.290264731000001,0.0025048219139829826,34360684800,34360684800,true,true,,true,true,true,0.0,measured_shard_write_bytes_per_logical_byte,3,"[16384,65536,262144]",[],,ed803d39fae11e40b397,true
reef-l40-432380c-20260912-microscopy-256k,regular_sweep,historical,complete,opencell-dna,,8b9c2466422678b7b32a0617e504d7d59a6ef7898448cbd938b811c415df0d14,reef-l40,cw-us-e4a2-l40-202-193,gpu,8,4,discard,discard,,blosc-zstd,3,bit,u16,"[4,128,256]",262144,"[2728,384,512]",1072693248,4,4,16384,16384,,,1.0,0.25,32.0,false,,"{""allocated_cpus"":8,""arrival_bytes_per_s"":null,""backend"":""gpu"",""chunk_depth"":4,""completion_pause_ms"":null,""data_issue"":null,""dataset_version"":null,""dtype"":""u16"",""hostname"":""cw-us-e4a2-l40-202-193"",""input_id"":""opencell-dna"",""input_sha256"":""8b9c2466422678b7b32a0617e504d7d59a6ef7898448cbd938b811c415df0d14"",""io_workers"":null,""logical_spatial_shape"":[600,600],""memory_budget_bytes"":0,""minimum_logical_gib"":32.0,""nconnect"":null,""output_buffers"":null,""requested_duration_s"":1.0,""requested_warmup_s"":0.25,""sink"":""discard"",""source_order"":""cyclic"",""storage_type"":""discard"",""study_id"":""reef-l40-432380c-20260912-microscopy-256k"",""timing_policy"":""coverage-qualified-through-final-close-v2"",""worker_threads"":4}",/mnt/main0/home/nclack/src/chucky/bench/results/reef-l40-432380c-20260912-microscopy-256k.json,99fc351debb1346188f3,a65b43d2991049b0e5b6,microscopy__blosc-zstd__opencell-dna__opencell-dna__core__gpu__u16__256K__shuffle-bit__blosc-block-16384,sample,3,3,0,0,"[""reef-l40-432380c-20260912-microscopy-256k/run-009-repeat-1"",""reef-l40-432380c-20260912-microscopy-256k/run-009-repeat-2"",""reef-l40-432380c-20260912-microscopy-256k/run-009-repeat-3""]",2.83152,2.83104,2.83188,103086000000,69345202176,1.4865628300911855,0.6726927242884582,722298312.7690182,11.3007,11.304,0.0041754,34362000000,34362000000,true,true,,true,true,true,0.0,measured_shard_write_bytes_per_logical_byte,5,[262144],[],,,false
reef-l40-final-confirmation-3704091,retained_study,partially_selected_in_current_report,complete,bbbc022-mito,1,1eff677d3f7d6785bdc8e65079613d6ba2c801a19f33503517a12b8df54affc7,reef-l40,cw-us-e4a2-l40-202-189,cpu,8,4,discard,discard,,blosc-zstd,3,bit,u16,"[4,64,128]",65536,"[16384,128,256]",1073741824,16,15,65536,,32,4,3.0,2.0,32.0,false,,"{""allocated_cpus"":8,""arrival_bytes_per_s"":null,""backend"":""cpu"",""chunk_depth"":4,""completion_pause_ms"":null,""data_issue"":null,""dataset_version"":1,""dtype"":""u16"",""hostname"":""cw-us-e4a2-l40-202-189"",""input_id"":""bbbc022-mito"",""input_sha256"":""1eff677d3f7d6785bdc8e65079613d6ba2c801a19f33503517a12b8df54affc7"",""io_workers"":32,""logical_spatial_shape"":[520,696],""memory_budget_bytes"":0,""minimum_logical_gib"":32.0,""nconnect"":null,""output_buffers"":4,""requested_duration_s"":3.0,""requested_warmup_s"":2.0,""sink"":""discard"",""source_order"":""cyclic"",""storage_type"":""discard"",""study_id"":""reef-l40-final-confirmation-3704091"",""timing_policy"":""coverage-qualified-through-final-close-v2"",""worker_threads"":4}",/mnt/main0/home/nclack/tmp/2026-09-07-chucky-microscopy-pr/worktree/build-microscopy-confirmation-3rounds-20260916/run-3704091/confirmation/study.json,d8b16620c99dc86dfe45,a71b575752472ba7fca6,3b8f33b8fb203525,sample,3,3,0,0,"[""reef-l40-final-confirmation-3704091/execution-0043"",""reef-l40-final-confirmation-3704091/execution-0139"",""reef-l40-final-confirmation-3704091/execution-0197""]",0.8229791352580647,0.8225328481446237,0.8239282662040367,103082054400,54603141120,1.8878411074091703,0.5297055965543503,568767053.4272763,38.839401684,38.905293293,0.001012403752249316,34360684800,34360684800,true,true,,true,true,true,0.07489752169303081,measured_shard_write_bytes_per_logical_byte,11,"[16384,65536,262144]",[],e2b6d437088885ea89ac,553a90c5b2980e3b3d6b,true
reef-l40-microscopy-discovery-3667908,retained_study,historical,complete,dynacell-a549-phase,,920cadc14fb62b66fa23671f25c599904db55815e24e19705b6dc01fdfea1f79,reef-l40,cw-us-e4a2-l40-202-047,gpu,8,4,discard,discard,,blosc-lz4,3,bit,f32,"[1,64,64]",16384,"[4096,256,256]",1073741824,4,4,4096,4096,,,1.0,0.25,0.125,false,,"{""allocated_cpus"":8,""arrival_bytes_per_s"":null,""backend"":""gpu"",""chunk_depth"":1,""completion_pause_ms"":null,""data_issue"":null,""dataset_version"":null,""dtype"":""f32"",""hostname"":""cw-us-e4a2-l40-202-047"",""input_id"":""dynacell-a549-phase"",""input_sha256"":""920cadc14fb62b66fa23671f25c599904db55815e24e19705b6dc01fdfea1f79"",""io_workers"":null,""logical_spatial_shape"":[512,512],""memory_budget_bytes"":0,""minimum_logical_gib"":0.125,""nconnect"":null,""output_buffers"":null,""requested_duration_s"":1.0,""requested_warmup_s"":0.25,""sink"":""discard"",""source_order"":""cyclic"",""storage_type"":""discard"",""study_id"":""reef-l40-microscopy-discovery-3667908"",""timing_policy"":""coverage-qualified-through-final-close-v2"",""worker_threads"":4}",/mnt/main0/home/nclack/tmp/2026-09-07-chucky-microscopy-pr/worktree/build-microscopy-study-20260913/discovery-3667908/study.json,19b2c862ae6b89bf5360,ad11ed0d9823a9a46475,be7b3a86017d693a,sample,1,1,0,0,"[""reef-l40-microscopy-discovery-3667908/execution-0269""]",16.419737685496035,16.419737685496035,16.419737685496035,17976786944,16137994240,1.1139418366777158,0.8977129389290714,963911928.4741018,1.019637949,1.019637949,0.019233818257974628,17976786944,17976786944,false,true,,true,true,true,4.8807102524237465,measured_shard_write_bytes_per_logical_byte,23,"[16384,65536,262144]",[],,f0318d5b81150e9dc11e,true
reef-l40-final-confirmation-3704091,retained_study,partially_selected_in_current_report,complete,bbbc022-mito,1,1eff677d3f7d6785bdc8e65079613d6ba2c801a19f33503517a12b8df54affc7,reef-l40,cw-us-e4a2-l40-202-189,cpu,8,4,fs,nfs,16,blosc-zstd,3,bit,u16,"[4,64,128]",65536,"[16384,128,256]",1073741824,16,15,65536,,32,4,3.0,2.0,32.0,false,,"{""allocated_cpus"":8,""arrival_bytes_per_s"":null,""backend"":""cpu"",""chunk_depth"":4,""completion_pause_ms"":null,""data_issue"":null,""dataset_version"":1,""dtype"":""u16"",""hostname"":""cw-us-e4a2-l40-202-189"",""input_id"":""bbbc022-mito"",""input_sha256"":""1eff677d3f7d6785bdc8e65079613d6ba2c801a19f33503517a12b8df54affc7"",""io_workers"":32,""logical_spatial_shape"":[520,696],""memory_budget_bytes"":0,""minimum_logical_gib"":32.0,""nconnect"":16,""output_buffers"":4,""requested_duration_s"":3.0,""requested_warmup_s"":2.0,""sink"":""fs"",""source_order"":""cyclic"",""storage_type"":""nfs"",""study_id"":""reef-l40-final-confirmation-3704091"",""timing_policy"":""coverage-qualified-through-final-close-v2"",""worker_threads"":4}",/mnt/main0/home/nclack/tmp/2026-09-07-chucky-microscopy-pr/worktree/build-microscopy-confirmation-3rounds-20260916/run-3704091/confirmation/study.json,699e7c6790b3fa31547f,b2dae760faee831c03c9,3be437f36b5a6979,sample,3,3,0,0,"[""reef-l40-final-confirmation-3704091/execution-0044"",""reef-l40-final-confirmation-3704091/execution-0140"",""reef-l40-final-confirmation-3704091/execution-0198""]",0.6593956704503863,0.650732911997443,0.6601734992424296,103082054400,54603067392,1.8878436564738257,0.5297048813183142,568766285.4484302,48.473440982,49.176677887000004,0.0016793014143606482,34360684800,34360684800,true,true,,true,true,true,0.07845874620956646,measured_shard_write_bytes_per_logical_byte,11,"[16384,65536,262144]",[],65b0a281b7079babfdf5,b5b9a5c1e65f60b07381,true
reef-l40-final-transfer-3702747,retained_study,partially_selected_in_current_report,complete,jump-scope-fluorescence,1,68c0bbe90a5c54a24f1b2f0eb320ac7ee78048267eebc09ca8add8309e083982,reef-l40,cw-us-e4a2-l40-234-163,gpu,8,4,discard,discard,,blosc-zstd,3,bit,u16,"[1,256,512]",262144,"[1024,512,1024]",1073741824,16,8,65536,65536,32,4,3.0,2.0,32.0,true,,"{""allocated_cpus"":8,""arrival_bytes_per_s"":null,""backend"":""gpu"",""chunk_depth"":1,""completion_pause_ms"":null,""data_issue"":null,""dataset_version"":1,""dtype"":""u16"",""hostname"":""cw-us-e4a2-l40-234-163"",""input_id"":""jump-scope-fluorescence"",""input_sha256"":""68c0bbe90a5c54a24f1b2f0eb320ac7ee78048267eebc09ca8add8309e083982"",""io_workers"":32,""logical_spatial_shape"":[2000,2000],""memory_budget_bytes"":0,""minimum_logical_gib"":32.0,""nconnect"":null,""output_buffers"":4,""requested_duration_s"":3.0,""requested_warmup_s"":2.0,""sink"":""discard"",""source_order"":""cyclic"",""storage_type"":""discard"",""study_id"":""reef-l40-final-transfer-3702747"",""timing_policy"":""coverage-qualified-through-final-close-v2"",""worker_threads"":4}",/mnt/main0/home/nclack/tmp/2026-09-07-chucky-microscopy-pr/worktree/build-microscopy-final-20260916/run-3702747/transfer/study.json,ca87fa613638b0ec7525,b8e41f9d615c66220826,9e38bcc2cbac5176,sample,2,2,0,0,"[""reef-l40-final-transfer-3702747/execution-0065"",""reef-l40-final-transfer-3702747/execution-0207""]",3.5833694900938355,3.5833645918550316,3.5833743883326394,68720000000,45689225216,1.504074531251513,0.6648606696158323,713888708.0991652,8.930199019000002,8.9302224,0.00535337563432563,34360000000,34360000000,false,true,,true,true,true,0.0,measured_shard_write_bytes_per_logical_byte,5,"[16384,65536,262144]",[],,,false
reef-l40-432380c-20260912-microscopy-256k,regular_sweep,historical,complete,opencell-protein,,cc711313f4f5758d252af98a03bf5ef9b6120bac7e0fb3bfc053e8d3687e4046,reef-l40,cw-us-e4a2-l40-202-193,cpu,8,4,discard,discard,,blosc-lz4,3,bit,u16,"[4,128,256]",262144,"[2728,384,512]",1072693248,4,4,16384,,,,1.0,0.25,32.0,false,,"{""allocated_cpus"":8,""arrival_bytes_per_s"":null,""backend"":""cpu"",""chunk_depth"":4,""completion_pause_ms"":null,""data_issue"":null,""dataset_version"":null,""dtype"":""u16"",""hostname"":""cw-us-e4a2-l40-202-193"",""input_id"":""opencell-protein"",""input_sha256"":""cc711313f4f5758d252af98a03bf5ef9b6120bac7e0fb3bfc053e8d3687e4046"",""io_workers"":null,""logical_spatial_shape"":[600,600],""memory_budget_bytes"":0,""minimum_logical_gib"":32.0,""nconnect"":null,""output_buffers"":null,""requested_duration_s"":1.0,""requested_warmup_s"":0.25,""sink"":""discard"",""source_order"":""cyclic"",""storage_type"":""discard"",""study_id"":""reef-l40-432380c-20260912-microscopy-256k"",""timing_policy"":""coverage-qualified-through-final-close-v2"",""worker_threads"":4}",/mnt/main0/home/nclack/src/chucky/bench/results/reef-l40-432380c-20260912-microscopy-256k.json,48c7088e6c4858ed0343,b9c30ef66a406568b760,microscopy__blosc-lz4__opencell-protein__opencell-protein__core__cpu__u16__256K__shuffle-bit__blosc-block-16384,sample,3,3,0,0,"[""reef-l40-432380c-20260912-microscopy-256k/run-018-repeat-1"",""reef-l40-432380c-20260912-microscopy-256k/run-018-repeat-2"",""reef-l40-432380c-20260912-microscopy-256k/run-018-repeat-3""]",1.94353,1.83655,1.94369,103086000000,80362389504,1.2827642462630973,0.779566473662767,837053127.3599074,16.4646,17.4252,0.00065404,34362000000,34362000000,true,true,,true,true,true,8.465629262912609,measured_shard_write_bytes_per_logical_byte,5,[262144],[],,,false
reef-l40-final-transfer-3702747,retained_study,partially_selected_in_current_report,complete,opencell-protein,1,cc711313f4f5758d252af98a03bf5ef9b6120bac7e0fb3bfc053e8d3687e4046,reef-l40,cw-us-e4a2-l40-234-163,cpu,8,4,fs,nfs,16,blosc-lz4,3,bit,u16,"[1,64,128]",16384,"[16384,128,256]",1073741824,16,15,16384,,32,4,3.0,2.0,32.0,false,,"{""allocated_cpus"":8,""arrival_bytes_per_s"":null,""backend"":""cpu"",""chunk_depth"":1,""completion_pause_ms"":null,""data_issue"":null,""dataset_version"":1,""dtype"":""u16"",""hostname"":""cw-us-e4a2-l40-234-163"",""input_id"":""opencell-protein"",""input_sha256"":""cc711313f4f5758d252af98a03bf5ef9b6120bac7e0fb3bfc053e8d3687e4046"",""io_workers"":32,""logical_spatial_shape"":[600,600],""memory_budget_bytes"":0,""minimum_logical_gib"":32.0,""nconnect"":16,""output_buffers"":4,""requested_duration_s"":3.0,""requested_warmup_s"":2.0,""sink"":""fs"",""source_order"":""cyclic"",""storage_type"":""nfs"",""study_id"":""reef-l40-final-transfer-3702747"",""timing_policy"":""coverage-qualified-through-final-close-v2"",""worker_threads"":4}",/mnt/main0/home/nclack/tmp/2026-09-07-chucky-microscopy-pr/worktree/build-microscopy-final-20260916/run-3702747/transfer/study.json,a248c116b03ea7ebe58b,ba834a36fd806bf5821b,0bb1c1ea45e59496,sample,2,2,0,0,"[""reef-l40-final-transfer-3702747/execution-0083"",""reef-l40-final-transfer-3702747/execution-0163""]",1.7376993960327214,1.7317857644826162,1.7436130275828263,68722560000,53357993984,1.2879524672649283,0.7764261689902122,833681250.8928827,18.353518753,18.478865143,0.004784469437076094,34361280000,34361280000,false,true,,true,true,true,8.086889515192965,measured_shard_write_bytes_per_logical_byte,5,"[16384,65536,262144]",[],,43bd50353876fa620a49,true
reef-l40-final-confirmation-3704091,retained_study,partially_selected_in_current_report,complete,cosem-cos7-em,2,38fa12d66991e8f677a2f1c36de79d1c071a268944e690f572f4e265f59eacb2,reef-l40,cw-us-e4a2-l40-202-189,gpu,8,4,discard,discard,,zstd,3,none,u8,"[4,256,256]",262144,"[16384,256,256]",1073741824,16,16,,,32,4,3.0,2.0,32.0,true,,"{""allocated_cpus"":8,""arrival_bytes_per_s"":null,""backend"":""gpu"",""chunk_depth"":4,""completion_pause_ms"":null,""data_issue"":null,""dataset_version"":2,""dtype"":""u8"",""hostname"":""cw-us-e4a2-l40-202-189"",""input_id"":""cosem-cos7-em"",""input_sha256"":""38fa12d66991e8f677a2f1c36de79d1c071a268944e690f572f4e265f59eacb2"",""io_workers"":32,""logical_spatial_shape"":[1024,1024],""memory_budget_bytes"":0,""minimum_logical_gib"":32.0,""nconnect"":null,""output_buffers"":4,""requested_duration_s"":3.0,""requested_warmup_s"":2.0,""sink"":""discard"",""source_order"":""cyclic"",""storage_type"":""discard"",""study_id"":""reef-l40-final-confirmation-3704091"",""timing_policy"":""coverage-qualified-through-final-close-v2"",""worker_threads"":4}",/mnt/main0/home/nclack/tmp/2026-09-07-chucky-microscopy-pr/worktree/build-microscopy-confirmation-3rounds-20260916/run-3704091/confirmation/study.json,9cd67d455698296b5df5,bb4c00348100f6f9ba02,4ac0ec78efd624af,sample,3,3,0,0,"[""reef-l40-final-confirmation-3704091/execution-0042"",""reef-l40-final-confirmation-3704091/execution-0128"",""reef-l40-final-confirmation-3704091/execution-0227""]",4.399630311825543,4.397435106865738,4.40191492971619,103079215104,82767446016,1.2454077063592548,0.8029499053955078,862160896.0,7.2695634700000005,7.27696964,0.0041822899511231165,34359738368,34359738368,false,true,,true,true,true,0.270578623812348,measured_shard_write_bytes_per_logical_byte,11,"[16384,65536,262144]",[],608bc0b194236418176c,,false
reef-l40-final-discard-3702747,retained_study,historical,complete,cosem-cos7-em,2,38fa12d66991e8f677a2f1c36de79d1c071a268944e690f572f4e265f59eacb2,reef-l40,cw-us-e4a2-l40-234-163,cpu,8,4,discard,discard,,zstd,3,none,u8,"[4,256,256]",262144,"[16384,256,256]",1073741824,16,16,,,32,4,3.0,2.0,32.0,false,,"{""allocated_cpus"":8,""arrival_bytes_per_s"":null,""backend"":""cpu"",""chunk_depth"":4,""completion_pause_ms"":null,""data_issue"":null,""dataset_version"":2,""dtype"":""u8"",""hostname"":""cw-us-e4a2-l40-234-163"",""input_id"":""cosem-cos7-em"",""input_sha256"":""38fa12d66991e8f677a2f1c36de79d1c071a268944e690f572f4e265f59eacb2"",""io_workers"":32,""logical_spatial_shape"":[1024,1024],""memory_budget_bytes"":0,""minimum_logical_gib"":32.0,""nconnect"":null,""output_buffers"":4,""requested_duration_s"":3.0,""requested_warmup_s"":2.0,""sink"":""discard"",""source_order"":""cyclic"",""storage_type"":""discard"",""study_id"":""reef-l40-final-discard-3702747"",""timing_policy"":""coverage-qualified-through-final-close-v2"",""worker_threads"":4}",/mnt/main0/home/nclack/tmp/2026-09-07-chucky-microscopy-pr/worktree/build-microscopy-final-20260916/run-3702747/discard/study.json,a114cf7334b86e683916,bd9db801ff04c068d9fa,4c8a43e40fbacf4c,sample,2,2,0,0,"[""reef-l40-final-discard-3702747/execution-0063"",""reef-l40-final-discard-3702747/execution-0183""]",1.4725653284020472,1.4602934152300295,1.4848372415740652,68719476736,55077634048,1.2476838906353742,0.8014850616455078,860588032.0,21.551183932,21.913403989000003,0.00011267802195268002,34359738368,34359738368,false,true,,true,true,true,0.23280610066478546,measured_shard_write_bytes_per_logical_byte,23,"[16384,65536,262144]",[],0fc5cbf5615a86206693,,false
reef-l40-final-discard-3702747,retained_study,historical,complete,bbbc022-mito,1,1eff677d3f7d6785bdc8e65079613d6ba2c801a19f33503517a12b8df54affc7,reef-l40,cw-us-e4a2-l40-234-163,cpu,8,4,discard,discard,,blosc-zstd,3,bit,u16,"[4,64,128]",65536,"[16384,128,256]",1073741824,16,15,65536,,32,4,3.0,2.0,32.0,false,,"{""allocated_cpus"":8,""arrival_bytes_per_s"":null,""backend"":""cpu"",""chunk_depth"":4,""completion_pause_ms"":null,""data_issue"":null,""dataset_version"":1,""dtype"":""u16"",""hostname"":""cw-us-e4a2-l40-234-163"",""input_id"":""bbbc022-mito"",""input_sha256"":""1eff677d3f7d6785bdc8e65079613d6ba2c801a19f33503517a12b8df54affc7"",""io_workers"":32,""logical_spatial_shape"":[520,696],""memory_budget_bytes"":0,""minimum_logical_gib"":32.0,""nconnect"":null,""output_buffers"":4,""requested_duration_s"":3.0,""requested_warmup_s"":2.0,""sink"":""discard"",""source_order"":""cyclic"",""storage_type"":""discard"",""study_id"":""reef-l40-final-discard-3702747"",""timing_policy"":""coverage-qualified-through-final-close-v2"",""worker_threads"":4}",/mnt/main0/home/nclack/tmp/2026-09-07-chucky-microscopy-pr/worktree/build-microscopy-final-20260916/run-3702747/discard/study.json,f07e01e12f85e6bf6556,bff1360f32984cfc0e62,3b8f33b8fb203525,sample,2,2,0,0,"[""reef-l40-final-discard-3702747/execution-0012"",""reef-l40-final-discard-3702747/execution-0152""]",0.8144020496444769,0.8077327281853743,0.8210713711035795,68721369600,36402049024,1.8878434440515082,0.5297049409213171,568766349.4466673,38.974544112000004,39.618156427,0.0010015823053742701,34360684800,34360684800,true,true,,true,true,true,0.074837513300099,measured_shard_write_bytes_per_logical_byte,23,"[16384,65536,262144]",[],ed29e7a271496d31c914,5ac36091a7cd1caf8927,true
reef-l40-final-transfer-3702747,retained_study,partially_selected_in_current_report,complete,dynacell-a549-phase,1,920cadc14fb62b66fa23671f25c599904db55815e24e19705b6dc01fdfea1f79,reef-l40,cw-us-e4a2-l40-234-163,cpu,8,4,discard,discard,,blosc-lz4,3,bit,f32,"[1,256,256]",262144,"[4096,256,256]",1073741824,16,4,262144,,32,4,3.0,2.0,32.0,false,,"{""allocated_cpus"":8,""arrival_bytes_per_s"":null,""backend"":""cpu"",""chunk_depth"":1,""completion_pause_ms"":null,""data_issue"":null,""dataset_version"":1,""dtype"":""f32"",""hostname"":""cw-us-e4a2-l40-234-163"",""input_id"":""dynacell-a549-phase"",""input_sha256"":""920cadc14fb62b66fa23671f25c599904db55815e24e19705b6dc01fdfea1f79"",""io_workers"":32,""logical_spatial_shape"":[512,512],""memory_budget_bytes"":0,""minimum_logical_gib"":32.0,""nconnect"":null,""output_buffers"":4,""requested_duration_s"":3.0,""requested_warmup_s"":2.0,""sink"":""discard"",""source_order"":""cyclic"",""storage_type"":""discard"",""study_id"":""reef-l40-final-transfer-3702747"",""timing_policy"":""coverage-qualified-through-final-close-v2"",""worker_threads"":4}",/mnt/main0/home/nclack/tmp/2026-09-07-chucky-microscopy-pr/worktree/build-microscopy-final-20260916/run-3702747/transfer/study.json,292084b2b77d2637b050,c083798d7d1505bc9fcc,3ab754ca2fd4ac25,sample,2,2,0,0,"[""reef-l40-final-transfer-3702747/execution-0095"",""reef-l40-final-transfer-3702747/execution-0136""]",4.067394685029351,4.0616498655278805,4.073139504530821,68719476736,60188540928,1.1417368767620577,0.8758585453033447,940445952.0,7.8563475910000005,7.878571931000001,4.126825207101467e-05,34359738368,34359738368,false,true,,true,true,true,0.9781109737047465,measured_shard_write_bytes_per_logical_byte,5,[262144],[],,,false
reef-l40-microscopy-discovery-3667908,retained_study,historical,complete,cosem-cos7-em,,bcc34b3a7e3f170c181df84e5419cd28e1995cd9b5c35801fab22bdc28c410cd,reef-l40,cw-us-e4a2-l40-202-047,gpu,8,4,discard,discard,,zstd,3,none,u8,"[1,512,512]",262144,"[4096,512,512]",1073741824,4,1,,,,,1.0,0.25,0.125,false,,"{""allocated_cpus"":8,""arrival_bytes_per_s"":null,""backend"":""gpu"",""chunk_depth"":1,""completion_pause_ms"":null,""data_issue"":null,""dataset_version"":null,""dtype"":""u8"",""hostname"":""cw-us-e4a2-l40-202-047"",""input_id"":""cosem-cos7-em"",""input_sha256"":""bcc34b3a7e3f170c181df84e5419cd28e1995cd9b5c35801fab22bdc28c410cd"",""io_workers"":null,""logical_spatial_shape"":[512,512],""memory_budget_bytes"":0,""minimum_logical_gib"":0.125,""nconnect"":null,""output_buffers"":null,""requested_duration_s"":1.0,""requested_warmup_s"":0.25,""sink"":""discard"",""source_order"":""cyclic"",""storage_type"":""discard"",""study_id"":""reef-l40-microscopy-discovery-3667908"",""timing_policy"":""coverage-qualified-through-final-close-v2"",""worker_threads"":4}",/mnt/main0/home/nclack/tmp/2026-09-07-chucky-microscopy-pr/worktree/build-microscopy-study-20260913/discovery-3667908/study.json,dedfc008ec0ee3b40049,c19016a4c6d32faf1f48,1ed1d8c8c094afc4,sample,1,1,0,0,"[""reef-l40-microscopy-discovery-3667908/execution-0284""]",4.653691636741027,4.653691636741027,4.653691636741027,5167382528,4214980608,1.2259564179707847,0.8156896814123377,875840126.3376623,1.0341252380000001,1.0341252380000001,0.025483608785109253,5167382528,5167382528,false,true,,true,true,true,0.0,measured_shard_write_bytes_per_logical_byte,23,"[16384,65536,262144]",[],68babd7ec325224f1316,,false
reef-turin-microscopy-pareto-transfer-3710982,retained_study,partially_selected_in_current_report,complete,bbbc010-brightfield,1,98f9957085aca90efdcb07c37ee421ac0b2b458074ff21883b0cfca2fe148f71,reef-turin,cpu-turin-gp-l-243-179,cpu,40,32,discard,discard,,blosc-zstd,3,bit,u16,"[1,128,256]",65536,"[16384,128,256]",1073741824,16,15,65536,,32,4,3.0,2.0,32.0,true,,"{""allocated_cpus"":40,""arrival_bytes_per_s"":null,""backend"":""cpu"",""chunk_depth"":1,""completion_pause_ms"":null,""data_issue"":null,""dataset_version"":1,""dtype"":""u16"",""hostname"":""cpu-turin-gp-l-243-179"",""input_id"":""bbbc010-brightfield"",""input_sha256"":""98f9957085aca90efdcb07c37ee421ac0b2b458074ff21883b0cfca2fe148f71"",""io_workers"":32,""logical_spatial_shape"":[520,696],""memory_budget_bytes"":0,""minimum_logical_gib"":32.0,""nconnect"":null,""output_buffers"":4,""requested_duration_s"":3.0,""requested_warmup_s"":2.0,""sink"":""discard"",""source_order"":""cyclic"",""storage_type"":""discard"",""study_id"":""reef-turin-microscopy-pareto-transfer-3710982"",""timing_policy"":""coverage-qualified-through-final-close-v2"",""worker_threads"":32}",/mnt/main0/home/nclack/tmp/2026-09-07-chucky-microscopy-pr/worktree/build-microscopy-unified-corrected-20260916/turin-3710982/transfer/study.json,186e3af38435105e18d4,cab6c222d105b449bbbe,e3b3f641df8efa1f,sample,3,3,0,0,"[""reef-turin-microscopy-pareto-transfer-3710982/execution-0038"",""reef-turin-microscopy-pareto-transfer-3710982/execution-0107"",""reef-turin-microscopy-pareto-transfer-3710982/execution-0204""]",6.947969392266742,6.855553050648716,6.986601902775445,103082054400,30337560576,3.397835964489118,0.2943049665878603,316007551.6363082,4.580321081,4.667877618,0.0028150073920811176,34360684800,34360684800,false,true,,true,true,true,0.0,measured_shard_write_bytes_per_logical_byte,8,"[16384,65536]",[],,,true
reef-l40-microscopy-sinks-3671242,retained_study,historical,complete,bbbc010-brightfield,,98f9957085aca90efdcb07c37ee421ac0b2b458074ff21883b0cfca2fe148f71,reef-l40,cw-us-e4a2-l40-202-211,gpu,8,4,fs,nfs,16,blosc-zstd,3,bit,u16,"[1,128,256]",65536,"[2730,384,512]",1073479680,4,4,65536,65536,,,3.0,2.0,0.125,false,,"{""allocated_cpus"":8,""arrival_bytes_per_s"":null,""backend"":""gpu"",""chunk_depth"":1,""completion_pause_ms"":null,""data_issue"":null,""dataset_version"":null,""dtype"":""u16"",""hostname"":""cw-us-e4a2-l40-202-211"",""input_id"":""bbbc010-brightfield"",""input_sha256"":""98f9957085aca90efdcb07c37ee421ac0b2b458074ff21883b0cfca2fe148f71"",""io_workers"":null,""logical_spatial_shape"":[520,696],""memory_budget_bytes"":0,""minimum_logical_gib"":0.125,""nconnect"":16,""output_buffers"":null,""requested_duration_s"":3.0,""requested_warmup_s"":2.0,""sink"":""fs"",""source_order"":""cyclic"",""storage_type"":""nfs"",""study_id"":""reef-l40-microscopy-sinks-3671242"",""timing_policy"":""coverage-qualified-through-final-close-v2"",""worker_threads"":4}",/mnt/main0/home/nclack/tmp/2026-09-07-chucky-microscopy-pr/worktree/build-microscopy-next-experiment-20260913/run-3671242/study.json,b012cfb23cf84984b867,cbb21d3dd66aef83aa76,7ae0582ee63991b7,sample,8,8,0,0,"[""reef-l40-microscopy-sinks-3671242/execution-0011"",""reef-l40-microscopy-sinks-3671242/execution-0091"",""reef-l40-microscopy-sinks-3671242/execution-0137"",""reef-l40-microscopy-sinks-3671242/execution-0198"",""reef-l40-microscopy-sinks-3671242/execution-0257"",""reef-l40-microscopy-sinks-3671242/execution-0269"",""reef-l40-microscopy-sinks-3671242/execution-0356"",""reef-l40-microscopy-sinks-3671242/execution-0379""]",5.407776211024505,3.77175697317105,6.0640224836633365,137225587200,40372080640,3.3990219236815635,0.29420228008322924,315897292.84152544,3.0332336700000004,3.11673172,0.014267559456414714,12486240000,19749974400,false,true,,true,true,true,0.0,measured_shard_write_bytes_per_logical_byte,6,"[16384,65536]",[],,,true
reef-l40-microscopy-pilot-3667862,retained_study,historical,complete,bbbc010-brightfield,,98f9957085aca90efdcb07c37ee421ac0b2b458074ff21883b0cfca2fe148f71,reef-l40,cw-us-e4a2-l40-234-199,gpu,8,4,discard,discard,,blosc-zstd,3,bit,u16,"[1,64,128]",16384,"[4369,320,384]",1073725440,4,4,16384,16384,,,1.0,0.25,0.125,false,,"{""allocated_cpus"":8,""arrival_bytes_per_s"":null,""backend"":""gpu"",""chunk_depth"":1,""completion_pause_ms"":null,""data_issue"":null,""dataset_version"":null,""dtype"":""u16"",""hostname"":""cw-us-e4a2-l40-234-199"",""input_id"":""bbbc010-brightfield"",""input_sha256"":""98f9957085aca90efdcb07c37ee421ac0b2b458074ff21883b0cfca2fe148f71"",""io_workers"":null,""logical_spatial_shape"":[520,696],""memory_budget_bytes"":0,""minimum_logical_gib"":0.125,""nconnect"":null,""output_buffers"":null,""requested_duration_s"":1.0,""requested_warmup_s"":0.25,""sink"":""discard"",""source_order"":""cyclic"",""storage_type"":""discard"",""study_id"":""reef-l40-microscopy-pilot-3667862"",""timing_policy"":""coverage-qualified-through-final-close-v2"",""worker_threads"":4}",/mnt/main0/home/nclack/tmp/2026-09-07-chucky-microscopy-pr/worktree/build-microscopy-study-20260913/pilot-3667862/study.json,886a9b9403ce265cd925,cccf50fbb4d9f3ec0ed0,a24d7d803890285b,sample,1,1,0,0,"[""reef-l40-microscopy-pilot-3667862/execution-0010""]",6.518845533161737,6.518845533161737,6.518845533161737,7209446400,2135629824,3.3757940252477012,0.2962266040288475,318070894.12726045,1.029986166,1.029986166,0.025599314699921903,7209446400,7209446400,false,true,,true,true,true,1.882653710925703,measured_shard_write_bytes_per_logical_byte,4,"[16384,262144]",[],,4aacfcc4b14fe45369f7,true
reef-turin-microscopy-pareto-transfer-3710982,retained_study,partially_selected_in_current_report,complete,dynacell-a549-phase,1,920cadc14fb62b66fa23671f25c599904db55815e24e19705b6dc01fdfea1f79,reef-turin,cpu-turin-gp-l-243-179,cpu,40,32,discard,discard,,blosc-lz4,3,bit,f32,"[1,256,256]",262144,"[4096,256,256]",1073741824,16,4,262144,,32,4,3.0,2.0,32.0,true,,"{""allocated_cpus"":40,""arrival_bytes_per_s"":null,""backend"":""cpu"",""chunk_depth"":1,""completion_pause_ms"":null,""data_issue"":null,""dataset_version"":1,""dtype"":""f32"",""hostname"":""cpu-turin-gp-l-243-179"",""input_id"":""dynacell-a549-phase"",""input_sha256"":""920cadc14fb62b66fa23671f25c599904db55815e24e19705b6dc01fdfea1f79"",""io_workers"":32,""logical_spatial_shape"":[512,512],""memory_budget_bytes"":0,""minimum_logical_gib"":32.0,""nconnect"":null,""output_buffers"":4,""requested_duration_s"":3.0,""requested_warmup_s"":2.0,""sink"":""discard"",""source_order"":""cyclic"",""storage_type"":""discard"",""study_id"":""reef-turin-microscopy-pareto-transfer-3710982"",""timing_policy"":""coverage-qualified-through-final-close-v2"",""worker_threads"":32}",/mnt/main0/home/nclack/tmp/2026-09-07-chucky-microscopy-pr/worktree/build-microscopy-unified-corrected-20260916/turin-3710982/transfer/study.json,71b4550d2e505b7505c1,d28fe5454933ce4bc0a1,4af685c01d387399,sample,3,3,0,0,"[""reef-turin-microscopy-pareto-transfer-3710982/execution-0040"",""reef-turin-microscopy-pareto-transfer-3710982/execution-0150"",""reef-turin-microscopy-pareto-transfer-3710982/execution-0237""]",16.53577660366258,15.933896652747613,16.693047674769165,158448222208,138778198016,1.1417371350342236,0.8758583471755301,940445739.261879,3.000923598,3.002746961,0.0001708652133075958,51342475264,53821308928,false,true,,true,true,true,0.9777001637045575,measured_shard_write_bytes_per_logical_byte,10,"[16384,65536,131072,262144]","[""d58e4e7699fb11e910a9""]",d58e4e7699fb11e910a9,,false
reef-l40-432380c-20260912-microscopy-256k,regular_sweep,historical,complete,opencell-protein,,cc711313f4f5758d252af98a03bf5ef9b6120bac7e0fb3bfc053e8d3687e4046,reef-l40,cw-us-e4a2-l40-202-193,gpu,8,4,discard,discard,,blosc-zstd,3,bit,u16,"[4,128,256]",262144,"[2728,384,512]",1072693248,4,4,16384,16384,,,1.0,0.25,32.0,false,,"{""allocated_cpus"":8,""arrival_bytes_per_s"":null,""backend"":""gpu"",""chunk_depth"":4,""completion_pause_ms"":null,""data_issue"":null,""dataset_version"":null,""dtype"":""u16"",""hostname"":""cw-us-e4a2-l40-202-193"",""input_id"":""opencell-protein"",""input_sha256"":""cc711313f4f5758d252af98a03bf5ef9b6120bac7e0fb3bfc053e8d3687e4046"",""io_workers"":null,""logical_spatial_shape"":[600,600],""memory_budget_bytes"":0,""minimum_logical_gib"":32.0,""nconnect"":null,""output_buffers"":null,""requested_duration_s"":1.0,""requested_warmup_s"":0.25,""sink"":""discard"",""source_order"":""cyclic"",""storage_type"":""discard"",""study_id"":""reef-l40-432380c-20260912-microscopy-256k"",""timing_policy"":""coverage-qualified-through-final-close-v2"",""worker_threads"":4}",/mnt/main0/home/nclack/src/chucky/bench/results/reef-l40-432380c-20260912-microscopy-256k.json,2ff59681facce97b7eea,d34beafb36b9df4cdeb9,microscopy__blosc-zstd__opencell-protein__opencell-protein__core__gpu__u16__256K__shuffle-bit__blosc-block-16384,sample,3,3,0,0,"[""reef-l40-432380c-20260912-microscopy-256k/run-019-repeat-1"",""reef-l40-432380c-20260912-microscopy-256k/run-019-repeat-2"",""reef-l40-432380c-20260912-microscopy-256k/run-019-repeat-3""]",2.69656,2.69655,2.6974,103086000000,73923194880,1.3945014168738266,0.7171021756591583,769982598.0866331,11.8641,11.8678,0.00420078,34362000000,34362000000,true,true,,true,true,true,0.0,measured_shard_write_bytes_per_logical_byte,5,[262144],[],,,false
reef-l40-microscopy-workers-3708541,retained_study,historical_worker_comparison_with_withdrawn_repeated_plane_cases,complete,cosem-cos7-em,2,38fa12d66991e8f677a2f1c36de79d1c071a268944e690f572f4e265f59eacb2,reef-l40,cw-us-e4a2-l40-234-083,gpu,8,4,discard,discard,,zstd,3,none,u8,"[4,256,256]",262144,"[16384,256,256]",1073741824,16,16,,,32,4,3.0,2.0,32.0,false,,"{""allocated_cpus"":8,""arrival_bytes_per_s"":null,""backend"":""gpu"",""chunk_depth"":4,""completion_pause_ms"":null,""data_issue"":null,""dataset_version"":2,""dtype"":""u8"",""hostname"":""cw-us-e4a2-l40-234-083"",""input_id"":""cosem-cos7-em"",""input_sha256"":""38fa12d66991e8f677a2f1c36de79d1c071a268944e690f572f4e265f59eacb2"",""io_workers"":32,""logical_spatial_shape"":[1024,1024],""memory_budget_bytes"":0,""minimum_logical_gib"":32.0,""nconnect"":null,""output_buffers"":4,""requested_duration_s"":3.0,""requested_warmup_s"":2.0,""sink"":""discard"",""source_order"":""cyclic"",""storage_type"":""discard"",""study_id"":""reef-l40-microscopy-workers-3708541"",""timing_policy"":""coverage-qualified-through-final-close-v2"",""worker_threads"":4}",/mnt/main0/home/nclack/tmp/2026-09-07-chucky-microscopy-pr/worktree/build-microscopy-cpu-scaling-20260916/l40-3708541/study.json,2196f84198d1db29b8c3,d3a4c9bbe664e716a88b,9086fec162a4d8a6,sample,3,3,0,0,"[""reef-l40-microscopy-workers-3708541/execution-0028"",""reef-l40-microscopy-workers-3708541/execution-0046"",""reef-l40-microscopy-workers-3708541/execution-0092""]",4.3961625611510735,4.394502928517512,4.4001892049130165,103079215104,82767446016,1.2454077063592548,0.8029499053955078,862160896.0,7.272414683,7.281824491000001,0.004152661058691259,34359738368,34359738368,false,true,,true,true,true,0.21710925690071775,measured_shard_write_bytes_per_logical_byte,3,"[16384,65536,262144]",[],55f45b9a07c57a01d459,,false
reef-l40-microscopy-pilot-3667862,retained_study,historical,complete,dynacell-a549-phase,,920cadc14fb62b66fa23671f25c599904db55815e24e19705b6dc01fdfea1f79,reef-l40,cw-us-e4a2-l40-234-199,gpu,8,4,discard,discard,,blosc-zstd,3,bit,f32,"[1,256,256]",262144,"[4096,256,256]",1073741824,4,4,262144,262144,,,1.0,0.25,0.125,false,,"{""allocated_cpus"":8,""arrival_bytes_per_s"":null,""backend"":""gpu"",""chunk_depth"":1,""completion_pause_ms"":null,""data_issue"":null,""dataset_version"":null,""dtype"":""f32"",""hostname"":""cw-us-e4a2-l40-234-199"",""input_id"":""dynacell-a549-phase"",""input_sha256"":""920cadc14fb62b66fa23671f25c599904db55815e24e19705b6dc01fdfea1f79"",""io_workers"":null,""logical_spatial_shape"":[512,512],""memory_budget_bytes"":0,""minimum_logical_gib"":0.125,""nconnect"":null,""output_buffers"":null,""requested_duration_s"":1.0,""requested_warmup_s"":0.25,""sink"":""discard"",""source_order"":""cyclic"",""storage_type"":""discard"",""study_id"":""reef-l40-microscopy-pilot-3667862"",""timing_policy"":""coverage-qualified-through-final-close-v2"",""worker_threads"":4}",/mnt/main0/home/nclack/tmp/2026-09-07-chucky-microscopy-pr/worktree/build-microscopy-study-20260913/pilot-3667862/study.json,822d9246567e31d4d5a2,d563981592995554300c,8d7294021f1f5e39,sample,1,1,0,0,"[""reef-l40-microscopy-pilot-3667862/execution-0028""]",4.357751523363095,4.357751523363095,4.357751523363095,8459911168,7241097216,1.168318959909404,0.8559306442117005,919048531.1333663,1.808020953,1.808020953,0.02249710377111985,8459911168,8459911168,false,true,,true,true,true,0.0,measured_shard_write_bytes_per_logical_byte,4,"[16384,262144]",[],99e22fd645fedd987ba8,,false
reef-l40-microscopy-sinks-3671242,retained_study,historical,complete,cosem-cos7-em,,bcc34b3a7e3f170c181df84e5419cd28e1995cd9b5c35801fab22bdc28c410cd,reef-l40,cw-us-e4a2-l40-202-211,cpu,8,4,fs,nfs,16,zstd,3,none,u8,"[1,512,512]",262144,"[4096,512,512]",1073741824,4,1,,,,,3.0,2.0,0.125,false,,"{""allocated_cpus"":8,""arrival_bytes_per_s"":null,""backend"":""cpu"",""chunk_depth"":1,""completion_pause_ms"":null,""data_issue"":null,""dataset_version"":null,""dtype"":""u8"",""hostname"":""cw-us-e4a2-l40-202-211"",""input_id"":""cosem-cos7-em"",""input_sha256"":""bcc34b3a7e3f170c181df84e5419cd28e1995cd9b5c35801fab22bdc28c410cd"",""io_workers"":null,""logical_spatial_shape"":[512,512],""memory_budget_bytes"":0,""minimum_logical_gib"":0.125,""nconnect"":16,""output_buffers"":null,""requested_duration_s"":3.0,""requested_warmup_s"":2.0,""sink"":""fs"",""source_order"":""cyclic"",""storage_type"":""nfs"",""study_id"":""reef-l40-microscopy-sinks-3671242"",""timing_policy"":""coverage-qualified-through-final-close-v2"",""worker_threads"":4}",/mnt/main0/home/nclack/tmp/2026-09-07-chucky-microscopy-pr/worktree/build-microscopy-next-experiment-20260913/run-3671242/study.json,067f37778ff75e98e2c6,d84bed7ef9ee93ba3c48,437ac0f6459716ac,sample,8,8,0,0,"[""reef-l40-microscopy-sinks-3671242/execution-0029"",""reef-l40-microscopy-sinks-3671242/execution-0057"",""reef-l40-microscopy-sinks-3671242/execution-0131"",""reef-l40-microscopy-sinks-3671242/execution-0182"",""reef-l40-microscopy-sinks-3671242/execution-0228"",""reef-l40-microscopy-sinks-3671242/execution-0305"",""reef-l40-microscopy-sinks-3671242/execution-0357"",""reef-l40-microscopy-sinks-3671242/execution-0367""]",1.4137583530255013,1.2636843309019477,1.4953665266181397,37312528384,30376280064,1.2283442312681463,0.8141040390343974,874137555.7985611,3.082991906,3.142863116,0.029945262932847813,4227858432,4966055936,false,true,,true,true,true,0.0,measured_shard_write_bytes_per_logical_byte,6,"[16384,262144]",[],,,false
reef-l40-final-confirmation-3704091,retained_study,partially_selected_in_current_report,complete,bbbc022-mito,1,1eff677d3f7d6785bdc8e65079613d6ba2c801a19f33503517a12b8df54affc7,reef-l40,cw-us-e4a2-l40-202-189,gpu,8,4,discard,discard,,blosc-zstd,3,bit,u16,"[4,128,256]",262144,"[16384,128,256]",1073741824,16,15,65536,65536,32,4,3.0,2.0,32.0,true,,"{""allocated_cpus"":8,""arrival_bytes_per_s"":null,""backend"":""gpu"",""chunk_depth"":4,""completion_pause_ms"":null,""data_issue"":null,""dataset_version"":1,""dtype"":""u16"",""hostname"":""cw-us-e4a2-l40-202-189"",""input_id"":""bbbc022-mito"",""input_sha256"":""1eff677d3f7d6785bdc8e65079613d6ba2c801a19f33503517a12b8df54affc7"",""io_workers"":32,""logical_spatial_shape"":[520,696],""memory_budget_bytes"":0,""minimum_logical_gib"":32.0,""nconnect"":null,""output_buffers"":4,""requested_duration_s"":3.0,""requested_warmup_s"":2.0,""sink"":""discard"",""source_order"":""cyclic"",""storage_type"":""discard"",""study_id"":""reef-l40-final-confirmation-3704091"",""timing_policy"":""coverage-qualified-through-final-close-v2"",""worker_threads"":4}",/mnt/main0/home/nclack/tmp/2026-09-07-chucky-microscopy-pr/worktree/build-microscopy-confirmation-3rounds-20260916/run-3704091/confirmation/study.json,b2bc6959240cfcd3a49e,dc640b9b984479f3d851,30c13e1f42e63a25,sample,3,3,0,0,"[""reef-l40-final-confirmation-3704091/execution-0067"",""reef-l40-final-confirmation-3704091/execution-0122"",""reef-l40-final-confirmation-3704091/execution-0189""]",4.314249076363729,4.313471624138404,4.3151262470702045,103082054400,54661316608,1.8858318971576573,0.5302699575223057,569373031.402403,7.415977902000001,7.418822598,0.003965165320032565,34360684800,34360684800,true,true,,true,true,true,2.296994280587573,measured_shard_write_bytes_per_logical_byte,13,"[16384,65536,262144]",[],52451fa82a419a76ef8a,,false
reef-l40-final-transfer-3702747,retained_study,partially_selected_in_current_report,complete,dynacell-a549-phase,1,920cadc14fb62b66fa23671f25c599904db55815e24e19705b6dc01fdfea1f79,reef-l40,cw-us-e4a2-l40-234-163,cpu,8,4,fs,nfs,16,blosc-lz4,3,bit,f32,"[1,256,256]",262144,"[4096,256,256]",1073741824,16,4,262144,,32,4,3.0,2.0,32.0,false,,"{""allocated_cpus"":8,""arrival_bytes_per_s"":null,""backend"":""cpu"",""chunk_depth"":1,""completion_pause_ms"":null,""data_issue"":null,""dataset_version"":1,""dtype"":""f32"",""hostname"":""cw-us-e4a2-l40-234-163"",""input_id"":""dynacell-a549-phase"",""input_sha256"":""920cadc14fb62b66fa23671f25c599904db55815e24e19705b6dc01fdfea1f79"",""io_workers"":32,""logical_spatial_shape"":[512,512],""memory_budget_bytes"":0,""minimum_logical_gib"":32.0,""nconnect"":16,""output_buffers"":4,""requested_duration_s"":3.0,""requested_warmup_s"":2.0,""sink"":""fs"",""source_order"":""cyclic"",""storage_type"":""nfs"",""study_id"":""reef-l40-final-transfer-3702747"",""timing_policy"":""coverage-qualified-through-final-close-v2"",""worker_threads"":4}",/mnt/main0/home/nclack/tmp/2026-09-07-chucky-microscopy-pr/worktree/build-microscopy-final-20260916/run-3702747/transfer/study.json,7faf5126af663df0e3c0,ddbb089cfe5dcb88a286,7d9d6cf290f07afe,sample,2,2,0,0,"[""reef-l40-final-transfer-3702747/execution-0096"",""reef-l40-final-transfer-3702747/execution-0135""]",2.7705360333813625,2.643347215853888,2.8977248509088374,68719476736,60188819456,1.1417315932942693,0.8758625984191895,940450304.0,11.043146040000002,12.105863726,0.0074038456225857556,34359738368,34359738368,false,true,,true,true,true,0.9781064031555367,measured_shard_write_bytes_per_logical_byte,5,[262144],[],,,false
reef-l40-final-transfer-3702747,retained_study,partially_selected_in_current_report,complete,opencell-dna,1,8b9c2466422678b7b32a0617e504d7d59a6ef7898448cbd938b811c415df0d14,reef-l40,cw-us-e4a2-l40-234-163,cpu,8,4,discard,discard,,blosc-lz4,3,bit,u16,"[1,64,128]",16384,"[16384,128,256]",1073741824,16,15,16384,,32,4,3.0,2.0,32.0,false,,"{""allocated_cpus"":8,""arrival_bytes_per_s"":null,""backend"":""cpu"",""chunk_depth"":1,""completion_pause_ms"":null,""data_issue"":null,""dataset_version"":1,""dtype"":""u16"",""hostname"":""cw-us-e4a2-l40-234-163"",""input_id"":""opencell-dna"",""input_sha256"":""8b9c2466422678b7b32a0617e504d7d59a6ef7898448cbd938b811c415df0d14"",""io_workers"":32,""logical_spatial_shape"":[600,600],""memory_budget_bytes"":0,""minimum_logical_gib"":32.0,""nconnect"":null,""output_buffers"":4,""requested_duration_s"":3.0,""requested_warmup_s"":2.0,""sink"":""discard"",""source_order"":""cyclic"",""storage_type"":""discard"",""study_id"":""reef-l40-final-transfer-3702747"",""timing_policy"":""coverage-qualified-through-final-close-v2"",""worker_threads"":4}",/mnt/main0/home/nclack/tmp/2026-09-07-chucky-microscopy-pr/worktree/build-microscopy-final-20260916/run-3702747/transfer/study.json,c1cfd22ca1a5d2eebf59,e5000b5c9f6ecf57841f,d97ce0faf9bf88c0,sample,2,2,0,0,"[""reef-l40-final-transfer-3702747/execution-0052"",""reef-l40-final-transfer-3702747/execution-0176""]",2.306361372751806,2.3055478001780125,2.3071749453256,68722560000,50212872192,1.3686243586549705,0.7306606766686223,784540927.6912408,13.870398250000001,13.880186853000001,0.0030244282951602517,34361280000,34361280000,false,true,,true,true,true,7.92186330609249,measured_shard_write_bytes_per_logical_byte,5,"[16384,65536,262144]",[],,34ad230c4660dd619f6e,true
reef-turin-microscopy-pareto-transfer-3710982,retained_study,partially_selected_in_current_report,complete,jump-scope-fluorescence,1,68c0bbe90a5c54a24f1b2f0eb320ac7ee78048267eebc09ca8add8309e083982,reef-turin,cpu-turin-gp-l-243-179,cpu,40,32,fs,nfs,16,blosc-lz4,3,bit,u16,"[1,64,128]",16384,"[1560,448,768]",1073479680,16,15,4096,,32,4,3.0,2.0,32.0,true,,"{""allocated_cpus"":40,""arrival_bytes_per_s"":null,""backend"":""cpu"",""chunk_depth"":1,""completion_pause_ms"":null,""data_issue"":null,""dataset_version"":1,""dtype"":""u16"",""hostname"":""cpu-turin-gp-l-243-179"",""input_id"":""jump-scope-fluorescence"",""input_sha256"":""68c0bbe90a5c54a24f1b2f0eb320ac7ee78048267eebc09ca8add8309e083982"",""io_workers"":32,""logical_spatial_shape"":[2000,2000],""memory_budget_bytes"":0,""minimum_logical_gib"":32.0,""nconnect"":16,""output_buffers"":4,""requested_duration_s"":3.0,""requested_warmup_s"":2.0,""sink"":""fs"",""source_order"":""cyclic"",""storage_type"":""nfs"",""study_id"":""reef-turin-microscopy-pareto-transfer-3710982"",""timing_policy"":""coverage-qualified-through-final-close-v2"",""worker_threads"":32}",/mnt/main0/home/nclack/tmp/2026-09-07-chucky-microscopy-pr/worktree/build-microscopy-unified-corrected-20260916/turin-3710982/transfer/study.json,200fef79daed798ec878,e874416df71f6edc956a,b81901a0d08a9db6,sample,3,3,0,0,"[""reef-turin-microscopy-pareto-transfer-3710982/execution-0075"",""reef-turin-microscopy-pareto-transfer-3710982/execution-0145"",""reef-turin-microscopy-pareto-transfer-3710982/execution-0243""]",5.541321878241295,4.7510081406093345,5.574844846045804,103080000000,74269319168,1.3879217038038163,0.72050173814513,773632850.5111222,5.740113748000001,6.735464032,0.017977417550694638,34360000000,34360000000,false,true,,true,true,true,7.266293351825348,measured_shard_write_bytes_per_logical_byte,8,"[16384,65536,262144]","[""1aa72fa34ffbd61eb321"",""c87003df074aeec51f5a""]",,c87003df074aeec51f5a,true
reef-l40-microscopy-discovery-3667908,retained_study,historical,complete,bbbc010-brightfield,,98f9957085aca90efdcb07c37ee421ac0b2b458074ff21883b0cfca2fe148f71,reef-l40,cw-us-e4a2-l40-202-047,cpu,8,4,discard,discard,,blosc-zstd,3,bit,u16,"[1,128,256]",65536,"[2730,384,512]",1073479680,4,4,65536,,,,1.0,1.0,0.125,false,,"{""allocated_cpus"":8,""arrival_bytes_per_s"":null,""backend"":""cpu"",""chunk_depth"":1,""completion_pause_ms"":null,""data_issue"":null,""dataset_version"":null,""dtype"":""u16"",""hostname"":""cw-us-e4a2-l40-202-047"",""input_id"":""bbbc010-brightfield"",""input_sha256"":""98f9957085aca90efdcb07c37ee421ac0b2b458074ff21883b0cfca2fe148f71"",""io_workers"":null,""logical_spatial_shape"":[520,696],""memory_budget_bytes"":0,""minimum_logical_gib"":0.125,""nconnect"":null,""output_buffers"":null,""requested_duration_s"":1.0,""requested_warmup_s"":1.0,""sink"":""discard"",""source_order"":""cyclic"",""storage_type"":""discard"",""study_id"":""reef-l40-microscopy-discovery-3667908"",""timing_policy"":""coverage-qualified-through-final-close-v2"",""worker_threads"":4}",/mnt/main0/home/nclack/tmp/2026-09-07-chucky-microscopy-pr/worktree/build-microscopy-study-20260913/discovery-3667908/study.json,5e3790a442938e967c7f,eb9324137334a40ae163,a91a1338224cf599,sample,3,3,0,0,"[""reef-l40-microscopy-discovery-3667908/execution-0179"",""reef-l40-microscopy-discovery-3667908/execution-0187"",""reef-l40-microscopy-discovery-3667908/execution-0199""]",0.8530645155639465,0.8501147950538731,0.8538455886355243,9062476800,2667991040,3.3967418421315236,0.29439976497374315,316109340.6280783,3.2765096650000003,3.346397771,0.0034843086598983068,3003936000,3054604800,false,true,,true,true,true,0.4222573767668065,measured_shard_write_bytes_per_logical_byte,23,"[16384,65536,262144]",[],3a531858326c79585144,ef91b96e896bd019ba34,true
reef-l40-microscopy-sinks-3671242,retained_study,historical,complete,bbbc010-brightfield,,98f9957085aca90efdcb07c37ee421ac0b2b458074ff21883b0cfca2fe148f71,reef-l40,cw-us-e4a2-l40-202-211,cpu,8,4,fs,nfs,16,blosc-zstd,3,bit,u16,"[1,128,256]",65536,"[2730,384,512]",1073479680,4,4,65536,,,,3.0,2.0,0.125,false,,"{""allocated_cpus"":8,""arrival_bytes_per_s"":null,""backend"":""cpu"",""chunk_depth"":1,""completion_pause_ms"":null,""data_issue"":null,""dataset_version"":null,""dtype"":""u16"",""hostname"":""cw-us-e4a2-l40-202-211"",""input_id"":""bbbc010-brightfield"",""input_sha256"":""98f9957085aca90efdcb07c37ee421ac0b2b458074ff21883b0cfca2fe148f71"",""io_workers"":null,""logical_spatial_shape"":[520,696],""memory_budget_bytes"":0,""minimum_logical_gib"":0.125,""nconnect"":16,""output_buffers"":null,""requested_duration_s"":3.0,""requested_warmup_s"":2.0,""sink"":""fs"",""source_order"":""cyclic"",""storage_type"":""nfs"",""study_id"":""reef-l40-microscopy-sinks-3671242"",""timing_policy"":""coverage-qualified-through-final-close-v2"",""worker_threads"":4}",/mnt/main0/home/nclack/tmp/2026-09-07-chucky-microscopy-pr/worktree/build-microscopy-next-experiment-20260913/run-3671242/study.json,36898a95051d0623fc83,ec7767b198ea4d1d6bbe,cfd52f55b4c59278,sample,8,8,0,0,"[""reef-l40-microscopy-sinks-3671242/execution-0013"",""reef-l40-microscopy-sinks-3671242/execution-0077"",""reef-l40-microscopy-sinks-3671242/execution-0108"",""reef-l40-microscopy-sinks-3671242/execution-0179"",""reef-l40-microscopy-sinks-3671242/execution-0243"",""reef-l40-microscopy-sinks-3671242/execution-0311"",""reef-l40-microscopy-sinks-3671242/execution-0353"",""reef-l40-microscopy-sinks-3671242/execution-0399""]",0.6252078842903218,0.574973095078483,0.640472043244575,19746355200,5817950208,3.394039909940735,0.29463413116360837,316360989.4082681,3.4651564420000005,3.980475584,0.013363218276532486,2356099200,2605824000,false,true,,true,true,true,0.0,measured_shard_write_bytes_per_logical_byte,6,"[16384,65536]",[],,,true
reef-l40-microscopy-discovery-3667908,retained_study,historical,complete,opencell-dna,,8b9c2466422678b7b32a0617e504d7d59a6ef7898448cbd938b811c415df0d14,reef-l40,cw-us-e4a2-l40-202-047,gpu,8,4,discard,discard,,blosc-zstd,3,bit,u16,"[1,256,512]",262144,"[2048,512,512]",1073741824,4,4,65536,65536,,,1.0,0.25,0.125,false,,"{""allocated_cpus"":8,""arrival_bytes_per_s"":null,""backend"":""gpu"",""chunk_depth"":1,""completion_pause_ms"":null,""data_issue"":null,""dataset_version"":null,""dtype"":""u16"",""hostname"":""cw-us-e4a2-l40-202-047"",""input_id"":""opencell-dna"",""input_sha256"":""8b9c2466422678b7b32a0617e504d7d59a6ef7898448cbd938b811c415df0d14"",""io_workers"":null,""logical_spatial_shape"":[600,600],""memory_budget_bytes"":0,""minimum_logical_gib"":0.125,""nconnect"":null,""output_buffers"":null,""requested_duration_s"":1.0,""requested_warmup_s"":0.25,""sink"":""discard"",""source_order"":""cyclic"",""storage_type"":""discard"",""study_id"":""reef-l40-microscopy-discovery-3667908"",""timing_policy"":""coverage-qualified-through-final-close-v2"",""worker_threads"":4}",/mnt/main0/home/nclack/tmp/2026-09-07-chucky-microscopy-pr/worktree/build-microscopy-study-20260913/discovery-3667908/study.json,89826a896b1951c50cae,ed3af1fb32a16b0b26d5,162b2f654cb84c40,sample,1,1,0,0,"[""reef-l40-microscopy-discovery-3667908/execution-0383""]",3.7854377049237913,3.7854377049237913,3.7854377049237913,4149360000,2790375424,1.4870257114191097,0.6724833285133129,722073475.7674758,1.020857616,1.020857616,0.018954003669792868,4149360000,4149360000,true,true,,true,true,true,0.9388642040608172,measured_shard_write_bytes_per_logical_byte,23,"[16384,65536,262144]",[],14aa2c856ead6e5bbb93,,false
reef-l40-microscopy-workers-3708541,retained_study,historical_worker_comparison_with_withdrawn_repeated_plane_cases,complete,cosem-cos7-em,2,38fa12d66991e8f677a2f1c36de79d1c071a268944e690f572f4e265f59eacb2,reef-l40,cw-us-e4a2-l40-234-083,gpu,8,4,fs,nfs,16,zstd,3,none,u8,"[4,256,256]",262144,"[16384,256,256]",1073741824,16,16,,,32,4,3.0,2.0,32.0,false,,"{""allocated_cpus"":8,""arrival_bytes_per_s"":null,""backend"":""gpu"",""chunk_depth"":4,""completion_pause_ms"":null,""data_issue"":null,""dataset_version"":2,""dtype"":""u8"",""hostname"":""cw-us-e4a2-l40-234-083"",""input_id"":""cosem-cos7-em"",""input_sha256"":""38fa12d66991e8f677a2f1c36de79d1c071a268944e690f572f4e265f59eacb2"",""io_workers"":32,""logical_spatial_shape"":[1024,1024],""memory_budget_bytes"":0,""minimum_logical_gib"":32.0,""nconnect"":16,""output_buffers"":4,""requested_duration_s"":3.0,""requested_warmup_s"":2.0,""sink"":""fs"",""source_order"":""cyclic"",""storage_type"":""nfs"",""study_id"":""reef-l40-microscopy-workers-3708541"",""timing_policy"":""coverage-qualified-through-final-close-v2"",""worker_threads"":4}",/mnt/main0/home/nclack/tmp/2026-09-07-chucky-microscopy-pr/worktree/build-microscopy-cpu-scaling-20260916/l40-3708541/study.json,31de3666c95bc7be338c,f5cbd86cbf8a10e46546,70954ef79ac93ca7,sample,3,3,0,0,"[""reef-l40-microscopy-workers-3708541/execution-0027"",""reef-l40-microscopy-workers-3708541/execution-0045"",""reef-l40-microscopy-workers-3708541/execution-0091""]",4.1400477795980475,3.694249865360782,4.337993044092758,103079215104,82767446016,1.2454077063592548,0.8029499053955078,862160896.0,7.376683467,8.662109865,0.013388334911719002,34359738368,34359738368,false,true,,true,true,true,0.21710925690071775,measured_shard_write_bytes_per_logical_byte,3,"[16384,65536,262144]",[],2fbde1a8a73275bd03e9,,false
