case_id,phase,repeat,layout_id,workload,backend,raw_line,source_locator,status,terminal_status,returncode,accepted,primary,exclusion,policy_id,trace_sha256,machine_id,hostname,job_id,cpu_affinity,chunk_shape,chunk_bytes,chunk_kib,metadata_sha256,complete_logical_scan,geometry_matches_all_observed_decode_passes,server_cache,cache_mode,measurement_peak_rss_available,useful_source_gib_per_second,output_float32_gib_per_second,active_seconds,measurement_wall_seconds,cache_control_seconds,useful_source_bytes,output_float32_bytes,reader_bytes,decoded_bytes,decoded_amplification,passes,peak_rss_kib,nfs_payload_read_bytes_shared
r1-c128-aligned-512-damacy,measurement,1,c128,aligned-512,damacy,41,raw/reader-records.jsonl.gz#line=41,accepted,accepted,0,true,true,,4635ae43d5402f62f178e4e3015dde9198bccf4931704696e6e68f1f0a436a61,d688712d0e73d712a91cdfc295dc6b8d2f4b3dc6d316bd8514ec0c1b0420034f,414bf43edde9f9b70c911ccee227982d6d357b6ffd48836461511dc86e6655a7,cw-us-e4a1-h100-221-159,3836384,"[16,17,18,19,20,21,22,23,24,25,26,27,28,29,30,31,32,33,34,35,36,37,38,39,40,41,42,43,44,45,46,47,48,49,50,51,52,53,54,55,56,57,58,59,60,61,62,63]","[1,256,256]",131072,128.0,edfc8fe2774311dd8a2dd50e5d20e1c292ab3a15af12990143f193e438cb4725,false,true,Uncontrolled; zero client residency does not imply cold server storage,Per-file client eviction before every pass; no global cache drops,false,3.258117333504078,6.516234667008156,10.435474392026663,13.275616073980927,2.7931886799633503,36507222016,73014444032,19307032872.0,36462657536.0,0.998779296875,17,360092,20921503744
r1-c128-aligned-512-tensorstore,measurement,1,c128,aligned-512,tensorstore,70,raw/reader-records.jsonl.gz#line=70,accepted,accepted,0,true,true,,4635ae43d5402f62f178e4e3015dde9198bccf4931704696e6e68f1f0a436a61,d688712d0e73d712a91cdfc295dc6b8d2f4b3dc6d316bd8514ec0c1b0420034f,414bf43edde9f9b70c911ccee227982d6d357b6ffd48836461511dc86e6655a7,cw-us-e4a1-h100-221-159,3836384,"[16,17,18,19,20,21,22,23,24,25,26,27,28,29,30,31,32,33,34,35,36,37,38,39,40,41,42,43,44,45,46,47,48,49,50,51,52,53,54,55,56,57,58,59,60,61,62,63]","[1,256,256]",131072,128.0,edfc8fe2774311dd8a2dd50e5d20e1c292ab3a15af12990143f193e438cb4725,false,,Uncontrolled; zero client residency does not imply cold server storage,Per-file client eviction before every pass; no global cache drops,false,2.186438043526084,4.372876087052168,10.06202762760222,13.261317282915115,3.172470873221755,23622320128,47244640256,12476998281,,,11,605704,13425672192
r1-c128-full-scan-damacy,measurement,1,c128,full-scan,damacy,534,raw/reader-records.jsonl.gz#line=534,accepted,accepted,0,true,true,,4635ae43d5402f62f178e4e3015dde9198bccf4931704696e6e68f1f0a436a61,5746d4568c32ac96a201bfe577c16b89032fe609298f651278613a75d9be68b3,414bf43edde9f9b70c911ccee227982d6d357b6ffd48836461511dc86e6655a7,cw-us-e4a1-h100-221-159,3836384,"[16,17,18,19,20,21,22,23,24,25,26,27,28,29,30,31,32,33,34,35,36,37,38,39,40,41,42,43,44,45,46,47,48,49,50,51,52,53,54,55,56,57,58,59,60,61,62,63]","[1,256,256]",131072,128.0,edfc8fe2774311dd8a2dd50e5d20e1c292ab3a15af12990143f193e438cb4725,true,true,Uncontrolled; zero client residency does not imply cold server storage,Per-file client eviction before every pass; no global cache drops,false,1.5878461856510244,3.175692371302049,13.911828456446528,14.860783470794559,0.8725495748221874,23718789120,47437578240,12664412160.0,38654705664.0,1.629708222811671,1,474924,12682254295
r1-c128-full-scan-tensorstore,measurement,1,c128,full-scan,tensorstore,525,raw/reader-records.jsonl.gz#line=525,accepted,accepted,0,true,true,,4635ae43d5402f62f178e4e3015dde9198bccf4931704696e6e68f1f0a436a61,5746d4568c32ac96a201bfe577c16b89032fe609298f651278613a75d9be68b3,414bf43edde9f9b70c911ccee227982d6d357b6ffd48836461511dc86e6655a7,cw-us-e4a1-h100-221-159,3836384,"[16,17,18,19,20,21,22,23,24,25,26,27,28,29,30,31,32,33,34,35,36,37,38,39,40,41,42,43,44,45,46,47,48,49,50,51,52,53,54,55,56,57,58,59,60,61,62,63]","[1,256,256]",131072,128.0,edfc8fe2774311dd8a2dd50e5d20e1c292ab3a15af12990143f193e438cb4725,true,,Uncontrolled; zero client residency does not imply cold server storage,Per-file client eviction before every pass; no global cache drops,false,2.4982437653098017,4.9964875306196035,17.684298111125827,19.133420692756772,1.442949816584587,47437578240,94875156480,25328836546,,,2,2410480,25357886565
r1-c128-translated-256-damacy,measurement,1,c128,translated-256,damacy,559,raw/reader-records.jsonl.gz#line=559,accepted,accepted,0,true,true,,4635ae43d5402f62f178e4e3015dde9198bccf4931704696e6e68f1f0a436a61,512b8afa04e4411769586a4b5ce6c3312db637b56da2817e8de96b11c098b42e,414bf43edde9f9b70c911ccee227982d6d357b6ffd48836461511dc86e6655a7,cw-us-e4a1-h100-221-159,3836384,"[16,17,18,19,20,21,22,23,24,25,26,27,28,29,30,31,32,33,34,35,36,37,38,39,40,41,42,43,44,45,46,47,48,49,50,51,52,53,54,55,56,57,58,59,60,61,62,63]","[1,256,256]",131072,128.0,edfc8fe2774311dd8a2dd50e5d20e1c292ab3a15af12990143f193e438cb4725,false,true,Uncontrolled; zero client residency does not imply cold server storage,Per-file client eviction before every pass; no global cache drops,false,0.4425535174945397,0.8851070349890794,10.168261740356684,12.331301089376211,2.1355710811913013,4831838208,9663676416,9446495265.0,19199950848.0,3.9736328125,9,168240,10172325888
r1-c128-translated-256-tensorstore,measurement,1,c128,translated-256,tensorstore,582,raw/reader-records.jsonl.gz#line=582,accepted,accepted,0,true,true,,4635ae43d5402f62f178e4e3015dde9198bccf4931704696e6e68f1f0a436a61,512b8afa04e4411769586a4b5ce6c3312db637b56da2817e8de96b11c098b42e,414bf43edde9f9b70c911ccee227982d6d357b6ffd48836461511dc86e6655a7,cw-us-e4a1-h100-221-159,3836384,"[16,17,18,19,20,21,22,23,24,25,26,27,28,29,30,31,32,33,34,35,36,37,38,39,40,41,42,43,44,45,46,47,48,49,50,51,52,53,54,55,56,57,58,59,60,61,62,63]","[1,256,256]",131072,128.0,edfc8fe2774311dd8a2dd50e5d20e1c292ab3a15af12990143f193e438cb4725,false,,Uncontrolled; zero client residency does not imply cold server storage,Per-file client eviction before every pass; no global cache drops,false,0.3618700893418944,0.7237401786837888,11.0536905862391,13.148390790447593,2.075459588319063,4294967296,8589934592,8387394056,,,8,341324,8980541440
r1-c128-translated-512-damacy,measurement,1,c128,translated-512,damacy,349,raw/reader-records.jsonl.gz#line=349,accepted,accepted,0,true,true,,4635ae43d5402f62f178e4e3015dde9198bccf4931704696e6e68f1f0a436a61,5248277298803e9c822a8b001eb8ad2e40195401bbffc3d2ed6f03c5e22cae70,414bf43edde9f9b70c911ccee227982d6d357b6ffd48836461511dc86e6655a7,cw-us-e4a1-h100-221-159,3836384,"[16,17,18,19,20,21,22,23,24,25,26,27,28,29,30,31,32,33,34,35,36,37,38,39,40,41,42,43,44,45,46,47,48,49,50,51,52,53,54,55,56,57,58,59,60,61,62,63]","[1,256,256]",131072,128.0,edfc8fe2774311dd8a2dd50e5d20e1c292ab3a15af12990143f193e438cb4725,false,true,Uncontrolled; zero client residency does not imply cold server storage,Per-file client eviction before every pass; no global cache drops,false,1.2825661851095838,2.5651323702191675,10.91561602242291,12.426775462925434,1.4869234170764685,15032385536,30064771072,11029489009.0,32443858944.0,2.15826416015625,7,359028,12504640319
r1-c128-translated-512-tensorstore,measurement,1,c128,translated-512,tensorstore,370,raw/reader-records.jsonl.gz#line=370,accepted,accepted,0,true,true,,4635ae43d5402f62f178e4e3015dde9198bccf4931704696e6e68f1f0a436a61,5248277298803e9c822a8b001eb8ad2e40195401bbffc3d2ed6f03c5e22cae70,414bf43edde9f9b70c911ccee227982d6d357b6ffd48836461511dc86e6655a7,cw-us-e4a1-h100-221-159,3836384,"[16,17,18,19,20,21,22,23,24,25,26,27,28,29,30,31,32,33,34,35,36,37,38,39,40,41,42,43,44,45,46,47,48,49,50,51,52,53,54,55,56,57,58,59,60,61,62,63]","[1,256,256]",131072,128.0,edfc8fe2774311dd8a2dd50e5d20e1c292ab3a15af12990143f193e438cb4725,false,,Uncontrolled; zero client residency does not imply cold server storage,Per-file client eviction before every pass; no global cache drops,false,1.2168876172204792,2.4337752344409584,11.504760013893247,13.83715245872736,2.315643424168229,15032385536,30064771072,11016419098,,,7,630032,12322156544
r1-c16-aligned-512-damacy,measurement,1,c16,aligned-512,damacy,965,raw/reader-records.jsonl.gz#line=965,accepted,accepted,0,true,true,,4635ae43d5402f62f178e4e3015dde9198bccf4931704696e6e68f1f0a436a61,d688712d0e73d712a91cdfc295dc6b8d2f4b3dc6d316bd8514ec0c1b0420034f,414bf43edde9f9b70c911ccee227982d6d357b6ffd48836461511dc86e6655a7,cw-us-e4a1-h100-221-159,3836384,"[16,17,18,19,20,21,22,23,24,25,26,27,28,29,30,31,32,33,34,35,36,37,38,39,40,41,42,43,44,45,46,47,48,49,50,51,52,53,54,55,56,57,58,59,60,61,62,63]","[1,64,128]",16384,16.0,007af913ba8c2044cb8b151a2b2731577d175598a4aa67ec548e18f3fa94356b,false,true,Uncontrolled; zero client residency does not imply cold server storage,Per-file client eviction before every pass; no global cache drops,false,1.1796037543476063,2.3592075086952127,10.17290760204196,11.27518836595118,1.080505970865488,12884901888,25769803776,6786938100.0,12869173248.0,0.998779296875,6,405376,7449640960
r1-c16-aligned-512-tensorstore,measurement,1,c16,aligned-512,tensorstore,992,raw/reader-records.jsonl.gz#line=992,accepted,accepted,0,true,true,,4635ae43d5402f62f178e4e3015dde9198bccf4931704696e6e68f1f0a436a61,d688712d0e73d712a91cdfc295dc6b8d2f4b3dc6d316bd8514ec0c1b0420034f,414bf43edde9f9b70c911ccee227982d6d357b6ffd48836461511dc86e6655a7,cw-us-e4a1-h100-221-159,3836384,"[16,17,18,19,20,21,22,23,24,25,26,27,28,29,30,31,32,33,34,35,36,37,38,39,40,41,42,43,44,45,46,47,48,49,50,51,52,53,54,55,56,57,58,59,60,61,62,63]","[1,64,128]",16384,16.0,007af913ba8c2044cb8b151a2b2731577d175598a4aa67ec548e18f3fa94356b,false,,Uncontrolled; zero client residency does not imply cold server storage,Per-file client eviction before every pass; no global cache drops,false,1.8735542394877909,3.7471084789755817,10.674897784367204,13.00948341563344,2.311234036460519,21474836480,42949672960,11295916292,,,10,1047528,12153065472
r1-c16-full-scan-damacy,measurement,1,c16,full-scan,damacy,692,raw/reader-records.jsonl.gz#line=692,accepted,accepted,0,true,true,,4635ae43d5402f62f178e4e3015dde9198bccf4931704696e6e68f1f0a436a61,5746d4568c32ac96a201bfe577c16b89032fe609298f651278613a75d9be68b3,414bf43edde9f9b70c911ccee227982d6d357b6ffd48836461511dc86e6655a7,cw-us-e4a1-h100-221-159,3836384,"[16,17,18,19,20,21,22,23,24,25,26,27,28,29,30,31,32,33,34,35,36,37,38,39,40,41,42,43,44,45,46,47,48,49,50,51,52,53,54,55,56,57,58,59,60,61,62,63]","[1,64,128]",16384,16.0,007af913ba8c2044cb8b151a2b2731577d175598a4aa67ec548e18f3fa94356b,true,true,Uncontrolled; zero client residency does not imply cold server storage,Per-file client eviction before every pass; no global cache drops,false,2.6198478517481867,5.239695703496373,16.863455437123775,18.535606924444437,1.5931958872824907,47437578240,94875156480,25092759552.0,57982058496.0,1.2222811671087532,2,514704,25234577160
r1-c16-full-scan-tensorstore,measurement,1,c16,full-scan,tensorstore,681,raw/reader-records.jsonl.gz#line=681,accepted,accepted,0,true,true,,4635ae43d5402f62f178e4e3015dde9198bccf4931704696e6e68f1f0a436a61,5746d4568c32ac96a201bfe577c16b89032fe609298f651278613a75d9be68b3,414bf43edde9f9b70c911ccee227982d6d357b6ffd48836461511dc86e6655a7,cw-us-e4a1-h100-221-159,3836384,"[16,17,18,19,20,21,22,23,24,25,26,27,28,29,30,31,32,33,34,35,36,37,38,39,40,41,42,43,44,45,46,47,48,49,50,51,52,53,54,55,56,57,58,59,60,61,62,63]","[1,64,128]",16384,16.0,007af913ba8c2044cb8b151a2b2731577d175598a4aa67ec548e18f3fa94356b,true,,Uncontrolled; zero client residency does not imply cold server storage,Per-file client eviction before every pass; no global cache drops,false,1.5331436432820595,3.066287286564119,14.408202288672328,14.738374207168818,0.3274768255650997,23718789120,47437578240,12546379963,,,1,2493636,12613168842
r1-c16-translated-256-damacy,measurement,1,c16,translated-256,damacy,946,raw/reader-records.jsonl.gz#line=946,accepted,accepted,0,true,true,,4635ae43d5402f62f178e4e3015dde9198bccf4931704696e6e68f1f0a436a61,512b8afa04e4411769586a4b5ce6c3312db637b56da2817e8de96b11c098b42e,414bf43edde9f9b70c911ccee227982d6d357b6ffd48836461511dc86e6655a7,cw-us-e4a1-h100-221-159,3836384,"[16,17,18,19,20,21,22,23,24,25,26,27,28,29,30,31,32,33,34,35,36,37,38,39,40,41,42,43,44,45,46,47,48,49,50,51,52,53,54,55,56,57,58,59,60,61,62,63]","[1,64,128]",16384,16.0,007af913ba8c2044cb8b151a2b2731577d175598a4aa67ec548e18f3fa94356b,false,true,Uncontrolled; zero client residency does not imply cold server storage,Per-file client eviction before every pass; no global cache drops,false,0.18520017390800445,0.3704003478160089,10.79912592843175,11.437156641855836,0.6211780365556479,2147483648,4294967296,2060969180.0,4001169408.0,1.863189697265625,4,207760,3937755136
r1-c16-translated-256-tensorstore,measurement,1,c16,translated-256,tensorstore,931,raw/reader-records.jsonl.gz#line=931,accepted,accepted,0,true,true,,4635ae43d5402f62f178e4e3015dde9198bccf4931704696e6e68f1f0a436a61,512b8afa04e4411769586a4b5ce6c3312db637b56da2817e8de96b11c098b42e,414bf43edde9f9b70c911ccee227982d6d357b6ffd48836461511dc86e6655a7,cw-us-e4a1-h100-221-159,3836384,"[16,17,18,19,20,21,22,23,24,25,26,27,28,29,30,31,32,33,34,35,36,37,38,39,40,41,42,43,44,45,46,47,48,49,50,51,52,53,54,55,56,57,58,59,60,61,62,63]","[1,64,128]",16384,16.0,007af913ba8c2044cb8b151a2b2731577d175598a4aa67ec548e18f3fa94356b,false,,Uncontrolled; zero client residency does not imply cold server storage,Per-file client eviction before every pass; no global cache drops,false,0.16050712895692745,0.3210142579138549,12.460505729541183,13.934483071789145,1.4642914943397045,2147483648,4294967296,2059678826,,,4,581520,2510733312
r1-c16-translated-512-damacy,measurement,1,c16,translated-512,damacy,1018,raw/reader-records.jsonl.gz#line=1018,accepted,accepted,0,true,true,,4635ae43d5402f62f178e4e3015dde9198bccf4931704696e6e68f1f0a436a61,5248277298803e9c822a8b001eb8ad2e40195401bbffc3d2ed6f03c5e22cae70,414bf43edde9f9b70c911ccee227982d6d357b6ffd48836461511dc86e6655a7,cw-us-e4a1-h100-221-159,3836384,"[16,17,18,19,20,21,22,23,24,25,26,27,28,29,30,31,32,33,34,35,36,37,38,39,40,41,42,43,44,45,46,47,48,49,50,51,52,53,54,55,56,57,58,59,60,61,62,63]","[1,64,128]",16384,16.0,007af913ba8c2044cb8b151a2b2731577d175598a4aa67ec548e18f3fa94356b,false,true,Uncontrolled; zero client residency does not imply cold server storage,Per-file client eviction before every pass; no global cache drops,false,0.4879021793577229,0.9758043587154458,12.297547036781907,13.205157915130258,0.8928965348750353,6442450944,12884901888,4133319894.0,8913420288.0,1.383544921875,3,412544,10236009680
r1-c16-translated-512-tensorstore,measurement,1,c16,translated-512,tensorstore,1005,raw/reader-records.jsonl.gz#line=1005,accepted,accepted,0,true,true,,4635ae43d5402f62f178e4e3015dde9198bccf4931704696e6e68f1f0a436a61,5248277298803e9c822a8b001eb8ad2e40195401bbffc3d2ed6f03c5e22cae70,414bf43edde9f9b70c911ccee227982d6d357b6ffd48836461511dc86e6655a7,cw-us-e4a1-h100-221-159,3836384,"[16,17,18,19,20,21,22,23,24,25,26,27,28,29,30,31,32,33,34,35,36,37,38,39,40,41,42,43,44,45,46,47,48,49,50,51,52,53,54,55,56,57,58,59,60,61,62,63]","[1,64,128]",16384,16.0,007af913ba8c2044cb8b151a2b2731577d175598a4aa67ec548e18f3fa94356b,false,,Uncontrolled; zero client residency does not imply cold server storage,Per-file client eviction before every pass; no global cache drops,false,0.5093975274390607,1.0187950548781215,11.778620187193155,12.587061012163758,0.8008444253355265,6442450944,12884901888,4128662781,,,3,1002504,5365874688
r1-c256-aligned-512-damacy,measurement,1,c256,aligned-512,damacy,643,raw/reader-records.jsonl.gz#line=643,accepted,accepted,0,true,true,,4635ae43d5402f62f178e4e3015dde9198bccf4931704696e6e68f1f0a436a61,d688712d0e73d712a91cdfc295dc6b8d2f4b3dc6d316bd8514ec0c1b0420034f,414bf43edde9f9b70c911ccee227982d6d357b6ffd48836461511dc86e6655a7,cw-us-e4a1-h100-221-159,3836384,"[16,17,18,19,20,21,22,23,24,25,26,27,28,29,30,31,32,33,34,35,36,37,38,39,40,41,42,43,44,45,46,47,48,49,50,51,52,53,54,55,56,57,58,59,60,61,62,63]","[1,256,512]",262144,256.0,f77cc4e6044baf283bb7042a30377577f17ee1b7d32604c7c0bef31b58096038,false,true,Uncontrolled; zero client residency does not imply cold server storage,Per-file client eviction before every pass; no global cache drops,false,3.4002808978000623,6.8005617956001245,10.587360598146915,14.419226104393601,3.782051607966423,38654705664,77309411328,20504708604.0,38607519744.0,0.998779296875,18,395316,22070575104
r1-c256-aligned-512-tensorstore,measurement,1,c256,aligned-512,tensorstore,672,raw/reader-records.jsonl.gz#line=672,accepted,accepted,0,true,true,,4635ae43d5402f62f178e4e3015dde9198bccf4931704696e6e68f1f0a436a61,d688712d0e73d712a91cdfc295dc6b8d2f4b3dc6d316bd8514ec0c1b0420034f,414bf43edde9f9b70c911ccee227982d6d357b6ffd48836461511dc86e6655a7,cw-us-e4a1-h100-221-159,3836384,"[16,17,18,19,20,21,22,23,24,25,26,27,28,29,30,31,32,33,34,35,36,37,38,39,40,41,42,43,44,45,46,47,48,49,50,51,52,53,54,55,56,57,58,59,60,61,62,63]","[1,256,512]",262144,256.0,f77cc4e6044baf283bb7042a30377577f17ee1b7d32604c7c0bef31b58096038,false,,Uncontrolled; zero client residency does not imply cold server storage,Per-file client eviction before every pass; no global cache drops,false,2.136234489641623,4.272468979283246,10.298494901508093,13.523064736276865,3.199381312355399,23622320128,47244640256,12509783460,,,11,553524,13422194688
r1-c256-full-scan-damacy,measurement,1,c256,full-scan,damacy,600,raw/reader-records.jsonl.gz#line=600,accepted,accepted,0,true,true,,4635ae43d5402f62f178e4e3015dde9198bccf4931704696e6e68f1f0a436a61,5746d4568c32ac96a201bfe577c16b89032fe609298f651278613a75d9be68b3,414bf43edde9f9b70c911ccee227982d6d357b6ffd48836461511dc86e6655a7,cw-us-e4a1-h100-221-159,3836384,"[16,17,18,19,20,21,22,23,24,25,26,27,28,29,30,31,32,33,34,35,36,37,38,39,40,41,42,43,44,45,46,47,48,49,50,51,52,53,54,55,56,57,58,59,60,61,62,63]","[1,256,512]",262144,256.0,f77cc4e6044baf283bb7042a30377577f17ee1b7d32604c7c0bef31b58096038,true,true,Uncontrolled; zero client residency does not imply cold server storage,Per-file client eviction before every pass; no global cache drops,false,1.1718688081194482,2.3437376162388963,18.85009959898889,19.766422202810645,0.8389545772224665,23718789120,47437578240,12778113024.0,51539607552.0,2.172944297082228,1,486016,12793435485
r1-c256-full-scan-tensorstore,measurement,1,c256,full-scan,tensorstore,591,raw/reader-records.jsonl.gz#line=591,accepted,accepted,0,true,true,,4635ae43d5402f62f178e4e3015dde9198bccf4931704696e6e68f1f0a436a61,5746d4568c32ac96a201bfe577c16b89032fe609298f651278613a75d9be68b3,414bf43edde9f9b70c911ccee227982d6d357b6ffd48836461511dc86e6655a7,cw-us-e4a1-h100-221-159,3836384,"[16,17,18,19,20,21,22,23,24,25,26,27,28,29,30,31,32,33,34,35,36,37,38,39,40,41,42,43,44,45,46,47,48,49,50,51,52,53,54,55,56,57,58,59,60,61,62,63]","[1,256,512]",262144,256.0,f77cc4e6044baf283bb7042a30377577f17ee1b7d32604c7c0bef31b58096038,true,,Uncontrolled; zero client residency does not imply cold server storage,Per-file client eviction before every pass; no global cache drops,false,2.175498953993028,4.350997907986056,10.153920648619533,10.483717570081353,0.32587719708681107,23718789120,47437578240,12778113328,,,1,1420088,12792733926
r1-c256-translated-256-damacy,measurement,1,c256,translated-256,damacy,827,raw/reader-records.jsonl.gz#line=827,accepted,accepted,0,true,true,,4635ae43d5402f62f178e4e3015dde9198bccf4931704696e6e68f1f0a436a61,512b8afa04e4411769586a4b5ce6c3312db637b56da2817e8de96b11c098b42e,414bf43edde9f9b70c911ccee227982d6d357b6ffd48836461511dc86e6655a7,cw-us-e4a1-h100-221-159,3836384,"[16,17,18,19,20,21,22,23,24,25,26,27,28,29,30,31,32,33,34,35,36,37,38,39,40,41,42,43,44,45,46,47,48,49,50,51,52,53,54,55,56,57,58,59,60,61,62,63]","[1,256,512]",262144,256.0,f77cc4e6044baf283bb7042a30377577f17ee1b7d32604c7c0bef31b58096038,false,true,Uncontrolled; zero client residency does not imply cold server storage,Per-file client eviction before every pass; no global cache drops,false,0.587025284295544,1.174050568591088,10.221024818718433,12.539055407047272,2.2806760128587484,6442450944,12884901888,15585846600.0,36647731200.0,5.6884765625,12,173984,16868900864
r1-c256-translated-256-tensorstore,measurement,1,c256,translated-256,tensorstore,856,raw/reader-records.jsonl.gz#line=856,accepted,accepted,0,true,true,,4635ae43d5402f62f178e4e3015dde9198bccf4931704696e6e68f1f0a436a61,512b8afa04e4411769586a4b5ce6c3312db637b56da2817e8de96b11c098b42e,414bf43edde9f9b70c911ccee227982d6d357b6ffd48836461511dc86e6655a7,cw-us-e4a1-h100-221-159,3836384,"[16,17,18,19,20,21,22,23,24,25,26,27,28,29,30,31,32,33,34,35,36,37,38,39,40,41,42,43,44,45,46,47,48,49,50,51,52,53,54,55,56,57,58,59,60,61,62,63]","[1,256,512]",262144,256.0,f77cc4e6044baf283bb7042a30377577f17ee1b7d32604c7c0bef31b58096038,false,,Uncontrolled; zero client residency does not imply cold server storage,Per-file client eviction before every pass; no global cache drops,false,0.5098371077658188,1.0196742155316376,10.787759298458695,13.94350273348391,3.1301351618021727,5905580032,11811160064,14266484582,,,11,351316,15360344064
r1-c256-translated-512-damacy,measurement,1,c256,translated-512,damacy,897,raw/reader-records.jsonl.gz#line=897,accepted,accepted,0,true,true,,4635ae43d5402f62f178e4e3015dde9198bccf4931704696e6e68f1f0a436a61,5248277298803e9c822a8b001eb8ad2e40195401bbffc3d2ed6f03c5e22cae70,414bf43edde9f9b70c911ccee227982d6d357b6ffd48836461511dc86e6655a7,cw-us-e4a1-h100-221-159,3836384,"[16,17,18,19,20,21,22,23,24,25,26,27,28,29,30,31,32,33,34,35,36,37,38,39,40,41,42,43,44,45,46,47,48,49,50,51,52,53,54,55,56,57,58,59,60,61,62,63]","[1,256,512]",262144,256.0,f77cc4e6044baf283bb7042a30377577f17ee1b7d32604c7c0bef31b58096038,false,true,Uncontrolled; zero client residency does not imply cold server storage,Per-file client eviction before every pass; no global cache drops,false,1.3370044960326404,2.6740089920652808,10.471168976277113,11.97767349332571,1.4820276536047459,15032385536,30064771072,11128008136.0,43208933376.0,2.8743896484375,7,368540,12573367065
r1-c256-translated-512-tensorstore,measurement,1,c256,translated-512,tensorstore,916,raw/reader-records.jsonl.gz#line=916,accepted,accepted,0,true,true,,4635ae43d5402f62f178e4e3015dde9198bccf4931704696e6e68f1f0a436a61,5248277298803e9c822a8b001eb8ad2e40195401bbffc3d2ed6f03c5e22cae70,414bf43edde9f9b70c911ccee227982d6d357b6ffd48836461511dc86e6655a7,cw-us-e4a1-h100-221-159,3836384,"[16,17,18,19,20,21,22,23,24,25,26,27,28,29,30,31,32,33,34,35,36,37,38,39,40,41,42,43,44,45,46,47,48,49,50,51,52,53,54,55,56,57,58,59,60,61,62,63]","[1,256,512]",262144,256.0,f77cc4e6044baf283bb7042a30377577f17ee1b7d32604c7c0bef31b58096038,false,,Uncontrolled; zero client residency does not imply cold server storage,Per-file client eviction before every pass; no global cache drops,false,1.167431416930217,2.334862833860434,10.278976414352655,12.143090389668941,1.8496476486325264,12884901888,25769803776,9527134555,,,6,576284,10622801348
r1-c32-aligned-512-damacy,measurement,1,c32,aligned-512,damacy,796,raw/reader-records.jsonl.gz#line=796,accepted,accepted,0,true,true,,4635ae43d5402f62f178e4e3015dde9198bccf4931704696e6e68f1f0a436a61,d688712d0e73d712a91cdfc295dc6b8d2f4b3dc6d316bd8514ec0c1b0420034f,414bf43edde9f9b70c911ccee227982d6d357b6ffd48836461511dc86e6655a7,cw-us-e4a1-h100-221-159,3836384,"[16,17,18,19,20,21,22,23,24,25,26,27,28,29,30,31,32,33,34,35,36,37,38,39,40,41,42,43,44,45,46,47,48,49,50,51,52,53,54,55,56,57,58,59,60,61,62,63]","[1,128,128]",32768,32.0,82233b4e1d5b16eeda97f2d4fd915cafb7ea0f52ecf39f48486cfb66ecec40ef,false,true,Uncontrolled; zero client residency does not imply cold server storage,Per-file client eviction before every pass; no global cache drops,false,2.2766215450581098,4.5532430901162195,10.541936604306102,12.674410143867135,2.0977240204811096,25769803776,51539607552,13561308648.0,25738346496.0,0.998779296875,12,369252,14686404608
r1-c32-aligned-512-tensorstore,measurement,1,c32,aligned-512,tensorstore,765,raw/reader-records.jsonl.gz#line=765,accepted,accepted,0,true,true,,4635ae43d5402f62f178e4e3015dde9198bccf4931704696e6e68f1f0a436a61,d688712d0e73d712a91cdfc295dc6b8d2f4b3dc6d316bd8514ec0c1b0420034f,414bf43edde9f9b70c911ccee227982d6d357b6ffd48836461511dc86e6655a7,cw-us-e4a1-h100-221-159,3836384,"[16,17,18,19,20,21,22,23,24,25,26,27,28,29,30,31,32,33,34,35,36,37,38,39,40,41,42,43,44,45,46,47,48,49,50,51,52,53,54,55,56,57,58,59,60,61,62,63]","[1,128,128]",32768,32.0,82233b4e1d5b16eeda97f2d4fd915cafb7ea0f52ecf39f48486cfb66ecec40ef,false,,Uncontrolled; zero client residency does not imply cold server storage,Per-file client eviction before every pass; no global cache drops,false,2.1522654468871893,4.304530893774379,10.221787480637431,12.777125969529152,2.530313616618514,23622320128,47244640256,12414625335,,,11,785576,13346619392
r1-c32-full-scan-damacy,measurement,1,c32,full-scan,damacy,876,raw/reader-records.jsonl.gz#line=876,accepted,accepted,0,true,true,,4635ae43d5402f62f178e4e3015dde9198bccf4931704696e6e68f1f0a436a61,5746d4568c32ac96a201bfe577c16b89032fe609298f651278613a75d9be68b3,414bf43edde9f9b70c911ccee227982d6d357b6ffd48836461511dc86e6655a7,cw-us-e4a1-h100-221-159,3836384,"[16,17,18,19,20,21,22,23,24,25,26,27,28,29,30,31,32,33,34,35,36,37,38,39,40,41,42,43,44,45,46,47,48,49,50,51,52,53,54,55,56,57,58,59,60,61,62,63]","[1,128,128]",32768,32.0,82233b4e1d5b16eeda97f2d4fd915cafb7ea0f52ecf39f48486cfb66ecec40ef,true,true,Uncontrolled; zero client residency does not imply cold server storage,Per-file client eviction before every pass; no global cache drops,false,2.968060631436446,5.936121262872892,14.885035376995802,16.452729420736432,1.4892176669090986,47437578240,94875156480,25078210560.0,64424509440.0,1.3580901856763925,2,484760,25156384696
r1-c32-full-scan-tensorstore,measurement,1,c32,full-scan,tensorstore,865,raw/reader-records.jsonl.gz#line=865,accepted,accepted,0,true,true,,4635ae43d5402f62f178e4e3015dde9198bccf4931704696e6e68f1f0a436a61,5746d4568c32ac96a201bfe577c16b89032fe609298f651278613a75d9be68b3,414bf43edde9f9b70c911ccee227982d6d357b6ffd48836461511dc86e6655a7,cw-us-e4a1-h100-221-159,3836384,"[16,17,18,19,20,21,22,23,24,25,26,27,28,29,30,31,32,33,34,35,36,37,38,39,40,41,42,43,44,45,46,47,48,49,50,51,52,53,54,55,56,57,58,59,60,61,62,63]","[1,128,128]",32768,32.0,82233b4e1d5b16eeda97f2d4fd915cafb7ea0f52ecf39f48486cfb66ecec40ef,true,,Uncontrolled; zero client residency does not imply cold server storage,Per-file client eviction before every pass; no global cache drops,false,2.197911179975114,4.395822359950228,10.050380539149046,10.443558568134904,0.3904602900147438,23718789120,47437578240,12539119609,,,1,2282736,12575795229
r1-c32-translated-256-damacy,measurement,1,c32,translated-256,damacy,241,raw/reader-records.jsonl.gz#line=241,accepted,accepted,0,true,true,,4635ae43d5402f62f178e4e3015dde9198bccf4931704696e6e68f1f0a436a61,512b8afa04e4411769586a4b5ce6c3312db637b56da2817e8de96b11c098b42e,414bf43edde9f9b70c911ccee227982d6d357b6ffd48836461511dc86e6655a7,cw-us-e4a1-h100-221-159,3836384,"[16,17,18,19,20,21,22,23,24,25,26,27,28,29,30,31,32,33,34,35,36,37,38,39,40,41,42,43,44,45,46,47,48,49,50,51,52,53,54,55,56,57,58,59,60,61,62,63]","[1,128,128]",32768,32.0,82233b4e1d5b16eeda97f2d4fd915cafb7ea0f52ecf39f48486cfb66ecec40ef,false,true,Uncontrolled; zero client residency does not imply cold server storage,Per-file client eviction before every pass; no global cache drops,false,0.28374400923970017,0.5674880184794003,10.572910448536277,11.375333169475198,0.7807341068983078,3221225472,6442450944,3680183898.0,7200374784.0,2.23529052734375,6,170588,4312608768
r1-c32-translated-256-tensorstore,measurement,1,c32,translated-256,tensorstore,260,raw/reader-records.jsonl.gz#line=260,accepted,accepted,0,true,true,,4635ae43d5402f62f178e4e3015dde9198bccf4931704696e6e68f1f0a436a61,512b8afa04e4411769586a4b5ce6c3312db637b56da2817e8de96b11c098b42e,414bf43edde9f9b70c911ccee227982d6d357b6ffd48836461511dc86e6655a7,cw-us-e4a1-h100-221-159,3836384,"[16,17,18,19,20,21,22,23,24,25,26,27,28,29,30,31,32,33,34,35,36,37,38,39,40,41,42,43,44,45,46,47,48,49,50,51,52,53,54,55,56,57,58,59,60,61,62,63]","[1,128,128]",32768,32.0,82233b4e1d5b16eeda97f2d4fd915cafb7ea0f52ecf39f48486cfb66ecec40ef,false,,Uncontrolled; zero client residency does not imply cold server storage,Per-file client eviction before every pass; no global cache drops,false,0.24781943940137607,0.49563887880275215,12.105587871745229,13.38795636035502,1.2683051731437445,3221225472,6442450944,3677605725,,,6,418200,4066922496
r1-c32-translated-512-damacy,measurement,1,c32,translated-512,damacy,461,raw/reader-records.jsonl.gz#line=461,accepted,accepted,0,true,true,,4635ae43d5402f62f178e4e3015dde9198bccf4931704696e6e68f1f0a436a61,5248277298803e9c822a8b001eb8ad2e40195401bbffc3d2ed6f03c5e22cae70,414bf43edde9f9b70c911ccee227982d6d357b6ffd48836461511dc86e6655a7,cw-us-e4a1-h100-221-159,3836384,"[16,17,18,19,20,21,22,23,24,25,26,27,28,29,30,31,32,33,34,35,36,37,38,39,40,41,42,43,44,45,46,47,48,49,50,51,52,53,54,55,56,57,58,59,60,61,62,63]","[1,128,128]",32768,32.0,82233b4e1d5b16eeda97f2d4fd915cafb7ea0f52ecf39f48486cfb66ecec40ef,false,true,Uncontrolled; zero client residency does not imply cold server storage,Per-file client eviction before every pass; no global cache drops,false,0.6332322890906558,1.2664645781813115,12.633594555780292,13.412083460018039,0.760478476062417,8589934592,17179869184,5507825864.0,13071548416.0,1.521728515625,4,371508,6448025600
r1-c32-translated-512-tensorstore,measurement,1,c32,translated-512,tensorstore,476,raw/reader-records.jsonl.gz#line=476,accepted,accepted,0,true,true,,4635ae43d5402f62f178e4e3015dde9198bccf4931704696e6e68f1f0a436a61,5248277298803e9c822a8b001eb8ad2e40195401bbffc3d2ed6f03c5e22cae70,414bf43edde9f9b70c911ccee227982d6d357b6ffd48836461511dc86e6655a7,cw-us-e4a1-h100-221-159,3836384,"[16,17,18,19,20,21,22,23,24,25,26,27,28,29,30,31,32,33,34,35,36,37,38,39,40,41,42,43,44,45,46,47,48,49,50,51,52,53,54,55,56,57,58,59,60,61,62,63]","[1,128,128]",32768,32.0,82233b4e1d5b16eeda97f2d4fd915cafb7ea0f52ecf39f48486cfb66ecec40ef,false,,Uncontrolled; zero client residency does not imply cold server storage,Per-file client eviction before every pass; no global cache drops,false,0.7216733113989576,1.4433466227979153,11.085348278284073,12.101421251893044,1.0067066997289658,8589934592,17179869184,5503082989,,,4,762624,6156365824
r1-c512-aligned-512-damacy,measurement,1,c512,aligned-512,damacy,446,raw/reader-records.jsonl.gz#line=446,accepted,accepted,0,true,true,,4635ae43d5402f62f178e4e3015dde9198bccf4931704696e6e68f1f0a436a61,d688712d0e73d712a91cdfc295dc6b8d2f4b3dc6d316bd8514ec0c1b0420034f,414bf43edde9f9b70c911ccee227982d6d357b6ffd48836461511dc86e6655a7,cw-us-e4a1-h100-221-159,3836384,"[16,17,18,19,20,21,22,23,24,25,26,27,28,29,30,31,32,33,34,35,36,37,38,39,40,41,42,43,44,45,46,47,48,49,50,51,52,53,54,55,56,57,58,59,60,61,62,63]","[1,512,512]",524288,512.0,125e8cbe9395c2f2fb4754619f5e19432d0ec6ebfa6261cac9ae3f2fdd768470,false,true,Uncontrolled; zero client residency does not imply cold server storage,Per-file client eviction before every pass; no global cache drops,false,3.685981236350332,7.371962472700664,10.309330830350518,13.72301745787263,3.3581985533237457,40802189312,81604378624,21642615418.0,40752381952.0,0.998779296875,19,403932,23413227520
r1-c512-aligned-512-tensorstore,measurement,1,c512,aligned-512,tensorstore,401,raw/reader-records.jsonl.gz#line=401,accepted,accepted,0,true,true,,4635ae43d5402f62f178e4e3015dde9198bccf4931704696e6e68f1f0a436a61,d688712d0e73d712a91cdfc295dc6b8d2f4b3dc6d316bd8514ec0c1b0420034f,414bf43edde9f9b70c911ccee227982d6d357b6ffd48836461511dc86e6655a7,cw-us-e4a1-h100-221-159,3836384,"[16,17,18,19,20,21,22,23,24,25,26,27,28,29,30,31,32,33,34,35,36,37,38,39,40,41,42,43,44,45,46,47,48,49,50,51,52,53,54,55,56,57,58,59,60,61,62,63]","[1,512,512]",524288,512.0,125e8cbe9395c2f2fb4754619f5e19432d0ec6ebfa6261cac9ae3f2fdd768470,false,,Uncontrolled; zero client residency does not imply cold server storage,Per-file client eviction before every pass; no global cache drops,false,2.3328897198252907,4.665779439650581,10.287670178338885,13.0512859467417,2.7362829446792603,25769803776,51539607552,13650914205,,,12,510808,14654300160
r1-c512-full-scan-damacy,measurement,1,c512,full-scan,damacy,494,raw/reader-records.jsonl.gz#line=494,accepted,accepted,0,true,true,,4635ae43d5402f62f178e4e3015dde9198bccf4931704696e6e68f1f0a436a61,5746d4568c32ac96a201bfe577c16b89032fe609298f651278613a75d9be68b3,414bf43edde9f9b70c911ccee227982d6d357b6ffd48836461511dc86e6655a7,cw-us-e4a1-h100-221-159,3836384,"[16,17,18,19,20,21,22,23,24,25,26,27,28,29,30,31,32,33,34,35,36,37,38,39,40,41,42,43,44,45,46,47,48,49,50,51,52,53,54,55,56,57,58,59,60,61,62,63]","[1,512,512]",524288,512.0,125e8cbe9395c2f2fb4754619f5e19432d0ec6ebfa6261cac9ae3f2fdd768470,true,true,Uncontrolled; zero client residency does not imply cold server storage,Per-file client eviction before every pass; no global cache drops,false,1.8810072300971403,3.7620144601942807,11.743625115603209,12.639147706329823,0.8210312984883785,23718789120,47437578240,12805376000.0,68719476736.0,2.897259062776304,1,497572,12815537264
r1-c512-full-scan-tensorstore,measurement,1,c512,full-scan,tensorstore,485,raw/reader-records.jsonl.gz#line=485,accepted,accepted,0,true,true,,4635ae43d5402f62f178e4e3015dde9198bccf4931704696e6e68f1f0a436a61,5746d4568c32ac96a201bfe577c16b89032fe609298f651278613a75d9be68b3,414bf43edde9f9b70c911ccee227982d6d357b6ffd48836461511dc86e6655a7,cw-us-e4a1-h100-221-159,3836384,"[16,17,18,19,20,21,22,23,24,25,26,27,28,29,30,31,32,33,34,35,36,37,38,39,40,41,42,43,44,45,46,47,48,49,50,51,52,53,54,55,56,57,58,59,60,61,62,63]","[1,512,512]",524288,512.0,125e8cbe9395c2f2fb4754619f5e19432d0ec6ebfa6261cac9ae3f2fdd768470,true,,Uncontrolled; zero client residency does not imply cold server storage,Per-file client eviction before every pass; no global cache drops,false,2.1216098557631535,4.243219711526307,10.41183122806251,10.807074718177319,0.3925665244460106,23718789120,47437578240,12805376000,,,1,1181936,12815263808
r1-c512-translated-256-damacy,measurement,1,c512,translated-256,damacy,222,raw/reader-records.jsonl.gz#line=222,accepted,accepted,0,true,true,,4635ae43d5402f62f178e4e3015dde9198bccf4931704696e6e68f1f0a436a61,512b8afa04e4411769586a4b5ce6c3312db637b56da2817e8de96b11c098b42e,414bf43edde9f9b70c911ccee227982d6d357b6ffd48836461511dc86e6655a7,cw-us-e4a1-h100-221-159,3836384,"[16,17,18,19,20,21,22,23,24,25,26,27,28,29,30,31,32,33,34,35,36,37,38,39,40,41,42,43,44,45,46,47,48,49,50,51,52,53,54,55,56,57,58,59,60,61,62,63]","[1,512,512]",524288,512.0,125e8cbe9395c2f2fb4754619f5e19432d0ec6ebfa6261cac9ae3f2fdd768470,false,true,Uncontrolled; zero client residency does not imply cold server storage,Per-file client eviction before every pass; no global cache drops,false,0.6377175266603915,1.275435053320783,10.192600529640913,12.761168036609888,2.528953768312931,6979321856,13958643712,17210109605.0,41030778880.0,5.87890625,13,218372,18661105664
r1-c512-translated-256-tensorstore,measurement,1,c512,translated-256,tensorstore,189,raw/reader-records.jsonl.gz#line=189,accepted,accepted,0,true,true,,4635ae43d5402f62f178e4e3015dde9198bccf4931704696e6e68f1f0a436a61,512b8afa04e4411769586a4b5ce6c3312db637b56da2817e8de96b11c098b42e,414bf43edde9f9b70c911ccee227982d6d357b6ffd48836461511dc86e6655a7,cw-us-e4a1-h100-221-159,3836384,"[16,17,18,19,20,21,22,23,24,25,26,27,28,29,30,31,32,33,34,35,36,37,38,39,40,41,42,43,44,45,46,47,48,49,50,51,52,53,54,55,56,57,58,59,60,61,62,63]","[1,512,512]",524288,512.0,125e8cbe9395c2f2fb4754619f5e19432d0ec6ebfa6261cac9ae3f2fdd768470,false,,Uncontrolled; zero client residency does not imply cold server storage,Per-file client eviction before every pass; no global cache drops,false,0.5546757019531411,1.1093514039062822,10.817131485790014,13.75652670674026,2.9098818376660347,6442450944,12884901888,15864764242,,,12,315360,17085800448
r1-c512-translated-512-damacy,measurement,1,c512,translated-512,damacy,715,raw/reader-records.jsonl.gz#line=715,accepted,accepted,0,true,true,,4635ae43d5402f62f178e4e3015dde9198bccf4931704696e6e68f1f0a436a61,5248277298803e9c822a8b001eb8ad2e40195401bbffc3d2ed6f03c5e22cae70,414bf43edde9f9b70c911ccee227982d6d357b6ffd48836461511dc86e6655a7,cw-us-e4a1-h100-221-159,3836384,"[16,17,18,19,20,21,22,23,24,25,26,27,28,29,30,31,32,33,34,35,36,37,38,39,40,41,42,43,44,45,46,47,48,49,50,51,52,53,54,55,56,57,58,59,60,61,62,63]","[1,512,512]",524288,512.0,125e8cbe9395c2f2fb4754619f5e19432d0ec6ebfa6261cac9ae3f2fdd768470,false,true,Uncontrolled; zero client residency does not imply cold server storage,Per-file client eviction before every pass; no global cache drops,false,1.440325559704521,2.880651119409042,11.10859964415431,13.4566036965698,2.3212003521621227,17179869184,34359738368,12741690816.0,64558727168.0,3.7578125,8,388488,14348129085
r1-c512-translated-512-tensorstore,measurement,1,c512,translated-512,tensorstore,736,raw/reader-records.jsonl.gz#line=736,accepted,accepted,0,true,true,,4635ae43d5402f62f178e4e3015dde9198bccf4931704696e6e68f1f0a436a61,5248277298803e9c822a8b001eb8ad2e40195401bbffc3d2ed6f03c5e22cae70,414bf43edde9f9b70c911ccee227982d6d357b6ffd48836461511dc86e6655a7,cw-us-e4a1-h100-221-159,3836384,"[16,17,18,19,20,21,22,23,24,25,26,27,28,29,30,31,32,33,34,35,36,37,38,39,40,41,42,43,44,45,46,47,48,49,50,51,52,53,54,55,56,57,58,59,60,61,62,63]","[1,512,512]",524288,512.0,125e8cbe9395c2f2fb4754619f5e19432d0ec6ebfa6261cac9ae3f2fdd768470,false,,Uncontrolled; zero client residency does not imply cold server storage,Per-file client eviction before every pass; no global cache drops,false,1.2794906451005712,2.5589812902011424,10.941854130476713,12.889488313347101,1.928711462765932,15032385536,30064771072,11133774559,,,7,580572,12416108030
r1-c64-aligned-512-damacy,measurement,1,c64,aligned-512,damacy,328,raw/reader-records.jsonl.gz#line=328,accepted,accepted,0,true,true,,4635ae43d5402f62f178e4e3015dde9198bccf4931704696e6e68f1f0a436a61,d688712d0e73d712a91cdfc295dc6b8d2f4b3dc6d316bd8514ec0c1b0420034f,414bf43edde9f9b70c911ccee227982d6d357b6ffd48836461511dc86e6655a7,cw-us-e4a1-h100-221-159,3836384,"[16,17,18,19,20,21,22,23,24,25,26,27,28,29,30,31,32,33,34,35,36,37,38,39,40,41,42,43,44,45,46,47,48,49,50,51,52,53,54,55,56,57,58,59,60,61,62,63]","[1,128,256]",65536,64.0,a6bf80ef828976c1b242a3cb87b267d36bf7e1f63a397678404d5841a85b2eb4,false,true,Uncontrolled; zero client residency does not imply cold server storage,Per-file client eviction before every pass; no global cache drops,false,3.1948511728616698,6.3897023457233395,10.016116015613079,12.83624411560595,2.7749429270625114,34359738368,68719476736,18175514240.0,34317795328.0,0.998779296875,16,357212,19712217088
r1-c64-aligned-512-tensorstore,measurement,1,c64,aligned-512,tensorstore,289,raw/reader-records.jsonl.gz#line=289,accepted,accepted,0,true,true,,4635ae43d5402f62f178e4e3015dde9198bccf4931704696e6e68f1f0a436a61,d688712d0e73d712a91cdfc295dc6b8d2f4b3dc6d316bd8514ec0c1b0420034f,414bf43edde9f9b70c911ccee227982d6d357b6ffd48836461511dc86e6655a7,cw-us-e4a1-h100-221-159,3836384,"[16,17,18,19,20,21,22,23,24,25,26,27,28,29,30,31,32,33,34,35,36,37,38,39,40,41,42,43,44,45,46,47,48,49,50,51,52,53,54,55,56,57,58,59,60,61,62,63]","[1,128,256]",65536,64.0,a6bf80ef828976c1b242a3cb87b267d36bf7e1f63a397678404d5841a85b2eb4,false,,Uncontrolled; zero client residency does not imply cold server storage,Per-file client eviction before every pass; no global cache drops,false,2.0852423482590994,4.170484696518199,10.550332443788648,13.220429299399257,2.643494341522455,23622320128,47244640256,12478721118,,,11,667748,13432696832
r1-c64-full-scan-damacy,measurement,1,c64,full-scan,damacy,503,raw/reader-records.jsonl.gz#line=503,accepted,accepted,0,true,true,,4635ae43d5402f62f178e4e3015dde9198bccf4931704696e6e68f1f0a436a61,5746d4568c32ac96a201bfe577c16b89032fe609298f651278613a75d9be68b3,414bf43edde9f9b70c911ccee227982d6d357b6ffd48836461511dc86e6655a7,cw-us-e4a1-h100-221-159,3836384,"[16,17,18,19,20,21,22,23,24,25,26,27,28,29,30,31,32,33,34,35,36,37,38,39,40,41,42,43,44,45,46,47,48,49,50,51,52,53,54,55,56,57,58,59,60,61,62,63]","[1,128,256]",65536,64.0,a6bf80ef828976c1b242a3cb87b267d36bf7e1f63a397678404d5841a85b2eb4,true,true,Uncontrolled; zero client residency does not imply cold server storage,Per-file client eviction before every pass; no global cache drops,false,1.7533191562929435,3.506638312585887,12.598872071132064,12.873320370912552,0.1981650460511446,23718789120,47437578240,12656941056.0,32212254720.0,1.3580901856763925,1,470948,12677129387
r1-c64-full-scan-tensorstore,measurement,1,c64,full-scan,tensorstore,514,raw/reader-records.jsonl.gz#line=514,accepted,accepted,0,true,true,,4635ae43d5402f62f178e4e3015dde9198bccf4931704696e6e68f1f0a436a61,5746d4568c32ac96a201bfe577c16b89032fe609298f651278613a75d9be68b3,414bf43edde9f9b70c911ccee227982d6d357b6ffd48836461511dc86e6655a7,cw-us-e4a1-h100-221-159,3836384,"[16,17,18,19,20,21,22,23,24,25,26,27,28,29,30,31,32,33,34,35,36,37,38,39,40,41,42,43,44,45,46,47,48,49,50,51,52,53,54,55,56,57,58,59,60,61,62,63]","[1,128,256]",65536,64.0,a6bf80ef828976c1b242a3cb87b267d36bf7e1f63a397678404d5841a85b2eb4,true,,Uncontrolled; zero client residency does not imply cold server storage,Per-file client eviction before every pass; no global cache drops,false,2.2905274375550446,4.581054875110089,19.28799750469625,21.247043017297983,1.9537217896431684,47437578240,94875156480,25313984420,,,2,2433228,25352754337
r1-c64-translated-256-damacy,measurement,1,c64,translated-256,damacy,135,raw/reader-records.jsonl.gz#line=135,accepted,accepted,0,true,true,,4635ae43d5402f62f178e4e3015dde9198bccf4931704696e6e68f1f0a436a61,512b8afa04e4411769586a4b5ce6c3312db637b56da2817e8de96b11c098b42e,414bf43edde9f9b70c911ccee227982d6d357b6ffd48836461511dc86e6655a7,cw-us-e4a1-h100-221-159,3836384,"[16,17,18,19,20,21,22,23,24,25,26,27,28,29,30,31,32,33,34,35,36,37,38,39,40,41,42,43,44,45,46,47,48,49,50,51,52,53,54,55,56,57,58,59,60,61,62,63]","[1,128,256]",65536,64.0,a6bf80ef828976c1b242a3cb87b267d36bf7e1f63a397678404d5841a85b2eb4,false,true,Uncontrolled; zero client residency does not imply cold server storage,Per-file client eviction before every pass; no global cache drops,false,0.4144791494445364,0.8289582988890728,10.856999697163701,12.237193176522851,1.3521513920277357,4831838208,9663676416,7158633732.0,14405861376.0,2.9814453125,9,160304,7445557248
r1-c64-translated-256-tensorstore,measurement,1,c64,translated-256,tensorstore,158,raw/reader-records.jsonl.gz#line=158,accepted,accepted,0,true,true,,4635ae43d5402f62f178e4e3015dde9198bccf4931704696e6e68f1f0a436a61,512b8afa04e4411769586a4b5ce6c3312db637b56da2817e8de96b11c098b42e,414bf43edde9f9b70c911ccee227982d6d357b6ffd48836461511dc86e6655a7,cw-us-e4a1-h100-221-159,3836384,"[16,17,18,19,20,21,22,23,24,25,26,27,28,29,30,31,32,33,34,35,36,37,38,39,40,41,42,43,44,45,46,47,48,49,50,51,52,53,54,55,56,57,58,59,60,61,62,63]","[1,128,256]",65536,64.0,a6bf80ef828976c1b242a3cb87b267d36bf7e1f63a397678404d5841a85b2eb4,false,,Uncontrolled; zero client residency does not imply cold server storage,Per-file client eviction before every pass; no global cache drops,false,0.39624236768792115,0.7924847353758423,10.09483166411519,11.732042567804456,1.6193759851157665,4294967296,8589934592,6357172705,,,8,351684,6621859840
r1-c64-translated-512-damacy,measurement,1,c64,translated-512,damacy,110,raw/reader-records.jsonl.gz#line=110,accepted,accepted,0,true,true,,4635ae43d5402f62f178e4e3015dde9198bccf4931704696e6e68f1f0a436a61,5248277298803e9c822a8b001eb8ad2e40195401bbffc3d2ed6f03c5e22cae70,414bf43edde9f9b70c911ccee227982d6d357b6ffd48836461511dc86e6655a7,cw-us-e4a1-h100-221-159,3836384,"[16,17,18,19,20,21,22,23,24,25,26,27,28,29,30,31,32,33,34,35,36,37,38,39,40,41,42,43,44,45,46,47,48,49,50,51,52,53,54,55,56,57,58,59,60,61,62,63]","[1,128,256]",65536,64.0,a6bf80ef828976c1b242a3cb87b267d36bf7e1f63a397678404d5841a85b2eb4,false,true,Uncontrolled; zero client residency does not imply cold server storage,Per-file client eviction before every pass; no global cache drops,false,1.2802196532962524,2.560439306592505,10.935623401775956,12.424253704026341,1.465175686404109,15032385536,30064771072,11024015149.0,27457683456.0,1.826568603515625,7,358784,12517692718
r1-c64-translated-512-tensorstore,measurement,1,c64,translated-512,tensorstore,89,raw/reader-records.jsonl.gz#line=89,accepted,accepted,0,true,true,,4635ae43d5402f62f178e4e3015dde9198bccf4931704696e6e68f1f0a436a61,5248277298803e9c822a8b001eb8ad2e40195401bbffc3d2ed6f03c5e22cae70,414bf43edde9f9b70c911ccee227982d6d357b6ffd48836461511dc86e6655a7,cw-us-e4a1-h100-221-159,3836384,"[16,17,18,19,20,21,22,23,24,25,26,27,28,29,30,31,32,33,34,35,36,37,38,39,40,41,42,43,44,45,46,47,48,49,50,51,52,53,54,55,56,57,58,59,60,61,62,63]","[1,128,256]",65536,64.0,a6bf80ef828976c1b242a3cb87b267d36bf7e1f63a397678404d5841a85b2eb4,false,,Uncontrolled; zero client residency does not imply cold server storage,Per-file client eviction before every pass; no global cache drops,false,1.1514465368296043,2.3028930736592086,10.421673621982336,11.913019105792046,1.47555866651237,12884901888,25769803776,9437833705,,,6,692236,10565591040
r2-c128-aligned-512-damacy,measurement,2,c128,aligned-512,damacy,1468,raw/reader-records.jsonl.gz#line=1468,accepted,accepted,0,true,true,,4635ae43d5402f62f178e4e3015dde9198bccf4931704696e6e68f1f0a436a61,d688712d0e73d712a91cdfc295dc6b8d2f4b3dc6d316bd8514ec0c1b0420034f,414bf43edde9f9b70c911ccee227982d6d357b6ffd48836461511dc86e6655a7,cw-us-e4a1-h100-221-159,3836384,"[16,17,18,19,20,21,22,23,24,25,26,27,28,29,30,31,32,33,34,35,36,37,38,39,40,41,42,43,44,45,46,47,48,49,50,51,52,53,54,55,56,57,58,59,60,61,62,63]","[1,256,256]",131072,128.0,edfc8fe2774311dd8a2dd50e5d20e1c292ab3a15af12990143f193e438cb4725,false,true,Uncontrolled; zero client residency does not imply cold server storage,Per-file client eviction before every pass; no global cache drops,false,3.3533710293716803,6.706742058743361,10.139051033183932,13.199328292161226,3.0121007952839136,36507222016,73014444032,19307032872.0,36462657536.0,0.998779296875,17,370280,20921839616
r2-c128-aligned-512-tensorstore,measurement,2,c128,aligned-512,tensorstore,1427,raw/reader-records.jsonl.gz#line=1427,accepted,accepted,0,true,true,,4635ae43d5402f62f178e4e3015dde9198bccf4931704696e6e68f1f0a436a61,d688712d0e73d712a91cdfc295dc6b8d2f4b3dc6d316bd8514ec0c1b0420034f,414bf43edde9f9b70c911ccee227982d6d357b6ffd48836461511dc86e6655a7,cw-us-e4a1-h100-221-159,3836384,"[16,17,18,19,20,21,22,23,24,25,26,27,28,29,30,31,32,33,34,35,36,37,38,39,40,41,42,43,44,45,46,47,48,49,50,51,52,53,54,55,56,57,58,59,60,61,62,63]","[1,256,256]",131072,128.0,edfc8fe2774311dd8a2dd50e5d20e1c292ab3a15af12990143f193e438cb4725,false,,Uncontrolled; zero client residency does not imply cold server storage,Per-file client eviction before every pass; no global cache drops,false,1.9255614738766507,3.8511229477533013,10.38658088631928,13.96035073325038,3.550160750746727,21474836480,42949672960,11340333211,,,10,607532,12203192320
r2-c128-full-scan-damacy,measurement,2,c128,full-scan,damacy,1356,raw/reader-records.jsonl.gz#line=1356,accepted,accepted,0,true,true,,4635ae43d5402f62f178e4e3015dde9198bccf4931704696e6e68f1f0a436a61,5746d4568c32ac96a201bfe577c16b89032fe609298f651278613a75d9be68b3,414bf43edde9f9b70c911ccee227982d6d357b6ffd48836461511dc86e6655a7,cw-us-e4a1-h100-221-159,3836384,"[16,17,18,19,20,21,22,23,24,25,26,27,28,29,30,31,32,33,34,35,36,37,38,39,40,41,42,43,44,45,46,47,48,49,50,51,52,53,54,55,56,57,58,59,60,61,62,63]","[1,256,256]",131072,128.0,edfc8fe2774311dd8a2dd50e5d20e1c292ab3a15af12990143f193e438cb4725,true,true,Uncontrolled; zero client residency does not imply cold server storage,Per-file client eviction before every pass; no global cache drops,false,1.8734650967181192,3.7469301934362385,11.790902210399508,12.649758575484157,0.7855794243514538,23718789120,47437578240,12664412160.0,38654705664.0,1.629708222811671,1,482096,12680442496
r2-c128-full-scan-tensorstore,measurement,2,c128,full-scan,tensorstore,1347,raw/reader-records.jsonl.gz#line=1347,accepted,accepted,0,true,true,,4635ae43d5402f62f178e4e3015dde9198bccf4931704696e6e68f1f0a436a61,5746d4568c32ac96a201bfe577c16b89032fe609298f651278613a75d9be68b3,414bf43edde9f9b70c911ccee227982d6d357b6ffd48836461511dc86e6655a7,cw-us-e4a1-h100-221-159,3836384,"[16,17,18,19,20,21,22,23,24,25,26,27,28,29,30,31,32,33,34,35,36,37,38,39,40,41,42,43,44,45,46,47,48,49,50,51,52,53,54,55,56,57,58,59,60,61,62,63]","[1,256,256]",131072,128.0,edfc8fe2774311dd8a2dd50e5d20e1c292ab3a15af12990143f193e438cb4725,true,,Uncontrolled; zero client residency does not imply cold server storage,Per-file client eviction before every pass; no global cache drops,false,2.4542630452502117,4.908526090500423,18.001203084364533,19.45554523728788,1.4489912670105696,47437578240,94875156480,25328836546,,,2,2336388,25357979577
r2-c128-translated-256-damacy,measurement,2,c128,translated-256,damacy,1066,raw/reader-records.jsonl.gz#line=1066,accepted,accepted,0,true,true,,4635ae43d5402f62f178e4e3015dde9198bccf4931704696e6e68f1f0a436a61,512b8afa04e4411769586a4b5ce6c3312db637b56da2817e8de96b11c098b42e,414bf43edde9f9b70c911ccee227982d6d357b6ffd48836461511dc86e6655a7,cw-us-e4a1-h100-221-159,3836384,"[16,17,18,19,20,21,22,23,24,25,26,27,28,29,30,31,32,33,34,35,36,37,38,39,40,41,42,43,44,45,46,47,48,49,50,51,52,53,54,55,56,57,58,59,60,61,62,63]","[1,256,256]",131072,128.0,edfc8fe2774311dd8a2dd50e5d20e1c292ab3a15af12990143f193e438cb4725,false,true,Uncontrolled; zero client residency does not imply cold server storage,Per-file client eviction before every pass; no global cache drops,false,0.40722510260239686,0.8144502052047937,11.050399327650666,12.626594942063093,1.546997256577015,4831838208,9663676416,9446495265.0,19199950848.0,3.9736328125,9,170768,10171527168
r2-c128-translated-256-tensorstore,measurement,2,c128,translated-256,tensorstore,1041,raw/reader-records.jsonl.gz#line=1041,accepted,accepted,0,true,true,,4635ae43d5402f62f178e4e3015dde9198bccf4931704696e6e68f1f0a436a61,512b8afa04e4411769586a4b5ce6c3312db637b56da2817e8de96b11c098b42e,414bf43edde9f9b70c911ccee227982d6d357b6ffd48836461511dc86e6655a7,cw-us-e4a1-h100-221-159,3836384,"[16,17,18,19,20,21,22,23,24,25,26,27,28,29,30,31,32,33,34,35,36,37,38,39,40,41,42,43,44,45,46,47,48,49,50,51,52,53,54,55,56,57,58,59,60,61,62,63]","[1,256,256]",131072,128.0,edfc8fe2774311dd8a2dd50e5d20e1c292ab3a15af12990143f193e438cb4725,false,,Uncontrolled; zero client residency does not imply cold server storage,Per-file client eviction before every pass; no global cache drops,false,0.3665591712687952,0.7331183425375905,10.91229005716741,13.003864554688334,2.0731072071939707,4294967296,8589934592,8390275212,,,8,333928,8981540864
r2-c128-translated-512-damacy,measurement,2,c128,translated-512,damacy,1541,raw/reader-records.jsonl.gz#line=1541,accepted,accepted,0,true,true,,4635ae43d5402f62f178e4e3015dde9198bccf4931704696e6e68f1f0a436a61,5248277298803e9c822a8b001eb8ad2e40195401bbffc3d2ed6f03c5e22cae70,414bf43edde9f9b70c911ccee227982d6d357b6ffd48836461511dc86e6655a7,cw-us-e4a1-h100-221-159,3836384,"[16,17,18,19,20,21,22,23,24,25,26,27,28,29,30,31,32,33,34,35,36,37,38,39,40,41,42,43,44,45,46,47,48,49,50,51,52,53,54,55,56,57,58,59,60,61,62,63]","[1,256,256]",131072,128.0,edfc8fe2774311dd8a2dd50e5d20e1c292ab3a15af12990143f193e438cb4725,false,true,Uncontrolled; zero client residency does not imply cold server storage,Per-file client eviction before every pass; no global cache drops,false,1.2320091738597194,2.464018347719439,11.363551747053862,12.839453106746078,1.450742470100522,15032385536,30064771072,11029489009.0,32443858944.0,2.15826416015625,7,357820,12505295679
r2-c128-translated-512-tensorstore,measurement,2,c128,translated-512,tensorstore,1562,raw/reader-records.jsonl.gz#line=1562,accepted,accepted,0,true,true,,4635ae43d5402f62f178e4e3015dde9198bccf4931704696e6e68f1f0a436a61,5248277298803e9c822a8b001eb8ad2e40195401bbffc3d2ed6f03c5e22cae70,414bf43edde9f9b70c911ccee227982d6d357b6ffd48836461511dc86e6655a7,cw-us-e4a1-h100-221-159,3836384,"[16,17,18,19,20,21,22,23,24,25,26,27,28,29,30,31,32,33,34,35,36,37,38,39,40,41,42,43,44,45,46,47,48,49,50,51,52,53,54,55,56,57,58,59,60,61,62,63]","[1,256,256]",131072,128.0,edfc8fe2774311dd8a2dd50e5d20e1c292ab3a15af12990143f193e438cb4725,false,,Uncontrolled; zero client residency does not imply cold server storage,Per-file client eviction before every pass; no global cache drops,false,1.2229372341357834,2.4458744682715667,11.447848351672292,13.691972998902202,2.2274408601224422,15032385536,30064771072,11016415529,,,7,632624,12340771761
r2-c16-aligned-512-damacy,measurement,2,c16,aligned-512,damacy,1375,raw/reader-records.jsonl.gz#line=1375,accepted,accepted,0,true,true,,4635ae43d5402f62f178e4e3015dde9198bccf4931704696e6e68f1f0a436a61,d688712d0e73d712a91cdfc295dc6b8d2f4b3dc6d316bd8514ec0c1b0420034f,414bf43edde9f9b70c911ccee227982d6d357b6ffd48836461511dc86e6655a7,cw-us-e4a1-h100-221-159,3836384,"[16,17,18,19,20,21,22,23,24,25,26,27,28,29,30,31,32,33,34,35,36,37,38,39,40,41,42,43,44,45,46,47,48,49,50,51,52,53,54,55,56,57,58,59,60,61,62,63]","[1,64,128]",16384,16.0,007af913ba8c2044cb8b151a2b2731577d175598a4aa67ec548e18f3fa94356b,false,true,Uncontrolled; zero client residency does not imply cold server storage,Per-file client eviction before every pass; no global cache drops,false,1.029595542415987,2.059191084831974,11.655062114819884,12.908211216330528,1.2316976021975279,12884901888,25769803776,6786938100.0,12869173248.0,0.998779296875,6,406120,7451385856
r2-c16-aligned-512-tensorstore,measurement,2,c16,aligned-512,tensorstore,1400,raw/reader-records.jsonl.gz#line=1400,accepted,accepted,0,true,true,,4635ae43d5402f62f178e4e3015dde9198bccf4931704696e6e68f1f0a436a61,d688712d0e73d712a91cdfc295dc6b8d2f4b3dc6d316bd8514ec0c1b0420034f,414bf43edde9f9b70c911ccee227982d6d357b6ffd48836461511dc86e6655a7,cw-us-e4a1-h100-221-159,3836384,"[16,17,18,19,20,21,22,23,24,25,26,27,28,29,30,31,32,33,34,35,36,37,38,39,40,41,42,43,44,45,46,47,48,49,50,51,52,53,54,55,56,57,58,59,60,61,62,63]","[1,64,128]",16384,16.0,007af913ba8c2044cb8b151a2b2731577d175598a4aa67ec548e18f3fa94356b,false,,Uncontrolled; zero client residency does not imply cold server storage,Per-file client eviction before every pass; no global cache drops,false,1.7510522110047826,3.502104422009565,10.27953357808292,12.41005221195519,2.109182311221957,19327352832,38654705664,10166525771,,,9,1022708,10933829632
r2-c16-full-scan-damacy,measurement,2,c16,full-scan,damacy,1884,raw/reader-records.jsonl.gz#line=1884,accepted,accepted,0,true,true,,4635ae43d5402f62f178e4e3015dde9198bccf4931704696e6e68f1f0a436a61,5746d4568c32ac96a201bfe577c16b89032fe609298f651278613a75d9be68b3,414bf43edde9f9b70c911ccee227982d6d357b6ffd48836461511dc86e6655a7,cw-us-e4a1-h100-221-159,3836384,"[16,17,18,19,20,21,22,23,24,25,26,27,28,29,30,31,32,33,34,35,36,37,38,39,40,41,42,43,44,45,46,47,48,49,50,51,52,53,54,55,56,57,58,59,60,61,62,63]","[1,64,128]",16384,16.0,007af913ba8c2044cb8b151a2b2731577d175598a4aa67ec548e18f3fa94356b,true,true,Uncontrolled; zero client residency does not imply cold server storage,Per-file client eviction before every pass; no global cache drops,false,2.5600030415597588,5.1200060831195175,17.257669925689697,19.141146643087268,1.8070205692201853,47437578240,94875156480,25092759552.0,57982058496.0,1.2222811671087532,2,522572,25236920072
r2-c16-full-scan-tensorstore,measurement,2,c16,full-scan,tensorstore,1873,raw/reader-records.jsonl.gz#line=1873,accepted,accepted,0,true,true,,4635ae43d5402f62f178e4e3015dde9198bccf4931704696e6e68f1f0a436a61,5746d4568c32ac96a201bfe577c16b89032fe609298f651278613a75d9be68b3,414bf43edde9f9b70c911ccee227982d6d357b6ffd48836461511dc86e6655a7,cw-us-e4a1-h100-221-159,3836384,"[16,17,18,19,20,21,22,23,24,25,26,27,28,29,30,31,32,33,34,35,36,37,38,39,40,41,42,43,44,45,46,47,48,49,50,51,52,53,54,55,56,57,58,59,60,61,62,63]","[1,64,128]",16384,16.0,007af913ba8c2044cb8b151a2b2731577d175598a4aa67ec548e18f3fa94356b,true,,Uncontrolled; zero client residency does not imply cold server storage,Per-file client eviction before every pass; no global cache drops,false,1.566195299733601,3.132390599467202,14.104143815115094,14.48507833108306,0.37823578156530857,23718789120,47437578240,12546379963,,,1,2384080,12613768700
r2-c16-translated-256-damacy,measurement,2,c16,translated-256,damacy,1649,raw/reader-records.jsonl.gz#line=1649,accepted,accepted,0,true,true,,4635ae43d5402f62f178e4e3015dde9198bccf4931704696e6e68f1f0a436a61,512b8afa04e4411769586a4b5ce6c3312db637b56da2817e8de96b11c098b42e,414bf43edde9f9b70c911ccee227982d6d357b6ffd48836461511dc86e6655a7,cw-us-e4a1-h100-221-159,3836384,"[16,17,18,19,20,21,22,23,24,25,26,27,28,29,30,31,32,33,34,35,36,37,38,39,40,41,42,43,44,45,46,47,48,49,50,51,52,53,54,55,56,57,58,59,60,61,62,63]","[1,64,128]",16384,16.0,007af913ba8c2044cb8b151a2b2731577d175598a4aa67ec548e18f3fa94356b,false,true,Uncontrolled; zero client residency does not imply cold server storage,Per-file client eviction before every pass; no global cache drops,false,0.16408269552214072,0.32816539104428144,12.188975770026445,12.898947352543473,0.693237179890275,2147483648,4294967296,2060969180.0,4001169408.0,1.863189697265625,4,209208,3932868608
r2-c16-translated-256-tensorstore,measurement,2,c16,translated-256,tensorstore,1662,raw/reader-records.jsonl.gz#line=1662,accepted,accepted,0,true,true,,4635ae43d5402f62f178e4e3015dde9198bccf4931704696e6e68f1f0a436a61,512b8afa04e4411769586a4b5ce6c3312db637b56da2817e8de96b11c098b42e,414bf43edde9f9b70c911ccee227982d6d357b6ffd48836461511dc86e6655a7,cw-us-e4a1-h100-221-159,3836384,"[16,17,18,19,20,21,22,23,24,25,26,27,28,29,30,31,32,33,34,35,36,37,38,39,40,41,42,43,44,45,46,47,48,49,50,51,52,53,54,55,56,57,58,59,60,61,62,63]","[1,64,128]",16384,16.0,007af913ba8c2044cb8b151a2b2731577d175598a4aa67ec548e18f3fa94356b,false,,Uncontrolled; zero client residency does not imply cold server storage,Per-file client eviction before every pass; no global cache drops,false,0.13115653491233456,0.2623130698246691,11.436715684831142,12.076992375776172,0.6330051477998495,1610612736,3221225472,1544846311,,,3,512064,1869959168
r2-c16-translated-512-damacy,measurement,2,c16,translated-512,damacy,1134,raw/reader-records.jsonl.gz#line=1134,accepted,accepted,0,true,true,,4635ae43d5402f62f178e4e3015dde9198bccf4931704696e6e68f1f0a436a61,5248277298803e9c822a8b001eb8ad2e40195401bbffc3d2ed6f03c5e22cae70,414bf43edde9f9b70c911ccee227982d6d357b6ffd48836461511dc86e6655a7,cw-us-e4a1-h100-221-159,3836384,"[16,17,18,19,20,21,22,23,24,25,26,27,28,29,30,31,32,33,34,35,36,37,38,39,40,41,42,43,44,45,46,47,48,49,50,51,52,53,54,55,56,57,58,59,60,61,62,63]","[1,64,128]",16384,16.0,007af913ba8c2044cb8b151a2b2731577d175598a4aa67ec548e18f3fa94356b,false,true,Uncontrolled; zero client residency does not imply cold server storage,Per-file client eviction before every pass; no global cache drops,false,0.589596863422204,1.179193726844408,10.176444910466671,11.091212939471006,0.9000887461006641,6442450944,12884901888,4133319894.0,8913420288.0,1.383544921875,3,413184,10294423394
r2-c16-translated-512-tensorstore,measurement,2,c16,translated-512,tensorstore,1121,raw/reader-records.jsonl.gz#line=1121,accepted,accepted,0,true,true,,4635ae43d5402f62f178e4e3015dde9198bccf4931704696e6e68f1f0a436a61,5248277298803e9c822a8b001eb8ad2e40195401bbffc3d2ed6f03c5e22cae70,414bf43edde9f9b70c911ccee227982d6d357b6ffd48836461511dc86e6655a7,cw-us-e4a1-h100-221-159,3836384,"[16,17,18,19,20,21,22,23,24,25,26,27,28,29,30,31,32,33,34,35,36,37,38,39,40,41,42,43,44,45,46,47,48,49,50,51,52,53,54,55,56,57,58,59,60,61,62,63]","[1,64,128]",16384,16.0,007af913ba8c2044cb8b151a2b2731577d175598a4aa67ec548e18f3fa94356b,false,,Uncontrolled; zero client residency does not imply cold server storage,Per-file client eviction before every pass; no global cache drops,false,0.495496170092008,0.990992340184016,12.109074423089623,13.059075765311718,0.9425004310905933,6442450944,12884901888,4128712491,,,3,962104,5312962560
r2-c256-aligned-512-damacy,measurement,2,c256,aligned-512,damacy,1177,raw/reader-records.jsonl.gz#line=1177,accepted,accepted,0,true,true,,4635ae43d5402f62f178e4e3015dde9198bccf4931704696e6e68f1f0a436a61,d688712d0e73d712a91cdfc295dc6b8d2f4b3dc6d316bd8514ec0c1b0420034f,414bf43edde9f9b70c911ccee227982d6d357b6ffd48836461511dc86e6655a7,cw-us-e4a1-h100-221-159,3836384,"[16,17,18,19,20,21,22,23,24,25,26,27,28,29,30,31,32,33,34,35,36,37,38,39,40,41,42,43,44,45,46,47,48,49,50,51,52,53,54,55,56,57,58,59,60,61,62,63]","[1,256,512]",262144,256.0,f77cc4e6044baf283bb7042a30377577f17ee1b7d32604c7c0bef31b58096038,false,true,Uncontrolled; zero client residency does not imply cold server storage,Per-file client eviction before every pass; no global cache drops,false,3.4972482042876623,6.9944964085753245,10.293807558715343,13.559385124593973,3.214679369702935,38654705664,77309411328,20504708604.0,38607519744.0,0.998779296875,18,400860,22081622016
r2-c256-aligned-512-tensorstore,measurement,2,c256,aligned-512,tensorstore,1208,raw/reader-records.jsonl.gz#line=1208,accepted,accepted,0,true,true,,4635ae43d5402f62f178e4e3015dde9198bccf4931704696e6e68f1f0a436a61,d688712d0e73d712a91cdfc295dc6b8d2f4b3dc6d316bd8514ec0c1b0420034f,414bf43edde9f9b70c911ccee227982d6d357b6ffd48836461511dc86e6655a7,cw-us-e4a1-h100-221-159,3836384,"[16,17,18,19,20,21,22,23,24,25,26,27,28,29,30,31,32,33,34,35,36,37,38,39,40,41,42,43,44,45,46,47,48,49,50,51,52,53,54,55,56,57,58,59,60,61,62,63]","[1,256,512]",262144,256.0,f77cc4e6044baf283bb7042a30377577f17ee1b7d32604c7c0bef31b58096038,false,,Uncontrolled; zero client residency does not imply cold server storage,Per-file client eviction before every pass; no global cache drops,false,2.3316021440725363,4.663204288145073,10.293351316824555,13.684708751738071,3.3629883471876383,25769803776,51539607552,13650064594,,,12,552692,14637166592
r2-c256-full-scan-damacy,measurement,2,c256,full-scan,damacy,1520,raw/reader-records.jsonl.gz#line=1520,accepted,accepted,0,true,true,,4635ae43d5402f62f178e4e3015dde9198bccf4931704696e6e68f1f0a436a61,5746d4568c32ac96a201bfe577c16b89032fe609298f651278613a75d9be68b3,414bf43edde9f9b70c911ccee227982d6d357b6ffd48836461511dc86e6655a7,cw-us-e4a1-h100-221-159,3836384,"[16,17,18,19,20,21,22,23,24,25,26,27,28,29,30,31,32,33,34,35,36,37,38,39,40,41,42,43,44,45,46,47,48,49,50,51,52,53,54,55,56,57,58,59,60,61,62,63]","[1,256,512]",262144,256.0,f77cc4e6044baf283bb7042a30377577f17ee1b7d32604c7c0bef31b58096038,true,true,Uncontrolled; zero client residency does not imply cold server storage,Per-file client eviction before every pass; no global cache drops,false,1.0369319174335137,2.0738638348670273,21.303080152720213,22.22599022835493,0.850163783878088,23718789120,47437578240,12778113024.0,51539607552.0,2.172944297082228,1,486016,12791041991
r2-c256-full-scan-tensorstore,measurement,2,c256,full-scan,tensorstore,1511,raw/reader-records.jsonl.gz#line=1511,accepted,accepted,0,true,true,,4635ae43d5402f62f178e4e3015dde9198bccf4931704696e6e68f1f0a436a61,5746d4568c32ac96a201bfe577c16b89032fe609298f651278613a75d9be68b3,414bf43edde9f9b70c911ccee227982d6d357b6ffd48836461511dc86e6655a7,cw-us-e4a1-h100-221-159,3836384,"[16,17,18,19,20,21,22,23,24,25,26,27,28,29,30,31,32,33,34,35,36,37,38,39,40,41,42,43,44,45,46,47,48,49,50,51,52,53,54,55,56,57,58,59,60,61,62,63]","[1,256,512]",262144,256.0,f77cc4e6044baf283bb7042a30377577f17ee1b7d32604c7c0bef31b58096038,true,,Uncontrolled; zero client residency does not imply cold server storage,Per-file client eviction before every pass; no global cache drops,false,1.8358381293177788,3.6716762586355576,12.032566159963608,12.443012170493603,0.4077442139387131,23718789120,47437578240,12778113328,,,1,1445248,12791428107
r2-c256-translated-256-damacy,measurement,2,c256,translated-256,damacy,1835,raw/reader-records.jsonl.gz#line=1835,accepted,accepted,0,true,true,,4635ae43d5402f62f178e4e3015dde9198bccf4931704696e6e68f1f0a436a61,512b8afa04e4411769586a4b5ce6c3312db637b56da2817e8de96b11c098b42e,414bf43edde9f9b70c911ccee227982d6d357b6ffd48836461511dc86e6655a7,cw-us-e4a1-h100-221-159,3836384,"[16,17,18,19,20,21,22,23,24,25,26,27,28,29,30,31,32,33,34,35,36,37,38,39,40,41,42,43,44,45,46,47,48,49,50,51,52,53,54,55,56,57,58,59,60,61,62,63]","[1,256,512]",262144,256.0,f77cc4e6044baf283bb7042a30377577f17ee1b7d32604c7c0bef31b58096038,false,true,Uncontrolled; zero client residency does not imply cold server storage,Per-file client eviction before every pass; no global cache drops,false,0.5923341395966611,1.1846682791933223,10.129417838528752,13.157953057438135,2.991106152534485,6442450944,12884901888,15585846600.0,36647731200.0,5.6884765625,12,183188,16871575552
r2-c256-translated-256-tensorstore,measurement,2,c256,translated-256,tensorstore,1864,raw/reader-records.jsonl.gz#line=1864,accepted,accepted,0,true,true,,4635ae43d5402f62f178e4e3015dde9198bccf4931704696e6e68f1f0a436a61,512b8afa04e4411769586a4b5ce6c3312db637b56da2817e8de96b11c098b42e,414bf43edde9f9b70c911ccee227982d6d357b6ffd48836461511dc86e6655a7,cw-us-e4a1-h100-221-159,3836384,"[16,17,18,19,20,21,22,23,24,25,26,27,28,29,30,31,32,33,34,35,36,37,38,39,40,41,42,43,44,45,46,47,48,49,50,51,52,53,54,55,56,57,58,59,60,61,62,63]","[1,256,512]",262144,256.0,f77cc4e6044baf283bb7042a30377577f17ee1b7d32604c7c0bef31b58096038,false,,Uncontrolled; zero client residency does not imply cold server storage,Per-file client eviction before every pass; no global cache drops,false,0.5366733986254492,1.0733467972508983,10.248318649828434,13.511182554066181,3.237344454973936,5905580032,11811160064,14266951746,,,11,359772,15357272064
r2-c256-translated-512-damacy,measurement,2,c256,translated-512,damacy,1087,raw/reader-records.jsonl.gz#line=1087,accepted,accepted,0,true,true,,4635ae43d5402f62f178e4e3015dde9198bccf4931704696e6e68f1f0a436a61,5248277298803e9c822a8b001eb8ad2e40195401bbffc3d2ed6f03c5e22cae70,414bf43edde9f9b70c911ccee227982d6d357b6ffd48836461511dc86e6655a7,cw-us-e4a1-h100-221-159,3836384,"[16,17,18,19,20,21,22,23,24,25,26,27,28,29,30,31,32,33,34,35,36,37,38,39,40,41,42,43,44,45,46,47,48,49,50,51,52,53,54,55,56,57,58,59,60,61,62,63]","[1,256,512]",262144,256.0,f77cc4e6044baf283bb7042a30377577f17ee1b7d32604c7c0bef31b58096038,false,true,Uncontrolled; zero client residency does not imply cold server storage,Per-file client eviction before every pass; no global cache drops,false,1.27381610769724,2.54763221539448,10.99059739895165,12.558458618819714,1.5432436354458332,15032385536,30064771072,11128008136.0,43208933376.0,2.8743896484375,7,369324,12571845388
r2-c256-translated-512-tensorstore,measurement,2,c256,translated-512,tensorstore,1108,raw/reader-records.jsonl.gz#line=1108,accepted,accepted,0,true,true,,4635ae43d5402f62f178e4e3015dde9198bccf4931704696e6e68f1f0a436a61,5248277298803e9c822a8b001eb8ad2e40195401bbffc3d2ed6f03c5e22cae70,414bf43edde9f9b70c911ccee227982d6d357b6ffd48836461511dc86e6655a7,cw-us-e4a1-h100-221-159,3836384,"[16,17,18,19,20,21,22,23,24,25,26,27,28,29,30,31,32,33,34,35,36,37,38,39,40,41,42,43,44,45,46,47,48,49,50,51,52,53,54,55,56,57,58,59,60,61,62,63]","[1,256,512]",262144,256.0,f77cc4e6044baf283bb7042a30377577f17ee1b7d32604c7c0bef31b58096038,false,,Uncontrolled; zero client residency does not imply cold server storage,Per-file client eviction before every pass; no global cache drops,false,1.2315162256473275,2.463032451294655,11.368100320920348,13.567357994616032,2.182462438941002,15032385536,30064771072,11113427795,,,7,600768,12395828922
r2-c32-aligned-512-damacy,measurement,2,c32,aligned-512,damacy,1972,raw/reader-records.jsonl.gz#line=1972,accepted,accepted,0,true,true,,4635ae43d5402f62f178e4e3015dde9198bccf4931704696e6e68f1f0a436a61,d688712d0e73d712a91cdfc295dc6b8d2f4b3dc6d316bd8514ec0c1b0420034f,414bf43edde9f9b70c911ccee227982d6d357b6ffd48836461511dc86e6655a7,cw-us-e4a1-h100-221-159,3836384,"[16,17,18,19,20,21,22,23,24,25,26,27,28,29,30,31,32,33,34,35,36,37,38,39,40,41,42,43,44,45,46,47,48,49,50,51,52,53,54,55,56,57,58,59,60,61,62,63]","[1,128,128]",32768,32.0,82233b4e1d5b16eeda97f2d4fd915cafb7ea0f52ecf39f48486cfb66ecec40ef,false,true,Uncontrolled; zero client residency does not imply cold server storage,Per-file client eviction before every pass; no global cache drops,false,2.126961160506578,4.253922321013156,10.34339526668191,12.221908004954457,1.8445266541093588,23622320128,47244640256,12431199594.0,23593484288.0,0.998779296875,11,370072,13464768512
r2-c32-aligned-512-tensorstore,measurement,2,c32,aligned-512,tensorstore,1943,raw/reader-records.jsonl.gz#line=1943,accepted,accepted,0,true,true,,4635ae43d5402f62f178e4e3015dde9198bccf4931704696e6e68f1f0a436a61,d688712d0e73d712a91cdfc295dc6b8d2f4b3dc6d316bd8514ec0c1b0420034f,414bf43edde9f9b70c911ccee227982d6d357b6ffd48836461511dc86e6655a7,cw-us-e4a1-h100-221-159,3836384,"[16,17,18,19,20,21,22,23,24,25,26,27,28,29,30,31,32,33,34,35,36,37,38,39,40,41,42,43,44,45,46,47,48,49,50,51,52,53,54,55,56,57,58,59,60,61,62,63]","[1,128,128]",32768,32.0,82233b4e1d5b16eeda97f2d4fd915cafb7ea0f52ecf39f48486cfb66ecec40ef,false,,Uncontrolled; zero client residency does not imply cold server storage,Per-file client eviction before every pass; no global cache drops,false,2.079330616621916,4.158661233243832,10.580328026786447,13.217308804392815,2.610826965421438,23622320128,47244640256,12415925773,,,11,791276,13344235520
r2-c32-full-scan-damacy,measurement,2,c32,full-scan,damacy,1691,raw/reader-records.jsonl.gz#line=1691,accepted,accepted,0,true,true,,4635ae43d5402f62f178e4e3015dde9198bccf4931704696e6e68f1f0a436a61,5746d4568c32ac96a201bfe577c16b89032fe609298f651278613a75d9be68b3,414bf43edde9f9b70c911ccee227982d6d357b6ffd48836461511dc86e6655a7,cw-us-e4a1-h100-221-159,3836384,"[16,17,18,19,20,21,22,23,24,25,26,27,28,29,30,31,32,33,34,35,36,37,38,39,40,41,42,43,44,45,46,47,48,49,50,51,52,53,54,55,56,57,58,59,60,61,62,63]","[1,128,128]",32768,32.0,82233b4e1d5b16eeda97f2d4fd915cafb7ea0f52ecf39f48486cfb66ecec40ef,true,true,Uncontrolled; zero client residency does not imply cold server storage,Per-file client eviction before every pass; no global cache drops,false,2.9296243633555097,5.859248726711019,15.080324990674853,16.011994944885373,0.8555197864770889,47437578240,94875156480,25078210560.0,64424509440.0,1.3580901856763925,2,482944,25155127224
r2-c32-full-scan-tensorstore,measurement,2,c32,full-scan,tensorstore,1700,raw/reader-records.jsonl.gz#line=1700,accepted,accepted,0,true,true,,4635ae43d5402f62f178e4e3015dde9198bccf4931704696e6e68f1f0a436a61,5746d4568c32ac96a201bfe577c16b89032fe609298f651278613a75d9be68b3,414bf43edde9f9b70c911ccee227982d6d357b6ffd48836461511dc86e6655a7,cw-us-e4a1-h100-221-159,3836384,"[16,17,18,19,20,21,22,23,24,25,26,27,28,29,30,31,32,33,34,35,36,37,38,39,40,41,42,43,44,45,46,47,48,49,50,51,52,53,54,55,56,57,58,59,60,61,62,63]","[1,128,128]",32768,32.0,82233b4e1d5b16eeda97f2d4fd915cafb7ea0f52ecf39f48486cfb66ecec40ef,true,,Uncontrolled; zero client residency does not imply cold server storage,Per-file client eviction before every pass; no global cache drops,false,2.1483202533936367,4.2966405067872735,10.282379321753979,11.211076883599162,0.9258141946047544,23718789120,47437578240,12539119609,,,1,2456820,12575296569
r2-c32-translated-256-damacy,measurement,2,c32,translated-256,damacy,1485,raw/reader-records.jsonl.gz#line=1485,accepted,accepted,0,true,true,,4635ae43d5402f62f178e4e3015dde9198bccf4931704696e6e68f1f0a436a61,512b8afa04e4411769586a4b5ce6c3312db637b56da2817e8de96b11c098b42e,414bf43edde9f9b70c911ccee227982d6d357b6ffd48836461511dc86e6655a7,cw-us-e4a1-h100-221-159,3836384,"[16,17,18,19,20,21,22,23,24,25,26,27,28,29,30,31,32,33,34,35,36,37,38,39,40,41,42,43,44,45,46,47,48,49,50,51,52,53,54,55,56,57,58,59,60,61,62,63]","[1,128,128]",32768,32.0,82233b4e1d5b16eeda97f2d4fd915cafb7ea0f52ecf39f48486cfb66ecec40ef,false,true,Uncontrolled; zero client residency does not imply cold server storage,Per-file client eviction before every pass; no global cache drops,false,0.2328868331964586,0.4657736663929172,10.734827579930425,12.130242737010121,1.37499457038939,2684354560,5368709120,3066819915.0,6000312320.0,2.23529052734375,5,169696,3599257600
r2-c32-translated-256-tensorstore,measurement,2,c32,translated-256,tensorstore,1502,raw/reader-records.jsonl.gz#line=1502,accepted,accepted,0,true,true,,4635ae43d5402f62f178e4e3015dde9198bccf4931704696e6e68f1f0a436a61,512b8afa04e4411769586a4b5ce6c3312db637b56da2817e8de96b11c098b42e,414bf43edde9f9b70c911ccee227982d6d357b6ffd48836461511dc86e6655a7,cw-us-e4a1-h100-221-159,3836384,"[16,17,18,19,20,21,22,23,24,25,26,27,28,29,30,31,32,33,34,35,36,37,38,39,40,41,42,43,44,45,46,47,48,49,50,51,52,53,54,55,56,57,58,59,60,61,62,63]","[1,128,128]",32768,32.0,82233b4e1d5b16eeda97f2d4fd915cafb7ea0f52ecf39f48486cfb66ecec40ef,false,,Uncontrolled; zero client residency does not imply cold server storage,Per-file client eviction before every pass; no global cache drops,false,0.21595102004438058,0.43190204008876115,11.576699195429683,12.618990646675229,1.0307248365134,2684354560,5368709120,3064785311,,,5,400232,3384492032
r2-c32-translated-512-damacy,measurement,2,c32,translated-512,damacy,1899,raw/reader-records.jsonl.gz#line=1899,accepted,accepted,0,true,true,,4635ae43d5402f62f178e4e3015dde9198bccf4931704696e6e68f1f0a436a61,5248277298803e9c822a8b001eb8ad2e40195401bbffc3d2ed6f03c5e22cae70,414bf43edde9f9b70c911ccee227982d6d357b6ffd48836461511dc86e6655a7,cw-us-e4a1-h100-221-159,3836384,"[16,17,18,19,20,21,22,23,24,25,26,27,28,29,30,31,32,33,34,35,36,37,38,39,40,41,42,43,44,45,46,47,48,49,50,51,52,53,54,55,56,57,58,59,60,61,62,63]","[1,128,128]",32768,32.0,82233b4e1d5b16eeda97f2d4fd915cafb7ea0f52ecf39f48486cfb66ecec40ef,false,true,Uncontrolled; zero client residency does not imply cold server storage,Per-file client eviction before every pass; no global cache drops,false,0.6720904266958223,1.3441808533916446,11.90316017344594,13.251768589019775,1.3313338067382574,8589934592,17179869184,5507825864.0,13071548416.0,1.521728515625,4,379308,6451109888
r2-c32-translated-512-tensorstore,measurement,2,c32,translated-512,tensorstore,1914,raw/reader-records.jsonl.gz#line=1914,accepted,accepted,0,true,true,,4635ae43d5402f62f178e4e3015dde9198bccf4931704696e6e68f1f0a436a61,5248277298803e9c822a8b001eb8ad2e40195401bbffc3d2ed6f03c5e22cae70,414bf43edde9f9b70c911ccee227982d6d357b6ffd48836461511dc86e6655a7,cw-us-e4a1-h100-221-159,3836384,"[16,17,18,19,20,21,22,23,24,25,26,27,28,29,30,31,32,33,34,35,36,37,38,39,40,41,42,43,44,45,46,47,48,49,50,51,52,53,54,55,56,57,58,59,60,61,62,63]","[1,128,128]",32768,32.0,82233b4e1d5b16eeda97f2d4fd915cafb7ea0f52ecf39f48486cfb66ecec40ef,false,,Uncontrolled; zero client residency does not imply cold server storage,Per-file client eviction before every pass; no global cache drops,false,0.6642674370097401,1.3285348740194802,12.043342115357518,13.04788776859641,0.9946655984967947,8589934592,17179869184,5501438873,,,4,725724,6149730304
r2-c512-aligned-512-damacy,measurement,2,c512,aligned-512,damacy,1634,raw/reader-records.jsonl.gz#line=1634,accepted,accepted,0,true,true,,4635ae43d5402f62f178e4e3015dde9198bccf4931704696e6e68f1f0a436a61,d688712d0e73d712a91cdfc295dc6b8d2f4b3dc6d316bd8514ec0c1b0420034f,414bf43edde9f9b70c911ccee227982d6d357b6ffd48836461511dc86e6655a7,cw-us-e4a1-h100-221-159,3836384,"[16,17,18,19,20,21,22,23,24,25,26,27,28,29,30,31,32,33,34,35,36,37,38,39,40,41,42,43,44,45,46,47,48,49,50,51,52,53,54,55,56,57,58,59,60,61,62,63]","[1,512,512]",524288,512.0,125e8cbe9395c2f2fb4754619f5e19432d0ec6ebfa6261cac9ae3f2fdd768470,false,true,Uncontrolled; zero client residency does not imply cold server storage,Per-file client eviction before every pass; no global cache drops,false,3.4505472208402113,6.9010944416804225,10.433127760887146,13.715264596045017,3.230595340952277,38654705664,77309411328,20503530396.0,38607519744.0,0.998779296875,18,411244,22182768640
r2-c512-aligned-512-tensorstore,measurement,2,c512,aligned-512,tensorstore,1591,raw/reader-records.jsonl.gz#line=1591,accepted,accepted,0,true,true,,4635ae43d5402f62f178e4e3015dde9198bccf4931704696e6e68f1f0a436a61,d688712d0e73d712a91cdfc295dc6b8d2f4b3dc6d316bd8514ec0c1b0420034f,414bf43edde9f9b70c911ccee227982d6d357b6ffd48836461511dc86e6655a7,cw-us-e4a1-h100-221-159,3836384,"[16,17,18,19,20,21,22,23,24,25,26,27,28,29,30,31,32,33,34,35,36,37,38,39,40,41,42,43,44,45,46,47,48,49,50,51,52,53,54,55,56,57,58,59,60,61,62,63]","[1,512,512]",524288,512.0,125e8cbe9395c2f2fb4754619f5e19432d0ec6ebfa6261cac9ae3f2fdd768470,false,,Uncontrolled; zero client residency does not imply cold server storage,Per-file client eviction before every pass; no global cache drops,false,2.1583600039311697,4.316720007862339,10.192924238741398,12.793093129992485,2.574397325515747,23622320128,47244640256,12511605080,,,11,501576,13442514944
r2-c512-full-scan-damacy,measurement,2,c512,full-scan,damacy,1680,raw/reader-records.jsonl.gz#line=1680,accepted,accepted,0,true,true,,4635ae43d5402f62f178e4e3015dde9198bccf4931704696e6e68f1f0a436a61,5746d4568c32ac96a201bfe577c16b89032fe609298f651278613a75d9be68b3,414bf43edde9f9b70c911ccee227982d6d357b6ffd48836461511dc86e6655a7,cw-us-e4a1-h100-221-159,3836384,"[16,17,18,19,20,21,22,23,24,25,26,27,28,29,30,31,32,33,34,35,36,37,38,39,40,41,42,43,44,45,46,47,48,49,50,51,52,53,54,55,56,57,58,59,60,61,62,63]","[1,512,512]",524288,512.0,125e8cbe9395c2f2fb4754619f5e19432d0ec6ebfa6261cac9ae3f2fdd768470,true,true,Uncontrolled; zero client residency does not imply cold server storage,Per-file client eviction before every pass; no global cache drops,false,2.056844241629596,4.113688483259192,10.739677464589477,11.604786491021514,0.7917279787361622,23718789120,47437578240,12805376000.0,68719476736.0,2.897259062776304,1,498312,12817111840
r2-c512-full-scan-tensorstore,measurement,2,c512,full-scan,tensorstore,1671,raw/reader-records.jsonl.gz#line=1671,accepted,accepted,0,true,true,,4635ae43d5402f62f178e4e3015dde9198bccf4931704696e6e68f1f0a436a61,5746d4568c32ac96a201bfe577c16b89032fe609298f651278613a75d9be68b3,414bf43edde9f9b70c911ccee227982d6d357b6ffd48836461511dc86e6655a7,cw-us-e4a1-h100-221-159,3836384,"[16,17,18,19,20,21,22,23,24,25,26,27,28,29,30,31,32,33,34,35,36,37,38,39,40,41,42,43,44,45,46,47,48,49,50,51,52,53,54,55,56,57,58,59,60,61,62,63]","[1,512,512]",524288,512.0,125e8cbe9395c2f2fb4754619f5e19432d0ec6ebfa6261cac9ae3f2fdd768470,true,,Uncontrolled; zero client residency does not imply cold server storage,Per-file client eviction before every pass; no global cache drops,false,1.9620674127554654,3.9241348255109307,11.258453000336885,11.665267260745168,0.40404510498046875,23718789120,47437578240,12805376000,,,1,1116388,12817396480
r2-c512-translated-256-damacy,measurement,2,c512,translated-256,damacy,1268,raw/reader-records.jsonl.gz#line=1268,accepted,accepted,0,true,true,,4635ae43d5402f62f178e4e3015dde9198bccf4931704696e6e68f1f0a436a61,512b8afa04e4411769586a4b5ce6c3312db637b56da2817e8de96b11c098b42e,414bf43edde9f9b70c911ccee227982d6d357b6ffd48836461511dc86e6655a7,cw-us-e4a1-h100-221-159,3836384,"[16,17,18,19,20,21,22,23,24,25,26,27,28,29,30,31,32,33,34,35,36,37,38,39,40,41,42,43,44,45,46,47,48,49,50,51,52,53,54,55,56,57,58,59,60,61,62,63]","[1,512,512]",524288,512.0,125e8cbe9395c2f2fb4754619f5e19432d0ec6ebfa6261cac9ae3f2fdd768470,false,true,Uncontrolled; zero client residency does not imply cold server storage,Per-file client eviction before every pass; no global cache drops,false,0.5991596763821847,1.1983193527643694,10.014025036245584,12.392607480287552,2.3419273514300585,6442450944,12884901888,15886255020.0,37874565120.0,5.87890625,12,222844,17228660736
r2-c512-translated-256-tensorstore,measurement,2,c512,translated-256,tensorstore,1237,raw/reader-records.jsonl.gz#line=1237,accepted,accepted,0,true,true,,4635ae43d5402f62f178e4e3015dde9198bccf4931704696e6e68f1f0a436a61,512b8afa04e4411769586a4b5ce6c3312db637b56da2817e8de96b11c098b42e,414bf43edde9f9b70c911ccee227982d6d357b6ffd48836461511dc86e6655a7,cw-us-e4a1-h100-221-159,3836384,"[16,17,18,19,20,21,22,23,24,25,26,27,28,29,30,31,32,33,34,35,36,37,38,39,40,41,42,43,44,45,46,47,48,49,50,51,52,53,54,55,56,57,58,59,60,61,62,63]","[1,512,512]",524288,512.0,125e8cbe9395c2f2fb4754619f5e19432d0ec6ebfa6261cac9ae3f2fdd768470,false,,Uncontrolled; zero client residency does not imply cold server storage,Per-file client eviction before every pass; no global cache drops,false,0.5429729311439232,1.0859458622878464,10.129418401047587,12.895445499569178,2.7400624696165323,5905580032,11811160064,14540116553,,,11,309524,15667245056
r2-c512-translated-512-damacy,measurement,2,c512,translated-512,damacy,1989,raw/reader-records.jsonl.gz#line=1989,accepted,accepted,0,true,true,,4635ae43d5402f62f178e4e3015dde9198bccf4931704696e6e68f1f0a436a61,5248277298803e9c822a8b001eb8ad2e40195401bbffc3d2ed6f03c5e22cae70,414bf43edde9f9b70c911ccee227982d6d357b6ffd48836461511dc86e6655a7,cw-us-e4a1-h100-221-159,3836384,"[16,17,18,19,20,21,22,23,24,25,26,27,28,29,30,31,32,33,34,35,36,37,38,39,40,41,42,43,44,45,46,47,48,49,50,51,52,53,54,55,56,57,58,59,60,61,62,63]","[1,512,512]",524288,512.0,125e8cbe9395c2f2fb4754619f5e19432d0ec6ebfa6261cac9ae3f2fdd768470,false,true,Uncontrolled; zero client residency does not imply cold server storage,Per-file client eviction before every pass; no global cache drops,false,0.9747011410059986,1.9494022820119972,10.259555036202073,11.942197958007455,1.6628435663878918,10737418240,21474836480,7963556760.0,40349204480.0,3.7578125,5,388732,8968841434
r2-c512-translated-512-tensorstore,measurement,2,c512,translated-512,tensorstore,2004,raw/reader-records.jsonl.gz#line=2004,accepted,accepted,0,true,true,,4635ae43d5402f62f178e4e3015dde9198bccf4931704696e6e68f1f0a436a61,5248277298803e9c822a8b001eb8ad2e40195401bbffc3d2ed6f03c5e22cae70,414bf43edde9f9b70c911ccee227982d6d357b6ffd48836461511dc86e6655a7,cw-us-e4a1-h100-221-159,3836384,"[16,17,18,19,20,21,22,23,24,25,26,27,28,29,30,31,32,33,34,35,36,37,38,39,40,41,42,43,44,45,46,47,48,49,50,51,52,53,54,55,56,57,58,59,60,61,62,63]","[1,512,512]",524288,512.0,125e8cbe9395c2f2fb4754619f5e19432d0ec6ebfa6261cac9ae3f2fdd768470,false,,Uncontrolled; zero client residency does not imply cold server storage,Per-file client eviction before every pass; no global cache drops,false,0.7805938086000562,1.5611876172001125,10.248608062043786,11.319834040477872,1.0613629594445229,8589934592,17179869184,6361529872,,,4,552264,7089449544
r2-c64-aligned-512-damacy,measurement,2,c64,aligned-512,damacy,1307,raw/reader-records.jsonl.gz#line=1307,accepted,accepted,0,true,true,,4635ae43d5402f62f178e4e3015dde9198bccf4931704696e6e68f1f0a436a61,d688712d0e73d712a91cdfc295dc6b8d2f4b3dc6d316bd8514ec0c1b0420034f,414bf43edde9f9b70c911ccee227982d6d357b6ffd48836461511dc86e6655a7,cw-us-e4a1-h100-221-159,3836384,"[16,17,18,19,20,21,22,23,24,25,26,27,28,29,30,31,32,33,34,35,36,37,38,39,40,41,42,43,44,45,46,47,48,49,50,51,52,53,54,55,56,57,58,59,60,61,62,63]","[1,128,256]",65536,64.0,a6bf80ef828976c1b242a3cb87b267d36bf7e1f63a397678404d5841a85b2eb4,false,true,Uncontrolled; zero client residency does not imply cold server storage,Per-file client eviction before every pass; no global cache drops,false,3.1317991634194167,6.263598326838833,10.217768870294094,13.65618091262877,3.3897469229996204,34359738368,68719476736,18175514240.0,34317795328.0,0.998779296875,16,360452,19713359872
r2-c64-aligned-512-tensorstore,measurement,2,c64,aligned-512,tensorstore,1336,raw/reader-records.jsonl.gz#line=1336,accepted,accepted,0,true,true,,4635ae43d5402f62f178e4e3015dde9198bccf4931704696e6e68f1f0a436a61,d688712d0e73d712a91cdfc295dc6b8d2f4b3dc6d316bd8514ec0c1b0420034f,414bf43edde9f9b70c911ccee227982d6d357b6ffd48836461511dc86e6655a7,cw-us-e4a1-h100-221-159,3836384,"[16,17,18,19,20,21,22,23,24,25,26,27,28,29,30,31,32,33,34,35,36,37,38,39,40,41,42,43,44,45,46,47,48,49,50,51,52,53,54,55,56,57,58,59,60,61,62,63]","[1,128,256]",65536,64.0,a6bf80ef828976c1b242a3cb87b267d36bf7e1f63a397678404d5841a85b2eb4,false,,Uncontrolled; zero client residency does not imply cold server storage,Per-file client eviction before every pass; no global cache drops,false,2.191766431322445,4.38353286264489,10.037565903738141,12.719195328652859,2.6559005174785852,23622320128,47244640256,12480997264,,,11,668176,13433602048
r2-c64-full-scan-damacy,measurement,2,c64,full-scan,damacy,1755,raw/reader-records.jsonl.gz#line=1755,accepted,accepted,0,true,true,,4635ae43d5402f62f178e4e3015dde9198bccf4931704696e6e68f1f0a436a61,5746d4568c32ac96a201bfe577c16b89032fe609298f651278613a75d9be68b3,414bf43edde9f9b70c911ccee227982d6d357b6ffd48836461511dc86e6655a7,cw-us-e4a1-h100-221-159,3836384,"[16,17,18,19,20,21,22,23,24,25,26,27,28,29,30,31,32,33,34,35,36,37,38,39,40,41,42,43,44,45,46,47,48,49,50,51,52,53,54,55,56,57,58,59,60,61,62,63]","[1,128,256]",65536,64.0,a6bf80ef828976c1b242a3cb87b267d36bf7e1f63a397678404d5841a85b2eb4,true,true,Uncontrolled; zero client residency does not imply cold server storage,Per-file client eviction before every pass; no global cache drops,false,1.9038747752202156,3.8077495504404313,11.602571785449982,11.836069736629725,0.16032984107732773,23718789120,47437578240,12656941056.0,32212254720.0,1.3580901856763925,1,470304,12678755499
r2-c64-full-scan-tensorstore,measurement,2,c64,full-scan,tensorstore,1766,raw/reader-records.jsonl.gz#line=1766,accepted,accepted,0,true,true,,4635ae43d5402f62f178e4e3015dde9198bccf4931704696e6e68f1f0a436a61,5746d4568c32ac96a201bfe577c16b89032fe609298f651278613a75d9be68b3,414bf43edde9f9b70c911ccee227982d6d357b6ffd48836461511dc86e6655a7,cw-us-e4a1-h100-221-159,3836384,"[16,17,18,19,20,21,22,23,24,25,26,27,28,29,30,31,32,33,34,35,36,37,38,39,40,41,42,43,44,45,46,47,48,49,50,51,52,53,54,55,56,57,58,59,60,61,62,63]","[1,128,256]",65536,64.0,a6bf80ef828976c1b242a3cb87b267d36bf7e1f63a397678404d5841a85b2eb4,true,,Uncontrolled; zero client residency does not imply cold server storage,Per-file client eviction before every pass; no global cache drops,false,2.3434763007597406,4.686952601519481,18.852201528847218,20.992545880377293,2.134750761091709,47437578240,94875156480,25313984420,,,2,2536644,25355984133
r2-c64-translated-256-damacy,measurement,2,c64,translated-256,damacy,1746,raw/reader-records.jsonl.gz#line=1746,accepted,accepted,0,true,true,,4635ae43d5402f62f178e4e3015dde9198bccf4931704696e6e68f1f0a436a61,512b8afa04e4411769586a4b5ce6c3312db637b56da2817e8de96b11c098b42e,414bf43edde9f9b70c911ccee227982d6d357b6ffd48836461511dc86e6655a7,cw-us-e4a1-h100-221-159,3836384,"[16,17,18,19,20,21,22,23,24,25,26,27,28,29,30,31,32,33,34,35,36,37,38,39,40,41,42,43,44,45,46,47,48,49,50,51,52,53,54,55,56,57,58,59,60,61,62,63]","[1,128,256]",65536,64.0,a6bf80ef828976c1b242a3cb87b267d36bf7e1f63a397678404d5841a85b2eb4,false,true,Uncontrolled; zero client residency does not imply cold server storage,Per-file client eviction before every pass; no global cache drops,false,0.39892386789050843,0.7978477357810169,11.280347861349583,12.66578640975058,1.3569315671920776,4831838208,9663676416,7158633732.0,14405861376.0,2.9814453125,9,166504,7447007232
r2-c64-translated-256-tensorstore,measurement,2,c64,translated-256,tensorstore,1721,raw/reader-records.jsonl.gz#line=1721,accepted,accepted,0,true,true,,4635ae43d5402f62f178e4e3015dde9198bccf4931704696e6e68f1f0a436a61,512b8afa04e4411769586a4b5ce6c3312db637b56da2817e8de96b11c098b42e,414bf43edde9f9b70c911ccee227982d6d357b6ffd48836461511dc86e6655a7,cw-us-e4a1-h100-221-159,3836384,"[16,17,18,19,20,21,22,23,24,25,26,27,28,29,30,31,32,33,34,35,36,37,38,39,40,41,42,43,44,45,46,47,48,49,50,51,52,53,54,55,56,57,58,59,60,61,62,63]","[1,128,256]",65536,64.0,a6bf80ef828976c1b242a3cb87b267d36bf7e1f63a397678404d5841a85b2eb4,false,,Uncontrolled; zero client residency does not imply cold server storage,Per-file client eviction before every pass; no global cache drops,false,0.34545070861827587,0.6909014172365517,10.131691476330161,11.56568136997521,1.4177294075489044,3758096384,7516192768,5561808767,,,7,358176,5793619968
r2-c64-translated-512-damacy,measurement,2,c64,translated-512,damacy,1804,raw/reader-records.jsonl.gz#line=1804,accepted,accepted,0,true,true,,4635ae43d5402f62f178e4e3015dde9198bccf4931704696e6e68f1f0a436a61,5248277298803e9c822a8b001eb8ad2e40195401bbffc3d2ed6f03c5e22cae70,414bf43edde9f9b70c911ccee227982d6d357b6ffd48836461511dc86e6655a7,cw-us-e4a1-h100-221-159,3836384,"[16,17,18,19,20,21,22,23,24,25,26,27,28,29,30,31,32,33,34,35,36,37,38,39,40,41,42,43,44,45,46,47,48,49,50,51,52,53,54,55,56,57,58,59,60,61,62,63]","[1,128,256]",65536,64.0,a6bf80ef828976c1b242a3cb87b267d36bf7e1f63a397678404d5841a85b2eb4,false,true,Uncontrolled; zero client residency does not imply cold server storage,Per-file client eviction before every pass; no global cache drops,false,1.1661681760706728,2.3323363521413456,10.290111020207405,11.640196425840259,1.327940883114934,12884901888,25769803776,9449155842.0,23535157248.0,1.826568603515625,6,359668,10732268277
r2-c64-translated-512-tensorstore,measurement,2,c64,translated-512,tensorstore,1785,raw/reader-records.jsonl.gz#line=1785,accepted,accepted,0,true,true,,4635ae43d5402f62f178e4e3015dde9198bccf4931704696e6e68f1f0a436a61,5248277298803e9c822a8b001eb8ad2e40195401bbffc3d2ed6f03c5e22cae70,414bf43edde9f9b70c911ccee227982d6d357b6ffd48836461511dc86e6655a7,cw-us-e4a1-h100-221-159,3836384,"[16,17,18,19,20,21,22,23,24,25,26,27,28,29,30,31,32,33,34,35,36,37,38,39,40,41,42,43,44,45,46,47,48,49,50,51,52,53,54,55,56,57,58,59,60,61,62,63]","[1,128,256]",65536,64.0,a6bf80ef828976c1b242a3cb87b267d36bf7e1f63a397678404d5841a85b2eb4,false,,Uncontrolled; zero client residency does not imply cold server storage,Per-file client eviction before every pass; no global cache drops,false,1.1216078197140662,2.2432156394281324,10.698926834389567,13.024953354150057,2.311584021896124,12884901888,25769803776,9436228007,,,6,684072,10563706880
r3-c128-aligned-512-damacy,measurement,3,c128,aligned-512,damacy,2912,raw/reader-records.jsonl.gz#line=2912,accepted,accepted,0,true,true,,4635ae43d5402f62f178e4e3015dde9198bccf4931704696e6e68f1f0a436a61,d688712d0e73d712a91cdfc295dc6b8d2f4b3dc6d316bd8514ec0c1b0420034f,414bf43edde9f9b70c911ccee227982d6d357b6ffd48836461511dc86e6655a7,cw-us-e4a1-h100-221-159,3836384,"[16,17,18,19,20,21,22,23,24,25,26,27,28,29,30,31,32,33,34,35,36,37,38,39,40,41,42,43,44,45,46,47,48,49,50,51,52,53,54,55,56,57,58,59,60,61,62,63]","[1,256,256]",131072,128.0,edfc8fe2774311dd8a2dd50e5d20e1c292ab3a15af12990143f193e438cb4725,false,true,Uncontrolled; zero client residency does not imply cold server storage,Per-file client eviction before every pass; no global cache drops,false,3.4937652405563258,6.9875304811126515,10.30406954139471,13.566105069592595,3.2115459367632866,38654705664,77309411328,20442740688.0,38607519744.0,0.998779296875,18,371304,22153240576
r3-c128-aligned-512-tensorstore,measurement,3,c128,aligned-512,tensorstore,2869,raw/reader-records.jsonl.gz#line=2869,accepted,accepted,0,true,true,,4635ae43d5402f62f178e4e3015dde9198bccf4931704696e6e68f1f0a436a61,d688712d0e73d712a91cdfc295dc6b8d2f4b3dc6d316bd8514ec0c1b0420034f,414bf43edde9f9b70c911ccee227982d6d357b6ffd48836461511dc86e6655a7,cw-us-e4a1-h100-221-159,3836384,"[16,17,18,19,20,21,22,23,24,25,26,27,28,29,30,31,32,33,34,35,36,37,38,39,40,41,42,43,44,45,46,47,48,49,50,51,52,53,54,55,56,57,58,59,60,61,62,63]","[1,256,256]",131072,128.0,edfc8fe2774311dd8a2dd50e5d20e1c292ab3a15af12990143f193e438cb4725,false,,Uncontrolled; zero client residency does not imply cold server storage,Per-file client eviction before every pass; no global cache drops,false,2.129246552173882,4.258493104347764,10.33229335397482,13.38172791339457,3.023879488930106,23622320128,47244640256,12474455807,,,11,616652,13423460352
r3-c128-full-scan-damacy,measurement,3,c128,full-scan,damacy,2320,raw/reader-records.jsonl.gz#line=2320,accepted,accepted,0,true,true,,4635ae43d5402f62f178e4e3015dde9198bccf4931704696e6e68f1f0a436a61,5746d4568c32ac96a201bfe577c16b89032fe609298f651278613a75d9be68b3,414bf43edde9f9b70c911ccee227982d6d357b6ffd48836461511dc86e6655a7,cw-us-e4a1-h100-221-159,3836384,"[16,17,18,19,20,21,22,23,24,25,26,27,28,29,30,31,32,33,34,35,36,37,38,39,40,41,42,43,44,45,46,47,48,49,50,51,52,53,54,55,56,57,58,59,60,61,62,63]","[1,256,256]",131072,128.0,edfc8fe2774311dd8a2dd50e5d20e1c292ab3a15af12990143f193e438cb4725,true,true,Uncontrolled; zero client residency does not imply cold server storage,Per-file client eviction before every pass; no global cache drops,false,1.4306621789009866,2.861324357801973,15.440293366089463,16.43423434905708,0.9194839783012867,23718789120,47437578240,12664412160.0,38654705664.0,1.629708222811671,1,479240,12681531348
r3-c128-full-scan-tensorstore,measurement,3,c128,full-scan,tensorstore,2311,raw/reader-records.jsonl.gz#line=2311,accepted,accepted,0,true,true,,4635ae43d5402f62f178e4e3015dde9198bccf4931704696e6e68f1f0a436a61,5746d4568c32ac96a201bfe577c16b89032fe609298f651278613a75d9be68b3,414bf43edde9f9b70c911ccee227982d6d357b6ffd48836461511dc86e6655a7,cw-us-e4a1-h100-221-159,3836384,"[16,17,18,19,20,21,22,23,24,25,26,27,28,29,30,31,32,33,34,35,36,37,38,39,40,41,42,43,44,45,46,47,48,49,50,51,52,53,54,55,56,57,58,59,60,61,62,63]","[1,256,256]",131072,128.0,edfc8fe2774311dd8a2dd50e5d20e1c292ab3a15af12990143f193e438cb4725,true,,Uncontrolled; zero client residency does not imply cold server storage,Per-file client eviction before every pass; no global cache drops,false,2.4239563092149896,4.847912618429979,18.226272203028202,19.820072408765554,1.5883908327668905,47437578240,94875156480,25328836546,,,2,2388264,25359604463
r3-c128-translated-256-damacy,measurement,3,c128,translated-256,damacy,2625,raw/reader-records.jsonl.gz#line=2625,accepted,accepted,0,true,true,,4635ae43d5402f62f178e4e3015dde9198bccf4931704696e6e68f1f0a436a61,512b8afa04e4411769586a4b5ce6c3312db637b56da2817e8de96b11c098b42e,414bf43edde9f9b70c911ccee227982d6d357b6ffd48836461511dc86e6655a7,cw-us-e4a1-h100-221-159,3836384,"[16,17,18,19,20,21,22,23,24,25,26,27,28,29,30,31,32,33,34,35,36,37,38,39,40,41,42,43,44,45,46,47,48,49,50,51,52,53,54,55,56,57,58,59,60,61,62,63]","[1,256,256]",131072,128.0,edfc8fe2774311dd8a2dd50e5d20e1c292ab3a15af12990143f193e438cb4725,false,true,Uncontrolled; zero client residency does not imply cold server storage,Per-file client eviction before every pass; no global cache drops,false,0.3917309203222936,0.7834618406445872,10.211090808734298,12.37011980637908,2.132079528644681,4294967296,8589934592,8396884680.0,17066622976.0,3.9736328125,8,176404,9042919424
r3-c128-translated-256-tensorstore,measurement,3,c128,translated-256,tensorstore,2648,raw/reader-records.jsonl.gz#line=2648,accepted,accepted,0,true,true,,4635ae43d5402f62f178e4e3015dde9198bccf4931704696e6e68f1f0a436a61,512b8afa04e4411769586a4b5ce6c3312db637b56da2817e8de96b11c098b42e,414bf43edde9f9b70c911ccee227982d6d357b6ffd48836461511dc86e6655a7,cw-us-e4a1-h100-221-159,3836384,"[16,17,18,19,20,21,22,23,24,25,26,27,28,29,30,31,32,33,34,35,36,37,38,39,40,41,42,43,44,45,46,47,48,49,50,51,52,53,54,55,56,57,58,59,60,61,62,63]","[1,256,256]",131072,128.0,edfc8fe2774311dd8a2dd50e5d20e1c292ab3a15af12990143f193e438cb4725,false,,Uncontrolled; zero client residency does not imply cold server storage,Per-file client eviction before every pass; no global cache drops,false,0.36805172722786633,0.7361034544557327,10.86803757213056,13.097175516188145,2.210493393242359,4294967296,8589934592,8387652652,,,8,338396,8986316800
r3-c128-translated-512-damacy,measurement,3,c128,translated-512,damacy,2219,raw/reader-records.jsonl.gz#line=2219,accepted,accepted,0,true,true,,4635ae43d5402f62f178e4e3015dde9198bccf4931704696e6e68f1f0a436a61,5248277298803e9c822a8b001eb8ad2e40195401bbffc3d2ed6f03c5e22cae70,414bf43edde9f9b70c911ccee227982d6d357b6ffd48836461511dc86e6655a7,cw-us-e4a1-h100-221-159,3836384,"[16,17,18,19,20,21,22,23,24,25,26,27,28,29,30,31,32,33,34,35,36,37,38,39,40,41,42,43,44,45,46,47,48,49,50,51,52,53,54,55,56,57,58,59,60,61,62,63]","[1,256,256]",131072,128.0,edfc8fe2774311dd8a2dd50e5d20e1c292ab3a15af12990143f193e438cb4725,false,true,Uncontrolled; zero client residency does not imply cold server storage,Per-file client eviction before every pass; no global cache drops,false,0.818408757353283,1.636817514706566,12.218833083286881,13.32879463583231,1.0899826623499393,10737418240,21474836480,7878206435.0,23174184960.0,2.15826416015625,5,360516,8933364013
r3-c128-translated-512-tensorstore,measurement,3,c128,translated-512,tensorstore,2236,raw/reader-records.jsonl.gz#line=2236,accepted,accepted,0,true,true,,4635ae43d5402f62f178e4e3015dde9198bccf4931704696e6e68f1f0a436a61,5248277298803e9c822a8b001eb8ad2e40195401bbffc3d2ed6f03c5e22cae70,414bf43edde9f9b70c911ccee227982d6d357b6ffd48836461511dc86e6655a7,cw-us-e4a1-h100-221-159,3836384,"[16,17,18,19,20,21,22,23,24,25,26,27,28,29,30,31,32,33,34,35,36,37,38,39,40,41,42,43,44,45,46,47,48,49,50,51,52,53,54,55,56,57,58,59,60,61,62,63]","[1,256,256]",131072,128.0,edfc8fe2774311dd8a2dd50e5d20e1c292ab3a15af12990143f193e438cb4725,false,,Uncontrolled; zero client residency does not imply cold server storage,Per-file client eviction before every pass; no global cache drops,false,0.9047693391685886,1.8095386783371772,11.052540760487318,12.670466115698218,1.6057599987834692,10737418240,21474836480,7866864383,,,5,623432,8812052480
r3-c16-aligned-512-damacy,measurement,3,c16,aligned-512,damacy,2339,raw/reader-records.jsonl.gz#line=2339,accepted,accepted,0,true,true,,4635ae43d5402f62f178e4e3015dde9198bccf4931704696e6e68f1f0a436a61,d688712d0e73d712a91cdfc295dc6b8d2f4b3dc6d316bd8514ec0c1b0420034f,414bf43edde9f9b70c911ccee227982d6d357b6ffd48836461511dc86e6655a7,cw-us-e4a1-h100-221-159,3836384,"[16,17,18,19,20,21,22,23,24,25,26,27,28,29,30,31,32,33,34,35,36,37,38,39,40,41,42,43,44,45,46,47,48,49,50,51,52,53,54,55,56,57,58,59,60,61,62,63]","[1,64,128]",16384,16.0,007af913ba8c2044cb8b151a2b2731577d175598a4aa67ec548e18f3fa94356b,false,true,Uncontrolled; zero client residency does not imply cold server storage,Per-file client eviction before every pass; no global cache drops,false,1.035070515815967,2.070141031631934,11.593413025140762,12.641307074576616,1.025843322277069,12884901888,25769803776,6786938100.0,12869173248.0,0.998779296875,6,409344,7441113088
r3-c16-aligned-512-tensorstore,measurement,3,c16,aligned-512,tensorstore,2366,raw/reader-records.jsonl.gz#line=2366,accepted,accepted,0,true,true,,4635ae43d5402f62f178e4e3015dde9198bccf4931704696e6e68f1f0a436a61,d688712d0e73d712a91cdfc295dc6b8d2f4b3dc6d316bd8514ec0c1b0420034f,414bf43edde9f9b70c911ccee227982d6d357b6ffd48836461511dc86e6655a7,cw-us-e4a1-h100-221-159,3836384,"[16,17,18,19,20,21,22,23,24,25,26,27,28,29,30,31,32,33,34,35,36,37,38,39,40,41,42,43,44,45,46,47,48,49,50,51,52,53,54,55,56,57,58,59,60,61,62,63]","[1,64,128]",16384,16.0,007af913ba8c2044cb8b151a2b2731577d175598a4aa67ec548e18f3fa94356b,false,,Uncontrolled; zero client residency does not imply cold server storage,Per-file client eviction before every pass; no global cache drops,false,1.7819630717894788,3.5639261435789575,11.22357714176178,13.604575157165527,2.3572515044361353,21474836480,42949672960,11295387549,,,10,1012476,12144635904
r3-c16-full-scan-damacy,measurement,3,c16,full-scan,damacy,2766,raw/reader-records.jsonl.gz#line=2766,accepted,accepted,0,true,true,,4635ae43d5402f62f178e4e3015dde9198bccf4931704696e6e68f1f0a436a61,5746d4568c32ac96a201bfe577c16b89032fe609298f651278613a75d9be68b3,414bf43edde9f9b70c911ccee227982d6d357b6ffd48836461511dc86e6655a7,cw-us-e4a1-h100-221-159,3836384,"[16,17,18,19,20,21,22,23,24,25,26,27,28,29,30,31,32,33,34,35,36,37,38,39,40,41,42,43,44,45,46,47,48,49,50,51,52,53,54,55,56,57,58,59,60,61,62,63]","[1,64,128]",16384,16.0,007af913ba8c2044cb8b151a2b2731577d175598a4aa67ec548e18f3fa94356b,true,true,Uncontrolled; zero client residency does not imply cold server storage,Per-file client eviction before every pass; no global cache drops,false,2.6503592082018352,5.3007184164036705,16.669320657849312,18.570317570120096,1.8244978170841932,47437578240,94875156480,25092759552.0,57982058496.0,1.2222811671087532,2,517896,25236317960
r3-c16-full-scan-tensorstore,measurement,3,c16,full-scan,tensorstore,2755,raw/reader-records.jsonl.gz#line=2755,accepted,accepted,0,true,true,,4635ae43d5402f62f178e4e3015dde9198bccf4931704696e6e68f1f0a436a61,5746d4568c32ac96a201bfe577c16b89032fe609298f651278613a75d9be68b3,414bf43edde9f9b70c911ccee227982d6d357b6ffd48836461511dc86e6655a7,cw-us-e4a1-h100-221-159,3836384,"[16,17,18,19,20,21,22,23,24,25,26,27,28,29,30,31,32,33,34,35,36,37,38,39,40,41,42,43,44,45,46,47,48,49,50,51,52,53,54,55,56,57,58,59,60,61,62,63]","[1,64,128]",16384,16.0,007af913ba8c2044cb8b151a2b2731577d175598a4aa67ec548e18f3fa94356b,true,,Uncontrolled; zero client residency does not imply cold server storage,Per-file client eviction before every pass; no global cache drops,false,1.473533905690774,2.947067811381548,14.991065807640553,15.40622916445136,0.41249543242156506,23718789120,47437578240,12546379963,,,1,2477756,12614637736
r3-c16-translated-256-damacy,measurement,3,c16,translated-256,damacy,2287,raw/reader-records.jsonl.gz#line=2287,accepted,accepted,0,true,true,,4635ae43d5402f62f178e4e3015dde9198bccf4931704696e6e68f1f0a436a61,512b8afa04e4411769586a4b5ce6c3312db637b56da2817e8de96b11c098b42e,414bf43edde9f9b70c911ccee227982d6d357b6ffd48836461511dc86e6655a7,cw-us-e4a1-h100-221-159,3836384,"[16,17,18,19,20,21,22,23,24,25,26,27,28,29,30,31,32,33,34,35,36,37,38,39,40,41,42,43,44,45,46,47,48,49,50,51,52,53,54,55,56,57,58,59,60,61,62,63]","[1,64,128]",16384,16.0,007af913ba8c2044cb8b151a2b2731577d175598a4aa67ec548e18f3fa94356b,false,true,Uncontrolled; zero client residency does not imply cold server storage,Per-file client eviction before every pass; no global cache drops,false,0.1308647741179123,0.2617295482358246,11.462213648483157,12.031754057854414,0.5552502851933241,1610612736,3221225472,1545726885.0,3000877056.0,1.863189697265625,3,207584,2955800576
r3-c16-translated-256-tensorstore,measurement,3,c16,translated-256,tensorstore,2300,raw/reader-records.jsonl.gz#line=2300,accepted,accepted,0,true,true,,4635ae43d5402f62f178e4e3015dde9198bccf4931704696e6e68f1f0a436a61,512b8afa04e4411769586a4b5ce6c3312db637b56da2817e8de96b11c098b42e,414bf43edde9f9b70c911ccee227982d6d357b6ffd48836461511dc86e6655a7,cw-us-e4a1-h100-221-159,3836384,"[16,17,18,19,20,21,22,23,24,25,26,27,28,29,30,31,32,33,34,35,36,37,38,39,40,41,42,43,44,45,46,47,48,49,50,51,52,53,54,55,56,57,58,59,60,61,62,63]","[1,64,128]",16384,16.0,007af913ba8c2044cb8b151a2b2731577d175598a4aa67ec548e18f3fa94356b,false,,Uncontrolled; zero client residency does not imply cold server storage,Per-file client eviction before every pass; no global cache drops,false,0.13512217573753924,0.27024435147507847,11.101064587011933,11.720261543989182,0.6123617552220821,1610612736,3221225472,1544379508,,,3,516768,1866190848
r3-c16-translated-512-damacy,measurement,3,c16,translated-512,damacy,2161,raw/reader-records.jsonl.gz#line=2161,accepted,accepted,0,true,true,,4635ae43d5402f62f178e4e3015dde9198bccf4931704696e6e68f1f0a436a61,5248277298803e9c822a8b001eb8ad2e40195401bbffc3d2ed6f03c5e22cae70,414bf43edde9f9b70c911ccee227982d6d357b6ffd48836461511dc86e6655a7,cw-us-e4a1-h100-221-159,3836384,"[16,17,18,19,20,21,22,23,24,25,26,27,28,29,30,31,32,33,34,35,36,37,38,39,40,41,42,43,44,45,46,47,48,49,50,51,52,53,54,55,56,57,58,59,60,61,62,63]","[1,64,128]",16384,16.0,007af913ba8c2044cb8b151a2b2731577d175598a4aa67ec548e18f3fa94356b,false,true,Uncontrolled; zero client residency does not imply cold server storage,Per-file client eviction before every pass; no global cache drops,false,0.3233137602961848,0.6466275205923696,12.371882954612374,13.644810736179352,1.2603582926094532,4294967296,8589934592,2755546596.0,5942280192.0,1.383544921875,2,413860,6860948609
r3-c16-translated-512-tensorstore,measurement,3,c16,translated-512,tensorstore,2172,raw/reader-records.jsonl.gz#line=2172,accepted,accepted,0,true,true,,4635ae43d5402f62f178e4e3015dde9198bccf4931704696e6e68f1f0a436a61,5248277298803e9c822a8b001eb8ad2e40195401bbffc3d2ed6f03c5e22cae70,414bf43edde9f9b70c911ccee227982d6d357b6ffd48836461511dc86e6655a7,cw-us-e4a1-h100-221-159,3836384,"[16,17,18,19,20,21,22,23,24,25,26,27,28,29,30,31,32,33,34,35,36,37,38,39,40,41,42,43,44,45,46,47,48,49,50,51,52,53,54,55,56,57,58,59,60,61,62,63]","[1,64,128]",16384,16.0,007af913ba8c2044cb8b151a2b2731577d175598a4aa67ec548e18f3fa94356b,false,,Uncontrolled; zero client residency does not imply cold server storage,Per-file client eviction before every pass; no global cache drops,false,0.2673404146238026,0.5346808292476052,14.962197188287973,15.66886729374528,0.7016142904758453,4294967296,8589934592,2751814852,,,2,910616,3521626112
r3-c256-aligned-512-damacy,measurement,3,c256,aligned-512,damacy,2719,raw/reader-records.jsonl.gz#line=2719,accepted,accepted,0,true,true,,4635ae43d5402f62f178e4e3015dde9198bccf4931704696e6e68f1f0a436a61,d688712d0e73d712a91cdfc295dc6b8d2f4b3dc6d316bd8514ec0c1b0420034f,414bf43edde9f9b70c911ccee227982d6d357b6ffd48836461511dc86e6655a7,cw-us-e4a1-h100-221-159,3836384,"[16,17,18,19,20,21,22,23,24,25,26,27,28,29,30,31,32,33,34,35,36,37,38,39,40,41,42,43,44,45,46,47,48,49,50,51,52,53,54,55,56,57,58,59,60,61,62,63]","[1,256,512]",262144,256.0,f77cc4e6044baf283bb7042a30377577f17ee1b7d32604c7c0bef31b58096038,false,true,Uncontrolled; zero client residency does not imply cold server storage,Per-file client eviction before every pass; no global cache drops,false,2.953018545921826,5.906037091843652,10.15909637324512,13.54698427207768,3.3436573911458254,32212254720,64424509440,17087257170.0,32172933120.0,0.998779296875,15,403332,18398113792
r3-c256-aligned-512-tensorstore,measurement,3,c256,aligned-512,tensorstore,2746,raw/reader-records.jsonl.gz#line=2746,accepted,accepted,0,true,true,,4635ae43d5402f62f178e4e3015dde9198bccf4931704696e6e68f1f0a436a61,d688712d0e73d712a91cdfc295dc6b8d2f4b3dc6d316bd8514ec0c1b0420034f,414bf43edde9f9b70c911ccee227982d6d357b6ffd48836461511dc86e6655a7,cw-us-e4a1-h100-221-159,3836384,"[16,17,18,19,20,21,22,23,24,25,26,27,28,29,30,31,32,33,34,35,36,37,38,39,40,41,42,43,44,45,46,47,48,49,50,51,52,53,54,55,56,57,58,59,60,61,62,63]","[1,256,512]",262144,256.0,f77cc4e6044baf283bb7042a30377577f17ee1b7d32604c7c0bef31b58096038,false,,Uncontrolled; zero client residency does not imply cold server storage,Per-file client eviction before every pass; no global cache drops,false,1.9261438676057139,3.8522877352114278,10.383440373465419,13.406603587791324,2.9977843333035707,21474836480,42949672960,11373994574,,,10,538072,12198891520
r3-c256-full-scan-damacy,measurement,3,c256,full-scan,damacy,2602,raw/reader-records.jsonl.gz#line=2602,accepted,accepted,0,true,true,,4635ae43d5402f62f178e4e3015dde9198bccf4931704696e6e68f1f0a436a61,5746d4568c32ac96a201bfe577c16b89032fe609298f651278613a75d9be68b3,414bf43edde9f9b70c911ccee227982d6d357b6ffd48836461511dc86e6655a7,cw-us-e4a1-h100-221-159,3836384,"[16,17,18,19,20,21,22,23,24,25,26,27,28,29,30,31,32,33,34,35,36,37,38,39,40,41,42,43,44,45,46,47,48,49,50,51,52,53,54,55,56,57,58,59,60,61,62,63]","[1,256,512]",262144,256.0,f77cc4e6044baf283bb7042a30377577f17ee1b7d32604c7c0bef31b58096038,true,true,Uncontrolled; zero client residency does not imply cold server storage,Per-file client eviction before every pass; no global cache drops,false,1.0544688662544672,2.1089377325089345,20.94878706894815,21.85381744801998,0.829007163643837,23718789120,47437578240,12778113024.0,51539607552.0,2.172944297082228,1,488068,12791882828
r3-c256-full-scan-tensorstore,measurement,3,c256,full-scan,tensorstore,2593,raw/reader-records.jsonl.gz#line=2593,accepted,accepted,0,true,true,,4635ae43d5402f62f178e4e3015dde9198bccf4931704696e6e68f1f0a436a61,5746d4568c32ac96a201bfe577c16b89032fe609298f651278613a75d9be68b3,414bf43edde9f9b70c911ccee227982d6d357b6ffd48836461511dc86e6655a7,cw-us-e4a1-h100-221-159,3836384,"[16,17,18,19,20,21,22,23,24,25,26,27,28,29,30,31,32,33,34,35,36,37,38,39,40,41,42,43,44,45,46,47,48,49,50,51,52,53,54,55,56,57,58,59,60,61,62,63]","[1,256,512]",262144,256.0,f77cc4e6044baf283bb7042a30377577f17ee1b7d32604c7c0bef31b58096038,true,,Uncontrolled; zero client residency does not imply cold server storage,Per-file client eviction before every pass; no global cache drops,false,1.773029738752428,3.546059477504856,12.458811754360795,12.877106567844748,0.41539664566516876,23718789120,47437578240,12778113328,,,1,1507340,12791778135
r3-c256-translated-256-damacy,measurement,3,c256,translated-256,damacy,2532,raw/reader-records.jsonl.gz#line=2532,accepted,accepted,0,true,true,,4635ae43d5402f62f178e4e3015dde9198bccf4931704696e6e68f1f0a436a61,512b8afa04e4411769586a4b5ce6c3312db637b56da2817e8de96b11c098b42e,414bf43edde9f9b70c911ccee227982d6d357b6ffd48836461511dc86e6655a7,cw-us-e4a1-h100-221-159,3836384,"[16,17,18,19,20,21,22,23,24,25,26,27,28,29,30,31,32,33,34,35,36,37,38,39,40,41,42,43,44,45,46,47,48,49,50,51,52,53,54,55,56,57,58,59,60,61,62,63]","[1,256,512]",262144,256.0,f77cc4e6044baf283bb7042a30377577f17ee1b7d32604c7c0bef31b58096038,false,true,Uncontrolled; zero client residency does not imply cold server storage,Per-file client eviction before every pass; no global cache drops,false,0.4805851453999379,0.9611702907998758,10.403983660042286,12.35097399353981,1.9151837639510632,5368709120,10737418240,12988205500.0,30539776000.0,5.6884765625,10,187008,14058369024
r3-c256-translated-256-tensorstore,measurement,3,c256,translated-256,tensorstore,2505,raw/reader-records.jsonl.gz#line=2505,accepted,accepted,0,true,true,,4635ae43d5402f62f178e4e3015dde9198bccf4931704696e6e68f1f0a436a61,512b8afa04e4411769586a4b5ce6c3312db637b56da2817e8de96b11c098b42e,414bf43edde9f9b70c911ccee227982d6d357b6ffd48836461511dc86e6655a7,cw-us-e4a1-h100-221-159,3836384,"[16,17,18,19,20,21,22,23,24,25,26,27,28,29,30,31,32,33,34,35,36,37,38,39,40,41,42,43,44,45,46,47,48,49,50,51,52,53,54,55,56,57,58,59,60,61,62,63]","[1,256,512]",262144,256.0,f77cc4e6044baf283bb7042a30377577f17ee1b7d32604c7c0bef31b58096038,false,,Uncontrolled; zero client residency does not imply cold server storage,Per-file client eviction before every pass; no global cache drops,false,0.49524181940706524,0.9904836388141305,11.105685716494918,14.414235152304173,3.28296678327024,5905580032,11811160064,14270024787,,,11,349548,15356301312
r3-c256-translated-512-damacy,measurement,3,c256,translated-512,damacy,2419,raw/reader-records.jsonl.gz#line=2419,accepted,accepted,0,true,true,,4635ae43d5402f62f178e4e3015dde9198bccf4931704696e6e68f1f0a436a61,5248277298803e9c822a8b001eb8ad2e40195401bbffc3d2ed6f03c5e22cae70,414bf43edde9f9b70c911ccee227982d6d357b6ffd48836461511dc86e6655a7,cw-us-e4a1-h100-221-159,3836384,"[16,17,18,19,20,21,22,23,24,25,26,27,28,29,30,31,32,33,34,35,36,37,38,39,40,41,42,43,44,45,46,47,48,49,50,51,52,53,54,55,56,57,58,59,60,61,62,63]","[1,256,512]",262144,256.0,f77cc4e6044baf283bb7042a30377577f17ee1b7d32604c7c0bef31b58096038,false,true,Uncontrolled; zero client residency does not imply cold server storage,Per-file client eviction before every pass; no global cache drops,false,0.7167352940373739,1.4334705880747478,11.161721860989928,12.042048843577504,0.8624340854585171,8589934592,17179869184,6358861792.0,24690819072.0,2.8743896484375,4,369036,7183272678
r3-c256-translated-512-tensorstore,measurement,3,c256,translated-512,tensorstore,2438,raw/reader-records.jsonl.gz#line=2438,accepted,accepted,0,true,true,,4635ae43d5402f62f178e4e3015dde9198bccf4931704696e6e68f1f0a436a61,5248277298803e9c822a8b001eb8ad2e40195401bbffc3d2ed6f03c5e22cae70,414bf43edde9f9b70c911ccee227982d6d357b6ffd48836461511dc86e6655a7,cw-us-e4a1-h100-221-159,3836384,"[16,17,18,19,20,21,22,23,24,25,26,27,28,29,30,31,32,33,34,35,36,37,38,39,40,41,42,43,44,45,46,47,48,49,50,51,52,53,54,55,56,57,58,59,60,61,62,63]","[1,256,512]",262144,256.0,f77cc4e6044baf283bb7042a30377577f17ee1b7d32604c7c0bef31b58096038,false,,Uncontrolled; zero client residency does not imply cold server storage,Per-file client eviction before every pass; no global cache drops,false,1.040256623169621,2.080513246339242,11.535615090280771,13.469777734950185,1.9196269027888775,12884901888,25769803776,9527232582,,,6,601780,10632349173
r3-c32-aligned-512-damacy,measurement,3,c32,aligned-512,damacy,2559,raw/reader-records.jsonl.gz#line=2559,accepted,accepted,0,true,true,,4635ae43d5402f62f178e4e3015dde9198bccf4931704696e6e68f1f0a436a61,d688712d0e73d712a91cdfc295dc6b8d2f4b3dc6d316bd8514ec0c1b0420034f,414bf43edde9f9b70c911ccee227982d6d357b6ffd48836461511dc86e6655a7,cw-us-e4a1-h100-221-159,3836384,"[16,17,18,19,20,21,22,23,24,25,26,27,28,29,30,31,32,33,34,35,36,37,38,39,40,41,42,43,44,45,46,47,48,49,50,51,52,53,54,55,56,57,58,59,60,61,62,63]","[1,128,128]",32768,32.0,82233b4e1d5b16eeda97f2d4fd915cafb7ea0f52ecf39f48486cfb66ecec40ef,false,true,Uncontrolled; zero client residency does not imply cold server storage,Per-file client eviction before every pass; no global cache drops,false,1.8694323707022527,3.7388647414045053,10.698434622958302,13.09097534045577,2.3612016309052706,21474836480,42949672960,11301090540.0,21448622080.0,0.998779296875,10,375400,12241051648
r3-c32-aligned-512-tensorstore,measurement,3,c32,aligned-512,tensorstore,2584,raw/reader-records.jsonl.gz#line=2584,accepted,accepted,0,true,true,,4635ae43d5402f62f178e4e3015dde9198bccf4931704696e6e68f1f0a436a61,d688712d0e73d712a91cdfc295dc6b8d2f4b3dc6d316bd8514ec0c1b0420034f,414bf43edde9f9b70c911ccee227982d6d357b6ffd48836461511dc86e6655a7,cw-us-e4a1-h100-221-159,3836384,"[16,17,18,19,20,21,22,23,24,25,26,27,28,29,30,31,32,33,34,35,36,37,38,39,40,41,42,43,44,45,46,47,48,49,50,51,52,53,54,55,56,57,58,59,60,61,62,63]","[1,128,128]",32768,32.0,82233b4e1d5b16eeda97f2d4fd915cafb7ea0f52ecf39f48486cfb66ecec40ef,false,,Uncontrolled; zero client residency does not imply cold server storage,Per-file client eviction before every pass; no global cache drops,false,1.6649384290691747,3.3298768581383493,10.811210604384542,13.017157075926661,2.1845427472144365,19327352832,38654705664,10158162054,,,9,769188,10928631808
r3-c32-full-scan-damacy,measurement,3,c32,full-scan,damacy,2050,raw/reader-records.jsonl.gz#line=2050,accepted,accepted,0,true,true,,4635ae43d5402f62f178e4e3015dde9198bccf4931704696e6e68f1f0a436a61,5746d4568c32ac96a201bfe577c16b89032fe609298f651278613a75d9be68b3,414bf43edde9f9b70c911ccee227982d6d357b6ffd48836461511dc86e6655a7,cw-us-e4a1-h100-221-159,3836384,"[16,17,18,19,20,21,22,23,24,25,26,27,28,29,30,31,32,33,34,35,36,37,38,39,40,41,42,43,44,45,46,47,48,49,50,51,52,53,54,55,56,57,58,59,60,61,62,63]","[1,128,128]",32768,32.0,82233b4e1d5b16eeda97f2d4fd915cafb7ea0f52ecf39f48486cfb66ecec40ef,true,true,Uncontrolled; zero client residency does not imply cold server storage,Per-file client eviction before every pass; no global cache drops,false,2.853017957545079,5.706035915090158,15.485246906057,17.142227629199624,1.579566927626729,47437578240,94875156480,25078210560.0,64424509440.0,1.3580901856763925,2,486312,25154978857
r3-c32-full-scan-tensorstore,measurement,3,c32,full-scan,tensorstore,2039,raw/reader-records.jsonl.gz#line=2039,accepted,accepted,0,true,true,,4635ae43d5402f62f178e4e3015dde9198bccf4931704696e6e68f1f0a436a61,5746d4568c32ac96a201bfe577c16b89032fe609298f651278613a75d9be68b3,414bf43edde9f9b70c911ccee227982d6d357b6ffd48836461511dc86e6655a7,cw-us-e4a1-h100-221-159,3836384,"[16,17,18,19,20,21,22,23,24,25,26,27,28,29,30,31,32,33,34,35,36,37,38,39,40,41,42,43,44,45,46,47,48,49,50,51,52,53,54,55,56,57,58,59,60,61,62,63]","[1,128,128]",32768,32.0,82233b4e1d5b16eeda97f2d4fd915cafb7ea0f52ecf39f48486cfb66ecec40ef,true,,Uncontrolled; zero client residency does not imply cold server storage,Per-file client eviction before every pass; no global cache drops,false,2.0512994989064834,4.102598997812967,10.768707232549787,11.209945447742939,0.4385262280702591,23718789120,47437578240,12539119609,,,1,2361828,12574306982
r3-c32-translated-256-damacy,measurement,3,c32,translated-256,damacy,2682,raw/reader-records.jsonl.gz#line=2682,accepted,accepted,0,true,true,,4635ae43d5402f62f178e4e3015dde9198bccf4931704696e6e68f1f0a436a61,512b8afa04e4411769586a4b5ce6c3312db637b56da2817e8de96b11c098b42e,414bf43edde9f9b70c911ccee227982d6d357b6ffd48836461511dc86e6655a7,cw-us-e4a1-h100-221-159,3836384,"[16,17,18,19,20,21,22,23,24,25,26,27,28,29,30,31,32,33,34,35,36,37,38,39,40,41,42,43,44,45,46,47,48,49,50,51,52,53,54,55,56,57,58,59,60,61,62,63]","[1,128,128]",32768,32.0,82233b4e1d5b16eeda97f2d4fd915cafb7ea0f52ecf39f48486cfb66ecec40ef,false,true,Uncontrolled; zero client residency does not imply cold server storage,Per-file client eviction before every pass; no global cache drops,false,0.24920387386266718,0.49840774772533436,10.03194678016007,10.76741648837924,0.7159707210958004,2684354560,5368709120,3066819915.0,6000312320.0,2.23529052734375,5,174992,3596308480
r3-c32-translated-256-tensorstore,measurement,3,c32,translated-256,tensorstore,2665,raw/reader-records.jsonl.gz#line=2665,accepted,accepted,0,true,true,,4635ae43d5402f62f178e4e3015dde9198bccf4931704696e6e68f1f0a436a61,512b8afa04e4411769586a4b5ce6c3312db637b56da2817e8de96b11c098b42e,414bf43edde9f9b70c911ccee227982d6d357b6ffd48836461511dc86e6655a7,cw-us-e4a1-h100-221-159,3836384,"[16,17,18,19,20,21,22,23,24,25,26,27,28,29,30,31,32,33,34,35,36,37,38,39,40,41,42,43,44,45,46,47,48,49,50,51,52,53,54,55,56,57,58,59,60,61,62,63]","[1,128,128]",32768,32.0,82233b4e1d5b16eeda97f2d4fd915cafb7ea0f52ecf39f48486cfb66ecec40ef,false,,Uncontrolled; zero client residency does not imply cold server storage,Per-file client eviction before every pass; no global cache drops,false,0.23528000811445438,0.47056001622890875,10.625637171790004,11.67714312300086,1.040111368522048,2684354560,5368709120,3064802270,,,5,404696,3383496704
r3-c32-translated-512-damacy,measurement,3,c32,translated-512,damacy,2017,raw/reader-records.jsonl.gz#line=2017,accepted,accepted,0,true,true,,4635ae43d5402f62f178e4e3015dde9198bccf4931704696e6e68f1f0a436a61,5248277298803e9c822a8b001eb8ad2e40195401bbffc3d2ed6f03c5e22cae70,414bf43edde9f9b70c911ccee227982d6d357b6ffd48836461511dc86e6655a7,cw-us-e4a1-h100-221-159,3836384,"[16,17,18,19,20,21,22,23,24,25,26,27,28,29,30,31,32,33,34,35,36,37,38,39,40,41,42,43,44,45,46,47,48,49,50,51,52,53,54,55,56,57,58,59,60,61,62,63]","[1,128,128]",32768,32.0,82233b4e1d5b16eeda97f2d4fd915cafb7ea0f52ecf39f48486cfb66ecec40ef,false,true,Uncontrolled; zero client residency does not imply cold server storage,Per-file client eviction before every pass; no global cache drops,false,0.43395302410195835,0.8679060482039167,13.826381351798773,14.429783202707767,0.5890810638666153,6442450944,12884901888,4130869398.0,9803661312.0,1.521728515625,3,375508,4833505280
r3-c32-translated-512-tensorstore,measurement,3,c32,translated-512,tensorstore,2030,raw/reader-records.jsonl.gz#line=2030,accepted,accepted,0,true,true,,4635ae43d5402f62f178e4e3015dde9198bccf4931704696e6e68f1f0a436a61,5248277298803e9c822a8b001eb8ad2e40195401bbffc3d2ed6f03c5e22cae70,414bf43edde9f9b70c911ccee227982d6d357b6ffd48836461511dc86e6655a7,cw-us-e4a1-h100-221-159,3836384,"[16,17,18,19,20,21,22,23,24,25,26,27,28,29,30,31,32,33,34,35,36,37,38,39,40,41,42,43,44,45,46,47,48,49,50,51,52,53,54,55,56,57,58,59,60,61,62,63]","[1,128,128]",32768,32.0,82233b4e1d5b16eeda97f2d4fd915cafb7ea0f52ecf39f48486cfb66ecec40ef,false,,Uncontrolled; zero client residency does not imply cold server storage,Per-file client eviction before every pass; no global cache drops,false,0.4804875547721332,0.9609751095442663,12.487316144630313,13.281224647536874,0.7863275278359652,6442450944,12884901888,4127722616,,,3,718508,4625936384
r3-c512-aligned-512-damacy,measurement,3,c512,aligned-512,damacy,2809,raw/reader-records.jsonl.gz#line=2809,accepted,accepted,0,true,true,,4635ae43d5402f62f178e4e3015dde9198bccf4931704696e6e68f1f0a436a61,d688712d0e73d712a91cdfc295dc6b8d2f4b3dc6d316bd8514ec0c1b0420034f,414bf43edde9f9b70c911ccee227982d6d357b6ffd48836461511dc86e6655a7,cw-us-e4a1-h100-221-159,3836384,"[16,17,18,19,20,21,22,23,24,25,26,27,28,29,30,31,32,33,34,35,36,37,38,39,40,41,42,43,44,45,46,47,48,49,50,51,52,53,54,55,56,57,58,59,60,61,62,63]","[1,512,512]",524288,512.0,125e8cbe9395c2f2fb4754619f5e19432d0ec6ebfa6261cac9ae3f2fdd768470,false,true,Uncontrolled; zero client residency does not imply cold server storage,Per-file client eviction before every pass; no global cache drops,false,3.4368827331170513,6.873765466234103,10.474608182907104,14.357071742415428,3.8317018691450357,38654705664,77309411328,20503530396.0,38607519744.0,0.998779296875,18,408984,22185185280
r3-c512-aligned-512-tensorstore,measurement,3,c512,aligned-512,tensorstore,2840,raw/reader-records.jsonl.gz#line=2840,accepted,accepted,0,true,true,,4635ae43d5402f62f178e4e3015dde9198bccf4931704696e6e68f1f0a436a61,d688712d0e73d712a91cdfc295dc6b8d2f4b3dc6d316bd8514ec0c1b0420034f,414bf43edde9f9b70c911ccee227982d6d357b6ffd48836461511dc86e6655a7,cw-us-e4a1-h100-221-159,3836384,"[16,17,18,19,20,21,22,23,24,25,26,27,28,29,30,31,32,33,34,35,36,37,38,39,40,41,42,43,44,45,46,47,48,49,50,51,52,53,54,55,56,57,58,59,60,61,62,63]","[1,512,512]",524288,512.0,125e8cbe9395c2f2fb4754619f5e19432d0ec6ebfa6261cac9ae3f2fdd768470,false,,Uncontrolled; zero client residency does not imply cold server storage,Per-file client eviction before every pass; no global cache drops,false,2.3261034929982713,4.652206985996543,10.317683659493923,13.105446884408593,2.758877558633685,25769803776,51539607552,13647636669,,,12,498132,14658338816
r3-c512-full-scan-damacy,measurement,3,c512,full-scan,damacy,2456,raw/reader-records.jsonl.gz#line=2456,accepted,accepted,0,true,true,,4635ae43d5402f62f178e4e3015dde9198bccf4931704696e6e68f1f0a436a61,5746d4568c32ac96a201bfe577c16b89032fe609298f651278613a75d9be68b3,414bf43edde9f9b70c911ccee227982d6d357b6ffd48836461511dc86e6655a7,cw-us-e4a1-h100-221-159,3836384,"[16,17,18,19,20,21,22,23,24,25,26,27,28,29,30,31,32,33,34,35,36,37,38,39,40,41,42,43,44,45,46,47,48,49,50,51,52,53,54,55,56,57,58,59,60,61,62,63]","[1,512,512]",524288,512.0,125e8cbe9395c2f2fb4754619f5e19432d0ec6ebfa6261cac9ae3f2fdd768470,true,true,Uncontrolled; zero client residency does not imply cold server storage,Per-file client eviction before every pass; no global cache drops,false,1.8437881508824416,3.6875763017648833,11.98068429902196,12.910035541281104,0.8556550797075033,23718789120,47437578240,12805376000.0,68719476736.0,2.897259062776304,1,499392,12817824544
r3-c512-full-scan-tensorstore,measurement,3,c512,full-scan,tensorstore,2447,raw/reader-records.jsonl.gz#line=2447,accepted,accepted,0,true,true,,4635ae43d5402f62f178e4e3015dde9198bccf4931704696e6e68f1f0a436a61,5746d4568c32ac96a201bfe577c16b89032fe609298f651278613a75d9be68b3,414bf43edde9f9b70c911ccee227982d6d357b6ffd48836461511dc86e6655a7,cw-us-e4a1-h100-221-159,3836384,"[16,17,18,19,20,21,22,23,24,25,26,27,28,29,30,31,32,33,34,35,36,37,38,39,40,41,42,43,44,45,46,47,48,49,50,51,52,53,54,55,56,57,58,59,60,61,62,63]","[1,512,512]",524288,512.0,125e8cbe9395c2f2fb4754619f5e19432d0ec6ebfa6261cac9ae3f2fdd768470,true,,Uncontrolled; zero client residency does not imply cold server storage,Per-file client eviction before every pass; no global cache drops,false,2.0165156159822923,4.033031231964585,10.954462030902505,11.416210975497961,0.4590103533118963,23718789120,47437578240,12805376000,,,1,1183392,12816095296
r3-c512-translated-256-damacy,measurement,3,c512,translated-256,damacy,2150,raw/reader-records.jsonl.gz#line=2150,accepted,accepted,0,true,true,,4635ae43d5402f62f178e4e3015dde9198bccf4931704696e6e68f1f0a436a61,512b8afa04e4411769586a4b5ce6c3312db637b56da2817e8de96b11c098b42e,414bf43edde9f9b70c911ccee227982d6d357b6ffd48836461511dc86e6655a7,cw-us-e4a1-h100-221-159,3836384,"[16,17,18,19,20,21,22,23,24,25,26,27,28,29,30,31,32,33,34,35,36,37,38,39,40,41,42,43,44,45,46,47,48,49,50,51,52,53,54,55,56,57,58,59,60,61,62,63]","[1,512,512]",524288,512.0,125e8cbe9395c2f2fb4754619f5e19432d0ec6ebfa6261cac9ae3f2fdd768470,false,true,Uncontrolled; zero client residency does not imply cold server storage,Per-file client eviction before every pass; no global cache drops,false,0.34521325980021417,0.6904265196004283,10.138660380616784,11.534156192094088,1.3715898599475622,3758096384,7516192768,9266982095.0,22093496320.0,5.87890625,7,223868,10049916928
r3-c512-translated-256-tensorstore,measurement,3,c512,translated-256,tensorstore,2129,raw/reader-records.jsonl.gz#line=2129,accepted,accepted,0,true,true,,4635ae43d5402f62f178e4e3015dde9198bccf4931704696e6e68f1f0a436a61,512b8afa04e4411769586a4b5ce6c3312db637b56da2817e8de96b11c098b42e,414bf43edde9f9b70c911ccee227982d6d357b6ffd48836461511dc86e6655a7,cw-us-e4a1-h100-221-159,3836384,"[16,17,18,19,20,21,22,23,24,25,26,27,28,29,30,31,32,33,34,35,36,37,38,39,40,41,42,43,44,45,46,47,48,49,50,51,52,53,54,55,56,57,58,59,60,61,62,63]","[1,512,512]",524288,512.0,125e8cbe9395c2f2fb4754619f5e19432d0ec6ebfa6261cac9ae3f2fdd768470,false,,Uncontrolled; zero client residency does not imply cold server storage,Per-file client eviction before every pass; no global cache drops,false,0.38981518695122996,0.7796303739024599,10.261272864416242,12.298592459410429,2.018497183918953,4294967296,8589934592,10574812171,,,8,299696,11398623232
r3-c512-translated-512-damacy,measurement,3,c512,translated-512,damacy,2404,raw/reader-records.jsonl.gz#line=2404,accepted,accepted,0,true,true,,4635ae43d5402f62f178e4e3015dde9198bccf4931704696e6e68f1f0a436a61,5248277298803e9c822a8b001eb8ad2e40195401bbffc3d2ed6f03c5e22cae70,414bf43edde9f9b70c911ccee227982d6d357b6ffd48836461511dc86e6655a7,cw-us-e4a1-h100-221-159,3836384,"[16,17,18,19,20,21,22,23,24,25,26,27,28,29,30,31,32,33,34,35,36,37,38,39,40,41,42,43,44,45,46,47,48,49,50,51,52,53,54,55,56,57,58,59,60,61,62,63]","[1,512,512]",524288,512.0,125e8cbe9395c2f2fb4754619f5e19432d0ec6ebfa6261cac9ae3f2fdd768470,false,true,Uncontrolled; zero client residency does not imply cold server storage,Per-file client eviction before every pass; no global cache drops,false,1.196106380133928,2.392212760267856,10.0325524546206,11.397012785077095,1.3422630596905947,12884901888,25769803776,9556268112.0,48419045376.0,3.7578125,6,389748,10760230764
r3-c512-translated-512-tensorstore,measurement,3,c512,translated-512,tensorstore,2385,raw/reader-records.jsonl.gz#line=2385,accepted,accepted,0,true,true,,4635ae43d5402f62f178e4e3015dde9198bccf4931704696e6e68f1f0a436a61,5248277298803e9c822a8b001eb8ad2e40195401bbffc3d2ed6f03c5e22cae70,414bf43edde9f9b70c911ccee227982d6d357b6ffd48836461511dc86e6655a7,cw-us-e4a1-h100-221-159,3836384,"[16,17,18,19,20,21,22,23,24,25,26,27,28,29,30,31,32,33,34,35,36,37,38,39,40,41,42,43,44,45,46,47,48,49,50,51,52,53,54,55,56,57,58,59,60,61,62,63]","[1,512,512]",524288,512.0,125e8cbe9395c2f2fb4754619f5e19432d0ec6ebfa6261cac9ae3f2fdd768470,false,,Uncontrolled; zero client residency does not imply cold server storage,Per-file client eviction before every pass; no global cache drops,false,1.0881671243607323,2.1763342487214645,11.027717830613256,12.594748696312308,1.552092732861638,12884901888,25769803776,9544109650,,,6,570112,10638837612
r3-c64-aligned-512-damacy,measurement,3,c64,aligned-512,damacy,2081,raw/reader-records.jsonl.gz#line=2081,accepted,accepted,0,true,true,,4635ae43d5402f62f178e4e3015dde9198bccf4931704696e6e68f1f0a436a61,d688712d0e73d712a91cdfc295dc6b8d2f4b3dc6d316bd8514ec0c1b0420034f,414bf43edde9f9b70c911ccee227982d6d357b6ffd48836461511dc86e6655a7,cw-us-e4a1-h100-221-159,3836384,"[16,17,18,19,20,21,22,23,24,25,26,27,28,29,30,31,32,33,34,35,36,37,38,39,40,41,42,43,44,45,46,47,48,49,50,51,52,53,54,55,56,57,58,59,60,61,62,63]","[1,128,256]",65536,64.0,a6bf80ef828976c1b242a3cb87b267d36bf7e1f63a397678404d5841a85b2eb4,false,true,Uncontrolled; zero client residency does not imply cold server storage,Per-file client eviction before every pass; no global cache drops,false,2.206715253967318,4.413430507934636,10.875893460586667,13.079536024481058,2.167048566043377,25769803776,51539607552,13631635680.0,25738346496.0,0.998779296875,12,361476,14787252224
r3-c64-aligned-512-tensorstore,measurement,3,c64,aligned-512,tensorstore,2106,raw/reader-records.jsonl.gz#line=2106,accepted,accepted,0,true,true,,4635ae43d5402f62f178e4e3015dde9198bccf4931704696e6e68f1f0a436a61,d688712d0e73d712a91cdfc295dc6b8d2f4b3dc6d316bd8514ec0c1b0420034f,414bf43edde9f9b70c911ccee227982d6d357b6ffd48836461511dc86e6655a7,cw-us-e4a1-h100-221-159,3836384,"[16,17,18,19,20,21,22,23,24,25,26,27,28,29,30,31,32,33,34,35,36,37,38,39,40,41,42,43,44,45,46,47,48,49,50,51,52,53,54,55,56,57,58,59,60,61,62,63]","[1,128,256]",65536,64.0,a6bf80ef828976c1b242a3cb87b267d36bf7e1f63a397678404d5841a85b2eb4,false,,Uncontrolled; zero client residency does not imply cold server storage,Per-file client eviction before every pass; no global cache drops,false,1.686009976748535,3.37201995349707,10.676093408837914,12.88177009485662,2.1845097951591015,19327352832,38654705664,10210455211,,,9,650984,10993451008
r3-c64-full-scan-damacy,measurement,3,c64,full-scan,damacy,2465,raw/reader-records.jsonl.gz#line=2465,accepted,accepted,0,true,true,,4635ae43d5402f62f178e4e3015dde9198bccf4931704696e6e68f1f0a436a61,5746d4568c32ac96a201bfe577c16b89032fe609298f651278613a75d9be68b3,414bf43edde9f9b70c911ccee227982d6d357b6ffd48836461511dc86e6655a7,cw-us-e4a1-h100-221-159,3836384,"[16,17,18,19,20,21,22,23,24,25,26,27,28,29,30,31,32,33,34,35,36,37,38,39,40,41,42,43,44,45,46,47,48,49,50,51,52,53,54,55,56,57,58,59,60,61,62,63]","[1,128,256]",65536,64.0,a6bf80ef828976c1b242a3cb87b267d36bf7e1f63a397678404d5841a85b2eb4,true,true,Uncontrolled; zero client residency does not imply cold server storage,Per-file client eviction before every pass; no global cache drops,false,2.1612419755526537,4.3224839511053075,10.220902610570192,10.451905762776732,0.15839808993041515,23718789120,47437578240,12656941056.0,32212254720.0,1.3580901856763925,1,470936,12678386859
r3-c64-full-scan-tensorstore,measurement,3,c64,full-scan,tensorstore,2476,raw/reader-records.jsonl.gz#line=2476,accepted,accepted,0,true,true,,4635ae43d5402f62f178e4e3015dde9198bccf4931704696e6e68f1f0a436a61,5746d4568c32ac96a201bfe577c16b89032fe609298f651278613a75d9be68b3,414bf43edde9f9b70c911ccee227982d6d357b6ffd48836461511dc86e6655a7,cw-us-e4a1-h100-221-159,3836384,"[16,17,18,19,20,21,22,23,24,25,26,27,28,29,30,31,32,33,34,35,36,37,38,39,40,41,42,43,44,45,46,47,48,49,50,51,52,53,54,55,56,57,58,59,60,61,62,63]","[1,128,256]",65536,64.0,a6bf80ef828976c1b242a3cb87b267d36bf7e1f63a397678404d5841a85b2eb4,true,,Uncontrolled; zero client residency does not imply cold server storage,Per-file client eviction before every pass; no global cache drops,false,2.2479491963096954,4.495898392619391,19.65333005413413,21.662611722946167,2.0037070345133543,47437578240,94875156480,25313984420,,,2,2338596,25357205848
r3-c64-translated-256-damacy,measurement,3,c64,translated-256,damacy,2274,raw/reader-records.jsonl.gz#line=2274,accepted,accepted,0,true,true,,4635ae43d5402f62f178e4e3015dde9198bccf4931704696e6e68f1f0a436a61,512b8afa04e4411769586a4b5ce6c3312db637b56da2817e8de96b11c098b42e,414bf43edde9f9b70c911ccee227982d6d357b6ffd48836461511dc86e6655a7,cw-us-e4a1-h100-221-159,3836384,"[16,17,18,19,20,21,22,23,24,25,26,27,28,29,30,31,32,33,34,35,36,37,38,39,40,41,42,43,44,45,46,47,48,49,50,51,52,53,54,55,56,57,58,59,60,61,62,63]","[1,128,256]",65536,64.0,a6bf80ef828976c1b242a3cb87b267d36bf7e1f63a397678404d5841a85b2eb4,false,true,Uncontrolled; zero client residency does not imply cold server storage,Per-file client eviction before every pass; no global cache drops,false,0.29445773903594746,0.5889154780718949,10.188219232484698,11.121798710897565,0.9127595517784357,3221225472,6442450944,4772422488.0,9603907584.0,2.9814453125,6,163424,4965916672
r3-c64-translated-256-tensorstore,measurement,3,c64,translated-256,tensorstore,2255,raw/reader-records.jsonl.gz#line=2255,accepted,accepted,0,true,true,,4635ae43d5402f62f178e4e3015dde9198bccf4931704696e6e68f1f0a436a61,512b8afa04e4411769586a4b5ce6c3312db637b56da2817e8de96b11c098b42e,414bf43edde9f9b70c911ccee227982d6d357b6ffd48836461511dc86e6655a7,cw-us-e4a1-h100-221-159,3836384,"[16,17,18,19,20,21,22,23,24,25,26,27,28,29,30,31,32,33,34,35,36,37,38,39,40,41,42,43,44,45,46,47,48,49,50,51,52,53,54,55,56,57,58,59,60,61,62,63]","[1,128,256]",65536,64.0,a6bf80ef828976c1b242a3cb87b267d36bf7e1f63a397678404d5841a85b2eb4,false,,Uncontrolled; zero client residency does not imply cold server storage,Per-file client eviction before every pass; no global cache drops,false,0.2673728294350932,0.5347456588701864,11.220287440344691,12.594293236732483,1.3600379582494497,3221225472,6442450944,4767326647,,,6,334968,4967239680
r3-c64-translated-512-damacy,measurement,3,c64,translated-512,damacy,2202,raw/reader-records.jsonl.gz#line=2202,accepted,accepted,0,true,true,,4635ae43d5402f62f178e4e3015dde9198bccf4931704696e6e68f1f0a436a61,5248277298803e9c822a8b001eb8ad2e40195401bbffc3d2ed6f03c5e22cae70,414bf43edde9f9b70c911ccee227982d6d357b6ffd48836461511dc86e6655a7,cw-us-e4a1-h100-221-159,3836384,"[16,17,18,19,20,21,22,23,24,25,26,27,28,29,30,31,32,33,34,35,36,37,38,39,40,41,42,43,44,45,46,47,48,49,50,51,52,53,54,55,56,57,58,59,60,61,62,63]","[1,128,256]",65536,64.0,a6bf80ef828976c1b242a3cb87b267d36bf7e1f63a397678404d5841a85b2eb4,false,true,Uncontrolled; zero client residency does not imply cold server storage,Per-file client eviction before every pass; no global cache drops,false,0.67781627771637,1.35563255543274,11.802608262747526,12.707194440066814,0.8868510443717241,8589934592,17179869184,6299437228.0,15690104832.0,1.826568603515625,4,355204,7153628803
r3-c64-translated-512-tensorstore,measurement,3,c64,translated-512,tensorstore,2187,raw/reader-records.jsonl.gz#line=2187,accepted,accepted,0,true,true,,4635ae43d5402f62f178e4e3015dde9198bccf4931704696e6e68f1f0a436a61,5248277298803e9c822a8b001eb8ad2e40195401bbffc3d2ed6f03c5e22cae70,414bf43edde9f9b70c911ccee227982d6d357b6ffd48836461511dc86e6655a7,cw-us-e4a1-h100-221-159,3836384,"[16,17,18,19,20,21,22,23,24,25,26,27,28,29,30,31,32,33,34,35,36,37,38,39,40,41,42,43,44,45,46,47,48,49,50,51,52,53,54,55,56,57,58,59,60,61,62,63]","[1,128,256]",65536,64.0,a6bf80ef828976c1b242a3cb87b267d36bf7e1f63a397678404d5841a85b2eb4,false,,Uncontrolled; zero client residency does not imply cold server storage,Per-file client eviction before every pass; no global cache drops,false,0.7474655538166257,1.4949311076332514,10.702834343537688,11.850805528461933,1.1370644196867943,8589934592,17179869184,6289579821,,,4,626824,7053070336
