row_id,source_file,source_record,study_id,study_kind,study_status,archive_disposition,run_id,configuration_id,record_order,role,round,repeat,batch_id,started,status,error,recorded_attempt,max_attempts,earlier_native_attempt_details_retained,discarded_attempts_s,original_measurement_valid,validity_exclusions,frontier_candidate_record,frontier_exclusions,current_report_selected,content,workload_scope_source,data_issue,tool,runner_revision,compiled_revision,binary_sha256,machine,hostname,allocated_cpus,gpu,backend,worker_threads,requested_workers,io_workers,output_buffers,memory_budget_bytes,sink,destination,storage_type,nconnect,mount_record,mount_options,workload,source_format,source_io_timed,source_decoding_timed,source_staging,input_id,dataset_version,input_sha256,corpus_revision,manifest_sha256,dtype,array_shape,reference_shape,chunk_shape,raw_chunk_bytes,chunks_per_shard,shard_shape,raw_shard_capacity_bytes,shard_capacity_basis,minimum_raw_shard_capacity_bytes,maximum_raw_shard_capacity_bytes,shard_capacity_bounds_source,concurrent_shard_target,concurrent_shard_target_source,actual_layer_shards_geometry,simultaneously_active_io_files_measured,codec,codec_level,codec_level_is_hint,shuffle,blosc_block_requested_bytes,blosc_block_effective_measured_bytes,gpu_block_model_bytes,source_planes,source_raw_bytes,source_padded_bytes,source_start_plane_after_warmup,logical_frames,full_source_cycles,source_cycle_tail_planes,logical_input_bytes,submitted_bytes,padded_chunk_bytes,measured_sink_write_bytes,output_scope,final_stored_bytes,metadata_bytes_stored,index_bytes_stored,logical_payload_bytes,internal_padding_bytes,d2h_payload_bytes,d2h_metadata_bytes,reported_logical_fold,reported_padded_fold,throughput_logical_gibs,logical_rate_derived_from_byte_counters,throughput_submitted_gibs,throughput_sink_write_gibs,timing_policy,measurement_s,requested_duration_s,minimum_logical_gib,append_s,drain_s,drain_fraction,process_wall_s,requested_warmup_s,warmup_s,warmup_input_bytes,warmup_output_bytes,warmup_drain_s,prep_s,source_load_s,stream_init_s,context_init_s,coverage_status,warmup_complete_batches,complete_batches,generation_transitions,append_bytes,target_batch_bytes,actual_batch_bytes,epochs_per_batch,arrival_bytes_per_s,completion_pause_ms,host_peak_rss_bytes,host_baseline_rss_bytes,host_memory_reading_failed,device_free_memory_delta_bytes,memory_estimate_bytes,pinned_memory_estimate_bytes,memory_measured_bytes_legacy,command,profile,control_config,comparison_group,comparison_group_definition,calibration_trial,control_mean_queued_payload_mib,control_peak_queued_payload_mib,control_mean_active_writes,control_idle_worker_fraction,control_pool_full_fraction,control_buffer_lifetime_p95_ms,control_write_completion_p95_ms,control_arrival_rate_bytes_s,control_io_throughput_gibs,control_io_measured_bytes
reef-turin-microscopy-pareto-core-3710982/execution-0046,/mnt/main0/home/nclack/tmp/2026-09-07-chucky-microscopy-pr/worktree/build-microscopy-unified-corrected-20260916/turin-3710982/core/study.json,#/records/45,reef-turin-microscopy-pareto-core-3710982,retained_study,complete,partially_selected_in_current_report,execution-0046,37df3fdae2c6f550,46,sample,1,1,group-004,2026-09-16T19:32:22.114038+00:00,pass,,1,1,,0.0,true,,true,,true,microscopy,recorded_image_replay,,Chucky,f30f20802ed75093022d06e6a63fd431702f7d87,ee1b50a2eb19732c171ecc71f83109e648f72968,8b6ded22a7c577c1b044026cd9b50eaa7e0c6e7f93fdefbfdb9023590b9d6d6a,reef-turin,cpu-turin-gp-l-243-179,40,,cpu,32,32,32,4,0,fs,/mnt/main0/home/nclack/tmp/2026-09-07-chucky-microscopy-pr/worktree/build-microscopy-unified-corrected-20260916/sink/3710982,nfs,16,/mnt/main0/home/nclack/tmp/2026-09-07-chucky-microscopy-pr/worktree/build-microscopy-unified-corrected-20260916/turin-3710982/core/study.json#/storage,"{""async"":null,""hard"":true,""nconnect"":""16"",""proto"":""tcp"",""rsize"":""1048576"",""soft"":null,""sync"":null,""vers"":""3"",""wsize"":""1048576""}",raw_pack_cyclic_streaming_replay,raw_predecoded_planes,false,false,whole_raw_pack_preloaded_and_zero_padded_before_timing,bbbc022-mito,1,1eff677d3f7d6785bdc8e65079613d6ba2c801a19f33503517a12b8df54affc7,9a1600226d3f39e0c12979cea688dcc56740c3aa,8acabd8ba3f3d090aef4cd78c2c34bd5a35a04e6c5febdbb863fea395b7e7aff,u16,"[47470,520,696]","[47469,520,696]","[4,64,128]",65536,"[4096,2,2]","[16384,128,256]",1073741824,uncompressed_full_geometry,536870912,1073741824,native_layout_policy_in_study_metadata,16,recorded_command,15,,blosc-lz4,3,false,bit,65536,,,16,11581440,14155776,0,47470,2966,14,34360684800,41998417920,42000187392,20758134784,physical_sink_writes,,,,20727874692,18335944,,,1.6552876815543467,2.023312201651807,5.575247621574603,false,6.814520346447584,3.3681442979428624,coverage-qualified-through-final-close-v2,5.739813324000001,3.0,32.0,5.680149758000001,0.059663566,0.010394687532872801,7.957425612024963,2.0,2.0258841960000002,15330705408,7576621056,0.022864369000000002,0.004674272026910782,0.004672382026910782,0.0013470030389726162,2.999999892949745e-08,sufficient,228,624,2,884736,67108864,67239936,19,,,289406976,20447232,false,0,407839436,0,268959744,"[""/mnt/main0/home/nclack/tmp/2026-09-07-chucky-microscopy-pr/worktree/build-microscopy-cpu-scaling-20260916/turin-3708156/native-cpu/bench/bench_stream_microscopy"",""--input"",""/mnt/main0/home/nclack/src/chucky/.git/worktrees/worktree/modules/microscopy/annex/objects/74/px/SHA256-s11581440--1eff677d3f7d6785bdc8e65079613d6ba2c801a19f33503517a12b8df54affc7/SHA256-s11581440--1eff677d3f7d6785bdc8e65079613d6ba2c801a19f33503517a12b8df54affc7"",""--width"",""696"",""--height"",""520"",""--dtype"",""u16"",""--frames"",""47469"",""--warmup"",""2.0"",""--duration"",""3.0"",""--backend"",""cpu"",""--chunk-bytes"",""64K"",""--batch-bytes"",""64M"",""--concurrent-shards"",""16"",""--max-threads"",""32"",""--json"",""--codec"",""blosc-lz4"",""--codec-level"",""3"",""--chunk-depth"",""4"",""--max-attempts"",""1"",""--shuffle"",""bit"",""--blosc-block-bytes"",""65536"",""-o"",""/mnt/main0/home/nclack/tmp/2026-09-07-chucky-microscopy-pr/worktree/build-microscopy-unified-corrected-20260916/sink/3710982/chucky_io__btdk_11""]","{""duration_s"":3.0,""min_gib"":32.0,""warmup_s"":2.0}",,1c3b0561cd4734fecc81,"{""allocated_cpus"":40,""arrival_bytes_per_s"":null,""backend"":""cpu"",""chunk_depth"":4,""completion_pause_ms"":null,""data_issue"":null,""dataset_version"":1,""dtype"":""u16"",""hostname"":""cpu-turin-gp-l-243-179"",""input_id"":""bbbc022-mito"",""input_sha256"":""1eff677d3f7d6785bdc8e65079613d6ba2c801a19f33503517a12b8df54affc7"",""io_workers"":32,""logical_spatial_shape"":[520,696],""memory_budget_bytes"":0,""minimum_logical_gib"":32.0,""nconnect"":16,""output_buffers"":4,""requested_duration_s"":3.0,""requested_warmup_s"":2.0,""sink"":""fs"",""source_order"":""cyclic"",""storage_type"":""nfs"",""study_id"":""reef-turin-microscopy-pareto-core-3710982"",""timing_policy"":""coverage-qualified-through-final-close-v2"",""worker_threads"":32}",,,,,,,,,,,
reef-turin-microscopy-pareto-core-3710982/execution-0085,/mnt/main0/home/nclack/tmp/2026-09-07-chucky-microscopy-pr/worktree/build-microscopy-unified-corrected-20260916/turin-3710982/core/study.json,#/records/84,reef-turin-microscopy-pareto-core-3710982,retained_study,complete,partially_selected_in_current_report,execution-0085,37df3fdae2c6f550,85,sample,2,2,group-004,2026-09-16T19:37:39.330205+00:00,pass,,1,1,,0.0,true,,true,,true,microscopy,recorded_image_replay,,Chucky,f30f20802ed75093022d06e6a63fd431702f7d87,ee1b50a2eb19732c171ecc71f83109e648f72968,8b6ded22a7c577c1b044026cd9b50eaa7e0c6e7f93fdefbfdb9023590b9d6d6a,reef-turin,cpu-turin-gp-l-243-179,40,,cpu,32,32,32,4,0,fs,/mnt/main0/home/nclack/tmp/2026-09-07-chucky-microscopy-pr/worktree/build-microscopy-unified-corrected-20260916/sink/3710982,nfs,16,/mnt/main0/home/nclack/tmp/2026-09-07-chucky-microscopy-pr/worktree/build-microscopy-unified-corrected-20260916/turin-3710982/core/study.json#/storage,"{""async"":null,""hard"":true,""nconnect"":""16"",""proto"":""tcp"",""rsize"":""1048576"",""soft"":null,""sync"":null,""vers"":""3"",""wsize"":""1048576""}",raw_pack_cyclic_streaming_replay,raw_predecoded_planes,false,false,whole_raw_pack_preloaded_and_zero_padded_before_timing,bbbc022-mito,1,1eff677d3f7d6785bdc8e65079613d6ba2c801a19f33503517a12b8df54affc7,9a1600226d3f39e0c12979cea688dcc56740c3aa,8acabd8ba3f3d090aef4cd78c2c34bd5a35a04e6c5febdbb863fea395b7e7aff,u16,"[47470,520,696]","[47469,520,696]","[4,64,128]",65536,"[4096,2,2]","[16384,128,256]",1073741824,uncompressed_full_geometry,536870912,1073741824,native_layout_policy_in_study_metadata,16,recorded_command,15,,blosc-lz4,3,false,bit,65536,,,16,11581440,14155776,0,47470,2966,14,34360684800,41998417920,42000187392,20758134784,physical_sink_writes,,,,20727874692,18335944,,,1.6552876815543467,2.023312201651807,5.581637821485618,false,6.822330972397342,3.3720047773190456,coverage-qualified-through-final-close-v2,5.733242068000001,3.0,32.0,5.612534201000001,0.12070786700000001,0.021054032878487557,7.915009402669966,2.0,2.031939001,14792785920,7310913536,0.024554021000000002,0.0070564718428421025,0.007054641842842102,0.0012966969516128302,2.999999892949745e-08,sufficient,220,624,2,884736,67108864,67239936,19,,,287834112,20447232,false,0,407839436,0,267386880,"[""/mnt/main0/home/nclack/tmp/2026-09-07-chucky-microscopy-pr/worktree/build-microscopy-cpu-scaling-20260916/turin-3708156/native-cpu/bench/bench_stream_microscopy"",""--input"",""/mnt/main0/home/nclack/src/chucky/.git/worktrees/worktree/modules/microscopy/annex/objects/74/px/SHA256-s11581440--1eff677d3f7d6785bdc8e65079613d6ba2c801a19f33503517a12b8df54affc7/SHA256-s11581440--1eff677d3f7d6785bdc8e65079613d6ba2c801a19f33503517a12b8df54affc7"",""--width"",""696"",""--height"",""520"",""--dtype"",""u16"",""--frames"",""47469"",""--warmup"",""2.0"",""--duration"",""3.0"",""--backend"",""cpu"",""--chunk-bytes"",""64K"",""--batch-bytes"",""64M"",""--concurrent-shards"",""16"",""--max-threads"",""32"",""--json"",""--codec"",""blosc-lz4"",""--codec-level"",""3"",""--chunk-depth"",""4"",""--max-attempts"",""1"",""--shuffle"",""bit"",""--blosc-block-bytes"",""65536"",""-o"",""/mnt/main0/home/nclack/tmp/2026-09-07-chucky-microscopy-pr/worktree/build-microscopy-unified-corrected-20260916/sink/3710982/chucky_io_acmpfel4""]","{""duration_s"":3.0,""min_gib"":32.0,""warmup_s"":2.0}",,1c3b0561cd4734fecc81,"{""allocated_cpus"":40,""arrival_bytes_per_s"":null,""backend"":""cpu"",""chunk_depth"":4,""completion_pause_ms"":null,""data_issue"":null,""dataset_version"":1,""dtype"":""u16"",""hostname"":""cpu-turin-gp-l-243-179"",""input_id"":""bbbc022-mito"",""input_sha256"":""1eff677d3f7d6785bdc8e65079613d6ba2c801a19f33503517a12b8df54affc7"",""io_workers"":32,""logical_spatial_shape"":[520,696],""memory_budget_bytes"":0,""minimum_logical_gib"":32.0,""nconnect"":16,""output_buffers"":4,""requested_duration_s"":3.0,""requested_warmup_s"":2.0,""sink"":""fs"",""source_order"":""cyclic"",""storage_type"":""nfs"",""study_id"":""reef-turin-microscopy-pareto-core-3710982"",""timing_policy"":""coverage-qualified-through-final-close-v2"",""worker_threads"":32}",,,,,,,,,,,
reef-turin-microscopy-pareto-core-3710982/execution-0148,/mnt/main0/home/nclack/tmp/2026-09-07-chucky-microscopy-pr/worktree/build-microscopy-unified-corrected-20260916/turin-3710982/core/study.json,#/records/147,reef-turin-microscopy-pareto-core-3710982,retained_study,complete,partially_selected_in_current_report,execution-0148,37df3fdae2c6f550,148,sample,3,3,group-004,2026-09-16T19:46:17.157549+00:00,pass,,1,1,,0.0,true,,true,,true,microscopy,recorded_image_replay,,Chucky,f30f20802ed75093022d06e6a63fd431702f7d87,ee1b50a2eb19732c171ecc71f83109e648f72968,8b6ded22a7c577c1b044026cd9b50eaa7e0c6e7f93fdefbfdb9023590b9d6d6a,reef-turin,cpu-turin-gp-l-243-179,40,,cpu,32,32,32,4,0,fs,/mnt/main0/home/nclack/tmp/2026-09-07-chucky-microscopy-pr/worktree/build-microscopy-unified-corrected-20260916/sink/3710982,nfs,16,/mnt/main0/home/nclack/tmp/2026-09-07-chucky-microscopy-pr/worktree/build-microscopy-unified-corrected-20260916/turin-3710982/core/study.json#/storage,"{""async"":null,""hard"":true,""nconnect"":""16"",""proto"":""tcp"",""rsize"":""1048576"",""soft"":null,""sync"":null,""vers"":""3"",""wsize"":""1048576""}",raw_pack_cyclic_streaming_replay,raw_predecoded_planes,false,false,whole_raw_pack_preloaded_and_zero_padded_before_timing,bbbc022-mito,1,1eff677d3f7d6785bdc8e65079613d6ba2c801a19f33503517a12b8df54affc7,9a1600226d3f39e0c12979cea688dcc56740c3aa,8acabd8ba3f3d090aef4cd78c2c34bd5a35a04e6c5febdbb863fea395b7e7aff,u16,"[47470,520,696]","[47469,520,696]","[4,64,128]",65536,"[4096,2,2]","[16384,128,256]",1073741824,uncompressed_full_geometry,536870912,1073741824,native_layout_policy_in_study_metadata,16,recorded_command,15,,blosc-lz4,3,false,bit,65536,,,16,11581440,14155776,8,47470,2966,14,34360684800,41998417920,42000187392,20762058752,physical_sink_writes,,,,20727831006,18341695,,,1.6549748370541553,2.022929801600438,6.031755039572293,false,7.372500647793372,3.6446204209457056,coverage-qualified-through-final-close-v2,5.305401209,3.0,32.0,5.260407939,0.04499327,0.008480653625907521,7.493277800269425,2.0,2.058818886,14389346304,7107670016,0.054976502000000003,0.00592806582350254,0.005926245823502541,0.0013707630569115281,2.999999892949745e-08,sufficient,214,624,3,884736,67108864,67239936,19,,,292552704,20447232,false,0,407839436,0,272105472,"[""/mnt/main0/home/nclack/tmp/2026-09-07-chucky-microscopy-pr/worktree/build-microscopy-cpu-scaling-20260916/turin-3708156/native-cpu/bench/bench_stream_microscopy"",""--input"",""/mnt/main0/home/nclack/src/chucky/.git/worktrees/worktree/modules/microscopy/annex/objects/74/px/SHA256-s11581440--1eff677d3f7d6785bdc8e65079613d6ba2c801a19f33503517a12b8df54affc7/SHA256-s11581440--1eff677d3f7d6785bdc8e65079613d6ba2c801a19f33503517a12b8df54affc7"",""--width"",""696"",""--height"",""520"",""--dtype"",""u16"",""--frames"",""47469"",""--warmup"",""2.0"",""--duration"",""3.0"",""--backend"",""cpu"",""--chunk-bytes"",""64K"",""--batch-bytes"",""64M"",""--concurrent-shards"",""16"",""--max-threads"",""32"",""--json"",""--codec"",""blosc-lz4"",""--codec-level"",""3"",""--chunk-depth"",""4"",""--max-attempts"",""1"",""--shuffle"",""bit"",""--blosc-block-bytes"",""65536"",""-o"",""/mnt/main0/home/nclack/tmp/2026-09-07-chucky-microscopy-pr/worktree/build-microscopy-unified-corrected-20260916/sink/3710982/chucky_io_2q3de1i1""]","{""duration_s"":3.0,""min_gib"":32.0,""warmup_s"":2.0}",,1c3b0561cd4734fecc81,"{""allocated_cpus"":40,""arrival_bytes_per_s"":null,""backend"":""cpu"",""chunk_depth"":4,""completion_pause_ms"":null,""data_issue"":null,""dataset_version"":1,""dtype"":""u16"",""hostname"":""cpu-turin-gp-l-243-179"",""input_id"":""bbbc022-mito"",""input_sha256"":""1eff677d3f7d6785bdc8e65079613d6ba2c801a19f33503517a12b8df54affc7"",""io_workers"":32,""logical_spatial_shape"":[520,696],""memory_budget_bytes"":0,""minimum_logical_gib"":32.0,""nconnect"":16,""output_buffers"":4,""requested_duration_s"":3.0,""requested_warmup_s"":2.0,""sink"":""fs"",""source_order"":""cyclic"",""storage_type"":""nfs"",""study_id"":""reef-turin-microscopy-pareto-core-3710982"",""timing_policy"":""coverage-qualified-through-final-close-v2"",""worker_threads"":32}",,,,,,,,,,,
reef-turin-microscopy-pareto-core-3710982/execution-0026,/mnt/main0/home/nclack/tmp/2026-09-07-chucky-microscopy-pr/worktree/build-microscopy-unified-corrected-20260916/turin-3710982/core/study.json,#/records/25,reef-turin-microscopy-pareto-core-3710982,retained_study,complete,partially_selected_in_current_report,execution-0026,5477a774266663a4,26,sample,1,1,group-004,2026-09-16T19:29:31.146673+00:00,pass,,1,1,,0.0,true,,true,,true,microscopy,recorded_image_replay,,Chucky,f30f20802ed75093022d06e6a63fd431702f7d87,ee1b50a2eb19732c171ecc71f83109e648f72968,8b6ded22a7c577c1b044026cd9b50eaa7e0c6e7f93fdefbfdb9023590b9d6d6a,reef-turin,cpu-turin-gp-l-243-179,40,,cpu,32,32,32,4,0,fs,/mnt/main0/home/nclack/tmp/2026-09-07-chucky-microscopy-pr/worktree/build-microscopy-unified-corrected-20260916/sink/3710982,nfs,16,/mnt/main0/home/nclack/tmp/2026-09-07-chucky-microscopy-pr/worktree/build-microscopy-unified-corrected-20260916/turin-3710982/core/study.json#/storage,"{""async"":null,""hard"":true,""nconnect"":""16"",""proto"":""tcp"",""rsize"":""1048576"",""soft"":null,""sync"":null,""vers"":""3"",""wsize"":""1048576""}",raw_pack_cyclic_streaming_replay,raw_predecoded_planes,false,false,whole_raw_pack_preloaded_and_zero_padded_before_timing,bbbc022-mito,1,1eff677d3f7d6785bdc8e65079613d6ba2c801a19f33503517a12b8df54affc7,9a1600226d3f39e0c12979cea688dcc56740c3aa,8acabd8ba3f3d090aef4cd78c2c34bd5a35a04e6c5febdbb863fea395b7e7aff,u16,"[47472,520,696]","[47469,520,696]","[4,32,64]",16384,"[4096,4,4]","[16384,128,256]",1073741824,uncompressed_full_geometry,536870912,1073741824,native_layout_policy_in_study_metadata,16,recorded_command,15,,blosc-lz4,3,false,bit,16384,,,16,11581440,12255232,0,47472,2967,0,34362132480,36361273344,36361273344,20408025088,physical_sink_writes,,,,20325424599,19527666,,,1.6837558917058109,1.7817144572886954,6.021102376436177,false,6.371401961909272,3.575994983845438,coverage-qualified-through-final-close-v2,5.315011679,3.0,32.0,5.067766716,0.247244963,0.046518235129545046,7.586531647481024,2.0,2.0471136960000003,14019985408,7860252672,0.039960507,0.0053125378325665,0.0053109978325665,0.003376634093001485,2.999999892949745e-08,sufficient,208,539,3,765952,67108864,67403776,22,,,337166336,18874368,false,0,421138200,0,318291968,"[""/mnt/main0/home/nclack/tmp/2026-09-07-chucky-microscopy-pr/worktree/build-microscopy-cpu-scaling-20260916/turin-3708156/native-cpu/bench/bench_stream_microscopy"",""--input"",""/mnt/main0/home/nclack/src/chucky/.git/worktrees/worktree/modules/microscopy/annex/objects/74/px/SHA256-s11581440--1eff677d3f7d6785bdc8e65079613d6ba2c801a19f33503517a12b8df54affc7/SHA256-s11581440--1eff677d3f7d6785bdc8e65079613d6ba2c801a19f33503517a12b8df54affc7"",""--width"",""696"",""--height"",""520"",""--dtype"",""u16"",""--frames"",""47469"",""--warmup"",""2.0"",""--duration"",""3.0"",""--backend"",""cpu"",""--chunk-bytes"",""16K"",""--batch-bytes"",""64M"",""--concurrent-shards"",""16"",""--max-threads"",""32"",""--json"",""--codec"",""blosc-lz4"",""--codec-level"",""3"",""--chunk-depth"",""4"",""--max-attempts"",""1"",""--shuffle"",""bit"",""--blosc-block-bytes"",""16384"",""-o"",""/mnt/main0/home/nclack/tmp/2026-09-07-chucky-microscopy-pr/worktree/build-microscopy-unified-corrected-20260916/sink/3710982/chucky_io_0m3g46i5""]","{""duration_s"":3.0,""min_gib"":32.0,""warmup_s"":2.0}",,1c3b0561cd4734fecc81,"{""allocated_cpus"":40,""arrival_bytes_per_s"":null,""backend"":""cpu"",""chunk_depth"":4,""completion_pause_ms"":null,""data_issue"":null,""dataset_version"":1,""dtype"":""u16"",""hostname"":""cpu-turin-gp-l-243-179"",""input_id"":""bbbc022-mito"",""input_sha256"":""1eff677d3f7d6785bdc8e65079613d6ba2c801a19f33503517a12b8df54affc7"",""io_workers"":32,""logical_spatial_shape"":[520,696],""memory_budget_bytes"":0,""minimum_logical_gib"":32.0,""nconnect"":16,""output_buffers"":4,""requested_duration_s"":3.0,""requested_warmup_s"":2.0,""sink"":""fs"",""source_order"":""cyclic"",""storage_type"":""nfs"",""study_id"":""reef-turin-microscopy-pareto-core-3710982"",""timing_policy"":""coverage-qualified-through-final-close-v2"",""worker_threads"":32}",,,,,,,,,,,
reef-turin-microscopy-pareto-core-3710982/execution-0071,/mnt/main0/home/nclack/tmp/2026-09-07-chucky-microscopy-pr/worktree/build-microscopy-unified-corrected-20260916/turin-3710982/core/study.json,#/records/70,reef-turin-microscopy-pareto-core-3710982,retained_study,complete,partially_selected_in_current_report,execution-0071,5477a774266663a4,71,sample,2,2,group-004,2026-09-16T19:35:47.625521+00:00,pass,,1,1,,0.0,true,,true,,true,microscopy,recorded_image_replay,,Chucky,f30f20802ed75093022d06e6a63fd431702f7d87,ee1b50a2eb19732c171ecc71f83109e648f72968,8b6ded22a7c577c1b044026cd9b50eaa7e0c6e7f93fdefbfdb9023590b9d6d6a,reef-turin,cpu-turin-gp-l-243-179,40,,cpu,32,32,32,4,0,fs,/mnt/main0/home/nclack/tmp/2026-09-07-chucky-microscopy-pr/worktree/build-microscopy-unified-corrected-20260916/sink/3710982,nfs,16,/mnt/main0/home/nclack/tmp/2026-09-07-chucky-microscopy-pr/worktree/build-microscopy-unified-corrected-20260916/turin-3710982/core/study.json#/storage,"{""async"":null,""hard"":true,""nconnect"":""16"",""proto"":""tcp"",""rsize"":""1048576"",""soft"":null,""sync"":null,""vers"":""3"",""wsize"":""1048576""}",raw_pack_cyclic_streaming_replay,raw_predecoded_planes,false,false,whole_raw_pack_preloaded_and_zero_padded_before_timing,bbbc022-mito,1,1eff677d3f7d6785bdc8e65079613d6ba2c801a19f33503517a12b8df54affc7,9a1600226d3f39e0c12979cea688dcc56740c3aa,8acabd8ba3f3d090aef4cd78c2c34bd5a35a04e6c5febdbb863fea395b7e7aff,u16,"[47472,520,696]","[47469,520,696]","[4,32,64]",16384,"[4096,4,4]","[16384,128,256]",1073741824,uncompressed_full_geometry,536870912,1073741824,native_layout_policy_in_study_metadata,16,recorded_command,15,,blosc-lz4,3,false,bit,16384,,,16,11581440,12255232,0,47472,2967,0,34362132480,36361273344,36361273344,20408025088,physical_sink_writes,,,,20325424599,19527666,,,1.6837558917058109,1.7817144572886954,5.19779619836519,false,5.500196794869114,3.0870248441711468,coverage-qualified-through-final-close-v2,6.156884007,3.0,32.0,5.983189739,0.173694268,0.02821139196426638,8.436854594387114,2.0,2.091210901,14828830720,8312819712,0.08085584300000001,0.010561149987213612,0.010559719987213612,0.00348343001678586,2.999999892949745e-08,sufficient,220,539,3,765952,67108864,67403776,22,,,337969152,18874368,false,0,421138200,0,319094784,"[""/mnt/main0/home/nclack/tmp/2026-09-07-chucky-microscopy-pr/worktree/build-microscopy-cpu-scaling-20260916/turin-3708156/native-cpu/bench/bench_stream_microscopy"",""--input"",""/mnt/main0/home/nclack/src/chucky/.git/worktrees/worktree/modules/microscopy/annex/objects/74/px/SHA256-s11581440--1eff677d3f7d6785bdc8e65079613d6ba2c801a19f33503517a12b8df54affc7/SHA256-s11581440--1eff677d3f7d6785bdc8e65079613d6ba2c801a19f33503517a12b8df54affc7"",""--width"",""696"",""--height"",""520"",""--dtype"",""u16"",""--frames"",""47469"",""--warmup"",""2.0"",""--duration"",""3.0"",""--backend"",""cpu"",""--chunk-bytes"",""16K"",""--batch-bytes"",""64M"",""--concurrent-shards"",""16"",""--max-threads"",""32"",""--json"",""--codec"",""blosc-lz4"",""--codec-level"",""3"",""--chunk-depth"",""4"",""--max-attempts"",""1"",""--shuffle"",""bit"",""--blosc-block-bytes"",""16384"",""-o"",""/mnt/main0/home/nclack/tmp/2026-09-07-chucky-microscopy-pr/worktree/build-microscopy-unified-corrected-20260916/sink/3710982/chucky_io_f6y80dze""]","{""duration_s"":3.0,""min_gib"":32.0,""warmup_s"":2.0}",,1c3b0561cd4734fecc81,"{""allocated_cpus"":40,""arrival_bytes_per_s"":null,""backend"":""cpu"",""chunk_depth"":4,""completion_pause_ms"":null,""data_issue"":null,""dataset_version"":1,""dtype"":""u16"",""hostname"":""cpu-turin-gp-l-243-179"",""input_id"":""bbbc022-mito"",""input_sha256"":""1eff677d3f7d6785bdc8e65079613d6ba2c801a19f33503517a12b8df54affc7"",""io_workers"":32,""logical_spatial_shape"":[520,696],""memory_budget_bytes"":0,""minimum_logical_gib"":32.0,""nconnect"":16,""output_buffers"":4,""requested_duration_s"":3.0,""requested_warmup_s"":2.0,""sink"":""fs"",""source_order"":""cyclic"",""storage_type"":""nfs"",""study_id"":""reef-turin-microscopy-pareto-core-3710982"",""timing_policy"":""coverage-qualified-through-final-close-v2"",""worker_threads"":32}",,,,,,,,,,,
reef-turin-microscopy-pareto-core-3710982/execution-0111,/mnt/main0/home/nclack/tmp/2026-09-07-chucky-microscopy-pr/worktree/build-microscopy-unified-corrected-20260916/turin-3710982/core/study.json,#/records/110,reef-turin-microscopy-pareto-core-3710982,retained_study,complete,partially_selected_in_current_report,execution-0111,5477a774266663a4,111,sample,3,3,group-004,2026-09-16T19:41:34.332220+00:00,pass,,1,1,,0.0,true,,true,,true,microscopy,recorded_image_replay,,Chucky,f30f20802ed75093022d06e6a63fd431702f7d87,ee1b50a2eb19732c171ecc71f83109e648f72968,8b6ded22a7c577c1b044026cd9b50eaa7e0c6e7f93fdefbfdb9023590b9d6d6a,reef-turin,cpu-turin-gp-l-243-179,40,,cpu,32,32,32,4,0,fs,/mnt/main0/home/nclack/tmp/2026-09-07-chucky-microscopy-pr/worktree/build-microscopy-unified-corrected-20260916/sink/3710982,nfs,16,/mnt/main0/home/nclack/tmp/2026-09-07-chucky-microscopy-pr/worktree/build-microscopy-unified-corrected-20260916/turin-3710982/core/study.json#/storage,"{""async"":null,""hard"":true,""nconnect"":""16"",""proto"":""tcp"",""rsize"":""1048576"",""soft"":null,""sync"":null,""vers"":""3"",""wsize"":""1048576""}",raw_pack_cyclic_streaming_replay,raw_predecoded_planes,false,false,whole_raw_pack_preloaded_and_zero_padded_before_timing,bbbc022-mito,1,1eff677d3f7d6785bdc8e65079613d6ba2c801a19f33503517a12b8df54affc7,9a1600226d3f39e0c12979cea688dcc56740c3aa,8acabd8ba3f3d090aef4cd78c2c34bd5a35a04e6c5febdbb863fea395b7e7aff,u16,"[47472,520,696]","[47469,520,696]","[4,32,64]",16384,"[4096,4,4]","[16384,128,256]",1073741824,uncompressed_full_geometry,536870912,1073741824,native_layout_policy_in_study_metadata,16,recorded_command,15,,blosc-lz4,3,false,bit,16384,,,16,11581440,12255232,8,47472,2967,0,34362132480,36361273344,36361273344,20408029184,physical_sink_writes,,,,20325424599,19525807,,,1.683755553767048,1.7817140996891276,5.924794309195655,false,6.269490560775905,3.518797186299307,coverage-qualified-through-final-close-v2,5.401407608,3.0,32.0,5.2968151610000005,0.104592447,0.01936392410842844,7.649580295197666,2.0,2.042875482,11526045696,6449082368,0.040305312,0.008938823278460503,0.008937163278460503,0.0039023379795253277,2.999999892949745e-08,sufficient,171,539,3,765952,67108864,67403776,22,,,331218944,18874368,false,0,421138200,0,312344576,"[""/mnt/main0/home/nclack/tmp/2026-09-07-chucky-microscopy-pr/worktree/build-microscopy-cpu-scaling-20260916/turin-3708156/native-cpu/bench/bench_stream_microscopy"",""--input"",""/mnt/main0/home/nclack/src/chucky/.git/worktrees/worktree/modules/microscopy/annex/objects/74/px/SHA256-s11581440--1eff677d3f7d6785bdc8e65079613d6ba2c801a19f33503517a12b8df54affc7/SHA256-s11581440--1eff677d3f7d6785bdc8e65079613d6ba2c801a19f33503517a12b8df54affc7"",""--width"",""696"",""--height"",""520"",""--dtype"",""u16"",""--frames"",""47469"",""--warmup"",""2.0"",""--duration"",""3.0"",""--backend"",""cpu"",""--chunk-bytes"",""16K"",""--batch-bytes"",""64M"",""--concurrent-shards"",""16"",""--max-threads"",""32"",""--json"",""--codec"",""blosc-lz4"",""--codec-level"",""3"",""--chunk-depth"",""4"",""--max-attempts"",""1"",""--shuffle"",""bit"",""--blosc-block-bytes"",""16384"",""-o"",""/mnt/main0/home/nclack/tmp/2026-09-07-chucky-microscopy-pr/worktree/build-microscopy-unified-corrected-20260916/sink/3710982/chucky_io_0l77x4aw""]","{""duration_s"":3.0,""min_gib"":32.0,""warmup_s"":2.0}",,1c3b0561cd4734fecc81,"{""allocated_cpus"":40,""arrival_bytes_per_s"":null,""backend"":""cpu"",""chunk_depth"":4,""completion_pause_ms"":null,""data_issue"":null,""dataset_version"":1,""dtype"":""u16"",""hostname"":""cpu-turin-gp-l-243-179"",""input_id"":""bbbc022-mito"",""input_sha256"":""1eff677d3f7d6785bdc8e65079613d6ba2c801a19f33503517a12b8df54affc7"",""io_workers"":32,""logical_spatial_shape"":[520,696],""memory_budget_bytes"":0,""minimum_logical_gib"":32.0,""nconnect"":16,""output_buffers"":4,""requested_duration_s"":3.0,""requested_warmup_s"":2.0,""sink"":""fs"",""source_order"":""cyclic"",""storage_type"":""nfs"",""study_id"":""reef-turin-microscopy-pareto-core-3710982"",""timing_policy"":""coverage-qualified-through-final-close-v2"",""worker_threads"":32}",,,,,,,,,,,
reef-turin-microscopy-pareto-core-3710982/execution-0016,/mnt/main0/home/nclack/tmp/2026-09-07-chucky-microscopy-pr/worktree/build-microscopy-unified-corrected-20260916/turin-3710982/core/study.json,#/records/15,reef-turin-microscopy-pareto-core-3710982,retained_study,complete,partially_selected_in_current_report,execution-0016,7bfca38211ecf304,16,sample,1,1,group-004,2026-09-16T19:27:59.183415+00:00,pass,,1,1,,0.0,true,,true,,true,microscopy,recorded_image_replay,,Chucky,f30f20802ed75093022d06e6a63fd431702f7d87,ee1b50a2eb19732c171ecc71f83109e648f72968,8b6ded22a7c577c1b044026cd9b50eaa7e0c6e7f93fdefbfdb9023590b9d6d6a,reef-turin,cpu-turin-gp-l-243-179,40,,cpu,32,32,32,4,0,fs,/mnt/main0/home/nclack/tmp/2026-09-07-chucky-microscopy-pr/worktree/build-microscopy-unified-corrected-20260916/sink/3710982,nfs,16,/mnt/main0/home/nclack/tmp/2026-09-07-chucky-microscopy-pr/worktree/build-microscopy-unified-corrected-20260916/turin-3710982/core/study.json#/storage,"{""async"":null,""hard"":true,""nconnect"":""16"",""proto"":""tcp"",""rsize"":""1048576"",""soft"":null,""sync"":null,""vers"":""3"",""wsize"":""1048576""}",raw_pack_cyclic_streaming_replay,raw_predecoded_planes,false,false,whole_raw_pack_preloaded_and_zero_padded_before_timing,bbbc022-mito,1,1eff677d3f7d6785bdc8e65079613d6ba2c801a19f33503517a12b8df54affc7,9a1600226d3f39e0c12979cea688dcc56740c3aa,8acabd8ba3f3d090aef4cd78c2c34bd5a35a04e6c5febdbb863fea395b7e7aff,u16,"[47470,520,696]","[47469,520,696]","[4,64,128]",65536,"[4096,2,2]","[16384,128,256]",1073741824,uncompressed_full_geometry,536870912,1073741824,native_layout_policy_in_study_metadata,16,recorded_command,15,,zstd,3,false,none,,,,16,11581440,14155776,12,47470,2966,14,34360684800,41998417920,42000187392,21584543744,physical_sink_writes,,,,21546632272,22016134,,,1.591911564475458,1.9458455036222424,3.8067755192194728,false,4.6529500921194735,2.391323525407731,coverage-qualified-through-final-close-v2,8.406295856000002,3.0,32.0,8.335532865000001,0.07076299100000001,0.008417856355780394,10.655477135442197,2.0,2.024790271,9749790720,5006917632,0.017326105,0.010701148711695672,0.010699508711695671,0.0015174889704212546,2.999999892949745e-08,sufficient,145,624,3,884736,67108864,67239936,19,,,272105472,18874368,false,0,409232620,0,253231104,"[""/mnt/main0/home/nclack/tmp/2026-09-07-chucky-microscopy-pr/worktree/build-microscopy-cpu-scaling-20260916/turin-3708156/native-cpu/bench/bench_stream_microscopy"",""--input"",""/mnt/main0/home/nclack/src/chucky/.git/worktrees/worktree/modules/microscopy/annex/objects/74/px/SHA256-s11581440--1eff677d3f7d6785bdc8e65079613d6ba2c801a19f33503517a12b8df54affc7/SHA256-s11581440--1eff677d3f7d6785bdc8e65079613d6ba2c801a19f33503517a12b8df54affc7"",""--width"",""696"",""--height"",""520"",""--dtype"",""u16"",""--frames"",""47469"",""--warmup"",""2.0"",""--duration"",""3.0"",""--backend"",""cpu"",""--chunk-bytes"",""64K"",""--batch-bytes"",""64M"",""--concurrent-shards"",""16"",""--max-threads"",""32"",""--json"",""--codec"",""zstd"",""--codec-level"",""3"",""--chunk-depth"",""4"",""--max-attempts"",""1"",""-o"",""/mnt/main0/home/nclack/tmp/2026-09-07-chucky-microscopy-pr/worktree/build-microscopy-unified-corrected-20260916/sink/3710982/chucky_io_17qdcfjn""]","{""duration_s"":3.0,""min_gib"":32.0,""warmup_s"":2.0}",,1c3b0561cd4734fecc81,"{""allocated_cpus"":40,""arrival_bytes_per_s"":null,""backend"":""cpu"",""chunk_depth"":4,""completion_pause_ms"":null,""data_issue"":null,""dataset_version"":1,""dtype"":""u16"",""hostname"":""cpu-turin-gp-l-243-179"",""input_id"":""bbbc022-mito"",""input_sha256"":""1eff677d3f7d6785bdc8e65079613d6ba2c801a19f33503517a12b8df54affc7"",""io_workers"":32,""logical_spatial_shape"":[520,696],""memory_budget_bytes"":0,""minimum_logical_gib"":32.0,""nconnect"":16,""output_buffers"":4,""requested_duration_s"":3.0,""requested_warmup_s"":2.0,""sink"":""fs"",""source_order"":""cyclic"",""storage_type"":""nfs"",""study_id"":""reef-turin-microscopy-pareto-core-3710982"",""timing_policy"":""coverage-qualified-through-final-close-v2"",""worker_threads"":32}",,,,,,,,,,,
reef-turin-microscopy-pareto-core-3710982/execution-0103,/mnt/main0/home/nclack/tmp/2026-09-07-chucky-microscopy-pr/worktree/build-microscopy-unified-corrected-20260916/turin-3710982/core/study.json,#/records/102,reef-turin-microscopy-pareto-core-3710982,retained_study,complete,partially_selected_in_current_report,execution-0103,7bfca38211ecf304,103,sample,2,2,group-004,2026-09-16T19:40:16.658883+00:00,pass,,1,1,,0.0,true,,true,,true,microscopy,recorded_image_replay,,Chucky,f30f20802ed75093022d06e6a63fd431702f7d87,ee1b50a2eb19732c171ecc71f83109e648f72968,8b6ded22a7c577c1b044026cd9b50eaa7e0c6e7f93fdefbfdb9023590b9d6d6a,reef-turin,cpu-turin-gp-l-243-179,40,,cpu,32,32,32,4,0,fs,/mnt/main0/home/nclack/tmp/2026-09-07-chucky-microscopy-pr/worktree/build-microscopy-unified-corrected-20260916/sink/3710982,nfs,16,/mnt/main0/home/nclack/tmp/2026-09-07-chucky-microscopy-pr/worktree/build-microscopy-unified-corrected-20260916/turin-3710982/core/study.json#/storage,"{""async"":null,""hard"":true,""nconnect"":""16"",""proto"":""tcp"",""rsize"":""1048576"",""soft"":null,""sync"":null,""vers"":""3"",""wsize"":""1048576""}",raw_pack_cyclic_streaming_replay,raw_predecoded_planes,false,false,whole_raw_pack_preloaded_and_zero_padded_before_timing,bbbc022-mito,1,1eff677d3f7d6785bdc8e65079613d6ba2c801a19f33503517a12b8df54affc7,9a1600226d3f39e0c12979cea688dcc56740c3aa,8acabd8ba3f3d090aef4cd78c2c34bd5a35a04e6c5febdbb863fea395b7e7aff,u16,"[47470,520,696]","[47469,520,696]","[4,64,128]",65536,"[4096,2,2]","[16384,128,256]",1073741824,uncompressed_full_geometry,536870912,1073741824,native_layout_policy_in_study_metadata,16,recorded_command,15,,zstd,3,false,none,,,,16,11581440,14155776,8,47470,2966,14,34360684800,41998417920,42000187392,21584605184,physical_sink_writes,,,,21546687019,22022827,,,1.591907033141867,1.9458399648251818,3.53206081339829,false,4.3171716023418405,2.2187608286965985,coverage-qualified-through-final-close-v2,9.06011621,3.0,32.0,8.978180472,0.08193573800000001,0.009043563691773001,11.353334316052496,2.0,2.03505672,9279111168,4765171712,0.032205345,0.010923010181000233,0.010921520181000233,0.0014089139876887202,2.999999892949745e-08,sufficient,138,624,3,884736,67108864,67239936,19,,,272105472,18874368,false,0,409232620,0,253231104,"[""/mnt/main0/home/nclack/tmp/2026-09-07-chucky-microscopy-pr/worktree/build-microscopy-cpu-scaling-20260916/turin-3708156/native-cpu/bench/bench_stream_microscopy"",""--input"",""/mnt/main0/home/nclack/src/chucky/.git/worktrees/worktree/modules/microscopy/annex/objects/74/px/SHA256-s11581440--1eff677d3f7d6785bdc8e65079613d6ba2c801a19f33503517a12b8df54affc7/SHA256-s11581440--1eff677d3f7d6785bdc8e65079613d6ba2c801a19f33503517a12b8df54affc7"",""--width"",""696"",""--height"",""520"",""--dtype"",""u16"",""--frames"",""47469"",""--warmup"",""2.0"",""--duration"",""3.0"",""--backend"",""cpu"",""--chunk-bytes"",""64K"",""--batch-bytes"",""64M"",""--concurrent-shards"",""16"",""--max-threads"",""32"",""--json"",""--codec"",""zstd"",""--codec-level"",""3"",""--chunk-depth"",""4"",""--max-attempts"",""1"",""-o"",""/mnt/main0/home/nclack/tmp/2026-09-07-chucky-microscopy-pr/worktree/build-microscopy-unified-corrected-20260916/sink/3710982/chucky_io_v33e5bq0""]","{""duration_s"":3.0,""min_gib"":32.0,""warmup_s"":2.0}",,1c3b0561cd4734fecc81,"{""allocated_cpus"":40,""arrival_bytes_per_s"":null,""backend"":""cpu"",""chunk_depth"":4,""completion_pause_ms"":null,""data_issue"":null,""dataset_version"":1,""dtype"":""u16"",""hostname"":""cpu-turin-gp-l-243-179"",""input_id"":""bbbc022-mito"",""input_sha256"":""1eff677d3f7d6785bdc8e65079613d6ba2c801a19f33503517a12b8df54affc7"",""io_workers"":32,""logical_spatial_shape"":[520,696],""memory_budget_bytes"":0,""minimum_logical_gib"":32.0,""nconnect"":16,""output_buffers"":4,""requested_duration_s"":3.0,""requested_warmup_s"":2.0,""sink"":""fs"",""source_order"":""cyclic"",""storage_type"":""nfs"",""study_id"":""reef-turin-microscopy-pareto-core-3710982"",""timing_policy"":""coverage-qualified-through-final-close-v2"",""worker_threads"":32}",,,,,,,,,,,
reef-turin-microscopy-pareto-core-3710982/execution-0107,/mnt/main0/home/nclack/tmp/2026-09-07-chucky-microscopy-pr/worktree/build-microscopy-unified-corrected-20260916/turin-3710982/core/study.json,#/records/106,reef-turin-microscopy-pareto-core-3710982,retained_study,complete,partially_selected_in_current_report,execution-0107,7bfca38211ecf304,107,sample,3,3,group-004,2026-09-16T19:40:55.281462+00:00,pass,,1,1,,0.0,true,,true,,true,microscopy,recorded_image_replay,,Chucky,f30f20802ed75093022d06e6a63fd431702f7d87,ee1b50a2eb19732c171ecc71f83109e648f72968,8b6ded22a7c577c1b044026cd9b50eaa7e0c6e7f93fdefbfdb9023590b9d6d6a,reef-turin,cpu-turin-gp-l-243-179,40,,cpu,32,32,32,4,0,fs,/mnt/main0/home/nclack/tmp/2026-09-07-chucky-microscopy-pr/worktree/build-microscopy-unified-corrected-20260916/sink/3710982,nfs,16,/mnt/main0/home/nclack/tmp/2026-09-07-chucky-microscopy-pr/worktree/build-microscopy-unified-corrected-20260916/turin-3710982/core/study.json#/storage,"{""async"":null,""hard"":true,""nconnect"":""16"",""proto"":""tcp"",""rsize"":""1048576"",""soft"":null,""sync"":null,""vers"":""3"",""wsize"":""1048576""}",raw_pack_cyclic_streaming_replay,raw_predecoded_planes,false,false,whole_raw_pack_preloaded_and_zero_padded_before_timing,bbbc022-mito,1,1eff677d3f7d6785bdc8e65079613d6ba2c801a19f33503517a12b8df54affc7,9a1600226d3f39e0c12979cea688dcc56740c3aa,8acabd8ba3f3d090aef4cd78c2c34bd5a35a04e6c5febdbb863fea395b7e7aff,u16,"[47470,520,696]","[47469,520,696]","[4,64,128]",65536,"[4096,2,2]","[16384,128,256]",1073741824,uncompressed_full_geometry,536870912,1073741824,native_layout_policy_in_study_metadata,16,recorded_command,15,,zstd,3,false,none,,,,16,11581440,14155776,4,47470,2966,14,34360684800,41998417920,42000187392,21584588800,physical_sink_writes,,,,21546671446,22022016,,,1.5919082414949688,1.9458414418346484,3.7212025925841257,false,4.548355823700598,2.337573533309483,coverage-qualified-through-final-close-v2,8.599607912000002,3.0,32.0,8.51778471,0.08182320200000001,0.00951475960733313,10.837872222997248,2.0,2.032077359,9077391360,4661587968,0.022694683,0.0054864101224410535,0.005484830122441053,0.0013313960516825318,2.999999892949745e-08,sufficient,135,624,3,884736,67108864,67239936,19,,,273678336,20447232,false,0,409232620,0,253231104,"[""/mnt/main0/home/nclack/tmp/2026-09-07-chucky-microscopy-pr/worktree/build-microscopy-cpu-scaling-20260916/turin-3708156/native-cpu/bench/bench_stream_microscopy"",""--input"",""/mnt/main0/home/nclack/src/chucky/.git/worktrees/worktree/modules/microscopy/annex/objects/74/px/SHA256-s11581440--1eff677d3f7d6785bdc8e65079613d6ba2c801a19f33503517a12b8df54affc7/SHA256-s11581440--1eff677d3f7d6785bdc8e65079613d6ba2c801a19f33503517a12b8df54affc7"",""--width"",""696"",""--height"",""520"",""--dtype"",""u16"",""--frames"",""47469"",""--warmup"",""2.0"",""--duration"",""3.0"",""--backend"",""cpu"",""--chunk-bytes"",""64K"",""--batch-bytes"",""64M"",""--concurrent-shards"",""16"",""--max-threads"",""32"",""--json"",""--codec"",""zstd"",""--codec-level"",""3"",""--chunk-depth"",""4"",""--max-attempts"",""1"",""-o"",""/mnt/main0/home/nclack/tmp/2026-09-07-chucky-microscopy-pr/worktree/build-microscopy-unified-corrected-20260916/sink/3710982/chucky_io_3g5vkss5""]","{""duration_s"":3.0,""min_gib"":32.0,""warmup_s"":2.0}",,1c3b0561cd4734fecc81,"{""allocated_cpus"":40,""arrival_bytes_per_s"":null,""backend"":""cpu"",""chunk_depth"":4,""completion_pause_ms"":null,""data_issue"":null,""dataset_version"":1,""dtype"":""u16"",""hostname"":""cpu-turin-gp-l-243-179"",""input_id"":""bbbc022-mito"",""input_sha256"":""1eff677d3f7d6785bdc8e65079613d6ba2c801a19f33503517a12b8df54affc7"",""io_workers"":32,""logical_spatial_shape"":[520,696],""memory_budget_bytes"":0,""minimum_logical_gib"":32.0,""nconnect"":16,""output_buffers"":4,""requested_duration_s"":3.0,""requested_warmup_s"":2.0,""sink"":""fs"",""source_order"":""cyclic"",""storage_type"":""nfs"",""study_id"":""reef-turin-microscopy-pareto-core-3710982"",""timing_policy"":""coverage-qualified-through-final-close-v2"",""worker_threads"":32}",,,,,,,,,,,
reef-turin-microscopy-pareto-core-3710982/execution-0005,/mnt/main0/home/nclack/tmp/2026-09-07-chucky-microscopy-pr/worktree/build-microscopy-unified-corrected-20260916/turin-3710982/core/study.json,#/records/4,reef-turin-microscopy-pareto-core-3710982,retained_study,complete,partially_selected_in_current_report,execution-0005,8533403b20b68a26,5,sample,1,1,group-004,2026-09-16T19:26:35.339221+00:00,pass,,1,1,,0.0,true,,true,,true,microscopy,recorded_image_replay,,Chucky,f30f20802ed75093022d06e6a63fd431702f7d87,ee1b50a2eb19732c171ecc71f83109e648f72968,8b6ded22a7c577c1b044026cd9b50eaa7e0c6e7f93fdefbfdb9023590b9d6d6a,reef-turin,cpu-turin-gp-l-243-179,40,,cpu,32,32,32,4,0,fs,/mnt/main0/home/nclack/tmp/2026-09-07-chucky-microscopy-pr/worktree/build-microscopy-unified-corrected-20260916/sink/3710982,nfs,16,/mnt/main0/home/nclack/tmp/2026-09-07-chucky-microscopy-pr/worktree/build-microscopy-unified-corrected-20260916/turin-3710982/core/study.json#/storage,"{""async"":null,""hard"":true,""nconnect"":""16"",""proto"":""tcp"",""rsize"":""1048576"",""soft"":null,""sync"":null,""vers"":""3"",""wsize"":""1048576""}",raw_pack_cyclic_streaming_replay,raw_predecoded_planes,false,false,whole_raw_pack_preloaded_and_zero_padded_before_timing,bbbc022-mito,1,1eff677d3f7d6785bdc8e65079613d6ba2c801a19f33503517a12b8df54affc7,9a1600226d3f39e0c12979cea688dcc56740c3aa,8acabd8ba3f3d090aef4cd78c2c34bd5a35a04e6c5febdbb863fea395b7e7aff,u16,"[47470,520,696]","[47469,520,696]","[4,128,256]",262144,"[4096,1,1]","[16384,128,256]",1073741824,uncompressed_full_geometry,536870912,1073741824,native_layout_policy_in_study_metadata,16,recorded_command,15,,blosc-lz4,3,false,bit,65536,,,16,11581440,15728640,8,47470,2966,14,34360684800,46664908800,46666874880,21201330176,physical_sink_writes,,,,21178572704,18650836,,,1.6206853303429258,2.2011295750125672,5.069292069516233,false,6.884556045072486,3.1278695186640655,coverage-qualified-through-final-close-v2,6.312691946,3.0,32.0,6.254633784,0.058058162,0.009197052936630024,8.526401094160974,2.0,2.052372188,13660323840,6204850176,0.043020419000000004,0.006287178873482942,0.006285518873482943,0.00085984799079597,2.999999892949745e-08,sufficient,193,659,3,983040,67108864,70778880,18,,,294125568,20447232,false,0,426002696,0,273678336,"[""/mnt/main0/home/nclack/tmp/2026-09-07-chucky-microscopy-pr/worktree/build-microscopy-cpu-scaling-20260916/turin-3708156/native-cpu/bench/bench_stream_microscopy"",""--input"",""/mnt/main0/home/nclack/src/chucky/.git/worktrees/worktree/modules/microscopy/annex/objects/74/px/SHA256-s11581440--1eff677d3f7d6785bdc8e65079613d6ba2c801a19f33503517a12b8df54affc7/SHA256-s11581440--1eff677d3f7d6785bdc8e65079613d6ba2c801a19f33503517a12b8df54affc7"",""--width"",""696"",""--height"",""520"",""--dtype"",""u16"",""--frames"",""47469"",""--warmup"",""2.0"",""--duration"",""3.0"",""--backend"",""cpu"",""--chunk-bytes"",""256K"",""--batch-bytes"",""64M"",""--concurrent-shards"",""16"",""--max-threads"",""32"",""--json"",""--codec"",""blosc-lz4"",""--codec-level"",""3"",""--chunk-depth"",""4"",""--max-attempts"",""1"",""--shuffle"",""bit"",""--blosc-block-bytes"",""65536"",""-o"",""/mnt/main0/home/nclack/tmp/2026-09-07-chucky-microscopy-pr/worktree/build-microscopy-unified-corrected-20260916/sink/3710982/chucky_io_ln4zbmo6""]","{""duration_s"":3.0,""min_gib"":32.0,""warmup_s"":2.0}",,1c3b0561cd4734fecc81,"{""allocated_cpus"":40,""arrival_bytes_per_s"":null,""backend"":""cpu"",""chunk_depth"":4,""completion_pause_ms"":null,""data_issue"":null,""dataset_version"":1,""dtype"":""u16"",""hostname"":""cpu-turin-gp-l-243-179"",""input_id"":""bbbc022-mito"",""input_sha256"":""1eff677d3f7d6785bdc8e65079613d6ba2c801a19f33503517a12b8df54affc7"",""io_workers"":32,""logical_spatial_shape"":[520,696],""memory_budget_bytes"":0,""minimum_logical_gib"":32.0,""nconnect"":16,""output_buffers"":4,""requested_duration_s"":3.0,""requested_warmup_s"":2.0,""sink"":""fs"",""source_order"":""cyclic"",""storage_type"":""nfs"",""study_id"":""reef-turin-microscopy-pareto-core-3710982"",""timing_policy"":""coverage-qualified-through-final-close-v2"",""worker_threads"":32}",,,,,,,,,,,
reef-turin-microscopy-pareto-core-3710982/execution-0057,/mnt/main0/home/nclack/tmp/2026-09-07-chucky-microscopy-pr/worktree/build-microscopy-unified-corrected-20260916/turin-3710982/core/study.json,#/records/56,reef-turin-microscopy-pareto-core-3710982,retained_study,complete,partially_selected_in_current_report,execution-0057,8533403b20b68a26,57,sample,2,2,group-004,2026-09-16T19:33:54.920143+00:00,pass,,1,1,,0.0,true,,true,,true,microscopy,recorded_image_replay,,Chucky,f30f20802ed75093022d06e6a63fd431702f7d87,ee1b50a2eb19732c171ecc71f83109e648f72968,8b6ded22a7c577c1b044026cd9b50eaa7e0c6e7f93fdefbfdb9023590b9d6d6a,reef-turin,cpu-turin-gp-l-243-179,40,,cpu,32,32,32,4,0,fs,/mnt/main0/home/nclack/tmp/2026-09-07-chucky-microscopy-pr/worktree/build-microscopy-unified-corrected-20260916/sink/3710982,nfs,16,/mnt/main0/home/nclack/tmp/2026-09-07-chucky-microscopy-pr/worktree/build-microscopy-unified-corrected-20260916/turin-3710982/core/study.json#/storage,"{""async"":null,""hard"":true,""nconnect"":""16"",""proto"":""tcp"",""rsize"":""1048576"",""soft"":null,""sync"":null,""vers"":""3"",""wsize"":""1048576""}",raw_pack_cyclic_streaming_replay,raw_predecoded_planes,false,false,whole_raw_pack_preloaded_and_zero_padded_before_timing,bbbc022-mito,1,1eff677d3f7d6785bdc8e65079613d6ba2c801a19f33503517a12b8df54affc7,9a1600226d3f39e0c12979cea688dcc56740c3aa,8acabd8ba3f3d090aef4cd78c2c34bd5a35a04e6c5febdbb863fea395b7e7aff,u16,"[47470,520,696]","[47469,520,696]","[4,128,256]",262144,"[4096,1,1]","[16384,128,256]",1073741824,uncompressed_full_geometry,536870912,1073741824,native_layout_policy_in_study_metadata,16,recorded_command,15,,blosc-lz4,3,false,bit,65536,,,16,11581440,15728640,0,47470,2966,14,34360684800,46664908800,46666874880,21200404480,physical_sink_writes,,,,21178651600,18660590,,,1.6207560960648237,2.201225685294095,5.1961122499143535,false,7.0567893212854385,3.205980506307043,coverage-qualified-through-final-close-v2,6.158619733,3.0,32.0,6.06745872,0.091161013,0.01480218246168504,8.531419333070517,2.0,2.10787624,16420700160,7459696640,0.031487233,0.006773549876946211,0.006771999876946211,0.000763971998821944,2.999999892949745e-08,sufficient,232,659,2,983040,67108864,70778880,18,,,295698432,17301504,false,0,426002696,0,278396928,"[""/mnt/main0/home/nclack/tmp/2026-09-07-chucky-microscopy-pr/worktree/build-microscopy-cpu-scaling-20260916/turin-3708156/native-cpu/bench/bench_stream_microscopy"",""--input"",""/mnt/main0/home/nclack/src/chucky/.git/worktrees/worktree/modules/microscopy/annex/objects/74/px/SHA256-s11581440--1eff677d3f7d6785bdc8e65079613d6ba2c801a19f33503517a12b8df54affc7/SHA256-s11581440--1eff677d3f7d6785bdc8e65079613d6ba2c801a19f33503517a12b8df54affc7"",""--width"",""696"",""--height"",""520"",""--dtype"",""u16"",""--frames"",""47469"",""--warmup"",""2.0"",""--duration"",""3.0"",""--backend"",""cpu"",""--chunk-bytes"",""256K"",""--batch-bytes"",""64M"",""--concurrent-shards"",""16"",""--max-threads"",""32"",""--json"",""--codec"",""blosc-lz4"",""--codec-level"",""3"",""--chunk-depth"",""4"",""--max-attempts"",""1"",""--shuffle"",""bit"",""--blosc-block-bytes"",""65536"",""-o"",""/mnt/main0/home/nclack/tmp/2026-09-07-chucky-microscopy-pr/worktree/build-microscopy-unified-corrected-20260916/sink/3710982/chucky_io_c_mtykpc""]","{""duration_s"":3.0,""min_gib"":32.0,""warmup_s"":2.0}",,1c3b0561cd4734fecc81,"{""allocated_cpus"":40,""arrival_bytes_per_s"":null,""backend"":""cpu"",""chunk_depth"":4,""completion_pause_ms"":null,""data_issue"":null,""dataset_version"":1,""dtype"":""u16"",""hostname"":""cpu-turin-gp-l-243-179"",""input_id"":""bbbc022-mito"",""input_sha256"":""1eff677d3f7d6785bdc8e65079613d6ba2c801a19f33503517a12b8df54affc7"",""io_workers"":32,""logical_spatial_shape"":[520,696],""memory_budget_bytes"":0,""minimum_logical_gib"":32.0,""nconnect"":16,""output_buffers"":4,""requested_duration_s"":3.0,""requested_warmup_s"":2.0,""sink"":""fs"",""source_order"":""cyclic"",""storage_type"":""nfs"",""study_id"":""reef-turin-microscopy-pareto-core-3710982"",""timing_policy"":""coverage-qualified-through-final-close-v2"",""worker_threads"":32}",,,,,,,,,,,
reef-turin-microscopy-pareto-core-3710982/execution-0132,/mnt/main0/home/nclack/tmp/2026-09-07-chucky-microscopy-pr/worktree/build-microscopy-unified-corrected-20260916/turin-3710982/core/study.json,#/records/131,reef-turin-microscopy-pareto-core-3710982,retained_study,complete,partially_selected_in_current_report,execution-0132,8533403b20b68a26,132,sample,3,3,group-004,2026-09-16T19:44:19.659057+00:00,pass,,1,1,,0.0,true,,true,,true,microscopy,recorded_image_replay,,Chucky,f30f20802ed75093022d06e6a63fd431702f7d87,ee1b50a2eb19732c171ecc71f83109e648f72968,8b6ded22a7c577c1b044026cd9b50eaa7e0c6e7f93fdefbfdb9023590b9d6d6a,reef-turin,cpu-turin-gp-l-243-179,40,,cpu,32,32,32,4,0,fs,/mnt/main0/home/nclack/tmp/2026-09-07-chucky-microscopy-pr/worktree/build-microscopy-unified-corrected-20260916/sink/3710982,nfs,16,/mnt/main0/home/nclack/tmp/2026-09-07-chucky-microscopy-pr/worktree/build-microscopy-unified-corrected-20260916/turin-3710982/core/study.json#/storage,"{""async"":null,""hard"":true,""nconnect"":""16"",""proto"":""tcp"",""rsize"":""1048576"",""soft"":null,""sync"":null,""vers"":""3"",""wsize"":""1048576""}",raw_pack_cyclic_streaming_replay,raw_predecoded_planes,false,false,whole_raw_pack_preloaded_and_zero_padded_before_timing,bbbc022-mito,1,1eff677d3f7d6785bdc8e65079613d6ba2c801a19f33503517a12b8df54affc7,9a1600226d3f39e0c12979cea688dcc56740c3aa,8acabd8ba3f3d090aef4cd78c2c34bd5a35a04e6c5febdbb863fea395b7e7aff,u16,"[47470,520,696]","[47469,520,696]","[4,128,256]",262144,"[4096,1,1]","[16384,128,256]",1073741824,uncompressed_full_geometry,536870912,1073741824,native_layout_policy_in_study_metadata,16,recorded_command,15,,blosc-lz4,3,false,bit,65536,,,16,11581440,15728640,8,47470,2966,14,34360684800,46664908800,46666874880,21201338368,physical_sink_writes,,,,21178572704,18656294,,,1.6206847041251844,2.2011287245165674,5.903275560762967,false,8.017180275194738,3.6424576012813077,coverage-qualified-through-final-close-v2,5.420868824,3.0,32.0,5.351257881,0.06961094300000001,0.01284128896309187,7.664743462577462,2.0,2.046376618,18473287680,8392028160,0.044115557,0.0741024459254074,0.07410101592540741,0.0007889060070738196,1.999999987845058e-08,sufficient,261,659,3,983040,67108864,70778880,18,,,297271296,20447232,false,0,426002696,0,276824064,"[""/mnt/main0/home/nclack/tmp/2026-09-07-chucky-microscopy-pr/worktree/build-microscopy-cpu-scaling-20260916/turin-3708156/native-cpu/bench/bench_stream_microscopy"",""--input"",""/mnt/main0/home/nclack/src/chucky/.git/worktrees/worktree/modules/microscopy/annex/objects/74/px/SHA256-s11581440--1eff677d3f7d6785bdc8e65079613d6ba2c801a19f33503517a12b8df54affc7/SHA256-s11581440--1eff677d3f7d6785bdc8e65079613d6ba2c801a19f33503517a12b8df54affc7"",""--width"",""696"",""--height"",""520"",""--dtype"",""u16"",""--frames"",""47469"",""--warmup"",""2.0"",""--duration"",""3.0"",""--backend"",""cpu"",""--chunk-bytes"",""256K"",""--batch-bytes"",""64M"",""--concurrent-shards"",""16"",""--max-threads"",""32"",""--json"",""--codec"",""blosc-lz4"",""--codec-level"",""3"",""--chunk-depth"",""4"",""--max-attempts"",""1"",""--shuffle"",""bit"",""--blosc-block-bytes"",""65536"",""-o"",""/mnt/main0/home/nclack/tmp/2026-09-07-chucky-microscopy-pr/worktree/build-microscopy-unified-corrected-20260916/sink/3710982/chucky_io_zyfwkyka""]","{""duration_s"":3.0,""min_gib"":32.0,""warmup_s"":2.0}",,1c3b0561cd4734fecc81,"{""allocated_cpus"":40,""arrival_bytes_per_s"":null,""backend"":""cpu"",""chunk_depth"":4,""completion_pause_ms"":null,""data_issue"":null,""dataset_version"":1,""dtype"":""u16"",""hostname"":""cpu-turin-gp-l-243-179"",""input_id"":""bbbc022-mito"",""input_sha256"":""1eff677d3f7d6785bdc8e65079613d6ba2c801a19f33503517a12b8df54affc7"",""io_workers"":32,""logical_spatial_shape"":[520,696],""memory_budget_bytes"":0,""minimum_logical_gib"":32.0,""nconnect"":16,""output_buffers"":4,""requested_duration_s"":3.0,""requested_warmup_s"":2.0,""sink"":""fs"",""source_order"":""cyclic"",""storage_type"":""nfs"",""study_id"":""reef-turin-microscopy-pareto-core-3710982"",""timing_policy"":""coverage-qualified-through-final-close-v2"",""worker_threads"":32}",,,,,,,,,,,
reef-turin-microscopy-pareto-core-3710982/execution-0018,/mnt/main0/home/nclack/tmp/2026-09-07-chucky-microscopy-pr/worktree/build-microscopy-unified-corrected-20260916/turin-3710982/core/study.json,#/records/17,reef-turin-microscopy-pareto-core-3710982,retained_study,complete,partially_selected_in_current_report,execution-0018,8d73b93a95337f24,18,sample,1,1,group-004,2026-09-16T19:28:15.680784+00:00,pass,,1,1,,0.0,true,,true,,true,microscopy,recorded_image_replay,,Chucky,f30f20802ed75093022d06e6a63fd431702f7d87,ee1b50a2eb19732c171ecc71f83109e648f72968,8b6ded22a7c577c1b044026cd9b50eaa7e0c6e7f93fdefbfdb9023590b9d6d6a,reef-turin,cpu-turin-gp-l-243-179,40,,cpu,32,32,32,4,0,fs,/mnt/main0/home/nclack/tmp/2026-09-07-chucky-microscopy-pr/worktree/build-microscopy-unified-corrected-20260916/sink/3710982,nfs,16,/mnt/main0/home/nclack/tmp/2026-09-07-chucky-microscopy-pr/worktree/build-microscopy-unified-corrected-20260916/turin-3710982/core/study.json#/storage,"{""async"":null,""hard"":true,""nconnect"":""16"",""proto"":""tcp"",""rsize"":""1048576"",""soft"":null,""sync"":null,""vers"":""3"",""wsize"":""1048576""}",raw_pack_cyclic_streaming_replay,raw_predecoded_planes,false,false,whole_raw_pack_preloaded_and_zero_padded_before_timing,bbbc022-mito,1,1eff677d3f7d6785bdc8e65079613d6ba2c801a19f33503517a12b8df54affc7,9a1600226d3f39e0c12979cea688dcc56740c3aa,8acabd8ba3f3d090aef4cd78c2c34bd5a35a04e6c5febdbb863fea395b7e7aff,u16,"[47470,520,696]","[47469,520,696]","[4,64,128]",65536,"[4096,2,2]","[16384,128,256]",1073741824,uncompressed_full_geometry,536870912,1073741824,native_layout_policy_in_study_metadata,16,recorded_command,15,,none,0,false,none,,,,16,11581440,14155776,0,47470,2966,14,34360684800,41998417920,42000187392,42016161792,physical_sink_writes,,,,42000187392,0,,,0.8177968508904203,0.9996198034442298,2.409984405392414,false,2.9456786431317354,2.946923160125124,coverage-qualified-through-final-close-v2,13.278459588,3.0,32.0,13.1140377,0.16442188800000002,0.01238260258355504,15.583748186938465,2.0,2.0887460470000003,6723993600,6723993600,0.08029314600000001,0.00843331117708683,0.00843186117708683,0.001323621952906251,2.999999892949745e-08,sufficient,100,624,3,884736,67108864,67239936,19,,,412090368,20447232,false,0,407741100,0,391643136,"[""/mnt/main0/home/nclack/tmp/2026-09-07-chucky-microscopy-pr/worktree/build-microscopy-cpu-scaling-20260916/turin-3708156/native-cpu/bench/bench_stream_microscopy"",""--input"",""/mnt/main0/home/nclack/src/chucky/.git/worktrees/worktree/modules/microscopy/annex/objects/74/px/SHA256-s11581440--1eff677d3f7d6785bdc8e65079613d6ba2c801a19f33503517a12b8df54affc7/SHA256-s11581440--1eff677d3f7d6785bdc8e65079613d6ba2c801a19f33503517a12b8df54affc7"",""--width"",""696"",""--height"",""520"",""--dtype"",""u16"",""--frames"",""47469"",""--warmup"",""2.0"",""--duration"",""3.0"",""--backend"",""cpu"",""--chunk-bytes"",""64K"",""--batch-bytes"",""64M"",""--concurrent-shards"",""16"",""--max-threads"",""32"",""--json"",""--codec"",""none"",""--codec-level"",""0"",""--chunk-depth"",""4"",""--max-attempts"",""1"",""-o"",""/mnt/main0/home/nclack/tmp/2026-09-07-chucky-microscopy-pr/worktree/build-microscopy-unified-corrected-20260916/sink/3710982/chucky_io_wm8ng1bn""]","{""duration_s"":3.0,""min_gib"":32.0,""warmup_s"":2.0}",,1c3b0561cd4734fecc81,"{""allocated_cpus"":40,""arrival_bytes_per_s"":null,""backend"":""cpu"",""chunk_depth"":4,""completion_pause_ms"":null,""data_issue"":null,""dataset_version"":1,""dtype"":""u16"",""hostname"":""cpu-turin-gp-l-243-179"",""input_id"":""bbbc022-mito"",""input_sha256"":""1eff677d3f7d6785bdc8e65079613d6ba2c801a19f33503517a12b8df54affc7"",""io_workers"":32,""logical_spatial_shape"":[520,696],""memory_budget_bytes"":0,""minimum_logical_gib"":32.0,""nconnect"":16,""output_buffers"":4,""requested_duration_s"":3.0,""requested_warmup_s"":2.0,""sink"":""fs"",""source_order"":""cyclic"",""storage_type"":""nfs"",""study_id"":""reef-turin-microscopy-pareto-core-3710982"",""timing_policy"":""coverage-qualified-through-final-close-v2"",""worker_threads"":32}",,,,,,,,,,,
reef-turin-microscopy-pareto-core-3710982/execution-0098,/mnt/main0/home/nclack/tmp/2026-09-07-chucky-microscopy-pr/worktree/build-microscopy-unified-corrected-20260916/turin-3710982/core/study.json,#/records/97,reef-turin-microscopy-pareto-core-3710982,retained_study,complete,partially_selected_in_current_report,execution-0098,8d73b93a95337f24,98,sample,2,2,group-004,2026-09-16T19:39:29.456446+00:00,pass,,1,1,,0.0,true,,true,,true,microscopy,recorded_image_replay,,Chucky,f30f20802ed75093022d06e6a63fd431702f7d87,ee1b50a2eb19732c171ecc71f83109e648f72968,8b6ded22a7c577c1b044026cd9b50eaa7e0c6e7f93fdefbfdb9023590b9d6d6a,reef-turin,cpu-turin-gp-l-243-179,40,,cpu,32,32,32,4,0,fs,/mnt/main0/home/nclack/tmp/2026-09-07-chucky-microscopy-pr/worktree/build-microscopy-unified-corrected-20260916/sink/3710982,nfs,16,/mnt/main0/home/nclack/tmp/2026-09-07-chucky-microscopy-pr/worktree/build-microscopy-unified-corrected-20260916/turin-3710982/core/study.json#/storage,"{""async"":null,""hard"":true,""nconnect"":""16"",""proto"":""tcp"",""rsize"":""1048576"",""soft"":null,""sync"":null,""vers"":""3"",""wsize"":""1048576""}",raw_pack_cyclic_streaming_replay,raw_predecoded_planes,false,false,whole_raw_pack_preloaded_and_zero_padded_before_timing,bbbc022-mito,1,1eff677d3f7d6785bdc8e65079613d6ba2c801a19f33503517a12b8df54affc7,9a1600226d3f39e0c12979cea688dcc56740c3aa,8acabd8ba3f3d090aef4cd78c2c34bd5a35a04e6c5febdbb863fea395b7e7aff,u16,"[47470,520,696]","[47469,520,696]","[4,64,128]",65536,"[4096,2,2]","[16384,128,256]",1073741824,uncompressed_full_geometry,536870912,1073741824,native_layout_policy_in_study_metadata,16,recorded_command,15,,none,0,false,none,,,,16,11581440,14155776,0,47470,2966,14,34360684800,41998417920,42000187392,42016161792,physical_sink_writes,,,,42000187392,0,,,0.8177968508904203,0.9996198034442298,3.1566022482359837,false,3.8582553465057243,3.859885417170341,coverage-qualified-through-final-close-v2,10.137761893000002,3.0,32.0,10.059900460000001,0.07786143300000001,0.00768033751648501,12.358180161565542,2.0,2.060758137,10220470272,10220470272,0.051988997,0.010223186703305244,0.010221706703305244,0.0013576139463111758,2.999999892949745e-08,sufficient,152,624,3,884736,67108864,67239936,19,,,412090368,18874368,false,0,407741100,0,393216000,"[""/mnt/main0/home/nclack/tmp/2026-09-07-chucky-microscopy-pr/worktree/build-microscopy-cpu-scaling-20260916/turin-3708156/native-cpu/bench/bench_stream_microscopy"",""--input"",""/mnt/main0/home/nclack/src/chucky/.git/worktrees/worktree/modules/microscopy/annex/objects/74/px/SHA256-s11581440--1eff677d3f7d6785bdc8e65079613d6ba2c801a19f33503517a12b8df54affc7/SHA256-s11581440--1eff677d3f7d6785bdc8e65079613d6ba2c801a19f33503517a12b8df54affc7"",""--width"",""696"",""--height"",""520"",""--dtype"",""u16"",""--frames"",""47469"",""--warmup"",""2.0"",""--duration"",""3.0"",""--backend"",""cpu"",""--chunk-bytes"",""64K"",""--batch-bytes"",""64M"",""--concurrent-shards"",""16"",""--max-threads"",""32"",""--json"",""--codec"",""none"",""--codec-level"",""0"",""--chunk-depth"",""4"",""--max-attempts"",""1"",""-o"",""/mnt/main0/home/nclack/tmp/2026-09-07-chucky-microscopy-pr/worktree/build-microscopy-unified-corrected-20260916/sink/3710982/chucky_io_lrf65y2l""]","{""duration_s"":3.0,""min_gib"":32.0,""warmup_s"":2.0}",,1c3b0561cd4734fecc81,"{""allocated_cpus"":40,""arrival_bytes_per_s"":null,""backend"":""cpu"",""chunk_depth"":4,""completion_pause_ms"":null,""data_issue"":null,""dataset_version"":1,""dtype"":""u16"",""hostname"":""cpu-turin-gp-l-243-179"",""input_id"":""bbbc022-mito"",""input_sha256"":""1eff677d3f7d6785bdc8e65079613d6ba2c801a19f33503517a12b8df54affc7"",""io_workers"":32,""logical_spatial_shape"":[520,696],""memory_budget_bytes"":0,""minimum_logical_gib"":32.0,""nconnect"":16,""output_buffers"":4,""requested_duration_s"":3.0,""requested_warmup_s"":2.0,""sink"":""fs"",""source_order"":""cyclic"",""storage_type"":""nfs"",""study_id"":""reef-turin-microscopy-pareto-core-3710982"",""timing_policy"":""coverage-qualified-through-final-close-v2"",""worker_threads"":32}",,,,,,,,,,,
reef-turin-microscopy-pareto-core-3710982/execution-0126,/mnt/main0/home/nclack/tmp/2026-09-07-chucky-microscopy-pr/worktree/build-microscopy-unified-corrected-20260916/turin-3710982/core/study.json,#/records/125,reef-turin-microscopy-pareto-core-3710982,retained_study,complete,partially_selected_in_current_report,execution-0126,8d73b93a95337f24,126,sample,3,3,group-004,2026-09-16T19:43:21.023453+00:00,pass,,1,1,,0.0,true,,true,,true,microscopy,recorded_image_replay,,Chucky,f30f20802ed75093022d06e6a63fd431702f7d87,ee1b50a2eb19732c171ecc71f83109e648f72968,8b6ded22a7c577c1b044026cd9b50eaa7e0c6e7f93fdefbfdb9023590b9d6d6a,reef-turin,cpu-turin-gp-l-243-179,40,,cpu,32,32,32,4,0,fs,/mnt/main0/home/nclack/tmp/2026-09-07-chucky-microscopy-pr/worktree/build-microscopy-unified-corrected-20260916/sink/3710982,nfs,16,/mnt/main0/home/nclack/tmp/2026-09-07-chucky-microscopy-pr/worktree/build-microscopy-unified-corrected-20260916/turin-3710982/core/study.json#/storage,"{""async"":null,""hard"":true,""nconnect"":""16"",""proto"":""tcp"",""rsize"":""1048576"",""soft"":null,""sync"":null,""vers"":""3"",""wsize"":""1048576""}",raw_pack_cyclic_streaming_replay,raw_predecoded_planes,false,false,whole_raw_pack_preloaded_and_zero_padded_before_timing,bbbc022-mito,1,1eff677d3f7d6785bdc8e65079613d6ba2c801a19f33503517a12b8df54affc7,9a1600226d3f39e0c12979cea688dcc56740c3aa,8acabd8ba3f3d090aef4cd78c2c34bd5a35a04e6c5febdbb863fea395b7e7aff,u16,"[47470,520,696]","[47469,520,696]","[4,64,128]",65536,"[4096,2,2]","[16384,128,256]",1073741824,uncompressed_full_geometry,536870912,1073741824,native_layout_policy_in_study_metadata,16,recorded_command,15,,none,0,false,none,,,,16,11581440,14155776,4,47470,2966,14,34360684800,41998417920,42000187392,42016161792,physical_sink_writes,,,,42000187392,0,,,0.8177968508904203,0.9996198034442298,4.433921677013592,false,5.419498979435834,5.421788658451325,coverage-qualified-through-final-close-v2,7.21728603,3.0,32.0,7.134988871,0.08229715900000001,0.011402784739016365,9.407661224715412,2.0,2.063829486,10691149824,10691149824,0.062037617,0.005414559785115719,0.005413009785115719,0.0014199770521372557,1.999999987845058e-08,sufficient,159,624,3,884736,67108864,67239936,19,,,410517504,20447232,false,0,407741100,0,390070272,"[""/mnt/main0/home/nclack/tmp/2026-09-07-chucky-microscopy-pr/worktree/build-microscopy-cpu-scaling-20260916/turin-3708156/native-cpu/bench/bench_stream_microscopy"",""--input"",""/mnt/main0/home/nclack/src/chucky/.git/worktrees/worktree/modules/microscopy/annex/objects/74/px/SHA256-s11581440--1eff677d3f7d6785bdc8e65079613d6ba2c801a19f33503517a12b8df54affc7/SHA256-s11581440--1eff677d3f7d6785bdc8e65079613d6ba2c801a19f33503517a12b8df54affc7"",""--width"",""696"",""--height"",""520"",""--dtype"",""u16"",""--frames"",""47469"",""--warmup"",""2.0"",""--duration"",""3.0"",""--backend"",""cpu"",""--chunk-bytes"",""64K"",""--batch-bytes"",""64M"",""--concurrent-shards"",""16"",""--max-threads"",""32"",""--json"",""--codec"",""none"",""--codec-level"",""0"",""--chunk-depth"",""4"",""--max-attempts"",""1"",""-o"",""/mnt/main0/home/nclack/tmp/2026-09-07-chucky-microscopy-pr/worktree/build-microscopy-unified-corrected-20260916/sink/3710982/chucky_io_s7wyv7kx""]","{""duration_s"":3.0,""min_gib"":32.0,""warmup_s"":2.0}",,1c3b0561cd4734fecc81,"{""allocated_cpus"":40,""arrival_bytes_per_s"":null,""backend"":""cpu"",""chunk_depth"":4,""completion_pause_ms"":null,""data_issue"":null,""dataset_version"":1,""dtype"":""u16"",""hostname"":""cpu-turin-gp-l-243-179"",""input_id"":""bbbc022-mito"",""input_sha256"":""1eff677d3f7d6785bdc8e65079613d6ba2c801a19f33503517a12b8df54affc7"",""io_workers"":32,""logical_spatial_shape"":[520,696],""memory_budget_bytes"":0,""minimum_logical_gib"":32.0,""nconnect"":16,""output_buffers"":4,""requested_duration_s"":3.0,""requested_warmup_s"":2.0,""sink"":""fs"",""source_order"":""cyclic"",""storage_type"":""nfs"",""study_id"":""reef-turin-microscopy-pareto-core-3710982"",""timing_policy"":""coverage-qualified-through-final-close-v2"",""worker_threads"":32}",,,,,,,,,,,
reef-turin-microscopy-pareto-core-3710982/execution-0027,/mnt/main0/home/nclack/tmp/2026-09-07-chucky-microscopy-pr/worktree/build-microscopy-unified-corrected-20260916/turin-3710982/core/study.json,#/records/26,reef-turin-microscopy-pareto-core-3710982,retained_study,complete,partially_selected_in_current_report,execution-0027,8d9626095a2f1ecf,27,sample,1,1,group-004,2026-09-16T19:29:39.693685+00:00,pass,,1,1,,0.0,true,,true,,true,microscopy,recorded_image_replay,,Chucky,f30f20802ed75093022d06e6a63fd431702f7d87,ee1b50a2eb19732c171ecc71f83109e648f72968,8b6ded22a7c577c1b044026cd9b50eaa7e0c6e7f93fdefbfdb9023590b9d6d6a,reef-turin,cpu-turin-gp-l-243-179,40,,cpu,32,32,32,4,0,fs,/mnt/main0/home/nclack/tmp/2026-09-07-chucky-microscopy-pr/worktree/build-microscopy-unified-corrected-20260916/sink/3710982,nfs,16,/mnt/main0/home/nclack/tmp/2026-09-07-chucky-microscopy-pr/worktree/build-microscopy-unified-corrected-20260916/turin-3710982/core/study.json#/storage,"{""async"":null,""hard"":true,""nconnect"":""16"",""proto"":""tcp"",""rsize"":""1048576"",""soft"":null,""sync"":null,""vers"":""3"",""wsize"":""1048576""}",raw_pack_cyclic_streaming_replay,raw_predecoded_planes,false,false,whole_raw_pack_preloaded_and_zero_padded_before_timing,bbbc022-mito,1,1eff677d3f7d6785bdc8e65079613d6ba2c801a19f33503517a12b8df54affc7,9a1600226d3f39e0c12979cea688dcc56740c3aa,8acabd8ba3f3d090aef4cd78c2c34bd5a35a04e6c5febdbb863fea395b7e7aff,u16,"[47472,520,696]","[47469,520,696]","[4,32,64]",16384,"[4096,4,4]","[16384,128,256]",1073741824,uncompressed_full_geometry,536870912,1073741824,native_layout_policy_in_study_metadata,16,recorded_command,15,,blosc-zstd,3,false,bit,16384,,,16,11581440,12255232,0,47472,2967,0,34362132480,36361273344,36361273344,18258059264,physical_sink_writes,,,,18176500674,18504594,,,1.8820254652011628,1.9915190775886398,4.687599404553426,false,4.960317245236726,2.4907204259588362,coverage-qualified-through-final-close-v2,6.826997732000001,3.0,32.0,6.690052035000001,0.136945697,0.02005943203380575,9.224277404136956,2.0,2.0220234070000003,10380181504,5194190848,0.018738595,0.01686998936240196,0.016868319362401962,0.003279326017946005,1.999999987845058e-08,sufficient,154,539,3,765952,67108864,67403776,22,,,313274368,18874368,false,0,421138200,0,294400000,"[""/mnt/main0/home/nclack/tmp/2026-09-07-chucky-microscopy-pr/worktree/build-microscopy-cpu-scaling-20260916/turin-3708156/native-cpu/bench/bench_stream_microscopy"",""--input"",""/mnt/main0/home/nclack/src/chucky/.git/worktrees/worktree/modules/microscopy/annex/objects/74/px/SHA256-s11581440--1eff677d3f7d6785bdc8e65079613d6ba2c801a19f33503517a12b8df54affc7/SHA256-s11581440--1eff677d3f7d6785bdc8e65079613d6ba2c801a19f33503517a12b8df54affc7"",""--width"",""696"",""--height"",""520"",""--dtype"",""u16"",""--frames"",""47469"",""--warmup"",""2.0"",""--duration"",""3.0"",""--backend"",""cpu"",""--chunk-bytes"",""16K"",""--batch-bytes"",""64M"",""--concurrent-shards"",""16"",""--max-threads"",""32"",""--json"",""--codec"",""blosc-zstd"",""--codec-level"",""3"",""--chunk-depth"",""4"",""--max-attempts"",""1"",""--shuffle"",""bit"",""--blosc-block-bytes"",""16384"",""-o"",""/mnt/main0/home/nclack/tmp/2026-09-07-chucky-microscopy-pr/worktree/build-microscopy-unified-corrected-20260916/sink/3710982/chucky_io_v_0qqnf5""]","{""duration_s"":3.0,""min_gib"":32.0,""warmup_s"":2.0}",,1c3b0561cd4734fecc81,"{""allocated_cpus"":40,""arrival_bytes_per_s"":null,""backend"":""cpu"",""chunk_depth"":4,""completion_pause_ms"":null,""data_issue"":null,""dataset_version"":1,""dtype"":""u16"",""hostname"":""cpu-turin-gp-l-243-179"",""input_id"":""bbbc022-mito"",""input_sha256"":""1eff677d3f7d6785bdc8e65079613d6ba2c801a19f33503517a12b8df54affc7"",""io_workers"":32,""logical_spatial_shape"":[520,696],""memory_budget_bytes"":0,""minimum_logical_gib"":32.0,""nconnect"":16,""output_buffers"":4,""requested_duration_s"":3.0,""requested_warmup_s"":2.0,""sink"":""fs"",""source_order"":""cyclic"",""storage_type"":""nfs"",""study_id"":""reef-turin-microscopy-pareto-core-3710982"",""timing_policy"":""coverage-qualified-through-final-close-v2"",""worker_threads"":32}",,,,,,,,,,,
reef-turin-microscopy-pareto-core-3710982/execution-0088,/mnt/main0/home/nclack/tmp/2026-09-07-chucky-microscopy-pr/worktree/build-microscopy-unified-corrected-20260916/turin-3710982/core/study.json,#/records/87,reef-turin-microscopy-pareto-core-3710982,retained_study,complete,partially_selected_in_current_report,execution-0088,8d9626095a2f1ecf,88,sample,2,2,group-004,2026-09-16T19:38:00.515359+00:00,pass,,1,1,,0.0,true,,true,,true,microscopy,recorded_image_replay,,Chucky,f30f20802ed75093022d06e6a63fd431702f7d87,ee1b50a2eb19732c171ecc71f83109e648f72968,8b6ded22a7c577c1b044026cd9b50eaa7e0c6e7f93fdefbfdb9023590b9d6d6a,reef-turin,cpu-turin-gp-l-243-179,40,,cpu,32,32,32,4,0,fs,/mnt/main0/home/nclack/tmp/2026-09-07-chucky-microscopy-pr/worktree/build-microscopy-unified-corrected-20260916/sink/3710982,nfs,16,/mnt/main0/home/nclack/tmp/2026-09-07-chucky-microscopy-pr/worktree/build-microscopy-unified-corrected-20260916/turin-3710982/core/study.json#/storage,"{""async"":null,""hard"":true,""nconnect"":""16"",""proto"":""tcp"",""rsize"":""1048576"",""soft"":null,""sync"":null,""vers"":""3"",""wsize"":""1048576""}",raw_pack_cyclic_streaming_replay,raw_predecoded_planes,false,false,whole_raw_pack_preloaded_and_zero_padded_before_timing,bbbc022-mito,1,1eff677d3f7d6785bdc8e65079613d6ba2c801a19f33503517a12b8df54affc7,9a1600226d3f39e0c12979cea688dcc56740c3aa,8acabd8ba3f3d090aef4cd78c2c34bd5a35a04e6c5febdbb863fea395b7e7aff,u16,"[47472,520,696]","[47469,520,696]","[4,32,64]",16384,"[4096,4,4]","[16384,128,256]",1073741824,uncompressed_full_geometry,536870912,1073741824,native_layout_policy_in_study_metadata,16,recorded_command,15,,blosc-zstd,3,false,bit,16384,,,16,11581440,12255232,8,47472,2967,0,34362132480,36361273344,36361273344,18258051072,physical_sink_writes,,,,18176500674,18496402,,,1.8820263096260441,1.9915199711409812,4.65252665765061,false,4.9232042218395735,2.472083781825684,coverage-qualified-through-final-close-v2,6.878462368000001,3.0,32.0,6.798641814000001,0.079820554,0.011604418215812502,9.128336600027978,2.0,2.023412554,10717200384,5362835456,0.015680797,0.007194040096628666,0.007192240096628666,0.0036743239033967257,2.999999892949745e-08,sufficient,159,539,3,765952,67108864,67403776,22,,,314572800,18874368,false,0,421138200,0,295698432,"[""/mnt/main0/home/nclack/tmp/2026-09-07-chucky-microscopy-pr/worktree/build-microscopy-cpu-scaling-20260916/turin-3708156/native-cpu/bench/bench_stream_microscopy"",""--input"",""/mnt/main0/home/nclack/src/chucky/.git/worktrees/worktree/modules/microscopy/annex/objects/74/px/SHA256-s11581440--1eff677d3f7d6785bdc8e65079613d6ba2c801a19f33503517a12b8df54affc7/SHA256-s11581440--1eff677d3f7d6785bdc8e65079613d6ba2c801a19f33503517a12b8df54affc7"",""--width"",""696"",""--height"",""520"",""--dtype"",""u16"",""--frames"",""47469"",""--warmup"",""2.0"",""--duration"",""3.0"",""--backend"",""cpu"",""--chunk-bytes"",""16K"",""--batch-bytes"",""64M"",""--concurrent-shards"",""16"",""--max-threads"",""32"",""--json"",""--codec"",""blosc-zstd"",""--codec-level"",""3"",""--chunk-depth"",""4"",""--max-attempts"",""1"",""--shuffle"",""bit"",""--blosc-block-bytes"",""16384"",""-o"",""/mnt/main0/home/nclack/tmp/2026-09-07-chucky-microscopy-pr/worktree/build-microscopy-unified-corrected-20260916/sink/3710982/chucky_io_l3jvrizr""]","{""duration_s"":3.0,""min_gib"":32.0,""warmup_s"":2.0}",,1c3b0561cd4734fecc81,"{""allocated_cpus"":40,""arrival_bytes_per_s"":null,""backend"":""cpu"",""chunk_depth"":4,""completion_pause_ms"":null,""data_issue"":null,""dataset_version"":1,""dtype"":""u16"",""hostname"":""cpu-turin-gp-l-243-179"",""input_id"":""bbbc022-mito"",""input_sha256"":""1eff677d3f7d6785bdc8e65079613d6ba2c801a19f33503517a12b8df54affc7"",""io_workers"":32,""logical_spatial_shape"":[520,696],""memory_budget_bytes"":0,""minimum_logical_gib"":32.0,""nconnect"":16,""output_buffers"":4,""requested_duration_s"":3.0,""requested_warmup_s"":2.0,""sink"":""fs"",""source_order"":""cyclic"",""storage_type"":""nfs"",""study_id"":""reef-turin-microscopy-pareto-core-3710982"",""timing_policy"":""coverage-qualified-through-final-close-v2"",""worker_threads"":32}",,,,,,,,,,,
reef-turin-microscopy-pareto-core-3710982/execution-0142,/mnt/main0/home/nclack/tmp/2026-09-07-chucky-microscopy-pr/worktree/build-microscopy-unified-corrected-20260916/turin-3710982/core/study.json,#/records/141,reef-turin-microscopy-pareto-core-3710982,retained_study,complete,partially_selected_in_current_report,execution-0142,8d9626095a2f1ecf,142,sample,3,3,group-004,2026-09-16T19:45:36.138627+00:00,pass,,1,1,,0.0,true,,true,,true,microscopy,recorded_image_replay,,Chucky,f30f20802ed75093022d06e6a63fd431702f7d87,ee1b50a2eb19732c171ecc71f83109e648f72968,8b6ded22a7c577c1b044026cd9b50eaa7e0c6e7f93fdefbfdb9023590b9d6d6a,reef-turin,cpu-turin-gp-l-243-179,40,,cpu,32,32,32,4,0,fs,/mnt/main0/home/nclack/tmp/2026-09-07-chucky-microscopy-pr/worktree/build-microscopy-unified-corrected-20260916/sink/3710982,nfs,16,/mnt/main0/home/nclack/tmp/2026-09-07-chucky-microscopy-pr/worktree/build-microscopy-unified-corrected-20260916/turin-3710982/core/study.json#/storage,"{""async"":null,""hard"":true,""nconnect"":""16"",""proto"":""tcp"",""rsize"":""1048576"",""soft"":null,""sync"":null,""vers"":""3"",""wsize"":""1048576""}",raw_pack_cyclic_streaming_replay,raw_predecoded_planes,false,false,whole_raw_pack_preloaded_and_zero_padded_before_timing,bbbc022-mito,1,1eff677d3f7d6785bdc8e65079613d6ba2c801a19f33503517a12b8df54affc7,9a1600226d3f39e0c12979cea688dcc56740c3aa,8acabd8ba3f3d090aef4cd78c2c34bd5a35a04e6c5febdbb863fea395b7e7aff,u16,"[47472,520,696]","[47469,520,696]","[4,32,64]",16384,"[4096,4,4]","[16384,128,256]",1073741824,uncompressed_full_geometry,536870912,1073741824,native_layout_policy_in_study_metadata,16,recorded_command,15,,blosc-zstd,3,false,bit,16384,,,16,11581440,12255232,8,47472,2967,0,34362132480,36361273344,36361273344,18258051072,physical_sink_writes,,,,18176500674,18496402,,,1.8820263096260441,1.9915199711409812,5.044659273406778,false,5.338150374176556,2.6804402926063675,coverage-qualified-through-final-close-v2,6.343784262000001,3.0,32.0,6.280489028000001,0.063295234,0.009977519944860949,8.520625798031688,2.0,2.014909288,11256430592,5632663552,0.012481144000000001,0.005612792063106298,0.0056112720631062984,0.0038122779224067926,2.999999892949745e-08,sufficient,167,539,3,765952,67108864,67403776,22,,,318238720,18874368,false,0,421138200,0,299364352,"[""/mnt/main0/home/nclack/tmp/2026-09-07-chucky-microscopy-pr/worktree/build-microscopy-cpu-scaling-20260916/turin-3708156/native-cpu/bench/bench_stream_microscopy"",""--input"",""/mnt/main0/home/nclack/src/chucky/.git/worktrees/worktree/modules/microscopy/annex/objects/74/px/SHA256-s11581440--1eff677d3f7d6785bdc8e65079613d6ba2c801a19f33503517a12b8df54affc7/SHA256-s11581440--1eff677d3f7d6785bdc8e65079613d6ba2c801a19f33503517a12b8df54affc7"",""--width"",""696"",""--height"",""520"",""--dtype"",""u16"",""--frames"",""47469"",""--warmup"",""2.0"",""--duration"",""3.0"",""--backend"",""cpu"",""--chunk-bytes"",""16K"",""--batch-bytes"",""64M"",""--concurrent-shards"",""16"",""--max-threads"",""32"",""--json"",""--codec"",""blosc-zstd"",""--codec-level"",""3"",""--chunk-depth"",""4"",""--max-attempts"",""1"",""--shuffle"",""bit"",""--blosc-block-bytes"",""16384"",""-o"",""/mnt/main0/home/nclack/tmp/2026-09-07-chucky-microscopy-pr/worktree/build-microscopy-unified-corrected-20260916/sink/3710982/chucky_io_0yt2d1lp""]","{""duration_s"":3.0,""min_gib"":32.0,""warmup_s"":2.0}",,1c3b0561cd4734fecc81,"{""allocated_cpus"":40,""arrival_bytes_per_s"":null,""backend"":""cpu"",""chunk_depth"":4,""completion_pause_ms"":null,""data_issue"":null,""dataset_version"":1,""dtype"":""u16"",""hostname"":""cpu-turin-gp-l-243-179"",""input_id"":""bbbc022-mito"",""input_sha256"":""1eff677d3f7d6785bdc8e65079613d6ba2c801a19f33503517a12b8df54affc7"",""io_workers"":32,""logical_spatial_shape"":[520,696],""memory_budget_bytes"":0,""minimum_logical_gib"":32.0,""nconnect"":16,""output_buffers"":4,""requested_duration_s"":3.0,""requested_warmup_s"":2.0,""sink"":""fs"",""source_order"":""cyclic"",""storage_type"":""nfs"",""study_id"":""reef-turin-microscopy-pareto-core-3710982"",""timing_policy"":""coverage-qualified-through-final-close-v2"",""worker_threads"":32}",,,,,,,,,,,
reef-turin-microscopy-pareto-core-3710982/execution-0008,/mnt/main0/home/nclack/tmp/2026-09-07-chucky-microscopy-pr/worktree/build-microscopy-unified-corrected-20260916/turin-3710982/core/study.json,#/records/7,reef-turin-microscopy-pareto-core-3710982,retained_study,complete,partially_selected_in_current_report,execution-0008,8f814487e9fda8be,8,sample,1,1,group-004,2026-09-16T19:26:54.707601+00:00,pass,,1,1,,0.0,true,,true,,true,microscopy,recorded_image_replay,,Chucky,f30f20802ed75093022d06e6a63fd431702f7d87,ee1b50a2eb19732c171ecc71f83109e648f72968,8b6ded22a7c577c1b044026cd9b50eaa7e0c6e7f93fdefbfdb9023590b9d6d6a,reef-turin,cpu-turin-gp-l-243-179,40,,cpu,32,32,32,4,0,fs,/mnt/main0/home/nclack/tmp/2026-09-07-chucky-microscopy-pr/worktree/build-microscopy-unified-corrected-20260916/sink/3710982,nfs,16,/mnt/main0/home/nclack/tmp/2026-09-07-chucky-microscopy-pr/worktree/build-microscopy-unified-corrected-20260916/turin-3710982/core/study.json#/storage,"{""async"":null,""hard"":true,""nconnect"":""16"",""proto"":""tcp"",""rsize"":""1048576"",""soft"":null,""sync"":null,""vers"":""3"",""wsize"":""1048576""}",raw_pack_cyclic_streaming_replay,raw_predecoded_planes,false,false,whole_raw_pack_preloaded_and_zero_padded_before_timing,bbbc022-mito,1,1eff677d3f7d6785bdc8e65079613d6ba2c801a19f33503517a12b8df54affc7,9a1600226d3f39e0c12979cea688dcc56740c3aa,8acabd8ba3f3d090aef4cd78c2c34bd5a35a04e6c5febdbb863fea395b7e7aff,u16,"[47470,520,696]","[47469,520,696]","[4,128,256]",262144,"[4096,1,1]","[16384,128,256]",1073741824,uncompressed_full_geometry,536870912,1073741824,native_layout_policy_in_study_metadata,16,recorded_command,15,,blosc-lz4,3,false,bit,16384,,,16,11581440,15728640,8,47470,2966,14,34360684800,46664908800,46666874880,21297188864,physical_sink_writes,,,,21273041582,20062660,,,1.6133906225568606,2.1912222865659046,6.685365900450328,false,9.079329976241352,4.143674770507399,coverage-qualified-through-final-close-v2,4.7867058160000004,3.0,32.0,4.72970207,0.057003746,0.01190876318520762,6.9218386597931385,2.0,2.014031752,21162885120,9657196544,0.012641597000000001,0.007138996012758255,0.007137347012758255,0.0007833989802747965,2.999999892949745e-08,sufficient,299,659,3,983040,67108864,70778880,18,,,265814016,20447232,false,0,426002696,0,245366784,"[""/mnt/main0/home/nclack/tmp/2026-09-07-chucky-microscopy-pr/worktree/build-microscopy-cpu-scaling-20260916/turin-3708156/native-cpu/bench/bench_stream_microscopy"",""--input"",""/mnt/main0/home/nclack/src/chucky/.git/worktrees/worktree/modules/microscopy/annex/objects/74/px/SHA256-s11581440--1eff677d3f7d6785bdc8e65079613d6ba2c801a19f33503517a12b8df54affc7/SHA256-s11581440--1eff677d3f7d6785bdc8e65079613d6ba2c801a19f33503517a12b8df54affc7"",""--width"",""696"",""--height"",""520"",""--dtype"",""u16"",""--frames"",""47469"",""--warmup"",""2.0"",""--duration"",""3.0"",""--backend"",""cpu"",""--chunk-bytes"",""256K"",""--batch-bytes"",""64M"",""--concurrent-shards"",""16"",""--max-threads"",""32"",""--json"",""--codec"",""blosc-lz4"",""--codec-level"",""3"",""--chunk-depth"",""4"",""--max-attempts"",""1"",""--shuffle"",""bit"",""--blosc-block-bytes"",""16384"",""-o"",""/mnt/main0/home/nclack/tmp/2026-09-07-chucky-microscopy-pr/worktree/build-microscopy-unified-corrected-20260916/sink/3710982/chucky_io_rer6zmgm""]","{""duration_s"":3.0,""min_gib"":32.0,""warmup_s"":2.0}",,1c3b0561cd4734fecc81,"{""allocated_cpus"":40,""arrival_bytes_per_s"":null,""backend"":""cpu"",""chunk_depth"":4,""completion_pause_ms"":null,""data_issue"":null,""dataset_version"":1,""dtype"":""u16"",""hostname"":""cpu-turin-gp-l-243-179"",""input_id"":""bbbc022-mito"",""input_sha256"":""1eff677d3f7d6785bdc8e65079613d6ba2c801a19f33503517a12b8df54affc7"",""io_workers"":32,""logical_spatial_shape"":[520,696],""memory_budget_bytes"":0,""minimum_logical_gib"":32.0,""nconnect"":16,""output_buffers"":4,""requested_duration_s"":3.0,""requested_warmup_s"":2.0,""sink"":""fs"",""source_order"":""cyclic"",""storage_type"":""nfs"",""study_id"":""reef-turin-microscopy-pareto-core-3710982"",""timing_policy"":""coverage-qualified-through-final-close-v2"",""worker_threads"":32}",,,,,,,,,,,
reef-turin-microscopy-pareto-core-3710982/execution-0061,/mnt/main0/home/nclack/tmp/2026-09-07-chucky-microscopy-pr/worktree/build-microscopy-unified-corrected-20260916/turin-3710982/core/study.json,#/records/60,reef-turin-microscopy-pareto-core-3710982,retained_study,complete,partially_selected_in_current_report,execution-0061,8f814487e9fda8be,61,sample,2,2,group-004,2026-09-16T19:34:26.957426+00:00,pass,,1,1,,0.0,true,,true,,true,microscopy,recorded_image_replay,,Chucky,f30f20802ed75093022d06e6a63fd431702f7d87,ee1b50a2eb19732c171ecc71f83109e648f72968,8b6ded22a7c577c1b044026cd9b50eaa7e0c6e7f93fdefbfdb9023590b9d6d6a,reef-turin,cpu-turin-gp-l-243-179,40,,cpu,32,32,32,4,0,fs,/mnt/main0/home/nclack/tmp/2026-09-07-chucky-microscopy-pr/worktree/build-microscopy-unified-corrected-20260916/sink/3710982,nfs,16,/mnt/main0/home/nclack/tmp/2026-09-07-chucky-microscopy-pr/worktree/build-microscopy-unified-corrected-20260916/turin-3710982/core/study.json#/storage,"{""async"":null,""hard"":true,""nconnect"":""16"",""proto"":""tcp"",""rsize"":""1048576"",""soft"":null,""sync"":null,""vers"":""3"",""wsize"":""1048576""}",raw_pack_cyclic_streaming_replay,raw_predecoded_planes,false,false,whole_raw_pack_preloaded_and_zero_padded_before_timing,bbbc022-mito,1,1eff677d3f7d6785bdc8e65079613d6ba2c801a19f33503517a12b8df54affc7,9a1600226d3f39e0c12979cea688dcc56740c3aa,8acabd8ba3f3d090aef4cd78c2c34bd5a35a04e6c5febdbb863fea395b7e7aff,u16,"[47470,520,696]","[47469,520,696]","[4,128,256]",262144,"[4096,1,1]","[16384,128,256]",1073741824,uncompressed_full_geometry,536870912,1073741824,native_layout_policy_in_study_metadata,16,recorded_command,15,,blosc-lz4,3,false,bit,16384,,,16,11581440,15728640,0,47470,2966,14,34360684800,46664908800,46666874880,21297278976,physical_sink_writes,,,,21273121282,20066474,,,1.6133837960577597,2.1912130151738687,4.941781703604059,false,6.711384982342394,3.06299191319287,coverage-qualified-through-final-close-v2,6.475575855000001,3.0,32.0,6.347322693000001,0.128253162,0.01980567672618206,8.782525595277548,2.0,2.0577969300000003,9484369920,4327518208,0.044522854,0.009271574335079193,0.009270094335079193,0.0007639310206286609,2.999999892949745e-08,sufficient,134,659,3,983040,67108864,70778880,18,,,272105472,20447232,false,0,426002696,0,251658240,"[""/mnt/main0/home/nclack/tmp/2026-09-07-chucky-microscopy-pr/worktree/build-microscopy-cpu-scaling-20260916/turin-3708156/native-cpu/bench/bench_stream_microscopy"",""--input"",""/mnt/main0/home/nclack/src/chucky/.git/worktrees/worktree/modules/microscopy/annex/objects/74/px/SHA256-s11581440--1eff677d3f7d6785bdc8e65079613d6ba2c801a19f33503517a12b8df54affc7/SHA256-s11581440--1eff677d3f7d6785bdc8e65079613d6ba2c801a19f33503517a12b8df54affc7"",""--width"",""696"",""--height"",""520"",""--dtype"",""u16"",""--frames"",""47469"",""--warmup"",""2.0"",""--duration"",""3.0"",""--backend"",""cpu"",""--chunk-bytes"",""256K"",""--batch-bytes"",""64M"",""--concurrent-shards"",""16"",""--max-threads"",""32"",""--json"",""--codec"",""blosc-lz4"",""--codec-level"",""3"",""--chunk-depth"",""4"",""--max-attempts"",""1"",""--shuffle"",""bit"",""--blosc-block-bytes"",""16384"",""-o"",""/mnt/main0/home/nclack/tmp/2026-09-07-chucky-microscopy-pr/worktree/build-microscopy-unified-corrected-20260916/sink/3710982/chucky_io_c1aylw52""]","{""duration_s"":3.0,""min_gib"":32.0,""warmup_s"":2.0}",,1c3b0561cd4734fecc81,"{""allocated_cpus"":40,""arrival_bytes_per_s"":null,""backend"":""cpu"",""chunk_depth"":4,""completion_pause_ms"":null,""data_issue"":null,""dataset_version"":1,""dtype"":""u16"",""hostname"":""cpu-turin-gp-l-243-179"",""input_id"":""bbbc022-mito"",""input_sha256"":""1eff677d3f7d6785bdc8e65079613d6ba2c801a19f33503517a12b8df54affc7"",""io_workers"":32,""logical_spatial_shape"":[520,696],""memory_budget_bytes"":0,""minimum_logical_gib"":32.0,""nconnect"":16,""output_buffers"":4,""requested_duration_s"":3.0,""requested_warmup_s"":2.0,""sink"":""fs"",""source_order"":""cyclic"",""storage_type"":""nfs"",""study_id"":""reef-turin-microscopy-pareto-core-3710982"",""timing_policy"":""coverage-qualified-through-final-close-v2"",""worker_threads"":32}",,,,,,,,,,,
reef-turin-microscopy-pareto-core-3710982/execution-0149,/mnt/main0/home/nclack/tmp/2026-09-07-chucky-microscopy-pr/worktree/build-microscopy-unified-corrected-20260916/turin-3710982/core/study.json,#/records/148,reef-turin-microscopy-pareto-core-3710982,retained_study,complete,partially_selected_in_current_report,execution-0149,8f814487e9fda8be,149,sample,3,3,group-004,2026-09-16T19:46:24.986430+00:00,pass,,1,1,,0.0,true,,true,,true,microscopy,recorded_image_replay,,Chucky,f30f20802ed75093022d06e6a63fd431702f7d87,ee1b50a2eb19732c171ecc71f83109e648f72968,8b6ded22a7c577c1b044026cd9b50eaa7e0c6e7f93fdefbfdb9023590b9d6d6a,reef-turin,cpu-turin-gp-l-243-179,40,,cpu,32,32,32,4,0,fs,/mnt/main0/home/nclack/tmp/2026-09-07-chucky-microscopy-pr/worktree/build-microscopy-unified-corrected-20260916/sink/3710982,nfs,16,/mnt/main0/home/nclack/tmp/2026-09-07-chucky-microscopy-pr/worktree/build-microscopy-unified-corrected-20260916/turin-3710982/core/study.json#/storage,"{""async"":null,""hard"":true,""nconnect"":""16"",""proto"":""tcp"",""rsize"":""1048576"",""soft"":null,""sync"":null,""vers"":""3"",""wsize"":""1048576""}",raw_pack_cyclic_streaming_replay,raw_predecoded_planes,false,false,whole_raw_pack_preloaded_and_zero_padded_before_timing,bbbc022-mito,1,1eff677d3f7d6785bdc8e65079613d6ba2c801a19f33503517a12b8df54affc7,9a1600226d3f39e0c12979cea688dcc56740c3aa,8acabd8ba3f3d090aef4cd78c2c34bd5a35a04e6c5febdbb863fea395b7e7aff,u16,"[47470,520,696]","[47469,520,696]","[4,128,256]",262144,"[4096,1,1]","[16384,128,256]",1073741824,uncompressed_full_geometry,536870912,1073741824,native_layout_policy_in_study_metadata,16,recorded_command,15,,blosc-lz4,3,false,bit,16384,,,16,11581440,15728640,8,47470,2966,14,34360684800,46664908800,46666874880,21297188864,physical_sink_writes,,,,21273041582,20062660,,,1.6133906225568606,2.1912222865659046,6.384152313770773,false,8.670254475827283,3.9569786338173447,coverage-qualified-through-final-close-v2,5.012549741000001,3.0,32.0,4.950245301000001,0.06230444,0.012429690121652598,7.155396550893784,2.0,2.0261002340000003,20455096320,9334247424,0.025685891000000002,0.0069235798666846754,0.006922009866684675,0.0008253160049207509,2.999999892949745e-08,sufficient,289,659,3,983040,67108864,70778880,18,,,259522560,20447232,false,0,426002696,0,239075328,"[""/mnt/main0/home/nclack/tmp/2026-09-07-chucky-microscopy-pr/worktree/build-microscopy-cpu-scaling-20260916/turin-3708156/native-cpu/bench/bench_stream_microscopy"",""--input"",""/mnt/main0/home/nclack/src/chucky/.git/worktrees/worktree/modules/microscopy/annex/objects/74/px/SHA256-s11581440--1eff677d3f7d6785bdc8e65079613d6ba2c801a19f33503517a12b8df54affc7/SHA256-s11581440--1eff677d3f7d6785bdc8e65079613d6ba2c801a19f33503517a12b8df54affc7"",""--width"",""696"",""--height"",""520"",""--dtype"",""u16"",""--frames"",""47469"",""--warmup"",""2.0"",""--duration"",""3.0"",""--backend"",""cpu"",""--chunk-bytes"",""256K"",""--batch-bytes"",""64M"",""--concurrent-shards"",""16"",""--max-threads"",""32"",""--json"",""--codec"",""blosc-lz4"",""--codec-level"",""3"",""--chunk-depth"",""4"",""--max-attempts"",""1"",""--shuffle"",""bit"",""--blosc-block-bytes"",""16384"",""-o"",""/mnt/main0/home/nclack/tmp/2026-09-07-chucky-microscopy-pr/worktree/build-microscopy-unified-corrected-20260916/sink/3710982/chucky_io_78k6w47t""]","{""duration_s"":3.0,""min_gib"":32.0,""warmup_s"":2.0}",,1c3b0561cd4734fecc81,"{""allocated_cpus"":40,""arrival_bytes_per_s"":null,""backend"":""cpu"",""chunk_depth"":4,""completion_pause_ms"":null,""data_issue"":null,""dataset_version"":1,""dtype"":""u16"",""hostname"":""cpu-turin-gp-l-243-179"",""input_id"":""bbbc022-mito"",""input_sha256"":""1eff677d3f7d6785bdc8e65079613d6ba2c801a19f33503517a12b8df54affc7"",""io_workers"":32,""logical_spatial_shape"":[520,696],""memory_budget_bytes"":0,""minimum_logical_gib"":32.0,""nconnect"":16,""output_buffers"":4,""requested_duration_s"":3.0,""requested_warmup_s"":2.0,""sink"":""fs"",""source_order"":""cyclic"",""storage_type"":""nfs"",""study_id"":""reef-turin-microscopy-pareto-core-3710982"",""timing_policy"":""coverage-qualified-through-final-close-v2"",""worker_threads"":32}",,,,,,,,,,,
reef-turin-microscopy-pareto-core-3710982/execution-0021,/mnt/main0/home/nclack/tmp/2026-09-07-chucky-microscopy-pr/worktree/build-microscopy-unified-corrected-20260916/turin-3710982/core/study.json,#/records/20,reef-turin-microscopy-pareto-core-3710982,retained_study,complete,partially_selected_in_current_report,execution-0021,a7deef5fc28e1566,21,sample,1,1,group-004,2026-09-16T19:28:49.703805+00:00,pass,,1,1,,0.0,true,,true,,true,microscopy,recorded_image_replay,,Chucky,f30f20802ed75093022d06e6a63fd431702f7d87,ee1b50a2eb19732c171ecc71f83109e648f72968,8b6ded22a7c577c1b044026cd9b50eaa7e0c6e7f93fdefbfdb9023590b9d6d6a,reef-turin,cpu-turin-gp-l-243-179,40,,cpu,32,32,32,4,0,fs,/mnt/main0/home/nclack/tmp/2026-09-07-chucky-microscopy-pr/worktree/build-microscopy-unified-corrected-20260916/sink/3710982,nfs,16,/mnt/main0/home/nclack/tmp/2026-09-07-chucky-microscopy-pr/worktree/build-microscopy-unified-corrected-20260916/turin-3710982/core/study.json#/storage,"{""async"":null,""hard"":true,""nconnect"":""16"",""proto"":""tcp"",""rsize"":""1048576"",""soft"":null,""sync"":null,""vers"":""3"",""wsize"":""1048576""}",raw_pack_cyclic_streaming_replay,raw_predecoded_planes,false,false,whole_raw_pack_preloaded_and_zero_padded_before_timing,bbbc022-mito,1,1eff677d3f7d6785bdc8e65079613d6ba2c801a19f33503517a12b8df54affc7,9a1600226d3f39e0c12979cea688dcc56740c3aa,8acabd8ba3f3d090aef4cd78c2c34bd5a35a04e6c5febdbb863fea395b7e7aff,u16,"[47472,520,696]","[47469,520,696]","[4,32,64]",16384,"[4096,4,4]","[16384,128,256]",1073741824,uncompressed_full_geometry,536870912,1073741824,native_layout_policy_in_study_metadata,16,recorded_command,15,,none,0,false,none,,,,16,11581440,12255232,8,47472,2967,0,34362132480,36361273344,36361273344,36424433664,physical_sink_writes,,,,36361273344,0,,,0.9433813795699926,0.9982659903354263,2.9679485343084457,false,3.1406197471605646,3.146075071740437,coverage-qualified-through-final-close-v2,10.782609295,3.0,32.0,10.622919243,0.159690052,0.014809963676792945,13.125220539979637,2.0,2.0750503570000003,9908355072,9908355072,0.06773803,0.008927608734242917,0.008925928734242916,0.0034595930483192205,2.999999892949745e-08,sufficient,147,539,3,765952,67108864,67403776,22,,,454209536,18874368,false,0,420793848,0,435335168,"[""/mnt/main0/home/nclack/tmp/2026-09-07-chucky-microscopy-pr/worktree/build-microscopy-cpu-scaling-20260916/turin-3708156/native-cpu/bench/bench_stream_microscopy"",""--input"",""/mnt/main0/home/nclack/src/chucky/.git/worktrees/worktree/modules/microscopy/annex/objects/74/px/SHA256-s11581440--1eff677d3f7d6785bdc8e65079613d6ba2c801a19f33503517a12b8df54affc7/SHA256-s11581440--1eff677d3f7d6785bdc8e65079613d6ba2c801a19f33503517a12b8df54affc7"",""--width"",""696"",""--height"",""520"",""--dtype"",""u16"",""--frames"",""47469"",""--warmup"",""2.0"",""--duration"",""3.0"",""--backend"",""cpu"",""--chunk-bytes"",""16K"",""--batch-bytes"",""64M"",""--concurrent-shards"",""16"",""--max-threads"",""32"",""--json"",""--codec"",""none"",""--codec-level"",""0"",""--chunk-depth"",""4"",""--max-attempts"",""1"",""-o"",""/mnt/main0/home/nclack/tmp/2026-09-07-chucky-microscopy-pr/worktree/build-microscopy-unified-corrected-20260916/sink/3710982/chucky_io_v34873g1""]","{""duration_s"":3.0,""min_gib"":32.0,""warmup_s"":2.0}",,1c3b0561cd4734fecc81,"{""allocated_cpus"":40,""arrival_bytes_per_s"":null,""backend"":""cpu"",""chunk_depth"":4,""completion_pause_ms"":null,""data_issue"":null,""dataset_version"":1,""dtype"":""u16"",""hostname"":""cpu-turin-gp-l-243-179"",""input_id"":""bbbc022-mito"",""input_sha256"":""1eff677d3f7d6785bdc8e65079613d6ba2c801a19f33503517a12b8df54affc7"",""io_workers"":32,""logical_spatial_shape"":[520,696],""memory_budget_bytes"":0,""minimum_logical_gib"":32.0,""nconnect"":16,""output_buffers"":4,""requested_duration_s"":3.0,""requested_warmup_s"":2.0,""sink"":""fs"",""source_order"":""cyclic"",""storage_type"":""nfs"",""study_id"":""reef-turin-microscopy-pareto-core-3710982"",""timing_policy"":""coverage-qualified-through-final-close-v2"",""worker_threads"":32}",,,,,,,,,,,
reef-turin-microscopy-pareto-core-3710982/execution-0082,/mnt/main0/home/nclack/tmp/2026-09-07-chucky-microscopy-pr/worktree/build-microscopy-unified-corrected-20260916/turin-3710982/core/study.json,#/records/81,reef-turin-microscopy-pareto-core-3710982,retained_study,complete,partially_selected_in_current_report,execution-0082,a7deef5fc28e1566,82,sample,2,2,group-004,2026-09-16T19:37:09.030402+00:00,pass,,1,1,,0.0,true,,true,,true,microscopy,recorded_image_replay,,Chucky,f30f20802ed75093022d06e6a63fd431702f7d87,ee1b50a2eb19732c171ecc71f83109e648f72968,8b6ded22a7c577c1b044026cd9b50eaa7e0c6e7f93fdefbfdb9023590b9d6d6a,reef-turin,cpu-turin-gp-l-243-179,40,,cpu,32,32,32,4,0,fs,/mnt/main0/home/nclack/tmp/2026-09-07-chucky-microscopy-pr/worktree/build-microscopy-unified-corrected-20260916/sink/3710982,nfs,16,/mnt/main0/home/nclack/tmp/2026-09-07-chucky-microscopy-pr/worktree/build-microscopy-unified-corrected-20260916/turin-3710982/core/study.json#/storage,"{""async"":null,""hard"":true,""nconnect"":""16"",""proto"":""tcp"",""rsize"":""1048576"",""soft"":null,""sync"":null,""vers"":""3"",""wsize"":""1048576""}",raw_pack_cyclic_streaming_replay,raw_predecoded_planes,false,false,whole_raw_pack_preloaded_and_zero_padded_before_timing,bbbc022-mito,1,1eff677d3f7d6785bdc8e65079613d6ba2c801a19f33503517a12b8df54affc7,9a1600226d3f39e0c12979cea688dcc56740c3aa,8acabd8ba3f3d090aef4cd78c2c34bd5a35a04e6c5febdbb863fea395b7e7aff,u16,"[47472,520,696]","[47469,520,696]","[4,32,64]",16384,"[4096,4,4]","[16384,128,256]",1073741824,uncompressed_full_geometry,536870912,1073741824,native_layout_policy_in_study_metadata,16,recorded_command,15,,none,0,false,none,,,,16,11581440,12255232,0,47472,2967,0,34362132480,36361273344,36361273344,36424433664,physical_sink_writes,,,,36361273344,0,,,0.9433813795699926,0.9982659903354263,2.958056369138143,false,3.1301518415231895,3.1355889831240575,coverage-qualified-through-final-close-v2,10.818668267000001,3.0,32.0,10.589321286,0.229346981,0.021199187861187425,13.06778736691922,2.0,2.050749197,7414415360,7414415360,0.048619822,0.005946409863141775,0.005944599863141775,0.0032169281039386988,2.999999892949745e-08,sufficient,110,539,3,765952,67108864,67403776,22,,,454062080,18874368,false,0,420793848,0,435187712,"[""/mnt/main0/home/nclack/tmp/2026-09-07-chucky-microscopy-pr/worktree/build-microscopy-cpu-scaling-20260916/turin-3708156/native-cpu/bench/bench_stream_microscopy"",""--input"",""/mnt/main0/home/nclack/src/chucky/.git/worktrees/worktree/modules/microscopy/annex/objects/74/px/SHA256-s11581440--1eff677d3f7d6785bdc8e65079613d6ba2c801a19f33503517a12b8df54affc7/SHA256-s11581440--1eff677d3f7d6785bdc8e65079613d6ba2c801a19f33503517a12b8df54affc7"",""--width"",""696"",""--height"",""520"",""--dtype"",""u16"",""--frames"",""47469"",""--warmup"",""2.0"",""--duration"",""3.0"",""--backend"",""cpu"",""--chunk-bytes"",""16K"",""--batch-bytes"",""64M"",""--concurrent-shards"",""16"",""--max-threads"",""32"",""--json"",""--codec"",""none"",""--codec-level"",""0"",""--chunk-depth"",""4"",""--max-attempts"",""1"",""-o"",""/mnt/main0/home/nclack/tmp/2026-09-07-chucky-microscopy-pr/worktree/build-microscopy-unified-corrected-20260916/sink/3710982/chucky_io_4kdvsp01""]","{""duration_s"":3.0,""min_gib"":32.0,""warmup_s"":2.0}",,1c3b0561cd4734fecc81,"{""allocated_cpus"":40,""arrival_bytes_per_s"":null,""backend"":""cpu"",""chunk_depth"":4,""completion_pause_ms"":null,""data_issue"":null,""dataset_version"":1,""dtype"":""u16"",""hostname"":""cpu-turin-gp-l-243-179"",""input_id"":""bbbc022-mito"",""input_sha256"":""1eff677d3f7d6785bdc8e65079613d6ba2c801a19f33503517a12b8df54affc7"",""io_workers"":32,""logical_spatial_shape"":[520,696],""memory_budget_bytes"":0,""minimum_logical_gib"":32.0,""nconnect"":16,""output_buffers"":4,""requested_duration_s"":3.0,""requested_warmup_s"":2.0,""sink"":""fs"",""source_order"":""cyclic"",""storage_type"":""nfs"",""study_id"":""reef-turin-microscopy-pareto-core-3710982"",""timing_policy"":""coverage-qualified-through-final-close-v2"",""worker_threads"":32}",,,,,,,,,,,
reef-turin-microscopy-pareto-core-3710982/execution-0109,/mnt/main0/home/nclack/tmp/2026-09-07-chucky-microscopy-pr/worktree/build-microscopy-unified-corrected-20260916/turin-3710982/core/study.json,#/records/108,reef-turin-microscopy-pareto-core-3710982,retained_study,complete,partially_selected_in_current_report,execution-0109,a7deef5fc28e1566,109,sample,3,3,group-004,2026-09-16T19:41:15.555345+00:00,pass,,1,1,,0.0,true,,true,,true,microscopy,recorded_image_replay,,Chucky,f30f20802ed75093022d06e6a63fd431702f7d87,ee1b50a2eb19732c171ecc71f83109e648f72968,8b6ded22a7c577c1b044026cd9b50eaa7e0c6e7f93fdefbfdb9023590b9d6d6a,reef-turin,cpu-turin-gp-l-243-179,40,,cpu,32,32,32,4,0,fs,/mnt/main0/home/nclack/tmp/2026-09-07-chucky-microscopy-pr/worktree/build-microscopy-unified-corrected-20260916/sink/3710982,nfs,16,/mnt/main0/home/nclack/tmp/2026-09-07-chucky-microscopy-pr/worktree/build-microscopy-unified-corrected-20260916/turin-3710982/core/study.json#/storage,"{""async"":null,""hard"":true,""nconnect"":""16"",""proto"":""tcp"",""rsize"":""1048576"",""soft"":null,""sync"":null,""vers"":""3"",""wsize"":""1048576""}",raw_pack_cyclic_streaming_replay,raw_predecoded_planes,false,false,whole_raw_pack_preloaded_and_zero_padded_before_timing,bbbc022-mito,1,1eff677d3f7d6785bdc8e65079613d6ba2c801a19f33503517a12b8df54affc7,9a1600226d3f39e0c12979cea688dcc56740c3aa,8acabd8ba3f3d090aef4cd78c2c34bd5a35a04e6c5febdbb863fea395b7e7aff,u16,"[47472,520,696]","[47469,520,696]","[4,32,64]",16384,"[4096,4,4]","[16384,128,256]",1073741824,uncompressed_full_geometry,536870912,1073741824,native_layout_policy_in_study_metadata,16,recorded_command,15,,none,0,false,none,,,,16,11581440,12255232,8,47472,2967,0,34362132480,36361273344,36361273344,36424433664,physical_sink_writes,,,,36361273344,0,,,0.9433813795699926,0.9982659903354263,3.098726365737422,false,3.279005844745519,3.2847015489766846,coverage-qualified-through-final-close-v2,10.327543093000001,3.0,32.0,10.156704007,0.170839086,0.016542084062161365,12.710846389643848,2.0,2.168446659,7212204032,7212204032,0.164132778,0.005570489797105789,0.005568999797105789,0.003939217887818813,2.999999892949745e-08,sufficient,107,539,3,765952,67108864,67403776,22,,,446664704,18874368,false,0,420793848,0,427790336,"[""/mnt/main0/home/nclack/tmp/2026-09-07-chucky-microscopy-pr/worktree/build-microscopy-cpu-scaling-20260916/turin-3708156/native-cpu/bench/bench_stream_microscopy"",""--input"",""/mnt/main0/home/nclack/src/chucky/.git/worktrees/worktree/modules/microscopy/annex/objects/74/px/SHA256-s11581440--1eff677d3f7d6785bdc8e65079613d6ba2c801a19f33503517a12b8df54affc7/SHA256-s11581440--1eff677d3f7d6785bdc8e65079613d6ba2c801a19f33503517a12b8df54affc7"",""--width"",""696"",""--height"",""520"",""--dtype"",""u16"",""--frames"",""47469"",""--warmup"",""2.0"",""--duration"",""3.0"",""--backend"",""cpu"",""--chunk-bytes"",""16K"",""--batch-bytes"",""64M"",""--concurrent-shards"",""16"",""--max-threads"",""32"",""--json"",""--codec"",""none"",""--codec-level"",""0"",""--chunk-depth"",""4"",""--max-attempts"",""1"",""-o"",""/mnt/main0/home/nclack/tmp/2026-09-07-chucky-microscopy-pr/worktree/build-microscopy-unified-corrected-20260916/sink/3710982/chucky_io_g_8y32wt""]","{""duration_s"":3.0,""min_gib"":32.0,""warmup_s"":2.0}",,1c3b0561cd4734fecc81,"{""allocated_cpus"":40,""arrival_bytes_per_s"":null,""backend"":""cpu"",""chunk_depth"":4,""completion_pause_ms"":null,""data_issue"":null,""dataset_version"":1,""dtype"":""u16"",""hostname"":""cpu-turin-gp-l-243-179"",""input_id"":""bbbc022-mito"",""input_sha256"":""1eff677d3f7d6785bdc8e65079613d6ba2c801a19f33503517a12b8df54affc7"",""io_workers"":32,""logical_spatial_shape"":[520,696],""memory_budget_bytes"":0,""minimum_logical_gib"":32.0,""nconnect"":16,""output_buffers"":4,""requested_duration_s"":3.0,""requested_warmup_s"":2.0,""sink"":""fs"",""source_order"":""cyclic"",""storage_type"":""nfs"",""study_id"":""reef-turin-microscopy-pareto-core-3710982"",""timing_policy"":""coverage-qualified-through-final-close-v2"",""worker_threads"":32}",,,,,,,,,,,
reef-turin-microscopy-pareto-core-3710982/execution-0030,/mnt/main0/home/nclack/tmp/2026-09-07-chucky-microscopy-pr/worktree/build-microscopy-unified-corrected-20260916/turin-3710982/core/study.json,#/records/29,reef-turin-microscopy-pareto-core-3710982,retained_study,complete,partially_selected_in_current_report,execution-0030,af4320268d963541,30,sample,1,1,group-004,2026-09-16T19:30:08.311041+00:00,pass,,1,1,,0.0,true,,true,,true,microscopy,recorded_image_replay,,Chucky,f30f20802ed75093022d06e6a63fd431702f7d87,ee1b50a2eb19732c171ecc71f83109e648f72968,8b6ded22a7c577c1b044026cd9b50eaa7e0c6e7f93fdefbfdb9023590b9d6d6a,reef-turin,cpu-turin-gp-l-243-179,40,,cpu,32,32,32,4,0,fs,/mnt/main0/home/nclack/tmp/2026-09-07-chucky-microscopy-pr/worktree/build-microscopy-unified-corrected-20260916/sink/3710982,nfs,16,/mnt/main0/home/nclack/tmp/2026-09-07-chucky-microscopy-pr/worktree/build-microscopy-unified-corrected-20260916/turin-3710982/core/study.json#/storage,"{""async"":null,""hard"":true,""nconnect"":""16"",""proto"":""tcp"",""rsize"":""1048576"",""soft"":null,""sync"":null,""vers"":""3"",""wsize"":""1048576""}",raw_pack_cyclic_streaming_replay,raw_predecoded_planes,false,false,whole_raw_pack_preloaded_and_zero_padded_before_timing,bbbc022-mito,1,1eff677d3f7d6785bdc8e65079613d6ba2c801a19f33503517a12b8df54affc7,9a1600226d3f39e0c12979cea688dcc56740c3aa,8acabd8ba3f3d090aef4cd78c2c34bd5a35a04e6c5febdbb863fea395b7e7aff,u16,"[47470,520,696]","[47469,520,696]","[4,64,128]",65536,"[4096,2,2]","[16384,128,256]",1073741824,uncompressed_full_geometry,536870912,1073741824,native_layout_policy_in_study_metadata,16,recorded_command,15,,lz4,1,false,none,,,,16,11581440,14155776,8,47470,2966,14,34360684800,41998417920,42000187392,29046460416,physical_sink_writes,,,,29013985002,16594530,,,1.1829560059260338,1.4459657662406449,2.836845089556288,false,3.4674224067046735,2.3980986110892712,coverage-qualified-through-final-close-v2,11.280446779000002,3.0,32.0,11.206695854000001,0.07375092500000001,0.006537943615610759,13.549515218473971,2.0,2.0265247950000003,7127433216,4926484480,0.02344397,0.010472475549080372,0.010470685549080372,0.0012663439847528934,2.999999892949745e-08,sufficient,106,624,3,884736,67108864,67239936,19,,,319291392,20447232,false,0,409151694,0,298844160,"[""/mnt/main0/home/nclack/tmp/2026-09-07-chucky-microscopy-pr/worktree/build-microscopy-cpu-scaling-20260916/turin-3708156/native-cpu/bench/bench_stream_microscopy"",""--input"",""/mnt/main0/home/nclack/src/chucky/.git/worktrees/worktree/modules/microscopy/annex/objects/74/px/SHA256-s11581440--1eff677d3f7d6785bdc8e65079613d6ba2c801a19f33503517a12b8df54affc7/SHA256-s11581440--1eff677d3f7d6785bdc8e65079613d6ba2c801a19f33503517a12b8df54affc7"",""--width"",""696"",""--height"",""520"",""--dtype"",""u16"",""--frames"",""47469"",""--warmup"",""2.0"",""--duration"",""3.0"",""--backend"",""cpu"",""--chunk-bytes"",""64K"",""--batch-bytes"",""64M"",""--concurrent-shards"",""16"",""--max-threads"",""32"",""--json"",""--codec"",""lz4"",""--codec-level"",""1"",""--chunk-depth"",""4"",""--max-attempts"",""1"",""-o"",""/mnt/main0/home/nclack/tmp/2026-09-07-chucky-microscopy-pr/worktree/build-microscopy-unified-corrected-20260916/sink/3710982/chucky_io_6slen4wt""]","{""duration_s"":3.0,""min_gib"":32.0,""warmup_s"":2.0}",,1c3b0561cd4734fecc81,"{""allocated_cpus"":40,""arrival_bytes_per_s"":null,""backend"":""cpu"",""chunk_depth"":4,""completion_pause_ms"":null,""data_issue"":null,""dataset_version"":1,""dtype"":""u16"",""hostname"":""cpu-turin-gp-l-243-179"",""input_id"":""bbbc022-mito"",""input_sha256"":""1eff677d3f7d6785bdc8e65079613d6ba2c801a19f33503517a12b8df54affc7"",""io_workers"":32,""logical_spatial_shape"":[520,696],""memory_budget_bytes"":0,""minimum_logical_gib"":32.0,""nconnect"":16,""output_buffers"":4,""requested_duration_s"":3.0,""requested_warmup_s"":2.0,""sink"":""fs"",""source_order"":""cyclic"",""storage_type"":""nfs"",""study_id"":""reef-turin-microscopy-pareto-core-3710982"",""timing_policy"":""coverage-qualified-through-final-close-v2"",""worker_threads"":32}",,,,,,,,,,,
reef-turin-microscopy-pareto-core-3710982/execution-0093,/mnt/main0/home/nclack/tmp/2026-09-07-chucky-microscopy-pr/worktree/build-microscopy-unified-corrected-20260916/turin-3710982/core/study.json,#/records/92,reef-turin-microscopy-pareto-core-3710982,retained_study,complete,partially_selected_in_current_report,execution-0093,af4320268d963541,93,sample,2,2,group-004,2026-09-16T19:38:41.842017+00:00,pass,,1,1,,0.0,true,,true,,true,microscopy,recorded_image_replay,,Chucky,f30f20802ed75093022d06e6a63fd431702f7d87,ee1b50a2eb19732c171ecc71f83109e648f72968,8b6ded22a7c577c1b044026cd9b50eaa7e0c6e7f93fdefbfdb9023590b9d6d6a,reef-turin,cpu-turin-gp-l-243-179,40,,cpu,32,32,32,4,0,fs,/mnt/main0/home/nclack/tmp/2026-09-07-chucky-microscopy-pr/worktree/build-microscopy-unified-corrected-20260916/sink/3710982,nfs,16,/mnt/main0/home/nclack/tmp/2026-09-07-chucky-microscopy-pr/worktree/build-microscopy-unified-corrected-20260916/turin-3710982/core/study.json#/storage,"{""async"":null,""hard"":true,""nconnect"":""16"",""proto"":""tcp"",""rsize"":""1048576"",""soft"":null,""sync"":null,""vers"":""3"",""wsize"":""1048576""}",raw_pack_cyclic_streaming_replay,raw_predecoded_planes,false,false,whole_raw_pack_preloaded_and_zero_padded_before_timing,bbbc022-mito,1,1eff677d3f7d6785bdc8e65079613d6ba2c801a19f33503517a12b8df54affc7,9a1600226d3f39e0c12979cea688dcc56740c3aa,8acabd8ba3f3d090aef4cd78c2c34bd5a35a04e6c5febdbb863fea395b7e7aff,u16,"[47470,520,696]","[47469,520,696]","[4,64,128]",65536,"[4096,2,2]","[16384,128,256]",1073741824,uncompressed_full_geometry,536870912,1073741824,native_layout_policy_in_study_metadata,16,recorded_command,15,,lz4,1,false,none,,,,16,11581440,14155776,4,47470,2966,14,34360684800,41998417920,42000187392,29046456320,physical_sink_writes,,,,29013968264,16607172,,,1.1829561727411435,1.4459659701442025,2.649830414707142,false,3.238837801697816,2.240007252506059,coverage-qualified-through-final-close-v2,12.076577536,3.0,32.0,11.966277774,0.11029976200000001,0.0091333626328485,14.354207995347679,2.0,2.027840969,7463632896,5158866944,0.026036169,0.009105816273636817,0.009104246273636818,0.001542520010843873,1.999999987845058e-08,sufficient,111,624,3,884736,67108864,67239936,19,,,317718528,20447232,false,0,409151694,0,297271296,"[""/mnt/main0/home/nclack/tmp/2026-09-07-chucky-microscopy-pr/worktree/build-microscopy-cpu-scaling-20260916/turin-3708156/native-cpu/bench/bench_stream_microscopy"",""--input"",""/mnt/main0/home/nclack/src/chucky/.git/worktrees/worktree/modules/microscopy/annex/objects/74/px/SHA256-s11581440--1eff677d3f7d6785bdc8e65079613d6ba2c801a19f33503517a12b8df54affc7/SHA256-s11581440--1eff677d3f7d6785bdc8e65079613d6ba2c801a19f33503517a12b8df54affc7"",""--width"",""696"",""--height"",""520"",""--dtype"",""u16"",""--frames"",""47469"",""--warmup"",""2.0"",""--duration"",""3.0"",""--backend"",""cpu"",""--chunk-bytes"",""64K"",""--batch-bytes"",""64M"",""--concurrent-shards"",""16"",""--max-threads"",""32"",""--json"",""--codec"",""lz4"",""--codec-level"",""1"",""--chunk-depth"",""4"",""--max-attempts"",""1"",""-o"",""/mnt/main0/home/nclack/tmp/2026-09-07-chucky-microscopy-pr/worktree/build-microscopy-unified-corrected-20260916/sink/3710982/chucky_io_05wh97vz""]","{""duration_s"":3.0,""min_gib"":32.0,""warmup_s"":2.0}",,1c3b0561cd4734fecc81,"{""allocated_cpus"":40,""arrival_bytes_per_s"":null,""backend"":""cpu"",""chunk_depth"":4,""completion_pause_ms"":null,""data_issue"":null,""dataset_version"":1,""dtype"":""u16"",""hostname"":""cpu-turin-gp-l-243-179"",""input_id"":""bbbc022-mito"",""input_sha256"":""1eff677d3f7d6785bdc8e65079613d6ba2c801a19f33503517a12b8df54affc7"",""io_workers"":32,""logical_spatial_shape"":[520,696],""memory_budget_bytes"":0,""minimum_logical_gib"":32.0,""nconnect"":16,""output_buffers"":4,""requested_duration_s"":3.0,""requested_warmup_s"":2.0,""sink"":""fs"",""source_order"":""cyclic"",""storage_type"":""nfs"",""study_id"":""reef-turin-microscopy-pareto-core-3710982"",""timing_policy"":""coverage-qualified-through-final-close-v2"",""worker_threads"":32}",,,,,,,,,,,
reef-turin-microscopy-pareto-core-3710982/execution-0130,/mnt/main0/home/nclack/tmp/2026-09-07-chucky-microscopy-pr/worktree/build-microscopy-unified-corrected-20260916/turin-3710982/core/study.json,#/records/129,reef-turin-microscopy-pareto-core-3710982,retained_study,complete,partially_selected_in_current_report,execution-0130,af4320268d963541,130,sample,3,3,group-004,2026-09-16T19:44:00.607347+00:00,pass,,1,1,,0.0,true,,true,,true,microscopy,recorded_image_replay,,Chucky,f30f20802ed75093022d06e6a63fd431702f7d87,ee1b50a2eb19732c171ecc71f83109e648f72968,8b6ded22a7c577c1b044026cd9b50eaa7e0c6e7f93fdefbfdb9023590b9d6d6a,reef-turin,cpu-turin-gp-l-243-179,40,,cpu,32,32,32,4,0,fs,/mnt/main0/home/nclack/tmp/2026-09-07-chucky-microscopy-pr/worktree/build-microscopy-unified-corrected-20260916/sink/3710982,nfs,16,/mnt/main0/home/nclack/tmp/2026-09-07-chucky-microscopy-pr/worktree/build-microscopy-unified-corrected-20260916/turin-3710982/core/study.json#/storage,"{""async"":null,""hard"":true,""nconnect"":""16"",""proto"":""tcp"",""rsize"":""1048576"",""soft"":null,""sync"":null,""vers"":""3"",""wsize"":""1048576""}",raw_pack_cyclic_streaming_replay,raw_predecoded_planes,false,false,whole_raw_pack_preloaded_and_zero_padded_before_timing,bbbc022-mito,1,1eff677d3f7d6785bdc8e65079613d6ba2c801a19f33503517a12b8df54affc7,9a1600226d3f39e0c12979cea688dcc56740c3aa,8acabd8ba3f3d090aef4cd78c2c34bd5a35a04e6c5febdbb863fea395b7e7aff,u16,"[47470,520,696]","[47469,520,696]","[4,64,128]",65536,"[4096,2,2]","[16384,128,256]",1073741824,uncompressed_full_geometry,536870912,1073741824,native_layout_policy_in_study_metadata,16,recorded_command,15,,lz4,1,false,none,,,,16,11581440,14155776,12,47470,2966,14,34360684800,41998417920,42000187392,29046411264,physical_sink_writes,,,,29013926749,16603631,,,1.1829580077104564,1.4459682130871312,2.818631752987951,false,3.4451604091411903,2.382697993647793,coverage-qualified-through-final-close-v2,11.353339641,3.0,32.0,11.145363735,0.20797590600000002,0.018318478313547708,13.509401773102582,2.0,2.044136581,7598112768,5251850240,0.017547015000000003,0.006189823182276487,0.006187863182276487,0.0014370320132002234,2.999999892949745e-08,sufficient,113,624,3,884736,67108864,67239936,19,,,319291392,20447232,false,0,409151694,0,298844160,"[""/mnt/main0/home/nclack/tmp/2026-09-07-chucky-microscopy-pr/worktree/build-microscopy-cpu-scaling-20260916/turin-3708156/native-cpu/bench/bench_stream_microscopy"",""--input"",""/mnt/main0/home/nclack/src/chucky/.git/worktrees/worktree/modules/microscopy/annex/objects/74/px/SHA256-s11581440--1eff677d3f7d6785bdc8e65079613d6ba2c801a19f33503517a12b8df54affc7/SHA256-s11581440--1eff677d3f7d6785bdc8e65079613d6ba2c801a19f33503517a12b8df54affc7"",""--width"",""696"",""--height"",""520"",""--dtype"",""u16"",""--frames"",""47469"",""--warmup"",""2.0"",""--duration"",""3.0"",""--backend"",""cpu"",""--chunk-bytes"",""64K"",""--batch-bytes"",""64M"",""--concurrent-shards"",""16"",""--max-threads"",""32"",""--json"",""--codec"",""lz4"",""--codec-level"",""1"",""--chunk-depth"",""4"",""--max-attempts"",""1"",""-o"",""/mnt/main0/home/nclack/tmp/2026-09-07-chucky-microscopy-pr/worktree/build-microscopy-unified-corrected-20260916/sink/3710982/chucky_io_2lxjh05z""]","{""duration_s"":3.0,""min_gib"":32.0,""warmup_s"":2.0}",,1c3b0561cd4734fecc81,"{""allocated_cpus"":40,""arrival_bytes_per_s"":null,""backend"":""cpu"",""chunk_depth"":4,""completion_pause_ms"":null,""data_issue"":null,""dataset_version"":1,""dtype"":""u16"",""hostname"":""cpu-turin-gp-l-243-179"",""input_id"":""bbbc022-mito"",""input_sha256"":""1eff677d3f7d6785bdc8e65079613d6ba2c801a19f33503517a12b8df54affc7"",""io_workers"":32,""logical_spatial_shape"":[520,696],""memory_budget_bytes"":0,""minimum_logical_gib"":32.0,""nconnect"":16,""output_buffers"":4,""requested_duration_s"":3.0,""requested_warmup_s"":2.0,""sink"":""fs"",""source_order"":""cyclic"",""storage_type"":""nfs"",""study_id"":""reef-turin-microscopy-pareto-core-3710982"",""timing_policy"":""coverage-qualified-through-final-close-v2"",""worker_threads"":32}",,,,,,,,,,,
reef-turin-microscopy-pareto-core-3710982/execution-0036,/mnt/main0/home/nclack/tmp/2026-09-07-chucky-microscopy-pr/worktree/build-microscopy-unified-corrected-20260916/turin-3710982/core/study.json,#/records/35,reef-turin-microscopy-pareto-core-3710982,retained_study,complete,partially_selected_in_current_report,execution-0036,b84b5c213874fbb8,36,sample,1,1,group-004,2026-09-16T19:31:01.960791+00:00,pass,,1,1,,0.0,true,,true,,true,microscopy,recorded_image_replay,,Chucky,f30f20802ed75093022d06e6a63fd431702f7d87,ee1b50a2eb19732c171ecc71f83109e648f72968,8b6ded22a7c577c1b044026cd9b50eaa7e0c6e7f93fdefbfdb9023590b9d6d6a,reef-turin,cpu-turin-gp-l-243-179,40,,cpu,32,32,32,4,0,fs,/mnt/main0/home/nclack/tmp/2026-09-07-chucky-microscopy-pr/worktree/build-microscopy-unified-corrected-20260916/sink/3710982,nfs,16,/mnt/main0/home/nclack/tmp/2026-09-07-chucky-microscopy-pr/worktree/build-microscopy-unified-corrected-20260916/turin-3710982/core/study.json#/storage,"{""async"":null,""hard"":true,""nconnect"":""16"",""proto"":""tcp"",""rsize"":""1048576"",""soft"":null,""sync"":null,""vers"":""3"",""wsize"":""1048576""}",raw_pack_cyclic_streaming_replay,raw_predecoded_planes,false,false,whole_raw_pack_preloaded_and_zero_padded_before_timing,bbbc022-mito,1,1eff677d3f7d6785bdc8e65079613d6ba2c801a19f33503517a12b8df54affc7,9a1600226d3f39e0c12979cea688dcc56740c3aa,8acabd8ba3f3d090aef4cd78c2c34bd5a35a04e6c5febdbb863fea395b7e7aff,u16,"[47470,520,696]","[47469,520,696]","[4,64,128]",65536,"[4096,2,2]","[16384,128,256]",1073741824,uncompressed_full_geometry,536870912,1073741824,native_layout_policy_in_study_metadata,16,recorded_command,15,,blosc-zstd,3,false,bit,65536,,,16,11581440,14155776,8,47470,2966,14,34360684800,41998417920,42000187392,18201018368,physical_sink_writes,,,,18167285986,17843776,,,1.8878440813186042,2.307573485329939,5.245388615619332,false,6.411339610798023,2.7785072819147945,coverage-qualified-through-final-close-v2,6.100764879000001,3.0,32.0,6.020000482,0.080764397,0.013238405118349422,8.38243496697396,2.0,2.024599672,14120386560,6113792000,0.015620439000000002,0.009574205950927735,0.009572505950927734,0.0013991290470585227,1.999999987845058e-08,sufficient,210,624,3,884736,67108864,67239936,19,,,295698432,20447232,false,0,407839436,0,275251200,"[""/mnt/main0/home/nclack/tmp/2026-09-07-chucky-microscopy-pr/worktree/build-microscopy-cpu-scaling-20260916/turin-3708156/native-cpu/bench/bench_stream_microscopy"",""--input"",""/mnt/main0/home/nclack/src/chucky/.git/worktrees/worktree/modules/microscopy/annex/objects/74/px/SHA256-s11581440--1eff677d3f7d6785bdc8e65079613d6ba2c801a19f33503517a12b8df54affc7/SHA256-s11581440--1eff677d3f7d6785bdc8e65079613d6ba2c801a19f33503517a12b8df54affc7"",""--width"",""696"",""--height"",""520"",""--dtype"",""u16"",""--frames"",""47469"",""--warmup"",""2.0"",""--duration"",""3.0"",""--backend"",""cpu"",""--chunk-bytes"",""64K"",""--batch-bytes"",""64M"",""--concurrent-shards"",""16"",""--max-threads"",""32"",""--json"",""--codec"",""blosc-zstd"",""--codec-level"",""3"",""--chunk-depth"",""4"",""--max-attempts"",""1"",""--shuffle"",""bit"",""--blosc-block-bytes"",""65536"",""-o"",""/mnt/main0/home/nclack/tmp/2026-09-07-chucky-microscopy-pr/worktree/build-microscopy-unified-corrected-20260916/sink/3710982/chucky_io_8_v792n8""]","{""duration_s"":3.0,""min_gib"":32.0,""warmup_s"":2.0}",,1c3b0561cd4734fecc81,"{""allocated_cpus"":40,""arrival_bytes_per_s"":null,""backend"":""cpu"",""chunk_depth"":4,""completion_pause_ms"":null,""data_issue"":null,""dataset_version"":1,""dtype"":""u16"",""hostname"":""cpu-turin-gp-l-243-179"",""input_id"":""bbbc022-mito"",""input_sha256"":""1eff677d3f7d6785bdc8e65079613d6ba2c801a19f33503517a12b8df54affc7"",""io_workers"":32,""logical_spatial_shape"":[520,696],""memory_budget_bytes"":0,""minimum_logical_gib"":32.0,""nconnect"":16,""output_buffers"":4,""requested_duration_s"":3.0,""requested_warmup_s"":2.0,""sink"":""fs"",""source_order"":""cyclic"",""storage_type"":""nfs"",""study_id"":""reef-turin-microscopy-pareto-core-3710982"",""timing_policy"":""coverage-qualified-through-final-close-v2"",""worker_threads"":32}",,,,,,,,,,,
reef-turin-microscopy-pareto-core-3710982/execution-0059,/mnt/main0/home/nclack/tmp/2026-09-07-chucky-microscopy-pr/worktree/build-microscopy-unified-corrected-20260916/turin-3710982/core/study.json,#/records/58,reef-turin-microscopy-pareto-core-3710982,retained_study,complete,partially_selected_in_current_report,execution-0059,b84b5c213874fbb8,59,sample,2,2,group-004,2026-09-16T19:34:09.825283+00:00,pass,,1,1,,0.0,true,,true,,true,microscopy,recorded_image_replay,,Chucky,f30f20802ed75093022d06e6a63fd431702f7d87,ee1b50a2eb19732c171ecc71f83109e648f72968,8b6ded22a7c577c1b044026cd9b50eaa7e0c6e7f93fdefbfdb9023590b9d6d6a,reef-turin,cpu-turin-gp-l-243-179,40,,cpu,32,32,32,4,0,fs,/mnt/main0/home/nclack/tmp/2026-09-07-chucky-microscopy-pr/worktree/build-microscopy-unified-corrected-20260916/sink/3710982,nfs,16,/mnt/main0/home/nclack/tmp/2026-09-07-chucky-microscopy-pr/worktree/build-microscopy-unified-corrected-20260916/turin-3710982/core/study.json#/storage,"{""async"":null,""hard"":true,""nconnect"":""16"",""proto"":""tcp"",""rsize"":""1048576"",""soft"":null,""sync"":null,""vers"":""3"",""wsize"":""1048576""}",raw_pack_cyclic_streaming_replay,raw_predecoded_planes,false,false,whole_raw_pack_preloaded_and_zero_padded_before_timing,bbbc022-mito,1,1eff677d3f7d6785bdc8e65079613d6ba2c801a19f33503517a12b8df54affc7,9a1600226d3f39e0c12979cea688dcc56740c3aa,8acabd8ba3f3d090aef4cd78c2c34bd5a35a04e6c5febdbb863fea395b7e7aff,u16,"[47470,520,696]","[47469,520,696]","[4,64,128]",65536,"[4096,2,2]","[16384,128,256]",1073741824,uncompressed_full_geometry,536870912,1073741824,native_layout_policy_in_study_metadata,16,recorded_command,15,,blosc-zstd,3,false,bit,65536,,,16,11581440,14155776,12,47470,2966,14,34360684800,41998417920,42000187392,18200961024,physical_sink_writes,,,,18167241274,17831144,,,1.8878500291655809,2.30758075557758,4.460477827217275,false,5.4519580532105225,2.3627289061217964,coverage-qualified-through-final-close-v2,7.174316797,3.0,32.0,7.036972797000001,0.13734400000000002,0.019143843781394144,9.477953032590449,2.0,2.040036621,12708347904,5502443520,0.036340287,0.008185616869690418,0.008184176869690418,0.0014298140304163098,2.999999892949745e-08,sufficient,189,624,3,884736,67108864,67239936,19,,,298844160,20447232,false,0,407839436,0,278396928,"[""/mnt/main0/home/nclack/tmp/2026-09-07-chucky-microscopy-pr/worktree/build-microscopy-cpu-scaling-20260916/turin-3708156/native-cpu/bench/bench_stream_microscopy"",""--input"",""/mnt/main0/home/nclack/src/chucky/.git/worktrees/worktree/modules/microscopy/annex/objects/74/px/SHA256-s11581440--1eff677d3f7d6785bdc8e65079613d6ba2c801a19f33503517a12b8df54affc7/SHA256-s11581440--1eff677d3f7d6785bdc8e65079613d6ba2c801a19f33503517a12b8df54affc7"",""--width"",""696"",""--height"",""520"",""--dtype"",""u16"",""--frames"",""47469"",""--warmup"",""2.0"",""--duration"",""3.0"",""--backend"",""cpu"",""--chunk-bytes"",""64K"",""--batch-bytes"",""64M"",""--concurrent-shards"",""16"",""--max-threads"",""32"",""--json"",""--codec"",""blosc-zstd"",""--codec-level"",""3"",""--chunk-depth"",""4"",""--max-attempts"",""1"",""--shuffle"",""bit"",""--blosc-block-bytes"",""65536"",""-o"",""/mnt/main0/home/nclack/tmp/2026-09-07-chucky-microscopy-pr/worktree/build-microscopy-unified-corrected-20260916/sink/3710982/chucky_io_rvu8dvo2""]","{""duration_s"":3.0,""min_gib"":32.0,""warmup_s"":2.0}",,1c3b0561cd4734fecc81,"{""allocated_cpus"":40,""arrival_bytes_per_s"":null,""backend"":""cpu"",""chunk_depth"":4,""completion_pause_ms"":null,""data_issue"":null,""dataset_version"":1,""dtype"":""u16"",""hostname"":""cpu-turin-gp-l-243-179"",""input_id"":""bbbc022-mito"",""input_sha256"":""1eff677d3f7d6785bdc8e65079613d6ba2c801a19f33503517a12b8df54affc7"",""io_workers"":32,""logical_spatial_shape"":[520,696],""memory_budget_bytes"":0,""minimum_logical_gib"":32.0,""nconnect"":16,""output_buffers"":4,""requested_duration_s"":3.0,""requested_warmup_s"":2.0,""sink"":""fs"",""source_order"":""cyclic"",""storage_type"":""nfs"",""study_id"":""reef-turin-microscopy-pareto-core-3710982"",""timing_policy"":""coverage-qualified-through-final-close-v2"",""worker_threads"":32}",,,,,,,,,,,
reef-turin-microscopy-pareto-core-3710982/execution-0139,/mnt/main0/home/nclack/tmp/2026-09-07-chucky-microscopy-pr/worktree/build-microscopy-unified-corrected-20260916/turin-3710982/core/study.json,#/records/138,reef-turin-microscopy-pareto-core-3710982,retained_study,complete,partially_selected_in_current_report,execution-0139,b84b5c213874fbb8,139,sample,3,3,group-004,2026-09-16T19:45:13.343902+00:00,pass,,1,1,,0.0,true,,true,,true,microscopy,recorded_image_replay,,Chucky,f30f20802ed75093022d06e6a63fd431702f7d87,ee1b50a2eb19732c171ecc71f83109e648f72968,8b6ded22a7c577c1b044026cd9b50eaa7e0c6e7f93fdefbfdb9023590b9d6d6a,reef-turin,cpu-turin-gp-l-243-179,40,,cpu,32,32,32,4,0,fs,/mnt/main0/home/nclack/tmp/2026-09-07-chucky-microscopy-pr/worktree/build-microscopy-unified-corrected-20260916/sink/3710982,nfs,16,/mnt/main0/home/nclack/tmp/2026-09-07-chucky-microscopy-pr/worktree/build-microscopy-unified-corrected-20260916/turin-3710982/core/study.json#/storage,"{""async"":null,""hard"":true,""nconnect"":""16"",""proto"":""tcp"",""rsize"":""1048576"",""soft"":null,""sync"":null,""vers"":""3"",""wsize"":""1048576""}",raw_pack_cyclic_streaming_replay,raw_predecoded_planes,false,false,whole_raw_pack_preloaded_and_zero_padded_before_timing,bbbc022-mito,1,1eff677d3f7d6785bdc8e65079613d6ba2c801a19f33503517a12b8df54affc7,9a1600226d3f39e0c12979cea688dcc56740c3aa,8acabd8ba3f3d090aef4cd78c2c34bd5a35a04e6c5febdbb863fea395b7e7aff,u16,"[47470,520,696]","[47469,520,696]","[4,64,128]",65536,"[4096,2,2]","[16384,128,256]",1073741824,uncompressed_full_geometry,536870912,1073741824,native_layout_policy_in_study_metadata,16,recorded_command,15,,blosc-zstd,3,false,bit,65536,,,16,11581440,14155776,12,47470,2966,14,34360684800,41998417920,42000187392,18200961024,physical_sink_writes,,,,18167241274,17831144,,,1.8878500291655809,2.30758075557758,5.215286599366573,false,6.374546377477662,2.7625533510132594,coverage-qualified-through-final-close-v2,6.135977712,3.0,32.0,6.076557805,0.059419907,0.009683853134569535,8.292609330266714,2.0,2.017760005,14322106368,6201163776,0.010430552000000001,0.00546159421829462,0.0054601142182946205,0.001355548040010035,2.999999892949745e-08,sufficient,213,624,3,884736,67108864,67239936,19,,,292552704,20447232,false,0,407839436,0,272105472,"[""/mnt/main0/home/nclack/tmp/2026-09-07-chucky-microscopy-pr/worktree/build-microscopy-cpu-scaling-20260916/turin-3708156/native-cpu/bench/bench_stream_microscopy"",""--input"",""/mnt/main0/home/nclack/src/chucky/.git/worktrees/worktree/modules/microscopy/annex/objects/74/px/SHA256-s11581440--1eff677d3f7d6785bdc8e65079613d6ba2c801a19f33503517a12b8df54affc7/SHA256-s11581440--1eff677d3f7d6785bdc8e65079613d6ba2c801a19f33503517a12b8df54affc7"",""--width"",""696"",""--height"",""520"",""--dtype"",""u16"",""--frames"",""47469"",""--warmup"",""2.0"",""--duration"",""3.0"",""--backend"",""cpu"",""--chunk-bytes"",""64K"",""--batch-bytes"",""64M"",""--concurrent-shards"",""16"",""--max-threads"",""32"",""--json"",""--codec"",""blosc-zstd"",""--codec-level"",""3"",""--chunk-depth"",""4"",""--max-attempts"",""1"",""--shuffle"",""bit"",""--blosc-block-bytes"",""65536"",""-o"",""/mnt/main0/home/nclack/tmp/2026-09-07-chucky-microscopy-pr/worktree/build-microscopy-unified-corrected-20260916/sink/3710982/chucky_io_qeupmca3""]","{""duration_s"":3.0,""min_gib"":32.0,""warmup_s"":2.0}",,1c3b0561cd4734fecc81,"{""allocated_cpus"":40,""arrival_bytes_per_s"":null,""backend"":""cpu"",""chunk_depth"":4,""completion_pause_ms"":null,""data_issue"":null,""dataset_version"":1,""dtype"":""u16"",""hostname"":""cpu-turin-gp-l-243-179"",""input_id"":""bbbc022-mito"",""input_sha256"":""1eff677d3f7d6785bdc8e65079613d6ba2c801a19f33503517a12b8df54affc7"",""io_workers"":32,""logical_spatial_shape"":[520,696],""memory_budget_bytes"":0,""minimum_logical_gib"":32.0,""nconnect"":16,""output_buffers"":4,""requested_duration_s"":3.0,""requested_warmup_s"":2.0,""sink"":""fs"",""source_order"":""cyclic"",""storage_type"":""nfs"",""study_id"":""reef-turin-microscopy-pareto-core-3710982"",""timing_policy"":""coverage-qualified-through-final-close-v2"",""worker_threads"":32}",,,,,,,,,,,
reef-turin-microscopy-pareto-core-3710982/execution-0048,/mnt/main0/home/nclack/tmp/2026-09-07-chucky-microscopy-pr/worktree/build-microscopy-unified-corrected-20260916/turin-3710982/core/study.json,#/records/47,reef-turin-microscopy-pareto-core-3710982,retained_study,complete,partially_selected_in_current_report,execution-0048,c2335c669519104a,48,sample,1,1,group-004,2026-09-16T19:32:35.876727+00:00,pass,,1,1,,0.0,true,,true,,true,microscopy,recorded_image_replay,,Chucky,f30f20802ed75093022d06e6a63fd431702f7d87,ee1b50a2eb19732c171ecc71f83109e648f72968,8b6ded22a7c577c1b044026cd9b50eaa7e0c6e7f93fdefbfdb9023590b9d6d6a,reef-turin,cpu-turin-gp-l-243-179,40,,cpu,32,32,32,4,0,fs,/mnt/main0/home/nclack/tmp/2026-09-07-chucky-microscopy-pr/worktree/build-microscopy-unified-corrected-20260916/sink/3710982,nfs,16,/mnt/main0/home/nclack/tmp/2026-09-07-chucky-microscopy-pr/worktree/build-microscopy-unified-corrected-20260916/turin-3710982/core/study.json#/storage,"{""async"":null,""hard"":true,""nconnect"":""16"",""proto"":""tcp"",""rsize"":""1048576"",""soft"":null,""sync"":null,""vers"":""3"",""wsize"":""1048576""}",raw_pack_cyclic_streaming_replay,raw_predecoded_planes,false,false,whole_raw_pack_preloaded_and_zero_padded_before_timing,bbbc022-mito,1,1eff677d3f7d6785bdc8e65079613d6ba2c801a19f33503517a12b8df54affc7,9a1600226d3f39e0c12979cea688dcc56740c3aa,8acabd8ba3f3d090aef4cd78c2c34bd5a35a04e6c5febdbb863fea395b7e7aff,u16,"[47470,520,696]","[47469,520,696]","[4,64,128]",65536,"[4096,2,2]","[16384,128,256]",1073741824,uncompressed_full_geometry,536870912,1073741824,native_layout_policy_in_study_metadata,16,recorded_command,15,,blosc-lz4,3,false,bit,16384,,,16,11581440,14155776,12,47470,2966,14,34360684800,41998417920,42000187392,20762005504,physical_sink_writes,,,,20727778443,18338364,,,1.6549790815429697,2.022934989777758,4.566530860601193,false,5.581584861351697,2.7592681189364905,coverage-qualified-through-final-close-v2,7.007700552,3.0,32.0,6.928658704,0.07904184800000001,0.01127928446906046,9.21967932023108,2.0,2.034560599,17280663552,8539836416,0.030119239000000003,0.006073316138416529,0.006071566138416529,0.0013554339529946446,1.999999987845058e-08,sufficient,257,624,3,884736,67108864,67239936,19,,,287834112,18874368,false,0,407839436,0,268959744,"[""/mnt/main0/home/nclack/tmp/2026-09-07-chucky-microscopy-pr/worktree/build-microscopy-cpu-scaling-20260916/turin-3708156/native-cpu/bench/bench_stream_microscopy"",""--input"",""/mnt/main0/home/nclack/src/chucky/.git/worktrees/worktree/modules/microscopy/annex/objects/74/px/SHA256-s11581440--1eff677d3f7d6785bdc8e65079613d6ba2c801a19f33503517a12b8df54affc7/SHA256-s11581440--1eff677d3f7d6785bdc8e65079613d6ba2c801a19f33503517a12b8df54affc7"",""--width"",""696"",""--height"",""520"",""--dtype"",""u16"",""--frames"",""47469"",""--warmup"",""2.0"",""--duration"",""3.0"",""--backend"",""cpu"",""--chunk-bytes"",""64K"",""--batch-bytes"",""64M"",""--concurrent-shards"",""16"",""--max-threads"",""32"",""--json"",""--codec"",""blosc-lz4"",""--codec-level"",""3"",""--chunk-depth"",""4"",""--max-attempts"",""1"",""--shuffle"",""bit"",""--blosc-block-bytes"",""16384"",""-o"",""/mnt/main0/home/nclack/tmp/2026-09-07-chucky-microscopy-pr/worktree/build-microscopy-unified-corrected-20260916/sink/3710982/chucky_io_pgv6cwez""]","{""duration_s"":3.0,""min_gib"":32.0,""warmup_s"":2.0}",,1c3b0561cd4734fecc81,"{""allocated_cpus"":40,""arrival_bytes_per_s"":null,""backend"":""cpu"",""chunk_depth"":4,""completion_pause_ms"":null,""data_issue"":null,""dataset_version"":1,""dtype"":""u16"",""hostname"":""cpu-turin-gp-l-243-179"",""input_id"":""bbbc022-mito"",""input_sha256"":""1eff677d3f7d6785bdc8e65079613d6ba2c801a19f33503517a12b8df54affc7"",""io_workers"":32,""logical_spatial_shape"":[520,696],""memory_budget_bytes"":0,""minimum_logical_gib"":32.0,""nconnect"":16,""output_buffers"":4,""requested_duration_s"":3.0,""requested_warmup_s"":2.0,""sink"":""fs"",""source_order"":""cyclic"",""storage_type"":""nfs"",""study_id"":""reef-turin-microscopy-pareto-core-3710982"",""timing_policy"":""coverage-qualified-through-final-close-v2"",""worker_threads"":32}",,,,,,,,,,,
reef-turin-microscopy-pareto-core-3710982/execution-0075,/mnt/main0/home/nclack/tmp/2026-09-07-chucky-microscopy-pr/worktree/build-microscopy-unified-corrected-20260916/turin-3710982/core/study.json,#/records/74,reef-turin-microscopy-pareto-core-3710982,retained_study,complete,partially_selected_in_current_report,execution-0075,c2335c669519104a,75,sample,2,2,group-004,2026-09-16T19:36:17.938030+00:00,pass,,1,1,,0.0,true,,true,,true,microscopy,recorded_image_replay,,Chucky,f30f20802ed75093022d06e6a63fd431702f7d87,ee1b50a2eb19732c171ecc71f83109e648f72968,8b6ded22a7c577c1b044026cd9b50eaa7e0c6e7f93fdefbfdb9023590b9d6d6a,reef-turin,cpu-turin-gp-l-243-179,40,,cpu,32,32,32,4,0,fs,/mnt/main0/home/nclack/tmp/2026-09-07-chucky-microscopy-pr/worktree/build-microscopy-unified-corrected-20260916/sink/3710982,nfs,16,/mnt/main0/home/nclack/tmp/2026-09-07-chucky-microscopy-pr/worktree/build-microscopy-unified-corrected-20260916/turin-3710982/core/study.json#/storage,"{""async"":null,""hard"":true,""nconnect"":""16"",""proto"":""tcp"",""rsize"":""1048576"",""soft"":null,""sync"":null,""vers"":""3"",""wsize"":""1048576""}",raw_pack_cyclic_streaming_replay,raw_predecoded_planes,false,false,whole_raw_pack_preloaded_and_zero_padded_before_timing,bbbc022-mito,1,1eff677d3f7d6785bdc8e65079613d6ba2c801a19f33503517a12b8df54affc7,9a1600226d3f39e0c12979cea688dcc56740c3aa,8acabd8ba3f3d090aef4cd78c2c34bd5a35a04e6c5febdbb863fea395b7e7aff,u16,"[47470,520,696]","[47469,520,696]","[4,64,128]",65536,"[4096,2,2]","[16384,128,256]",1073741824,uncompressed_full_geometry,536870912,1073741824,native_layout_policy_in_study_metadata,16,recorded_command,15,,blosc-lz4,3,false,bit,16384,,,16,11581440,14155776,12,47470,2966,14,34360684800,41998417920,42000187392,20762005504,physical_sink_writes,,,,20727778443,18338364,,,1.6549790815429697,2.022934989777758,6.4760696249002105,false,7.915577884404109,3.9130824384000698,coverage-qualified-through-final-close-v2,4.941404687,3.0,32.0,4.798505561000001,0.14289912600000002,0.028918725555092346,7.195812951773405,2.0,2.0317248180000003,17280663552,8539836416,0.028317616,0.006563874800206423,0.006562404800206423,0.0012875270331278443,1.999999987845058e-08,sufficient,257,624,3,884736,67108864,67239936,19,,,287834112,20447232,false,0,407839436,0,267386880,"[""/mnt/main0/home/nclack/tmp/2026-09-07-chucky-microscopy-pr/worktree/build-microscopy-cpu-scaling-20260916/turin-3708156/native-cpu/bench/bench_stream_microscopy"",""--input"",""/mnt/main0/home/nclack/src/chucky/.git/worktrees/worktree/modules/microscopy/annex/objects/74/px/SHA256-s11581440--1eff677d3f7d6785bdc8e65079613d6ba2c801a19f33503517a12b8df54affc7/SHA256-s11581440--1eff677d3f7d6785bdc8e65079613d6ba2c801a19f33503517a12b8df54affc7"",""--width"",""696"",""--height"",""520"",""--dtype"",""u16"",""--frames"",""47469"",""--warmup"",""2.0"",""--duration"",""3.0"",""--backend"",""cpu"",""--chunk-bytes"",""64K"",""--batch-bytes"",""64M"",""--concurrent-shards"",""16"",""--max-threads"",""32"",""--json"",""--codec"",""blosc-lz4"",""--codec-level"",""3"",""--chunk-depth"",""4"",""--max-attempts"",""1"",""--shuffle"",""bit"",""--blosc-block-bytes"",""16384"",""-o"",""/mnt/main0/home/nclack/tmp/2026-09-07-chucky-microscopy-pr/worktree/build-microscopy-unified-corrected-20260916/sink/3710982/chucky_io_rj25uh9s""]","{""duration_s"":3.0,""min_gib"":32.0,""warmup_s"":2.0}",,1c3b0561cd4734fecc81,"{""allocated_cpus"":40,""arrival_bytes_per_s"":null,""backend"":""cpu"",""chunk_depth"":4,""completion_pause_ms"":null,""data_issue"":null,""dataset_version"":1,""dtype"":""u16"",""hostname"":""cpu-turin-gp-l-243-179"",""input_id"":""bbbc022-mito"",""input_sha256"":""1eff677d3f7d6785bdc8e65079613d6ba2c801a19f33503517a12b8df54affc7"",""io_workers"":32,""logical_spatial_shape"":[520,696],""memory_budget_bytes"":0,""minimum_logical_gib"":32.0,""nconnect"":16,""output_buffers"":4,""requested_duration_s"":3.0,""requested_warmup_s"":2.0,""sink"":""fs"",""source_order"":""cyclic"",""storage_type"":""nfs"",""study_id"":""reef-turin-microscopy-pareto-core-3710982"",""timing_policy"":""coverage-qualified-through-final-close-v2"",""worker_threads"":32}",,,,,,,,,,,
reef-turin-microscopy-pareto-core-3710982/execution-0117,/mnt/main0/home/nclack/tmp/2026-09-07-chucky-microscopy-pr/worktree/build-microscopy-unified-corrected-20260916/turin-3710982/core/study.json,#/records/116,reef-turin-microscopy-pareto-core-3710982,retained_study,complete,partially_selected_in_current_report,execution-0117,c2335c669519104a,117,sample,3,3,group-004,2026-09-16T19:42:18.879521+00:00,pass,,1,1,,0.0,true,,true,,true,microscopy,recorded_image_replay,,Chucky,f30f20802ed75093022d06e6a63fd431702f7d87,ee1b50a2eb19732c171ecc71f83109e648f72968,8b6ded22a7c577c1b044026cd9b50eaa7e0c6e7f93fdefbfdb9023590b9d6d6a,reef-turin,cpu-turin-gp-l-243-179,40,,cpu,32,32,32,4,0,fs,/mnt/main0/home/nclack/tmp/2026-09-07-chucky-microscopy-pr/worktree/build-microscopy-unified-corrected-20260916/sink/3710982,nfs,16,/mnt/main0/home/nclack/tmp/2026-09-07-chucky-microscopy-pr/worktree/build-microscopy-unified-corrected-20260916/turin-3710982/core/study.json#/storage,"{""async"":null,""hard"":true,""nconnect"":""16"",""proto"":""tcp"",""rsize"":""1048576"",""soft"":null,""sync"":null,""vers"":""3"",""wsize"":""1048576""}",raw_pack_cyclic_streaming_replay,raw_predecoded_planes,false,false,whole_raw_pack_preloaded_and_zero_padded_before_timing,bbbc022-mito,1,1eff677d3f7d6785bdc8e65079613d6ba2c801a19f33503517a12b8df54affc7,9a1600226d3f39e0c12979cea688dcc56740c3aa,8acabd8ba3f3d090aef4cd78c2c34bd5a35a04e6c5febdbb863fea395b7e7aff,u16,"[47470,520,696]","[47469,520,696]","[4,64,128]",65536,"[4096,2,2]","[16384,128,256]",1073741824,uncompressed_full_geometry,536870912,1073741824,native_layout_policy_in_study_metadata,16,recorded_command,15,,blosc-lz4,3,false,bit,16384,,,16,11581440,14155776,8,47470,2966,14,34360684800,41998417920,42000187392,20762058752,physical_sink_writes,,,,20727831006,18341695,,,1.6549748370541553,2.022929801600438,5.209585129036242,false,6.367577613724902,3.1478333487681143,coverage-qualified-through-final-close-v2,6.142692849,3.0,32.0,6.039130732,0.10356211700000001,0.01685940019235365,8.345114456489682,2.0,2.0404470530000003,12775587840,6310547456,0.033560073,0.006439301789594888,0.006437631789594889,0.0013638349482789636,2.999999892949745e-08,sufficient,190,624,3,884736,67108864,67239936,19,,,286261248,20447232,false,0,407839436,0,265814016,"[""/mnt/main0/home/nclack/tmp/2026-09-07-chucky-microscopy-pr/worktree/build-microscopy-cpu-scaling-20260916/turin-3708156/native-cpu/bench/bench_stream_microscopy"",""--input"",""/mnt/main0/home/nclack/src/chucky/.git/worktrees/worktree/modules/microscopy/annex/objects/74/px/SHA256-s11581440--1eff677d3f7d6785bdc8e65079613d6ba2c801a19f33503517a12b8df54affc7/SHA256-s11581440--1eff677d3f7d6785bdc8e65079613d6ba2c801a19f33503517a12b8df54affc7"",""--width"",""696"",""--height"",""520"",""--dtype"",""u16"",""--frames"",""47469"",""--warmup"",""2.0"",""--duration"",""3.0"",""--backend"",""cpu"",""--chunk-bytes"",""64K"",""--batch-bytes"",""64M"",""--concurrent-shards"",""16"",""--max-threads"",""32"",""--json"",""--codec"",""blosc-lz4"",""--codec-level"",""3"",""--chunk-depth"",""4"",""--max-attempts"",""1"",""--shuffle"",""bit"",""--blosc-block-bytes"",""16384"",""-o"",""/mnt/main0/home/nclack/tmp/2026-09-07-chucky-microscopy-pr/worktree/build-microscopy-unified-corrected-20260916/sink/3710982/chucky_io_e49604s7""]","{""duration_s"":3.0,""min_gib"":32.0,""warmup_s"":2.0}",,1c3b0561cd4734fecc81,"{""allocated_cpus"":40,""arrival_bytes_per_s"":null,""backend"":""cpu"",""chunk_depth"":4,""completion_pause_ms"":null,""data_issue"":null,""dataset_version"":1,""dtype"":""u16"",""hostname"":""cpu-turin-gp-l-243-179"",""input_id"":""bbbc022-mito"",""input_sha256"":""1eff677d3f7d6785bdc8e65079613d6ba2c801a19f33503517a12b8df54affc7"",""io_workers"":32,""logical_spatial_shape"":[520,696],""memory_budget_bytes"":0,""minimum_logical_gib"":32.0,""nconnect"":16,""output_buffers"":4,""requested_duration_s"":3.0,""requested_warmup_s"":2.0,""sink"":""fs"",""source_order"":""cyclic"",""storage_type"":""nfs"",""study_id"":""reef-turin-microscopy-pareto-core-3710982"",""timing_policy"":""coverage-qualified-through-final-close-v2"",""worker_threads"":32}",,,,,,,,,,,
reef-turin-microscopy-pareto-core-3710982/execution-0042,/mnt/main0/home/nclack/tmp/2026-09-07-chucky-microscopy-pr/worktree/build-microscopy-unified-corrected-20260916/turin-3710982/core/study.json,#/records/41,reef-turin-microscopy-pareto-core-3710982,retained_study,complete,partially_selected_in_current_report,execution-0042,e3091980e0d56c8e,42,sample,1,1,group-004,2026-09-16T19:31:52.665574+00:00,pass,,1,1,,0.0,true,,true,,true,microscopy,recorded_image_replay,,Chucky,f30f20802ed75093022d06e6a63fd431702f7d87,ee1b50a2eb19732c171ecc71f83109e648f72968,8b6ded22a7c577c1b044026cd9b50eaa7e0c6e7f93fdefbfdb9023590b9d6d6a,reef-turin,cpu-turin-gp-l-243-179,40,,cpu,32,32,32,4,0,fs,/mnt/main0/home/nclack/tmp/2026-09-07-chucky-microscopy-pr/worktree/build-microscopy-unified-corrected-20260916/sink/3710982,nfs,16,/mnt/main0/home/nclack/tmp/2026-09-07-chucky-microscopy-pr/worktree/build-microscopy-unified-corrected-20260916/turin-3710982/core/study.json#/storage,"{""async"":null,""hard"":true,""nconnect"":""16"",""proto"":""tcp"",""rsize"":""1048576"",""soft"":null,""sync"":null,""vers"":""3"",""wsize"":""1048576""}",raw_pack_cyclic_streaming_replay,raw_predecoded_planes,false,false,whole_raw_pack_preloaded_and_zero_padded_before_timing,bbbc022-mito,1,1eff677d3f7d6785bdc8e65079613d6ba2c801a19f33503517a12b8df54affc7,9a1600226d3f39e0c12979cea688dcc56740c3aa,8acabd8ba3f3d090aef4cd78c2c34bd5a35a04e6c5febdbb863fea395b7e7aff,u16,"[47472,520,696]","[47469,520,696]","[4,32,64]",16384,"[4096,4,4]","[16384,128,256]",1073741824,uncompressed_full_geometry,536870912,1073741824,native_layout_policy_in_study_metadata,16,recorded_command,15,,blosc-lz4,3,false,bit,4096,,,16,11581440,12255232,8,47472,2967,0,34362132480,36361273344,36361273344,20408029184,physical_sink_writes,,,,20325424599,19525807,,,1.683755553767048,1.7817140996891276,5.35961937105811,false,5.671434567697742,3.1831339094680176,coverage-qualified-through-final-close-v2,5.970989005000001,3.0,32.0,5.830288295000001,0.14070071,0.023564054444277106,8.22574419528246,2.0,2.0539755250000002,9234317312,5166809088,0.052608774000000004,0.010216761113507748,0.010215341113507748,0.00394607987254858,1.999999987845058e-08,sufficient,137,539,3,765952,67108864,67403776,22,,,330887168,18874368,false,0,421138200,0,312012800,"[""/mnt/main0/home/nclack/tmp/2026-09-07-chucky-microscopy-pr/worktree/build-microscopy-cpu-scaling-20260916/turin-3708156/native-cpu/bench/bench_stream_microscopy"",""--input"",""/mnt/main0/home/nclack/src/chucky/.git/worktrees/worktree/modules/microscopy/annex/objects/74/px/SHA256-s11581440--1eff677d3f7d6785bdc8e65079613d6ba2c801a19f33503517a12b8df54affc7/SHA256-s11581440--1eff677d3f7d6785bdc8e65079613d6ba2c801a19f33503517a12b8df54affc7"",""--width"",""696"",""--height"",""520"",""--dtype"",""u16"",""--frames"",""47469"",""--warmup"",""2.0"",""--duration"",""3.0"",""--backend"",""cpu"",""--chunk-bytes"",""16K"",""--batch-bytes"",""64M"",""--concurrent-shards"",""16"",""--max-threads"",""32"",""--json"",""--codec"",""blosc-lz4"",""--codec-level"",""3"",""--chunk-depth"",""4"",""--max-attempts"",""1"",""--shuffle"",""bit"",""--blosc-block-bytes"",""4096"",""-o"",""/mnt/main0/home/nclack/tmp/2026-09-07-chucky-microscopy-pr/worktree/build-microscopy-unified-corrected-20260916/sink/3710982/chucky_io_yo7tado1""]","{""duration_s"":3.0,""min_gib"":32.0,""warmup_s"":2.0}",,1c3b0561cd4734fecc81,"{""allocated_cpus"":40,""arrival_bytes_per_s"":null,""backend"":""cpu"",""chunk_depth"":4,""completion_pause_ms"":null,""data_issue"":null,""dataset_version"":1,""dtype"":""u16"",""hostname"":""cpu-turin-gp-l-243-179"",""input_id"":""bbbc022-mito"",""input_sha256"":""1eff677d3f7d6785bdc8e65079613d6ba2c801a19f33503517a12b8df54affc7"",""io_workers"":32,""logical_spatial_shape"":[520,696],""memory_budget_bytes"":0,""minimum_logical_gib"":32.0,""nconnect"":16,""output_buffers"":4,""requested_duration_s"":3.0,""requested_warmup_s"":2.0,""sink"":""fs"",""source_order"":""cyclic"",""storage_type"":""nfs"",""study_id"":""reef-turin-microscopy-pareto-core-3710982"",""timing_policy"":""coverage-qualified-through-final-close-v2"",""worker_threads"":32}",,,,,,,,,,,
reef-turin-microscopy-pareto-core-3710982/execution-0063,/mnt/main0/home/nclack/tmp/2026-09-07-chucky-microscopy-pr/worktree/build-microscopy-unified-corrected-20260916/turin-3710982/core/study.json,#/records/62,reef-turin-microscopy-pareto-core-3710982,retained_study,complete,partially_selected_in_current_report,execution-0063,e3091980e0d56c8e,63,sample,2,2,group-004,2026-09-16T19:34:41.779411+00:00,pass,,1,1,,0.0,true,,true,,true,microscopy,recorded_image_replay,,Chucky,f30f20802ed75093022d06e6a63fd431702f7d87,ee1b50a2eb19732c171ecc71f83109e648f72968,8b6ded22a7c577c1b044026cd9b50eaa7e0c6e7f93fdefbfdb9023590b9d6d6a,reef-turin,cpu-turin-gp-l-243-179,40,,cpu,32,32,32,4,0,fs,/mnt/main0/home/nclack/tmp/2026-09-07-chucky-microscopy-pr/worktree/build-microscopy-unified-corrected-20260916/sink/3710982,nfs,16,/mnt/main0/home/nclack/tmp/2026-09-07-chucky-microscopy-pr/worktree/build-microscopy-unified-corrected-20260916/turin-3710982/core/study.json#/storage,"{""async"":null,""hard"":true,""nconnect"":""16"",""proto"":""tcp"",""rsize"":""1048576"",""soft"":null,""sync"":null,""vers"":""3"",""wsize"":""1048576""}",raw_pack_cyclic_streaming_replay,raw_predecoded_planes,false,false,whole_raw_pack_preloaded_and_zero_padded_before_timing,bbbc022-mito,1,1eff677d3f7d6785bdc8e65079613d6ba2c801a19f33503517a12b8df54affc7,9a1600226d3f39e0c12979cea688dcc56740c3aa,8acabd8ba3f3d090aef4cd78c2c34bd5a35a04e6c5febdbb863fea395b7e7aff,u16,"[47472,520,696]","[47469,520,696]","[4,32,64]",16384,"[4096,4,4]","[16384,128,256]",1073741824,uncompressed_full_geometry,536870912,1073741824,native_layout_policy_in_study_metadata,16,recorded_command,15,,blosc-lz4,3,false,bit,4096,,,16,11581440,12255232,8,47472,2967,0,34362132480,36361273344,36361273344,20408029184,physical_sink_writes,,,,20325424599,19525807,,,1.683755553767048,1.7817140996891276,5.359358165268127,false,5.671158302989727,3.1829788538908836,coverage-qualified-through-final-close-v2,5.971280145000001,3.0,32.0,5.826126424000001,0.145153721,0.02430864362000219,8.278957735747099,2.0,2.042407485,10852007936,6071943168,0.041586698000000005,0.005693935113645792,0.005692365113645792,0.004136363044381142,1.999999987845058e-08,sufficient,161,539,3,765952,67108864,67403776,22,,,334962688,18874368,false,0,421138200,0,316088320,"[""/mnt/main0/home/nclack/tmp/2026-09-07-chucky-microscopy-pr/worktree/build-microscopy-cpu-scaling-20260916/turin-3708156/native-cpu/bench/bench_stream_microscopy"",""--input"",""/mnt/main0/home/nclack/src/chucky/.git/worktrees/worktree/modules/microscopy/annex/objects/74/px/SHA256-s11581440--1eff677d3f7d6785bdc8e65079613d6ba2c801a19f33503517a12b8df54affc7/SHA256-s11581440--1eff677d3f7d6785bdc8e65079613d6ba2c801a19f33503517a12b8df54affc7"",""--width"",""696"",""--height"",""520"",""--dtype"",""u16"",""--frames"",""47469"",""--warmup"",""2.0"",""--duration"",""3.0"",""--backend"",""cpu"",""--chunk-bytes"",""16K"",""--batch-bytes"",""64M"",""--concurrent-shards"",""16"",""--max-threads"",""32"",""--json"",""--codec"",""blosc-lz4"",""--codec-level"",""3"",""--chunk-depth"",""4"",""--max-attempts"",""1"",""--shuffle"",""bit"",""--blosc-block-bytes"",""4096"",""-o"",""/mnt/main0/home/nclack/tmp/2026-09-07-chucky-microscopy-pr/worktree/build-microscopy-unified-corrected-20260916/sink/3710982/chucky_io_1oz0zaq9""]","{""duration_s"":3.0,""min_gib"":32.0,""warmup_s"":2.0}",,1c3b0561cd4734fecc81,"{""allocated_cpus"":40,""arrival_bytes_per_s"":null,""backend"":""cpu"",""chunk_depth"":4,""completion_pause_ms"":null,""data_issue"":null,""dataset_version"":1,""dtype"":""u16"",""hostname"":""cpu-turin-gp-l-243-179"",""input_id"":""bbbc022-mito"",""input_sha256"":""1eff677d3f7d6785bdc8e65079613d6ba2c801a19f33503517a12b8df54affc7"",""io_workers"":32,""logical_spatial_shape"":[520,696],""memory_budget_bytes"":0,""minimum_logical_gib"":32.0,""nconnect"":16,""output_buffers"":4,""requested_duration_s"":3.0,""requested_warmup_s"":2.0,""sink"":""fs"",""source_order"":""cyclic"",""storage_type"":""nfs"",""study_id"":""reef-turin-microscopy-pareto-core-3710982"",""timing_policy"":""coverage-qualified-through-final-close-v2"",""worker_threads"":32}",,,,,,,,,,,
reef-turin-microscopy-pareto-core-3710982/execution-0144,/mnt/main0/home/nclack/tmp/2026-09-07-chucky-microscopy-pr/worktree/build-microscopy-unified-corrected-20260916/turin-3710982/core/study.json,#/records/143,reef-turin-microscopy-pareto-core-3710982,retained_study,complete,partially_selected_in_current_report,execution-0144,e3091980e0d56c8e,144,sample,3,3,group-004,2026-09-16T19:45:50.421881+00:00,pass,,1,1,,0.0,true,,true,,true,microscopy,recorded_image_replay,,Chucky,f30f20802ed75093022d06e6a63fd431702f7d87,ee1b50a2eb19732c171ecc71f83109e648f72968,8b6ded22a7c577c1b044026cd9b50eaa7e0c6e7f93fdefbfdb9023590b9d6d6a,reef-turin,cpu-turin-gp-l-243-179,40,,cpu,32,32,32,4,0,fs,/mnt/main0/home/nclack/tmp/2026-09-07-chucky-microscopy-pr/worktree/build-microscopy-unified-corrected-20260916/sink/3710982,nfs,16,/mnt/main0/home/nclack/tmp/2026-09-07-chucky-microscopy-pr/worktree/build-microscopy-unified-corrected-20260916/turin-3710982/core/study.json#/storage,"{""async"":null,""hard"":true,""nconnect"":""16"",""proto"":""tcp"",""rsize"":""1048576"",""soft"":null,""sync"":null,""vers"":""3"",""wsize"":""1048576""}",raw_pack_cyclic_streaming_replay,raw_predecoded_planes,false,false,whole_raw_pack_preloaded_and_zero_padded_before_timing,bbbc022-mito,1,1eff677d3f7d6785bdc8e65079613d6ba2c801a19f33503517a12b8df54affc7,9a1600226d3f39e0c12979cea688dcc56740c3aa,8acabd8ba3f3d090aef4cd78c2c34bd5a35a04e6c5febdbb863fea395b7e7aff,u16,"[47472,520,696]","[47469,520,696]","[4,32,64]",16384,"[4096,4,4]","[16384,128,256]",1073741824,uncompressed_full_geometry,536870912,1073741824,native_layout_policy_in_study_metadata,16,recorded_command,15,,blosc-lz4,3,false,bit,4096,,,16,11581440,12255232,0,47472,2967,0,34362132480,36361273344,36361273344,20408025088,physical_sink_writes,,,,20325424599,19527666,,,1.6837558917058109,1.7817144572886954,6.7036876413615385,false,7.093698845999715,3.9813892832157145,coverage-qualified-through-final-close-v2,4.773824557,3.0,32.0,4.696316155,0.077508402,0.016236122855907458,6.994825970381498,2.0,2.071201802,15907291136,8916242432,0.070936969,0.00793894310435295,0.007937353104352951,0.0038605269510298967,1.999999987845058e-08,sufficient,236,539,3,765952,67108864,67403776,22,,,335880192,18874368,false,0,421138200,0,317005824,"[""/mnt/main0/home/nclack/tmp/2026-09-07-chucky-microscopy-pr/worktree/build-microscopy-cpu-scaling-20260916/turin-3708156/native-cpu/bench/bench_stream_microscopy"",""--input"",""/mnt/main0/home/nclack/src/chucky/.git/worktrees/worktree/modules/microscopy/annex/objects/74/px/SHA256-s11581440--1eff677d3f7d6785bdc8e65079613d6ba2c801a19f33503517a12b8df54affc7/SHA256-s11581440--1eff677d3f7d6785bdc8e65079613d6ba2c801a19f33503517a12b8df54affc7"",""--width"",""696"",""--height"",""520"",""--dtype"",""u16"",""--frames"",""47469"",""--warmup"",""2.0"",""--duration"",""3.0"",""--backend"",""cpu"",""--chunk-bytes"",""16K"",""--batch-bytes"",""64M"",""--concurrent-shards"",""16"",""--max-threads"",""32"",""--json"",""--codec"",""blosc-lz4"",""--codec-level"",""3"",""--chunk-depth"",""4"",""--max-attempts"",""1"",""--shuffle"",""bit"",""--blosc-block-bytes"",""4096"",""-o"",""/mnt/main0/home/nclack/tmp/2026-09-07-chucky-microscopy-pr/worktree/build-microscopy-unified-corrected-20260916/sink/3710982/chucky_io_ljbfu8sw""]","{""duration_s"":3.0,""min_gib"":32.0,""warmup_s"":2.0}",,1c3b0561cd4734fecc81,"{""allocated_cpus"":40,""arrival_bytes_per_s"":null,""backend"":""cpu"",""chunk_depth"":4,""completion_pause_ms"":null,""data_issue"":null,""dataset_version"":1,""dtype"":""u16"",""hostname"":""cpu-turin-gp-l-243-179"",""input_id"":""bbbc022-mito"",""input_sha256"":""1eff677d3f7d6785bdc8e65079613d6ba2c801a19f33503517a12b8df54affc7"",""io_workers"":32,""logical_spatial_shape"":[520,696],""memory_budget_bytes"":0,""minimum_logical_gib"":32.0,""nconnect"":16,""output_buffers"":4,""requested_duration_s"":3.0,""requested_warmup_s"":2.0,""sink"":""fs"",""source_order"":""cyclic"",""storage_type"":""nfs"",""study_id"":""reef-turin-microscopy-pareto-core-3710982"",""timing_policy"":""coverage-qualified-through-final-close-v2"",""worker_threads"":32}",,,,,,,,,,,
reef-turin-microscopy-pareto-core-3710982/execution-0038,/mnt/main0/home/nclack/tmp/2026-09-07-chucky-microscopy-pr/worktree/build-microscopy-unified-corrected-20260916/turin-3710982/core/study.json,#/records/37,reef-turin-microscopy-pareto-core-3710982,retained_study,complete,partially_selected_in_current_report,execution-0038,f14e3b2aac2e55b5,38,sample,1,1,group-004,2026-09-16T19:31:19.276107+00:00,pass,,1,1,,0.0,true,,true,,true,microscopy,recorded_image_replay,,Chucky,f30f20802ed75093022d06e6a63fd431702f7d87,ee1b50a2eb19732c171ecc71f83109e648f72968,8b6ded22a7c577c1b044026cd9b50eaa7e0c6e7f93fdefbfdb9023590b9d6d6a,reef-turin,cpu-turin-gp-l-243-179,40,,cpu,32,32,32,4,0,fs,/mnt/main0/home/nclack/tmp/2026-09-07-chucky-microscopy-pr/worktree/build-microscopy-unified-corrected-20260916/sink/3710982,nfs,16,/mnt/main0/home/nclack/tmp/2026-09-07-chucky-microscopy-pr/worktree/build-microscopy-unified-corrected-20260916/turin-3710982/core/study.json#/storage,"{""async"":null,""hard"":true,""nconnect"":""16"",""proto"":""tcp"",""rsize"":""1048576"",""soft"":null,""sync"":null,""vers"":""3"",""wsize"":""1048576""}",raw_pack_cyclic_streaming_replay,raw_predecoded_planes,false,false,whole_raw_pack_preloaded_and_zero_padded_before_timing,bbbc022-mito,1,1eff677d3f7d6785bdc8e65079613d6ba2c801a19f33503517a12b8df54affc7,9a1600226d3f39e0c12979cea688dcc56740c3aa,8acabd8ba3f3d090aef4cd78c2c34bd5a35a04e6c5febdbb863fea395b7e7aff,u16,"[47470,520,696]","[47469,520,696]","[4,128,256]",262144,"[4096,1,1]","[16384,128,256]",1073741824,uncompressed_full_geometry,536870912,1073741824,native_layout_policy_in_study_metadata,16,recorded_command,15,,blosc-zstd,3,false,bit,262144,,,16,11581440,15728640,8,47470,2966,14,34360684800,46664908800,46666874880,18187378688,physical_sink_writes,,,,18159393613,23900208,,,1.889259875733006,2.565893396764797,4.043204211278329,false,5.491035942143332,2.1400995445464073,coverage-qualified-through-final-close-v2,7.914732886,3.0,32.0,7.790371035000001,0.12436185100000001,0.015712703484912025,10.1762964297086,2.0,2.0547887090000003,10970726400,4274647040,0.047232715,0.005904074910155535,0.005902614910155535,0.0007702740258537233,2.999999892949745e-08,sufficient,155,659,3,983040,67108864,70778880,18,,,392974336,18874368,false,0,426002696,0,374099968,"[""/mnt/main0/home/nclack/tmp/2026-09-07-chucky-microscopy-pr/worktree/build-microscopy-cpu-scaling-20260916/turin-3708156/native-cpu/bench/bench_stream_microscopy"",""--input"",""/mnt/main0/home/nclack/src/chucky/.git/worktrees/worktree/modules/microscopy/annex/objects/74/px/SHA256-s11581440--1eff677d3f7d6785bdc8e65079613d6ba2c801a19f33503517a12b8df54affc7/SHA256-s11581440--1eff677d3f7d6785bdc8e65079613d6ba2c801a19f33503517a12b8df54affc7"",""--width"",""696"",""--height"",""520"",""--dtype"",""u16"",""--frames"",""47469"",""--warmup"",""2.0"",""--duration"",""3.0"",""--backend"",""cpu"",""--chunk-bytes"",""256K"",""--batch-bytes"",""64M"",""--concurrent-shards"",""16"",""--max-threads"",""32"",""--json"",""--codec"",""blosc-zstd"",""--codec-level"",""3"",""--chunk-depth"",""4"",""--max-attempts"",""1"",""--shuffle"",""bit"",""--blosc-block-bytes"",""262144"",""-o"",""/mnt/main0/home/nclack/tmp/2026-09-07-chucky-microscopy-pr/worktree/build-microscopy-unified-corrected-20260916/sink/3710982/chucky_io__mlhgd5m""]","{""duration_s"":3.0,""min_gib"":32.0,""warmup_s"":2.0}",,1c3b0561cd4734fecc81,"{""allocated_cpus"":40,""arrival_bytes_per_s"":null,""backend"":""cpu"",""chunk_depth"":4,""completion_pause_ms"":null,""data_issue"":null,""dataset_version"":1,""dtype"":""u16"",""hostname"":""cpu-turin-gp-l-243-179"",""input_id"":""bbbc022-mito"",""input_sha256"":""1eff677d3f7d6785bdc8e65079613d6ba2c801a19f33503517a12b8df54affc7"",""io_workers"":32,""logical_spatial_shape"":[520,696],""memory_budget_bytes"":0,""minimum_logical_gib"":32.0,""nconnect"":16,""output_buffers"":4,""requested_duration_s"":3.0,""requested_warmup_s"":2.0,""sink"":""fs"",""source_order"":""cyclic"",""storage_type"":""nfs"",""study_id"":""reef-turin-microscopy-pareto-core-3710982"",""timing_policy"":""coverage-qualified-through-final-close-v2"",""worker_threads"":32}",,,,,,,,,,,
reef-turin-microscopy-pareto-core-3710982/execution-0065,/mnt/main0/home/nclack/tmp/2026-09-07-chucky-microscopy-pr/worktree/build-microscopy-unified-corrected-20260916/turin-3710982/core/study.json,#/records/64,reef-turin-microscopy-pareto-core-3710982,retained_study,complete,partially_selected_in_current_report,execution-0065,f14e3b2aac2e55b5,65,sample,2,2,group-004,2026-09-16T19:34:56.104359+00:00,pass,,1,1,,0.0,true,,true,,true,microscopy,recorded_image_replay,,Chucky,f30f20802ed75093022d06e6a63fd431702f7d87,ee1b50a2eb19732c171ecc71f83109e648f72968,8b6ded22a7c577c1b044026cd9b50eaa7e0c6e7f93fdefbfdb9023590b9d6d6a,reef-turin,cpu-turin-gp-l-243-179,40,,cpu,32,32,32,4,0,fs,/mnt/main0/home/nclack/tmp/2026-09-07-chucky-microscopy-pr/worktree/build-microscopy-unified-corrected-20260916/sink/3710982,nfs,16,/mnt/main0/home/nclack/tmp/2026-09-07-chucky-microscopy-pr/worktree/build-microscopy-unified-corrected-20260916/turin-3710982/core/study.json#/storage,"{""async"":null,""hard"":true,""nconnect"":""16"",""proto"":""tcp"",""rsize"":""1048576"",""soft"":null,""sync"":null,""vers"":""3"",""wsize"":""1048576""}",raw_pack_cyclic_streaming_replay,raw_predecoded_planes,false,false,whole_raw_pack_preloaded_and_zero_padded_before_timing,bbbc022-mito,1,1eff677d3f7d6785bdc8e65079613d6ba2c801a19f33503517a12b8df54affc7,9a1600226d3f39e0c12979cea688dcc56740c3aa,8acabd8ba3f3d090aef4cd78c2c34bd5a35a04e6c5febdbb863fea395b7e7aff,u16,"[47470,520,696]","[47469,520,696]","[4,128,256]",262144,"[4096,1,1]","[16384,128,256]",1073741824,uncompressed_full_geometry,536870912,1073741824,native_layout_policy_in_study_metadata,16,recorded_command,15,,blosc-zstd,3,false,bit,262144,,,16,11581440,15728640,0,47470,2966,14,34360684800,46664908800,46666874880,18187448320,physical_sink_writes,,,,18159468953,23894500,,,1.8892526425609109,2.5658835730508898,4.400820402157485,false,5.976711113104607,2.3293975556459188,coverage-qualified-through-final-close-v2,7.271571512,3.0,32.0,7.191271504,0.080300008,0.011043006022492377,9.506148092448711,2.0,2.021942967,11890851840,4633165824,0.018236823000000003,0.006329508067337275,0.0063279480673372746,0.0008091410272754729,1.999999987845058e-08,sufficient,168,659,3,983040,67108864,70778880,18,,,400744448,20447232,false,0,426002696,0,380297216,"[""/mnt/main0/home/nclack/tmp/2026-09-07-chucky-microscopy-pr/worktree/build-microscopy-cpu-scaling-20260916/turin-3708156/native-cpu/bench/bench_stream_microscopy"",""--input"",""/mnt/main0/home/nclack/src/chucky/.git/worktrees/worktree/modules/microscopy/annex/objects/74/px/SHA256-s11581440--1eff677d3f7d6785bdc8e65079613d6ba2c801a19f33503517a12b8df54affc7/SHA256-s11581440--1eff677d3f7d6785bdc8e65079613d6ba2c801a19f33503517a12b8df54affc7"",""--width"",""696"",""--height"",""520"",""--dtype"",""u16"",""--frames"",""47469"",""--warmup"",""2.0"",""--duration"",""3.0"",""--backend"",""cpu"",""--chunk-bytes"",""256K"",""--batch-bytes"",""64M"",""--concurrent-shards"",""16"",""--max-threads"",""32"",""--json"",""--codec"",""blosc-zstd"",""--codec-level"",""3"",""--chunk-depth"",""4"",""--max-attempts"",""1"",""--shuffle"",""bit"",""--blosc-block-bytes"",""262144"",""-o"",""/mnt/main0/home/nclack/tmp/2026-09-07-chucky-microscopy-pr/worktree/build-microscopy-unified-corrected-20260916/sink/3710982/chucky_io_mgxvankn""]","{""duration_s"":3.0,""min_gib"":32.0,""warmup_s"":2.0}",,1c3b0561cd4734fecc81,"{""allocated_cpus"":40,""arrival_bytes_per_s"":null,""backend"":""cpu"",""chunk_depth"":4,""completion_pause_ms"":null,""data_issue"":null,""dataset_version"":1,""dtype"":""u16"",""hostname"":""cpu-turin-gp-l-243-179"",""input_id"":""bbbc022-mito"",""input_sha256"":""1eff677d3f7d6785bdc8e65079613d6ba2c801a19f33503517a12b8df54affc7"",""io_workers"":32,""logical_spatial_shape"":[520,696],""memory_budget_bytes"":0,""minimum_logical_gib"":32.0,""nconnect"":16,""output_buffers"":4,""requested_duration_s"":3.0,""requested_warmup_s"":2.0,""sink"":""fs"",""source_order"":""cyclic"",""storage_type"":""nfs"",""study_id"":""reef-turin-microscopy-pareto-core-3710982"",""timing_policy"":""coverage-qualified-through-final-close-v2"",""worker_threads"":32}",,,,,,,,,,,
reef-turin-microscopy-pareto-core-3710982/execution-0128,/mnt/main0/home/nclack/tmp/2026-09-07-chucky-microscopy-pr/worktree/build-microscopy-unified-corrected-20260916/turin-3710982/core/study.json,#/records/127,reef-turin-microscopy-pareto-core-3710982,retained_study,complete,partially_selected_in_current_report,execution-0128,f14e3b2aac2e55b5,128,sample,3,3,group-004,2026-09-16T19:43:39.047217+00:00,pass,,1,1,,0.0,true,,true,,true,microscopy,recorded_image_replay,,Chucky,f30f20802ed75093022d06e6a63fd431702f7d87,ee1b50a2eb19732c171ecc71f83109e648f72968,8b6ded22a7c577c1b044026cd9b50eaa7e0c6e7f93fdefbfdb9023590b9d6d6a,reef-turin,cpu-turin-gp-l-243-179,40,,cpu,32,32,32,4,0,fs,/mnt/main0/home/nclack/tmp/2026-09-07-chucky-microscopy-pr/worktree/build-microscopy-unified-corrected-20260916/sink/3710982,nfs,16,/mnt/main0/home/nclack/tmp/2026-09-07-chucky-microscopy-pr/worktree/build-microscopy-unified-corrected-20260916/turin-3710982/core/study.json#/storage,"{""async"":null,""hard"":true,""nconnect"":""16"",""proto"":""tcp"",""rsize"":""1048576"",""soft"":null,""sync"":null,""vers"":""3"",""wsize"":""1048576""}",raw_pack_cyclic_streaming_replay,raw_predecoded_planes,false,false,whole_raw_pack_preloaded_and_zero_padded_before_timing,bbbc022-mito,1,1eff677d3f7d6785bdc8e65079613d6ba2c801a19f33503517a12b8df54affc7,9a1600226d3f39e0c12979cea688dcc56740c3aa,8acabd8ba3f3d090aef4cd78c2c34bd5a35a04e6c5febdbb863fea395b7e7aff,u16,"[47470,520,696]","[47469,520,696]","[4,128,256]",262144,"[4096,1,1]","[16384,128,256]",1073741824,uncompressed_full_geometry,536870912,1073741824,native_layout_policy_in_study_metadata,16,recorded_command,15,,blosc-zstd,3,false,bit,262144,,,16,11581440,15728640,8,47470,2966,14,34360684800,46664908800,46666874880,18187378688,physical_sink_writes,,,,18159393613,23900208,,,1.889259875733006,2.565893396764797,4.342556429168754,false,5.8975831481355065,2.298548970036938,coverage-qualified-through-final-close-v2,7.369134528000001,3.0,32.0,7.325969376000001,0.043165152000000005,0.00585756059086563,9.581367013044655,2.0,2.064516649,12386304000,4826214400,0.014749893000000002,0.006708607889755964,0.006706717889755964,0.0008173820096999407,2.999999892949745e-08,sufficient,175,659,3,983040,67108864,70778880,18,,,391331840,20447232,false,0,426002696,0,370884608,"[""/mnt/main0/home/nclack/tmp/2026-09-07-chucky-microscopy-pr/worktree/build-microscopy-cpu-scaling-20260916/turin-3708156/native-cpu/bench/bench_stream_microscopy"",""--input"",""/mnt/main0/home/nclack/src/chucky/.git/worktrees/worktree/modules/microscopy/annex/objects/74/px/SHA256-s11581440--1eff677d3f7d6785bdc8e65079613d6ba2c801a19f33503517a12b8df54affc7/SHA256-s11581440--1eff677d3f7d6785bdc8e65079613d6ba2c801a19f33503517a12b8df54affc7"",""--width"",""696"",""--height"",""520"",""--dtype"",""u16"",""--frames"",""47469"",""--warmup"",""2.0"",""--duration"",""3.0"",""--backend"",""cpu"",""--chunk-bytes"",""256K"",""--batch-bytes"",""64M"",""--concurrent-shards"",""16"",""--max-threads"",""32"",""--json"",""--codec"",""blosc-zstd"",""--codec-level"",""3"",""--chunk-depth"",""4"",""--max-attempts"",""1"",""--shuffle"",""bit"",""--blosc-block-bytes"",""262144"",""-o"",""/mnt/main0/home/nclack/tmp/2026-09-07-chucky-microscopy-pr/worktree/build-microscopy-unified-corrected-20260916/sink/3710982/chucky_io_rg7a7j22""]","{""duration_s"":3.0,""min_gib"":32.0,""warmup_s"":2.0}",,1c3b0561cd4734fecc81,"{""allocated_cpus"":40,""arrival_bytes_per_s"":null,""backend"":""cpu"",""chunk_depth"":4,""completion_pause_ms"":null,""data_issue"":null,""dataset_version"":1,""dtype"":""u16"",""hostname"":""cpu-turin-gp-l-243-179"",""input_id"":""bbbc022-mito"",""input_sha256"":""1eff677d3f7d6785bdc8e65079613d6ba2c801a19f33503517a12b8df54affc7"",""io_workers"":32,""logical_spatial_shape"":[520,696],""memory_budget_bytes"":0,""minimum_logical_gib"":32.0,""nconnect"":16,""output_buffers"":4,""requested_duration_s"":3.0,""requested_warmup_s"":2.0,""sink"":""fs"",""source_order"":""cyclic"",""storage_type"":""nfs"",""study_id"":""reef-turin-microscopy-pareto-core-3710982"",""timing_policy"":""coverage-qualified-through-final-close-v2"",""worker_threads"":32}",,,,,,,,,,,
reef-turin-microscopy-pareto-core-3710982/execution-0010,/mnt/main0/home/nclack/tmp/2026-09-07-chucky-microscopy-pr/worktree/build-microscopy-unified-corrected-20260916/turin-3710982/core/study.json,#/records/9,reef-turin-microscopy-pareto-core-3710982,retained_study,complete,partially_selected_in_current_report,execution-0010,f38913939de66e66,10,sample,1,1,group-004,2026-09-16T19:27:10.048529+00:00,pass,,1,1,,0.0,true,,true,,true,microscopy,recorded_image_replay,,Chucky,f30f20802ed75093022d06e6a63fd431702f7d87,ee1b50a2eb19732c171ecc71f83109e648f72968,8b6ded22a7c577c1b044026cd9b50eaa7e0c6e7f93fdefbfdb9023590b9d6d6a,reef-turin,cpu-turin-gp-l-243-179,40,,cpu,32,32,32,4,0,fs,/mnt/main0/home/nclack/tmp/2026-09-07-chucky-microscopy-pr/worktree/build-microscopy-unified-corrected-20260916/sink/3710982,nfs,16,/mnt/main0/home/nclack/tmp/2026-09-07-chucky-microscopy-pr/worktree/build-microscopy-unified-corrected-20260916/turin-3710982/core/study.json#/storage,"{""async"":null,""hard"":true,""nconnect"":""16"",""proto"":""tcp"",""rsize"":""1048576"",""soft"":null,""sync"":null,""vers"":""3"",""wsize"":""1048576""}",raw_pack_cyclic_streaming_replay,raw_predecoded_planes,false,false,whole_raw_pack_preloaded_and_zero_padded_before_timing,bbbc022-mito,1,1eff677d3f7d6785bdc8e65079613d6ba2c801a19f33503517a12b8df54affc7,9a1600226d3f39e0c12979cea688dcc56740c3aa,8acabd8ba3f3d090aef4cd78c2c34bd5a35a04e6c5febdbb863fea395b7e7aff,u16,"[47470,520,696]","[47469,520,696]","[4,128,256]",262144,"[4096,1,1]","[16384,128,256]",1073741824,uncompressed_full_geometry,536870912,1073741824,native_layout_policy_in_study_metadata,16,recorded_command,15,,blosc-zstd,3,false,bit,65536,,,16,11581440,15728640,0,47470,2966,14,34360684800,46664908800,46666874880,18325213184,physical_sink_writes,,,,18302093228,19041686,,,1.8750496627237492,2.5465938328480404,4.553525882164453,false,6.184098911494264,2.428482853995736,coverage-qualified-through-final-close-v2,7.027714899000001,3.0,32.0,6.995389286000001,0.032325613,0.004599733123009832,9.204565308988094,2.0,2.019113109,13306429440,5224005632,0.010787985,0.005856995971170664,0.005855435971170664,0.0008045490249060094,2.999999892949745e-08,sufficient,188,659,3,983040,67108864,70778880,18,,,272105472,20447232,false,0,426002696,0,251658240,"[""/mnt/main0/home/nclack/tmp/2026-09-07-chucky-microscopy-pr/worktree/build-microscopy-cpu-scaling-20260916/turin-3708156/native-cpu/bench/bench_stream_microscopy"",""--input"",""/mnt/main0/home/nclack/src/chucky/.git/worktrees/worktree/modules/microscopy/annex/objects/74/px/SHA256-s11581440--1eff677d3f7d6785bdc8e65079613d6ba2c801a19f33503517a12b8df54affc7/SHA256-s11581440--1eff677d3f7d6785bdc8e65079613d6ba2c801a19f33503517a12b8df54affc7"",""--width"",""696"",""--height"",""520"",""--dtype"",""u16"",""--frames"",""47469"",""--warmup"",""2.0"",""--duration"",""3.0"",""--backend"",""cpu"",""--chunk-bytes"",""256K"",""--batch-bytes"",""64M"",""--concurrent-shards"",""16"",""--max-threads"",""32"",""--json"",""--codec"",""blosc-zstd"",""--codec-level"",""3"",""--chunk-depth"",""4"",""--max-attempts"",""1"",""--shuffle"",""bit"",""--blosc-block-bytes"",""65536"",""-o"",""/mnt/main0/home/nclack/tmp/2026-09-07-chucky-microscopy-pr/worktree/build-microscopy-unified-corrected-20260916/sink/3710982/chucky_io_o2l_x3k3""]","{""duration_s"":3.0,""min_gib"":32.0,""warmup_s"":2.0}",,1c3b0561cd4734fecc81,"{""allocated_cpus"":40,""arrival_bytes_per_s"":null,""backend"":""cpu"",""chunk_depth"":4,""completion_pause_ms"":null,""data_issue"":null,""dataset_version"":1,""dtype"":""u16"",""hostname"":""cpu-turin-gp-l-243-179"",""input_id"":""bbbc022-mito"",""input_sha256"":""1eff677d3f7d6785bdc8e65079613d6ba2c801a19f33503517a12b8df54affc7"",""io_workers"":32,""logical_spatial_shape"":[520,696],""memory_budget_bytes"":0,""minimum_logical_gib"":32.0,""nconnect"":16,""output_buffers"":4,""requested_duration_s"":3.0,""requested_warmup_s"":2.0,""sink"":""fs"",""source_order"":""cyclic"",""storage_type"":""nfs"",""study_id"":""reef-turin-microscopy-pareto-core-3710982"",""timing_policy"":""coverage-qualified-through-final-close-v2"",""worker_threads"":32}",,,,,,,,,,,
reef-turin-microscopy-pareto-core-3710982/execution-0056,/mnt/main0/home/nclack/tmp/2026-09-07-chucky-microscopy-pr/worktree/build-microscopy-unified-corrected-20260916/turin-3710982/core/study.json,#/records/55,reef-turin-microscopy-pareto-core-3710982,retained_study,complete,partially_selected_in_current_report,execution-0056,f38913939de66e66,56,sample,2,2,group-004,2026-09-16T19:33:44.030146+00:00,pass,,1,1,,0.0,true,,true,,true,microscopy,recorded_image_replay,,Chucky,f30f20802ed75093022d06e6a63fd431702f7d87,ee1b50a2eb19732c171ecc71f83109e648f72968,8b6ded22a7c577c1b044026cd9b50eaa7e0c6e7f93fdefbfdb9023590b9d6d6a,reef-turin,cpu-turin-gp-l-243-179,40,,cpu,32,32,32,4,0,fs,/mnt/main0/home/nclack/tmp/2026-09-07-chucky-microscopy-pr/worktree/build-microscopy-unified-corrected-20260916/sink/3710982,nfs,16,/mnt/main0/home/nclack/tmp/2026-09-07-chucky-microscopy-pr/worktree/build-microscopy-unified-corrected-20260916/turin-3710982/core/study.json#/storage,"{""async"":null,""hard"":true,""nconnect"":""16"",""proto"":""tcp"",""rsize"":""1048576"",""soft"":null,""sync"":null,""vers"":""3"",""wsize"":""1048576""}",raw_pack_cyclic_streaming_replay,raw_predecoded_planes,false,false,whole_raw_pack_preloaded_and_zero_padded_before_timing,bbbc022-mito,1,1eff677d3f7d6785bdc8e65079613d6ba2c801a19f33503517a12b8df54affc7,9a1600226d3f39e0c12979cea688dcc56740c3aa,8acabd8ba3f3d090aef4cd78c2c34bd5a35a04e6c5febdbb863fea395b7e7aff,u16,"[47470,520,696]","[47469,520,696]","[4,128,256]",262144,"[4096,1,1]","[16384,128,256]",1073741824,uncompressed_full_geometry,536870912,1073741824,native_layout_policy_in_study_metadata,16,recorded_command,15,,blosc-zstd,3,false,bit,65536,,,16,11581440,15728640,8,47470,2966,14,34360684800,46664908800,46666874880,18325123072,physical_sink_writes,,,,18302011264,19033538,,,1.8750588830970336,2.5466063554740854,4.2651783625853135,false,5.792496797813628,2.274690328208691,coverage-qualified-through-final-close-v2,7.502823641000001,3.0,32.0,7.416005652000001,0.08681798900000001,0.011571375411994708,9.880585969425738,2.0,2.042193792,12952535040,5085069312,0.034482502000000005,0.00898772657443285,0.00898627657443285,0.0007964720134623349,1.999999987845058e-08,sufficient,183,659,3,983040,67108864,70778880,18,,,265814016,20447232,false,0,426002696,0,245366784,"[""/mnt/main0/home/nclack/tmp/2026-09-07-chucky-microscopy-pr/worktree/build-microscopy-cpu-scaling-20260916/turin-3708156/native-cpu/bench/bench_stream_microscopy"",""--input"",""/mnt/main0/home/nclack/src/chucky/.git/worktrees/worktree/modules/microscopy/annex/objects/74/px/SHA256-s11581440--1eff677d3f7d6785bdc8e65079613d6ba2c801a19f33503517a12b8df54affc7/SHA256-s11581440--1eff677d3f7d6785bdc8e65079613d6ba2c801a19f33503517a12b8df54affc7"",""--width"",""696"",""--height"",""520"",""--dtype"",""u16"",""--frames"",""47469"",""--warmup"",""2.0"",""--duration"",""3.0"",""--backend"",""cpu"",""--chunk-bytes"",""256K"",""--batch-bytes"",""64M"",""--concurrent-shards"",""16"",""--max-threads"",""32"",""--json"",""--codec"",""blosc-zstd"",""--codec-level"",""3"",""--chunk-depth"",""4"",""--max-attempts"",""1"",""--shuffle"",""bit"",""--blosc-block-bytes"",""65536"",""-o"",""/mnt/main0/home/nclack/tmp/2026-09-07-chucky-microscopy-pr/worktree/build-microscopy-unified-corrected-20260916/sink/3710982/chucky_io_s7o5oang""]","{""duration_s"":3.0,""min_gib"":32.0,""warmup_s"":2.0}",,1c3b0561cd4734fecc81,"{""allocated_cpus"":40,""arrival_bytes_per_s"":null,""backend"":""cpu"",""chunk_depth"":4,""completion_pause_ms"":null,""data_issue"":null,""dataset_version"":1,""dtype"":""u16"",""hostname"":""cpu-turin-gp-l-243-179"",""input_id"":""bbbc022-mito"",""input_sha256"":""1eff677d3f7d6785bdc8e65079613d6ba2c801a19f33503517a12b8df54affc7"",""io_workers"":32,""logical_spatial_shape"":[520,696],""memory_budget_bytes"":0,""minimum_logical_gib"":32.0,""nconnect"":16,""output_buffers"":4,""requested_duration_s"":3.0,""requested_warmup_s"":2.0,""sink"":""fs"",""source_order"":""cyclic"",""storage_type"":""nfs"",""study_id"":""reef-turin-microscopy-pareto-core-3710982"",""timing_policy"":""coverage-qualified-through-final-close-v2"",""worker_threads"":32}",,,,,,,,,,,
reef-turin-microscopy-pareto-core-3710982/execution-0154,/mnt/main0/home/nclack/tmp/2026-09-07-chucky-microscopy-pr/worktree/build-microscopy-unified-corrected-20260916/turin-3710982/core/study.json,#/records/153,reef-turin-microscopy-pareto-core-3710982,retained_study,complete,partially_selected_in_current_report,execution-0154,f38913939de66e66,154,sample,3,3,group-004,2026-09-16T19:47:00.023637+00:00,pass,,1,1,,0.0,true,,true,,true,microscopy,recorded_image_replay,,Chucky,f30f20802ed75093022d06e6a63fd431702f7d87,ee1b50a2eb19732c171ecc71f83109e648f72968,8b6ded22a7c577c1b044026cd9b50eaa7e0c6e7f93fdefbfdb9023590b9d6d6a,reef-turin,cpu-turin-gp-l-243-179,40,,cpu,32,32,32,4,0,fs,/mnt/main0/home/nclack/tmp/2026-09-07-chucky-microscopy-pr/worktree/build-microscopy-unified-corrected-20260916/sink/3710982,nfs,16,/mnt/main0/home/nclack/tmp/2026-09-07-chucky-microscopy-pr/worktree/build-microscopy-unified-corrected-20260916/turin-3710982/core/study.json#/storage,"{""async"":null,""hard"":true,""nconnect"":""16"",""proto"":""tcp"",""rsize"":""1048576"",""soft"":null,""sync"":null,""vers"":""3"",""wsize"":""1048576""}",raw_pack_cyclic_streaming_replay,raw_predecoded_planes,false,false,whole_raw_pack_preloaded_and_zero_padded_before_timing,bbbc022-mito,1,1eff677d3f7d6785bdc8e65079613d6ba2c801a19f33503517a12b8df54affc7,9a1600226d3f39e0c12979cea688dcc56740c3aa,8acabd8ba3f3d090aef4cd78c2c34bd5a35a04e6c5febdbb863fea395b7e7aff,u16,"[47470,520,696]","[47469,520,696]","[4,128,256]",262144,"[4096,1,1]","[16384,128,256]",1073741824,uncompressed_full_geometry,536870912,1073741824,native_layout_policy_in_study_metadata,16,recorded_command,15,,blosc-zstd,3,false,bit,65536,,,16,11581440,15728640,8,47470,2966,14,34360684800,46664908800,46666874880,18325123072,physical_sink_writes,,,,18302011264,19033538,,,1.8750588830970336,2.5466063554740854,4.38091296335647,false,5.949675064513499,2.336413604983182,coverage-qualified-through-final-close-v2,7.3046146720000005,3.0,32.0,7.275589312,0.029025360000000004,0.003973564835837244,9.483405854552984,2.0,2.016807278,12810977280,5029494784,0.014565884000000001,0.005635788059005737,0.005634278059005737,0.0007598730153404176,2.999999892949745e-08,sufficient,181,659,3,983040,67108864,70778880,18,,,270532608,20447232,false,0,426002696,0,250085376,"[""/mnt/main0/home/nclack/tmp/2026-09-07-chucky-microscopy-pr/worktree/build-microscopy-cpu-scaling-20260916/turin-3708156/native-cpu/bench/bench_stream_microscopy"",""--input"",""/mnt/main0/home/nclack/src/chucky/.git/worktrees/worktree/modules/microscopy/annex/objects/74/px/SHA256-s11581440--1eff677d3f7d6785bdc8e65079613d6ba2c801a19f33503517a12b8df54affc7/SHA256-s11581440--1eff677d3f7d6785bdc8e65079613d6ba2c801a19f33503517a12b8df54affc7"",""--width"",""696"",""--height"",""520"",""--dtype"",""u16"",""--frames"",""47469"",""--warmup"",""2.0"",""--duration"",""3.0"",""--backend"",""cpu"",""--chunk-bytes"",""256K"",""--batch-bytes"",""64M"",""--concurrent-shards"",""16"",""--max-threads"",""32"",""--json"",""--codec"",""blosc-zstd"",""--codec-level"",""3"",""--chunk-depth"",""4"",""--max-attempts"",""1"",""--shuffle"",""bit"",""--blosc-block-bytes"",""65536"",""-o"",""/mnt/main0/home/nclack/tmp/2026-09-07-chucky-microscopy-pr/worktree/build-microscopy-unified-corrected-20260916/sink/3710982/chucky_io_lay1p4cx""]","{""duration_s"":3.0,""min_gib"":32.0,""warmup_s"":2.0}",,1c3b0561cd4734fecc81,"{""allocated_cpus"":40,""arrival_bytes_per_s"":null,""backend"":""cpu"",""chunk_depth"":4,""completion_pause_ms"":null,""data_issue"":null,""dataset_version"":1,""dtype"":""u16"",""hostname"":""cpu-turin-gp-l-243-179"",""input_id"":""bbbc022-mito"",""input_sha256"":""1eff677d3f7d6785bdc8e65079613d6ba2c801a19f33503517a12b8df54affc7"",""io_workers"":32,""logical_spatial_shape"":[520,696],""memory_budget_bytes"":0,""minimum_logical_gib"":32.0,""nconnect"":16,""output_buffers"":4,""requested_duration_s"":3.0,""requested_warmup_s"":2.0,""sink"":""fs"",""source_order"":""cyclic"",""storage_type"":""nfs"",""study_id"":""reef-turin-microscopy-pareto-core-3710982"",""timing_policy"":""coverage-qualified-through-final-close-v2"",""worker_threads"":32}",,,,,,,,,,,
reef-l40-final-confirmation-3704091/execution-0068,/mnt/main0/home/nclack/tmp/2026-09-07-chucky-microscopy-pr/worktree/build-microscopy-confirmation-3rounds-20260916/run-3704091/confirmation/study.json,#/records/67,reef-l40-final-confirmation-3704091,retained_study,complete,partially_selected_in_current_report,execution-0068,02d08e0342f338b3,68,sample,1,1,group-008,2026-09-16T04:35:10.567200+00:00,pass,,1,1,,0.0,true,,true,,true,microscopy,recorded_image_replay,,Chucky,06fc280b28109cb0997ecf1a5373a3c867600aa1,ed084d68cf1af1916ca4551825a4f7b70caefddd,cfc8dfa2fbe670ed6a6490f3086d984814b414958c964e12e9f9aafa596dbe4c,reef-l40,cw-us-e4a2-l40-202-189,8,NVIDIA L40,gpu,4,,32,4,0,fs,/mnt/main0/home/nclack/tmp/2026-09-07-chucky-microscopy-pr/worktree/build-microscopy-confirmation-3rounds-20260916/run-3704091/sink,nfs,16,/mnt/main0/home/nclack/tmp/2026-09-07-chucky-microscopy-pr/worktree/build-microscopy-confirmation-3rounds-20260916/run-3704091/confirmation/study.json#/storage,"rw,noatime,vers=3,rsize=1048576,wsize=1048576,namlen=255,hard,noacl,forcerdirplus,proto=tcp,nconnect=16,timeo=600,retrans=2,sec=sys,mountaddr=172.31.226.61,mountvers=3,mountport=20048,mountproto=udp,lookupcache=pos,local_lock=none,remoteports=172.31.226.1-172.31.226.255,addr=172.31.226.84",raw_pack_cyclic_streaming_replay,raw_predecoded_planes,false,false,whole_raw_pack_preloaded_and_zero_padded_before_timing,bbbc022-mito,1,1eff677d3f7d6785bdc8e65079613d6ba2c801a19f33503517a12b8df54affc7,9a1600226d3f39e0c12979cea688dcc56740c3aa,8acabd8ba3f3d090aef4cd78c2c34bd5a35a04e6c5febdbb863fea395b7e7aff,u16,"[47470,520,696]","[47469,520,696]","[4,128,256]",262144,"[4096,1,1]","[16384,128,256]",1073741824,uncompressed_full_geometry,536870912,1073741824,native_layout_policy_in_study_metadata,16,recorded_command,15,,blosc-zstd,3,true,bit,65536,,65536,16,11581440,15728640,8,47470,2966,14,34360684800,46664908800,46666874880,18220421120,physical_sink_writes,,,,18196815021,19528530,18196815021,2858880,1.885833734231495,2.5612401915768674,4.2144755799346205,false,5.7236380781592,2.2348076703522475,coverage-qualified-through-final-close-v2,7.593087344000001,3.0,32.0,7.5171434050000006,0.075943939,0.010001720717727595,10.425730714923702,2.0,2.034596193,11678515200,4558884864,0.034443086000000005,0.00858350296999359,0.008580788969993591,0.14600542187690735,0.16903002560138702,sufficient,165,659,3,983040,67108864,70778880,18,,,759169024,117440512,false,2102722560,1642424277,551592432,2102722560,"[""/mnt/main0/home/nclack/tmp/2026-09-07-chucky-microscopy-pr/worktree/build-microscopy-fs-pareto-20260914/native/bench/bench_stream_microscopy"",""--input"",""/mnt/main0/home/nclack/src/chucky/.git/worktrees/worktree/modules/microscopy/annex/objects/74/px/SHA256-s11581440--1eff677d3f7d6785bdc8e65079613d6ba2c801a19f33503517a12b8df54affc7/SHA256-s11581440--1eff677d3f7d6785bdc8e65079613d6ba2c801a19f33503517a12b8df54affc7"",""--width"",""696"",""--height"",""520"",""--dtype"",""u16"",""--frames"",""47469"",""--warmup"",""2.0"",""--duration"",""3.0"",""--backend"",""gpu"",""--chunk-bytes"",""256K"",""--batch-bytes"",""64M"",""--concurrent-shards"",""16"",""--max-threads"",""4"",""--json"",""--codec"",""blosc-zstd"",""--codec-level"",""3"",""--chunk-depth"",""4"",""--max-attempts"",""1"",""--shuffle"",""bit"",""--blosc-block-bytes"",""65536"",""-o"",""/mnt/main0/home/nclack/tmp/2026-09-07-chucky-microscopy-pr/worktree/build-microscopy-confirmation-3rounds-20260916/run-3704091/sink/chucky_io_s5lamikg""]","{""duration_s"":3.0,""min_gib"":32.0,""warmup_s"":2.0}",,15f36c0c355c6df9491c,"{""allocated_cpus"":8,""arrival_bytes_per_s"":null,""backend"":""gpu"",""chunk_depth"":4,""completion_pause_ms"":null,""data_issue"":null,""dataset_version"":1,""dtype"":""u16"",""hostname"":""cw-us-e4a2-l40-202-189"",""input_id"":""bbbc022-mito"",""input_sha256"":""1eff677d3f7d6785bdc8e65079613d6ba2c801a19f33503517a12b8df54affc7"",""io_workers"":32,""logical_spatial_shape"":[520,696],""memory_budget_bytes"":0,""minimum_logical_gib"":32.0,""nconnect"":16,""output_buffers"":4,""requested_duration_s"":3.0,""requested_warmup_s"":2.0,""sink"":""fs"",""source_order"":""cyclic"",""storage_type"":""nfs"",""study_id"":""reef-l40-final-confirmation-3704091"",""timing_policy"":""coverage-qualified-through-final-close-v2"",""worker_threads"":4}",,,,,,,,,,,
reef-l40-final-confirmation-3704091/execution-0121,/mnt/main0/home/nclack/tmp/2026-09-07-chucky-microscopy-pr/worktree/build-microscopy-confirmation-3rounds-20260916/run-3704091/confirmation/study.json,#/records/120,reef-l40-final-confirmation-3704091,retained_study,complete,partially_selected_in_current_report,execution-0121,02d08e0342f338b3,121,sample,2,2,group-008,2026-09-16T04:58:29.224814+00:00,pass,,1,1,,0.0,true,,true,,true,microscopy,recorded_image_replay,,Chucky,06fc280b28109cb0997ecf1a5373a3c867600aa1,ed084d68cf1af1916ca4551825a4f7b70caefddd,cfc8dfa2fbe670ed6a6490f3086d984814b414958c964e12e9f9aafa596dbe4c,reef-l40,cw-us-e4a2-l40-202-189,8,NVIDIA L40,gpu,4,,32,4,0,fs,/mnt/main0/home/nclack/tmp/2026-09-07-chucky-microscopy-pr/worktree/build-microscopy-confirmation-3rounds-20260916/run-3704091/sink,nfs,16,/mnt/main0/home/nclack/tmp/2026-09-07-chucky-microscopy-pr/worktree/build-microscopy-confirmation-3rounds-20260916/run-3704091/confirmation/study.json#/storage,"rw,noatime,vers=3,rsize=1048576,wsize=1048576,namlen=255,hard,noacl,forcerdirplus,proto=tcp,nconnect=16,timeo=600,retrans=2,sec=sys,mountaddr=172.31.226.61,mountvers=3,mountport=20048,mountproto=udp,lookupcache=pos,local_lock=none,remoteports=172.31.226.1-172.31.226.255,addr=172.31.226.84",raw_pack_cyclic_streaming_replay,raw_predecoded_planes,false,false,whole_raw_pack_preloaded_and_zero_padded_before_timing,bbbc022-mito,1,1eff677d3f7d6785bdc8e65079613d6ba2c801a19f33503517a12b8df54affc7,9a1600226d3f39e0c12979cea688dcc56740c3aa,8acabd8ba3f3d090aef4cd78c2c34bd5a35a04e6c5febdbb863fea395b7e7aff,u16,"[47470,520,696]","[47469,520,696]","[4,128,256]",262144,"[4096,1,1]","[16384,128,256]",1073741824,uncompressed_full_geometry,536870912,1073741824,native_layout_policy_in_study_metadata,16,recorded_command,15,,blosc-zstd,3,true,bit,65536,,65536,16,11581440,15728640,0,47470,2966,14,34360684800,46664908800,46666874880,18220474368,physical_sink_writes,,,,18196858415,19538384,18196858415,2858880,1.885828223020719,2.561232706540256,4.224535807671163,false,5.7373004980883096,2.2401487403513722,coverage-qualified-through-final-close-v2,7.575005340000001,3.0,32.0,7.489630429000001,0.08537491100000001,0.01127060736831111,10.481733524007723,2.0,2.042966474,11466178560,4475990016,0.033187302,0.008327089767780304,0.008324749767780304,0.14489871263504028,0.29583990573883057,sufficient,162,659,3,983040,67108864,70778880,18,,,759169024,117440512,false,2102722560,1642424277,551592432,2102722560,"[""/mnt/main0/home/nclack/tmp/2026-09-07-chucky-microscopy-pr/worktree/build-microscopy-fs-pareto-20260914/native/bench/bench_stream_microscopy"",""--input"",""/mnt/main0/home/nclack/src/chucky/.git/worktrees/worktree/modules/microscopy/annex/objects/74/px/SHA256-s11581440--1eff677d3f7d6785bdc8e65079613d6ba2c801a19f33503517a12b8df54affc7/SHA256-s11581440--1eff677d3f7d6785bdc8e65079613d6ba2c801a19f33503517a12b8df54affc7"",""--width"",""696"",""--height"",""520"",""--dtype"",""u16"",""--frames"",""47469"",""--warmup"",""2.0"",""--duration"",""3.0"",""--backend"",""gpu"",""--chunk-bytes"",""256K"",""--batch-bytes"",""64M"",""--concurrent-shards"",""16"",""--max-threads"",""4"",""--json"",""--codec"",""blosc-zstd"",""--codec-level"",""3"",""--chunk-depth"",""4"",""--max-attempts"",""1"",""--shuffle"",""bit"",""--blosc-block-bytes"",""65536"",""-o"",""/mnt/main0/home/nclack/tmp/2026-09-07-chucky-microscopy-pr/worktree/build-microscopy-confirmation-3rounds-20260916/run-3704091/sink/chucky_io_vbg7t2gw""]","{""duration_s"":3.0,""min_gib"":32.0,""warmup_s"":2.0}",,15f36c0c355c6df9491c,"{""allocated_cpus"":8,""arrival_bytes_per_s"":null,""backend"":""gpu"",""chunk_depth"":4,""completion_pause_ms"":null,""data_issue"":null,""dataset_version"":1,""dtype"":""u16"",""hostname"":""cw-us-e4a2-l40-202-189"",""input_id"":""bbbc022-mito"",""input_sha256"":""1eff677d3f7d6785bdc8e65079613d6ba2c801a19f33503517a12b8df54affc7"",""io_workers"":32,""logical_spatial_shape"":[520,696],""memory_budget_bytes"":0,""minimum_logical_gib"":32.0,""nconnect"":16,""output_buffers"":4,""requested_duration_s"":3.0,""requested_warmup_s"":2.0,""sink"":""fs"",""source_order"":""cyclic"",""storage_type"":""nfs"",""study_id"":""reef-l40-final-confirmation-3704091"",""timing_policy"":""coverage-qualified-through-final-close-v2"",""worker_threads"":4}",,,,,,,,,,,
reef-l40-final-confirmation-3704091/execution-0190,/mnt/main0/home/nclack/tmp/2026-09-07-chucky-microscopy-pr/worktree/build-microscopy-confirmation-3rounds-20260916/run-3704091/confirmation/study.json,#/records/189,reef-l40-final-confirmation-3704091,retained_study,complete,partially_selected_in_current_report,execution-0190,02d08e0342f338b3,190,sample,3,3,group-008,2026-09-16T05:22:33.869575+00:00,pass,,1,1,,0.0,true,,true,,true,microscopy,recorded_image_replay,,Chucky,06fc280b28109cb0997ecf1a5373a3c867600aa1,ed084d68cf1af1916ca4551825a4f7b70caefddd,cfc8dfa2fbe670ed6a6490f3086d984814b414958c964e12e9f9aafa596dbe4c,reef-l40,cw-us-e4a2-l40-202-189,8,NVIDIA L40,gpu,4,,32,4,0,fs,/mnt/main0/home/nclack/tmp/2026-09-07-chucky-microscopy-pr/worktree/build-microscopy-confirmation-3rounds-20260916/run-3704091/sink,nfs,16,/mnt/main0/home/nclack/tmp/2026-09-07-chucky-microscopy-pr/worktree/build-microscopy-confirmation-3rounds-20260916/run-3704091/confirmation/study.json#/storage,"rw,noatime,vers=3,rsize=1048576,wsize=1048576,namlen=255,hard,noacl,forcerdirplus,proto=tcp,nconnect=16,timeo=600,retrans=2,sec=sys,mountaddr=172.31.226.61,mountvers=3,mountport=20048,mountproto=udp,lookupcache=pos,local_lock=none,remoteports=172.31.226.1-172.31.226.255,addr=172.31.226.84",raw_pack_cyclic_streaming_replay,raw_predecoded_planes,false,false,whole_raw_pack_preloaded_and_zero_padded_before_timing,bbbc022-mito,1,1eff677d3f7d6785bdc8e65079613d6ba2c801a19f33503517a12b8df54affc7,9a1600226d3f39e0c12979cea688dcc56740c3aa,8acabd8ba3f3d090aef4cd78c2c34bd5a35a04e6c5febdbb863fea395b7e7aff,u16,"[47470,520,696]","[47469,520,696]","[4,128,256]",262144,"[4096,1,1]","[16384,128,256]",1073741824,uncompressed_full_geometry,536870912,1073741824,native_layout_policy_in_study_metadata,16,recorded_command,15,,blosc-zstd,3,true,bit,65536,,65536,16,11581440,15728640,0,47470,2966,14,34360684800,46664908800,46666874880,18220474368,physical_sink_writes,,,,18196858415,19538384,18196858415,2858880,1.885828223020719,2.561232706540256,4.172451208461743,false,5.666565180166102,2.2125298918363634,coverage-qualified-through-final-close-v2,7.669563727000001,3.0,32.0,7.628315324000001,0.041248403,0.005378194180040353,10.355196865042672,2.0,2.032440987,11607736320,4531249152,0.030251554000000003,0.00825496711092615,0.008252398110926151,0.15196041762828827,0.1672118604183197,sufficient,164,659,3,983040,67108864,70778880,18,,,760217600,118489088,false,2102722560,1642424277,551592432,2102722560,"[""/mnt/main0/home/nclack/tmp/2026-09-07-chucky-microscopy-pr/worktree/build-microscopy-fs-pareto-20260914/native/bench/bench_stream_microscopy"",""--input"",""/mnt/main0/home/nclack/src/chucky/.git/worktrees/worktree/modules/microscopy/annex/objects/74/px/SHA256-s11581440--1eff677d3f7d6785bdc8e65079613d6ba2c801a19f33503517a12b8df54affc7/SHA256-s11581440--1eff677d3f7d6785bdc8e65079613d6ba2c801a19f33503517a12b8df54affc7"",""--width"",""696"",""--height"",""520"",""--dtype"",""u16"",""--frames"",""47469"",""--warmup"",""2.0"",""--duration"",""3.0"",""--backend"",""gpu"",""--chunk-bytes"",""256K"",""--batch-bytes"",""64M"",""--concurrent-shards"",""16"",""--max-threads"",""4"",""--json"",""--codec"",""blosc-zstd"",""--codec-level"",""3"",""--chunk-depth"",""4"",""--max-attempts"",""1"",""--shuffle"",""bit"",""--blosc-block-bytes"",""65536"",""-o"",""/mnt/main0/home/nclack/tmp/2026-09-07-chucky-microscopy-pr/worktree/build-microscopy-confirmation-3rounds-20260916/run-3704091/sink/chucky_io_qv029k9a""]","{""duration_s"":3.0,""min_gib"":32.0,""warmup_s"":2.0}",,15f36c0c355c6df9491c,"{""allocated_cpus"":8,""arrival_bytes_per_s"":null,""backend"":""gpu"",""chunk_depth"":4,""completion_pause_ms"":null,""data_issue"":null,""dataset_version"":1,""dtype"":""u16"",""hostname"":""cw-us-e4a2-l40-202-189"",""input_id"":""bbbc022-mito"",""input_sha256"":""1eff677d3f7d6785bdc8e65079613d6ba2c801a19f33503517a12b8df54affc7"",""io_workers"":32,""logical_spatial_shape"":[520,696],""memory_budget_bytes"":0,""minimum_logical_gib"":32.0,""nconnect"":16,""output_buffers"":4,""requested_duration_s"":3.0,""requested_warmup_s"":2.0,""sink"":""fs"",""source_order"":""cyclic"",""storage_type"":""nfs"",""study_id"":""reef-l40-final-confirmation-3704091"",""timing_policy"":""coverage-qualified-through-final-close-v2"",""worker_threads"":4}",,,,,,,,,,,
reef-l40-final-confirmation-3704091/execution-0022,/mnt/main0/home/nclack/tmp/2026-09-07-chucky-microscopy-pr/worktree/build-microscopy-confirmation-3rounds-20260916/run-3704091/confirmation/study.json,#/records/21,reef-l40-final-confirmation-3704091,retained_study,complete,partially_selected_in_current_report,execution-0022,0af03e8507bcc1ad,22,sample,1,1,group-008,2026-09-16T04:22:00.668148+00:00,pass,,1,1,,0.0,true,,true,,true,microscopy,recorded_image_replay,,Chucky,06fc280b28109cb0997ecf1a5373a3c867600aa1,ed084d68cf1af1916ca4551825a4f7b70caefddd,cfc8dfa2fbe670ed6a6490f3086d984814b414958c964e12e9f9aafa596dbe4c,reef-l40,cw-us-e4a2-l40-202-189,8,NVIDIA L40,gpu,4,,32,4,0,fs,/mnt/main0/home/nclack/tmp/2026-09-07-chucky-microscopy-pr/worktree/build-microscopy-confirmation-3rounds-20260916/run-3704091/sink,nfs,16,/mnt/main0/home/nclack/tmp/2026-09-07-chucky-microscopy-pr/worktree/build-microscopy-confirmation-3rounds-20260916/run-3704091/confirmation/study.json#/storage,"rw,noatime,vers=3,rsize=1048576,wsize=1048576,namlen=255,hard,noacl,forcerdirplus,proto=tcp,nconnect=16,timeo=600,retrans=2,sec=sys,mountaddr=172.31.226.61,mountvers=3,mountport=20048,mountproto=udp,lookupcache=pos,local_lock=none,remoteports=172.31.226.1-172.31.226.255,addr=172.31.226.84",raw_pack_cyclic_streaming_replay,raw_predecoded_planes,false,false,whole_raw_pack_preloaded_and_zero_padded_before_timing,bbbc022-mito,1,1eff677d3f7d6785bdc8e65079613d6ba2c801a19f33503517a12b8df54affc7,9a1600226d3f39e0c12979cea688dcc56740c3aa,8acabd8ba3f3d090aef4cd78c2c34bd5a35a04e6c5febdbb863fea395b7e7aff,u16,"[47470,520,696]","[47469,520,696]","[4,128,256]",262144,"[4096,1,1]","[16384,128,256]",1073741824,uncompressed_full_geometry,536870912,1073741824,native_layout_policy_in_study_metadata,16,recorded_command,15,,blosc-zstd,3,true,bit,262144,,262144,16,11581440,15728640,0,47470,2966,14,34360684800,46664908800,46666874880,17811333120,physical_sink_writes,,,,17786722328,20515321,17786722328,2858880,1.9291472776631782,2.620066368170874,2.762141678749773,false,3.751237517709252,1.4317940987845965,coverage-qualified-through-final-close-v2,11.58553245,3.0,32.0,11.509560331000001,0.075972119,0.00655749913332641,14.35427830403205,2.0,2.0588782620000003,7785676800,2970992640,0.054685925,0.010094689384691715,0.010092259384691715,0.14504653215408325,0.18326863646507263,sufficient,110,659,3,983040,67108864,70778880,18,,,758132736,117452800,false,2102722560,1642385937,551592432,2102722560,"[""/mnt/main0/home/nclack/tmp/2026-09-07-chucky-microscopy-pr/worktree/build-microscopy-fs-pareto-20260914/native/bench/bench_stream_microscopy"",""--input"",""/mnt/main0/home/nclack/src/chucky/.git/worktrees/worktree/modules/microscopy/annex/objects/74/px/SHA256-s11581440--1eff677d3f7d6785bdc8e65079613d6ba2c801a19f33503517a12b8df54affc7/SHA256-s11581440--1eff677d3f7d6785bdc8e65079613d6ba2c801a19f33503517a12b8df54affc7"",""--width"",""696"",""--height"",""520"",""--dtype"",""u16"",""--frames"",""47469"",""--warmup"",""2.0"",""--duration"",""3.0"",""--backend"",""gpu"",""--chunk-bytes"",""256K"",""--batch-bytes"",""64M"",""--concurrent-shards"",""16"",""--max-threads"",""4"",""--json"",""--codec"",""blosc-zstd"",""--codec-level"",""3"",""--chunk-depth"",""4"",""--max-attempts"",""1"",""--shuffle"",""bit"",""--blosc-block-bytes"",""262144"",""-o"",""/mnt/main0/home/nclack/tmp/2026-09-07-chucky-microscopy-pr/worktree/build-microscopy-confirmation-3rounds-20260916/run-3704091/sink/chucky_io_d5u473wy""]","{""duration_s"":3.0,""min_gib"":32.0,""warmup_s"":2.0}",,15f36c0c355c6df9491c,"{""allocated_cpus"":8,""arrival_bytes_per_s"":null,""backend"":""gpu"",""chunk_depth"":4,""completion_pause_ms"":null,""data_issue"":null,""dataset_version"":1,""dtype"":""u16"",""hostname"":""cw-us-e4a2-l40-202-189"",""input_id"":""bbbc022-mito"",""input_sha256"":""1eff677d3f7d6785bdc8e65079613d6ba2c801a19f33503517a12b8df54affc7"",""io_workers"":32,""logical_spatial_shape"":[520,696],""memory_budget_bytes"":0,""minimum_logical_gib"":32.0,""nconnect"":16,""output_buffers"":4,""requested_duration_s"":3.0,""requested_warmup_s"":2.0,""sink"":""fs"",""source_order"":""cyclic"",""storage_type"":""nfs"",""study_id"":""reef-l40-final-confirmation-3704091"",""timing_policy"":""coverage-qualified-through-final-close-v2"",""worker_threads"":4}",,,,,,,,,,,
reef-l40-final-confirmation-3704091/execution-0174,/mnt/main0/home/nclack/tmp/2026-09-07-chucky-microscopy-pr/worktree/build-microscopy-confirmation-3rounds-20260916/run-3704091/confirmation/study.json,#/records/173,reef-l40-final-confirmation-3704091,retained_study,complete,partially_selected_in_current_report,execution-0174,0af03e8507bcc1ad,174,sample,2,2,group-008,2026-09-16T05:17:21.048495+00:00,pass,,1,1,,0.0,true,,true,,true,microscopy,recorded_image_replay,,Chucky,06fc280b28109cb0997ecf1a5373a3c867600aa1,ed084d68cf1af1916ca4551825a4f7b70caefddd,cfc8dfa2fbe670ed6a6490f3086d984814b414958c964e12e9f9aafa596dbe4c,reef-l40,cw-us-e4a2-l40-202-189,8,NVIDIA L40,gpu,4,,32,4,0,fs,/mnt/main0/home/nclack/tmp/2026-09-07-chucky-microscopy-pr/worktree/build-microscopy-confirmation-3rounds-20260916/run-3704091/sink,nfs,16,/mnt/main0/home/nclack/tmp/2026-09-07-chucky-microscopy-pr/worktree/build-microscopy-confirmation-3rounds-20260916/run-3704091/confirmation/study.json#/storage,"rw,noatime,vers=3,rsize=1048576,wsize=1048576,namlen=255,hard,noacl,forcerdirplus,proto=tcp,nconnect=16,timeo=600,retrans=2,sec=sys,mountaddr=172.31.226.61,mountvers=3,mountport=20048,mountproto=udp,lookupcache=pos,local_lock=none,remoteports=172.31.226.1-172.31.226.255,addr=172.31.226.84",raw_pack_cyclic_streaming_replay,raw_predecoded_planes,false,false,whole_raw_pack_preloaded_and_zero_padded_before_timing,bbbc022-mito,1,1eff677d3f7d6785bdc8e65079613d6ba2c801a19f33503517a12b8df54affc7,9a1600226d3f39e0c12979cea688dcc56740c3aa,8acabd8ba3f3d090aef4cd78c2c34bd5a35a04e6c5febdbb863fea395b7e7aff,u16,"[47470,520,696]","[47469,520,696]","[4,128,256]",262144,"[4096,1,1]","[16384,128,256]",1073741824,uncompressed_full_geometry,536870912,1073741824,native_layout_policy_in_study_metadata,16,recorded_command,15,,blosc-zstd,3,true,bit,262144,,262144,16,11581440,15728640,8,47470,2966,14,34360684800,46664908800,46666874880,17811304448,physical_sink_writes,,,,17786680752,20528225,17786680752,2858880,1.9291503831353745,2.620070585859877,2.758598671475221,false,3.746425698175768,1.4299551936983441,coverage-qualified-through-final-close-v2,11.600412164000002,3.0,32.0,11.535110602000001,0.06530156200000001,0.005629244985161201,14.461249395040795,2.0,2.0566927610000003,7856455680,2998001664,0.052661788,0.01158849495353651,0.01158605795353651,0.17153967916965485,0.15877588093280792,sufficient,111,659,3,983040,67108864,70778880,18,,,760217600,117440512,false,2102722560,1642385937,551592432,2102722560,"[""/mnt/main0/home/nclack/tmp/2026-09-07-chucky-microscopy-pr/worktree/build-microscopy-fs-pareto-20260914/native/bench/bench_stream_microscopy"",""--input"",""/mnt/main0/home/nclack/src/chucky/.git/worktrees/worktree/modules/microscopy/annex/objects/74/px/SHA256-s11581440--1eff677d3f7d6785bdc8e65079613d6ba2c801a19f33503517a12b8df54affc7/SHA256-s11581440--1eff677d3f7d6785bdc8e65079613d6ba2c801a19f33503517a12b8df54affc7"",""--width"",""696"",""--height"",""520"",""--dtype"",""u16"",""--frames"",""47469"",""--warmup"",""2.0"",""--duration"",""3.0"",""--backend"",""gpu"",""--chunk-bytes"",""256K"",""--batch-bytes"",""64M"",""--concurrent-shards"",""16"",""--max-threads"",""4"",""--json"",""--codec"",""blosc-zstd"",""--codec-level"",""3"",""--chunk-depth"",""4"",""--max-attempts"",""1"",""--shuffle"",""bit"",""--blosc-block-bytes"",""262144"",""-o"",""/mnt/main0/home/nclack/tmp/2026-09-07-chucky-microscopy-pr/worktree/build-microscopy-confirmation-3rounds-20260916/run-3704091/sink/chucky_io_7zcyl_aj""]","{""duration_s"":3.0,""min_gib"":32.0,""warmup_s"":2.0}",,15f36c0c355c6df9491c,"{""allocated_cpus"":8,""arrival_bytes_per_s"":null,""backend"":""gpu"",""chunk_depth"":4,""completion_pause_ms"":null,""data_issue"":null,""dataset_version"":1,""dtype"":""u16"",""hostname"":""cw-us-e4a2-l40-202-189"",""input_id"":""bbbc022-mito"",""input_sha256"":""1eff677d3f7d6785bdc8e65079613d6ba2c801a19f33503517a12b8df54affc7"",""io_workers"":32,""logical_spatial_shape"":[520,696],""memory_budget_bytes"":0,""minimum_logical_gib"":32.0,""nconnect"":16,""output_buffers"":4,""requested_duration_s"":3.0,""requested_warmup_s"":2.0,""sink"":""fs"",""source_order"":""cyclic"",""storage_type"":""nfs"",""study_id"":""reef-l40-final-confirmation-3704091"",""timing_policy"":""coverage-qualified-through-final-close-v2"",""worker_threads"":4}",,,,,,,,,,,
reef-l40-final-confirmation-3704091/execution-0185,/mnt/main0/home/nclack/tmp/2026-09-07-chucky-microscopy-pr/worktree/build-microscopy-confirmation-3rounds-20260916/run-3704091/confirmation/study.json,#/records/184,reef-l40-final-confirmation-3704091,retained_study,complete,partially_selected_in_current_report,execution-0185,0af03e8507bcc1ad,185,sample,3,3,group-008,2026-09-16T05:21:06.090468+00:00,pass,,1,1,,0.0,true,,true,,true,microscopy,recorded_image_replay,,Chucky,06fc280b28109cb0997ecf1a5373a3c867600aa1,ed084d68cf1af1916ca4551825a4f7b70caefddd,cfc8dfa2fbe670ed6a6490f3086d984814b414958c964e12e9f9aafa596dbe4c,reef-l40,cw-us-e4a2-l40-202-189,8,NVIDIA L40,gpu,4,,32,4,0,fs,/mnt/main0/home/nclack/tmp/2026-09-07-chucky-microscopy-pr/worktree/build-microscopy-confirmation-3rounds-20260916/run-3704091/sink,nfs,16,/mnt/main0/home/nclack/tmp/2026-09-07-chucky-microscopy-pr/worktree/build-microscopy-confirmation-3rounds-20260916/run-3704091/confirmation/study.json#/storage,"rw,noatime,vers=3,rsize=1048576,wsize=1048576,namlen=255,hard,noacl,forcerdirplus,proto=tcp,nconnect=16,timeo=600,retrans=2,sec=sys,mountaddr=172.31.226.61,mountvers=3,mountport=20048,mountproto=udp,lookupcache=pos,local_lock=none,remoteports=172.31.226.1-172.31.226.255,addr=172.31.226.84",raw_pack_cyclic_streaming_replay,raw_predecoded_planes,false,false,whole_raw_pack_preloaded_and_zero_padded_before_timing,bbbc022-mito,1,1eff677d3f7d6785bdc8e65079613d6ba2c801a19f33503517a12b8df54affc7,9a1600226d3f39e0c12979cea688dcc56740c3aa,8acabd8ba3f3d090aef4cd78c2c34bd5a35a04e6c5febdbb863fea395b7e7aff,u16,"[47470,520,696]","[47469,520,696]","[4,128,256]",262144,"[4096,1,1]","[16384,128,256]",1073741824,uncompressed_full_geometry,536870912,1073741824,native_layout_policy_in_study_metadata,16,recorded_command,15,,blosc-zstd,3,true,bit,262144,,262144,16,11581440,15728640,8,47470,2966,14,34360684800,46664908800,46666874880,17811304448,physical_sink_writes,,,,17786680752,20528225,17786680752,2858880,1.9291503831353745,2.620070585859877,2.749373469871716,false,3.7338972240921713,1.4251732607232213,coverage-qualified-through-final-close-v2,11.63933526,3.0,32.0,11.562748653,0.076586607,0.006579981183564602,14.370821192045696,2.0,2.0508461430000002,7856455680,2998001664,0.044239083000000005,0.013386105366217137,0.013384231366217136,0.14395509660243988,0.16521011292934418,sufficient,111,659,3,983040,67108864,70778880,18,,,759169024,116391936,false,2102722560,1642385937,551592432,2102722560,"[""/mnt/main0/home/nclack/tmp/2026-09-07-chucky-microscopy-pr/worktree/build-microscopy-fs-pareto-20260914/native/bench/bench_stream_microscopy"",""--input"",""/mnt/main0/home/nclack/src/chucky/.git/worktrees/worktree/modules/microscopy/annex/objects/74/px/SHA256-s11581440--1eff677d3f7d6785bdc8e65079613d6ba2c801a19f33503517a12b8df54affc7/SHA256-s11581440--1eff677d3f7d6785bdc8e65079613d6ba2c801a19f33503517a12b8df54affc7"",""--width"",""696"",""--height"",""520"",""--dtype"",""u16"",""--frames"",""47469"",""--warmup"",""2.0"",""--duration"",""3.0"",""--backend"",""gpu"",""--chunk-bytes"",""256K"",""--batch-bytes"",""64M"",""--concurrent-shards"",""16"",""--max-threads"",""4"",""--json"",""--codec"",""blosc-zstd"",""--codec-level"",""3"",""--chunk-depth"",""4"",""--max-attempts"",""1"",""--shuffle"",""bit"",""--blosc-block-bytes"",""262144"",""-o"",""/mnt/main0/home/nclack/tmp/2026-09-07-chucky-microscopy-pr/worktree/build-microscopy-confirmation-3rounds-20260916/run-3704091/sink/chucky_io_q5pinvjz""]","{""duration_s"":3.0,""min_gib"":32.0,""warmup_s"":2.0}",,15f36c0c355c6df9491c,"{""allocated_cpus"":8,""arrival_bytes_per_s"":null,""backend"":""gpu"",""chunk_depth"":4,""completion_pause_ms"":null,""data_issue"":null,""dataset_version"":1,""dtype"":""u16"",""hostname"":""cw-us-e4a2-l40-202-189"",""input_id"":""bbbc022-mito"",""input_sha256"":""1eff677d3f7d6785bdc8e65079613d6ba2c801a19f33503517a12b8df54affc7"",""io_workers"":32,""logical_spatial_shape"":[520,696],""memory_budget_bytes"":0,""minimum_logical_gib"":32.0,""nconnect"":16,""output_buffers"":4,""requested_duration_s"":3.0,""requested_warmup_s"":2.0,""sink"":""fs"",""source_order"":""cyclic"",""storage_type"":""nfs"",""study_id"":""reef-l40-final-confirmation-3704091"",""timing_policy"":""coverage-qualified-through-final-close-v2"",""worker_threads"":4}",,,,,,,,,,,
reef-l40-final-confirmation-3704091/execution-0053,/mnt/main0/home/nclack/tmp/2026-09-07-chucky-microscopy-pr/worktree/build-microscopy-confirmation-3rounds-20260916/run-3704091/confirmation/study.json,#/records/52,reef-l40-final-confirmation-3704091,retained_study,complete,partially_selected_in_current_report,execution-0053,0b11036a3711bbe2,53,sample,1,1,group-008,2026-09-16T04:30:47.632791+00:00,pass,,1,1,,0.0,true,,true,,true,microscopy,recorded_image_replay,,Chucky,06fc280b28109cb0997ecf1a5373a3c867600aa1,ed084d68cf1af1916ca4551825a4f7b70caefddd,cfc8dfa2fbe670ed6a6490f3086d984814b414958c964e12e9f9aafa596dbe4c,reef-l40,cw-us-e4a2-l40-202-189,8,NVIDIA L40,gpu,4,,32,4,0,fs,/mnt/main0/home/nclack/tmp/2026-09-07-chucky-microscopy-pr/worktree/build-microscopy-confirmation-3rounds-20260916/run-3704091/sink,nfs,16,/mnt/main0/home/nclack/tmp/2026-09-07-chucky-microscopy-pr/worktree/build-microscopy-confirmation-3rounds-20260916/run-3704091/confirmation/study.json#/storage,"rw,noatime,vers=3,rsize=1048576,wsize=1048576,namlen=255,hard,noacl,forcerdirplus,proto=tcp,nconnect=16,timeo=600,retrans=2,sec=sys,mountaddr=172.31.226.61,mountvers=3,mountport=20048,mountproto=udp,lookupcache=pos,local_lock=none,remoteports=172.31.226.1-172.31.226.255,addr=172.31.226.84",raw_pack_cyclic_streaming_replay,raw_predecoded_planes,false,false,whole_raw_pack_preloaded_and_zero_padded_before_timing,bbbc022-mito,1,1eff677d3f7d6785bdc8e65079613d6ba2c801a19f33503517a12b8df54affc7,9a1600226d3f39e0c12979cea688dcc56740c3aa,8acabd8ba3f3d090aef4cd78c2c34bd5a35a04e6c5febdbb863fea395b7e7aff,u16,"[47470,520,696]","[47469,520,696]","[4,128,256]",262144,"[4096,1,1]","[16384,128,256]",1073741824,uncompressed_full_geometry,536870912,1073741824,native_layout_policy_in_study_metadata,16,recorded_command,15,,blosc-lz4,3,true,bit,65536,,65536,16,11581440,15728640,0,47470,2966,14,34360684800,46664908800,46666874880,25149964288,physical_sink_writes,,,,25125402833,20476106,25125402833,2858880,1.3662319519234778,1.8555443795308502,5.41813507198253,false,7.358316179989653,3.965750580156547,coverage-qualified-through-final-close-v2,5.906253735000001,3.0,32.0,5.821262156,0.08499157900000001,0.014390099513731778,8.790384268970229,2.0,2.024262588,15571353600,8390778880,0.023636773,0.01539220241977787,0.01539025641977787,0.1432664543390274,0.22203108668327332,sufficient,220,659,3,983040,67108864,70778880,18,,,678428672,117440512,false,876609536,870417118,551592432,876609536,"[""/mnt/main0/home/nclack/tmp/2026-09-07-chucky-microscopy-pr/worktree/build-microscopy-fs-pareto-20260914/native/bench/bench_stream_microscopy"",""--input"",""/mnt/main0/home/nclack/src/chucky/.git/worktrees/worktree/modules/microscopy/annex/objects/74/px/SHA256-s11581440--1eff677d3f7d6785bdc8e65079613d6ba2c801a19f33503517a12b8df54affc7/SHA256-s11581440--1eff677d3f7d6785bdc8e65079613d6ba2c801a19f33503517a12b8df54affc7"",""--width"",""696"",""--height"",""520"",""--dtype"",""u16"",""--frames"",""47469"",""--warmup"",""2.0"",""--duration"",""3.0"",""--backend"",""gpu"",""--chunk-bytes"",""256K"",""--batch-bytes"",""64M"",""--concurrent-shards"",""16"",""--max-threads"",""4"",""--json"",""--codec"",""blosc-lz4"",""--codec-level"",""3"",""--chunk-depth"",""4"",""--max-attempts"",""1"",""--shuffle"",""bit"",""--blosc-block-bytes"",""65536"",""-o"",""/mnt/main0/home/nclack/tmp/2026-09-07-chucky-microscopy-pr/worktree/build-microscopy-confirmation-3rounds-20260916/run-3704091/sink/chucky_io_llv5f5pb""]","{""duration_s"":3.0,""min_gib"":32.0,""warmup_s"":2.0}",,15f36c0c355c6df9491c,"{""allocated_cpus"":8,""arrival_bytes_per_s"":null,""backend"":""gpu"",""chunk_depth"":4,""completion_pause_ms"":null,""data_issue"":null,""dataset_version"":1,""dtype"":""u16"",""hostname"":""cw-us-e4a2-l40-202-189"",""input_id"":""bbbc022-mito"",""input_sha256"":""1eff677d3f7d6785bdc8e65079613d6ba2c801a19f33503517a12b8df54affc7"",""io_workers"":32,""logical_spatial_shape"":[520,696],""memory_budget_bytes"":0,""minimum_logical_gib"":32.0,""nconnect"":16,""output_buffers"":4,""requested_duration_s"":3.0,""requested_warmup_s"":2.0,""sink"":""fs"",""source_order"":""cyclic"",""storage_type"":""nfs"",""study_id"":""reef-l40-final-confirmation-3704091"",""timing_policy"":""coverage-qualified-through-final-close-v2"",""worker_threads"":4}",,,,,,,,,,,
reef-l40-final-confirmation-3704091/execution-0094,/mnt/main0/home/nclack/tmp/2026-09-07-chucky-microscopy-pr/worktree/build-microscopy-confirmation-3rounds-20260916/run-3704091/confirmation/study.json,#/records/93,reef-l40-final-confirmation-3704091,retained_study,complete,partially_selected_in_current_report,execution-0094,0b11036a3711bbe2,94,sample,2,2,group-008,2026-09-16T04:48:31.585182+00:00,pass,,1,1,,0.0,true,,true,,true,microscopy,recorded_image_replay,,Chucky,06fc280b28109cb0997ecf1a5373a3c867600aa1,ed084d68cf1af1916ca4551825a4f7b70caefddd,cfc8dfa2fbe670ed6a6490f3086d984814b414958c964e12e9f9aafa596dbe4c,reef-l40,cw-us-e4a2-l40-202-189,8,NVIDIA L40,gpu,4,,32,4,0,fs,/mnt/main0/home/nclack/tmp/2026-09-07-chucky-microscopy-pr/worktree/build-microscopy-confirmation-3rounds-20260916/run-3704091/sink,nfs,16,/mnt/main0/home/nclack/tmp/2026-09-07-chucky-microscopy-pr/worktree/build-microscopy-confirmation-3rounds-20260916/run-3704091/confirmation/study.json#/storage,"rw,noatime,vers=3,rsize=1048576,wsize=1048576,namlen=255,hard,noacl,forcerdirplus,proto=tcp,nconnect=16,timeo=600,retrans=2,sec=sys,mountaddr=172.31.226.61,mountvers=3,mountport=20048,mountproto=udp,lookupcache=pos,local_lock=none,remoteports=172.31.226.1-172.31.226.255,addr=172.31.226.84",raw_pack_cyclic_streaming_replay,raw_predecoded_planes,false,false,whole_raw_pack_preloaded_and_zero_padded_before_timing,bbbc022-mito,1,1eff677d3f7d6785bdc8e65079613d6ba2c801a19f33503517a12b8df54affc7,9a1600226d3f39e0c12979cea688dcc56740c3aa,8acabd8ba3f3d090aef4cd78c2c34bd5a35a04e6c5febdbb863fea395b7e7aff,u16,"[47470,520,696]","[47469,520,696]","[4,128,256]",262144,"[4096,1,1]","[16384,128,256]",1073741824,uncompressed_full_geometry,536870912,1073741824,native_layout_policy_in_study_metadata,16,recorded_command,15,,blosc-lz4,3,true,bit,65536,,65536,16,11581440,15728640,8,47470,2966,14,34360684800,46664908800,46666874880,25150025728,physical_sink_writes,,,,25125477391,20462988,25125477391,2858880,1.3662286143010025,1.8555398465475479,5.552166372651899,false,7.54034274977162,4.06386338324301,coverage-qualified-through-final-close-v2,5.763674716000001,3.0,32.0,5.70833363,0.055341086000000005,0.009601701818177346,8.396888023940846,2.0,2.044090197,16066805760,8657772544,0.038780721000000004,0.007993378783519267,0.007991383783519268,0.14927516877651215,0.16771705448627472,sufficient,227,659,3,983040,67108864,70778880,18,,,679481344,116396032,false,876609536,870417118,551592432,876609536,"[""/mnt/main0/home/nclack/tmp/2026-09-07-chucky-microscopy-pr/worktree/build-microscopy-fs-pareto-20260914/native/bench/bench_stream_microscopy"",""--input"",""/mnt/main0/home/nclack/src/chucky/.git/worktrees/worktree/modules/microscopy/annex/objects/74/px/SHA256-s11581440--1eff677d3f7d6785bdc8e65079613d6ba2c801a19f33503517a12b8df54affc7/SHA256-s11581440--1eff677d3f7d6785bdc8e65079613d6ba2c801a19f33503517a12b8df54affc7"",""--width"",""696"",""--height"",""520"",""--dtype"",""u16"",""--frames"",""47469"",""--warmup"",""2.0"",""--duration"",""3.0"",""--backend"",""gpu"",""--chunk-bytes"",""256K"",""--batch-bytes"",""64M"",""--concurrent-shards"",""16"",""--max-threads"",""4"",""--json"",""--codec"",""blosc-lz4"",""--codec-level"",""3"",""--chunk-depth"",""4"",""--max-attempts"",""1"",""--shuffle"",""bit"",""--blosc-block-bytes"",""65536"",""-o"",""/mnt/main0/home/nclack/tmp/2026-09-07-chucky-microscopy-pr/worktree/build-microscopy-confirmation-3rounds-20260916/run-3704091/sink/chucky_io_tb2x1wqe""]","{""duration_s"":3.0,""min_gib"":32.0,""warmup_s"":2.0}",,15f36c0c355c6df9491c,"{""allocated_cpus"":8,""arrival_bytes_per_s"":null,""backend"":""gpu"",""chunk_depth"":4,""completion_pause_ms"":null,""data_issue"":null,""dataset_version"":1,""dtype"":""u16"",""hostname"":""cw-us-e4a2-l40-202-189"",""input_id"":""bbbc022-mito"",""input_sha256"":""1eff677d3f7d6785bdc8e65079613d6ba2c801a19f33503517a12b8df54affc7"",""io_workers"":32,""logical_spatial_shape"":[520,696],""memory_budget_bytes"":0,""minimum_logical_gib"":32.0,""nconnect"":16,""output_buffers"":4,""requested_duration_s"":3.0,""requested_warmup_s"":2.0,""sink"":""fs"",""source_order"":""cyclic"",""storage_type"":""nfs"",""study_id"":""reef-l40-final-confirmation-3704091"",""timing_policy"":""coverage-qualified-through-final-close-v2"",""worker_threads"":4}",,,,,,,,,,,
reef-l40-final-confirmation-3704091/execution-0211,/mnt/main0/home/nclack/tmp/2026-09-07-chucky-microscopy-pr/worktree/build-microscopy-confirmation-3rounds-20260916/run-3704091/confirmation/study.json,#/records/210,reef-l40-final-confirmation-3704091,retained_study,complete,partially_selected_in_current_report,execution-0211,0b11036a3711bbe2,211,sample,3,3,group-008,2026-09-16T05:30:10.176019+00:00,pass,,1,1,,0.0,true,,true,,true,microscopy,recorded_image_replay,,Chucky,06fc280b28109cb0997ecf1a5373a3c867600aa1,ed084d68cf1af1916ca4551825a4f7b70caefddd,cfc8dfa2fbe670ed6a6490f3086d984814b414958c964e12e9f9aafa596dbe4c,reef-l40,cw-us-e4a2-l40-202-189,8,NVIDIA L40,gpu,4,,32,4,0,fs,/mnt/main0/home/nclack/tmp/2026-09-07-chucky-microscopy-pr/worktree/build-microscopy-confirmation-3rounds-20260916/run-3704091/sink,nfs,16,/mnt/main0/home/nclack/tmp/2026-09-07-chucky-microscopy-pr/worktree/build-microscopy-confirmation-3rounds-20260916/run-3704091/confirmation/study.json#/storage,"rw,noatime,vers=3,rsize=1048576,wsize=1048576,namlen=255,hard,noacl,forcerdirplus,proto=tcp,nconnect=16,timeo=600,retrans=2,sec=sys,mountaddr=172.31.226.61,mountvers=3,mountport=20048,mountproto=udp,lookupcache=pos,local_lock=none,remoteports=172.31.226.1-172.31.226.255,addr=172.31.226.84",raw_pack_cyclic_streaming_replay,raw_predecoded_planes,false,false,whole_raw_pack_preloaded_and_zero_padded_before_timing,bbbc022-mito,1,1eff677d3f7d6785bdc8e65079613d6ba2c801a19f33503517a12b8df54affc7,9a1600226d3f39e0c12979cea688dcc56740c3aa,8acabd8ba3f3d090aef4cd78c2c34bd5a35a04e6c5febdbb863fea395b7e7aff,u16,"[47470,520,696]","[47469,520,696]","[4,128,256]",262144,"[4096,1,1]","[16384,128,256]",1073741824,uncompressed_full_geometry,536870912,1073741824,native_layout_policy_in_study_metadata,16,recorded_command,15,,blosc-lz4,3,true,bit,65536,,65536,16,11581440,15728640,0,47470,2966,14,34360684800,46664908800,46666874880,25149964288,physical_sink_writes,,,,25125402833,20476106,25125402833,2858880,1.3662319519234778,1.8555443795308502,5.362269709908287,false,7.282445661154186,3.924860307609308,coverage-qualified-through-final-close-v2,5.967786881,3.0,32.0,5.915375968,0.052410913,0.008782303062273178,8.800104278023355,2.0,2.055961,14863564800,8009379840,0.04890684,0.010356956066251755,0.010354530066251755,0.14564670622348785,0.3179763853549957,sufficient,210,659,3,983040,67108864,70778880,18,,,678436864,116400128,false,876609536,870417118,551592432,876609536,"[""/mnt/main0/home/nclack/tmp/2026-09-07-chucky-microscopy-pr/worktree/build-microscopy-fs-pareto-20260914/native/bench/bench_stream_microscopy"",""--input"",""/mnt/main0/home/nclack/src/chucky/.git/worktrees/worktree/modules/microscopy/annex/objects/74/px/SHA256-s11581440--1eff677d3f7d6785bdc8e65079613d6ba2c801a19f33503517a12b8df54affc7/SHA256-s11581440--1eff677d3f7d6785bdc8e65079613d6ba2c801a19f33503517a12b8df54affc7"",""--width"",""696"",""--height"",""520"",""--dtype"",""u16"",""--frames"",""47469"",""--warmup"",""2.0"",""--duration"",""3.0"",""--backend"",""gpu"",""--chunk-bytes"",""256K"",""--batch-bytes"",""64M"",""--concurrent-shards"",""16"",""--max-threads"",""4"",""--json"",""--codec"",""blosc-lz4"",""--codec-level"",""3"",""--chunk-depth"",""4"",""--max-attempts"",""1"",""--shuffle"",""bit"",""--blosc-block-bytes"",""65536"",""-o"",""/mnt/main0/home/nclack/tmp/2026-09-07-chucky-microscopy-pr/worktree/build-microscopy-confirmation-3rounds-20260916/run-3704091/sink/chucky_io_xutln3km""]","{""duration_s"":3.0,""min_gib"":32.0,""warmup_s"":2.0}",,15f36c0c355c6df9491c,"{""allocated_cpus"":8,""arrival_bytes_per_s"":null,""backend"":""gpu"",""chunk_depth"":4,""completion_pause_ms"":null,""data_issue"":null,""dataset_version"":1,""dtype"":""u16"",""hostname"":""cw-us-e4a2-l40-202-189"",""input_id"":""bbbc022-mito"",""input_sha256"":""1eff677d3f7d6785bdc8e65079613d6ba2c801a19f33503517a12b8df54affc7"",""io_workers"":32,""logical_spatial_shape"":[520,696],""memory_budget_bytes"":0,""minimum_logical_gib"":32.0,""nconnect"":16,""output_buffers"":4,""requested_duration_s"":3.0,""requested_warmup_s"":2.0,""sink"":""fs"",""source_order"":""cyclic"",""storage_type"":""nfs"",""study_id"":""reef-l40-final-confirmation-3704091"",""timing_policy"":""coverage-qualified-through-final-close-v2"",""worker_threads"":4}",,,,,,,,,,,
reef-l40-final-confirmation-3704091/execution-0014,/mnt/main0/home/nclack/tmp/2026-09-07-chucky-microscopy-pr/worktree/build-microscopy-confirmation-3rounds-20260916/run-3704091/confirmation/study.json,#/records/13,reef-l40-final-confirmation-3704091,retained_study,complete,partially_selected_in_current_report,execution-0014,162326c020058f16,14,sample,1,1,group-008,2026-09-16T04:19:58.972909+00:00,pass,,1,1,,0.0,true,,true,,true,microscopy,recorded_image_replay,,Chucky,06fc280b28109cb0997ecf1a5373a3c867600aa1,ed084d68cf1af1916ca4551825a4f7b70caefddd,cfc8dfa2fbe670ed6a6490f3086d984814b414958c964e12e9f9aafa596dbe4c,reef-l40,cw-us-e4a2-l40-202-189,8,NVIDIA L40,gpu,4,,32,4,0,fs,/mnt/main0/home/nclack/tmp/2026-09-07-chucky-microscopy-pr/worktree/build-microscopy-confirmation-3rounds-20260916/run-3704091/sink,nfs,16,/mnt/main0/home/nclack/tmp/2026-09-07-chucky-microscopy-pr/worktree/build-microscopy-confirmation-3rounds-20260916/run-3704091/confirmation/study.json#/storage,"rw,noatime,vers=3,rsize=1048576,wsize=1048576,namlen=255,hard,noacl,forcerdirplus,proto=tcp,nconnect=16,timeo=600,retrans=2,sec=sys,mountaddr=172.31.226.61,mountvers=3,mountport=20048,mountproto=udp,lookupcache=pos,local_lock=none,remoteports=172.31.226.1-172.31.226.255,addr=172.31.226.84",raw_pack_cyclic_streaming_replay,raw_predecoded_planes,false,false,whole_raw_pack_preloaded_and_zero_padded_before_timing,bbbc022-mito,1,1eff677d3f7d6785bdc8e65079613d6ba2c801a19f33503517a12b8df54affc7,9a1600226d3f39e0c12979cea688dcc56740c3aa,8acabd8ba3f3d090aef4cd78c2c34bd5a35a04e6c5febdbb863fea395b7e7aff,u16,"[47470,520,696]","[47469,520,696]","[4,64,128]",65536,"[4096,2,2]","[16384,128,256]",1073741824,uncompressed_full_geometry,536870912,1073741824,native_layout_policy_in_study_metadata,16,recorded_command,15,,blosc-lz4,3,true,bit,65536,,65536,16,11581440,14155776,8,47470,2966,14,34360684800,41998417920,42000187392,24153358336,physical_sink_writes,,,,24118593380,18876010,24118593380,11403280,1.4226048536193092,1.7388963806908677,5.580457253132811,false,6.8208877680603335,3.922703630060941,coverage-qualified-through-final-close-v2,5.734455228000001,3.0,32.0,5.669976059000001,0.064479169,0.011244166435403198,8.441718706046231,2.0,2.042724013,17078943744,9819488256,0.039855390000000004,0.007948033374981404,0.007944916374981403,0.14767274260520935,0.16873608529567719,sufficient,254,624,3,884736,67108864,67239936,19,,,676331520,115343360,false,859832320,840407998,537513648,859832320,"[""/mnt/main0/home/nclack/tmp/2026-09-07-chucky-microscopy-pr/worktree/build-microscopy-fs-pareto-20260914/native/bench/bench_stream_microscopy"",""--input"",""/mnt/main0/home/nclack/src/chucky/.git/worktrees/worktree/modules/microscopy/annex/objects/74/px/SHA256-s11581440--1eff677d3f7d6785bdc8e65079613d6ba2c801a19f33503517a12b8df54affc7/SHA256-s11581440--1eff677d3f7d6785bdc8e65079613d6ba2c801a19f33503517a12b8df54affc7"",""--width"",""696"",""--height"",""520"",""--dtype"",""u16"",""--frames"",""47469"",""--warmup"",""2.0"",""--duration"",""3.0"",""--backend"",""gpu"",""--chunk-bytes"",""64K"",""--batch-bytes"",""64M"",""--concurrent-shards"",""16"",""--max-threads"",""4"",""--json"",""--codec"",""blosc-lz4"",""--codec-level"",""3"",""--chunk-depth"",""4"",""--max-attempts"",""1"",""--shuffle"",""bit"",""--blosc-block-bytes"",""65536"",""-o"",""/mnt/main0/home/nclack/tmp/2026-09-07-chucky-microscopy-pr/worktree/build-microscopy-confirmation-3rounds-20260916/run-3704091/sink/chucky_io_370n9wfm""]","{""duration_s"":3.0,""min_gib"":32.0,""warmup_s"":2.0}",,15f36c0c355c6df9491c,"{""allocated_cpus"":8,""arrival_bytes_per_s"":null,""backend"":""gpu"",""chunk_depth"":4,""completion_pause_ms"":null,""data_issue"":null,""dataset_version"":1,""dtype"":""u16"",""hostname"":""cw-us-e4a2-l40-202-189"",""input_id"":""bbbc022-mito"",""input_sha256"":""1eff677d3f7d6785bdc8e65079613d6ba2c801a19f33503517a12b8df54affc7"",""io_workers"":32,""logical_spatial_shape"":[520,696],""memory_budget_bytes"":0,""minimum_logical_gib"":32.0,""nconnect"":16,""output_buffers"":4,""requested_duration_s"":3.0,""requested_warmup_s"":2.0,""sink"":""fs"",""source_order"":""cyclic"",""storage_type"":""nfs"",""study_id"":""reef-l40-final-confirmation-3704091"",""timing_policy"":""coverage-qualified-through-final-close-v2"",""worker_threads"":4}",,,,,,,,,,,
reef-l40-final-confirmation-3704091/execution-0171,/mnt/main0/home/nclack/tmp/2026-09-07-chucky-microscopy-pr/worktree/build-microscopy-confirmation-3rounds-20260916/run-3704091/confirmation/study.json,#/records/170,reef-l40-final-confirmation-3704091,retained_study,complete,partially_selected_in_current_report,execution-0171,162326c020058f16,171,sample,2,2,group-008,2026-09-16T05:16:50.941242+00:00,pass,,1,1,,0.0,true,,true,,true,microscopy,recorded_image_replay,,Chucky,06fc280b28109cb0997ecf1a5373a3c867600aa1,ed084d68cf1af1916ca4551825a4f7b70caefddd,cfc8dfa2fbe670ed6a6490f3086d984814b414958c964e12e9f9aafa596dbe4c,reef-l40,cw-us-e4a2-l40-202-189,8,NVIDIA L40,gpu,4,,32,4,0,fs,/mnt/main0/home/nclack/tmp/2026-09-07-chucky-microscopy-pr/worktree/build-microscopy-confirmation-3rounds-20260916/run-3704091/sink,nfs,16,/mnt/main0/home/nclack/tmp/2026-09-07-chucky-microscopy-pr/worktree/build-microscopy-confirmation-3rounds-20260916/run-3704091/confirmation/study.json#/storage,"rw,noatime,vers=3,rsize=1048576,wsize=1048576,namlen=255,hard,noacl,forcerdirplus,proto=tcp,nconnect=16,timeo=600,retrans=2,sec=sys,mountaddr=172.31.226.61,mountvers=3,mountport=20048,mountproto=udp,lookupcache=pos,local_lock=none,remoteports=172.31.226.1-172.31.226.255,addr=172.31.226.84",raw_pack_cyclic_streaming_replay,raw_predecoded_planes,false,false,whole_raw_pack_preloaded_and_zero_padded_before_timing,bbbc022-mito,1,1eff677d3f7d6785bdc8e65079613d6ba2c801a19f33503517a12b8df54affc7,9a1600226d3f39e0c12979cea688dcc56740c3aa,8acabd8ba3f3d090aef4cd78c2c34bd5a35a04e6c5febdbb863fea395b7e7aff,u16,"[47470,520,696]","[47469,520,696]","[4,64,128]",65536,"[4096,2,2]","[16384,128,256]",1073741824,uncompressed_full_geometry,536870912,1073741824,native_layout_policy_in_study_metadata,16,recorded_command,15,,blosc-lz4,3,true,bit,65536,,65536,16,11581440,14155776,8,47470,2966,14,34360684800,41998417920,42000187392,24153358336,physical_sink_writes,,,,24118593380,18876010,24118593380,11403280,1.4226048536193092,1.7388963806908677,6.485854808751552,false,7.927537799199265,4.559139859767476,coverage-qualified-through-final-close-v2,4.933950149,3.0,32.0,4.884494012,0.049456137000000004,0.010023639377471952,7.659218612010591,2.0,2.03000578,17347903488,9974063104,0.023131857000000002,0.009973471346478462,0.009970741346478462,0.180348202586174,0.20389269292354584,sufficient,258,624,3,884736,67108864,67239936,19,,,679477248,117440512,false,859832320,840407998,537513648,859832320,"[""/mnt/main0/home/nclack/tmp/2026-09-07-chucky-microscopy-pr/worktree/build-microscopy-fs-pareto-20260914/native/bench/bench_stream_microscopy"",""--input"",""/mnt/main0/home/nclack/src/chucky/.git/worktrees/worktree/modules/microscopy/annex/objects/74/px/SHA256-s11581440--1eff677d3f7d6785bdc8e65079613d6ba2c801a19f33503517a12b8df54affc7/SHA256-s11581440--1eff677d3f7d6785bdc8e65079613d6ba2c801a19f33503517a12b8df54affc7"",""--width"",""696"",""--height"",""520"",""--dtype"",""u16"",""--frames"",""47469"",""--warmup"",""2.0"",""--duration"",""3.0"",""--backend"",""gpu"",""--chunk-bytes"",""64K"",""--batch-bytes"",""64M"",""--concurrent-shards"",""16"",""--max-threads"",""4"",""--json"",""--codec"",""blosc-lz4"",""--codec-level"",""3"",""--chunk-depth"",""4"",""--max-attempts"",""1"",""--shuffle"",""bit"",""--blosc-block-bytes"",""65536"",""-o"",""/mnt/main0/home/nclack/tmp/2026-09-07-chucky-microscopy-pr/worktree/build-microscopy-confirmation-3rounds-20260916/run-3704091/sink/chucky_io_xu7aythp""]","{""duration_s"":3.0,""min_gib"":32.0,""warmup_s"":2.0}",,15f36c0c355c6df9491c,"{""allocated_cpus"":8,""arrival_bytes_per_s"":null,""backend"":""gpu"",""chunk_depth"":4,""completion_pause_ms"":null,""data_issue"":null,""dataset_version"":1,""dtype"":""u16"",""hostname"":""cw-us-e4a2-l40-202-189"",""input_id"":""bbbc022-mito"",""input_sha256"":""1eff677d3f7d6785bdc8e65079613d6ba2c801a19f33503517a12b8df54affc7"",""io_workers"":32,""logical_spatial_shape"":[520,696],""memory_budget_bytes"":0,""minimum_logical_gib"":32.0,""nconnect"":16,""output_buffers"":4,""requested_duration_s"":3.0,""requested_warmup_s"":2.0,""sink"":""fs"",""source_order"":""cyclic"",""storage_type"":""nfs"",""study_id"":""reef-l40-final-confirmation-3704091"",""timing_policy"":""coverage-qualified-through-final-close-v2"",""worker_threads"":4}",,,,,,,,,,,
reef-l40-final-confirmation-3704091/execution-0215,/mnt/main0/home/nclack/tmp/2026-09-07-chucky-microscopy-pr/worktree/build-microscopy-confirmation-3rounds-20260916/run-3704091/confirmation/study.json,#/records/214,reef-l40-final-confirmation-3704091,retained_study,complete,partially_selected_in_current_report,execution-0215,162326c020058f16,215,sample,3,3,group-008,2026-09-16T05:30:42.519342+00:00,pass,,1,1,,0.0,true,,true,,true,microscopy,recorded_image_replay,,Chucky,06fc280b28109cb0997ecf1a5373a3c867600aa1,ed084d68cf1af1916ca4551825a4f7b70caefddd,cfc8dfa2fbe670ed6a6490f3086d984814b414958c964e12e9f9aafa596dbe4c,reef-l40,cw-us-e4a2-l40-202-189,8,NVIDIA L40,gpu,4,,32,4,0,fs,/mnt/main0/home/nclack/tmp/2026-09-07-chucky-microscopy-pr/worktree/build-microscopy-confirmation-3rounds-20260916/run-3704091/sink,nfs,16,/mnt/main0/home/nclack/tmp/2026-09-07-chucky-microscopy-pr/worktree/build-microscopy-confirmation-3rounds-20260916/run-3704091/confirmation/study.json#/storage,"rw,noatime,vers=3,rsize=1048576,wsize=1048576,namlen=255,hard,noacl,forcerdirplus,proto=tcp,nconnect=16,timeo=600,retrans=2,sec=sys,mountaddr=172.31.226.61,mountvers=3,mountport=20048,mountproto=udp,lookupcache=pos,local_lock=none,remoteports=172.31.226.1-172.31.226.255,addr=172.31.226.84",raw_pack_cyclic_streaming_replay,raw_predecoded_planes,false,false,whole_raw_pack_preloaded_and_zero_padded_before_timing,bbbc022-mito,1,1eff677d3f7d6785bdc8e65079613d6ba2c801a19f33503517a12b8df54affc7,9a1600226d3f39e0c12979cea688dcc56740c3aa,8acabd8ba3f3d090aef4cd78c2c34bd5a35a04e6c5febdbb863fea395b7e7aff,u16,"[47470,520,696]","[47469,520,696]","[4,64,128]",65536,"[4096,2,2]","[16384,128,256]",1073741824,uncompressed_full_geometry,536870912,1073741824,native_layout_policy_in_study_metadata,16,recorded_command,15,,blosc-lz4,3,true,bit,65536,,65536,16,11581440,14155776,8,47470,2966,14,34360684800,41998417920,42000187392,24153358336,physical_sink_writes,,,,24118593380,18876010,24118593380,11403280,1.4226048536193092,1.7388963806908677,5.925741407118782,false,7.242922363543169,4.165416411154333,coverage-qualified-through-final-close-v2,5.400316869,3.0,32.0,5.329923445,0.07039342400000001,0.013035054369510555,8.239406267064624,2.0,2.026433534,17616863232,10128637952,0.022134031000000002,0.00826795528726387,0.00826500728726387,0.14443661272525787,0.37911128997802734,sufficient,262,624,3,884736,67108864,67239936,19,,,675282944,115343360,false,859832320,840407998,537513648,859832320,"[""/mnt/main0/home/nclack/tmp/2026-09-07-chucky-microscopy-pr/worktree/build-microscopy-fs-pareto-20260914/native/bench/bench_stream_microscopy"",""--input"",""/mnt/main0/home/nclack/src/chucky/.git/worktrees/worktree/modules/microscopy/annex/objects/74/px/SHA256-s11581440--1eff677d3f7d6785bdc8e65079613d6ba2c801a19f33503517a12b8df54affc7/SHA256-s11581440--1eff677d3f7d6785bdc8e65079613d6ba2c801a19f33503517a12b8df54affc7"",""--width"",""696"",""--height"",""520"",""--dtype"",""u16"",""--frames"",""47469"",""--warmup"",""2.0"",""--duration"",""3.0"",""--backend"",""gpu"",""--chunk-bytes"",""64K"",""--batch-bytes"",""64M"",""--concurrent-shards"",""16"",""--max-threads"",""4"",""--json"",""--codec"",""blosc-lz4"",""--codec-level"",""3"",""--chunk-depth"",""4"",""--max-attempts"",""1"",""--shuffle"",""bit"",""--blosc-block-bytes"",""65536"",""-o"",""/mnt/main0/home/nclack/tmp/2026-09-07-chucky-microscopy-pr/worktree/build-microscopy-confirmation-3rounds-20260916/run-3704091/sink/chucky_io_9u1vi_zr""]","{""duration_s"":3.0,""min_gib"":32.0,""warmup_s"":2.0}",,15f36c0c355c6df9491c,"{""allocated_cpus"":8,""arrival_bytes_per_s"":null,""backend"":""gpu"",""chunk_depth"":4,""completion_pause_ms"":null,""data_issue"":null,""dataset_version"":1,""dtype"":""u16"",""hostname"":""cw-us-e4a2-l40-202-189"",""input_id"":""bbbc022-mito"",""input_sha256"":""1eff677d3f7d6785bdc8e65079613d6ba2c801a19f33503517a12b8df54affc7"",""io_workers"":32,""logical_spatial_shape"":[520,696],""memory_budget_bytes"":0,""minimum_logical_gib"":32.0,""nconnect"":16,""output_buffers"":4,""requested_duration_s"":3.0,""requested_warmup_s"":2.0,""sink"":""fs"",""source_order"":""cyclic"",""storage_type"":""nfs"",""study_id"":""reef-l40-final-confirmation-3704091"",""timing_policy"":""coverage-qualified-through-final-close-v2"",""worker_threads"":4}",,,,,,,,,,,
reef-l40-final-confirmation-3704091/execution-0092,/mnt/main0/home/nclack/tmp/2026-09-07-chucky-microscopy-pr/worktree/build-microscopy-confirmation-3rounds-20260916/run-3704091/confirmation/study.json,#/records/91,reef-l40-final-confirmation-3704091,retained_study,complete,partially_selected_in_current_report,execution-0092,51513cfd80e88103,92,sample,1,1,group-008,2026-09-16T04:48:13.808954+00:00,pass,,1,1,,0.0,true,,true,,true,microscopy,recorded_image_replay,,Chucky,06fc280b28109cb0997ecf1a5373a3c867600aa1,ed084d68cf1af1916ca4551825a4f7b70caefddd,cfc8dfa2fbe670ed6a6490f3086d984814b414958c964e12e9f9aafa596dbe4c,reef-l40,cw-us-e4a2-l40-202-189,8,NVIDIA L40,gpu,4,,32,4,0,fs,/mnt/main0/home/nclack/tmp/2026-09-07-chucky-microscopy-pr/worktree/build-microscopy-confirmation-3rounds-20260916/run-3704091/sink,nfs,16,/mnt/main0/home/nclack/tmp/2026-09-07-chucky-microscopy-pr/worktree/build-microscopy-confirmation-3rounds-20260916/run-3704091/confirmation/study.json#/storage,"rw,noatime,vers=3,rsize=1048576,wsize=1048576,namlen=255,hard,noacl,forcerdirplus,proto=tcp,nconnect=16,timeo=600,retrans=2,sec=sys,mountaddr=172.31.226.61,mountvers=3,mountport=20048,mountproto=udp,lookupcache=pos,local_lock=none,remoteports=172.31.226.1-172.31.226.255,addr=172.31.226.84",raw_pack_cyclic_streaming_replay,raw_predecoded_planes,false,false,whole_raw_pack_preloaded_and_zero_padded_before_timing,bbbc022-mito,1,1eff677d3f7d6785bdc8e65079613d6ba2c801a19f33503517a12b8df54affc7,9a1600226d3f39e0c12979cea688dcc56740c3aa,8acabd8ba3f3d090aef4cd78c2c34bd5a35a04e6c5febdbb863fea395b7e7aff,u16,"[47470,520,696]","[47469,520,696]","[4,64,128]",65536,"[4096,2,2]","[16384,128,256]",1073741824,uncompressed_full_geometry,536870912,1073741824,native_layout_policy_in_study_metadata,16,recorded_command,15,,lz4,1,true,none,,,,16,11581440,14155776,4,47470,2966,14,34360684800,41998417920,42000187392,29740527616,physical_sink_writes,,,,29707961556,16694156,29707961556,11403280,1.1553488641376497,1.41222065507017,5.0889932102901785,false,6.220180681230845,4.404724379833393,coverage-qualified-through-final-close-v2,6.288253809,3.0,32.0,6.2389827780000005,0.049271031,0.007835407490944676,9.01223315903917,2.0,2.034561848,13918666752,9851002880,0.02967532,0.008510908900778293,0.008504428900778294,0.16412675380706787,0.1608709990978241,sufficient,207,624,3,884736,67108864,67239936,19,,,677384192,117444608,false,721420288,706658638,538529456,721420288,"[""/mnt/main0/home/nclack/tmp/2026-09-07-chucky-microscopy-pr/worktree/build-microscopy-fs-pareto-20260914/native/bench/bench_stream_microscopy"",""--input"",""/mnt/main0/home/nclack/src/chucky/.git/worktrees/worktree/modules/microscopy/annex/objects/74/px/SHA256-s11581440--1eff677d3f7d6785bdc8e65079613d6ba2c801a19f33503517a12b8df54affc7/SHA256-s11581440--1eff677d3f7d6785bdc8e65079613d6ba2c801a19f33503517a12b8df54affc7"",""--width"",""696"",""--height"",""520"",""--dtype"",""u16"",""--frames"",""47469"",""--warmup"",""2.0"",""--duration"",""3.0"",""--backend"",""gpu"",""--chunk-bytes"",""64K"",""--batch-bytes"",""64M"",""--concurrent-shards"",""16"",""--max-threads"",""4"",""--json"",""--codec"",""lz4"",""--codec-level"",""1"",""--chunk-depth"",""4"",""--max-attempts"",""1"",""-o"",""/mnt/main0/home/nclack/tmp/2026-09-07-chucky-microscopy-pr/worktree/build-microscopy-confirmation-3rounds-20260916/run-3704091/sink/chucky_io_050p36g5""]","{""duration_s"":3.0,""min_gib"":32.0,""warmup_s"":2.0}",,15f36c0c355c6df9491c,"{""allocated_cpus"":8,""arrival_bytes_per_s"":null,""backend"":""gpu"",""chunk_depth"":4,""completion_pause_ms"":null,""data_issue"":null,""dataset_version"":1,""dtype"":""u16"",""hostname"":""cw-us-e4a2-l40-202-189"",""input_id"":""bbbc022-mito"",""input_sha256"":""1eff677d3f7d6785bdc8e65079613d6ba2c801a19f33503517a12b8df54affc7"",""io_workers"":32,""logical_spatial_shape"":[520,696],""memory_budget_bytes"":0,""minimum_logical_gib"":32.0,""nconnect"":16,""output_buffers"":4,""requested_duration_s"":3.0,""requested_warmup_s"":2.0,""sink"":""fs"",""source_order"":""cyclic"",""storage_type"":""nfs"",""study_id"":""reef-l40-final-confirmation-3704091"",""timing_policy"":""coverage-qualified-through-final-close-v2"",""worker_threads"":4}",,,,,,,,,,,
reef-l40-final-confirmation-3704091/execution-0115,/mnt/main0/home/nclack/tmp/2026-09-07-chucky-microscopy-pr/worktree/build-microscopy-confirmation-3rounds-20260916/run-3704091/confirmation/study.json,#/records/114,reef-l40-final-confirmation-3704091,retained_study,complete,partially_selected_in_current_report,execution-0115,51513cfd80e88103,115,sample,2,2,group-008,2026-09-16T04:57:30.214529+00:00,pass,,1,1,,0.0,true,,true,,true,microscopy,recorded_image_replay,,Chucky,06fc280b28109cb0997ecf1a5373a3c867600aa1,ed084d68cf1af1916ca4551825a4f7b70caefddd,cfc8dfa2fbe670ed6a6490f3086d984814b414958c964e12e9f9aafa596dbe4c,reef-l40,cw-us-e4a2-l40-202-189,8,NVIDIA L40,gpu,4,,32,4,0,fs,/mnt/main0/home/nclack/tmp/2026-09-07-chucky-microscopy-pr/worktree/build-microscopy-confirmation-3rounds-20260916/run-3704091/sink,nfs,16,/mnt/main0/home/nclack/tmp/2026-09-07-chucky-microscopy-pr/worktree/build-microscopy-confirmation-3rounds-20260916/run-3704091/confirmation/study.json#/storage,"rw,noatime,vers=3,rsize=1048576,wsize=1048576,namlen=255,hard,noacl,forcerdirplus,proto=tcp,nconnect=16,timeo=600,retrans=2,sec=sys,mountaddr=172.31.226.61,mountvers=3,mountport=20048,mountproto=udp,lookupcache=pos,local_lock=none,remoteports=172.31.226.1-172.31.226.255,addr=172.31.226.84",raw_pack_cyclic_streaming_replay,raw_predecoded_planes,false,false,whole_raw_pack_preloaded_and_zero_padded_before_timing,bbbc022-mito,1,1eff677d3f7d6785bdc8e65079613d6ba2c801a19f33503517a12b8df54affc7,9a1600226d3f39e0c12979cea688dcc56740c3aa,8acabd8ba3f3d090aef4cd78c2c34bd5a35a04e6c5febdbb863fea395b7e7aff,u16,"[47470,520,696]","[47469,520,696]","[4,64,128]",65536,"[4096,2,2]","[16384,128,256]",1073741824,uncompressed_full_geometry,536870912,1073741824,native_layout_policy_in_study_metadata,16,recorded_command,15,,lz4,1,true,none,,,,16,11581440,14155776,0,47470,2966,14,34360684800,41998417920,42000187392,29740572672,physical_sink_writes,,,,29708011635,16689133,29708011635,11403280,1.1553471138217093,1.4122185156018237,5.1094510996353915,false,6.245185720214429,4.422438009830963,coverage-qualified-through-final-close-v2,6.2630762650000005,3.0,32.0,6.168197751,0.09487851400000001,0.015148867742551751,9.084527686005458,2.0,2.041095038,13985906688,9898590208,0.037555445,0.009605012767212867,0.009598219767212868,0.1483708918094635,0.3530349135398865,sufficient,208,624,3,884736,67108864,67239936,19,,,675282944,116391936,false,721420288,706658638,538529456,721420288,"[""/mnt/main0/home/nclack/tmp/2026-09-07-chucky-microscopy-pr/worktree/build-microscopy-fs-pareto-20260914/native/bench/bench_stream_microscopy"",""--input"",""/mnt/main0/home/nclack/src/chucky/.git/worktrees/worktree/modules/microscopy/annex/objects/74/px/SHA256-s11581440--1eff677d3f7d6785bdc8e65079613d6ba2c801a19f33503517a12b8df54affc7/SHA256-s11581440--1eff677d3f7d6785bdc8e65079613d6ba2c801a19f33503517a12b8df54affc7"",""--width"",""696"",""--height"",""520"",""--dtype"",""u16"",""--frames"",""47469"",""--warmup"",""2.0"",""--duration"",""3.0"",""--backend"",""gpu"",""--chunk-bytes"",""64K"",""--batch-bytes"",""64M"",""--concurrent-shards"",""16"",""--max-threads"",""4"",""--json"",""--codec"",""lz4"",""--codec-level"",""1"",""--chunk-depth"",""4"",""--max-attempts"",""1"",""-o"",""/mnt/main0/home/nclack/tmp/2026-09-07-chucky-microscopy-pr/worktree/build-microscopy-confirmation-3rounds-20260916/run-3704091/sink/chucky_io_jsjnfj_1""]","{""duration_s"":3.0,""min_gib"":32.0,""warmup_s"":2.0}",,15f36c0c355c6df9491c,"{""allocated_cpus"":8,""arrival_bytes_per_s"":null,""backend"":""gpu"",""chunk_depth"":4,""completion_pause_ms"":null,""data_issue"":null,""dataset_version"":1,""dtype"":""u16"",""hostname"":""cw-us-e4a2-l40-202-189"",""input_id"":""bbbc022-mito"",""input_sha256"":""1eff677d3f7d6785bdc8e65079613d6ba2c801a19f33503517a12b8df54affc7"",""io_workers"":32,""logical_spatial_shape"":[520,696],""memory_budget_bytes"":0,""minimum_logical_gib"":32.0,""nconnect"":16,""output_buffers"":4,""requested_duration_s"":3.0,""requested_warmup_s"":2.0,""sink"":""fs"",""source_order"":""cyclic"",""storage_type"":""nfs"",""study_id"":""reef-l40-final-confirmation-3704091"",""timing_policy"":""coverage-qualified-through-final-close-v2"",""worker_threads"":4}",,,,,,,,,,,
reef-l40-final-confirmation-3704091/execution-0196,/mnt/main0/home/nclack/tmp/2026-09-07-chucky-microscopy-pr/worktree/build-microscopy-confirmation-3rounds-20260916/run-3704091/confirmation/study.json,#/records/195,reef-l40-final-confirmation-3704091,retained_study,complete,partially_selected_in_current_report,execution-0196,51513cfd80e88103,196,sample,3,3,group-008,2026-09-16T05:24:13.690352+00:00,pass,,1,1,,0.0,true,,true,,true,microscopy,recorded_image_replay,,Chucky,06fc280b28109cb0997ecf1a5373a3c867600aa1,ed084d68cf1af1916ca4551825a4f7b70caefddd,cfc8dfa2fbe670ed6a6490f3086d984814b414958c964e12e9f9aafa596dbe4c,reef-l40,cw-us-e4a2-l40-202-189,8,NVIDIA L40,gpu,4,,32,4,0,fs,/mnt/main0/home/nclack/tmp/2026-09-07-chucky-microscopy-pr/worktree/build-microscopy-confirmation-3rounds-20260916/run-3704091/sink,nfs,16,/mnt/main0/home/nclack/tmp/2026-09-07-chucky-microscopy-pr/worktree/build-microscopy-confirmation-3rounds-20260916/run-3704091/confirmation/study.json#/storage,"rw,noatime,vers=3,rsize=1048576,wsize=1048576,namlen=255,hard,noacl,forcerdirplus,proto=tcp,nconnect=16,timeo=600,retrans=2,sec=sys,mountaddr=172.31.226.61,mountvers=3,mountport=20048,mountproto=udp,lookupcache=pos,local_lock=none,remoteports=172.31.226.1-172.31.226.255,addr=172.31.226.84",raw_pack_cyclic_streaming_replay,raw_predecoded_planes,false,false,whole_raw_pack_preloaded_and_zero_padded_before_timing,bbbc022-mito,1,1eff677d3f7d6785bdc8e65079613d6ba2c801a19f33503517a12b8df54affc7,9a1600226d3f39e0c12979cea688dcc56740c3aa,8acabd8ba3f3d090aef4cd78c2c34bd5a35a04e6c5febdbb863fea395b7e7aff,u16,"[47470,520,696]","[47469,520,696]","[4,64,128]",65536,"[4096,2,2]","[16384,128,256]",1073741824,uncompressed_full_geometry,536870912,1073741824,native_layout_policy_in_study_metadata,16,recorded_command,15,,lz4,1,true,none,,,,16,11581440,14155776,4,47470,2966,14,34360684800,41998417920,42000187392,29740527616,physical_sink_writes,,,,29707961556,16694156,29707961556,11403280,1.1553488641376497,1.41222065507017,4.9341743124171185,false,6.0309484366236985,4.270722503684232,coverage-qualified-through-final-close-v2,6.4855594750000005,3.0,32.0,6.395752349,0.089807126,0.013847244227145106,9.125494615989737,2.0,2.0414940980000003,13380747264,9470287872,0.039665089,0.008070269696830272,0.008067908696830273,0.15998636186122894,0.16106556355953217,sufficient,199,624,3,884736,67108864,67239936,19,,,676343808,115355648,false,721420288,706658638,538529456,721420288,"[""/mnt/main0/home/nclack/tmp/2026-09-07-chucky-microscopy-pr/worktree/build-microscopy-fs-pareto-20260914/native/bench/bench_stream_microscopy"",""--input"",""/mnt/main0/home/nclack/src/chucky/.git/worktrees/worktree/modules/microscopy/annex/objects/74/px/SHA256-s11581440--1eff677d3f7d6785bdc8e65079613d6ba2c801a19f33503517a12b8df54affc7/SHA256-s11581440--1eff677d3f7d6785bdc8e65079613d6ba2c801a19f33503517a12b8df54affc7"",""--width"",""696"",""--height"",""520"",""--dtype"",""u16"",""--frames"",""47469"",""--warmup"",""2.0"",""--duration"",""3.0"",""--backend"",""gpu"",""--chunk-bytes"",""64K"",""--batch-bytes"",""64M"",""--concurrent-shards"",""16"",""--max-threads"",""4"",""--json"",""--codec"",""lz4"",""--codec-level"",""1"",""--chunk-depth"",""4"",""--max-attempts"",""1"",""-o"",""/mnt/main0/home/nclack/tmp/2026-09-07-chucky-microscopy-pr/worktree/build-microscopy-confirmation-3rounds-20260916/run-3704091/sink/chucky_io_d37et755""]","{""duration_s"":3.0,""min_gib"":32.0,""warmup_s"":2.0}",,15f36c0c355c6df9491c,"{""allocated_cpus"":8,""arrival_bytes_per_s"":null,""backend"":""gpu"",""chunk_depth"":4,""completion_pause_ms"":null,""data_issue"":null,""dataset_version"":1,""dtype"":""u16"",""hostname"":""cw-us-e4a2-l40-202-189"",""input_id"":""bbbc022-mito"",""input_sha256"":""1eff677d3f7d6785bdc8e65079613d6ba2c801a19f33503517a12b8df54affc7"",""io_workers"":32,""logical_spatial_shape"":[520,696],""memory_budget_bytes"":0,""minimum_logical_gib"":32.0,""nconnect"":16,""output_buffers"":4,""requested_duration_s"":3.0,""requested_warmup_s"":2.0,""sink"":""fs"",""source_order"":""cyclic"",""storage_type"":""nfs"",""study_id"":""reef-l40-final-confirmation-3704091"",""timing_policy"":""coverage-qualified-through-final-close-v2"",""worker_threads"":4}",,,,,,,,,,,
reef-l40-final-confirmation-3704091/execution-0075,/mnt/main0/home/nclack/tmp/2026-09-07-chucky-microscopy-pr/worktree/build-microscopy-confirmation-3rounds-20260916/run-3704091/confirmation/study.json,#/records/74,reef-l40-final-confirmation-3704091,retained_study,complete,partially_selected_in_current_report,execution-0075,7456d44092f38131,75,sample,1,1,group-008,2026-09-16T04:38:54.754742+00:00,pass,,1,1,,0.0,true,,true,,true,microscopy,recorded_image_replay,,Chucky,06fc280b28109cb0997ecf1a5373a3c867600aa1,ed084d68cf1af1916ca4551825a4f7b70caefddd,cfc8dfa2fbe670ed6a6490f3086d984814b414958c964e12e9f9aafa596dbe4c,reef-l40,cw-us-e4a2-l40-202-189,8,NVIDIA L40,gpu,4,,32,4,0,fs,/mnt/main0/home/nclack/tmp/2026-09-07-chucky-microscopy-pr/worktree/build-microscopy-confirmation-3rounds-20260916/run-3704091/sink,nfs,16,/mnt/main0/home/nclack/tmp/2026-09-07-chucky-microscopy-pr/worktree/build-microscopy-confirmation-3rounds-20260916/run-3704091/confirmation/study.json#/storage,"rw,noatime,vers=3,rsize=1048576,wsize=1048576,namlen=255,hard,noacl,forcerdirplus,proto=tcp,nconnect=16,timeo=600,retrans=2,sec=sys,mountaddr=172.31.226.61,mountvers=3,mountport=20048,mountproto=udp,lookupcache=pos,local_lock=none,remoteports=172.31.226.1-172.31.226.255,addr=172.31.226.84",raw_pack_cyclic_streaming_replay,raw_predecoded_planes,false,false,whole_raw_pack_preloaded_and_zero_padded_before_timing,bbbc022-mito,1,1eff677d3f7d6785bdc8e65079613d6ba2c801a19f33503517a12b8df54affc7,9a1600226d3f39e0c12979cea688dcc56740c3aa,8acabd8ba3f3d090aef4cd78c2c34bd5a35a04e6c5febdbb863fea395b7e7aff,u16,"[47472,520,696]","[47469,520,696]","[4,32,64]",16384,"[4096,4,4]","[16384,128,256]",1073741824,uncompressed_full_geometry,536870912,1073741824,native_layout_policy_in_study_metadata,16,recorded_command,15,,blosc-lz4,3,true,bit,4096,,4096,16,11581440,12255232,8,47472,2967,0,34362132480,36361273344,36361273344,23629651968,physical_sink_writes,,,,23547705279,18875170,23547705279,45581760,1.4541954543610822,1.5387985143937606,6.3211384901106475,false,6.688893748873303,4.346828831914048,coverage-qualified-through-final-close-v2,5.06273173,3.0,32.0,4.966899795000001,0.09583193500000001,0.01892889849014378,7.93336733803153,2.0,2.048610049,15570272256,10107211776,0.047289882000000005,0.015267140227203846,0.015264672227203846,0.1472334861755371,0.35605567693710327,sufficient,231,539,3,765952,67108864,67403776,22,,,720375808,114298880,false,1365245952,1348449758,538498096,1365245952,"[""/mnt/main0/home/nclack/tmp/2026-09-07-chucky-microscopy-pr/worktree/build-microscopy-fs-pareto-20260914/native/bench/bench_stream_microscopy"",""--input"",""/mnt/main0/home/nclack/src/chucky/.git/worktrees/worktree/modules/microscopy/annex/objects/74/px/SHA256-s11581440--1eff677d3f7d6785bdc8e65079613d6ba2c801a19f33503517a12b8df54affc7/SHA256-s11581440--1eff677d3f7d6785bdc8e65079613d6ba2c801a19f33503517a12b8df54affc7"",""--width"",""696"",""--height"",""520"",""--dtype"",""u16"",""--frames"",""47469"",""--warmup"",""2.0"",""--duration"",""3.0"",""--backend"",""gpu"",""--chunk-bytes"",""16K"",""--batch-bytes"",""64M"",""--concurrent-shards"",""16"",""--max-threads"",""4"",""--json"",""--codec"",""blosc-lz4"",""--codec-level"",""3"",""--chunk-depth"",""4"",""--max-attempts"",""1"",""--shuffle"",""bit"",""--blosc-block-bytes"",""4096"",""-o"",""/mnt/main0/home/nclack/tmp/2026-09-07-chucky-microscopy-pr/worktree/build-microscopy-confirmation-3rounds-20260916/run-3704091/sink/chucky_io_d6g9e6r8""]","{""duration_s"":3.0,""min_gib"":32.0,""warmup_s"":2.0}",,15f36c0c355c6df9491c,"{""allocated_cpus"":8,""arrival_bytes_per_s"":null,""backend"":""gpu"",""chunk_depth"":4,""completion_pause_ms"":null,""data_issue"":null,""dataset_version"":1,""dtype"":""u16"",""hostname"":""cw-us-e4a2-l40-202-189"",""input_id"":""bbbc022-mito"",""input_sha256"":""1eff677d3f7d6785bdc8e65079613d6ba2c801a19f33503517a12b8df54affc7"",""io_workers"":32,""logical_spatial_shape"":[520,696],""memory_budget_bytes"":0,""minimum_logical_gib"":32.0,""nconnect"":16,""output_buffers"":4,""requested_duration_s"":3.0,""requested_warmup_s"":2.0,""sink"":""fs"",""source_order"":""cyclic"",""storage_type"":""nfs"",""study_id"":""reef-l40-final-confirmation-3704091"",""timing_policy"":""coverage-qualified-through-final-close-v2"",""worker_threads"":4}",,,,,,,,,,,
reef-l40-final-confirmation-3704091/execution-0143,/mnt/main0/home/nclack/tmp/2026-09-07-chucky-microscopy-pr/worktree/build-microscopy-confirmation-3rounds-20260916/run-3704091/confirmation/study.json,#/records/142,reef-l40-final-confirmation-3704091,retained_study,complete,partially_selected_in_current_report,execution-0143,7456d44092f38131,143,sample,2,2,group-008,2026-09-16T05:05:47.220495+00:00,pass,,1,1,,0.0,true,,true,,true,microscopy,recorded_image_replay,,Chucky,06fc280b28109cb0997ecf1a5373a3c867600aa1,ed084d68cf1af1916ca4551825a4f7b70caefddd,cfc8dfa2fbe670ed6a6490f3086d984814b414958c964e12e9f9aafa596dbe4c,reef-l40,cw-us-e4a2-l40-202-189,8,NVIDIA L40,gpu,4,,32,4,0,fs,/mnt/main0/home/nclack/tmp/2026-09-07-chucky-microscopy-pr/worktree/build-microscopy-confirmation-3rounds-20260916/run-3704091/sink,nfs,16,/mnt/main0/home/nclack/tmp/2026-09-07-chucky-microscopy-pr/worktree/build-microscopy-confirmation-3rounds-20260916/run-3704091/confirmation/study.json#/storage,"rw,noatime,vers=3,rsize=1048576,wsize=1048576,namlen=255,hard,noacl,forcerdirplus,proto=tcp,nconnect=16,timeo=600,retrans=2,sec=sys,mountaddr=172.31.226.61,mountvers=3,mountport=20048,mountproto=udp,lookupcache=pos,local_lock=none,remoteports=172.31.226.1-172.31.226.255,addr=172.31.226.84",raw_pack_cyclic_streaming_replay,raw_predecoded_planes,false,false,whole_raw_pack_preloaded_and_zero_padded_before_timing,bbbc022-mito,1,1eff677d3f7d6785bdc8e65079613d6ba2c801a19f33503517a12b8df54affc7,9a1600226d3f39e0c12979cea688dcc56740c3aa,8acabd8ba3f3d090aef4cd78c2c34bd5a35a04e6c5febdbb863fea395b7e7aff,u16,"[47472,520,696]","[47469,520,696]","[4,32,64]",16384,"[4096,4,4]","[16384,128,256]",1073741824,uncompressed_full_geometry,536870912,1073741824,native_layout_policy_in_study_metadata,16,recorded_command,15,,blosc-lz4,3,true,bit,4096,,4096,16,11581440,12255232,8,47472,2967,0,34362132480,36361273344,36361273344,23613902848,physical_sink_writes,,,,23547705279,18885310,23547705279,45581760,1.455165319396168,1.539824804821692,5.442829968611402,false,5.759486313476364,3.740351691596044,coverage-qualified-through-final-close-v2,5.879704162,3.0,32.0,5.7365936,0.143110562,0.024339755548401686,8.739812197978608,2.0,2.1200721000000002,12604506112,8185032704,0.11290834500000001,0.010548857223786354,0.010545993223786354,0.14883892238140106,0.19771979749202728,sufficient,187,539,2,765952,67108864,67403776,22,,,718278656,116396032,false,1365245952,1348449758,538498096,1365245952,"[""/mnt/main0/home/nclack/tmp/2026-09-07-chucky-microscopy-pr/worktree/build-microscopy-fs-pareto-20260914/native/bench/bench_stream_microscopy"",""--input"",""/mnt/main0/home/nclack/src/chucky/.git/worktrees/worktree/modules/microscopy/annex/objects/74/px/SHA256-s11581440--1eff677d3f7d6785bdc8e65079613d6ba2c801a19f33503517a12b8df54affc7/SHA256-s11581440--1eff677d3f7d6785bdc8e65079613d6ba2c801a19f33503517a12b8df54affc7"",""--width"",""696"",""--height"",""520"",""--dtype"",""u16"",""--frames"",""47469"",""--warmup"",""2.0"",""--duration"",""3.0"",""--backend"",""gpu"",""--chunk-bytes"",""16K"",""--batch-bytes"",""64M"",""--concurrent-shards"",""16"",""--max-threads"",""4"",""--json"",""--codec"",""blosc-lz4"",""--codec-level"",""3"",""--chunk-depth"",""4"",""--max-attempts"",""1"",""--shuffle"",""bit"",""--blosc-block-bytes"",""4096"",""-o"",""/mnt/main0/home/nclack/tmp/2026-09-07-chucky-microscopy-pr/worktree/build-microscopy-confirmation-3rounds-20260916/run-3704091/sink/chucky_io_laygrxq_""]","{""duration_s"":3.0,""min_gib"":32.0,""warmup_s"":2.0}",,15f36c0c355c6df9491c,"{""allocated_cpus"":8,""arrival_bytes_per_s"":null,""backend"":""gpu"",""chunk_depth"":4,""completion_pause_ms"":null,""data_issue"":null,""dataset_version"":1,""dtype"":""u16"",""hostname"":""cw-us-e4a2-l40-202-189"",""input_id"":""bbbc022-mito"",""input_sha256"":""1eff677d3f7d6785bdc8e65079613d6ba2c801a19f33503517a12b8df54affc7"",""io_workers"":32,""logical_spatial_shape"":[520,696],""memory_budget_bytes"":0,""minimum_logical_gib"":32.0,""nconnect"":16,""output_buffers"":4,""requested_duration_s"":3.0,""requested_warmup_s"":2.0,""sink"":""fs"",""source_order"":""cyclic"",""storage_type"":""nfs"",""study_id"":""reef-l40-final-confirmation-3704091"",""timing_policy"":""coverage-qualified-through-final-close-v2"",""worker_threads"":4}",,,,,,,,,,,
reef-l40-final-confirmation-3704091/execution-0236,/mnt/main0/home/nclack/tmp/2026-09-07-chucky-microscopy-pr/worktree/build-microscopy-confirmation-3rounds-20260916/run-3704091/confirmation/study.json,#/records/235,reef-l40-final-confirmation-3704091,retained_study,complete,partially_selected_in_current_report,execution-0236,7456d44092f38131,236,sample,3,3,group-008,2026-09-16T05:39:25.324870+00:00,pass,,1,1,,0.0,true,,true,,true,microscopy,recorded_image_replay,,Chucky,06fc280b28109cb0997ecf1a5373a3c867600aa1,ed084d68cf1af1916ca4551825a4f7b70caefddd,cfc8dfa2fbe670ed6a6490f3086d984814b414958c964e12e9f9aafa596dbe4c,reef-l40,cw-us-e4a2-l40-202-189,8,NVIDIA L40,gpu,4,,32,4,0,fs,/mnt/main0/home/nclack/tmp/2026-09-07-chucky-microscopy-pr/worktree/build-microscopy-confirmation-3rounds-20260916/run-3704091/sink,nfs,16,/mnt/main0/home/nclack/tmp/2026-09-07-chucky-microscopy-pr/worktree/build-microscopy-confirmation-3rounds-20260916/run-3704091/confirmation/study.json#/storage,"rw,noatime,vers=3,rsize=1048576,wsize=1048576,namlen=255,hard,noacl,forcerdirplus,proto=tcp,nconnect=16,timeo=600,retrans=2,sec=sys,mountaddr=172.31.226.61,mountvers=3,mountport=20048,mountproto=udp,lookupcache=pos,local_lock=none,remoteports=172.31.226.1-172.31.226.255,addr=172.31.226.84",raw_pack_cyclic_streaming_replay,raw_predecoded_planes,false,false,whole_raw_pack_preloaded_and_zero_padded_before_timing,bbbc022-mito,1,1eff677d3f7d6785bdc8e65079613d6ba2c801a19f33503517a12b8df54affc7,9a1600226d3f39e0c12979cea688dcc56740c3aa,8acabd8ba3f3d090aef4cd78c2c34bd5a35a04e6c5febdbb863fea395b7e7aff,u16,"[47472,520,696]","[47469,520,696]","[4,32,64]",16384,"[4096,4,4]","[16384,128,256]",1073741824,uncompressed_full_geometry,536870912,1073741824,native_layout_policy_in_study_metadata,16,recorded_command,15,,blosc-lz4,3,true,bit,4096,,4096,16,11581440,12255232,8,47472,2967,0,34362132480,36361273344,36361273344,23629651968,physical_sink_writes,,,,23547705279,18875170,23547705279,45581760,1.4541954543610822,1.5387985143937606,5.889656293471111,false,6.232308225057775,4.050113232344205,coverage-qualified-through-final-close-v2,5.433632826,3.0,32.0,5.34145243,0.09218039600000001,0.016964781933537298,8.12128218403086,2.0,2.0654349300000003,14761426944,9582981120,0.060723904,0.008339764277310372,0.008337544277310371,0.1768871545791626,0.1625794917345047,sufficient,219,539,3,765952,67108864,67403776,22,,,716181504,113250304,false,1365245952,1348449758,538498096,1365245952,"[""/mnt/main0/home/nclack/tmp/2026-09-07-chucky-microscopy-pr/worktree/build-microscopy-fs-pareto-20260914/native/bench/bench_stream_microscopy"",""--input"",""/mnt/main0/home/nclack/src/chucky/.git/worktrees/worktree/modules/microscopy/annex/objects/74/px/SHA256-s11581440--1eff677d3f7d6785bdc8e65079613d6ba2c801a19f33503517a12b8df54affc7/SHA256-s11581440--1eff677d3f7d6785bdc8e65079613d6ba2c801a19f33503517a12b8df54affc7"",""--width"",""696"",""--height"",""520"",""--dtype"",""u16"",""--frames"",""47469"",""--warmup"",""2.0"",""--duration"",""3.0"",""--backend"",""gpu"",""--chunk-bytes"",""16K"",""--batch-bytes"",""64M"",""--concurrent-shards"",""16"",""--max-threads"",""4"",""--json"",""--codec"",""blosc-lz4"",""--codec-level"",""3"",""--chunk-depth"",""4"",""--max-attempts"",""1"",""--shuffle"",""bit"",""--blosc-block-bytes"",""4096"",""-o"",""/mnt/main0/home/nclack/tmp/2026-09-07-chucky-microscopy-pr/worktree/build-microscopy-confirmation-3rounds-20260916/run-3704091/sink/chucky_io_nblh0cgn""]","{""duration_s"":3.0,""min_gib"":32.0,""warmup_s"":2.0}",,15f36c0c355c6df9491c,"{""allocated_cpus"":8,""arrival_bytes_per_s"":null,""backend"":""gpu"",""chunk_depth"":4,""completion_pause_ms"":null,""data_issue"":null,""dataset_version"":1,""dtype"":""u16"",""hostname"":""cw-us-e4a2-l40-202-189"",""input_id"":""bbbc022-mito"",""input_sha256"":""1eff677d3f7d6785bdc8e65079613d6ba2c801a19f33503517a12b8df54affc7"",""io_workers"":32,""logical_spatial_shape"":[520,696],""memory_budget_bytes"":0,""minimum_logical_gib"":32.0,""nconnect"":16,""output_buffers"":4,""requested_duration_s"":3.0,""requested_warmup_s"":2.0,""sink"":""fs"",""source_order"":""cyclic"",""storage_type"":""nfs"",""study_id"":""reef-l40-final-confirmation-3704091"",""timing_policy"":""coverage-qualified-through-final-close-v2"",""worker_threads"":4}",,,,,,,,,,,
reef-l40-final-confirmation-3704091/execution-0086,/mnt/main0/home/nclack/tmp/2026-09-07-chucky-microscopy-pr/worktree/build-microscopy-confirmation-3rounds-20260916/run-3704091/confirmation/study.json,#/records/85,reef-l40-final-confirmation-3704091,retained_study,complete,partially_selected_in_current_report,execution-0086,7e7a2cd69de82a1f,86,sample,1,1,group-008,2026-09-16T04:44:00.542579+00:00,pass,,1,1,,0.0,true,,true,,true,microscopy,recorded_image_replay,,Chucky,06fc280b28109cb0997ecf1a5373a3c867600aa1,ed084d68cf1af1916ca4551825a4f7b70caefddd,cfc8dfa2fbe670ed6a6490f3086d984814b414958c964e12e9f9aafa596dbe4c,reef-l40,cw-us-e4a2-l40-202-189,8,NVIDIA L40,gpu,4,,32,4,0,fs,/mnt/main0/home/nclack/tmp/2026-09-07-chucky-microscopy-pr/worktree/build-microscopy-confirmation-3rounds-20260916/run-3704091/sink,nfs,16,/mnt/main0/home/nclack/tmp/2026-09-07-chucky-microscopy-pr/worktree/build-microscopy-confirmation-3rounds-20260916/run-3704091/confirmation/study.json#/storage,"rw,noatime,vers=3,rsize=1048576,wsize=1048576,namlen=255,hard,noacl,forcerdirplus,proto=tcp,nconnect=16,timeo=600,retrans=2,sec=sys,mountaddr=172.31.226.61,mountvers=3,mountport=20048,mountproto=udp,lookupcache=pos,local_lock=none,remoteports=172.31.226.1-172.31.226.255,addr=172.31.226.84",raw_pack_cyclic_streaming_replay,raw_predecoded_planes,false,false,whole_raw_pack_preloaded_and_zero_padded_before_timing,bbbc022-mito,1,1eff677d3f7d6785bdc8e65079613d6ba2c801a19f33503517a12b8df54affc7,9a1600226d3f39e0c12979cea688dcc56740c3aa,8acabd8ba3f3d090aef4cd78c2c34bd5a35a04e6c5febdbb863fea395b7e7aff,u16,"[47470,520,696]","[47469,520,696]","[4,64,128]",65536,"[4096,2,2]","[16384,128,256]",1073741824,uncompressed_full_geometry,536870912,1073741824,native_layout_policy_in_study_metadata,16,recorded_command,15,,zstd,3,true,none,,,,16,11581440,14155776,4,47470,2966,14,34360684800,41998417920,42000187392,21686648832,physical_sink_writes,,,,21651121998,19652776,21651121998,11403280,1.584416525862616,1.9366840731070496,2.9459978432353577,false,3.6008375657914953,1.8593581296119892,coverage-qualified-through-final-close-v2,10.862493404,3.0,32.0,10.760389196,0.102104208,0.00939970264676075,13.611340323928744,2.0,2.045963678,6925713408,3573596160,0.043541596,0.008437524281742572,0.008435209281742573,0.14658896625041962,0.16204267740249634,sufficient,103,624,3,884736,67108864,67239936,19,,,756027392,117444608,false,1941241856,1473914717,537480880,1941241856,"[""/mnt/main0/home/nclack/tmp/2026-09-07-chucky-microscopy-pr/worktree/build-microscopy-fs-pareto-20260914/native/bench/bench_stream_microscopy"",""--input"",""/mnt/main0/home/nclack/src/chucky/.git/worktrees/worktree/modules/microscopy/annex/objects/74/px/SHA256-s11581440--1eff677d3f7d6785bdc8e65079613d6ba2c801a19f33503517a12b8df54affc7/SHA256-s11581440--1eff677d3f7d6785bdc8e65079613d6ba2c801a19f33503517a12b8df54affc7"",""--width"",""696"",""--height"",""520"",""--dtype"",""u16"",""--frames"",""47469"",""--warmup"",""2.0"",""--duration"",""3.0"",""--backend"",""gpu"",""--chunk-bytes"",""64K"",""--batch-bytes"",""64M"",""--concurrent-shards"",""16"",""--max-threads"",""4"",""--json"",""--codec"",""zstd"",""--codec-level"",""3"",""--chunk-depth"",""4"",""--max-attempts"",""1"",""-o"",""/mnt/main0/home/nclack/tmp/2026-09-07-chucky-microscopy-pr/worktree/build-microscopy-confirmation-3rounds-20260916/run-3704091/sink/chucky_io_zw0489wi""]","{""duration_s"":3.0,""min_gib"":32.0,""warmup_s"":2.0}",,15f36c0c355c6df9491c,"{""allocated_cpus"":8,""arrival_bytes_per_s"":null,""backend"":""gpu"",""chunk_depth"":4,""completion_pause_ms"":null,""data_issue"":null,""dataset_version"":1,""dtype"":""u16"",""hostname"":""cw-us-e4a2-l40-202-189"",""input_id"":""bbbc022-mito"",""input_sha256"":""1eff677d3f7d6785bdc8e65079613d6ba2c801a19f33503517a12b8df54affc7"",""io_workers"":32,""logical_spatial_shape"":[520,696],""memory_budget_bytes"":0,""minimum_logical_gib"":32.0,""nconnect"":16,""output_buffers"":4,""requested_duration_s"":3.0,""requested_warmup_s"":2.0,""sink"":""fs"",""source_order"":""cyclic"",""storage_type"":""nfs"",""study_id"":""reef-l40-final-confirmation-3704091"",""timing_policy"":""coverage-qualified-through-final-close-v2"",""worker_threads"":4}",,,,,,,,,,,
reef-l40-final-confirmation-3704091/execution-0095,/mnt/main0/home/nclack/tmp/2026-09-07-chucky-microscopy-pr/worktree/build-microscopy-confirmation-3rounds-20260916/run-3704091/confirmation/study.json,#/records/94,reef-l40-final-confirmation-3704091,retained_study,complete,partially_selected_in_current_report,execution-0095,7e7a2cd69de82a1f,95,sample,2,2,group-008,2026-09-16T04:48:40.324288+00:00,pass,,1,1,,0.0,true,,true,,true,microscopy,recorded_image_replay,,Chucky,06fc280b28109cb0997ecf1a5373a3c867600aa1,ed084d68cf1af1916ca4551825a4f7b70caefddd,cfc8dfa2fbe670ed6a6490f3086d984814b414958c964e12e9f9aafa596dbe4c,reef-l40,cw-us-e4a2-l40-202-189,8,NVIDIA L40,gpu,4,,32,4,0,fs,/mnt/main0/home/nclack/tmp/2026-09-07-chucky-microscopy-pr/worktree/build-microscopy-confirmation-3rounds-20260916/run-3704091/sink,nfs,16,/mnt/main0/home/nclack/tmp/2026-09-07-chucky-microscopy-pr/worktree/build-microscopy-confirmation-3rounds-20260916/run-3704091/confirmation/study.json#/storage,"rw,noatime,vers=3,rsize=1048576,wsize=1048576,namlen=255,hard,noacl,forcerdirplus,proto=tcp,nconnect=16,timeo=600,retrans=2,sec=sys,mountaddr=172.31.226.61,mountvers=3,mountport=20048,mountproto=udp,lookupcache=pos,local_lock=none,remoteports=172.31.226.1-172.31.226.255,addr=172.31.226.84",raw_pack_cyclic_streaming_replay,raw_predecoded_planes,false,false,whole_raw_pack_preloaded_and_zero_padded_before_timing,bbbc022-mito,1,1eff677d3f7d6785bdc8e65079613d6ba2c801a19f33503517a12b8df54affc7,9a1600226d3f39e0c12979cea688dcc56740c3aa,8acabd8ba3f3d090aef4cd78c2c34bd5a35a04e6c5febdbb863fea395b7e7aff,u16,"[47470,520,696]","[47469,520,696]","[4,64,128]",65536,"[4096,2,2]","[16384,128,256]",1073741824,uncompressed_full_geometry,536870912,1073741824,native_layout_policy_in_study_metadata,16,recorded_command,15,,zstd,3,true,none,,,,16,11581440,14155776,0,47470,2966,14,34360684800,41998417920,42000187392,21686697984,physical_sink_writes,,,,21651168123,19655803,21651168123,11403280,1.5844129348483853,1.936679683693058,2.931614652506648,false,3.5832574991927335,1.8502845352869886,coverage-qualified-through-final-close-v2,10.915786471,3.0,32.0,10.800219389,0.115567082,0.010587151215079865,13.816988102043979,2.0,2.0515337380000003,7530872832,3885858816,0.045852685000000004,0.008241382293690681,0.008238943293690681,0.1775864064693451,0.16649924218654633,sufficient,112,624,3,884736,67108864,67239936,19,,,758124544,118489088,false,1941241856,1473914717,537480880,1941241856,"[""/mnt/main0/home/nclack/tmp/2026-09-07-chucky-microscopy-pr/worktree/build-microscopy-fs-pareto-20260914/native/bench/bench_stream_microscopy"",""--input"",""/mnt/main0/home/nclack/src/chucky/.git/worktrees/worktree/modules/microscopy/annex/objects/74/px/SHA256-s11581440--1eff677d3f7d6785bdc8e65079613d6ba2c801a19f33503517a12b8df54affc7/SHA256-s11581440--1eff677d3f7d6785bdc8e65079613d6ba2c801a19f33503517a12b8df54affc7"",""--width"",""696"",""--height"",""520"",""--dtype"",""u16"",""--frames"",""47469"",""--warmup"",""2.0"",""--duration"",""3.0"",""--backend"",""gpu"",""--chunk-bytes"",""64K"",""--batch-bytes"",""64M"",""--concurrent-shards"",""16"",""--max-threads"",""4"",""--json"",""--codec"",""zstd"",""--codec-level"",""3"",""--chunk-depth"",""4"",""--max-attempts"",""1"",""-o"",""/mnt/main0/home/nclack/tmp/2026-09-07-chucky-microscopy-pr/worktree/build-microscopy-confirmation-3rounds-20260916/run-3704091/sink/chucky_io_57m4s0uy""]","{""duration_s"":3.0,""min_gib"":32.0,""warmup_s"":2.0}",,15f36c0c355c6df9491c,"{""allocated_cpus"":8,""arrival_bytes_per_s"":null,""backend"":""gpu"",""chunk_depth"":4,""completion_pause_ms"":null,""data_issue"":null,""dataset_version"":1,""dtype"":""u16"",""hostname"":""cw-us-e4a2-l40-202-189"",""input_id"":""bbbc022-mito"",""input_sha256"":""1eff677d3f7d6785bdc8e65079613d6ba2c801a19f33503517a12b8df54affc7"",""io_workers"":32,""logical_spatial_shape"":[520,696],""memory_budget_bytes"":0,""minimum_logical_gib"":32.0,""nconnect"":16,""output_buffers"":4,""requested_duration_s"":3.0,""requested_warmup_s"":2.0,""sink"":""fs"",""source_order"":""cyclic"",""storage_type"":""nfs"",""study_id"":""reef-l40-final-confirmation-3704091"",""timing_policy"":""coverage-qualified-through-final-close-v2"",""worker_threads"":4}",,,,,,,,,,,
reef-l40-final-confirmation-3704091/execution-0218,/mnt/main0/home/nclack/tmp/2026-09-07-chucky-microscopy-pr/worktree/build-microscopy-confirmation-3rounds-20260916/run-3704091/confirmation/study.json,#/records/217,reef-l40-final-confirmation-3704091,retained_study,complete,partially_selected_in_current_report,execution-0218,7e7a2cd69de82a1f,218,sample,3,3,group-008,2026-09-16T05:31:12.410992+00:00,pass,,1,1,,0.0,true,,true,,true,microscopy,recorded_image_replay,,Chucky,06fc280b28109cb0997ecf1a5373a3c867600aa1,ed084d68cf1af1916ca4551825a4f7b70caefddd,cfc8dfa2fbe670ed6a6490f3086d984814b414958c964e12e9f9aafa596dbe4c,reef-l40,cw-us-e4a2-l40-202-189,8,NVIDIA L40,gpu,4,,32,4,0,fs,/mnt/main0/home/nclack/tmp/2026-09-07-chucky-microscopy-pr/worktree/build-microscopy-confirmation-3rounds-20260916/run-3704091/sink,nfs,16,/mnt/main0/home/nclack/tmp/2026-09-07-chucky-microscopy-pr/worktree/build-microscopy-confirmation-3rounds-20260916/run-3704091/confirmation/study.json#/storage,"rw,noatime,vers=3,rsize=1048576,wsize=1048576,namlen=255,hard,noacl,forcerdirplus,proto=tcp,nconnect=16,timeo=600,retrans=2,sec=sys,mountaddr=172.31.226.61,mountvers=3,mountport=20048,mountproto=udp,lookupcache=pos,local_lock=none,remoteports=172.31.226.1-172.31.226.255,addr=172.31.226.84",raw_pack_cyclic_streaming_replay,raw_predecoded_planes,false,false,whole_raw_pack_preloaded_and_zero_padded_before_timing,bbbc022-mito,1,1eff677d3f7d6785bdc8e65079613d6ba2c801a19f33503517a12b8df54affc7,9a1600226d3f39e0c12979cea688dcc56740c3aa,8acabd8ba3f3d090aef4cd78c2c34bd5a35a04e6c5febdbb863fea395b7e7aff,u16,"[47470,520,696]","[47469,520,696]","[4,64,128]",65536,"[4096,2,2]","[16384,128,256]",1073741824,uncompressed_full_geometry,536870912,1073741824,native_layout_policy_in_study_metadata,16,recorded_command,15,,zstd,3,true,none,,,,16,11581440,14155776,4,47470,2966,14,34360684800,41998417920,42000187392,21686648832,physical_sink_writes,,,,21651121998,19652776,21651121998,11403280,1.584416525862616,1.9366840731070496,2.941481373874051,false,3.5953171379283653,1.8565075560332862,coverage-qualified-through-final-close-v2,10.879172485000002,3.0,32.0,10.771662602000001,0.107509883,0.009882174691892476,13.577673456049524,2.0,2.055799862,6925713408,3573596160,0.041416819,0.009059999235390186,0.009057638235390186,0.14469963312149048,0.16409312188625336,sufficient,103,624,3,884736,67108864,67239936,19,,,757075968,117440512,false,1941241856,1473914717,537480880,1941241856,"[""/mnt/main0/home/nclack/tmp/2026-09-07-chucky-microscopy-pr/worktree/build-microscopy-fs-pareto-20260914/native/bench/bench_stream_microscopy"",""--input"",""/mnt/main0/home/nclack/src/chucky/.git/worktrees/worktree/modules/microscopy/annex/objects/74/px/SHA256-s11581440--1eff677d3f7d6785bdc8e65079613d6ba2c801a19f33503517a12b8df54affc7/SHA256-s11581440--1eff677d3f7d6785bdc8e65079613d6ba2c801a19f33503517a12b8df54affc7"",""--width"",""696"",""--height"",""520"",""--dtype"",""u16"",""--frames"",""47469"",""--warmup"",""2.0"",""--duration"",""3.0"",""--backend"",""gpu"",""--chunk-bytes"",""64K"",""--batch-bytes"",""64M"",""--concurrent-shards"",""16"",""--max-threads"",""4"",""--json"",""--codec"",""zstd"",""--codec-level"",""3"",""--chunk-depth"",""4"",""--max-attempts"",""1"",""-o"",""/mnt/main0/home/nclack/tmp/2026-09-07-chucky-microscopy-pr/worktree/build-microscopy-confirmation-3rounds-20260916/run-3704091/sink/chucky_io_ijyhm0kl""]","{""duration_s"":3.0,""min_gib"":32.0,""warmup_s"":2.0}",,15f36c0c355c6df9491c,"{""allocated_cpus"":8,""arrival_bytes_per_s"":null,""backend"":""gpu"",""chunk_depth"":4,""completion_pause_ms"":null,""data_issue"":null,""dataset_version"":1,""dtype"":""u16"",""hostname"":""cw-us-e4a2-l40-202-189"",""input_id"":""bbbc022-mito"",""input_sha256"":""1eff677d3f7d6785bdc8e65079613d6ba2c801a19f33503517a12b8df54affc7"",""io_workers"":32,""logical_spatial_shape"":[520,696],""memory_budget_bytes"":0,""minimum_logical_gib"":32.0,""nconnect"":16,""output_buffers"":4,""requested_duration_s"":3.0,""requested_warmup_s"":2.0,""sink"":""fs"",""source_order"":""cyclic"",""storage_type"":""nfs"",""study_id"":""reef-l40-final-confirmation-3704091"",""timing_policy"":""coverage-qualified-through-final-close-v2"",""worker_threads"":4}",,,,,,,,,,,
reef-l40-final-confirmation-3704091/execution-0018,/mnt/main0/home/nclack/tmp/2026-09-07-chucky-microscopy-pr/worktree/build-microscopy-confirmation-3rounds-20260916/run-3704091/confirmation/study.json,#/records/17,reef-l40-final-confirmation-3704091,retained_study,complete,partially_selected_in_current_report,execution-0018,85a0a2497e75ba9a,18,sample,1,1,group-008,2026-09-16T04:20:45.586394+00:00,pass,,1,1,,0.0,true,,true,,true,microscopy,recorded_image_replay,,Chucky,06fc280b28109cb0997ecf1a5373a3c867600aa1,ed084d68cf1af1916ca4551825a4f7b70caefddd,cfc8dfa2fbe670ed6a6490f3086d984814b414958c964e12e9f9aafa596dbe4c,reef-l40,cw-us-e4a2-l40-202-189,8,NVIDIA L40,gpu,4,,32,4,0,fs,/mnt/main0/home/nclack/tmp/2026-09-07-chucky-microscopy-pr/worktree/build-microscopy-confirmation-3rounds-20260916/run-3704091/sink,nfs,16,/mnt/main0/home/nclack/tmp/2026-09-07-chucky-microscopy-pr/worktree/build-microscopy-confirmation-3rounds-20260916/run-3704091/confirmation/study.json#/storage,"rw,noatime,vers=3,rsize=1048576,wsize=1048576,namlen=255,hard,noacl,forcerdirplus,proto=tcp,nconnect=16,timeo=600,retrans=2,sec=sys,mountaddr=172.31.226.61,mountvers=3,mountport=20048,mountproto=udp,lookupcache=pos,local_lock=none,remoteports=172.31.226.1-172.31.226.255,addr=172.31.226.84",raw_pack_cyclic_streaming_replay,raw_predecoded_planes,false,false,whole_raw_pack_preloaded_and_zero_padded_before_timing,bbbc022-mito,1,1eff677d3f7d6785bdc8e65079613d6ba2c801a19f33503517a12b8df54affc7,9a1600226d3f39e0c12979cea688dcc56740c3aa,8acabd8ba3f3d090aef4cd78c2c34bd5a35a04e6c5febdbb863fea395b7e7aff,u16,"[47470,520,696]","[47469,520,696]","[4,64,128]",65536,"[4096,2,2]","[16384,128,256]",1073741824,uncompressed_full_geometry,536870912,1073741824,native_layout_policy_in_study_metadata,16,recorded_command,15,,none,0,false,none,,,,16,11581440,14155776,8,47470,2966,14,34360684800,41998417920,42000187392,42016161792,physical_sink_writes,,,,42000187392,0,42000187392,0,0.8177968508904203,0.9996198034442298,3.390725737690242,false,4.144420034443464,4.1461710065573545,coverage-qualified-through-final-close-v2,9.437767730000001,3.0,32.0,9.297389777000001,0.140377953,0.01487406312763749,12.154071412980556,2.0,2.081418794,12506628096,12506628096,0.077050616,0.00812133321569252,0.00811908021569252,0.17130008339881897,0.1613389551639557,sufficient,186,624,3,884736,67108864,67239936,19,,,677388288,116400128,false,547356672,537458926,537431728,547356672,"[""/mnt/main0/home/nclack/tmp/2026-09-07-chucky-microscopy-pr/worktree/build-microscopy-fs-pareto-20260914/native/bench/bench_stream_microscopy"",""--input"",""/mnt/main0/home/nclack/src/chucky/.git/worktrees/worktree/modules/microscopy/annex/objects/74/px/SHA256-s11581440--1eff677d3f7d6785bdc8e65079613d6ba2c801a19f33503517a12b8df54affc7/SHA256-s11581440--1eff677d3f7d6785bdc8e65079613d6ba2c801a19f33503517a12b8df54affc7"",""--width"",""696"",""--height"",""520"",""--dtype"",""u16"",""--frames"",""47469"",""--warmup"",""2.0"",""--duration"",""3.0"",""--backend"",""gpu"",""--chunk-bytes"",""64K"",""--batch-bytes"",""64M"",""--concurrent-shards"",""16"",""--max-threads"",""4"",""--json"",""--codec"",""none"",""--codec-level"",""0"",""--chunk-depth"",""4"",""--max-attempts"",""1"",""-o"",""/mnt/main0/home/nclack/tmp/2026-09-07-chucky-microscopy-pr/worktree/build-microscopy-confirmation-3rounds-20260916/run-3704091/sink/chucky_io_yf756rg5""]","{""duration_s"":3.0,""min_gib"":32.0,""warmup_s"":2.0}",,15f36c0c355c6df9491c,"{""allocated_cpus"":8,""arrival_bytes_per_s"":null,""backend"":""gpu"",""chunk_depth"":4,""completion_pause_ms"":null,""data_issue"":null,""dataset_version"":1,""dtype"":""u16"",""hostname"":""cw-us-e4a2-l40-202-189"",""input_id"":""bbbc022-mito"",""input_sha256"":""1eff677d3f7d6785bdc8e65079613d6ba2c801a19f33503517a12b8df54affc7"",""io_workers"":32,""logical_spatial_shape"":[520,696],""memory_budget_bytes"":0,""minimum_logical_gib"":32.0,""nconnect"":16,""output_buffers"":4,""requested_duration_s"":3.0,""requested_warmup_s"":2.0,""sink"":""fs"",""source_order"":""cyclic"",""storage_type"":""nfs"",""study_id"":""reef-l40-final-confirmation-3704091"",""timing_policy"":""coverage-qualified-through-final-close-v2"",""worker_threads"":4}",,,,,,,,,,,
reef-l40-final-confirmation-3704091/execution-0138,/mnt/main0/home/nclack/tmp/2026-09-07-chucky-microscopy-pr/worktree/build-microscopy-confirmation-3rounds-20260916/run-3704091/confirmation/study.json,#/records/137,reef-l40-final-confirmation-3704091,retained_study,complete,partially_selected_in_current_report,execution-0138,85a0a2497e75ba9a,138,sample,2,2,group-008,2026-09-16T05:03:47.066766+00:00,pass,,1,1,,0.0,true,,true,,true,microscopy,recorded_image_replay,,Chucky,06fc280b28109cb0997ecf1a5373a3c867600aa1,ed084d68cf1af1916ca4551825a4f7b70caefddd,cfc8dfa2fbe670ed6a6490f3086d984814b414958c964e12e9f9aafa596dbe4c,reef-l40,cw-us-e4a2-l40-202-189,8,NVIDIA L40,gpu,4,,32,4,0,fs,/mnt/main0/home/nclack/tmp/2026-09-07-chucky-microscopy-pr/worktree/build-microscopy-confirmation-3rounds-20260916/run-3704091/sink,nfs,16,/mnt/main0/home/nclack/tmp/2026-09-07-chucky-microscopy-pr/worktree/build-microscopy-confirmation-3rounds-20260916/run-3704091/confirmation/study.json#/storage,"rw,noatime,vers=3,rsize=1048576,wsize=1048576,namlen=255,hard,noacl,forcerdirplus,proto=tcp,nconnect=16,timeo=600,retrans=2,sec=sys,mountaddr=172.31.226.61,mountvers=3,mountport=20048,mountproto=udp,lookupcache=pos,local_lock=none,remoteports=172.31.226.1-172.31.226.255,addr=172.31.226.84",raw_pack_cyclic_streaming_replay,raw_predecoded_planes,false,false,whole_raw_pack_preloaded_and_zero_padded_before_timing,bbbc022-mito,1,1eff677d3f7d6785bdc8e65079613d6ba2c801a19f33503517a12b8df54affc7,9a1600226d3f39e0c12979cea688dcc56740c3aa,8acabd8ba3f3d090aef4cd78c2c34bd5a35a04e6c5febdbb863fea395b7e7aff,u16,"[47470,520,696]","[47469,520,696]","[4,64,128]",65536,"[4096,2,2]","[16384,128,256]",1073741824,uncompressed_full_geometry,536870912,1073741824,native_layout_policy_in_study_metadata,16,recorded_command,15,,none,0,false,none,,,,16,11581440,14155776,12,47470,2966,14,34360684800,41998417920,42000187392,42016161792,physical_sink_writes,,,,42000187392,0,42000187392,0,0.8177968508904203,0.9996198034442298,3.678596696661158,false,4.496279345417376,4.498178974239901,coverage-qualified-through-final-close-v2,8.699209061,3.0,32.0,8.530650647,0.16855841400000002,0.019376291892521057,11.606563805020414,2.0,2.114761418,9749790720,9749790720,0.09541147700000001,0.008247457969297886,0.008244805969297886,0.14122816920280457,0.3324957489967346,sufficient,145,624,3,884736,67108864,67239936,19,,,673185792,115343360,false,547356672,537458926,537431728,547356672,"[""/mnt/main0/home/nclack/tmp/2026-09-07-chucky-microscopy-pr/worktree/build-microscopy-fs-pareto-20260914/native/bench/bench_stream_microscopy"",""--input"",""/mnt/main0/home/nclack/src/chucky/.git/worktrees/worktree/modules/microscopy/annex/objects/74/px/SHA256-s11581440--1eff677d3f7d6785bdc8e65079613d6ba2c801a19f33503517a12b8df54affc7/SHA256-s11581440--1eff677d3f7d6785bdc8e65079613d6ba2c801a19f33503517a12b8df54affc7"",""--width"",""696"",""--height"",""520"",""--dtype"",""u16"",""--frames"",""47469"",""--warmup"",""2.0"",""--duration"",""3.0"",""--backend"",""gpu"",""--chunk-bytes"",""64K"",""--batch-bytes"",""64M"",""--concurrent-shards"",""16"",""--max-threads"",""4"",""--json"",""--codec"",""none"",""--codec-level"",""0"",""--chunk-depth"",""4"",""--max-attempts"",""1"",""-o"",""/mnt/main0/home/nclack/tmp/2026-09-07-chucky-microscopy-pr/worktree/build-microscopy-confirmation-3rounds-20260916/run-3704091/sink/chucky_io_1zl8fk0k""]","{""duration_s"":3.0,""min_gib"":32.0,""warmup_s"":2.0}",,15f36c0c355c6df9491c,"{""allocated_cpus"":8,""arrival_bytes_per_s"":null,""backend"":""gpu"",""chunk_depth"":4,""completion_pause_ms"":null,""data_issue"":null,""dataset_version"":1,""dtype"":""u16"",""hostname"":""cw-us-e4a2-l40-202-189"",""input_id"":""bbbc022-mito"",""input_sha256"":""1eff677d3f7d6785bdc8e65079613d6ba2c801a19f33503517a12b8df54affc7"",""io_workers"":32,""logical_spatial_shape"":[520,696],""memory_budget_bytes"":0,""minimum_logical_gib"":32.0,""nconnect"":16,""output_buffers"":4,""requested_duration_s"":3.0,""requested_warmup_s"":2.0,""sink"":""fs"",""source_order"":""cyclic"",""storage_type"":""nfs"",""study_id"":""reef-l40-final-confirmation-3704091"",""timing_policy"":""coverage-qualified-through-final-close-v2"",""worker_threads"":4}",,,,,,,,,,,
reef-l40-final-confirmation-3704091/execution-0258,/mnt/main0/home/nclack/tmp/2026-09-07-chucky-microscopy-pr/worktree/build-microscopy-confirmation-3rounds-20260916/run-3704091/confirmation/study.json,#/records/257,reef-l40-final-confirmation-3704091,retained_study,complete,partially_selected_in_current_report,execution-0258,85a0a2497e75ba9a,258,sample,3,3,group-008,2026-09-16T05:46:00.260290+00:00,pass,,1,1,,0.0,true,,true,,true,microscopy,recorded_image_replay,,Chucky,06fc280b28109cb0997ecf1a5373a3c867600aa1,ed084d68cf1af1916ca4551825a4f7b70caefddd,cfc8dfa2fbe670ed6a6490f3086d984814b414958c964e12e9f9aafa596dbe4c,reef-l40,cw-us-e4a2-l40-202-189,8,NVIDIA L40,gpu,4,,32,4,0,fs,/mnt/main0/home/nclack/tmp/2026-09-07-chucky-microscopy-pr/worktree/build-microscopy-confirmation-3rounds-20260916/run-3704091/sink,nfs,16,/mnt/main0/home/nclack/tmp/2026-09-07-chucky-microscopy-pr/worktree/build-microscopy-confirmation-3rounds-20260916/run-3704091/confirmation/study.json#/storage,"rw,noatime,vers=3,rsize=1048576,wsize=1048576,namlen=255,hard,noacl,forcerdirplus,proto=tcp,nconnect=16,timeo=600,retrans=2,sec=sys,mountaddr=172.31.226.61,mountvers=3,mountport=20048,mountproto=udp,lookupcache=pos,local_lock=none,remoteports=172.31.226.1-172.31.226.255,addr=172.31.226.84",raw_pack_cyclic_streaming_replay,raw_predecoded_planes,false,false,whole_raw_pack_preloaded_and_zero_padded_before_timing,bbbc022-mito,1,1eff677d3f7d6785bdc8e65079613d6ba2c801a19f33503517a12b8df54affc7,9a1600226d3f39e0c12979cea688dcc56740c3aa,8acabd8ba3f3d090aef4cd78c2c34bd5a35a04e6c5febdbb863fea395b7e7aff,u16,"[47470,520,696]","[47469,520,696]","[4,64,128]",65536,"[4096,2,2]","[16384,128,256]",1073741824,uncompressed_full_geometry,536870912,1073741824,native_layout_policy_in_study_metadata,16,recorded_command,15,,none,0,false,none,,,,16,11581440,14155776,12,47470,2966,14,34360684800,41998417920,42000187392,42016161792,physical_sink_writes,,,,42000187392,0,42000187392,0,0.8177968508904203,0.9996198034442298,4.037841968937226,false,4.935378068488075,4.937463211716223,coverage-qualified-through-final-close-v2,7.925244054000001,3.0,32.0,7.836451566000001,0.088792488,0.011203754407434933,10.606194014078937,2.0,2.0838615430000003,10825629696,10825629696,0.07980088,0.008008367601748943,0.008005733601748943,0.15748339891433716,0.1599242389202118,sufficient,161,624,3,884736,67108864,67239936,19,,,672141312,115347456,false,547356672,537458926,537431728,547356672,"[""/mnt/main0/home/nclack/tmp/2026-09-07-chucky-microscopy-pr/worktree/build-microscopy-fs-pareto-20260914/native/bench/bench_stream_microscopy"",""--input"",""/mnt/main0/home/nclack/src/chucky/.git/worktrees/worktree/modules/microscopy/annex/objects/74/px/SHA256-s11581440--1eff677d3f7d6785bdc8e65079613d6ba2c801a19f33503517a12b8df54affc7/SHA256-s11581440--1eff677d3f7d6785bdc8e65079613d6ba2c801a19f33503517a12b8df54affc7"",""--width"",""696"",""--height"",""520"",""--dtype"",""u16"",""--frames"",""47469"",""--warmup"",""2.0"",""--duration"",""3.0"",""--backend"",""gpu"",""--chunk-bytes"",""64K"",""--batch-bytes"",""64M"",""--concurrent-shards"",""16"",""--max-threads"",""4"",""--json"",""--codec"",""none"",""--codec-level"",""0"",""--chunk-depth"",""4"",""--max-attempts"",""1"",""-o"",""/mnt/main0/home/nclack/tmp/2026-09-07-chucky-microscopy-pr/worktree/build-microscopy-confirmation-3rounds-20260916/run-3704091/sink/chucky_io_y6ytr1vb""]","{""duration_s"":3.0,""min_gib"":32.0,""warmup_s"":2.0}",,15f36c0c355c6df9491c,"{""allocated_cpus"":8,""arrival_bytes_per_s"":null,""backend"":""gpu"",""chunk_depth"":4,""completion_pause_ms"":null,""data_issue"":null,""dataset_version"":1,""dtype"":""u16"",""hostname"":""cw-us-e4a2-l40-202-189"",""input_id"":""bbbc022-mito"",""input_sha256"":""1eff677d3f7d6785bdc8e65079613d6ba2c801a19f33503517a12b8df54affc7"",""io_workers"":32,""logical_spatial_shape"":[520,696],""memory_budget_bytes"":0,""minimum_logical_gib"":32.0,""nconnect"":16,""output_buffers"":4,""requested_duration_s"":3.0,""requested_warmup_s"":2.0,""sink"":""fs"",""source_order"":""cyclic"",""storage_type"":""nfs"",""study_id"":""reef-l40-final-confirmation-3704091"",""timing_policy"":""coverage-qualified-through-final-close-v2"",""worker_threads"":4}",,,,,,,,,,,
reef-l40-final-confirmation-3704091/execution-0033,/mnt/main0/home/nclack/tmp/2026-09-07-chucky-microscopy-pr/worktree/build-microscopy-confirmation-3rounds-20260916/run-3704091/confirmation/study.json,#/records/32,reef-l40-final-confirmation-3704091,retained_study,complete,partially_selected_in_current_report,execution-0033,9bdf045da4a44e94,33,sample,1,1,group-008,2026-09-16T04:25:11.927702+00:00,pass,,1,1,,0.0,true,,true,,true,microscopy,recorded_image_replay,,Chucky,06fc280b28109cb0997ecf1a5373a3c867600aa1,ed084d68cf1af1916ca4551825a4f7b70caefddd,cfc8dfa2fbe670ed6a6490f3086d984814b414958c964e12e9f9aafa596dbe4c,reef-l40,cw-us-e4a2-l40-202-189,8,NVIDIA L40,gpu,4,,32,4,0,fs,/mnt/main0/home/nclack/tmp/2026-09-07-chucky-microscopy-pr/worktree/build-microscopy-confirmation-3rounds-20260916/run-3704091/sink,nfs,16,/mnt/main0/home/nclack/tmp/2026-09-07-chucky-microscopy-pr/worktree/build-microscopy-confirmation-3rounds-20260916/run-3704091/confirmation/study.json#/storage,"rw,noatime,vers=3,rsize=1048576,wsize=1048576,namlen=255,hard,noacl,forcerdirplus,proto=tcp,nconnect=16,timeo=600,retrans=2,sec=sys,mountaddr=172.31.226.61,mountvers=3,mountport=20048,mountproto=udp,lookupcache=pos,local_lock=none,remoteports=172.31.226.1-172.31.226.255,addr=172.31.226.84",raw_pack_cyclic_streaming_replay,raw_predecoded_planes,false,false,whole_raw_pack_preloaded_and_zero_padded_before_timing,bbbc022-mito,1,1eff677d3f7d6785bdc8e65079613d6ba2c801a19f33503517a12b8df54affc7,9a1600226d3f39e0c12979cea688dcc56740c3aa,8acabd8ba3f3d090aef4cd78c2c34bd5a35a04e6c5febdbb863fea395b7e7aff,u16,"[47470,520,696]","[47469,520,696]","[4,128,256]",262144,"[4096,1,1]","[16384,128,256]",1073741824,uncompressed_full_geometry,536870912,1073741824,native_layout_policy_in_study_metadata,16,recorded_command,15,,blosc-lz4,3,true,bit,16384,,16384,16,11581440,15728640,0,47470,2966,14,34360684800,46664908800,46666874880,25004154880,physical_sink_writes,,,,24976959489,23112452,24976959489,2858880,1.3741990067212382,1.86636481432641,6.172926391536313,false,8.38339105769413,4.492017959889188,coverage-qualified-through-final-close-v2,5.184069527,3.0,32.0,5.131077664,0.052991863,0.010222058698095081,7.844829087029211,2.0,2.025445956,18685624320,10011553792,0.023081872,0.008163395008100033,0.008160769008100033,0.15211857855319977,0.16073152422904968,sufficient,264,659,3,983040,67108864,70778880,18,,,679477248,116391936,false,983564288,976740958,551592432,983564288,"[""/mnt/main0/home/nclack/tmp/2026-09-07-chucky-microscopy-pr/worktree/build-microscopy-fs-pareto-20260914/native/bench/bench_stream_microscopy"",""--input"",""/mnt/main0/home/nclack/src/chucky/.git/worktrees/worktree/modules/microscopy/annex/objects/74/px/SHA256-s11581440--1eff677d3f7d6785bdc8e65079613d6ba2c801a19f33503517a12b8df54affc7/SHA256-s11581440--1eff677d3f7d6785bdc8e65079613d6ba2c801a19f33503517a12b8df54affc7"",""--width"",""696"",""--height"",""520"",""--dtype"",""u16"",""--frames"",""47469"",""--warmup"",""2.0"",""--duration"",""3.0"",""--backend"",""gpu"",""--chunk-bytes"",""256K"",""--batch-bytes"",""64M"",""--concurrent-shards"",""16"",""--max-threads"",""4"",""--json"",""--codec"",""blosc-lz4"",""--codec-level"",""3"",""--chunk-depth"",""4"",""--max-attempts"",""1"",""--shuffle"",""bit"",""--blosc-block-bytes"",""16384"",""-o"",""/mnt/main0/home/nclack/tmp/2026-09-07-chucky-microscopy-pr/worktree/build-microscopy-confirmation-3rounds-20260916/run-3704091/sink/chucky_io_3l6gvzt8""]","{""duration_s"":3.0,""min_gib"":32.0,""warmup_s"":2.0}",,15f36c0c355c6df9491c,"{""allocated_cpus"":8,""arrival_bytes_per_s"":null,""backend"":""gpu"",""chunk_depth"":4,""completion_pause_ms"":null,""data_issue"":null,""dataset_version"":1,""dtype"":""u16"",""hostname"":""cw-us-e4a2-l40-202-189"",""input_id"":""bbbc022-mito"",""input_sha256"":""1eff677d3f7d6785bdc8e65079613d6ba2c801a19f33503517a12b8df54affc7"",""io_workers"":32,""logical_spatial_shape"":[520,696],""memory_budget_bytes"":0,""minimum_logical_gib"":32.0,""nconnect"":16,""output_buffers"":4,""requested_duration_s"":3.0,""requested_warmup_s"":2.0,""sink"":""fs"",""source_order"":""cyclic"",""storage_type"":""nfs"",""study_id"":""reef-l40-final-confirmation-3704091"",""timing_policy"":""coverage-qualified-through-final-close-v2"",""worker_threads"":4}",,,,,,,,,,,
reef-l40-final-confirmation-3704091/execution-0118,/mnt/main0/home/nclack/tmp/2026-09-07-chucky-microscopy-pr/worktree/build-microscopy-confirmation-3rounds-20260916/run-3704091/confirmation/study.json,#/records/117,reef-l40-final-confirmation-3704091,retained_study,complete,partially_selected_in_current_report,execution-0118,9bdf045da4a44e94,118,sample,2,2,group-008,2026-09-16T04:57:55.619147+00:00,pass,,1,1,,0.0,true,,true,,true,microscopy,recorded_image_replay,,Chucky,06fc280b28109cb0997ecf1a5373a3c867600aa1,ed084d68cf1af1916ca4551825a4f7b70caefddd,cfc8dfa2fbe670ed6a6490f3086d984814b414958c964e12e9f9aafa596dbe4c,reef-l40,cw-us-e4a2-l40-202-189,8,NVIDIA L40,gpu,4,,32,4,0,fs,/mnt/main0/home/nclack/tmp/2026-09-07-chucky-microscopy-pr/worktree/build-microscopy-confirmation-3rounds-20260916/run-3704091/sink,nfs,16,/mnt/main0/home/nclack/tmp/2026-09-07-chucky-microscopy-pr/worktree/build-microscopy-confirmation-3rounds-20260916/run-3704091/confirmation/study.json#/storage,"rw,noatime,vers=3,rsize=1048576,wsize=1048576,namlen=255,hard,noacl,forcerdirplus,proto=tcp,nconnect=16,timeo=600,retrans=2,sec=sys,mountaddr=172.31.226.61,mountvers=3,mountport=20048,mountproto=udp,lookupcache=pos,local_lock=none,remoteports=172.31.226.1-172.31.226.255,addr=172.31.226.84",raw_pack_cyclic_streaming_replay,raw_predecoded_planes,false,false,whole_raw_pack_preloaded_and_zero_padded_before_timing,bbbc022-mito,1,1eff677d3f7d6785bdc8e65079613d6ba2c801a19f33503517a12b8df54affc7,9a1600226d3f39e0c12979cea688dcc56740c3aa,8acabd8ba3f3d090aef4cd78c2c34bd5a35a04e6c5febdbb863fea395b7e7aff,u16,"[47470,520,696]","[47469,520,696]","[4,128,256]",262144,"[4096,1,1]","[16384,128,256]",1073741824,uncompressed_full_geometry,536870912,1073741824,native_layout_policy_in_study_metadata,16,recorded_command,15,,blosc-lz4,3,true,bit,16384,,16384,16,11581440,15728640,0,47470,2966,14,34360684800,46664908800,46666874880,25004154880,physical_sink_writes,,,,24976959489,23112452,24976959489,2858880,1.3741990067212382,1.86636481432641,5.059534525437461,false,6.871304104346382,3.6818062323665486,coverage-qualified-through-final-close-v2,6.324866738,3.0,32.0,6.254869716,0.069997022,0.011066956016552203,9.128797631943598,2.0,2.059108982,18402508800,9859878912,0.049573176000000004,0.008284937630568505,0.008282726630568504,0.15585018694400787,0.24916806817054749,sufficient,260,659,3,983040,67108864,70778880,18,,,678445056,115359744,false,983564288,976740958,551592432,983564288,"[""/mnt/main0/home/nclack/tmp/2026-09-07-chucky-microscopy-pr/worktree/build-microscopy-fs-pareto-20260914/native/bench/bench_stream_microscopy"",""--input"",""/mnt/main0/home/nclack/src/chucky/.git/worktrees/worktree/modules/microscopy/annex/objects/74/px/SHA256-s11581440--1eff677d3f7d6785bdc8e65079613d6ba2c801a19f33503517a12b8df54affc7/SHA256-s11581440--1eff677d3f7d6785bdc8e65079613d6ba2c801a19f33503517a12b8df54affc7"",""--width"",""696"",""--height"",""520"",""--dtype"",""u16"",""--frames"",""47469"",""--warmup"",""2.0"",""--duration"",""3.0"",""--backend"",""gpu"",""--chunk-bytes"",""256K"",""--batch-bytes"",""64M"",""--concurrent-shards"",""16"",""--max-threads"",""4"",""--json"",""--codec"",""blosc-lz4"",""--codec-level"",""3"",""--chunk-depth"",""4"",""--max-attempts"",""1"",""--shuffle"",""bit"",""--blosc-block-bytes"",""16384"",""-o"",""/mnt/main0/home/nclack/tmp/2026-09-07-chucky-microscopy-pr/worktree/build-microscopy-confirmation-3rounds-20260916/run-3704091/sink/chucky_io_p2ff6fxu""]","{""duration_s"":3.0,""min_gib"":32.0,""warmup_s"":2.0}",,15f36c0c355c6df9491c,"{""allocated_cpus"":8,""arrival_bytes_per_s"":null,""backend"":""gpu"",""chunk_depth"":4,""completion_pause_ms"":null,""data_issue"":null,""dataset_version"":1,""dtype"":""u16"",""hostname"":""cw-us-e4a2-l40-202-189"",""input_id"":""bbbc022-mito"",""input_sha256"":""1eff677d3f7d6785bdc8e65079613d6ba2c801a19f33503517a12b8df54affc7"",""io_workers"":32,""logical_spatial_shape"":[520,696],""memory_budget_bytes"":0,""minimum_logical_gib"":32.0,""nconnect"":16,""output_buffers"":4,""requested_duration_s"":3.0,""requested_warmup_s"":2.0,""sink"":""fs"",""source_order"":""cyclic"",""storage_type"":""nfs"",""study_id"":""reef-l40-final-confirmation-3704091"",""timing_policy"":""coverage-qualified-through-final-close-v2"",""worker_threads"":4}",,,,,,,,,,,
reef-l40-final-confirmation-3704091/execution-0224,/mnt/main0/home/nclack/tmp/2026-09-07-chucky-microscopy-pr/worktree/build-microscopy-confirmation-3rounds-20260916/run-3704091/confirmation/study.json,#/records/223,reef-l40-final-confirmation-3704091,retained_study,complete,partially_selected_in_current_report,execution-0224,9bdf045da4a44e94,224,sample,3,3,group-008,2026-09-16T05:34:05.199466+00:00,pass,,1,1,,0.0,true,,true,,true,microscopy,recorded_image_replay,,Chucky,06fc280b28109cb0997ecf1a5373a3c867600aa1,ed084d68cf1af1916ca4551825a4f7b70caefddd,cfc8dfa2fbe670ed6a6490f3086d984814b414958c964e12e9f9aafa596dbe4c,reef-l40,cw-us-e4a2-l40-202-189,8,NVIDIA L40,gpu,4,,32,4,0,fs,/mnt/main0/home/nclack/tmp/2026-09-07-chucky-microscopy-pr/worktree/build-microscopy-confirmation-3rounds-20260916/run-3704091/sink,nfs,16,/mnt/main0/home/nclack/tmp/2026-09-07-chucky-microscopy-pr/worktree/build-microscopy-confirmation-3rounds-20260916/run-3704091/confirmation/study.json#/storage,"rw,noatime,vers=3,rsize=1048576,wsize=1048576,namlen=255,hard,noacl,forcerdirplus,proto=tcp,nconnect=16,timeo=600,retrans=2,sec=sys,mountaddr=172.31.226.61,mountvers=3,mountport=20048,mountproto=udp,lookupcache=pos,local_lock=none,remoteports=172.31.226.1-172.31.226.255,addr=172.31.226.84",raw_pack_cyclic_streaming_replay,raw_predecoded_planes,false,false,whole_raw_pack_preloaded_and_zero_padded_before_timing,bbbc022-mito,1,1eff677d3f7d6785bdc8e65079613d6ba2c801a19f33503517a12b8df54affc7,9a1600226d3f39e0c12979cea688dcc56740c3aa,8acabd8ba3f3d090aef4cd78c2c34bd5a35a04e6c5febdbb863fea395b7e7aff,u16,"[47470,520,696]","[47469,520,696]","[4,128,256]",262144,"[4096,1,1]","[16384,128,256]",1073741824,uncompressed_full_geometry,536870912,1073741824,native_layout_policy_in_study_metadata,16,recorded_command,15,,blosc-lz4,3,true,bit,16384,,16384,16,11581440,15728640,8,47470,2966,14,34360684800,46664908800,46666874880,25004126208,physical_sink_writes,,,,24976946565,23096704,24976946565,2858880,1.374200582502515,1.8663669544696613,6.336643392124533,false,8.605733246478838,4.611148842689658,coverage-qualified-through-final-close-v2,5.050131481,3.0,32.0,4.964113192,0.08601828900000001,0.017032881089061692,7.71184104308486,2.0,2.022384953,20171980800,10807861248,0.022199269,0.008367195727259158,0.008360401727259159,0.18701212108135223,0.16256509721279144,sufficient,285,659,3,983040,67108864,70778880,18,,,677384192,115347456,false,983564288,976740958,551592432,983564288,"[""/mnt/main0/home/nclack/tmp/2026-09-07-chucky-microscopy-pr/worktree/build-microscopy-fs-pareto-20260914/native/bench/bench_stream_microscopy"",""--input"",""/mnt/main0/home/nclack/src/chucky/.git/worktrees/worktree/modules/microscopy/annex/objects/74/px/SHA256-s11581440--1eff677d3f7d6785bdc8e65079613d6ba2c801a19f33503517a12b8df54affc7/SHA256-s11581440--1eff677d3f7d6785bdc8e65079613d6ba2c801a19f33503517a12b8df54affc7"",""--width"",""696"",""--height"",""520"",""--dtype"",""u16"",""--frames"",""47469"",""--warmup"",""2.0"",""--duration"",""3.0"",""--backend"",""gpu"",""--chunk-bytes"",""256K"",""--batch-bytes"",""64M"",""--concurrent-shards"",""16"",""--max-threads"",""4"",""--json"",""--codec"",""blosc-lz4"",""--codec-level"",""3"",""--chunk-depth"",""4"",""--max-attempts"",""1"",""--shuffle"",""bit"",""--blosc-block-bytes"",""16384"",""-o"",""/mnt/main0/home/nclack/tmp/2026-09-07-chucky-microscopy-pr/worktree/build-microscopy-confirmation-3rounds-20260916/run-3704091/sink/chucky_io_73d90m2s""]","{""duration_s"":3.0,""min_gib"":32.0,""warmup_s"":2.0}",,15f36c0c355c6df9491c,"{""allocated_cpus"":8,""arrival_bytes_per_s"":null,""backend"":""gpu"",""chunk_depth"":4,""completion_pause_ms"":null,""data_issue"":null,""dataset_version"":1,""dtype"":""u16"",""hostname"":""cw-us-e4a2-l40-202-189"",""input_id"":""bbbc022-mito"",""input_sha256"":""1eff677d3f7d6785bdc8e65079613d6ba2c801a19f33503517a12b8df54affc7"",""io_workers"":32,""logical_spatial_shape"":[520,696],""memory_budget_bytes"":0,""minimum_logical_gib"":32.0,""nconnect"":16,""output_buffers"":4,""requested_duration_s"":3.0,""requested_warmup_s"":2.0,""sink"":""fs"",""source_order"":""cyclic"",""storage_type"":""nfs"",""study_id"":""reef-l40-final-confirmation-3704091"",""timing_policy"":""coverage-qualified-through-final-close-v2"",""worker_threads"":4}",,,,,,,,,,,
reef-l40-final-confirmation-3704091/execution-0039,/mnt/main0/home/nclack/tmp/2026-09-07-chucky-microscopy-pr/worktree/build-microscopy-confirmation-3rounds-20260916/run-3704091/confirmation/study.json,#/records/38,reef-l40-final-confirmation-3704091,retained_study,complete,partially_selected_in_current_report,execution-0039,cf33c61c7af2356a,39,sample,1,1,group-008,2026-09-16T04:26:06.624425+00:00,pass,,1,1,,0.0,true,,true,,true,microscopy,recorded_image_replay,,Chucky,06fc280b28109cb0997ecf1a5373a3c867600aa1,ed084d68cf1af1916ca4551825a4f7b70caefddd,cfc8dfa2fbe670ed6a6490f3086d984814b414958c964e12e9f9aafa596dbe4c,reef-l40,cw-us-e4a2-l40-202-189,8,NVIDIA L40,gpu,4,,32,4,0,fs,/mnt/main0/home/nclack/tmp/2026-09-07-chucky-microscopy-pr/worktree/build-microscopy-confirmation-3rounds-20260916/run-3704091/sink,nfs,16,/mnt/main0/home/nclack/tmp/2026-09-07-chucky-microscopy-pr/worktree/build-microscopy-confirmation-3rounds-20260916/run-3704091/confirmation/study.json#/storage,"rw,noatime,vers=3,rsize=1048576,wsize=1048576,namlen=255,hard,noacl,forcerdirplus,proto=tcp,nconnect=16,timeo=600,retrans=2,sec=sys,mountaddr=172.31.226.61,mountvers=3,mountport=20048,mountproto=udp,lookupcache=pos,local_lock=none,remoteports=172.31.226.1-172.31.226.255,addr=172.31.226.84",raw_pack_cyclic_streaming_replay,raw_predecoded_planes,false,false,whole_raw_pack_preloaded_and_zero_padded_before_timing,bbbc022-mito,1,1eff677d3f7d6785bdc8e65079613d6ba2c801a19f33503517a12b8df54affc7,9a1600226d3f39e0c12979cea688dcc56740c3aa,8acabd8ba3f3d090aef4cd78c2c34bd5a35a04e6c5febdbb863fea395b7e7aff,u16,"[47472,520,696]","[47469,520,696]","[4,32,64]",16384,"[4096,4,4]","[16384,128,256]",1073741824,uncompressed_full_geometry,536870912,1073741824,native_layout_policy_in_study_metadata,16,recorded_command,15,,blosc-lz4,3,true,bit,16384,,16384,16,11581440,12255232,8,47472,2967,0,34362132480,36361273344,36361273344,23893401600,physical_sink_writes,,,,23830549389,15553754,23830549389,45581760,1.4381431767337807,1.5218123376790351,6.3285697021378295,false,6.696757172731611,4.40051444381444,coverage-qualified-through-final-close-v2,5.0567867820000005,3.0,32.0,4.990024839,0.066761943,0.013202443741081586,7.966052745934576,2.0,2.196397675,13008928768,8547188736,0.08232697,0.008940523922615528,0.008938130922615528,0.14819470047950745,0.16258741915225983,sufficient,193,539,2,765952,67108864,67403776,22,,,711983104,115343360,false,960495616,943434686,538498096,960495616,"[""/mnt/main0/home/nclack/tmp/2026-09-07-chucky-microscopy-pr/worktree/build-microscopy-fs-pareto-20260914/native/bench/bench_stream_microscopy"",""--input"",""/mnt/main0/home/nclack/src/chucky/.git/worktrees/worktree/modules/microscopy/annex/objects/74/px/SHA256-s11581440--1eff677d3f7d6785bdc8e65079613d6ba2c801a19f33503517a12b8df54affc7/SHA256-s11581440--1eff677d3f7d6785bdc8e65079613d6ba2c801a19f33503517a12b8df54affc7"",""--width"",""696"",""--height"",""520"",""--dtype"",""u16"",""--frames"",""47469"",""--warmup"",""2.0"",""--duration"",""3.0"",""--backend"",""gpu"",""--chunk-bytes"",""16K"",""--batch-bytes"",""64M"",""--concurrent-shards"",""16"",""--max-threads"",""4"",""--json"",""--codec"",""blosc-lz4"",""--codec-level"",""3"",""--chunk-depth"",""4"",""--max-attempts"",""1"",""--shuffle"",""bit"",""--blosc-block-bytes"",""16384"",""-o"",""/mnt/main0/home/nclack/tmp/2026-09-07-chucky-microscopy-pr/worktree/build-microscopy-confirmation-3rounds-20260916/run-3704091/sink/chucky_io_cbq7e95l""]","{""duration_s"":3.0,""min_gib"":32.0,""warmup_s"":2.0}",,15f36c0c355c6df9491c,"{""allocated_cpus"":8,""arrival_bytes_per_s"":null,""backend"":""gpu"",""chunk_depth"":4,""completion_pause_ms"":null,""data_issue"":null,""dataset_version"":1,""dtype"":""u16"",""hostname"":""cw-us-e4a2-l40-202-189"",""input_id"":""bbbc022-mito"",""input_sha256"":""1eff677d3f7d6785bdc8e65079613d6ba2c801a19f33503517a12b8df54affc7"",""io_workers"":32,""logical_spatial_shape"":[520,696],""memory_budget_bytes"":0,""minimum_logical_gib"":32.0,""nconnect"":16,""output_buffers"":4,""requested_duration_s"":3.0,""requested_warmup_s"":2.0,""sink"":""fs"",""source_order"":""cyclic"",""storage_type"":""nfs"",""study_id"":""reef-l40-final-confirmation-3704091"",""timing_policy"":""coverage-qualified-through-final-close-v2"",""worker_threads"":4}",,,,,,,,,,,
reef-l40-final-confirmation-3704091/execution-0107,/mnt/main0/home/nclack/tmp/2026-09-07-chucky-microscopy-pr/worktree/build-microscopy-confirmation-3rounds-20260916/run-3704091/confirmation/study.json,#/records/106,reef-l40-final-confirmation-3704091,retained_study,complete,partially_selected_in_current_report,execution-0107,cf33c61c7af2356a,107,sample,2,2,group-008,2026-09-16T04:55:15.691870+00:00,pass,,1,1,,0.0,true,,true,,true,microscopy,recorded_image_replay,,Chucky,06fc280b28109cb0997ecf1a5373a3c867600aa1,ed084d68cf1af1916ca4551825a4f7b70caefddd,cfc8dfa2fbe670ed6a6490f3086d984814b414958c964e12e9f9aafa596dbe4c,reef-l40,cw-us-e4a2-l40-202-189,8,NVIDIA L40,gpu,4,,32,4,0,fs,/mnt/main0/home/nclack/tmp/2026-09-07-chucky-microscopy-pr/worktree/build-microscopy-confirmation-3rounds-20260916/run-3704091/sink,nfs,16,/mnt/main0/home/nclack/tmp/2026-09-07-chucky-microscopy-pr/worktree/build-microscopy-confirmation-3rounds-20260916/run-3704091/confirmation/study.json#/storage,"rw,noatime,vers=3,rsize=1048576,wsize=1048576,namlen=255,hard,noacl,forcerdirplus,proto=tcp,nconnect=16,timeo=600,retrans=2,sec=sys,mountaddr=172.31.226.61,mountvers=3,mountport=20048,mountproto=udp,lookupcache=pos,local_lock=none,remoteports=172.31.226.1-172.31.226.255,addr=172.31.226.84",raw_pack_cyclic_streaming_replay,raw_predecoded_planes,false,false,whole_raw_pack_preloaded_and_zero_padded_before_timing,bbbc022-mito,1,1eff677d3f7d6785bdc8e65079613d6ba2c801a19f33503517a12b8df54affc7,9a1600226d3f39e0c12979cea688dcc56740c3aa,8acabd8ba3f3d090aef4cd78c2c34bd5a35a04e6c5febdbb863fea395b7e7aff,u16,"[47472,520,696]","[47469,520,696]","[4,32,64]",16384,"[4096,4,4]","[16384,128,256]",1073741824,uncompressed_full_geometry,536870912,1073741824,native_layout_policy_in_study_metadata,16,recorded_command,15,,blosc-lz4,3,true,bit,16384,,16384,16,11581440,12255232,8,47472,2967,0,34362132480,36361273344,36361273344,23909171200,physical_sink_writes,,,,23830549389,15568582,23830549389,45581760,1.4371946309874597,1.5208086068663058,5.2296540691328115,false,5.533907892192058,3.638793117823631,coverage-qualified-through-final-close-v2,6.119378087,3.0,32.0,6.0267992690000005,0.09257881800000001,0.015128795227847474,8.852075004950166,2.0,2.0501504230000003,15300657152,10050125824,0.04889315,0.0074083411469724175,0.007405707146972418,0.14927183091640472,0.2412739098072052,sufficient,227,539,3,765952,67108864,67403776,22,,,717123584,112095232,false,960495616,943434686,538498096,960495616,"[""/mnt/main0/home/nclack/tmp/2026-09-07-chucky-microscopy-pr/worktree/build-microscopy-fs-pareto-20260914/native/bench/bench_stream_microscopy"",""--input"",""/mnt/main0/home/nclack/src/chucky/.git/worktrees/worktree/modules/microscopy/annex/objects/74/px/SHA256-s11581440--1eff677d3f7d6785bdc8e65079613d6ba2c801a19f33503517a12b8df54affc7/SHA256-s11581440--1eff677d3f7d6785bdc8e65079613d6ba2c801a19f33503517a12b8df54affc7"",""--width"",""696"",""--height"",""520"",""--dtype"",""u16"",""--frames"",""47469"",""--warmup"",""2.0"",""--duration"",""3.0"",""--backend"",""gpu"",""--chunk-bytes"",""16K"",""--batch-bytes"",""64M"",""--concurrent-shards"",""16"",""--max-threads"",""4"",""--json"",""--codec"",""blosc-lz4"",""--codec-level"",""3"",""--chunk-depth"",""4"",""--max-attempts"",""1"",""--shuffle"",""bit"",""--blosc-block-bytes"",""16384"",""-o"",""/mnt/main0/home/nclack/tmp/2026-09-07-chucky-microscopy-pr/worktree/build-microscopy-confirmation-3rounds-20260916/run-3704091/sink/chucky_io_qr_kw2p0""]","{""duration_s"":3.0,""min_gib"":32.0,""warmup_s"":2.0}",,15f36c0c355c6df9491c,"{""allocated_cpus"":8,""arrival_bytes_per_s"":null,""backend"":""gpu"",""chunk_depth"":4,""completion_pause_ms"":null,""data_issue"":null,""dataset_version"":1,""dtype"":""u16"",""hostname"":""cw-us-e4a2-l40-202-189"",""input_id"":""bbbc022-mito"",""input_sha256"":""1eff677d3f7d6785bdc8e65079613d6ba2c801a19f33503517a12b8df54affc7"",""io_workers"":32,""logical_spatial_shape"":[520,696],""memory_budget_bytes"":0,""minimum_logical_gib"":32.0,""nconnect"":16,""output_buffers"":4,""requested_duration_s"":3.0,""requested_warmup_s"":2.0,""sink"":""fs"",""source_order"":""cyclic"",""storage_type"":""nfs"",""study_id"":""reef-l40-final-confirmation-3704091"",""timing_policy"":""coverage-qualified-through-final-close-v2"",""worker_threads"":4}",,,,,,,,,,,
reef-l40-final-confirmation-3704091/execution-0229,/mnt/main0/home/nclack/tmp/2026-09-07-chucky-microscopy-pr/worktree/build-microscopy-confirmation-3rounds-20260916/run-3704091/confirmation/study.json,#/records/228,reef-l40-final-confirmation-3704091,retained_study,complete,partially_selected_in_current_report,execution-0229,cf33c61c7af2356a,229,sample,3,3,group-008,2026-09-16T05:34:50.935778+00:00,pass,,1,1,,0.0,true,,true,,true,microscopy,recorded_image_replay,,Chucky,06fc280b28109cb0997ecf1a5373a3c867600aa1,ed084d68cf1af1916ca4551825a4f7b70caefddd,cfc8dfa2fbe670ed6a6490f3086d984814b414958c964e12e9f9aafa596dbe4c,reef-l40,cw-us-e4a2-l40-202-189,8,NVIDIA L40,gpu,4,,32,4,0,fs,/mnt/main0/home/nclack/tmp/2026-09-07-chucky-microscopy-pr/worktree/build-microscopy-confirmation-3rounds-20260916/run-3704091/sink,nfs,16,/mnt/main0/home/nclack/tmp/2026-09-07-chucky-microscopy-pr/worktree/build-microscopy-confirmation-3rounds-20260916/run-3704091/confirmation/study.json#/storage,"rw,noatime,vers=3,rsize=1048576,wsize=1048576,namlen=255,hard,noacl,forcerdirplus,proto=tcp,nconnect=16,timeo=600,retrans=2,sec=sys,mountaddr=172.31.226.61,mountvers=3,mountport=20048,mountproto=udp,lookupcache=pos,local_lock=none,remoteports=172.31.226.1-172.31.226.255,addr=172.31.226.84",raw_pack_cyclic_streaming_replay,raw_predecoded_planes,false,false,whole_raw_pack_preloaded_and_zero_padded_before_timing,bbbc022-mito,1,1eff677d3f7d6785bdc8e65079613d6ba2c801a19f33503517a12b8df54affc7,9a1600226d3f39e0c12979cea688dcc56740c3aa,8acabd8ba3f3d090aef4cd78c2c34bd5a35a04e6c5febdbb863fea395b7e7aff,u16,"[47472,520,696]","[47469,520,696]","[4,32,64]",16384,"[4096,4,4]","[16384,128,256]",1073741824,uncompressed_full_geometry,536870912,1073741824,native_layout_policy_in_study_metadata,16,recorded_command,15,,blosc-lz4,3,true,bit,16384,,16384,16,11581440,12255232,8,47472,2967,0,34362132480,36361273344,36361273344,23909171200,physical_sink_writes,,,,23830549389,15568582,23830549389,45581760,1.4371946309874597,1.5208086068663058,6.383567511316514,false,6.754954422819836,4.441686082207755,coverage-qualified-through-final-close-v2,5.013220154000001,3.0,32.0,4.933770467,0.079449687,0.01584803470811228,7.721093495958485,2.0,2.0611554300000003,14357004288,9431269376,0.046965079,0.008027934583265305,0.008025627583265305,0.18211065232753754,0.16394014656543732,sufficient,213,539,3,765952,67108864,67403776,22,,,717225984,115343360,false,960495616,943434686,538498096,960495616,"[""/mnt/main0/home/nclack/tmp/2026-09-07-chucky-microscopy-pr/worktree/build-microscopy-fs-pareto-20260914/native/bench/bench_stream_microscopy"",""--input"",""/mnt/main0/home/nclack/src/chucky/.git/worktrees/worktree/modules/microscopy/annex/objects/74/px/SHA256-s11581440--1eff677d3f7d6785bdc8e65079613d6ba2c801a19f33503517a12b8df54affc7/SHA256-s11581440--1eff677d3f7d6785bdc8e65079613d6ba2c801a19f33503517a12b8df54affc7"",""--width"",""696"",""--height"",""520"",""--dtype"",""u16"",""--frames"",""47469"",""--warmup"",""2.0"",""--duration"",""3.0"",""--backend"",""gpu"",""--chunk-bytes"",""16K"",""--batch-bytes"",""64M"",""--concurrent-shards"",""16"",""--max-threads"",""4"",""--json"",""--codec"",""blosc-lz4"",""--codec-level"",""3"",""--chunk-depth"",""4"",""--max-attempts"",""1"",""--shuffle"",""bit"",""--blosc-block-bytes"",""16384"",""-o"",""/mnt/main0/home/nclack/tmp/2026-09-07-chucky-microscopy-pr/worktree/build-microscopy-confirmation-3rounds-20260916/run-3704091/sink/chucky_io_ilg92n_n""]","{""duration_s"":3.0,""min_gib"":32.0,""warmup_s"":2.0}",,15f36c0c355c6df9491c,"{""allocated_cpus"":8,""arrival_bytes_per_s"":null,""backend"":""gpu"",""chunk_depth"":4,""completion_pause_ms"":null,""data_issue"":null,""dataset_version"":1,""dtype"":""u16"",""hostname"":""cw-us-e4a2-l40-202-189"",""input_id"":""bbbc022-mito"",""input_sha256"":""1eff677d3f7d6785bdc8e65079613d6ba2c801a19f33503517a12b8df54affc7"",""io_workers"":32,""logical_spatial_shape"":[520,696],""memory_budget_bytes"":0,""minimum_logical_gib"":32.0,""nconnect"":16,""output_buffers"":4,""requested_duration_s"":3.0,""requested_warmup_s"":2.0,""sink"":""fs"",""source_order"":""cyclic"",""storage_type"":""nfs"",""study_id"":""reef-l40-final-confirmation-3704091"",""timing_policy"":""coverage-qualified-through-final-close-v2"",""worker_threads"":4}",,,,,,,,,,,
reef-l40-final-confirmation-3704091/execution-0056,/mnt/main0/home/nclack/tmp/2026-09-07-chucky-microscopy-pr/worktree/build-microscopy-confirmation-3rounds-20260916/run-3704091/confirmation/study.json,#/records/55,reef-l40-final-confirmation-3704091,retained_study,complete,partially_selected_in_current_report,execution-0056,d3a0f611bae43d1c,56,sample,1,1,group-008,2026-09-16T04:31:12.346590+00:00,pass,,1,1,,0.0,true,,true,,true,microscopy,recorded_image_replay,,Chucky,06fc280b28109cb0997ecf1a5373a3c867600aa1,ed084d68cf1af1916ca4551825a4f7b70caefddd,cfc8dfa2fbe670ed6a6490f3086d984814b414958c964e12e9f9aafa596dbe4c,reef-l40,cw-us-e4a2-l40-202-189,8,NVIDIA L40,gpu,4,,32,4,0,fs,/mnt/main0/home/nclack/tmp/2026-09-07-chucky-microscopy-pr/worktree/build-microscopy-confirmation-3rounds-20260916/run-3704091/sink,nfs,16,/mnt/main0/home/nclack/tmp/2026-09-07-chucky-microscopy-pr/worktree/build-microscopy-confirmation-3rounds-20260916/run-3704091/confirmation/study.json#/storage,"rw,noatime,vers=3,rsize=1048576,wsize=1048576,namlen=255,hard,noacl,forcerdirplus,proto=tcp,nconnect=16,timeo=600,retrans=2,sec=sys,mountaddr=172.31.226.61,mountvers=3,mountport=20048,mountproto=udp,lookupcache=pos,local_lock=none,remoteports=172.31.226.1-172.31.226.255,addr=172.31.226.84",raw_pack_cyclic_streaming_replay,raw_predecoded_planes,false,false,whole_raw_pack_preloaded_and_zero_padded_before_timing,bbbc022-mito,1,1eff677d3f7d6785bdc8e65079613d6ba2c801a19f33503517a12b8df54affc7,9a1600226d3f39e0c12979cea688dcc56740c3aa,8acabd8ba3f3d090aef4cd78c2c34bd5a35a04e6c5febdbb863fea395b7e7aff,u16,"[47470,520,696]","[47469,520,696]","[4,64,128]",65536,"[4096,2,2]","[16384,128,256]",1073741824,uncompressed_full_geometry,536870912,1073741824,native_layout_policy_in_study_metadata,16,recorded_command,15,,blosc-lz4,3,true,bit,16384,,16384,16,11581440,14155776,0,47470,2966,14,34360684800,41998417920,42000187392,25544122368,physical_sink_writes,,,,25508513367,19715162,25508513367,11403280,1.3451503365425783,1.6442211944856278,6.335209456132111,false,7.7434073833530475,4.709666590832499,coverage-qualified-through-final-close-v2,5.051274157000001,3.0,32.0,4.977585441,0.073688716,0.01458814424037606,7.853275423054583,2.0,2.059362708,16675504128,10139951104,0.052972826,0.00833000759163475,0.00832730159163475,0.14217986166477203,0.2859239876270294,sufficient,248,624,3,884736,67108864,67239936,19,,,677400576,115363840,false,960495616,941415646,537513648,960495616,"[""/mnt/main0/home/nclack/tmp/2026-09-07-chucky-microscopy-pr/worktree/build-microscopy-fs-pareto-20260914/native/bench/bench_stream_microscopy"",""--input"",""/mnt/main0/home/nclack/src/chucky/.git/worktrees/worktree/modules/microscopy/annex/objects/74/px/SHA256-s11581440--1eff677d3f7d6785bdc8e65079613d6ba2c801a19f33503517a12b8df54affc7/SHA256-s11581440--1eff677d3f7d6785bdc8e65079613d6ba2c801a19f33503517a12b8df54affc7"",""--width"",""696"",""--height"",""520"",""--dtype"",""u16"",""--frames"",""47469"",""--warmup"",""2.0"",""--duration"",""3.0"",""--backend"",""gpu"",""--chunk-bytes"",""64K"",""--batch-bytes"",""64M"",""--concurrent-shards"",""16"",""--max-threads"",""4"",""--json"",""--codec"",""blosc-lz4"",""--codec-level"",""3"",""--chunk-depth"",""4"",""--max-attempts"",""1"",""--shuffle"",""bit"",""--blosc-block-bytes"",""16384"",""-o"",""/mnt/main0/home/nclack/tmp/2026-09-07-chucky-microscopy-pr/worktree/build-microscopy-confirmation-3rounds-20260916/run-3704091/sink/chucky_io_ijvhoe9d""]","{""duration_s"":3.0,""min_gib"":32.0,""warmup_s"":2.0}",,15f36c0c355c6df9491c,"{""allocated_cpus"":8,""arrival_bytes_per_s"":null,""backend"":""gpu"",""chunk_depth"":4,""completion_pause_ms"":null,""data_issue"":null,""dataset_version"":1,""dtype"":""u16"",""hostname"":""cw-us-e4a2-l40-202-189"",""input_id"":""bbbc022-mito"",""input_sha256"":""1eff677d3f7d6785bdc8e65079613d6ba2c801a19f33503517a12b8df54affc7"",""io_workers"":32,""logical_spatial_shape"":[520,696],""memory_budget_bytes"":0,""minimum_logical_gib"":32.0,""nconnect"":16,""output_buffers"":4,""requested_duration_s"":3.0,""requested_warmup_s"":2.0,""sink"":""fs"",""source_order"":""cyclic"",""storage_type"":""nfs"",""study_id"":""reef-l40-final-confirmation-3704091"",""timing_policy"":""coverage-qualified-through-final-close-v2"",""worker_threads"":4}",,,,,,,,,,,
reef-l40-final-confirmation-3704091/execution-0146,/mnt/main0/home/nclack/tmp/2026-09-07-chucky-microscopy-pr/worktree/build-microscopy-confirmation-3rounds-20260916/run-3704091/confirmation/study.json,#/records/145,reef-l40-final-confirmation-3704091,retained_study,complete,partially_selected_in_current_report,execution-0146,d3a0f611bae43d1c,146,sample,2,2,group-008,2026-09-16T05:06:09.248651+00:00,pass,,1,1,,0.0,true,,true,,true,microscopy,recorded_image_replay,,Chucky,06fc280b28109cb0997ecf1a5373a3c867600aa1,ed084d68cf1af1916ca4551825a4f7b70caefddd,cfc8dfa2fbe670ed6a6490f3086d984814b414958c964e12e9f9aafa596dbe4c,reef-l40,cw-us-e4a2-l40-202-189,8,NVIDIA L40,gpu,4,,32,4,0,fs,/mnt/main0/home/nclack/tmp/2026-09-07-chucky-microscopy-pr/worktree/build-microscopy-confirmation-3rounds-20260916/run-3704091/sink,nfs,16,/mnt/main0/home/nclack/tmp/2026-09-07-chucky-microscopy-pr/worktree/build-microscopy-confirmation-3rounds-20260916/run-3704091/confirmation/study.json#/storage,"rw,noatime,vers=3,rsize=1048576,wsize=1048576,namlen=255,hard,noacl,forcerdirplus,proto=tcp,nconnect=16,timeo=600,retrans=2,sec=sys,mountaddr=172.31.226.61,mountvers=3,mountport=20048,mountproto=udp,lookupcache=pos,local_lock=none,remoteports=172.31.226.1-172.31.226.255,addr=172.31.226.84",raw_pack_cyclic_streaming_replay,raw_predecoded_planes,false,false,whole_raw_pack_preloaded_and_zero_padded_before_timing,bbbc022-mito,1,1eff677d3f7d6785bdc8e65079613d6ba2c801a19f33503517a12b8df54affc7,9a1600226d3f39e0c12979cea688dcc56740c3aa,8acabd8ba3f3d090aef4cd78c2c34bd5a35a04e6c5febdbb863fea395b7e7aff,u16,"[47470,520,696]","[47469,520,696]","[4,64,128]",65536,"[4096,2,2]","[16384,128,256]",1073741824,uncompressed_full_geometry,536870912,1073741824,native_layout_policy_in_study_metadata,16,recorded_command,15,,blosc-lz4,3,true,bit,16384,,16384,16,11581440,14155776,12,47470,2966,14,34360684800,41998417920,42000187392,25540124672,physical_sink_writes,,,,25508476203,19720175,25508476203,11403280,1.3453608876729606,1.6444785580097578,5.890867633756004,false,7.2002964099269935,4.378652270549372,coverage-qualified-through-final-close-v2,5.432286798000001,3.0,32.0,5.395681225000001,0.036605573,0.006738519956913365,8.142522678012028,2.0,2.062906425,15935864832,9690390528,0.062744403,0.008205486374567986,0.008203087374567986,0.14324426651000977,0.21436761319637299,sufficient,237,624,2,884736,67108864,67239936,19,,,675287040,115347456,false,960495616,941415646,537513648,960495616,"[""/mnt/main0/home/nclack/tmp/2026-09-07-chucky-microscopy-pr/worktree/build-microscopy-fs-pareto-20260914/native/bench/bench_stream_microscopy"",""--input"",""/mnt/main0/home/nclack/src/chucky/.git/worktrees/worktree/modules/microscopy/annex/objects/74/px/SHA256-s11581440--1eff677d3f7d6785bdc8e65079613d6ba2c801a19f33503517a12b8df54affc7/SHA256-s11581440--1eff677d3f7d6785bdc8e65079613d6ba2c801a19f33503517a12b8df54affc7"",""--width"",""696"",""--height"",""520"",""--dtype"",""u16"",""--frames"",""47469"",""--warmup"",""2.0"",""--duration"",""3.0"",""--backend"",""gpu"",""--chunk-bytes"",""64K"",""--batch-bytes"",""64M"",""--concurrent-shards"",""16"",""--max-threads"",""4"",""--json"",""--codec"",""blosc-lz4"",""--codec-level"",""3"",""--chunk-depth"",""4"",""--max-attempts"",""1"",""--shuffle"",""bit"",""--blosc-block-bytes"",""16384"",""-o"",""/mnt/main0/home/nclack/tmp/2026-09-07-chucky-microscopy-pr/worktree/build-microscopy-confirmation-3rounds-20260916/run-3704091/sink/chucky_io_a17yyurm""]","{""duration_s"":3.0,""min_gib"":32.0,""warmup_s"":2.0}",,15f36c0c355c6df9491c,"{""allocated_cpus"":8,""arrival_bytes_per_s"":null,""backend"":""gpu"",""chunk_depth"":4,""completion_pause_ms"":null,""data_issue"":null,""dataset_version"":1,""dtype"":""u16"",""hostname"":""cw-us-e4a2-l40-202-189"",""input_id"":""bbbc022-mito"",""input_sha256"":""1eff677d3f7d6785bdc8e65079613d6ba2c801a19f33503517a12b8df54affc7"",""io_workers"":32,""logical_spatial_shape"":[520,696],""memory_budget_bytes"":0,""minimum_logical_gib"":32.0,""nconnect"":16,""output_buffers"":4,""requested_duration_s"":3.0,""requested_warmup_s"":2.0,""sink"":""fs"",""source_order"":""cyclic"",""storage_type"":""nfs"",""study_id"":""reef-l40-final-confirmation-3704091"",""timing_policy"":""coverage-qualified-through-final-close-v2"",""worker_threads"":4}",,,,,,,,,,,
reef-l40-final-confirmation-3704091/execution-0226,/mnt/main0/home/nclack/tmp/2026-09-07-chucky-microscopy-pr/worktree/build-microscopy-confirmation-3rounds-20260916/run-3704091/confirmation/study.json,#/records/225,reef-l40-final-confirmation-3704091,retained_study,complete,partially_selected_in_current_report,execution-0226,d3a0f611bae43d1c,226,sample,3,3,group-008,2026-09-16T05:34:20.486344+00:00,pass,,1,1,,0.0,true,,true,,true,microscopy,recorded_image_replay,,Chucky,06fc280b28109cb0997ecf1a5373a3c867600aa1,ed084d68cf1af1916ca4551825a4f7b70caefddd,cfc8dfa2fbe670ed6a6490f3086d984814b414958c964e12e9f9aafa596dbe4c,reef-l40,cw-us-e4a2-l40-202-189,8,NVIDIA L40,gpu,4,,32,4,0,fs,/mnt/main0/home/nclack/tmp/2026-09-07-chucky-microscopy-pr/worktree/build-microscopy-confirmation-3rounds-20260916/run-3704091/sink,nfs,16,/mnt/main0/home/nclack/tmp/2026-09-07-chucky-microscopy-pr/worktree/build-microscopy-confirmation-3rounds-20260916/run-3704091/confirmation/study.json#/storage,"rw,noatime,vers=3,rsize=1048576,wsize=1048576,namlen=255,hard,noacl,forcerdirplus,proto=tcp,nconnect=16,timeo=600,retrans=2,sec=sys,mountaddr=172.31.226.61,mountvers=3,mountport=20048,mountproto=udp,lookupcache=pos,local_lock=none,remoteports=172.31.226.1-172.31.226.255,addr=172.31.226.84",raw_pack_cyclic_streaming_replay,raw_predecoded_planes,false,false,whole_raw_pack_preloaded_and_zero_padded_before_timing,bbbc022-mito,1,1eff677d3f7d6785bdc8e65079613d6ba2c801a19f33503517a12b8df54affc7,9a1600226d3f39e0c12979cea688dcc56740c3aa,8acabd8ba3f3d090aef4cd78c2c34bd5a35a04e6c5febdbb863fea395b7e7aff,u16,"[47470,520,696]","[47469,520,696]","[4,64,128]",65536,"[4096,2,2]","[16384,128,256]",1073741824,uncompressed_full_geometry,536870912,1073741824,native_layout_policy_in_study_metadata,16,recorded_command,15,,blosc-lz4,3,true,bit,16384,,16384,16,11581440,14155776,0,47470,2966,14,34360684800,41998417920,42000187392,25544122368,physical_sink_writes,,,,25508513367,19715162,25508513367,11403280,1.3451503365425783,1.6442211944856278,4.890105135243561,false,5.9770834224426705,3.6353595661019558,coverage-qualified-through-final-close-v2,6.5440066770000005,3.0,32.0,6.504942008,0.039064669,0.0059695337930047165,9.355098868021742,2.0,2.0784925480000003,16944463872,10303434752,0.068044882,0.008026958683372975,0.008023944683372974,0.14310722053050995,0.32113736867904663,sufficient,252,624,3,884736,67108864,67239936,19,,,676241408,115253248,false,960495616,941415646,537513648,960495616,"[""/mnt/main0/home/nclack/tmp/2026-09-07-chucky-microscopy-pr/worktree/build-microscopy-fs-pareto-20260914/native/bench/bench_stream_microscopy"",""--input"",""/mnt/main0/home/nclack/src/chucky/.git/worktrees/worktree/modules/microscopy/annex/objects/74/px/SHA256-s11581440--1eff677d3f7d6785bdc8e65079613d6ba2c801a19f33503517a12b8df54affc7/SHA256-s11581440--1eff677d3f7d6785bdc8e65079613d6ba2c801a19f33503517a12b8df54affc7"",""--width"",""696"",""--height"",""520"",""--dtype"",""u16"",""--frames"",""47469"",""--warmup"",""2.0"",""--duration"",""3.0"",""--backend"",""gpu"",""--chunk-bytes"",""64K"",""--batch-bytes"",""64M"",""--concurrent-shards"",""16"",""--max-threads"",""4"",""--json"",""--codec"",""blosc-lz4"",""--codec-level"",""3"",""--chunk-depth"",""4"",""--max-attempts"",""1"",""--shuffle"",""bit"",""--blosc-block-bytes"",""16384"",""-o"",""/mnt/main0/home/nclack/tmp/2026-09-07-chucky-microscopy-pr/worktree/build-microscopy-confirmation-3rounds-20260916/run-3704091/sink/chucky_io_jd0trmc4""]","{""duration_s"":3.0,""min_gib"":32.0,""warmup_s"":2.0}",,15f36c0c355c6df9491c,"{""allocated_cpus"":8,""arrival_bytes_per_s"":null,""backend"":""gpu"",""chunk_depth"":4,""completion_pause_ms"":null,""data_issue"":null,""dataset_version"":1,""dtype"":""u16"",""hostname"":""cw-us-e4a2-l40-202-189"",""input_id"":""bbbc022-mito"",""input_sha256"":""1eff677d3f7d6785bdc8e65079613d6ba2c801a19f33503517a12b8df54affc7"",""io_workers"":32,""logical_spatial_shape"":[520,696],""memory_budget_bytes"":0,""minimum_logical_gib"":32.0,""nconnect"":16,""output_buffers"":4,""requested_duration_s"":3.0,""requested_warmup_s"":2.0,""sink"":""fs"",""source_order"":""cyclic"",""storage_type"":""nfs"",""study_id"":""reef-l40-final-confirmation-3704091"",""timing_policy"":""coverage-qualified-through-final-close-v2"",""worker_threads"":4}",,,,,,,,,,,
reef-l40-final-confirmation-3704091/execution-0031,/mnt/main0/home/nclack/tmp/2026-09-07-chucky-microscopy-pr/worktree/build-microscopy-confirmation-3rounds-20260916/run-3704091/confirmation/study.json,#/records/30,reef-l40-final-confirmation-3704091,retained_study,complete,partially_selected_in_current_report,execution-0031,e2a47905f25a33f3,31,sample,1,1,group-008,2026-09-16T04:24:56.764560+00:00,pass,,1,1,,0.0,true,,true,,true,microscopy,recorded_image_replay,,Chucky,06fc280b28109cb0997ecf1a5373a3c867600aa1,ed084d68cf1af1916ca4551825a4f7b70caefddd,cfc8dfa2fbe670ed6a6490f3086d984814b414958c964e12e9f9aafa596dbe4c,reef-l40,cw-us-e4a2-l40-202-189,8,NVIDIA L40,gpu,4,,32,4,0,fs,/mnt/main0/home/nclack/tmp/2026-09-07-chucky-microscopy-pr/worktree/build-microscopy-confirmation-3rounds-20260916/run-3704091/sink,nfs,16,/mnt/main0/home/nclack/tmp/2026-09-07-chucky-microscopy-pr/worktree/build-microscopy-confirmation-3rounds-20260916/run-3704091/confirmation/study.json#/storage,"rw,noatime,vers=3,rsize=1048576,wsize=1048576,namlen=255,hard,noacl,forcerdirplus,proto=tcp,nconnect=16,timeo=600,retrans=2,sec=sys,mountaddr=172.31.226.61,mountvers=3,mountport=20048,mountproto=udp,lookupcache=pos,local_lock=none,remoteports=172.31.226.1-172.31.226.255,addr=172.31.226.84",raw_pack_cyclic_streaming_replay,raw_predecoded_planes,false,false,whole_raw_pack_preloaded_and_zero_padded_before_timing,bbbc022-mito,1,1eff677d3f7d6785bdc8e65079613d6ba2c801a19f33503517a12b8df54affc7,9a1600226d3f39e0c12979cea688dcc56740c3aa,8acabd8ba3f3d090aef4cd78c2c34bd5a35a04e6c5febdbb863fea395b7e7aff,u16,"[47472,520,696]","[47469,520,696]","[4,32,64]",16384,"[4096,4,4]","[16384,128,256]",1073741824,uncompressed_full_geometry,536870912,1073741824,native_layout_policy_in_study_metadata,16,recorded_command,15,,none,0,false,none,,,,16,11581440,12255232,8,47472,2967,0,34362132480,36361273344,36361273344,36408643584,physical_sink_writes,,,,36361273344,0,36361273344,0,0.9437905150385951,0.9986989287340323,5.174048825282391,false,5.475067811851254,5.4822005454552185,coverage-qualified-through-final-close-v2,6.1851424790000005,3.0,32.0,6.119799888,0.065342591,0.010564443943183737,8.958264544955455,2.0,2.0547614650000003,13008928768,13024718848,0.050777683000000004,0.010767110065496922,0.010765084065496922,0.15235622227191925,0.18736733496189117,sufficient,193,539,2,765952,67108864,67403776,22,,,708837376,114294784,false,547356672,538320878,538219568,547356672,"[""/mnt/main0/home/nclack/tmp/2026-09-07-chucky-microscopy-pr/worktree/build-microscopy-fs-pareto-20260914/native/bench/bench_stream_microscopy"",""--input"",""/mnt/main0/home/nclack/src/chucky/.git/worktrees/worktree/modules/microscopy/annex/objects/74/px/SHA256-s11581440--1eff677d3f7d6785bdc8e65079613d6ba2c801a19f33503517a12b8df54affc7/SHA256-s11581440--1eff677d3f7d6785bdc8e65079613d6ba2c801a19f33503517a12b8df54affc7"",""--width"",""696"",""--height"",""520"",""--dtype"",""u16"",""--frames"",""47469"",""--warmup"",""2.0"",""--duration"",""3.0"",""--backend"",""gpu"",""--chunk-bytes"",""16K"",""--batch-bytes"",""64M"",""--concurrent-shards"",""16"",""--max-threads"",""4"",""--json"",""--codec"",""none"",""--codec-level"",""0"",""--chunk-depth"",""4"",""--max-attempts"",""1"",""-o"",""/mnt/main0/home/nclack/tmp/2026-09-07-chucky-microscopy-pr/worktree/build-microscopy-confirmation-3rounds-20260916/run-3704091/sink/chucky_io_a1ckfjf6""]","{""duration_s"":3.0,""min_gib"":32.0,""warmup_s"":2.0}",,15f36c0c355c6df9491c,"{""allocated_cpus"":8,""arrival_bytes_per_s"":null,""backend"":""gpu"",""chunk_depth"":4,""completion_pause_ms"":null,""data_issue"":null,""dataset_version"":1,""dtype"":""u16"",""hostname"":""cw-us-e4a2-l40-202-189"",""input_id"":""bbbc022-mito"",""input_sha256"":""1eff677d3f7d6785bdc8e65079613d6ba2c801a19f33503517a12b8df54affc7"",""io_workers"":32,""logical_spatial_shape"":[520,696],""memory_budget_bytes"":0,""minimum_logical_gib"":32.0,""nconnect"":16,""output_buffers"":4,""requested_duration_s"":3.0,""requested_warmup_s"":2.0,""sink"":""fs"",""source_order"":""cyclic"",""storage_type"":""nfs"",""study_id"":""reef-l40-final-confirmation-3704091"",""timing_policy"":""coverage-qualified-through-final-close-v2"",""worker_threads"":4}",,,,,,,,,,,
reef-l40-final-confirmation-3704091/execution-0103,/mnt/main0/home/nclack/tmp/2026-09-07-chucky-microscopy-pr/worktree/build-microscopy-confirmation-3rounds-20260916/run-3704091/confirmation/study.json,#/records/102,reef-l40-final-confirmation-3704091,retained_study,complete,partially_selected_in_current_report,execution-0103,e2a47905f25a33f3,103,sample,2,2,group-008,2026-09-16T04:54:44.753741+00:00,pass,,1,1,,0.0,true,,true,,true,microscopy,recorded_image_replay,,Chucky,06fc280b28109cb0997ecf1a5373a3c867600aa1,ed084d68cf1af1916ca4551825a4f7b70caefddd,cfc8dfa2fbe670ed6a6490f3086d984814b414958c964e12e9f9aafa596dbe4c,reef-l40,cw-us-e4a2-l40-202-189,8,NVIDIA L40,gpu,4,,32,4,0,fs,/mnt/main0/home/nclack/tmp/2026-09-07-chucky-microscopy-pr/worktree/build-microscopy-confirmation-3rounds-20260916/run-3704091/sink,nfs,16,/mnt/main0/home/nclack/tmp/2026-09-07-chucky-microscopy-pr/worktree/build-microscopy-confirmation-3rounds-20260916/run-3704091/confirmation/study.json#/storage,"rw,noatime,vers=3,rsize=1048576,wsize=1048576,namlen=255,hard,noacl,forcerdirplus,proto=tcp,nconnect=16,timeo=600,retrans=2,sec=sys,mountaddr=172.31.226.61,mountvers=3,mountport=20048,mountproto=udp,lookupcache=pos,local_lock=none,remoteports=172.31.226.1-172.31.226.255,addr=172.31.226.84",raw_pack_cyclic_streaming_replay,raw_predecoded_planes,false,false,whole_raw_pack_preloaded_and_zero_padded_before_timing,bbbc022-mito,1,1eff677d3f7d6785bdc8e65079613d6ba2c801a19f33503517a12b8df54affc7,9a1600226d3f39e0c12979cea688dcc56740c3aa,8acabd8ba3f3d090aef4cd78c2c34bd5a35a04e6c5febdbb863fea395b7e7aff,u16,"[47472,520,696]","[47469,520,696]","[4,32,64]",16384,"[4096,4,4]","[16384,128,256]",1073741824,uncompressed_full_geometry,536870912,1073741824,native_layout_policy_in_study_metadata,16,recorded_command,15,,none,0,false,none,,,,16,11581440,12255232,0,47472,2967,0,34362132480,36361273344,36361273344,36424433664,physical_sink_writes,,,,36361273344,0,36361273344,0,0.9433813795699926,0.9982659903354263,4.706922384228054,false,4.980764564179229,4.9894162601949885,coverage-qualified-through-final-close-v2,6.798971066000001,3.0,32.0,6.720586986000001,0.07838408000000001,0.01152881505732238,9.52318359108176,2.0,2.1005646810000003,9571336192,9571336192,0.08643350300000001,0.012615505768629551,0.012613021768629551,0.15006592869758606,0.19345229864120483,sufficient,142,539,3,765952,67108864,67403776,22,,,709894144,114302976,false,547356672,538320878,538219568,547356672,"[""/mnt/main0/home/nclack/tmp/2026-09-07-chucky-microscopy-pr/worktree/build-microscopy-fs-pareto-20260914/native/bench/bench_stream_microscopy"",""--input"",""/mnt/main0/home/nclack/src/chucky/.git/worktrees/worktree/modules/microscopy/annex/objects/74/px/SHA256-s11581440--1eff677d3f7d6785bdc8e65079613d6ba2c801a19f33503517a12b8df54affc7/SHA256-s11581440--1eff677d3f7d6785bdc8e65079613d6ba2c801a19f33503517a12b8df54affc7"",""--width"",""696"",""--height"",""520"",""--dtype"",""u16"",""--frames"",""47469"",""--warmup"",""2.0"",""--duration"",""3.0"",""--backend"",""gpu"",""--chunk-bytes"",""16K"",""--batch-bytes"",""64M"",""--concurrent-shards"",""16"",""--max-threads"",""4"",""--json"",""--codec"",""none"",""--codec-level"",""0"",""--chunk-depth"",""4"",""--max-attempts"",""1"",""-o"",""/mnt/main0/home/nclack/tmp/2026-09-07-chucky-microscopy-pr/worktree/build-microscopy-confirmation-3rounds-20260916/run-3704091/sink/chucky_io_ta_0n31_""]","{""duration_s"":3.0,""min_gib"":32.0,""warmup_s"":2.0}",,15f36c0c355c6df9491c,"{""allocated_cpus"":8,""arrival_bytes_per_s"":null,""backend"":""gpu"",""chunk_depth"":4,""completion_pause_ms"":null,""data_issue"":null,""dataset_version"":1,""dtype"":""u16"",""hostname"":""cw-us-e4a2-l40-202-189"",""input_id"":""bbbc022-mito"",""input_sha256"":""1eff677d3f7d6785bdc8e65079613d6ba2c801a19f33503517a12b8df54affc7"",""io_workers"":32,""logical_spatial_shape"":[520,696],""memory_budget_bytes"":0,""minimum_logical_gib"":32.0,""nconnect"":16,""output_buffers"":4,""requested_duration_s"":3.0,""requested_warmup_s"":2.0,""sink"":""fs"",""source_order"":""cyclic"",""storage_type"":""nfs"",""study_id"":""reef-l40-final-confirmation-3704091"",""timing_policy"":""coverage-qualified-through-final-close-v2"",""worker_threads"":4}",,,,,,,,,,,
reef-l40-final-confirmation-3704091/execution-0201,/mnt/main0/home/nclack/tmp/2026-09-07-chucky-microscopy-pr/worktree/build-microscopy-confirmation-3rounds-20260916/run-3704091/confirmation/study.json,#/records/200,reef-l40-final-confirmation-3704091,retained_study,complete,partially_selected_in_current_report,execution-0201,e2a47905f25a33f3,201,sample,3,3,group-008,2026-09-16T05:26:38.481436+00:00,pass,,1,1,,0.0,true,,true,,true,microscopy,recorded_image_replay,,Chucky,06fc280b28109cb0997ecf1a5373a3c867600aa1,ed084d68cf1af1916ca4551825a4f7b70caefddd,cfc8dfa2fbe670ed6a6490f3086d984814b414958c964e12e9f9aafa596dbe4c,reef-l40,cw-us-e4a2-l40-202-189,8,NVIDIA L40,gpu,4,,32,4,0,fs,/mnt/main0/home/nclack/tmp/2026-09-07-chucky-microscopy-pr/worktree/build-microscopy-confirmation-3rounds-20260916/run-3704091/sink,nfs,16,/mnt/main0/home/nclack/tmp/2026-09-07-chucky-microscopy-pr/worktree/build-microscopy-confirmation-3rounds-20260916/run-3704091/confirmation/study.json#/storage,"rw,noatime,vers=3,rsize=1048576,wsize=1048576,namlen=255,hard,noacl,forcerdirplus,proto=tcp,nconnect=16,timeo=600,retrans=2,sec=sys,mountaddr=172.31.226.61,mountvers=3,mountport=20048,mountproto=udp,lookupcache=pos,local_lock=none,remoteports=172.31.226.1-172.31.226.255,addr=172.31.226.84",raw_pack_cyclic_streaming_replay,raw_predecoded_planes,false,false,whole_raw_pack_preloaded_and_zero_padded_before_timing,bbbc022-mito,1,1eff677d3f7d6785bdc8e65079613d6ba2c801a19f33503517a12b8df54affc7,9a1600226d3f39e0c12979cea688dcc56740c3aa,8acabd8ba3f3d090aef4cd78c2c34bd5a35a04e6c5febdbb863fea395b7e7aff,u16,"[47472,520,696]","[47469,520,696]","[4,32,64]",16384,"[4096,4,4]","[16384,128,256]",1073741824,uncompressed_full_geometry,536870912,1073741824,native_layout_policy_in_study_metadata,16,recorded_command,15,,none,0,false,none,,,,16,11581440,12255232,8,47472,2967,0,34362132480,36361273344,36361273344,36424433664,physical_sink_writes,,,,36361273344,0,36361273344,0,0.9433813795699926,0.9982659903354263,4.921679692002685,false,5.208016128705805,5.217062565615268,coverage-qualified-through-final-close-v2,6.502298144,3.0,32.0,6.3901458,0.112152344,0.01724810851736915,9.189860037062317,2.0,2.074729826,11930468352,11930468352,0.066240238,0.008931950693189144,0.008929251693189144,0.14870178699493408,0.19874298572540283,sufficient,177,539,3,765952,67108864,67403776,22,,,723533824,114311168,false,547356672,538320878,538219568,547356672,"[""/mnt/main0/home/nclack/tmp/2026-09-07-chucky-microscopy-pr/worktree/build-microscopy-fs-pareto-20260914/native/bench/bench_stream_microscopy"",""--input"",""/mnt/main0/home/nclack/src/chucky/.git/worktrees/worktree/modules/microscopy/annex/objects/74/px/SHA256-s11581440--1eff677d3f7d6785bdc8e65079613d6ba2c801a19f33503517a12b8df54affc7/SHA256-s11581440--1eff677d3f7d6785bdc8e65079613d6ba2c801a19f33503517a12b8df54affc7"",""--width"",""696"",""--height"",""520"",""--dtype"",""u16"",""--frames"",""47469"",""--warmup"",""2.0"",""--duration"",""3.0"",""--backend"",""gpu"",""--chunk-bytes"",""16K"",""--batch-bytes"",""64M"",""--concurrent-shards"",""16"",""--max-threads"",""4"",""--json"",""--codec"",""none"",""--codec-level"",""0"",""--chunk-depth"",""4"",""--max-attempts"",""1"",""-o"",""/mnt/main0/home/nclack/tmp/2026-09-07-chucky-microscopy-pr/worktree/build-microscopy-confirmation-3rounds-20260916/run-3704091/sink/chucky_io_egftshc4""]","{""duration_s"":3.0,""min_gib"":32.0,""warmup_s"":2.0}",,15f36c0c355c6df9491c,"{""allocated_cpus"":8,""arrival_bytes_per_s"":null,""backend"":""gpu"",""chunk_depth"":4,""completion_pause_ms"":null,""data_issue"":null,""dataset_version"":1,""dtype"":""u16"",""hostname"":""cw-us-e4a2-l40-202-189"",""input_id"":""bbbc022-mito"",""input_sha256"":""1eff677d3f7d6785bdc8e65079613d6ba2c801a19f33503517a12b8df54affc7"",""io_workers"":32,""logical_spatial_shape"":[520,696],""memory_budget_bytes"":0,""minimum_logical_gib"":32.0,""nconnect"":16,""output_buffers"":4,""requested_duration_s"":3.0,""requested_warmup_s"":2.0,""sink"":""fs"",""source_order"":""cyclic"",""storage_type"":""nfs"",""study_id"":""reef-l40-final-confirmation-3704091"",""timing_policy"":""coverage-qualified-through-final-close-v2"",""worker_threads"":4}",,,,,,,,,,,
reef-l40-final-confirmation-3704091/execution-0066,/mnt/main0/home/nclack/tmp/2026-09-07-chucky-microscopy-pr/worktree/build-microscopy-confirmation-3rounds-20260916/run-3704091/confirmation/study.json,#/records/65,reef-l40-final-confirmation-3704091,retained_study,complete,partially_selected_in_current_report,execution-0066,faba1d726dd769ab,66,sample,1,1,group-008,2026-09-16T04:34:49.526138+00:00,pass,,1,1,,0.0,true,,true,,true,microscopy,recorded_image_replay,,Chucky,06fc280b28109cb0997ecf1a5373a3c867600aa1,ed084d68cf1af1916ca4551825a4f7b70caefddd,cfc8dfa2fbe670ed6a6490f3086d984814b414958c964e12e9f9aafa596dbe4c,reef-l40,cw-us-e4a2-l40-202-189,8,NVIDIA L40,gpu,4,,32,4,0,fs,/mnt/main0/home/nclack/tmp/2026-09-07-chucky-microscopy-pr/worktree/build-microscopy-confirmation-3rounds-20260916/run-3704091/sink,nfs,16,/mnt/main0/home/nclack/tmp/2026-09-07-chucky-microscopy-pr/worktree/build-microscopy-confirmation-3rounds-20260916/run-3704091/confirmation/study.json#/storage,"rw,noatime,vers=3,rsize=1048576,wsize=1048576,namlen=255,hard,noacl,forcerdirplus,proto=tcp,nconnect=16,timeo=600,retrans=2,sec=sys,mountaddr=172.31.226.61,mountvers=3,mountport=20048,mountproto=udp,lookupcache=pos,local_lock=none,remoteports=172.31.226.1-172.31.226.255,addr=172.31.226.84",raw_pack_cyclic_streaming_replay,raw_predecoded_planes,false,false,whole_raw_pack_preloaded_and_zero_padded_before_timing,bbbc022-mito,1,1eff677d3f7d6785bdc8e65079613d6ba2c801a19f33503517a12b8df54affc7,9a1600226d3f39e0c12979cea688dcc56740c3aa,8acabd8ba3f3d090aef4cd78c2c34bd5a35a04e6c5febdbb863fea395b7e7aff,u16,"[47470,520,696]","[47469,520,696]","[4,64,128]",65536,"[4096,2,2]","[16384,128,256]",1073741824,uncompressed_full_geometry,536870912,1073741824,native_layout_policy_in_study_metadata,16,recorded_command,15,,blosc-zstd,3,true,bit,65536,,65536,16,11581440,14155776,0,47470,2966,14,34360684800,41998417920,42000187392,18018639872,physical_sink_writes,,,,17984660804,18101236,17984660804,11403280,1.906952191957322,2.330929953112945,4.192151342613172,false,5.123987602457845,2.198351554412091,coverage-qualified-through-final-close-v2,7.633522291,3.0,32.0,7.533389301000001,0.10013299,0.013117534236856531,10.536547895986587,2.0,2.0493045530000003,10758389760,4611604480,0.048911567,0.01240587180388403,0.01239932980388403,0.14166289567947388,0.31223300099372864,sufficient,160,624,3,884736,67108864,67239936,19,,,759189504,117448704,false,2079653888,1608442811,537513648,2079653888,"[""/mnt/main0/home/nclack/tmp/2026-09-07-chucky-microscopy-pr/worktree/build-microscopy-fs-pareto-20260914/native/bench/bench_stream_microscopy"",""--input"",""/mnt/main0/home/nclack/src/chucky/.git/worktrees/worktree/modules/microscopy/annex/objects/74/px/SHA256-s11581440--1eff677d3f7d6785bdc8e65079613d6ba2c801a19f33503517a12b8df54affc7/SHA256-s11581440--1eff677d3f7d6785bdc8e65079613d6ba2c801a19f33503517a12b8df54affc7"",""--width"",""696"",""--height"",""520"",""--dtype"",""u16"",""--frames"",""47469"",""--warmup"",""2.0"",""--duration"",""3.0"",""--backend"",""gpu"",""--chunk-bytes"",""64K"",""--batch-bytes"",""64M"",""--concurrent-shards"",""16"",""--max-threads"",""4"",""--json"",""--codec"",""blosc-zstd"",""--codec-level"",""3"",""--chunk-depth"",""4"",""--max-attempts"",""1"",""--shuffle"",""bit"",""--blosc-block-bytes"",""65536"",""-o"",""/mnt/main0/home/nclack/tmp/2026-09-07-chucky-microscopy-pr/worktree/build-microscopy-confirmation-3rounds-20260916/run-3704091/sink/chucky_io_4qdcjcbr""]","{""duration_s"":3.0,""min_gib"":32.0,""warmup_s"":2.0}",,15f36c0c355c6df9491c,"{""allocated_cpus"":8,""arrival_bytes_per_s"":null,""backend"":""gpu"",""chunk_depth"":4,""completion_pause_ms"":null,""data_issue"":null,""dataset_version"":1,""dtype"":""u16"",""hostname"":""cw-us-e4a2-l40-202-189"",""input_id"":""bbbc022-mito"",""input_sha256"":""1eff677d3f7d6785bdc8e65079613d6ba2c801a19f33503517a12b8df54affc7"",""io_workers"":32,""logical_spatial_shape"":[520,696],""memory_budget_bytes"":0,""minimum_logical_gib"":32.0,""nconnect"":16,""output_buffers"":4,""requested_duration_s"":3.0,""requested_warmup_s"":2.0,""sink"":""fs"",""source_order"":""cyclic"",""storage_type"":""nfs"",""study_id"":""reef-l40-final-confirmation-3704091"",""timing_policy"":""coverage-qualified-through-final-close-v2"",""worker_threads"":4}",,,,,,,,,,,
reef-l40-final-confirmation-3704091/execution-0123,/mnt/main0/home/nclack/tmp/2026-09-07-chucky-microscopy-pr/worktree/build-microscopy-confirmation-3rounds-20260916/run-3704091/confirmation/study.json,#/records/122,reef-l40-final-confirmation-3704091,retained_study,complete,partially_selected_in_current_report,execution-0123,faba1d726dd769ab,123,sample,2,2,group-008,2026-09-16T04:58:50.258947+00:00,pass,,1,1,,0.0,true,,true,,true,microscopy,recorded_image_replay,,Chucky,06fc280b28109cb0997ecf1a5373a3c867600aa1,ed084d68cf1af1916ca4551825a4f7b70caefddd,cfc8dfa2fbe670ed6a6490f3086d984814b414958c964e12e9f9aafa596dbe4c,reef-l40,cw-us-e4a2-l40-202-189,8,NVIDIA L40,gpu,4,,32,4,0,fs,/mnt/main0/home/nclack/tmp/2026-09-07-chucky-microscopy-pr/worktree/build-microscopy-confirmation-3rounds-20260916/run-3704091/sink,nfs,16,/mnt/main0/home/nclack/tmp/2026-09-07-chucky-microscopy-pr/worktree/build-microscopy-confirmation-3rounds-20260916/run-3704091/confirmation/study.json#/storage,"rw,noatime,vers=3,rsize=1048576,wsize=1048576,namlen=255,hard,noacl,forcerdirplus,proto=tcp,nconnect=16,timeo=600,retrans=2,sec=sys,mountaddr=172.31.226.61,mountvers=3,mountport=20048,mountproto=udp,lookupcache=pos,local_lock=none,remoteports=172.31.226.1-172.31.226.255,addr=172.31.226.84",raw_pack_cyclic_streaming_replay,raw_predecoded_planes,false,false,whole_raw_pack_preloaded_and_zero_padded_before_timing,bbbc022-mito,1,1eff677d3f7d6785bdc8e65079613d6ba2c801a19f33503517a12b8df54affc7,9a1600226d3f39e0c12979cea688dcc56740c3aa,8acabd8ba3f3d090aef4cd78c2c34bd5a35a04e6c5febdbb863fea395b7e7aff,u16,"[47470,520,696]","[47469,520,696]","[4,64,128]",65536,"[4096,2,2]","[16384,128,256]",1073741824,uncompressed_full_geometry,536870912,1073741824,native_layout_policy_in_study_metadata,16,recorded_command,15,,blosc-zstd,3,true,bit,65536,,65536,16,11581440,14155776,0,47470,2966,14,34360684800,41998417920,42000187392,18018639872,physical_sink_writes,,,,17984660804,18101236,17984660804,11403280,1.906952191957322,2.330929953112945,4.171846968917442,false,5.09916998470339,2.187704017220326,coverage-qualified-through-final-close-v2,7.6706748870000006,3.0,32.0,7.565501876000001,0.10517301100000001,0.013711050533277543,10.471413786988705,2.0,2.0365348770000002,10758389760,4611604480,0.033158455,0.008376874662877083,0.008374573662877083,0.1450510025024414,0.24826854467391968,sufficient,160,624,3,884736,67108864,67239936,19,,,759169024,117440512,false,2079653888,1608442811,537513648,2079653888,"[""/mnt/main0/home/nclack/tmp/2026-09-07-chucky-microscopy-pr/worktree/build-microscopy-fs-pareto-20260914/native/bench/bench_stream_microscopy"",""--input"",""/mnt/main0/home/nclack/src/chucky/.git/worktrees/worktree/modules/microscopy/annex/objects/74/px/SHA256-s11581440--1eff677d3f7d6785bdc8e65079613d6ba2c801a19f33503517a12b8df54affc7/SHA256-s11581440--1eff677d3f7d6785bdc8e65079613d6ba2c801a19f33503517a12b8df54affc7"",""--width"",""696"",""--height"",""520"",""--dtype"",""u16"",""--frames"",""47469"",""--warmup"",""2.0"",""--duration"",""3.0"",""--backend"",""gpu"",""--chunk-bytes"",""64K"",""--batch-bytes"",""64M"",""--concurrent-shards"",""16"",""--max-threads"",""4"",""--json"",""--codec"",""blosc-zstd"",""--codec-level"",""3"",""--chunk-depth"",""4"",""--max-attempts"",""1"",""--shuffle"",""bit"",""--blosc-block-bytes"",""65536"",""-o"",""/mnt/main0/home/nclack/tmp/2026-09-07-chucky-microscopy-pr/worktree/build-microscopy-confirmation-3rounds-20260916/run-3704091/sink/chucky_io_7p67dzf6""]","{""duration_s"":3.0,""min_gib"":32.0,""warmup_s"":2.0}",,15f36c0c355c6df9491c,"{""allocated_cpus"":8,""arrival_bytes_per_s"":null,""backend"":""gpu"",""chunk_depth"":4,""completion_pause_ms"":null,""data_issue"":null,""dataset_version"":1,""dtype"":""u16"",""hostname"":""cw-us-e4a2-l40-202-189"",""input_id"":""bbbc022-mito"",""input_sha256"":""1eff677d3f7d6785bdc8e65079613d6ba2c801a19f33503517a12b8df54affc7"",""io_workers"":32,""logical_spatial_shape"":[520,696],""memory_budget_bytes"":0,""minimum_logical_gib"":32.0,""nconnect"":16,""output_buffers"":4,""requested_duration_s"":3.0,""requested_warmup_s"":2.0,""sink"":""fs"",""source_order"":""cyclic"",""storage_type"":""nfs"",""study_id"":""reef-l40-final-confirmation-3704091"",""timing_policy"":""coverage-qualified-through-final-close-v2"",""worker_threads"":4}",,,,,,,,,,,
reef-l40-final-confirmation-3704091/execution-0255,/mnt/main0/home/nclack/tmp/2026-09-07-chucky-microscopy-pr/worktree/build-microscopy-confirmation-3rounds-20260916/run-3704091/confirmation/study.json,#/records/254,reef-l40-final-confirmation-3704091,retained_study,complete,partially_selected_in_current_report,execution-0255,faba1d726dd769ab,255,sample,3,3,group-008,2026-09-16T05:45:33.137510+00:00,pass,,1,1,,0.0,true,,true,,true,microscopy,recorded_image_replay,,Chucky,06fc280b28109cb0997ecf1a5373a3c867600aa1,ed084d68cf1af1916ca4551825a4f7b70caefddd,cfc8dfa2fbe670ed6a6490f3086d984814b414958c964e12e9f9aafa596dbe4c,reef-l40,cw-us-e4a2-l40-202-189,8,NVIDIA L40,gpu,4,,32,4,0,fs,/mnt/main0/home/nclack/tmp/2026-09-07-chucky-microscopy-pr/worktree/build-microscopy-confirmation-3rounds-20260916/run-3704091/sink,nfs,16,/mnt/main0/home/nclack/tmp/2026-09-07-chucky-microscopy-pr/worktree/build-microscopy-confirmation-3rounds-20260916/run-3704091/confirmation/study.json#/storage,"rw,noatime,vers=3,rsize=1048576,wsize=1048576,namlen=255,hard,noacl,forcerdirplus,proto=tcp,nconnect=16,timeo=600,retrans=2,sec=sys,mountaddr=172.31.226.61,mountvers=3,mountport=20048,mountproto=udp,lookupcache=pos,local_lock=none,remoteports=172.31.226.1-172.31.226.255,addr=172.31.226.84",raw_pack_cyclic_streaming_replay,raw_predecoded_planes,false,false,whole_raw_pack_preloaded_and_zero_padded_before_timing,bbbc022-mito,1,1eff677d3f7d6785bdc8e65079613d6ba2c801a19f33503517a12b8df54affc7,9a1600226d3f39e0c12979cea688dcc56740c3aa,8acabd8ba3f3d090aef4cd78c2c34bd5a35a04e6c5febdbb863fea395b7e7aff,u16,"[47470,520,696]","[47469,520,696]","[4,64,128]",65536,"[4096,2,2]","[16384,128,256]",1073741824,uncompressed_full_geometry,536870912,1073741824,native_layout_policy_in_study_metadata,16,recorded_command,15,,blosc-zstd,3,true,bit,65536,,65536,16,11581440,14155776,0,47470,2966,14,34360684800,41998417920,42000187392,18018639872,physical_sink_writes,,,,17984660804,18101236,17984660804,11403280,1.906952191957322,2.330929953112945,4.198813707361538,false,5.132130774855887,2.2018452310342775,coverage-qualified-through-final-close-v2,7.621410375,3.0,32.0,7.565052596,0.056357779000000004,0.007394665321377607,10.442851179977879,2.0,2.0394092290000003,10758389760,4611604480,0.031759565000000003,0.008306711394588948,0.008304481394588947,0.17034786939620972,0.2661977708339691,sufficient,160,624,3,884736,67108864,67239936,19,,,754987008,117452800,false,2079653888,1608442811,537513648,2079653888,"[""/mnt/main0/home/nclack/tmp/2026-09-07-chucky-microscopy-pr/worktree/build-microscopy-fs-pareto-20260914/native/bench/bench_stream_microscopy"",""--input"",""/mnt/main0/home/nclack/src/chucky/.git/worktrees/worktree/modules/microscopy/annex/objects/74/px/SHA256-s11581440--1eff677d3f7d6785bdc8e65079613d6ba2c801a19f33503517a12b8df54affc7/SHA256-s11581440--1eff677d3f7d6785bdc8e65079613d6ba2c801a19f33503517a12b8df54affc7"",""--width"",""696"",""--height"",""520"",""--dtype"",""u16"",""--frames"",""47469"",""--warmup"",""2.0"",""--duration"",""3.0"",""--backend"",""gpu"",""--chunk-bytes"",""64K"",""--batch-bytes"",""64M"",""--concurrent-shards"",""16"",""--max-threads"",""4"",""--json"",""--codec"",""blosc-zstd"",""--codec-level"",""3"",""--chunk-depth"",""4"",""--max-attempts"",""1"",""--shuffle"",""bit"",""--blosc-block-bytes"",""65536"",""-o"",""/mnt/main0/home/nclack/tmp/2026-09-07-chucky-microscopy-pr/worktree/build-microscopy-confirmation-3rounds-20260916/run-3704091/sink/chucky_io_vn_db9bq""]","{""duration_s"":3.0,""min_gib"":32.0,""warmup_s"":2.0}",,15f36c0c355c6df9491c,"{""allocated_cpus"":8,""arrival_bytes_per_s"":null,""backend"":""gpu"",""chunk_depth"":4,""completion_pause_ms"":null,""data_issue"":null,""dataset_version"":1,""dtype"":""u16"",""hostname"":""cw-us-e4a2-l40-202-189"",""input_id"":""bbbc022-mito"",""input_sha256"":""1eff677d3f7d6785bdc8e65079613d6ba2c801a19f33503517a12b8df54affc7"",""io_workers"":32,""logical_spatial_shape"":[520,696],""memory_budget_bytes"":0,""minimum_logical_gib"":32.0,""nconnect"":16,""output_buffers"":4,""requested_duration_s"":3.0,""requested_warmup_s"":2.0,""sink"":""fs"",""source_order"":""cyclic"",""storage_type"":""nfs"",""study_id"":""reef-l40-final-confirmation-3704091"",""timing_policy"":""coverage-qualified-through-final-close-v2"",""worker_threads"":4}",,,,,,,,,,,
